,trace_id,amount,prefix_1,Unnamed: 0_1,event_nr_1,hour_1,lifecycle:transition_1,month_1,org:resource_1,queue_1,relative_timestamp_from_previous_activity_1,relative_timestamp_from_start_1,start:timestamp_1,time:timestamp_1,timesincecasestart_1,timesincelastevent_1,timesincemidnight_1,weekday_1,prefix_2,Unnamed: 0_2,event_nr_2,hour_2,lifecycle:transition_2,month_2,org:resource_2,queue_2,relative_timestamp_from_previous_activity_2,relative_timestamp_from_start_2,start:timestamp_2,time:timestamp_2,timesincecasestart_2,timesincelastevent_2,timesincemidnight_2,weekday_2,prefix_3,Unnamed: 0_3,event_nr_3,hour_3,lifecycle:transition_3,month_3,org:resource_3,queue_3,relative_timestamp_from_previous_activity_3,relative_timestamp_from_start_3,start:timestamp_3,time:timestamp_3,timesincecasestart_3,timesincelastevent_3,timesincemidnight_3,weekday_3,prefix_4,Unnamed: 0_4,event_nr_4,hour_4,lifecycle:transition_4,month_4,org:resource_4,queue_4,relative_timestamp_from_previous_activity_4,relative_timestamp_from_start_4,start:timestamp_4,time:timestamp_4,timesincecasestart_4,timesincelastevent_4,timesincemidnight_4,weekday_4,prefix_5,Unnamed: 0_5,event_nr_5,hour_5,lifecycle:transition_5,month_5,org:resource_5,queue_5,relative_timestamp_from_previous_activity_5,relative_timestamp_from_start_5,start:timestamp_5,time:timestamp_5,timesincecasestart_5,timesincelastevent_5,timesincemidnight_5,weekday_5,prefix_6,Unnamed: 0_6,event_nr_6,hour_6,lifecycle:transition_6,month_6,org:resource_6,queue_6,relative_timestamp_from_previous_activity_6,relative_timestamp_from_start_6,start:timestamp_6,time:timestamp_6,timesincecasestart_6,timesincelastevent_6,timesincemidnight_6,weekday_6,prefix_7,Unnamed: 0_7,event_nr_7,hour_7,lifecycle:transition_7,month_7,org:resource_7,queue_7,relative_timestamp_from_previous_activity_7,relative_timestamp_from_start_7,start:timestamp_7,time:timestamp_7,timesincecasestart_7,timesincelastevent_7,timesincemidnight_7,weekday_7,prefix_8,Unnamed: 0_8,event_nr_8,hour_8,lifecycle:transition_8,month_8,org:resource_8,queue_8,relative_timestamp_from_previous_activity_8,relative_timestamp_from_start_8,start:timestamp_8,time:timestamp_8,timesincecasestart_8,timesincelastevent_8,timesincemidnight_8,weekday_8,prefix_9,Unnamed: 0_9,event_nr_9,hour_9,lifecycle:transition_9,month_9,org:resource_9,queue_9,relative_timestamp_from_previous_activity_9,relative_timestamp_from_start_9,start:timestamp_9,time:timestamp_9,timesincecasestart_9,timesincelastevent_9,timesincemidnight_9,weekday_9,prefix_10,Unnamed: 0_10,event_nr_10,hour_10,lifecycle:transition_10,month_10,org:resource_10,queue_10,relative_timestamp_from_previous_activity_10,relative_timestamp_from_start_10,start:timestamp_10,time:timestamp_10,timesincecasestart_10,timesincelastevent_10,timesincemidnight_10,weekday_10,prefix_11,Unnamed: 0_11,event_nr_11,hour_11,lifecycle:transition_11,month_11,org:resource_11,queue_11,relative_timestamp_from_previous_activity_11,relative_timestamp_from_start_11,start:timestamp_11,time:timestamp_11,timesincecasestart_11,timesincelastevent_11,timesincemidnight_11,weekday_11,prefix_12,Unnamed: 0_12,event_nr_12,hour_12,lifecycle:transition_12,month_12,org:resource_12,queue_12,relative_timestamp_from_previous_activity_12,relative_timestamp_from_start_12,start:timestamp_12,time:timestamp_12,timesincecasestart_12,timesincelastevent_12,timesincemidnight_12,weekday_12,prefix_13,Unnamed: 0_13,event_nr_13,hour_13,lifecycle:transition_13,month_13,org:resource_13,queue_13,relative_timestamp_from_previous_activity_13,relative_timestamp_from_start_13,start:timestamp_13,time:timestamp_13,timesincecasestart_13,timesincelastevent_13,timesincemidnight_13,weekday_13,prefix_14,Unnamed: 0_14,event_nr_14,hour_14,lifecycle:transition_14,month_14,org:resource_14,queue_14,relative_timestamp_from_previous_activity_14,relative_timestamp_from_start_14,start:timestamp_14,time:timestamp_14,timesincecasestart_14,timesincelastevent_14,timesincemidnight_14,weekday_14,prefix_15,Unnamed: 0_15,event_nr_15,hour_15,lifecycle:transition_15,month_15,org:resource_15,queue_15,relative_timestamp_from_previous_activity_15,relative_timestamp_from_start_15,start:timestamp_15,time:timestamp_15,timesincecasestart_15,timesincelastevent_15,timesincemidnight_15,weekday_15,prefix_16,Unnamed: 0_16,event_nr_16,hour_16,lifecycle:transition_16,month_16,org:resource_16,queue_16,relative_timestamp_from_previous_activity_16,relative_timestamp_from_start_16,start:timestamp_16,time:timestamp_16,timesincecasestart_16,timesincelastevent_16,timesincemidnight_16,weekday_16,prefix_17,Unnamed: 0_17,event_nr_17,hour_17,lifecycle:transition_17,month_17,org:resource_17,queue_17,relative_timestamp_from_previous_activity_17,relative_timestamp_from_start_17,start:timestamp_17,time:timestamp_17,timesincecasestart_17,timesincelastevent_17,timesincemidnight_17,weekday_17,prefix_18,Unnamed: 0_18,event_nr_18,hour_18,lifecycle:transition_18,month_18,org:resource_18,queue_18,relative_timestamp_from_previous_activity_18,relative_timestamp_from_start_18,start:timestamp_18,time:timestamp_18,timesincecasestart_18,timesincelastevent_18,timesincemidnight_18,weekday_18,prefix_19,Unnamed: 0_19,event_nr_19,hour_19,lifecycle:transition_19,month_19,org:resource_19,queue_19,relative_timestamp_from_previous_activity_19,relative_timestamp_from_start_19,start:timestamp_19,time:timestamp_19,timesincecasestart_19,timesincelastevent_19,timesincemidnight_19,weekday_19,prefix_20,Unnamed: 0_20,event_nr_20,hour_20,lifecycle:transition_20,month_20,org:resource_20,queue_20,relative_timestamp_from_previous_activity_20,relative_timestamp_from_start_20,start:timestamp_20,time:timestamp_20,timesincecasestart_20,timesincelastevent_20,timesincemidnight_20,weekday_20,label
0,GEN0,19145.30859375,A_SUBMITTED,,,,,,E,,,159804.796875,,1667600998.0,,,,,A_PARTLYSUBMITTED,,,,,,E,,,159804.796875,,1667601771.0,,,,,W_Fix_incomplete_submission,,,,,,A,,,159804.796875,,1667830812.0,,,,,O_DECLINED,,,,,,C,,,159804.796875,,1667840893.0,,,,,W_Complete_preaccepted_appl,,,,,,E,,,159804.796875,,1667917527.0,,,,,A_DECLINED,,,,,,E,,,159804.796875,,1667917527.0,,,,,0,,,,,,0,,,49805.12109375,,1661454440.0,,,,,0,,,,,,0,,,49805.12109375,,1661616410.0,,,,,0,,,,,,0,,,49805.12109375,,1661719985.0,,,,,0,,,,,,0,,,49805.12109375,,1661719985.0,,,,,0,,,,,,0,,,49805.12109375,,1661719985.0,,,,,0,,,,,,0,,,49805.12109375,,1661719985.0,,,,,0,,,,,,0,,,49805.12109375,,1661719985.0,,,,,0,,,,,,0,,,49805.12109375,,1661722831.0,,,,,0,,,,,,0,,,49805.12109375,,1661741263.0,,,,,0,,,,,,0,,,49805.12109375,,1661757591.0,,,,,0,,,,,,0,,,49805.12109375,,1661806399.9999998,,,,,0,,,,,,0,,,49805.12109375,,1661902904.0,,,,,0,,,,,,0,,,49805.12109375,,1662023352.0,,,,,0,,,,,,0,,,49805.12109375,,1662146808.0,,,,,deviant
1,GEN1,19307.859375,A_SUBMITTED,,,,,,E,,,138944.5625,,1666347934.0,,,,,A_PARTLYSUBMITTED,,,,,,E,,,138944.5625,,1666351897.0,,,,,W_Assess_fraud,,,,,,A,,,138944.5625,,1666541740.0,,,,,A_PREACCEPTED,,,,,,E,,,138944.5625,,1666581806.0,,,,,W_Complete_preaccepted_appl,,,,,,A,,,138944.5625,,1666875531.0,,,,,W_Complete_preaccepted_appl,,,,,,A,,,138944.5625,,1667214160.0,,,,,A_ACCEPTED,,,,,,E,,,138944.5625,,1667285334.0,,,,,A_FINALIZED,,,,,,E,,,138944.5625,,1667290867.0,,,,,O_SELECTED,,,,,,C,,,138944.5625,,1667298540.0,,,,,O_CREATED,,,,,,C,,,138944.5625,,1667309023.0,,,,,O_SENT,,,,,,C,,,138944.5625,,1667319425.0,,,,,O_SELECTED,,,,,,C,,,138944.5625,,1667376439.0,,,,,O_CREATED,,,,,,C,,,138944.5625,,1667417233.9999998,,,,,O_SENT,,,,,,C,,,138944.5625,,1667432272.9999998,,,,,O_SELECTED,,,,,,C,,,138944.5625,,1667530725.0,,,,,O_CREATED,,,,,,C,,,138944.5625,,1667607653.0,,,,,O_SENT,,,,,,C,,,138944.5625,,1667676107.0,,,,,O_SENT,,,,,,C,,,138944.5625,,1667798984.0,,,,,W_Call_after_offer,,,,,,C,,,138944.5625,,1667950811.0,,,,,W_Call_after_offer,,,,,,A,,,138944.5625,,1668073567.0,,,,,deviant
2,GEN2,25282.515625,A_SUBMITTED,,,,,,E,,,112696.28125,,1664778722.0,,,,,A_PARTLYSUBMITTED,,,,,,E,,,112696.28125,,1664784631.0,,,,,W_Assess_fraud,,,,,,A,,,112696.28125,,1664928169.0,,,,,A_PREACCEPTED,,,,,,E,,,112696.28125,,1664945660.0,,,,,W_Complete_preaccepted_appl,,,,,,A,,,112696.28125,,1665107986.0,,,,,W_Complete_preaccepted_appl,,,,,,A,,,112696.28125,,1665279657.0,,,,,W_Complete_preaccepted_appl,,,,,,A,,,112696.28125,,1665455070.0,,,,,W_Complete_preaccepted_appl,,,,,,A,,,112696.28125,,1665635690.0,,,,,W_Complete_preaccepted_appl,,,,,,A,,,112696.28125,,1665830887.0,,,,,A_ACCEPTED,,,,,,D,,,112696.28125,,1665848036.0,,,,,A_FINALIZED,,,,,,E,,,112696.28125,,1665853282.0,,,,,O_SELECTED,,,,,,C,,,112696.28125,,1665858195.0,,,,,O_CREATED,,,,,,C,,,112696.28125,,1665871400.0,,,,,O_SENT,,,,,,C,,,112696.28125,,1665882787.0,,,,,W_Call_after_offer,,,,,,A,,,112696.28125,,1666029075.0,,,,,W_Call_after_offer,,,,,,A,,,112696.28125,,1666254206.0,,,,,W_Call_after_offer,,,,,,A,,,112696.28125,,1666442490.0000002,,,,,W_Call_after_offer,,,,,,A,,,112696.28125,,1666647174.0,,,,,W_Call_after_offer,,,,,,A,,,112696.28125,,1666819876.9999998,,,,,W_Call_after_offer,,,,,,C,,,112696.28125,,1666830119.9999998,,,,,deviant
3,GEN3,18175.544921875,A_SUBMITTED,,,,,,E,,,96419.2890625,,1663797220.0,,,,,A_PARTLYSUBMITTED,,,,,,E,,,96419.2890625,,1663801926.0,,,,,W_Assess_fraud,,,,,,A,,,96419.2890625,,1663961518.0,,,,,A_PREACCEPTED,,,,,,E,,,96419.2890625,,1663974439.0,,,,,W_Complete_preaccepted_appl,,,,,,A,,,96419.2890625,,1664161372.0,,,,,W_Complete_preaccepted_appl,,,,,,A,,,96419.2890625,,1664368673.0,,,,,A_ACCEPTED,,,,,,D,,,96419.2890625,,1664377688.0,,,,,A_FINALIZED,,,,,,D,,,96419.2890625,,1664381064.0,,,,,O_SELECTED,,,,,,C,,,96419.2890625,,1664387080.0000002,,,,,O_CREATED,,,,,,C,,,96419.2890625,,1664394111.0,,,,,O_SENT,,,,,,C,,,96419.2890625,,1664402700.0,,,,,W_Call_after_offer,,,,,,A,,,96419.2890625,,1664480054.9999998,,,,,W_Call_after_offer,,,,,,A,,,96419.2890625,,1664569686.0,,,,,W_Call_after_offer,,,,,,A,,,96419.2890625,,1664737103.0,,,,,W_Call_after_offer,,,,,,A,,,96419.2890625,,1664977943.0,,,,,W_Call_after_offer,,,,,,A,,,96419.2890625,,1665164447.0,,,,,O_SENT_BACK,,,,,,C,,,96419.2890625,,1665281035.0,,,,,W_Assess_application,,,,,,A,,,96419.2890625,,1665456350.0,,,,,W_Assess_application,,,,,,A,,,96419.2890625,,1665682214.0,,,,,W_Assess_application,,,,,,A,,,96419.2890625,,1665914488.0,,,,,deviant
4,GEN4,15844.0654296875,A_SUBMITTED,,,,,,D,,,107945.5234375,,1664488101.0,,,,,A_PARTLYSUBMITTED,,,,,,D,,,107945.5234375,,1664494945.0,,,,,W_Assess_fraud,,,,,,A,,,107945.5234375,,1664623984.0,,,,,A_PREACCEPTED,,,,,,D,,,107945.5234375,,1664640522.0000002,,,,,W_Complete_preaccepted_appl,,,,,,A,,,107945.5234375,,1664801566.0,,,,,W_Complete_preaccepted_appl,,,,,,A,,,107945.5234375,,1664945172.0,,,,,W_Complete_preaccepted_appl,,,,,,A,,,107945.5234375,,1665092445.0,,,,,W_Complete_preaccepted_appl,,,,,,A,,,107945.5234375,,1665255119.0,,,,,W_Complete_preaccepted_appl,,,,,,A,,,107945.5234375,,1665424280.0,,,,,W_Complete_preaccepted_appl,,,,,,A,,,107945.5234375,,1665592258.0,,,,,W_Complete_preaccepted_appl,,,,,,A,,,107945.5234375,,1665773486.9999998,,,,,W_Complete_preaccepted_appl,,,,,,A,,,107945.5234375,,1665968937.0,,,,,W_Complete_preaccepted_appl,,,,,,A,,,107945.5234375,,1666169494.0,,,,,A_ACCEPTED,,,,,,D,,,107945.5234375,,1666202309.0,,,,,A_FINALIZED,,,,,,D,,,107945.5234375,,1666211080.0,,,,,O_SELECTED,,,,,,C,,,107945.5234375,,1666217964.0,,,,,O_CREATED,,,,,,C,,,107945.5234375,,1666223987.0,,,,,O_SENT,,,,,,C,,,107945.5234375,,1666232181.0,,,,,W_Call_after_offer,,,,,,A,,,107945.5234375,,1666298846.0,,,,,W_Call_after_offer,,,,,,A,,,107945.5234375,,1666331140.0,,,,,deviant
5,GEN5,21537.888671875,A_SUBMITTED,,,,,,E,,,120485.1640625,,1665240370.0,,,,,A_PARTLYSUBMITTED,,,,,,E,,,120485.1640625,,1665246721.0,,,,,W_Assess_fraud,,,,,,A,,,120485.1640625,,1665410350.0,,,,,A_PREACCEPTED,,,,,,E,,,120485.1640625,,1665412561.0,,,,,W_Complete_preaccepted_appl,,,,,,A,,,120485.1640625,,1665565695.0,,,,,W_Complete_preaccepted_appl,,,,,,A,,,120485.1640625,,1665763908.0,,,,,W_Complete_preaccepted_appl,,,,,,A,,,120485.1640625,,1665999016.0,,,,,W_Complete_preaccepted_appl,,,,,,A,,,120485.1640625,,1666267194.0,,,,,A_ACCEPTED,,,,,,E,,,120485.1640625,,1666271639.0,,,,,A_FINALIZED,,,,,,E,,,120485.1640625,,1666276184.0,,,,,O_SELECTED,,,,,,C,,,120485.1640625,,1666284322.0,,,,,O_CREATED,,,,,,C,,,120485.1640625,,1666293656.0,,,,,O_SENT,,,,,,C,,,120485.1640625,,1666305522.0,,,,,O_SELECTED,,,,,,C,,,120485.1640625,,1666366107.0,,,,,O_CREATED,,,,,,C,,,120485.1640625,,1666389673.0,,,,,O_SENT,,,,,,C,,,120485.1640625,,1666401770.0,,,,,O_SENT,,,,,,C,,,120485.1640625,,1666435799.0,,,,,W_Call_after_offer,,,,,,C,,,120485.1640625,,1666465302.0,,,,,W_Call_after_offer,,,,,,C,,,120485.1640625,,1666494461.9999998,,,,,W_Call_after_offer,,,,,,A,,,120485.1640625,,1666562224.0,,,,,deviant
6,GEN6,26757.220703125,A_SUBMITTED,,,,,,E,,,190578.421875,,1669447497.0,,,,,A_PARTLYSUBMITTED,,,,,,E,,,190578.421875,,1669452223.0,,,,,W_Assess_fraud,,,,,,A,,,190578.421875,,1669682883.0,,,,,A_PREACCEPTED,,,,,,E,,,190578.421875,,1669719344.0,,,,,W_Complete_preaccepted_appl,,,,,,A,,,190578.421875,,1669926044.0,,,,,W_Complete_preaccepted_appl,,,,,,A,,,190578.421875,,1670160328.0,,,,,W_Complete_preaccepted_appl,,,,,,A,,,190578.421875,,1670415220.0,,,,,W_Complete_preaccepted_appl,,,,,,A,,,190578.421875,,1670694382.0,,,,,W_Complete_preaccepted_appl,,,,,,A,,,190578.421875,,1670968998.0,,,,,W_Complete_preaccepted_appl,,,,,,A,,,190578.421875,,1671195502.0,,,,,A_ACCEPTED,,,,,,E,,,190578.421875,,1671200344.0,,,,,A_FINALIZED,,,,,,E,,,190578.421875,,1671206290.0,,,,,O_SELECTED,,,,,,C,,,190578.421875,,1671213391.0,,,,,O_CREATED,,,,,,C,,,190578.421875,,1671221774.0,,,,,O_SENT,,,,,,C,,,190578.421875,,1671233497.0,,,,,O_SELECTED,,,,,,C,,,190578.421875,,1671391036.0,,,,,O_CREATED,,,,,,C,,,190578.421875,,1671470898.9999998,,,,,O_SENT,,,,,,C,,,190578.421875,,1671491171.0,,,,,W_Call_after_offer,,,,,,A,,,190578.421875,,1671676288.0,,,,,O_SENT_BACK,,,,,,C,,,190578.421875,,1671755417.0,,,,,deviant
7,GEN7,26698.408203125,A_SUBMITTED,,,,,,E,,,168004.328125,,1668095585.0,,,,,A_PARTLYSUBMITTED,,,,,,E,,,168004.328125,,1668100728.0,,,,,W_Assess_fraud,,,,,,A,,,168004.328125,,1668335339.0,,,,,A_PREACCEPTED,,,,,,E,,,168004.328125,,1668380236.0,,,,,W_Complete_preaccepted_appl,,,,,,A,,,168004.328125,,1668524565.0,,,,,W_Complete_preaccepted_appl,,,,,,A,,,168004.328125,,1668691529.0,,,,,W_Complete_preaccepted_appl,,,,,,A,,,168004.328125,,1668925523.0,,,,,W_Complete_preaccepted_appl,,,,,,A,,,168004.328125,,1669203537.0,,,,,W_Complete_preaccepted_appl,,,,,,A,,,168004.328125,,1669485533.0,,,,,W_Complete_preaccepted_appl,,,,,,A,,,168004.328125,,1669783580.0,,,,,W_Complete_preaccepted_appl,,,,,,A,,,168004.328125,,1669958119.0,,,,,A_ACCEPTED,,,,,,E,,,168004.328125,,1669963530.0,,,,,A_FINALIZED,,,,,,D,,,168004.328125,,1669969926.0,,,,,O_SELECTED,,,,,,C,,,168004.328125,,1669976831.0,,,,,O_CREATED,,,,,,C,,,168004.328125,,1669984566.0,,,,,O_SENT,,,,,,C,,,168004.328125,,1670035662.0,,,,,W_Call_after_offer,,,,,,A,,,168004.328125,,1670291445.0,,,,,W_Call_after_offer,,,,,,A,,,168004.328125,,1670486867.0,,,,,O_SELECTED,,,,,,C,,,168004.328125,,1670594603.0,,,,,O_CREATED,,,,,,C,,,168004.328125,,1670627707.0,,,,,deviant
8,GEN8,23981.416015625,A_SUBMITTED,,,,,,E,,,115718.2109375,,1664954950.0,,,,,A_PARTLYSUBMITTED,,,,,,E,,,115718.2109375,,1664957136.0,,,,,W_Assess_fraud,,,,,,A,,,115718.2109375,,1665135819.0,,,,,A_PREACCEPTED,,,,,,D,,,115718.2109375,,1665135819.0,,,,,W_Complete_preaccepted_appl,,,,,,A,,,115718.2109375,,1665331213.0000002,,,,,A_ACCEPTED,,,,,,E,,,115718.2109375,,1665352904.0,,,,,A_FINALIZED,,,,,,E,,,115718.2109375,,1665354189.0,,,,,O_SELECTED,,,,,,C,,,115718.2109375,,1665358106.0,,,,,O_CREATED,,,,,,C,,,115718.2109375,,1665362006.0,,,,,O_SENT,,,,,,C,,,115718.2109375,,1665367880.0,,,,,O_SELECTED,,,,,,C,,,115718.2109375,,1665410505.0,,,,,O_CREATED,,,,,,C,,,115718.2109375,,1665450236.0,,,,,O_SENT,,,,,,C,,,115718.2109375,,1665487075.0,,,,,W_Call_after_offer,,,,,,A,,,115718.2109375,,1665565565.0,,,,,W_Call_after_offer,,,,,,C,,,115718.2109375,,1665665619.0,,,,,W_Call_after_offer,,,,,,C,,,115718.2109375,,1665781608.0,,,,,W_Call_after_offer,,,,,,C,,,115718.2109375,,1665874991.0,,,,,W_Call_after_offer,,,,,,A,,,115718.2109375,,1665950206.0,,,,,W_Call_after_offer,,,,,,A,,,115718.2109375,,1666060240.0,,,,,W_Call_after_offer,,,,,,A,,,115718.2109375,,1666202454.0,,,,,deviant
9,GEN9,23671.27734375,A_SUBMITTED,,,,,,E,,,121343.453125,,1665294236.0,,,,,A_PARTLYSUBMITTED,,,,,,E,,,121343.453125,,1665298184.0,,,,,W_Assess_fraud,,,,,,A,,,121343.453125,,1665457262.0,,,,,A_PREACCEPTED,,,,,,E,,,121343.453125,,1665470865.0,,,,,W_Complete_preaccepted_appl,,,,,,A,,,121343.453125,,1665681771.0,,,,,W_Complete_preaccepted_appl,,,,,,A,,,121343.453125,,1665945397.0,,,,,W_Complete_preaccepted_appl,,,,,,A,,,121343.453125,,1666224618.9999998,,,,,W_Complete_preaccepted_appl,,,,,,A,,,121343.453125,,1666504864.0,,,,,W_Complete_preaccepted_appl,,,,,,A,,,121343.453125,,1666777127.0,,,,,W_Complete_preaccepted_appl,,,,,,A,,,121343.453125,,1667037573.0,,,,,A_ACCEPTED,,,,,,E,,,121343.453125,,1667037573.0,,,,,A_FINALIZED,,,,,,E,,,121343.453125,,1667043274.0,,,,,O_SELECTED,,,,,,C,,,121343.453125,,1667058612.0,,,,,O_CREATED,,,,,,C,,,121343.453125,,1667076598.0,,,,,O_SENT,,,,,,C,,,121343.453125,,1667111725.0,,,,,W_Call_after_offer,,,,,,A,,,121343.453125,,1667381703.0,,,,,W_Call_after_offer,,,,,,A,,,121343.453125,,1667609720.0,,,,,W_Assess_application,,,,,,A,,,121343.453125,,1667864031.0,,,,,W_Call_after_offer,,,,,,A,,,121343.453125,,1668188848.0,,,,,W_Call_after_offer,,,,,,A,,,121343.453125,,1668432965.0,,,,,deviant
10,GEN10,23390.099609375,A_SUBMITTED,,,,,,E,,,123023.890625,,1665392694.0,,,,,A_PARTLYSUBMITTED,,,,,,E,,,123023.890625,,1665399457.0,,,,,W_Assess_fraud,,,,,,A,,,123023.890625,,1665554571.0,,,,,A_PREACCEPTED,,,,,,E,,,123023.890625,,1665567700.0,,,,,W_Complete_preaccepted_appl,,,,,,A,,,123023.890625,,1665733099.0,,,,,W_Complete_preaccepted_appl,,,,,,A,,,123023.890625,,1665906566.0,,,,,W_Complete_preaccepted_appl,,,,,,A,,,123023.890625,,1666054755.0,,,,,W_Complete_preaccepted_appl,,,,,,A,,,123023.890625,,1666213194.9999998,,,,,W_Complete_preaccepted_appl,,,,,,A,,,123023.890625,,1666351752.0,,,,,A_ACCEPTED,,,,,,D,,,123023.890625,,1666355855.0,,,,,A_FINALIZED,,,,,,E,,,123023.890625,,1666360930.0,,,,,O_SELECTED,,,,,,C,,,123023.890625,,1666364994.0,,,,,O_CREATED,,,,,,C,,,123023.890625,,1666372196.0000002,,,,,O_SENT,,,,,,C,,,123023.890625,,1666379215.0,,,,,W_Call_after_offer,,,,,,A,,,123023.890625,,1666526327.0,,,,,O_SENT_BACK,,,,,,A,,,123023.890625,,1666736866.0,,,,,W_Assess_application,,,,,,A,,,123023.890625,,1666936138.0,,,,,W_Call_after_offer,,,,,,A,,,123023.890625,,1667116168.0,,,,,O_SELECTED,,,,,,C,,,123023.890625,,1667299669.0,,,,,O_CREATED,,,,,,C,,,123023.890625,,1667460785.0,,,,,deviant
11,GEN11,17896.91015625,A_SUBMITTED,,,,,,E,,,130501.34375,,1665841341.0,,,,,A_PARTLYSUBMITTED,,,,,,E,,,130501.34375,,1665849967.0,,,,,W_Assess_fraud,,,,,,A,,,130501.34375,,1666034572.0,,,,,A_PREACCEPTED,,,,,,E,,,130501.34375,,1666054177.0,,,,,W_Complete_preaccepted_appl,,,,,,A,,,130501.34375,,1666246699.0,,,,,W_Complete_preaccepted_appl,,,,,,A,,,130501.34375,,1666450448.0,,,,,W_Complete_preaccepted_appl,,,,,,A,,,130501.34375,,1666678631.0,,,,,A_ACCEPTED,,,,,,D,,,130501.34375,,1666696317.0,,,,,A_FINALIZED,,,,,,E,,,130501.34375,,1666702799.0,,,,,O_SELECTED,,,,,,C,,,130501.34375,,1666707307.0,,,,,O_CREATED,,,,,,C,,,130501.34375,,1666711295.0,,,,,O_SENT,,,,,,C,,,130501.34375,,1666717484.0,,,,,W_Call_after_offer,,,,,,A,,,130501.34375,,1666920308.0,,,,,W_Call_after_offer,,,,,,A,,,130501.34375,,1667116758.0,,,,,W_Assess_application,,,,,,C,,,130501.34375,,1667246913.0,,,,,W_Assess_application,,,,,,A,,,130501.34375,,1667355017.0,,,,,O_SELECTED,,,,,,C,,,130501.34375,,1667448835.0,,,,,O_CREATED,,,,,,C,,,130501.34375,,1667532875.0,,,,,O_SENT,,,,,,C,,,130501.34375,,1667594154.0,,,,,O_SELECTED,,,,,,C,,,130501.34375,,1667623838.0,,,,,deviant
12,GEN12,15325.806640625,A_SUBMITTED,,,,,,E,,,105360.921875,,1664336888.0,,,,,A_PARTLYSUBMITTED,,,,,,E,,,105360.921875,,1664341081.0,,,,,W_Assess_fraud,,,,,,A,,,105360.921875,,1664446457.9999998,,,,,A_PREACCEPTED,,,,,,E,,,105360.921875,,1664446458.0,,,,,W_Complete_preaccepted_appl,,,,,,A,,,105360.921875,,1664537339.0,,,,,W_Complete_preaccepted_appl,,,,,,A,,,105360.921875,,1664638223.0,,,,,W_Complete_preaccepted_appl,,,,,,A,,,105360.921875,,1664718478.0,,,,,A_ACCEPTED,,,,,,E,,,105360.921875,,1664718478.0,,,,,A_FINALIZED,,,,,,E,,,105360.921875,,1664725274.0,,,,,O_SELECTED,,,,,,C,,,105360.921875,,1664731892.0,,,,,O_CREATED,,,,,,C,,,105360.921875,,1664739103.0,,,,,O_SENT,,,,,,C,,,105360.921875,,1664752990.0,,,,,W_Call_after_offer,,,,,,A,,,105360.921875,,1664836062.0,,,,,W_Call_after_offer,,,,,,A,,,105360.921875,,1664960785.9999998,,,,,W_Call_after_offer,,,,,,A,,,105360.921875,,1665085825.0,,,,,O_SENT_BACK,,,,,,A,,,105360.921875,,1665171284.0,,,,,W_Assess_application,,,,,,A,,,105360.921875,,1665229481.0,,,,,W_Assess_application,,,,,,A,,,105360.921875,,1665285064.0,,,,,W_Assess_application,,,,,,A,,,105360.921875,,1665366269.0,,,,,W_Assess_application,,,,,,A,,,105360.921875,,1665470319.9999998,,,,,deviant
13,GEN13,20981.939453125,A_SUBMITTED,,,,,,D,,,98339.640625,,1663911639.0,,,,,A_PARTLYSUBMITTED,,,,,,D,,,98339.640625,,1663916397.0,,,,,W_Assess_fraud,,,,,,A,,,98339.640625,,1664069310.0,,,,,A_PREACCEPTED,,,,,,D,,,98339.640625,,1664078051.0,,,,,W_Complete_preaccepted_appl,,,,,,A,,,98339.640625,,1664238351.0,,,,,A_ACCEPTED,,,,,,D,,,98339.640625,,1664242099.0,,,,,A_FINALIZED,,,,,,D,,,98339.640625,,1664243880.0,,,,,O_SELECTED,,,,,,C,,,98339.640625,,1664248376.9999998,,,,,O_CREATED,,,,,,C,,,98339.640625,,1664255408.0,,,,,O_SENT,,,,,,C,,,98339.640625,,1664263906.0000002,,,,,O_SELECTED,,,,,,C,,,98339.640625,,1664326691.0,,,,,O_CREATED,,,,,,C,,,98339.640625,,1664370904.0,,,,,O_SENT,,,,,,C,,,98339.640625,,1664389595.0,,,,,W_Call_after_offer,,,,,,A,,,98339.640625,,1664470292.9999998,,,,,W_Call_after_offer,,,,,,A,,,98339.640625,,1664573873.0,,,,,W_Call_after_offer,,,,,,A,,,98339.640625,,1664757393.0,,,,,O_SENT_BACK,,,,,,A,,,98339.640625,,1664872253.0,,,,,W_Assess_application,,,,,,A,,,98339.640625,,1665041204.0,,,,,W_Assess_application,,,,,,A,,,98339.640625,,1665203520.0,,,,,O_ACCEPTED,,,,,,C,,,98339.640625,,1665236642.0,,,,,deviant
14,GEN14,22376.759765625,A_SUBMITTED,,,,,,E,,,128602.3359375,,1665727401.0,,,,,A_PARTLYSUBMITTED,,,,,,E,,,128602.3359375,,1665735674.0,,,,,W_Assess_fraud,,,,,,A,,,128602.3359375,,1665946370.0,,,,,A_PREACCEPTED,,,,,,E,,,128602.3359375,,1665954207.0,,,,,W_Complete_preaccepted_appl,,,,,,A,,,128602.3359375,,1666184975.0,,,,,A_ACCEPTED,,,,,,E,,,128602.3359375,,1666198010.0,,,,,A_FINALIZED,,,,,,E,,,128602.3359375,,1666202570.9999998,,,,,O_SELECTED,,,,,,C,,,128602.3359375,,1666215116.0,,,,,O_CREATED,,,,,,C,,,128602.3359375,,1666223343.0,,,,,O_SENT,,,,,,C,,,128602.3359375,,1666231409.0,,,,,W_Call_after_offer,,,,,,A,,,128602.3359375,,1666457392.0,,,,,W_Call_after_offer,,,,,,A,,,128602.3359375,,1666641555.0,,,,,W_Call_after_offer,,,,,,A,,,128602.3359375,,1666811631.0,,,,,W_Call_after_offer,,,,,,A,,,128602.3359375,,1666974726.9999998,,,,,W_Call_after_offer,,,,,,A,,,128602.3359375,,1667115894.0,,,,,W_Call_after_offer,,,,,,A,,,128602.3359375,,1667274172.0,,,,,W_Call_after_offer,,,,,,A,,,128602.3359375,,1667419332.0,,,,,W_Call_after_offer,,,,,,A,,,128602.3359375,,1667474926.0,,,,,W_Call_after_offer,,,,,,C,,,128602.3359375,,1667477536.0,,,,,W_Call_after_offer,,,,,,C,,,128602.3359375,,1667488561.0,,,,,deviant
15,GEN15,26857.41015625,A_SUBMITTED,,,,,,E,,,106746.4765625,,1664416071.0,,,,,A_PARTLYSUBMITTED,,,,,,E,,,106746.4765625,,1664420874.0,,,,,W_Assess_fraud,,,,,,A,,,106746.4765625,,1664606815.0,,,,,A_PREACCEPTED,,,,,,E,,,106746.4765625,,1664617137.0,,,,,W_Complete_preaccepted_appl,,,,,,A,,,106746.4765625,,1664807837.0,,,,,W_Complete_preaccepted_appl,,,,,,A,,,106746.4765625,,1664994114.0,,,,,W_Complete_preaccepted_appl,,,,,,A,,,106746.4765625,,1665211290.0,,,,,W_Complete_preaccepted_appl,,,,,,A,,,106746.4765625,,1665435388.0,,,,,W_Complete_preaccepted_appl,,,,,,A,,,106746.4765625,,1665654686.9999998,,,,,W_Complete_preaccepted_appl,,,,,,A,,,106746.4765625,,1665885800.0,,,,,W_Complete_preaccepted_appl,,,,,,A,,,106746.4765625,,1666132294.0,,,,,W_Complete_preaccepted_appl,,,,,,A,,,106746.4765625,,1666409494.0,,,,,A_ACCEPTED,,,,,,E,,,106746.4765625,,1666415737.0,,,,,A_FINALIZED,,,,,,E,,,106746.4765625,,1666415737.0,,,,,O_SELECTED,,,,,,C,,,106746.4765625,,1666420273.0,,,,,O_CREATED,,,,,,C,,,106746.4765625,,1666430657.0,,,,,O_SENT,,,,,,C,,,106746.4765625,,1666476603.0,,,,,W_Call_after_offer,,,,,,A,,,106746.4765625,,1666656564.0,,,,,W_Call_after_offer,,,,,,A,,,106746.4765625,,1666816203.0,,,,,W_Call_after_offer,,,,,,A,,,106746.4765625,,1666990460.0000002,,,,,deviant
16,GEN16,22179.382812500004,A_SUBMITTED,,,,,,E,,,128488.1953125,,1665724811.0,,,,,A_PARTLYSUBMITTED,,,,,,E,,,128488.1953125,,1665730618.0,,,,,W_Assess_fraud,,,,,,A,,,128488.1953125,,1665922630.0,,,,,A_PREACCEPTED,,,,,,D,,,128488.1953125,,1665955736.0,,,,,W_Complete_preaccepted_appl,,,,,,A,,,128488.1953125,,1666149916.0,,,,,W_Complete_preaccepted_appl,,,,,,A,,,128488.1953125,,1666367675.0,,,,,W_Complete_preaccepted_appl,,,,,,A,,,128488.1953125,,1666535031.0,,,,,A_ACCEPTED,,,,,,E,,,128488.1953125,,1666538534.0,,,,,A_FINALIZED,,,,,,E,,,128488.1953125,,1666543492.0000002,,,,,O_SELECTED,,,,,,C,,,128488.1953125,,1666550237.0,,,,,O_CREATED,,,,,,C,,,128488.1953125,,1666557216.0,,,,,O_SENT,,,,,,C,,,128488.1953125,,1666607860.0,,,,,W_Call_after_offer,,,,,,A,,,128488.1953125,,1666816850.0,,,,,W_Call_after_offer,,,,,,A,,,128488.1953125,,1667014520.0,,,,,W_Assess_application,,,,,,A,,,128488.1953125,,1667074113.0000002,,,,,W_Assess_application,,,,,,A,,,128488.1953125,,1667103356.0,,,,,O_SENT,,,,,,C,,,128488.1953125,,1667151533.0,,,,,O_SELECTED,,,,,,C,,,128488.1953125,,1667218872.9999998,,,,,O_CREATED,,,,,,C,,,128488.1953125,,1667306314.0,,,,,O_SENT,,,,,,C,,,128488.1953125,,1667407069.9999998,,,,,deviant
17,GEN17,26656.373046875,A_SUBMITTED,,,,,,E,,,98344.2265625,,1663913935.0,,,,,A_PARTLYSUBMITTED,,,,,,E,,,98344.2265625,,1663918924.0,,,,,W_Assess_fraud,,,,,,A,,,98344.2265625,,1664113457.0,,,,,A_PREACCEPTED,,,,,,E,,,98344.2265625,,1664142709.0,,,,,W_Complete_preaccepted_appl,,,,,,A,,,98344.2265625,,1664349100.0,,,,,W_Complete_preaccepted_appl,,,,,,A,,,98344.2265625,,1664553328.0,,,,,W_Complete_preaccepted_appl,,,,,,A,,,98344.2265625,,1664770523.0,,,,,W_Complete_preaccepted_appl,,,,,,A,,,98344.2265625,,1664969650.0,,,,,W_Complete_preaccepted_appl,,,,,,A,,,98344.2265625,,1665131385.0,,,,,A_ACCEPTED,,,,,,E,,,98344.2265625,,1665142056.0,,,,,A_FINALIZED,,,,,,E,,,98344.2265625,,1665142373.0,,,,,O_SELECTED,,,,,,C,,,98344.2265625,,1665147195.0,,,,,O_CREATED,,,,,,C,,,98344.2265625,,1665155173.0,,,,,O_SENT,,,,,,C,,,98344.2265625,,1665168237.0,,,,,W_Call_after_offer,,,,,,A,,,98344.2265625,,1665424085.0,,,,,W_Call_after_offer,,,,,,A,,,98344.2265625,,1665621818.0,,,,,W_Call_after_offer,,,,,,A,,,98344.2265625,,1665785980.9999998,,,,,W_Call_after_offer,,,,,,A,,,98344.2265625,,1666028170.0,,,,,W_Assess_application,,,,,,A,,,98344.2265625,,1666232971.0,,,,,W_Assess_application,,,,,,A,,,98344.2265625,,1666384710.0000002,,,,,deviant
18,GEN18,21748.578125,A_SUBMITTED,,,,,,D,,,119036.09375,,1665153531.0,,,,,A_PARTLYSUBMITTED,,,,,,D,,,119036.09375,,1665157358.0,,,,,W_Assess_fraud,,,,,,A,,,119036.09375,,1665327290.0,,,,,A_PREACCEPTED,,,,,,D,,,119036.09375,,1665335692.0,,,,,W_Complete_preaccepted_appl,,,,,,A,,,119036.09375,,1665493060.0,,,,,W_Complete_preaccepted_appl,,,,,,A,,,119036.09375,,1665664845.0,,,,,W_Complete_preaccepted_appl,,,,,,A,,,119036.09375,,1665844142.0,,,,,W_Complete_preaccepted_appl,,,,,,A,,,119036.09375,,1666036467.0,,,,,A_ACCEPTED,,,,,,D,,,119036.09375,,1666093997.0,,,,,A_FINALIZED,,,,,,D,,,119036.09375,,1666113881.0,,,,,O_SELECTED,,,,,,C,,,119036.09375,,1666131750.0,,,,,O_CREATED,,,,,,C,,,119036.09375,,1666131750.0,,,,,O_SENT,,,,,,C,,,119036.09375,,1666131750.0,,,,,W_Call_after_offer,,,,,,A,,,119036.09375,,1666168954.0,,,,,O_SENT_BACK,,,,,,C,,,119036.09375,,1666199651.0000002,,,,,W_Assess_application,,,,,,A,,,119036.09375,,1666269056.0,,,,,W_Assess_application,,,,,,A,,,119036.09375,,1666375385.0,,,,,W_Assess_application,,,,,,A,,,119036.09375,,1666533323.0000002,,,,,W_Call_missing_information,,,,,,A,,,119036.09375,,1666718192.0,,,,,W_Call_missing_information,,,,,,A,,,119036.09375,,1666895387.0,,,,,deviant
19,GEN19,20373.673828125,A_SUBMITTED,,,,,,E,,,100429.3671875,,1664037023.0,,,,,A_PARTLYSUBMITTED,,,,,,E,,,100429.3671875,,1664039164.0,,,,,W_Assess_fraud,,,,,,A,,,100429.3671875,,1664199807.0,,,,,A_PREACCEPTED,,,,,,E,,,100429.3671875,,1664217553.0,,,,,W_Complete_preaccepted_appl,,,,,,A,,,100429.3671875,,1664362197.0,,,,,W_Complete_preaccepted_appl,,,,,,A,,,100429.3671875,,1664493143.0,,,,,W_Complete_preaccepted_appl,,,,,,A,,,100429.3671875,,1664610898.0,,,,,A_ACCEPTED,,,,,,E,,,100429.3671875,,1664618248.0000002,,,,,A_FINALIZED,,,,,,E,,,100429.3671875,,1664620654.0,,,,,O_SELECTED,,,,,,C,,,100429.3671875,,1664626886.0,,,,,O_CREATED,,,,,,C,,,100429.3671875,,1664635787.0000002,,,,,O_SENT,,,,,,C,,,100429.3671875,,1664644638.0,,,,,W_Call_after_offer,,,,,,A,,,100429.3671875,,1664742426.0,,,,,W_Call_after_offer,,,,,,A,,,100429.3671875,,1664830595.0,,,,,W_Call_after_offer,,,,,,A,,,100429.3671875,,1664872081.0,,,,,W_Call_after_offer,,,,,,A,,,100429.3671875,,1664940855.0,,,,,W_Call_after_offer,,,,,,A,,,100429.3671875,,1665013270.0,,,,,W_Call_after_offer,,,,,,A,,,100429.3671875,,1665070249.0,,,,,O_SENT_BACK,,,,,,C,,,100429.3671875,,1665114544.0,,,,,W_Assess_application,,,,,,A,,,100429.3671875,,1665182284.0,,,,,deviant
20,GEN20,18678.750000000004,A_SUBMITTED,,,,,,E,,,106537.8515625,,1664405818.0,,,,,A_PARTLYSUBMITTED,,,,,,E,,,106537.8515625,,1664409282.0,,,,,W_Assess_fraud,,,,,,A,,,106537.8515625,,1664522794.0,,,,,A_PREACCEPTED,,,,,,D,,,106537.8515625,,1664522794.0,,,,,W_Complete_preaccepted_appl,,,,,,A,,,106537.8515625,,1664597475.0,,,,,W_Complete_preaccepted_appl,,,,,,A,,,106537.8515625,,1664661970.0,,,,,W_Complete_preaccepted_appl,,,,,,A,,,106537.8515625,,1664719728.0,,,,,A_ACCEPTED,,,,,,E,,,106537.8515625,,1664719728.0,,,,,A_FINALIZED,,,,,,E,,,106537.8515625,,1664722411.0,,,,,O_SELECTED,,,,,,C,,,106537.8515625,,1664725278.0,,,,,O_CREATED,,,,,,C,,,106537.8515625,,1664730348.0,,,,,O_SENT,,,,,,C,,,106537.8515625,,1664744546.0,,,,,W_Call_after_offer,,,,,,A,,,106537.8515625,,1664840594.0,,,,,W_Call_after_offer,,,,,,A,,,106537.8515625,,1664961582.0,,,,,O_SENT_BACK,,,,,,A,,,106537.8515625,,1665062592.0,,,,,W_Assess_application,,,,,,A,,,106537.8515625,,1665144343.0,,,,,W_Assess_application,,,,,,A,,,106537.8515625,,1665203259.0000002,,,,,W_Assess_application,,,,,,A,,,106537.8515625,,1665273080.0,,,,,W_Assess_application,,,,,,A,,,106537.8515625,,1665376287.0,,,,,W_Assess_application,,,,,,A,,,106537.8515625,,1665516678.0,,,,,deviant
21,GEN21,18071.771484375,A_SUBMITTED,,,,,,E,,,96812.8125,,1663823009.0,,,,,A_PARTLYSUBMITTED,,,,,,E,,,96812.8125,,1663826427.0,,,,,W_Assess_fraud,,,,,,A,,,96812.8125,,1663935963.0,,,,,A_PREACCEPTED,,,,,,D,,,96812.8125,,1663935963.0,,,,,W_Complete_preaccepted_appl,,,,,,A,,,96812.8125,,1664012975.0,,,,,W_Complete_preaccepted_appl,,,,,,A,,,96812.8125,,1664084191.0,,,,,W_Complete_preaccepted_appl,,,,,,A,,,96812.8125,,1664142791.0,,,,,A_ACCEPTED,,,,,,E,,,96812.8125,,1664145723.0,,,,,A_FINALIZED,,,,,,E,,,96812.8125,,1664149810.0,,,,,O_SELECTED,,,,,,C,,,96812.8125,,1664156788.0,,,,,O_CREATED,,,,,,C,,,96812.8125,,1664165229.0,,,,,O_SENT,,,,,,C,,,96812.8125,,1664185156.0,,,,,W_Call_after_offer,,,,,,A,,,96812.8125,,1664279147.0,,,,,W_Call_after_offer,,,,,,A,,,96812.8125,,1664420488.0,,,,,W_Call_after_offer,,,,,,A,,,96812.8125,,1664576321.0,,,,,W_Call_after_offer,,,,,,A,,,96812.8125,,1664689297.0,,,,,W_Assess_application,,,,,,A,,,96812.8125,,1664774069.0,,,,,W_Assess_application,,,,,,A,,,96812.8125,,1664869390.0,,,,,W_Assess_application,,,,,,A,,,96812.8125,,1664994379.9999998,,,,,W_Assess_application,,,,,,A,,,96812.8125,,1665147320.0,,,,,deviant
22,GEN22,12220.7255859375,A_SUBMITTED,,,,,,E,,,96559.984375,,1663804860.0,,,,,A_PARTLYSUBMITTED,,,,,,E,,,96559.984375,,1663804860.0,,,,,W_Assess_fraud,,,,,,A,,,96559.984375,,1663932078.0,,,,,A_PREACCEPTED,,,,,,E,,,96559.984375,,1663935599.0,,,,,W_Complete_preaccepted_appl,,,,,,A,,,96559.984375,,1664074771.0,,,,,W_Complete_preaccepted_appl,,,,,,A,,,96559.984375,,1664179209.0,,,,,A_ACCEPTED,,,,,,E,,,96559.984375,,1664179209.0,,,,,A_FINALIZED,,,,,,E,,,96559.984375,,1664182775.0,,,,,O_SELECTED,,,,,,C,,,96559.984375,,1664191375.0,,,,,O_CREATED,,,,,,C,,,96559.984375,,1664199990.0,,,,,O_SENT,,,,,,C,,,96559.984375,,1664210559.0,,,,,O_SELECTED,,,,,,A,,,96559.984375,,1664235538.0,,,,,O_CREATED,,,,,,C,,,96559.984375,,1664235567.0,,,,,O_SENT,,,,,,C,,,96559.984375,,1664253530.0,,,,,W_Call_after_offer,,,,,,A,,,96559.984375,,1664415789.0,,,,,O_SENT_BACK,,,,,,C,,,96559.984375,,1664429761.0,,,,,W_Assess_application,,,,,,A,,,96559.984375,,1664525250.0,,,,,A_APPROVED,,,,,,D,,,96559.984375,,1664532239.0,,,,,A_REGISTERED,,,,,,D,,,96559.984375,,1664539454.0,,,,,A_ACTIVATED,,,,,,E,,,96559.984375,,1664546872.0,,,,,deviant
23,GEN23,18626.9609375,A_SUBMITTED,,,,,,E,,,103839.9296875,,1664241656.0,,,,,A_PARTLYSUBMITTED,,,,,,E,,,103839.9296875,,1664242347.0,,,,,W_Assess_fraud,,,,,,A,,,103839.9296875,,1664409288.0,,,,,A_PREACCEPTED,,,,,,E,,,103839.9296875,,1664430724.0,,,,,W_Complete_preaccepted_appl,,,,,,A,,,103839.9296875,,1664597887.0,,,,,W_Complete_preaccepted_appl,,,,,,A,,,103839.9296875,,1664744223.0,,,,,W_Complete_preaccepted_appl,,,,,,A,,,103839.9296875,,1664867991.0000002,,,,,A_ACCEPTED,,,,,,E,,,103839.9296875,,1664875276.0,,,,,A_FINALIZED,,,,,,E,,,103839.9296875,,1664877584.0,,,,,O_SELECTED,,,,,,C,,,103839.9296875,,1664883929.0,,,,,O_CREATED,,,,,,C,,,103839.9296875,,1664890571.0,,,,,O_SENT,,,,,,C,,,103839.9296875,,1664896583.0,,,,,W_Call_after_offer,,,,,,A,,,103839.9296875,,1664985228.0,,,,,W_Call_after_offer,,,,,,A,,,103839.9296875,,1665065326.0,,,,,W_Call_after_offer,,,,,,A,,,103839.9296875,,1665113046.0,,,,,O_CREATED,,,,,,C,,,103839.9296875,,1665159598.0,,,,,W_Call_after_offer,,,,,,C,,,103839.9296875,,1665236748.0,,,,,W_Call_after_offer,,,,,,A,,,103839.9296875,,1665312890.0,,,,,O_SENT_BACK,,,,,,A,,,103839.9296875,,1665348604.9999998,,,,,W_Assess_application,,,,,,A,,,103839.9296875,,1665423415.0,,,,,deviant
24,GEN24,29301.1171875,A_SUBMITTED,,,,,,E,,,90437.546875,,1663437513.0,,,,,A_PARTLYSUBMITTED,,,,,,E,,,90437.546875,,1663445045.0,,,,,W_Assess_fraud,,,,,,A,,,90437.546875,,1663594728.0,,,,,A_PREACCEPTED,,,,,,E,,,90437.546875,,1663609285.0,,,,,W_Complete_preaccepted_appl,,,,,,A,,,90437.546875,,1663736247.0,,,,,W_Complete_preaccepted_appl,,,,,,A,,,90437.546875,,1663863862.0,,,,,W_Complete_preaccepted_appl,,,,,,A,,,90437.546875,,1663998012.9999998,,,,,W_Complete_preaccepted_appl,,,,,,A,,,90437.546875,,1664127543.0,,,,,W_Complete_preaccepted_appl,,,,,,A,,,90437.546875,,1664250375.0,,,,,W_Complete_preaccepted_appl,,,,,,A,,,90437.546875,,1664373344.0,,,,,W_Complete_preaccepted_appl,,,,,,A,,,90437.546875,,1664494217.0,,,,,W_Complete_preaccepted_appl,,,,,,A,,,90437.546875,,1664615598.0,,,,,W_Complete_preaccepted_appl,,,,,,A,,,90437.546875,,1664779520.0,,,,,A_ACCEPTED,,,,,,E,,,90437.546875,,1664788484.0,,,,,A_FINALIZED,,,,,,E,,,90437.546875,,1664792923.0,,,,,O_SELECTED,,,,,,C,,,90437.546875,,1664795931.0,,,,,O_CREATED,,,,,,C,,,90437.546875,,1664800070.0,,,,,O_SENT,,,,,,C,,,90437.546875,,1664805450.0,,,,,W_Call_after_offer,,,,,,A,,,90437.546875,,1664951659.0,,,,,W_Call_after_offer,,,,,,A,,,90437.546875,,1664973847.0,,,,,deviant
25,GEN25,19407.427734375,A_SUBMITTED,,,,,,E,,,158133.03125,,1667499242.0,,,,,A_PARTLYSUBMITTED,,,,,,E,,,158133.03125,,1667499582.0,,,,,W_Assess_fraud,,,,,,A,,,158133.03125,,1667775868.0,,,,,A_PREACCEPTED,,,,,,E,,,158133.03125,,1667801137.0,,,,,W_Complete_preaccepted_appl,,,,,,A,,,158133.03125,,1668106188.0,,,,,W_Complete_preaccepted_appl,,,,,,A,,,158133.03125,,1668428150.0,,,,,W_Complete_preaccepted_appl,,,,,,A,,,158133.03125,,1668759125.0,,,,,W_Complete_preaccepted_appl,,,,,,A,,,158133.03125,,1669086954.0,,,,,W_Complete_preaccepted_appl,,,,,,A,,,158133.03125,,1669403804.0,,,,,W_Complete_preaccepted_appl,,,,,,A,,,158133.03125,,1669730158.0000002,,,,,A_ACCEPTED,,,,,,E,,,158133.03125,,1669730158.0,,,,,A_FINALIZED,,,,,,D,,,158133.03125,,1669736235.0000002,,,,,O_SELECTED,,,,,,C,,,158133.03125,,1669742562.0000002,,,,,O_CREATED,,,,,,C,,,158133.03125,,1669749865.0,,,,,O_SENT,,,,,,C,,,158133.03125,,1669762775.0,,,,,W_Call_after_offer,,,,,,A,,,158133.03125,,1669935852.0,,,,,W_Call_after_offer,,,,,,C,,,158133.03125,,1670096660.0,,,,,W_Assess_application,,,,,,C,,,158133.03125,,1670293430.0,,,,,W_Call_after_offer,,,,,,A,,,158133.03125,,1670556997.0,,,,,O_SELECTED,,,,,,C,,,158133.03125,,1670782945.0,,,,,deviant
26,GEN26,23836.099609375,A_SUBMITTED,,,,,,E,,,148846.109375,,1666944043.0,,,,,A_PARTLYSUBMITTED,,,,,,E,,,148846.109375,,1666946024.0,,,,,W_Assess_fraud,,,,,,A,,,148846.109375,,1667163749.0,,,,,A_PREACCEPTED,,,,,,D,,,148846.109375,,1667179924.0,,,,,W_Complete_preaccepted_appl,,,,,,A,,,148846.109375,,1667344105.0,,,,,W_Complete_preaccepted_appl,,,,,,A,,,148846.109375,,1667548256.0,,,,,W_Complete_preaccepted_appl,,,,,,A,,,148846.109375,,1667770948.0,,,,,W_Complete_preaccepted_appl,,,,,,A,,,148846.109375,,1667988721.0,,,,,W_Complete_preaccepted_appl,,,,,,A,,,148846.109375,,1668212564.0,,,,,A_ACCEPTED,,,,,,E,,,148846.109375,,1668217765.0,,,,,A_FINALIZED,,,,,,E,,,148846.109375,,1668223069.0,,,,,O_SELECTED,,,,,,C,,,148846.109375,,1668230479.0,,,,,O_CREATED,,,,,,C,,,148846.109375,,1668238675.0,,,,,O_SENT,,,,,,C,,,148846.109375,,1668249012.0,,,,,W_Call_after_offer,,,,,,A,,,148846.109375,,1668254188.0,,,,,O_CREATED,,,,,,C,,,148846.109375,,1668284489.0000002,,,,,O_SENT,,,,,,C,,,148846.109375,,1668310169.0,,,,,W_Call_after_offer,,,,,,A,,,148846.109375,,1668563905.0,,,,,O_SENT_BACK,,,,,,C,,,148846.109375,,1668590525.0,,,,,W_Assess_application,,,,,,A,,,148846.109375,,1668805509.9999998,,,,,deviant
27,GEN27,13047.9111328125,A_SUBMITTED,,,,,,E,,,141874.125,,1666524784.0,,,,,A_PARTLYSUBMITTED,,,,,,E,,,141874.125,,1666524784.0,,,,,W_Assess_fraud,,,,,,A,,,141874.125,,1666619635.0,,,,,A_PREACCEPTED,,,,,,E,,,141874.125,,1666637987.0,,,,,W_Complete_preaccepted_appl,,,,,,A,,,141874.125,,1666724913.0,,,,,W_Complete_preaccepted_appl,,,,,,A,,,141874.125,,1666859179.0,,,,,W_Complete_preaccepted_appl,,,,,,A,,,141874.125,,1666982477.0,,,,,W_Complete_preaccepted_appl,,,,,,A,,,141874.125,,1667059697.9999998,,,,,W_Complete_preaccepted_appl,,,,,,E,,,141874.125,,1667093269.0,,,,,W_Complete_preaccepted_appl,,,,,,C,,,141874.125,,1667121619.0,,,,,O_SELECTED,,,,,,C,,,141874.125,,1667132055.0,,,,,O_CREATED,,,,,,C,,,141874.125,,1667132055.0,,,,,O_SENT,,,,,,C,,,141874.125,,1667148675.0,,,,,W_Assess_application,,,,,,C,,,141874.125,,1667252258.0,,,,,W_Call_missing_information,,,,,,A,,,141874.125,,1667360473.9999998,,,,,W_Call_missing_information,,,,,,A,,,141874.125,,1667479554.0,,,,,W_Call_missing_information,,,,,,A,,,141874.125,,1667617443.0000002,,,,,W_Call_missing_information,,,,,,A,,,141874.125,,1667760743.0,,,,,W_Call_missing_information,,,,,,A,,,141874.125,,1667914168.0,,,,,W_Call_missing_information,,,,,,A,,,141874.125,,1668074162.0,,,,,deviant
28,GEN28,15812.994140625,A_SUBMITTED,,,,,,E,,,128225.84375,,1665705225.0,,,,,A_PARTLYSUBMITTED,,,,,,E,,,128225.84375,,1665705225.0,,,,,W_Assess_fraud,,,,,,A,,,128225.84375,,1665833083.0,,,,,A_PREACCEPTED,,,,,,E,,,128225.84375,,1665842520.0,,,,,W_Complete_preaccepted_appl,,,,,,A,,,128225.84375,,1665906819.0,,,,,W_Complete_preaccepted_appl,,,,,,A,,,128225.84375,,1665957624.0,,,,,W_Complete_preaccepted_appl,,,,,,A,,,128225.84375,,1666020085.0,,,,,W_Complete_preaccepted_appl,,,,,,A,,,128225.84375,,1666086000.0,,,,,W_Complete_preaccepted_appl,,,,,,E,,,128225.84375,,1666142745.0,,,,,W_Complete_preaccepted_appl,,,,,,C,,,128225.84375,,1666176425.0,,,,,O_SELECTED,,,,,,C,,,128225.84375,,1666190773.0,,,,,O_CREATED,,,,,,C,,,128225.84375,,1666200833.0000002,,,,,O_SENT,,,,,,C,,,128225.84375,,1666214091.0,,,,,W_Call_after_offer,,,,,,A,,,128225.84375,,1666291030.0,,,,,W_Assess_application,,,,,,A,,,128225.84375,,1666412842.0,,,,,W_Assess_application,,,,,,A,,,128225.84375,,1666581207.0,,,,,W_Call_missing_information,,,,,,A,,,128225.84375,,1666743860.0,,,,,W_Call_missing_information,,,,,,A,,,128225.84375,,1666876995.0,,,,,W_Call_missing_information,,,,,,A,,,128225.84375,,1667003447.0,,,,,W_Call_missing_information,,,,,,A,,,128225.84375,,1667124248.0,,,,,deviant
29,GEN29,21048.251953125,A_SUBMITTED,,,,,,E,,,113470.78125,,1664823356.0,,,,,A_PARTLYSUBMITTED,,,,,,E,,,113470.78125,,1664826152.0,,,,,W_Assess_fraud,,,,,,A,,,113470.78125,,1665024008.0,,,,,A_PREACCEPTED,,,,,,E,,,113470.78125,,1665049113.0,,,,,W_Complete_preaccepted_appl,,,,,,A,,,113470.78125,,1665264026.0,,,,,W_Complete_preaccepted_appl,,,,,,A,,,113470.78125,,1665490994.0,,,,,W_Complete_preaccepted_appl,,,,,,A,,,113470.78125,,1665738602.0,,,,,A_ACCEPTED,,,,,,D,,,113470.78125,,1665747114.0,,,,,A_FINALIZED,,,,,,D,,,113470.78125,,1665750246.0,,,,,O_SELECTED,,,,,,C,,,113470.78125,,1665756691.0000002,,,,,O_CREATED,,,,,,C,,,113470.78125,,1665763341.0,,,,,O_SENT,,,,,,C,,,113470.78125,,1665772046.0000002,,,,,W_Call_after_offer,,,,,,A,,,113470.78125,,1665952716.0,,,,,W_Call_after_offer,,,,,,A,,,113470.78125,,1666125042.0,,,,,W_Call_after_offer,,,,,,A,,,113470.78125,,1666220945.0,,,,,O_SENT_BACK,,,,,,A,,,113470.78125,,1666352695.0,,,,,W_Assess_application,,,,,,A,,,113470.78125,,1666574081.9999998,,,,,W_Assess_application,,,,,,A,,,113470.78125,,1666799074.0,,,,,O_ACCEPTED,,,,,,C,,,113470.78125,,1666807787.0,,,,,A_APPROVED,,,,,,D,,,113470.78125,,1666814092.0,,,,,deviant
30,GEN30,19318.833984375,A_SUBMITTED,,,,,,E,,,130096.09375,,1665817026.0,,,,,A_PARTLYSUBMITTED,,,,,,E,,,130096.09375,,1665817026.0,,,,,W_Assess_fraud,,,,,,A,,,130096.09375,,1665928798.0,,,,,A_PREACCEPTED,,,,,,E,,,130096.09375,,1665933295.0,,,,,W_Complete_preaccepted_appl,,,,,,A,,,130096.09375,,1666080276.0,,,,,W_Complete_preaccepted_appl,,,,,,A,,,130096.09375,,1666257702.0,,,,,W_Complete_preaccepted_appl,,,,,,A,,,130096.09375,,1666472300.0,,,,,W_Complete_preaccepted_appl,,,,,,A,,,130096.09375,,1666685758.0,,,,,W_Complete_preaccepted_appl,,,,,,A,,,130096.09375,,1666876289.0,,,,,A_ACCEPTED,,,,,,E,,,130096.09375,,1666910428.0,,,,,A_FINALIZED,,,,,,E,,,130096.09375,,1666910428.0,,,,,O_SELECTED,,,,,,C,,,130096.09375,,1666910428.0,,,,,O_CREATED,,,,,,C,,,130096.09375,,1666910428.0,,,,,O_SENT,,,,,,C,,,130096.09375,,1666918230.0,,,,,W_Call_after_offer,,,,,,A,,,130096.09375,,1667031431.0,,,,,O_SENT_BACK,,,,,,C,,,130096.09375,,1667051773.0,,,,,W_Assess_application,,,,,,A,,,130096.09375,,1667107576.0,,,,,W_Assess_application,,,,,,A,,,130096.09375,,1667216264.0,,,,,W_Assess_application,,,,,,A,,,130096.09375,,1667373339.0,,,,,W_Assess_application,,,,,,A,,,130096.09375,,1667543147.9999998,,,,,deviant
31,GEN31,13313.884765625,A_SUBMITTED,,,,,,E,,,110535.4765625,,1664646450.0,,,,,A_PARTLYSUBMITTED,,,,,,E,,,110535.4765625,,1664646450.0,,,,,W_Assess_fraud,,,,,,A,,,110535.4765625,,1664734774.0,,,,,A_PREACCEPTED,,,,,,E,,,110535.4765625,,1664734774.0,,,,,W_Complete_preaccepted_appl,,,,,,A,,,110535.4765625,,1664832458.0,,,,,W_Complete_preaccepted_appl,,,,,,A,,,110535.4765625,,1664951159.0,,,,,W_Complete_preaccepted_appl,,,,,,A,,,110535.4765625,,1665050708.0,,,,,A_ACCEPTED,,,,,,D,,,110535.4765625,,1665050708.0,,,,,A_FINALIZED,,,,,,E,,,110535.4765625,,1665052409.0,,,,,O_SELECTED,,,,,,C,,,110535.4765625,,1665052409.0,,,,,O_CREATED,,,,,,C,,,110535.4765625,,1665055537.0000002,,,,,O_SENT,,,,,,C,,,110535.4765625,,1665069161.9999998,,,,,W_Call_after_offer,,,,,,A,,,110535.4765625,,1665213221.0,,,,,O_SENT_BACK,,,,,,C,,,110535.4765625,,1665234386.0,,,,,W_Assess_application,,,,,,C,,,110535.4765625,,1665325484.0,,,,,W_Assess_application,,,,,,A,,,110535.4765625,,1665427433.0000002,,,,,W_Call_missing_information,,,,,,A,,,110535.4765625,,1665508176.0,,,,,W_Call_missing_information,,,,,,A,,,110535.4765625,,1665599567.0,,,,,W_Call_missing_information,,,,,,A,,,110535.4765625,,1665717456.0,,,,,W_Call_missing_information,,,,,,A,,,110535.4765625,,1665839776.0,,,,,deviant
32,GEN32,20752.0234375,A_SUBMITTED,,,,,,E,,,158895.96875,,1667546072.0,,,,,A_PARTLYSUBMITTED,,,,,,E,,,158895.96875,,1667546338.0,,,,,W_Assess_fraud,,,,,,A,,,158895.96875,,1667817760.0,,,,,A_PREACCEPTED,,,,,,E,,,158895.96875,,1667861513.0,,,,,W_Complete_preaccepted_appl,,,,,,A,,,158895.96875,,1668095371.0,,,,,W_Complete_preaccepted_appl,,,,,,A,,,158895.96875,,1668363027.0,,,,,W_Complete_preaccepted_appl,,,,,,A,,,158895.96875,,1668627916.0,,,,,W_Complete_preaccepted_appl,,,,,,A,,,158895.96875,,1668879631.0,,,,,W_Complete_preaccepted_appl,,,,,,A,,,158895.96875,,1669129158.0,,,,,A_ACCEPTED,,,,,,E,,,158895.96875,,1669136511.0,,,,,A_FINALIZED,,,,,,D,,,158895.96875,,1669142633.0,,,,,O_SELECTED,,,,,,C,,,158895.96875,,1669149345.0,,,,,O_CREATED,,,,,,C,,,158895.96875,,1669156614.0,,,,,O_SENT,,,,,,C,,,158895.96875,,1669179921.0,,,,,W_Call_after_offer,,,,,,A,,,158895.96875,,1669443853.0,,,,,O_SENT_BACK,,,,,,C,,,158895.96875,,1669549457.0,,,,,W_Assess_application,,,,,,A,,,158895.96875,,1669782108.0,,,,,W_Call_missing_information,,,,,,A,,,158895.96875,,1670024870.0,,,,,O_ACCEPTED,,,,,,C,,,158895.96875,,1670030902.0,,,,,A_APPROVED,,,,,,D,,,158895.96875,,1670034102.0,,,,,deviant
33,GEN33,19009.01953125,A_SUBMITTED,,,,,,E,,,116036.6328125,,1664973458.0,,,,,A_PARTLYSUBMITTED,,,,,,E,,,116036.6328125,,1664977565.0,,,,,W_Assess_fraud,,,,,,A,,,116036.6328125,,1665135700.0,,,,,A_PREACCEPTED,,,,,,D,,,116036.6328125,,1665150687.0,,,,,W_Complete_preaccepted_appl,,,,,,A,,,116036.6328125,,1665269174.0,,,,,W_Complete_preaccepted_appl,,,,,,A,,,116036.6328125,,1665352025.0,,,,,W_Complete_preaccepted_appl,,,,,,A,,,116036.6328125,,1665431805.0,,,,,A_ACCEPTED,,,,,,E,,,116036.6328125,,1665431805.0,,,,,A_FINALIZED,,,,,,E,,,116036.6328125,,1665431805.0,,,,,O_SELECTED,,,,,,C,,,116036.6328125,,1665432757.0,,,,,O_CREATED,,,,,,C,,,116036.6328125,,1665437472.0,,,,,O_SENT,,,,,,C,,,116036.6328125,,1665444612.0,,,,,W_Call_after_offer,,,,,,A,,,116036.6328125,,1665628593.0,,,,,O_SENT_BACK,,,,,,A,,,116036.6328125,,1665702770.9999998,,,,,W_Assess_application,,,,,,A,,,116036.6328125,,1665885102.9999998,,,,,W_Assess_application,,,,,,A,,,116036.6328125,,1666085425.0,,,,,W_Assess_application,,,,,,A,,,116036.6328125,,1666293597.0,,,,,W_Call_missing_information,,,,,,A,,,116036.6328125,,1666505928.9999998,,,,,W_Call_missing_information,,,,,,A,,,116036.6328125,,1666696563.0,,,,,W_Call_missing_information,,,,,,A,,,116036.6328125,,1666897653.0,,,,,deviant
34,GEN34,23288.533203125,A_SUBMITTED,,,,,,E,,,101138.7109375,,1664079724.0,,,,,A_PARTLYSUBMITTED,,,,,,E,,,101138.7109375,,1664086763.0,,,,,W_Assess_fraud,,,,,,A,,,101138.7109375,,1664276346.0,,,,,A_PREACCEPTED,,,,,,E,,,101138.7109375,,1664291884.0,,,,,W_Complete_preaccepted_appl,,,,,,A,,,101138.7109375,,1664458104.0,,,,,W_Complete_preaccepted_appl,,,,,,A,,,101138.7109375,,1664652691.0,,,,,W_Complete_preaccepted_appl,,,,,,A,,,101138.7109375,,1664830723.0,,,,,A_ACCEPTED,,,,,,E,,,101138.7109375,,1664839360.0,,,,,A_FINALIZED,,,,,,E,,,101138.7109375,,1664845002.0,,,,,O_SELECTED,,,,,,C,,,101138.7109375,,1664853376.0,,,,,O_CREATED,,,,,,C,,,101138.7109375,,1664862369.0,,,,,O_SENT,,,,,,C,,,101138.7109375,,1664862369.0,,,,,W_Call_after_offer,,,,,,A,,,101138.7109375,,1665048060.0,,,,,W_Call_after_offer,,,,,,A,,,101138.7109375,,1665277119.0,,,,,W_Call_after_offer,,,,,,A,,,101138.7109375,,1665538303.0,,,,,W_Call_after_offer,,,,,,A,,,101138.7109375,,1665762384.9999998,,,,,W_Call_after_offer,,,,,,A,,,101138.7109375,,1665940669.0,,,,,W_Call_after_offer,,,,,,A,,,101138.7109375,,1666101234.0,,,,,W_Call_after_offer,,,,,,A,,,101138.7109375,,1666249355.0,,,,,W_Call_after_offer,,,,,,A,,,101138.7109375,,1666414265.0,,,,,deviant
35,GEN35,23514.408203125004,A_SUBMITTED,,,,,,E,,,82681.0859375,,1662981318.0,,,,,A_PARTLYSUBMITTED,,,,,,E,,,82681.0859375,,1662981318.0,,,,,W_Assess_fraud,,,,,,A,,,82681.0859375,,1663035251.0,,,,,A_PREACCEPTED,,,,,,D,,,82681.0859375,,1663035251.0,,,,,W_Complete_preaccepted_appl,,,,,,A,,,82681.0859375,,1663063063.0,,,,,A_ACCEPTED,,,,,,E,,,82681.0859375,,1663063063.0,,,,,A_FINALIZED,,,,,,D,,,82681.0859375,,1663081105.0,,,,,O_SELECTED,,,,,,C,,,82681.0859375,,1663089423.0,,,,,O_CREATED,,,,,,C,,,82681.0859375,,1663098143.9999998,,,,,O_SENT,,,,,,C,,,82681.0859375,,1663108708.0,,,,,W_Call_after_offer,,,,,,A,,,82681.0859375,,1663150581.0,,,,,W_Call_after_offer,,,,,,A,,,82681.0859375,,1663198010.0,,,,,W_Call_after_offer,,,,,,A,,,82681.0859375,,1663250077.0,,,,,W_Assess_application,,,,,,A,,,82681.0859375,,1663314442.0,,,,,W_Assess_application,,,,,,A,,,82681.0859375,,1663388602.0,,,,,W_Assess_application,,,,,,A,,,82681.0859375,,1663447196.0,,,,,W_Assess_application,,,,,,A,,,82681.0859375,,1663503252.0,,,,,W_Assess_application,,,,,,A,,,82681.0859375,,1663573228.0,,,,,W_Assess_application,,,,,,A,,,82681.0859375,,1663650411.0,,,,,W_Call_missing_information,,,,,,A,,,82681.0859375,,1663730924.0,,,,,deviant
36,GEN36,21148.650390625,A_SUBMITTED,,,,,,E,,,115871.375,,1664966155.0,,,,,A_PARTLYSUBMITTED,,,,,,E,,,115871.375,,1664975094.0,,,,,W_Assess_fraud,,,,,,A,,,115871.375,,1665186400.0,,,,,A_PREACCEPTED,,,,,,E,,,115871.375,,1665186400.0,,,,,W_Complete_preaccepted_appl,,,,,,A,,,115871.375,,1665419221.0,,,,,W_Complete_preaccepted_appl,,,,,,A,,,115871.375,,1665661655.0,,,,,W_Complete_preaccepted_appl,,,,,,A,,,115871.375,,1665887840.0,,,,,W_Complete_preaccepted_appl,,,,,,A,,,115871.375,,1666110392.0,,,,,W_Complete_preaccepted_appl,,,,,,A,,,115871.375,,1666357654.0,,,,,W_Complete_preaccepted_appl,,,,,,A,,,115871.375,,1666627550.0000002,,,,,W_Complete_preaccepted_appl,,,,,,A,,,115871.375,,1666926676.0,,,,,W_Complete_preaccepted_appl,,,,,,A,,,115871.375,,1667197557.0000002,,,,,A_ACCEPTED,,,,,,D,,,115871.375,,1667197557.0,,,,,A_FINALIZED,,,,,,D,,,115871.375,,1667201083.0,,,,,O_SELECTED,,,,,,C,,,115871.375,,1667207060.0,,,,,O_CREATED,,,,,,C,,,115871.375,,1667213181.0000002,,,,,O_SENT,,,,,,C,,,115871.375,,1667228686.0,,,,,W_Call_after_offer,,,,,,C,,,115871.375,,1667296148.0,,,,,O_CREATED,,,,,,C,,,115871.375,,1667322011.0000002,,,,,O_SENT,,,,,,C,,,115871.375,,1667394445.0,,,,,deviant
37,GEN37,17834.90234375,A_SUBMITTED,,,,,,E,,,106153.578125,,1664385911.0,,,,,A_PARTLYSUBMITTED,,,,,,E,,,106153.578125,,1664385911.0,,,,,W_Assess_fraud,,,,,,A,,,106153.578125,,1664548480.0,,,,,A_PREACCEPTED,,,,,,E,,,106153.578125,,1664559360.0,,,,,W_Complete_preaccepted_appl,,,,,,A,,,106153.578125,,1664678936.0,,,,,W_Complete_preaccepted_appl,,,,,,A,,,106153.578125,,1664817450.0,,,,,W_Complete_preaccepted_appl,,,,,,A,,,106153.578125,,1664968973.0,,,,,A_ACCEPTED,,,,,,E,,,106153.578125,,1664976929.0,,,,,A_FINALIZED,,,,,,E,,,106153.578125,,1664986264.0,,,,,O_SELECTED,,,,,,C,,,106153.578125,,1664995606.0,,,,,O_CREATED,,,,,,C,,,106153.578125,,1665004595.0,,,,,O_SENT,,,,,,C,,,106153.578125,,1665014569.0,,,,,W_Call_after_offer,,,,,,A,,,106153.578125,,1665076708.0,,,,,W_Call_after_offer,,,,,,C,,,106153.578125,,1665110034.0,,,,,W_Call_after_offer,,,,,,C,,,106153.578125,,1665151473.0,,,,,W_Assess_application,,,,,,A,,,106153.578125,,1665205804.0,,,,,W_Assess_application,,,,,,A,,,106153.578125,,1665253144.9999998,,,,,W_Call_after_offer,,,,,,A,,,106153.578125,,1665301404.9999998,,,,,W_Call_after_offer,,,,,,A,,,106153.578125,,1665389103.0000002,,,,,W_Call_after_offer,,,,,,A,,,106153.578125,,1665509920.9999998,,,,,deviant
38,GEN38,26069.86328125,A_SUBMITTED,,,,,,D,,,153621.29687499997,,1667229596.0,,,,,A_PARTLYSUBMITTED,,,,,,D,,,153621.29687499997,,1667229596.0,,,,,W_Assess_fraud,,,,,,A,,,153621.29687499997,,1667368655.0,,,,,A_PREACCEPTED,,,,,,D,,,153621.29687499997,,1667393688.0,,,,,W_Complete_preaccepted_appl,,,,,,A,,,153621.29687499997,,1667522911.0,,,,,W_Complete_preaccepted_appl,,,,,,A,,,153621.29687499997,,1667706123.0000002,,,,,W_Complete_preaccepted_appl,,,,,,A,,,153621.29687499997,,1667912238.0,,,,,A_ACCEPTED,,,,,,D,,,153621.29687499997,,1667951900.0,,,,,A_FINALIZED,,,,,,D,,,153621.29687499997,,1667964845.0,,,,,O_SELECTED,,,,,,C,,,153621.29687499997,,1667973312.0,,,,,O_CREATED,,,,,,C,,,153621.29687499997,,1667973312.0,,,,,O_SENT,,,,,,C,,,153621.29687499997,,1667984014.0,,,,,W_Call_after_offer,,,,,,C,,,153621.29687499997,,1668098509.9999998,,,,,O_SENT_BACK,,,,,,C,,,153621.29687499997,,1668155648.0,,,,,W_Assess_application,,,,,,C,,,153621.29687499997,,1668279440.0,,,,,W_Call_missing_information,,,,,,A,,,153621.29687499997,,1668463730.0,,,,,W_Call_missing_information,,,,,,A,,,153621.29687499997,,1668671698.9999998,,,,,W_Call_missing_information,,,,,,A,,,153621.29687499997,,1668889730.0,,,,,W_Call_missing_information,,,,,,A,,,153621.29687499997,,1669108861.0,,,,,W_Call_missing_information,,,,,,A,,,153621.29687499997,,1669319022.0,,,,,deviant
39,GEN39,22777.77734375,A_SUBMITTED,,,,,,E,,,122309.5234375,,1665351314.0,,,,,A_PARTLYSUBMITTED,,,,,,E,,,122309.5234375,,1665354423.0,,,,,W_Assess_fraud,,,,,,A,,,122309.5234375,,1665491372.0,,,,,A_PREACCEPTED,,,,,,E,,,122309.5234375,,1665509824.0,,,,,W_Complete_preaccepted_appl,,,,,,A,,,122309.5234375,,1665650006.9999998,,,,,W_Complete_preaccepted_appl,,,,,,A,,,122309.5234375,,1665783610.0,,,,,W_Complete_preaccepted_appl,,,,,,A,,,122309.5234375,,1665884760.0,,,,,W_Complete_preaccepted_appl,,,,,,A,,,122309.5234375,,1665959391.0,,,,,W_Complete_preaccepted_appl,,,,,,A,,,122309.5234375,,1666017110.0,,,,,A_ACCEPTED,,,,,,E,,,122309.5234375,,1666035976.0,,,,,A_FINALIZED,,,,,,E,,,122309.5234375,,1666041395.0,,,,,O_SELECTED,,,,,,C,,,122309.5234375,,1666045697.0,,,,,O_CREATED,,,,,,C,,,122309.5234375,,1666050746.0,,,,,O_SENT,,,,,,C,,,122309.5234375,,1666058438.0,,,,,W_Call_after_offer,,,,,,A,,,122309.5234375,,1666124559.0,,,,,O_SENT_BACK,,,,,,A,,,122309.5234375,,1666124559.0,,,,,W_Assess_application,,,,,,A,,,122309.5234375,,1666233997.0,,,,,W_Assess_application,,,,,,A,,,122309.5234375,,1666324895.0000002,,,,,W_Assess_application,,,,,,A,,,122309.5234375,,1666470357.0,,,,,W_Call_missing_information,,,,,,A,,,122309.5234375,,1666623686.0,,,,,deviant
40,GEN40,21904.36328125,A_SUBMITTED,,,,,,E,,,104603.3125,,1664291109.0,,,,,A_PARTLYSUBMITTED,,,,,,E,,,104603.3125,,1664291109.0,,,,,W_Assess_fraud,,,,,,A,,,104603.3125,,1664414654.0,,,,,A_PREACCEPTED,,,,,,E,,,104603.3125,,1664450783.0,,,,,W_Complete_preaccepted_appl,,,,,,A,,,104603.3125,,1664522322.0,,,,,W_Complete_preaccepted_appl,,,,,,A,,,104603.3125,,1664633628.0,,,,,W_Complete_preaccepted_appl,,,,,,A,,,104603.3125,,1664773187.0,,,,,W_Complete_preaccepted_appl,,,,,,A,,,104603.3125,,1664920680.0,,,,,A_ACCEPTED,,,,,,E,,,104603.3125,,1664939993.0,,,,,A_FINALIZED,,,,,,E,,,104603.3125,,1664948599.0,,,,,O_SELECTED,,,,,,C,,,104603.3125,,1664957215.0,,,,,O_CREATED,,,,,,C,,,104603.3125,,1664966208.0,,,,,O_SENT,,,,,,C,,,104603.3125,,1664977792.0,,,,,W_Call_after_offer,,,,,,A,,,104603.3125,,1665051154.0,,,,,O_SENT_BACK,,,,,,C,,,104603.3125,,1665100658.0,,,,,W_Assess_application,,,,,,A,,,104603.3125,,1665143398.0,,,,,W_Assess_application,,,,,,A,,,104603.3125,,1665158930.0,,,,,O_SELECTED,,,,,,C,,,104603.3125,,1665158930.0,,,,,O_SELECTED,,,,,,C,,,104603.3125,,1665217469.0,,,,,O_CREATED,,,,,,C,,,104603.3125,,1665341578.0,,,,,deviant
41,GEN41,20241.095703125,A_SUBMITTED,,,,,,E,,,162107.203125,,1667738794.0,,,,,A_PARTLYSUBMITTED,,,,,,E,,,162107.203125,,1667747297.0,,,,,W_Assess_fraud,,,,,,A,,,162107.203125,,1667943667.0,,,,,A_PREACCEPTED,,,,,,D,,,162107.203125,,1667962168.0,,,,,W_Complete_preaccepted_appl,,,,,,A,,,162107.203125,,1668183169.0,,,,,W_Complete_preaccepted_appl,,,,,,A,,,162107.203125,,1668412224.0,,,,,W_Complete_preaccepted_appl,,,,,,A,,,162107.203125,,1668625892.0,,,,,W_Complete_preaccepted_appl,,,,,,A,,,162107.203125,,1668850184.0,,,,,W_Complete_preaccepted_appl,,,,,,A,,,162107.203125,,1669088899.0,,,,,A_ACCEPTED,,,,,,E,,,162107.203125,,1669102356.0,,,,,A_FINALIZED,,,,,,E,,,162107.203125,,1669107130.0,,,,,O_SELECTED,,,,,,C,,,162107.203125,,1669113418.9999998,,,,,O_CREATED,,,,,,C,,,162107.203125,,1669121643.0,,,,,O_SENT,,,,,,C,,,162107.203125,,1669131694.0,,,,,O_SELECTED,,,,,,C,,,162107.203125,,1669172787.0000002,,,,,O_CREATED,,,,,,C,,,162107.203125,,1669197155.9999998,,,,,O_SENT,,,,,,C,,,162107.203125,,1669230504.0,,,,,W_Call_after_offer,,,,,,A,,,162107.203125,,1669400189.0,,,,,O_SENT_BACK,,,,,,C,,,162107.203125,,1669468768.0,,,,,W_Assess_application,,,,,,A,,,162107.203125,,1669664821.0,,,,,deviant
42,GEN42,18417.1484375,A_SUBMITTED,,,,,,E,,,133929.609375,,1666049970.0,,,,,A_PARTLYSUBMITTED,,,,,,E,,,133929.609375,,1666074464.0,,,,,W_Assess_fraud,,,,,,A,,,133929.609375,,1666274772.0,,,,,A_PREACCEPTED,,,,,,E,,,133929.609375,,1666344935.0,,,,,W_Complete_preaccepted_appl,,,,,,A,,,133929.609375,,1666486997.0,,,,,W_Complete_preaccepted_appl,,,,,,A,,,133929.609375,,1666709014.0,,,,,W_Complete_preaccepted_appl,,,,,,A,,,133929.609375,,1666938422.0,,,,,W_Complete_preaccepted_appl,,,,,,A,,,133929.609375,,1667136326.0,,,,,W_Complete_preaccepted_appl,,,,,,A,,,133929.609375,,1667297944.0,,,,,W_Complete_preaccepted_appl,,,,,,A,,,133929.609375,,1667432145.0,,,,,A_ACCEPTED,,,,,,E,,,133929.609375,,1667432145.0,,,,,A_FINALIZED,,,,,,E,,,133929.609375,,1667439294.0,,,,,O_SELECTED,,,,,,C,,,133929.609375,,1667445989.0,,,,,O_CREATED,,,,,,C,,,133929.609375,,1667453716.0,,,,,O_SENT,,,,,,C,,,133929.609375,,1667463782.0,,,,,O_SELECTED,,,,,,C,,,133929.609375,,1667614528.0,,,,,O_CREATED,,,,,,C,,,133929.609375,,1667707015.0,,,,,O_SENT,,,,,,C,,,133929.609375,,1667764706.9999998,,,,,O_SELECTED,,,,,,C,,,133929.609375,,1667883094.0,,,,,O_CREATED,,,,,,C,,,133929.609375,,1667963770.0,,,,,deviant
43,GEN43,21298.123046875,A_SUBMITTED,,,,,,E,,,130611.1015625,,1665851545.0,,,,,A_PARTLYSUBMITTED,,,,,,E,,,130611.1015625,,1665851732.0,,,,,W_Assess_fraud,,,,,,A,,,130611.1015625,,1666074136.0,,,,,A_PREACCEPTED,,,,,,D,,,130611.1015625,,1666074136.0,,,,,W_Complete_preaccepted_appl,,,,,,A,,,130611.1015625,,1666289290.0,,,,,W_Complete_preaccepted_appl,,,,,,A,,,130611.1015625,,1666500904.0,,,,,A_ACCEPTED,,,,,,E,,,130611.1015625,,1666510387.0,,,,,A_FINALIZED,,,,,,D,,,130611.1015625,,1666513365.0,,,,,O_SELECTED,,,,,,C,,,130611.1015625,,1666518820.0,,,,,O_CREATED,,,,,,C,,,130611.1015625,,1666524925.0,,,,,O_SENT,,,,,,C,,,130611.1015625,,1666531607.0,,,,,W_Call_after_offer,,,,,,A,,,130611.1015625,,1666665173.0,,,,,W_Call_after_offer,,,,,,C,,,130611.1015625,,1666739792.0,,,,,W_Call_after_offer,,,,,,A,,,130611.1015625,,1666810837.0,,,,,W_Call_after_offer,,,,,,A,,,130611.1015625,,1666914722.0,,,,,W_Call_after_offer,,,,,,A,,,130611.1015625,,1667014997.0000002,,,,,W_Call_after_offer,,,,,,A,,,130611.1015625,,1667118973.0,,,,,W_Call_after_offer,,,,,,A,,,130611.1015625,,1667250679.0,,,,,W_Call_after_offer,,,,,,A,,,130611.1015625,,1667421101.0,,,,,W_Assess_application,,,,,,A,,,130611.1015625,,1667644082.0,,,,,deviant
44,GEN44,19299.550781250004,A_SUBMITTED,,,,,,E,,,144613.15625,,1666690481.0,,,,,A_PARTLYSUBMITTED,,,,,,E,,,144613.15625,,1666692799.0,,,,,W_Assess_fraud,,,,,,A,,,144613.15625,,1666890371.0,,,,,A_PREACCEPTED,,,,,,E,,,144613.15625,,1666907531.0,,,,,W_Complete_preaccepted_appl,,,,,,A,,,144613.15625,,1667101651.0,,,,,W_Complete_preaccepted_appl,,,,,,A,,,144613.15625,,1667349547.0,,,,,W_Complete_preaccepted_appl,,,,,,A,,,144613.15625,,1667579057.0,,,,,W_Complete_preaccepted_appl,,,,,,A,,,144613.15625,,1667780125.0,,,,,W_Complete_preaccepted_appl,,,,,,A,,,144613.15625,,1667884814.0,,,,,W_Complete_preaccepted_appl,,,,,,A,,,144613.15625,,1667888883.0,,,,,A_CANCELLED,,,,,,E,,,144613.15625,,1667888883.0,,,,,0,,,,,,0,,,49805.12109375,,1661719985.0,,,,,0,,,,,,0,,,49805.12109375,,1661719985.0,,,,,0,,,,,,0,,,49805.12109375,,1661722831.0,,,,,0,,,,,,0,,,49805.12109375,,1661741263.0,,,,,0,,,,,,0,,,49805.12109375,,1661757591.0,,,,,0,,,,,,0,,,49805.12109375,,1661806399.9999998,,,,,0,,,,,,0,,,49805.12109375,,1661902904.0,,,,,0,,,,,,0,,,49805.12109375,,1662023352.0,,,,,0,,,,,,0,,,49805.12109375,,1662146808.0,,,,,deviant
45,GEN45,18787.001953125,A_SUBMITTED,,,,,,E,,,132377.26562500003,,1665959820.0,,,,,A_PARTLYSUBMITTED,,,,,,E,,,132377.26562500003,,1665959820.0,,,,,W_Assess_fraud,,,,,,A,,,132377.26562500003,,1666174754.0,,,,,A_PREACCEPTED,,,,,,E,,,132377.26562500003,,1666183165.0,,,,,W_Complete_preaccepted_appl,,,,,,A,,,132377.26562500003,,1666378009.0,,,,,W_Complete_preaccepted_appl,,,,,,A,,,132377.26562500003,,1666584582.0,,,,,W_Complete_preaccepted_appl,,,,,,A,,,132377.26562500003,,1666746370.0,,,,,A_ACCEPTED,,,,,,E,,,132377.26562500003,,1666750737.9999998,,,,,A_FINALIZED,,,,,,E,,,132377.26562500003,,1666758119.0,,,,,O_SELECTED,,,,,,C,,,132377.26562500003,,1666766438.0,,,,,O_CREATED,,,,,,C,,,132377.26562500003,,1666773720.0,,,,,O_SENT,,,,,,C,,,132377.26562500003,,1666785289.0,,,,,W_Call_after_offer,,,,,,A,,,132377.26562500003,,1666950337.0,,,,,W_Call_after_offer,,,,,,A,,,132377.26562500003,,1667019476.0,,,,,W_Call_after_offer,,,,,,A,,,132377.26562500003,,1667101436.0,,,,,W_Assess_application,,,,,,A,,,132377.26562500003,,1667272069.0,,,,,W_Assess_application,,,,,,A,,,132377.26562500003,,1667462331.0,,,,,W_Assess_application,,,,,,A,,,132377.26562500003,,1667659890.0,,,,,W_Assess_application,,,,,,A,,,132377.26562500003,,1667880580.0,,,,,W_Call_missing_information,,,,,,A,,,132377.26562500003,,1668107596.0,,,,,deviant
46,GEN46,20737.478515625004,A_SUBMITTED,,,,,,E,,,102359.453125,,1664155805.0,,,,,A_PARTLYSUBMITTED,,,,,,E,,,102359.453125,,1664155805.0,,,,,W_Assess_fraud,,,,,,A,,,102359.453125,,1664247757.0,,,,,A_PREACCEPTED,,,,,,E,,,102359.453125,,1664247757.0,,,,,W_Complete_preaccepted_appl,,,,,,A,,,102359.453125,,1664250466.0,,,,,W_Complete_preaccepted_appl,,,,,,A,,,102359.453125,,1664266093.0,,,,,W_Complete_preaccepted_appl,,,,,,A,,,102359.453125,,1664281147.0,,,,,W_Complete_preaccepted_appl,,,,,,A,,,102359.453125,,1664306795.0,,,,,A_ACCEPTED,,,,,,E,,,102359.453125,,1664306795.0,,,,,A_FINALIZED,,,,,,E,,,102359.453125,,1664308691.0,,,,,O_SELECTED,,,,,,C,,,102359.453125,,1664318195.0,,,,,O_CREATED,,,,,,C,,,102359.453125,,1664327557.0,,,,,O_SENT,,,,,,C,,,102359.453125,,1664338856.0,,,,,W_Call_after_offer,,,,,,A,,,102359.453125,,1664383082.0,,,,,O_SENT_BACK,,,,,,C,,,102359.453125,,1664411623.0,,,,,W_Assess_application,,,,,,A,,,102359.453125,,1664434204.0,,,,,W_Assess_application,,,,,,A,,,102359.453125,,1664448362.0,,,,,W_Assess_application,,,,,,A,,,102359.453125,,1664448362.0,,,,,O_SELECTED,,,,,,C,,,102359.453125,,1664461394.0,,,,,O_CREATED,,,,,,C,,,102359.453125,,1664518746.9999998,,,,,deviant
47,GEN47,23237.337890625,A_SUBMITTED,,,,,,E,,,92013.75,,1663535261.0,,,,,A_PARTLYSUBMITTED,,,,,,E,,,92013.75,,1663541607.0,,,,,W_Assess_fraud,,,,,,A,,,92013.75,,1663614499.9999998,,,,,A_PREACCEPTED,,,,,,E,,,92013.75,,1663615981.0,,,,,W_Complete_preaccepted_appl,,,,,,A,,,92013.75,,1663661749.0,,,,,W_Complete_preaccepted_appl,,,,,,A,,,92013.75,,1663712385.0,,,,,W_Complete_preaccepted_appl,,,,,,A,,,92013.75,,1663733685.0,,,,,W_Complete_preaccepted_appl,,,,,,A,,,92013.75,,1663733685.0,,,,,W_Complete_preaccepted_appl,,,,,,A,,,92013.75,,1663734850.0,,,,,A_ACCEPTED,,,,,,E,,,92013.75,,1663734961.0,,,,,A_FINALIZED,,,,,,E,,,92013.75,,1663734961.0,,,,,O_SELECTED,,,,,,C,,,92013.75,,1663738559.0,,,,,O_CREATED,,,,,,C,,,92013.75,,1663738559.0,,,,,O_SENT,,,,,,C,,,92013.75,,1663741849.0,,,,,W_Call_after_offer,,,,,,A,,,92013.75,,1663812703.0,,,,,W_Call_after_offer,,,,,,A,,,92013.75,,1663921681.0000002,,,,,W_Call_after_offer,,,,,,A,,,92013.75,,1664011637.0,,,,,W_Call_after_offer,,,,,,A,,,92013.75,,1664080433.0,,,,,W_Call_after_offer,,,,,,A,,,92013.75,,1664158215.0000002,,,,,W_Call_after_offer,,,,,,A,,,92013.75,,1664257401.9999998,,,,,deviant
48,GEN48,17963.12890625,A_SUBMITTED,,,,,,E,,,126131.921875,,1665582148.0,,,,,A_PARTLYSUBMITTED,,,,,,D,,,126131.921875,,1665585967.0,,,,,W_Assess_fraud,,,,,,A,,,126131.921875,,1665747757.0,,,,,A_PREACCEPTED,,,,,,E,,,126131.921875,,1665747757.0,,,,,W_Complete_preaccepted_appl,,,,,,A,,,126131.921875,,1665913781.0,,,,,W_Complete_preaccepted_appl,,,,,,A,,,126131.921875,,1666083612.0,,,,,A_ACCEPTED,,,,,,D,,,126131.921875,,1666083612.0,,,,,A_FINALIZED,,,,,,D,,,126131.921875,,1666090135.0,,,,,O_SELECTED,,,,,,C,,,126131.921875,,1666098176.0,,,,,O_CREATED,,,,,,C,,,126131.921875,,1666105064.0,,,,,O_SENT,,,,,,C,,,126131.921875,,1666113359.9999998,,,,,W_Call_after_offer,,,,,,A,,,126131.921875,,1666219600.0,,,,,O_SENT_BACK,,,,,,C,,,126131.921875,,1666221022.0000002,,,,,W_Assess_application,,,,,,A,,,126131.921875,,1666325091.0,,,,,W_Call_missing_information,,,,,,A,,,126131.921875,,1666363120.0,,,,,W_Call_missing_information,,,,,,A,,,126131.921875,,1666376760.0,,,,,W_Call_missing_information,,,,,,A,,,126131.921875,,1666408993.0,,,,,O_ACCEPTED,,,,,,C,,,126131.921875,,1666408993.0,,,,,A_APPROVED,,,,,,E,,,126131.921875,,1666408993.0,,,,,A_REGISTERED,,,,,,E,,,126131.921875,,1666413659.0,,,,,deviant
49,GEN49,15068.5419921875,A_SUBMITTED,,,,,,E,,,98888.7421875,,1663944585.0,,,,,A_PARTLYSUBMITTED,,,,,,E,,,98888.7421875,,1663946024.0,,,,,W_Assess_fraud,,,,,,A,,,98888.7421875,,1664074320.0,,,,,A_PREACCEPTED,,,,,,D,,,98888.7421875,,1664078297.0,,,,,W_Complete_preaccepted_appl,,,,,,A,,,98888.7421875,,1664231228.0000002,,,,,W_Complete_preaccepted_appl,,,,,,A,,,98888.7421875,,1664358576.0,,,,,A_ACCEPTED,,,,,,E,,,98888.7421875,,1664358763.0,,,,,A_FINALIZED,,,,,,D,,,98888.7421875,,1664367696.0,,,,,O_SELECTED,,,,,,C,,,98888.7421875,,1664377380.0,,,,,O_CREATED,,,,,,C,,,98888.7421875,,1664386592.0,,,,,O_SENT,,,,,,C,,,98888.7421875,,1664387300.0,,,,,W_Call_after_offer,,,,,,A,,,98888.7421875,,1664421606.0,,,,,O_CREATED,,,,,,C,,,98888.7421875,,1664455581.0,,,,,O_SENT,,,,,,C,,,98888.7421875,,1664490978.0,,,,,W_Call_after_offer,,,,,,A,,,98888.7421875,,1664561556.9999998,,,,,W_Call_after_offer,,,,,,A,,,98888.7421875,,1664620078.0,,,,,W_Call_after_offer,,,,,,C,,,98888.7421875,,1664667326.0,,,,,O_SELECTED,,,,,,C,,,98888.7421875,,1664689440.0,,,,,O_CREATED,,,,,,C,,,98888.7421875,,1664699620.9999998,,,,,O_SELECTED,,,,,,C,,,98888.7421875,,1664709344.0,,,,,deviant
50,GEN50,21300.7734375,A_SUBMITTED,,,,,,E,,,127105.109375,,1665640739.0,,,,,A_PARTLYSUBMITTED,,,,,,E,,,127105.109375,,1665642456.0000002,,,,,W_Assess_fraud,,,,,,A,,,127105.109375,,1665842060.0,,,,,A_PREACCEPTED,,,,,,D,,,127105.109375,,1665856076.0,,,,,W_Complete_preaccepted_appl,,,,,,A,,,127105.109375,,1666027630.0,,,,,W_Complete_preaccepted_appl,,,,,,A,,,127105.109375,,1666216323.0,,,,,W_Complete_preaccepted_appl,,,,,,A,,,127105.109375,,1666424850.0,,,,,A_ACCEPTED,,,,,,D,,,127105.109375,,1666438125.0,,,,,A_FINALIZED,,,,,,D,,,127105.109375,,1666444239.0,,,,,O_SELECTED,,,,,,C,,,127105.109375,,1666452166.0,,,,,O_CREATED,,,,,,C,,,127105.109375,,1666458550.9999998,,,,,O_SENT,,,,,,C,,,127105.109375,,1666468658.0,,,,,W_Call_after_offer,,,,,,A,,,127105.109375,,1666603122.0,,,,,O_SENT_BACK,,,,,,A,,,127105.109375,,1666748415.0,,,,,W_Assess_application,,,,,,A,,,127105.109375,,1666888063.0,,,,,W_Assess_application,,,,,,A,,,127105.109375,,1667103862.0,,,,,W_Assess_application,,,,,,A,,,127105.109375,,1667233926.0,,,,,O_ACCEPTED,,,,,,C,,,127105.109375,,1667237136.0,,,,,A_REGISTERED,,,,,,D,,,127105.109375,,1667243981.0,,,,,A_ACTIVATED,,,,,,D,,,127105.109375,,1667251619.0,,,,,deviant
51,GEN51,13373.7763671875,A_SUBMITTED,,,,,,E,,,134638.78125,,1666090356.0,,,,,A_PARTLYSUBMITTED,,,,,,E,,,134638.78125,,1666100275.0,,,,,W_Assess_fraud,,,,,,A,,,134638.78125,,1666358704.0,,,,,A_PREACCEPTED,,,,,,E,,,134638.78125,,1666428769.0,,,,,W_Complete_preaccepted_appl,,,,,,A,,,134638.78125,,1666684522.0,,,,,W_Complete_preaccepted_appl,,,,,,A,,,134638.78125,,1666939253.0,,,,,W_Complete_preaccepted_appl,,,,,,A,,,134638.78125,,1667206969.0,,,,,W_Complete_preaccepted_appl,,,,,,A,,,134638.78125,,1667509984.0000002,,,,,W_Complete_preaccepted_appl,,,,,,A,,,134638.78125,,1667782368.0,,,,,A_ACCEPTED,,,,,,E,,,134638.78125,,1667829240.0000002,,,,,A_FINALIZED,,,,,,D,,,134638.78125,,1667841259.0,,,,,O_SELECTED,,,,,,C,,,134638.78125,,1667851021.0,,,,,O_SENT,,,,,,C,,,134638.78125,,1667863693.0,,,,,O_SENT,,,,,,C,,,134638.78125,,1667909973.0,,,,,O_SENT_BACK,,,,,,C,,,134638.78125,,1667986900.0,,,,,W_Assess_application,,,,,,C,,,134638.78125,,1668168670.0,,,,,W_Call_missing_information,,,,,,A,,,134638.78125,,1668390191.0,,,,,W_Call_missing_information,,,,,,A,,,134638.78125,,1668638154.0,,,,,W_Call_missing_information,,,,,,A,,,134638.78125,,1668916536.0,,,,,W_Call_missing_information,,,,,,A,,,134638.78125,,1669204157.0000002,,,,,deviant
52,GEN52,20252.662109375,A_SUBMITTED,,,,,,E,,,80833.30468749999,,1662866233.0,,,,,A_PARTLYSUBMITTED,,,,,,E,,,80833.30468749999,,1662866233.0,,,,,W_Assess_fraud,,,,,,A,,,80833.30468749999,,1662953366.0,,,,,A_PREACCEPTED,,,,,,E,,,80833.30468749999,,1662970849.0,,,,,W_Complete_preaccepted_appl,,,,,,A,,,80833.30468749999,,1663042728.0,,,,,W_Complete_preaccepted_appl,,,,,,A,,,80833.30468749999,,1663113272.0,,,,,W_Complete_preaccepted_appl,,,,,,A,,,80833.30468749999,,1663170425.0,,,,,W_Complete_preaccepted_appl,,,,,,A,,,80833.30468749999,,1663208640.0,,,,,A_ACCEPTED,,,,,,E,,,80833.30468749999,,1663208640.0,,,,,A_FINALIZED,,,,,,D,,,80833.30468749999,,1663218894.0,,,,,O_SELECTED,,,,,,C,,,80833.30468749999,,1663229109.0,,,,,O_CREATED,,,,,,C,,,80833.30468749999,,1663239149.0,,,,,O_SENT,,,,,,C,,,80833.30468749999,,1663250135.0,,,,,W_Call_after_offer,,,,,,A,,,80833.30468749999,,1663286358.0,,,,,W_Call_after_offer,,,,,,A,,,80833.30468749999,,1663391833.0,,,,,W_Assess_application,,,,,,A,,,80833.30468749999,,1663555422.0,,,,,W_Assess_application,,,,,,A,,,80833.30468749999,,1663729842.0,,,,,W_Assess_application,,,,,,A,,,80833.30468749999,,1663873547.0,,,,,W_Call_missing_information,,,,,,A,,,80833.30468749999,,1663997107.0,,,,,O_CANCELLED,,,,,,C,,,80833.30468749999,,1664116376.0,,,,,deviant
53,GEN53,21779.6640625,A_SUBMITTED,,,,,,E,,,160299.6875,,1667630993.0,,,,,A_PARTLYSUBMITTED,,,,,,E,,,160299.6875,,1667639227.0,,,,,W_Assess_fraud,,,,,,A,,,160299.6875,,1667865658.0,,,,,A_PREACCEPTED,,,,,,E,,,160299.6875,,1667891520.0,,,,,W_Complete_preaccepted_appl,,,,,,A,,,160299.6875,,1668151325.0000002,,,,,W_Complete_preaccepted_appl,,,,,,A,,,160299.6875,,1668455411.0,,,,,W_Complete_preaccepted_appl,,,,,,A,,,160299.6875,,1668758641.0,,,,,W_Complete_preaccepted_appl,,,,,,A,,,160299.6875,,1669030382.0,,,,,W_Complete_preaccepted_appl,,,,,,A,,,160299.6875,,1669296104.0,,,,,A_ACCEPTED,,,,,,E,,,160299.6875,,1669316017.0,,,,,A_FINALIZED,,,,,,E,,,160299.6875,,1669319884.0,,,,,O_SELECTED,,,,,,C,,,160299.6875,,1669326167.0,,,,,O_CREATED,,,,,,C,,,160299.6875,,1669333342.0,,,,,O_SENT,,,,,,C,,,160299.6875,,1669343089.9999998,,,,,O_SELECTED,,,,,,C,,,160299.6875,,1669416846.0000002,,,,,O_CREATED,,,,,,C,,,160299.6875,,1669486830.0000002,,,,,O_SENT,,,,,,C,,,160299.6875,,1669526686.0,,,,,O_SELECTED,,,,,,C,,,160299.6875,,1669739506.0,,,,,O_CREATED,,,,,,C,,,160299.6875,,1669810501.0,,,,,O_SENT,,,,,,C,,,160299.6875,,1669914713.0,,,,,deviant
54,GEN54,19934.896484375,A_SUBMITTED,,,,,,E,,,106286.6015625,,1664394982.0,,,,,A_PARTLYSUBMITTED,,,,,,E,,,106286.6015625,,1664395160.0,,,,,W_Assess_fraud,,,,,,A,,,106286.6015625,,1664562404.0,,,,,A_PREACCEPTED,,,,,,E,,,106286.6015625,,1664587158.0,,,,,W_Complete_preaccepted_appl,,,,,,A,,,106286.6015625,,1664699217.0,,,,,W_Complete_preaccepted_appl,,,,,,A,,,106286.6015625,,1664845196.0,,,,,W_Complete_preaccepted_appl,,,,,,A,,,106286.6015625,,1664993331.0,,,,,A_ACCEPTED,,,,,,E,,,106286.6015625,,1665005757.0,,,,,A_FINALIZED,,,,,,E,,,106286.6015625,,1665014823.0,,,,,O_SELECTED,,,,,,C,,,106286.6015625,,1665023316.0,,,,,O_CREATED,,,,,,C,,,106286.6015625,,1665031452.0,,,,,O_SENT,,,,,,C,,,106286.6015625,,1665041077.0,,,,,W_Call_after_offer,,,,,,A,,,106286.6015625,,1665121453.0,,,,,W_Call_after_offer,,,,,,C,,,106286.6015625,,1665177637.0,,,,,W_Assess_application,,,,,,A,,,106286.6015625,,1665222543.0000002,,,,,W_Assess_application,,,,,,A,,,106286.6015625,,1665263847.0,,,,,O_SENT,,,,,,C,,,106286.6015625,,1665291710.0,,,,,W_Call_after_offer,,,,,,C,,,106286.6015625,,1665335330.0,,,,,W_Call_after_offer,,,,,,C,,,106286.6015625,,1665413070.0,,,,,O_CREATED,,,,,,C,,,106286.6015625,,1665538804.0,,,,,deviant
55,GEN55,19987.384765625,A_SUBMITTED,,,,,,E,,,97305.515625,,1663849989.0,,,,,A_PARTLYSUBMITTED,,,,,,E,,,97305.515625,,1663852171.0,,,,,W_Assess_fraud,,,,,,A,,,97305.515625,,1663920298.0,,,,,A_PREACCEPTED,,,,,,E,,,97305.515625,,1663935704.0,,,,,W_Complete_preaccepted_appl,,,,,,A,,,97305.515625,,1664026189.0,,,,,W_Complete_preaccepted_appl,,,,,,A,,,97305.515625,,1664183145.0,,,,,W_Complete_preaccepted_appl,,,,,,A,,,97305.515625,,1664327442.0,,,,,A_ACCEPTED,,,,,,E,,,97305.515625,,1664339309.0,,,,,A_FINALIZED,,,,,,E,,,97305.515625,,1664348289.0,,,,,O_SELECTED,,,,,,C,,,97305.515625,,1664357381.0,,,,,O_SELECTED,,,,,,C,,,97305.515625,,1664366995.9999998,,,,,O_CREATED,,,,,,C,,,97305.515625,,1664377095.9999998,,,,,O_SENT,,,,,,C,,,97305.515625,,1664390094.9999998,,,,,O_SELECTED,,,,,,C,,,97305.515625,,1664480972.0,,,,,O_CREATED,,,,,,C,,,97305.515625,,1664517445.0,,,,,O_SENT,,,,,,C,,,97305.515625,,1664547987.0,,,,,O_SENT,,,,,,C,,,97305.515625,,1664599763.0,,,,,O_SELECTED,,,,,,C,,,97305.515625,,1664681819.0,,,,,O_CREATED,,,,,,C,,,97305.515625,,1664759143.0,,,,,O_SENT,,,,,,C,,,97305.515625,,1664807191.0,,,,,deviant
56,GEN56,20393.076171875,A_SUBMITTED,,,,,,E,,,94879.2890625,,1663706614.0,,,,,A_PARTLYSUBMITTED,,,,,,E,,,94879.2890625,,1663707975.0,,,,,W_Assess_fraud,,,,,,A,,,94879.2890625,,1663821977.0,,,,,A_PREACCEPTED,,,,,,D,,,94879.2890625,,1663828510.0,,,,,W_Complete_preaccepted_appl,,,,,,A,,,94879.2890625,,1663934273.0,,,,,W_Complete_preaccepted_appl,,,,,,A,,,94879.2890625,,1664042846.0,,,,,A_ACCEPTED,,,,,,D,,,94879.2890625,,1664042846.0,,,,,A_FINALIZED,,,,,,E,,,94879.2890625,,1664042846.0,,,,,O_SELECTED,,,,,,C,,,94879.2890625,,1664045619.0,,,,,O_CREATED,,,,,,C,,,94879.2890625,,1664045619.0,,,,,O_SENT,,,,,,C,,,94879.2890625,,1664045618.9999998,,,,,W_Call_after_offer,,,,,,A,,,94879.2890625,,1664141507.0,,,,,W_Call_after_offer,,,,,,A,,,94879.2890625,,1664267885.0,,,,,W_Call_after_offer,,,,,,A,,,94879.2890625,,1664354440.0,,,,,W_Call_after_offer,,,,,,A,,,94879.2890625,,1664419719.0,,,,,W_Call_after_offer,,,,,,A,,,94879.2890625,,1664464250.0,,,,,W_Assess_application,,,,,,A,,,94879.2890625,,1664526694.0,,,,,W_Assess_application,,,,,,A,,,94879.2890625,,1664628813.9999998,,,,,W_Assess_application,,,,,,A,,,94879.2890625,,1664742155.0000002,,,,,W_Assess_application,,,,,,A,,,94879.2890625,,1664865825.0,,,,,deviant
57,GEN57,22358.42578125,A_SUBMITTED,,,,,,E,,,102702.8828125,,1664179376.0,,,,,A_PARTLYSUBMITTED,,,,,,E,,,102702.8828125,,1664183970.0,,,,,W_Assess_fraud,,,,,,A,,,102702.8828125,,1664325549.0,,,,,A_PREACCEPTED,,,,,,E,,,102702.8828125,,1664336615.0,,,,,W_Complete_preaccepted_appl,,,,,,A,,,102702.8828125,,1664480837.0,,,,,W_Complete_preaccepted_appl,,,,,,A,,,102702.8828125,,1664644887.0,,,,,W_Complete_preaccepted_appl,,,,,,A,,,102702.8828125,,1664789478.0,,,,,A_ACCEPTED,,,,,,E,,,102702.8828125,,1664790365.0,,,,,A_FINALIZED,,,,,,E,,,102702.8828125,,1664799364.0000002,,,,,O_SELECTED,,,,,,C,,,102702.8828125,,1664809730.0,,,,,O_CREATED,,,,,,C,,,102702.8828125,,1664820814.0,,,,,O_SENT,,,,,,C,,,102702.8828125,,1664832220.0,,,,,W_Call_after_offer,,,,,,A,,,102702.8828125,,1665056302.0,,,,,W_Call_after_offer,,,,,,A,,,102702.8828125,,1665264201.0,,,,,W_Call_after_offer,,,,,,A,,,102702.8828125,,1665412291.0,,,,,W_Call_after_offer,,,,,,A,,,102702.8828125,,1665513291.0,,,,,W_Call_after_offer,,,,,,A,,,102702.8828125,,1665630414.0,,,,,W_Assess_application,,,,,,A,,,102702.8828125,,1665720331.0,,,,,W_Assess_application,,,,,,A,,,102702.8828125,,1665790137.0,,,,,W_Assess_application,,,,,,A,,,102702.8828125,,1665877509.0,,,,,deviant
58,GEN58,21567.304687500004,A_SUBMITTED,,,,,,E,,,126087.57031250004,,1665578546.0,,,,,A_PARTLYSUBMITTED,,,,,,E,,,126087.57031250004,,1665578546.0,,,,,W_Assess_fraud,,,,,,A,,,126087.57031250004,,1665778704.0,,,,,A_PREACCEPTED,,,,,,D,,,126087.57031250004,,1665778704.0,,,,,W_Complete_preaccepted_appl,,,,,,A,,,126087.57031250004,,1665984615.0,,,,,W_Complete_preaccepted_appl,,,,,,A,,,126087.57031250004,,1666158654.0,,,,,A_ACCEPTED,,,,,,E,,,126087.57031250004,,1666161378.0,,,,,A_FINALIZED,,,,,,E,,,126087.57031250004,,1666165722.0,,,,,O_SELECTED,,,,,,C,,,126087.57031250004,,1666172574.0,,,,,O_CREATED,,,,,,C,,,126087.57031250004,,1666178987.0,,,,,O_SENT,,,,,,C,,,126087.57031250004,,1666187925.0,,,,,W_Call_after_offer,,,,,,A,,,126087.57031250004,,1666292034.0,,,,,W_Call_after_offer,,,,,,C,,,126087.57031250004,,1666364897.0,,,,,W_Call_after_offer,,,,,,C,,,126087.57031250004,,1666450674.0,,,,,W_Call_after_offer,,,,,,C,,,126087.57031250004,,1666560682.0,,,,,W_Call_after_offer,,,,,,A,,,126087.57031250004,,1666687056.0,,,,,W_Call_after_offer,,,,,,A,,,126087.57031250004,,1666815020.0,,,,,W_Call_after_offer,,,,,,A,,,126087.57031250004,,1666945298.0,,,,,W_Call_after_offer,,,,,,A,,,126087.57031250004,,1667106799.0,,,,,W_Call_after_offer,,,,,,A,,,126087.57031250004,,1667293541.9999998,,,,,deviant
59,GEN59,20149.916015625,A_SUBMITTED,,,,,,E,,,93797.21875,,1663640033.0,,,,,A_PARTLYSUBMITTED,,,,,,E,,,93797.21875,,1663646203.0,,,,,W_Assess_fraud,,,,,,A,,,93797.21875,,1663753316.0,,,,,A_PREACCEPTED,,,,,,D,,,93797.21875,,1663753709.0,,,,,W_Complete_preaccepted_appl,,,,,,A,,,93797.21875,,1663885742.0,,,,,W_Complete_preaccepted_appl,,,,,,A,,,93797.21875,,1664051087.0,,,,,W_Complete_preaccepted_appl,,,,,,A,,,93797.21875,,1664215475.0,,,,,W_Complete_preaccepted_appl,,,,,,A,,,93797.21875,,1664393853.0,,,,,W_Complete_preaccepted_appl,,,,,,A,,,93797.21875,,1664549619.0,,,,,A_ACCEPTED,,,,,,E,,,93797.21875,,1664549619.0,,,,,A_FINALIZED,,,,,,E,,,93797.21875,,1664549619.0,,,,,O_SELECTED,,,,,,C,,,93797.21875,,1664549619.0,,,,,O_CREATED,,,,,,C,,,93797.21875,,1664555209.0,,,,,O_SENT,,,,,,C,,,93797.21875,,1664560801.0,,,,,W_Call_after_offer,,,,,,A,,,93797.21875,,1664674066.0000002,,,,,W_Call_after_offer,,,,,,A,,,93797.21875,,1664828809.0000002,,,,,W_Call_after_offer,,,,,,A,,,93797.21875,,1665061048.0,,,,,W_Call_after_offer,,,,,,A,,,93797.21875,,1665322696.0,,,,,W_Call_after_offer,,,,,,A,,,93797.21875,,1665586425.0,,,,,W_Assess_application,,,,,,A,,,93797.21875,,1665832201.0,,,,,deviant
60,GEN60,14127.8740234375,A_SUBMITTED,,,,,,E,,,97625.5859375,,1663868796.0,,,,,A_PARTLYSUBMITTED,,,,,,E,,,97625.5859375,,1663868796.0,,,,,W_Assess_fraud,,,,,,A,,,97625.5859375,,1664023503.0,,,,,A_PREACCEPTED,,,,,,E,,,97625.5859375,,1664023503.0,,,,,W_Complete_preaccepted_appl,,,,,,A,,,97625.5859375,,1664237130.0,,,,,W_Complete_preaccepted_appl,,,,,,A,,,97625.5859375,,1664353481.0,,,,,A_ACCEPTED,,,,,,D,,,97625.5859375,,1664372398.0,,,,,A_FINALIZED,,,,,,D,,,97625.5859375,,1664376231.0,,,,,O_SELECTED,,,,,,C,,,97625.5859375,,1664385089.9999998,,,,,O_CREATED,,,,,,C,,,97625.5859375,,1664400011.0,,,,,O_SENT,,,,,,C,,,97625.5859375,,1664440957.0,,,,,W_Call_after_offer,,,,,,A,,,97625.5859375,,1664593417.0,,,,,O_SENT_BACK,,,,,,C,,,97625.5859375,,1664616963.9999998,,,,,W_Assess_application,,,,,,C,,,97625.5859375,,1664754232.0,,,,,W_Assess_application,,,,,,C,,,97625.5859375,,1664796232.0,,,,,O_ACCEPTED,,,,,,C,,,97625.5859375,,1664804843.0,,,,,A_APPROVED,,,,,,D,,,97625.5859375,,1664813183.0,,,,,A_REGISTERED,,,,,,D,,,97625.5859375,,1664821581.0,,,,,A_ACTIVATED,,,,,,D,,,97625.5859375,,1664830682.0,,,,,0,,,,,,0,,,49805.12109375,,1662146808.0,,,,,deviant
61,GEN61,14386.666015625,A_SUBMITTED,,,,,,E,,,134518.0625,,1666084901.0,,,,,A_PARTLYSUBMITTED,,,,,,E,,,134518.0625,,1666092642.0,,,,,W_Assess_fraud,,,,,,A,,,134518.0625,,1666317695.0,,,,,A_PREACCEPTED,,,,,,D,,,134518.0625,,1666324368.0,,,,,W_Complete_preaccepted_appl,,,,,,A,,,134518.0625,,1666561585.0,,,,,W_Complete_preaccepted_appl,,,,,,A,,,134518.0625,,1666804841.0,,,,,W_Complete_preaccepted_appl,,,,,,A,,,134518.0625,,1667046820.0,,,,,W_Complete_preaccepted_appl,,,,,,A,,,134518.0625,,1667282122.0,,,,,W_Complete_preaccepted_appl,,,,,,A,,,134518.0625,,1667530780.0,,,,,W_Complete_preaccepted_appl,,,,,,A,,,134518.0625,,1667785238.0000002,,,,,W_Complete_preaccepted_appl,,,,,,A,,,134518.0625,,1667992374.0,,,,,A_ACCEPTED,,,,,,E,,,134518.0625,,1667992374.0,,,,,A_FINALIZED,,,,,,E,,,134518.0625,,1667994167.0,,,,,O_SELECTED,,,,,,C,,,134518.0625,,1667999082.0,,,,,O_CREATED,,,,,,C,,,134518.0625,,1668011403.9999998,,,,,O_SENT,,,,,,C,,,134518.0625,,1668032181.0,,,,,W_Call_after_offer,,,,,,A,,,134518.0625,,1668338835.0,,,,,O_SENT_BACK,,,,,,A,,,134518.0625,,1668546182.0,,,,,W_Assess_application,,,,,,A,,,134518.0625,,1668814152.0,,,,,W_Assess_application,,,,,,A,,,134518.0625,,1669047637.0,,,,,deviant
62,GEN62,19276.3046875,A_SUBMITTED,,,,,,D,,,102861.9140625,,1664182975.0,,,,,A_PARTLYSUBMITTED,,,,,,D,,,102861.9140625,,1664186148.0,,,,,W_Assess_fraud,,,,,,A,,,102861.9140625,,1664338820.0,,,,,A_PREACCEPTED,,,,,,D,,,102861.9140625,,1664344436.0,,,,,W_Complete_preaccepted_appl,,,,,,A,,,102861.9140625,,1664488244.0,,,,,A_ACCEPTED,,,,,,D,,,102861.9140625,,1664488244.0,,,,,A_FINALIZED,,,,,,D,,,102861.9140625,,1664492294.0000002,,,,,O_SELECTED,,,,,,C,,,102861.9140625,,1664499280.0,,,,,O_CREATED,,,,,,C,,,102861.9140625,,1664506887.0,,,,,O_SENT,,,,,,C,,,102861.9140625,,1664515817.0,,,,,W_Call_after_offer,,,,,,A,,,102861.9140625,,1664621086.0,,,,,W_Call_after_offer,,,,,,A,,,102861.9140625,,1664703216.0000002,,,,,W_Call_after_offer,,,,,,C,,,102861.9140625,,1664771512.0,,,,,W_Call_after_offer,,,,,,A,,,102861.9140625,,1664877536.0,,,,,W_Call_after_offer,,,,,,A,,,102861.9140625,,1665010236.0,,,,,W_Call_after_offer,,,,,,A,,,102861.9140625,,1665122131.0000002,,,,,W_Call_after_offer,,,,,,A,,,102861.9140625,,1665244013.0,,,,,W_Assess_application,,,,,,A,,,102861.9140625,,1665334231.0,,,,,W_Assess_application,,,,,,A,,,102861.9140625,,1665405292.0,,,,,W_Assess_application,,,,,,A,,,102861.9140625,,1665496722.9999998,,,,,deviant
63,GEN63,21485.607421875,A_SUBMITTED,,,,,,E,,,132772.609375,,1665981732.0,,,,,A_PARTLYSUBMITTED,,,,,,E,,,132772.609375,,1665984490.0,,,,,W_Assess_fraud,,,,,,A,,,132772.609375,,1666201995.0,,,,,A_PREACCEPTED,,,,,,D,,,132772.609375,,1666234156.0,,,,,W_Complete_preaccepted_appl,,,,,,A,,,132772.609375,,1666445409.0,,,,,W_Complete_preaccepted_appl,,,,,,A,,,132772.609375,,1666669902.0,,,,,W_Complete_preaccepted_appl,,,,,,A,,,132772.609375,,1666912516.0,,,,,A_ACCEPTED,,,,,,D,,,132772.609375,,1666930610.0,,,,,A_FINALIZED,,,,,,D,,,132772.609375,,1666934761.0,,,,,O_SELECTED,,,,,,C,,,132772.609375,,1666941598.0,,,,,O_CREATED,,,,,,C,,,132772.609375,,1666947811.0,,,,,O_SENT,,,,,,C,,,132772.609375,,1666956375.0,,,,,W_Call_after_offer,,,,,,A,,,132772.609375,,1667135896.0,,,,,W_Call_after_offer,,,,,,A,,,132772.609375,,1667330513.0,,,,,W_Assess_application,,,,,,A,,,132772.609375,,1667513595.0,,,,,W_Assess_application,,,,,,A,,,132772.609375,,1667797765.0,,,,,W_Assess_application,,,,,,A,,,132772.609375,,1668023136.0,,,,,O_ACCEPTED,,,,,,C,,,132772.609375,,1668023136.0,,,,,A_APPROVED,,,,,,D,,,132772.609375,,1668029567.0,,,,,A_REGISTERED,,,,,,D,,,132772.609375,,1668035196.0,,,,,deviant
64,GEN64,17197.81640625,A_SUBMITTED,,,,,,E,,,101304.4140625,,1664089990.0,,,,,A_PARTLYSUBMITTED,,,,,,D,,,101304.4140625,,1664093929.0,,,,,W_Assess_fraud,,,,,,A,,,101304.4140625,,1664262765.0,,,,,A_PREACCEPTED,,,,,,E,,,101304.4140625,,1664262765.0,,,,,W_Complete_preaccepted_appl,,,,,,A,,,101304.4140625,,1664419355.0,,,,,A_ACCEPTED,,,,,,E,,,101304.4140625,,1664419355.0,,,,,A_FINALIZED,,,,,,E,,,101304.4140625,,1664421079.0,,,,,O_SELECTED,,,,,,C,,,101304.4140625,,1664428672.0,,,,,O_CREATED,,,,,,C,,,101304.4140625,,1664435837.0,,,,,O_SENT,,,,,,C,,,101304.4140625,,1664444202.0,,,,,W_Call_after_offer,,,,,,A,,,101304.4140625,,1664634770.9999998,,,,,O_SENT_BACK,,,,,,A,,,101304.4140625,,1664787005.0,,,,,W_Assess_application,,,,,,A,,,101304.4140625,,1664839232.0,,,,,W_Assess_application,,,,,,A,,,101304.4140625,,1665015311.0,,,,,W_Assess_application,,,,,,A,,,101304.4140625,,1665200916.0,,,,,W_Call_missing_information,,,,,,A,,,101304.4140625,,1665379874.9999998,,,,,W_Call_missing_information,,,,,,A,,,101304.4140625,,1665544283.0,,,,,W_Call_missing_information,,,,,,A,,,101304.4140625,,1665712086.0,,,,,W_Call_missing_information,,,,,,A,,,101304.4140625,,1665885700.9999998,,,,,W_Call_missing_information,,,,,,A,,,101304.4140625,,1666068318.0,,,,,deviant
65,GEN65,24263.925781250004,A_SUBMITTED,,,,,,E,,,160157.84375,,1667620731.0,,,,,A_PARTLYSUBMITTED,,,,,,D,,,160157.84375,,1667622108.0,,,,,W_Assess_fraud,,,,,,A,,,160157.84375,,1667894321.0,,,,,A_PREACCEPTED,,,,,,E,,,160157.84375,,1667894321.0,,,,,W_Complete_preaccepted_appl,,,,,,A,,,160157.84375,,1668201438.0,,,,,W_Complete_preaccepted_appl,,,,,,A,,,160157.84375,,1668476381.0,,,,,W_Complete_preaccepted_appl,,,,,,A,,,160157.84375,,1668736520.0,,,,,W_Complete_preaccepted_appl,,,,,,A,,,160157.84375,,1668988654.0,,,,,W_Complete_preaccepted_appl,,,,,,A,,,160157.84375,,1669240355.0,,,,,W_Complete_preaccepted_appl,,,,,,A,,,160157.84375,,1669499659.0,,,,,W_Complete_preaccepted_appl,,,,,,A,,,160157.84375,,1669765315.0,,,,,A_ACCEPTED,,,,,,D,,,160157.84375,,1669817935.0,,,,,A_FINALIZED,,,,,,E,,,160157.84375,,1669822475.0,,,,,O_SELECTED,,,,,,C,,,160157.84375,,1669828571.0,,,,,O_CREATED,,,,,,C,,,160157.84375,,1669834407.0,,,,,O_SENT,,,,,,C,,,160157.84375,,1669858178.0,,,,,W_Call_after_offer,,,,,,C,,,160157.84375,,1670153360.0,,,,,O_CREATED,,,,,,C,,,160157.84375,,1670369606.0,,,,,O_SENT,,,,,,C,,,160157.84375,,1670542735.0,,,,,W_Call_after_offer,,,,,,A,,,160157.84375,,1670819943.0,,,,,deviant
66,GEN66,19266.412109375,A_SUBMITTED,,,,,,E,,,114528.9453125,,1664885625.0,,,,,A_PARTLYSUBMITTED,,,,,,E,,,114528.9453125,,1664888042.0,,,,,W_Assess_fraud,,,,,,A,,,114528.9453125,,1665012298.0,,,,,A_PREACCEPTED,,,,,,D,,,114528.9453125,,1665020218.0,,,,,W_Complete_preaccepted_appl,,,,,,A,,,114528.9453125,,1665115034.0000002,,,,,W_Complete_preaccepted_appl,,,,,,A,,,114528.9453125,,1665202352.0,,,,,A_ACCEPTED,,,,,,E,,,114528.9453125,,1665202352.0,,,,,A_FINALIZED,,,,,,E,,,114528.9453125,,1665202352.0,,,,,O_SELECTED,,,,,,C,,,114528.9453125,,1665202352.0,,,,,O_CREATED,,,,,,C,,,114528.9453125,,1665202352.0,,,,,O_SENT,,,,,,C,,,114528.9453125,,1665202352.0,,,,,W_Call_after_offer,,,,,,A,,,114528.9453125,,1665241087.0,,,,,W_Call_after_offer,,,,,,A,,,114528.9453125,,1665302555.0,,,,,W_Call_after_offer,,,,,,A,,,114528.9453125,,1665363252.0,,,,,W_Assess_application,,,,,,A,,,114528.9453125,,1665405141.0,,,,,W_Assess_application,,,,,,A,,,114528.9453125,,1665458087.0,,,,,W_Assess_application,,,,,,A,,,114528.9453125,,1665561921.9999998,,,,,W_Assess_application,,,,,,A,,,114528.9453125,,1665648776.0,,,,,W_Assess_application,,,,,,A,,,114528.9453125,,1665718970.0,,,,,W_Assess_application,,,,,,A,,,114528.9453125,,1665818906.0,,,,,deviant
67,GEN67,20146.44140625,A_SUBMITTED,,,,,,E,,,97921.390625,,1663888663.0,,,,,A_PARTLYSUBMITTED,,,,,,E,,,97921.390625,,1663891088.0,,,,,W_Assess_fraud,,,,,,A,,,97921.390625,,1663991549.0,,,,,A_PREACCEPTED,,,,,,D,,,97921.390625,,1663996159.0,,,,,W_Complete_preaccepted_appl,,,,,,A,,,97921.390625,,1664131043.0,,,,,A_ACCEPTED,,,,,,E,,,97921.390625,,1664131043.0,,,,,A_FINALIZED,,,,,,E,,,97921.390625,,1664138254.0,,,,,O_SELECTED,,,,,,C,,,97921.390625,,1664142340.0,,,,,O_CREATED,,,,,,C,,,97921.390625,,1664146141.9999998,,,,,O_SENT,,,,,,C,,,97921.390625,,1664152744.9999998,,,,,W_Call_after_offer,,,,,,A,,,97921.390625,,1664282085.0,,,,,W_Call_after_offer,,,,,,A,,,97921.390625,,1664422280.0,,,,,W_Call_after_offer,,,,,,A,,,97921.390625,,1664590450.0,,,,,W_Call_after_offer,,,,,,A,,,97921.390625,,1664748679.0,,,,,W_Call_after_offer,,,,,,A,,,97921.390625,,1664845663.0,,,,,W_Call_after_offer,,,,,,A,,,97921.390625,,1664928019.0,,,,,W_Call_after_offer,,,,,,A,,,97921.390625,,1665009319.0,,,,,W_Call_missing_information,,,,,,A,,,97921.390625,,1665129991.0,,,,,W_Call_missing_information,,,,,,A,,,97921.390625,,1665239575.0,,,,,O_CREATED,,,,,,C,,,97921.390625,,1665289034.0,,,,,deviant
68,GEN68,19645.4140625,A_SUBMITTED,,,,,,E,,,161149.453125,,1667682671.0,,,,,A_PARTLYSUBMITTED,,,,,,E,,,161149.453125,,1667685766.0,,,,,W_Assess_fraud,,,,,,A,,,161149.453125,,1667900832.0,,,,,A_PREACCEPTED,,,,,,E,,,161149.453125,,1667910263.0,,,,,W_Complete_preaccepted_appl,,,,,,A,,,161149.453125,,1668115605.0,,,,,W_Complete_preaccepted_appl,,,,,,A,,,161149.453125,,1668168537.0,,,,,A_ACCEPTED,,,,,,D,,,161149.453125,,1668178089.0,,,,,0,,,,,,0,,,49805.12109375,,1661616410.0,,,,,0,,,,,,0,,,49805.12109375,,1661719985.0,,,,,0,,,,,,0,,,49805.12109375,,1661719985.0,,,,,0,,,,,,0,,,49805.12109375,,1661719985.0,,,,,0,,,,,,0,,,49805.12109375,,1661719985.0,,,,,0,,,,,,0,,,49805.12109375,,1661719985.0,,,,,0,,,,,,0,,,49805.12109375,,1661722831.0,,,,,0,,,,,,0,,,49805.12109375,,1661741263.0,,,,,0,,,,,,0,,,49805.12109375,,1661757591.0,,,,,0,,,,,,0,,,49805.12109375,,1661806399.9999998,,,,,0,,,,,,0,,,49805.12109375,,1661902904.0,,,,,0,,,,,,0,,,49805.12109375,,1662023352.0,,,,,0,,,,,,0,,,49805.12109375,,1662146808.0,,,,,deviant
69,GEN69,12818.4599609375,A_SUBMITTED,,,,,,E,,,113174.1796875,,1664806496.0,,,,,A_PARTLYSUBMITTED,,,,,,E,,,113174.1796875,,1664813464.0,,,,,W_Assess_fraud,,,,,,A,,,113174.1796875,,1665066783.0,,,,,A_PREACCEPTED,,,,,,D,,,113174.1796875,,1665103938.0,,,,,W_Complete_preaccepted_appl,,,,,,A,,,113174.1796875,,1665391400.0,,,,,W_Complete_preaccepted_appl,,,,,,A,,,113174.1796875,,1665683864.0,,,,,W_Complete_preaccepted_appl,,,,,,A,,,113174.1796875,,1665954196.0,,,,,W_Complete_preaccepted_appl,,,,,,A,,,113174.1796875,,1666231545.0,,,,,W_Complete_preaccepted_appl,,,,,,A,,,113174.1796875,,1666533261.0,,,,,A_ACCEPTED,,,,,,E,,,113174.1796875,,1666533261.0,,,,,A_FINALIZED,,,,,,E,,,113174.1796875,,1666542258.0,,,,,O_SELECTED,,,,,,C,,,113174.1796875,,1666549115.0,,,,,O_CREATED,,,,,,C,,,113174.1796875,,1666557052.0,,,,,O_SENT,,,,,,C,,,113174.1796875,,1666557052.0000002,,,,,W_Call_after_offer,,,,,,A,,,113174.1796875,,1666837956.0,,,,,W_Call_after_offer,,,,,,C,,,113174.1796875,,1667045634.0,,,,,W_Call_after_offer,,,,,,C,,,113174.1796875,,1667211080.0,,,,,W_Assess_application,,,,,,A,,,113174.1796875,,1667458111.0,,,,,W_Assess_application,,,,,,A,,,113174.1796875,,1667680726.0,,,,,W_Assess_application,,,,,,A,,,113174.1796875,,1667926205.0,,,,,deviant
70,GEN70,23992.125,A_SUBMITTED,,,,,,E,,,114406.9609375,,1664875678.0,,,,,A_PARTLYSUBMITTED,,,,,,D,,,114406.9609375,,1664879220.0,,,,,W_Assess_fraud,,,,,,A,,,114406.9609375,,1664990514.0,,,,,A_PREACCEPTED,,,,,,E,,,114406.9609375,,1664990514.0,,,,,W_Complete_preaccepted_appl,,,,,,A,,,114406.9609375,,1665089080.0,,,,,W_Complete_preaccepted_appl,,,,,,A,,,114406.9609375,,1665157770.0,,,,,W_Complete_preaccepted_appl,,,,,,A,,,114406.9609375,,1665219802.0,,,,,W_Complete_preaccepted_appl,,,,,,A,,,114406.9609375,,1665275339.0,,,,,W_Complete_preaccepted_appl,,,,,,A,,,114406.9609375,,1665323661.0,,,,,W_Complete_preaccepted_appl,,,,,,A,,,114406.9609375,,1665348595.0,,,,,W_Complete_preaccepted_appl,,,,,,A,,,114406.9609375,,1665371292.0,,,,,W_Complete_preaccepted_appl,,,,,,A,,,114406.9609375,,1665426259.0,,,,,W_Complete_preaccepted_appl,,,,,,A,,,114406.9609375,,1665507590.0,,,,,A_ACCEPTED,,,,,,E,,,114406.9609375,,1665522724.0,,,,,A_FINALIZED,,,,,,E,,,114406.9609375,,1665533297.0,,,,,O_SELECTED,,,,,,C,,,114406.9609375,,1665543181.9999998,,,,,O_CREATED,,,,,,C,,,114406.9609375,,1665553339.0,,,,,O_SENT,,,,,,C,,,114406.9609375,,1665572524.0,,,,,W_Call_after_offer,,,,,,A,,,114406.9609375,,1665624567.9999998,,,,,W_Call_after_offer,,,,,,A,,,114406.9609375,,1665673939.0,,,,,deviant
71,GEN71,23080.177734375,A_SUBMITTED,,,,,,E,,,113996.1484375,,1664858468.0,,,,,A_PARTLYSUBMITTED,,,,,,E,,,113996.1484375,,1664867040.0,,,,,W_Assess_fraud,,,,,,A,,,113996.1484375,,1665032764.0,,,,,A_PREACCEPTED,,,,,,D,,,113996.1484375,,1665055899.0,,,,,W_Complete_preaccepted_appl,,,,,,A,,,113996.1484375,,1665150928.0,,,,,W_Complete_preaccepted_appl,,,,,,A,,,113996.1484375,,1665271418.0,,,,,W_Complete_preaccepted_appl,,,,,,A,,,113996.1484375,,1665416112.0,,,,,A_ACCEPTED,,,,,,E,,,113996.1484375,,1665431258.0,,,,,A_FINALIZED,,,,,,D,,,113996.1484375,,1665438333.0,,,,,O_SELECTED,,,,,,C,,,113996.1484375,,1665446998.9999998,,,,,O_CREATED,,,,,,C,,,113996.1484375,,1665455477.0,,,,,O_SENT,,,,,,C,,,113996.1484375,,1665464603.0,,,,,W_Call_after_offer,,,,,,A,,,113996.1484375,,1665708102.0,,,,,W_Call_after_offer,,,,,,A,,,113996.1484375,,1666038215.0,,,,,W_Call_after_offer,,,,,,A,,,113996.1484375,,1666289168.0,,,,,W_Assess_application,,,,,,A,,,113996.1484375,,1666525194.0,,,,,W_Assess_application,,,,,,A,,,113996.1484375,,1666776072.0,,,,,W_Assess_application,,,,,,A,,,113996.1484375,,1667057329.0,,,,,W_Assess_application,,,,,,A,,,113996.1484375,,1667314282.0,,,,,W_Call_missing_information,,,,,,A,,,113996.1484375,,1667581744.0,,,,,deviant
72,GEN72,17803.19921875,A_SUBMITTED,,,,,,E,,,120106.7578125,,1665219138.0,,,,,A_PARTLYSUBMITTED,,,,,,E,,,120106.7578125,,1665221410.0,,,,,W_Assess_fraud,,,,,,A,,,120106.7578125,,1665408198.0,,,,,A_PREACCEPTED,,,,,,D,,,120106.7578125,,1665408198.0,,,,,W_Complete_preaccepted_appl,,,,,,A,,,120106.7578125,,1665600746.0000002,,,,,W_Complete_preaccepted_appl,,,,,,A,,,120106.7578125,,1665815133.9999998,,,,,A_ACCEPTED,,,,,,D,,,120106.7578125,,1665828007.0,,,,,A_FINALIZED,,,,,,E,,,120106.7578125,,1665828007.0,,,,,O_SELECTED,,,,,,C,,,120106.7578125,,1665828790.0,,,,,O_CREATED,,,,,,C,,,120106.7578125,,1665831835.0,,,,,O_SENT,,,,,,C,,,120106.7578125,,1665831835.0,,,,,W_Call_after_offer,,,,,,A,,,120106.7578125,,1665963058.0,,,,,W_Call_after_offer,,,,,,C,,,120106.7578125,,1666089750.0,,,,,W_Call_after_offer,,,,,,C,,,120106.7578125,,1666157299.0,,,,,O_SENT_BACK,,,,,,C,,,120106.7578125,,1666274679.0,,,,,W_Assess_application,,,,,,A,,,120106.7578125,,1666471430.0,,,,,W_Assess_application,,,,,,A,,,120106.7578125,,1666652747.9999998,,,,,W_Assess_application,,,,,,A,,,120106.7578125,,1666853221.9999998,,,,,W_Call_missing_information,,,,,,A,,,120106.7578125,,1667075600.9999998,,,,,W_Call_missing_information,,,,,,A,,,120106.7578125,,1667309068.0,,,,,deviant
73,GEN73,18056.482421875,A_SUBMITTED,,,,,,E,,,84361.03125,,1663077492.0,,,,,A_PARTLYSUBMITTED,,,,,,E,,,84361.03125,,1663080753.0,,,,,W_Assess_fraud,,,,,,A,,,84361.03125,,1663128792.0,,,,,A_PREACCEPTED,,,,,,D,,,84361.03125,,1663136062.0,,,,,W_Complete_preaccepted_appl,,,,,,A,,,84361.03125,,1663181957.0,,,,,A_ACCEPTED,,,,,,E,,,84361.03125,,1663181957.0000002,,,,,A_FINALIZED,,,,,,E,,,84361.03125,,1663181957.0,,,,,O_SELECTED,,,,,,C,,,84361.03125,,1663182846.0,,,,,O_CREATED,,,,,,C,,,84361.03125,,1663182846.0,,,,,O_SENT,,,,,,C,,,84361.03125,,1663182846.0,,,,,W_Call_after_offer,,,,,,A,,,84361.03125,,1663182846.0,,,,,W_Call_after_offer,,,,,,A,,,84361.03125,,1663182846.0,,,,,W_Call_after_offer,,,,,,A,,,84361.03125,,1663182846.0,,,,,W_Call_after_offer,,,,,,A,,,84361.03125,,1663182845.9999998,,,,,W_Assess_application,,,,,,A,,,84361.03125,,1663182981.0,,,,,W_Assess_application,,,,,,A,,,84361.03125,,1663191732.0,,,,,W_Assess_application,,,,,,A,,,84361.03125,,1663223352.0,,,,,W_Assess_application,,,,,,A,,,84361.03125,,1663248665.0,,,,,W_Assess_application,,,,,,A,,,84361.03125,,1663260851.0,,,,,W_Call_missing_information,,,,,,A,,,84361.03125,,1663280534.0,,,,,deviant
74,GEN74,18536.787109375,A_SUBMITTED,,,,,,E,,,127123.3203125,,1665639608.0,,,,,A_PARTLYSUBMITTED,,,,,,E,,,127123.3203125,,1665644835.0,,,,,W_Assess_fraud,,,,,,A,,,127123.3203125,,1665799067.0,,,,,A_PREACCEPTED,,,,,,E,,,127123.3203125,,1665811903.0,,,,,W_Complete_preaccepted_appl,,,,,,A,,,127123.3203125,,1665932526.0,,,,,W_Complete_preaccepted_appl,,,,,,A,,,127123.3203125,,1666053156.0,,,,,W_Complete_preaccepted_appl,,,,,,A,,,127123.3203125,,1666170224.0,,,,,W_Complete_preaccepted_appl,,,,,,A,,,127123.3203125,,1666293212.0,,,,,W_Complete_preaccepted_appl,,,,,,A,,,127123.3203125,,1666425649.0,,,,,W_Complete_preaccepted_appl,,,,,,A,,,127123.3203125,,1666565402.0,,,,,A_ACCEPTED,,,,,,E,,,127123.3203125,,1666574507.0,,,,,A_FINALIZED,,,,,,E,,,127123.3203125,,1666574506.9999998,,,,,O_SELECTED,,,,,,C,,,127123.3203125,,1666583435.0,,,,,O_CREATED,,,,,,C,,,127123.3203125,,1666591879.0,,,,,O_SENT,,,,,,C,,,127123.3203125,,1666603436.0,,,,,W_Call_after_offer,,,,,,C,,,127123.3203125,,1666623130.0,,,,,O_CREATED,,,,,,C,,,127123.3203125,,1666638672.0,,,,,O_SENT,,,,,,C,,,127123.3203125,,1666649620.9999998,,,,,W_Call_after_offer,,,,,,A,,,127123.3203125,,1666693929.0,,,,,W_Call_after_offer,,,,,,A,,,127123.3203125,,1666743578.0,,,,,deviant
75,GEN75,20633.310546875,A_SUBMITTED,,,,,,E,,,105464.2421875,,1664343703.0,,,,,A_PARTLYSUBMITTED,,,,,,E,,,105464.2421875,,1664354034.0,,,,,W_Assess_fraud,,,,,,A,,,105464.2421875,,1664456559.0,,,,,A_PREACCEPTED,,,,,,E,,,105464.2421875,,1664464653.0,,,,,W_Complete_preaccepted_appl,,,,,,A,,,105464.2421875,,1664546777.0000002,,,,,W_Complete_preaccepted_appl,,,,,,A,,,105464.2421875,,1664611023.0,,,,,W_Complete_preaccepted_appl,,,,,,A,,,105464.2421875,,1664650619.0,,,,,W_Complete_preaccepted_appl,,,,,,A,,,105464.2421875,,1664694612.0,,,,,A_ACCEPTED,,,,,,E,,,105464.2421875,,1664695108.0,,,,,A_FINALIZED,,,,,,E,,,105464.2421875,,1664695554.0,,,,,O_SELECTED,,,,,,C,,,105464.2421875,,1664699560.0,,,,,O_CREATED,,,,,,C,,,105464.2421875,,1664705253.0,,,,,O_SENT,,,,,,C,,,105464.2421875,,1664707162.0,,,,,W_Call_after_offer,,,,,,A,,,105464.2421875,,1664781629.0,,,,,W_Call_after_offer,,,,,,A,,,105464.2421875,,1664852709.0,,,,,W_Call_after_offer,,,,,,A,,,105464.2421875,,1664945032.0,,,,,W_Call_after_offer,,,,,,A,,,105464.2421875,,1665068732.9999998,,,,,W_Call_after_offer,,,,,,A,,,105464.2421875,,1665254970.0,,,,,W_Assess_application,,,,,,A,,,105464.2421875,,1665498536.0,,,,,W_Assess_application,,,,,,A,,,105464.2421875,,1665750836.0,,,,,deviant
76,GEN76,17742.30078125,A_SUBMITTED,,,,,,E,,,161166.53125,,1667683595.0,,,,,A_PARTLYSUBMITTED,,,,,,E,,,161166.53125,,1667685468.0,,,,,W_Assess_fraud,,,,,,A,,,161166.53125,,1667917513.0,,,,,A_PREACCEPTED,,,,,,E,,,161166.53125,,1667928534.0,,,,,W_Complete_preaccepted_appl,,,,,,A,,,161166.53125,,1668176714.0,,,,,A_ACCEPTED,,,,,,E,,,161166.53125,,1668207253.0,,,,,A_FINALIZED,,,,,,D,,,161166.53125,,1668211482.0,,,,,O_SELECTED,,,,,,C,,,161166.53125,,1668220047.0,,,,,O_CREATED,,,,,,C,,,161166.53125,,1668228120.0,,,,,O_SENT,,,,,,C,,,161166.53125,,1668235942.0,,,,,W_Call_after_offer,,,,,,A,,,161166.53125,,1668449664.0,,,,,O_SENT_BACK,,,,,,C,,,161166.53125,,1668518190.0,,,,,W_Assess_application,,,,,,A,,,161166.53125,,1668735804.0000002,,,,,W_Assess_application,,,,,,A,,,161166.53125,,1668908866.0,,,,,O_ACCEPTED,,,,,,C,,,161166.53125,,1668921134.0,,,,,A_APPROVED,,,,,,D,,,161166.53125,,1668929063.0,,,,,A_REGISTERED,,,,,,D,,,161166.53125,,1668936519.0,,,,,A_ACTIVATED,,,,,,D,,,161166.53125,,1668943881.0,,,,,0,,,,,,0,,,49805.12109375,,1662023352.0,,,,,0,,,,,,0,,,49805.12109375,,1662146808.0,,,,,deviant
77,GEN77,19022.44921875,A_SUBMITTED,,,,,,E,,,135567.9375,,1666146215.0,,,,,A_PARTLYSUBMITTED,,,,,,E,,,135567.9375,,1666155852.0,,,,,W_Assess_fraud,,,,,,A,,,135567.9375,,1666373262.0,,,,,A_PREACCEPTED,,,,,,E,,,135567.9375,,1666379869.0,,,,,W_Complete_preaccepted_appl,,,,,,A,,,135567.9375,,1666567298.0,,,,,W_Complete_preaccepted_appl,,,,,,A,,,135567.9375,,1666734015.0,,,,,W_Complete_preaccepted_appl,,,,,,A,,,135567.9375,,1666887545.0,,,,,W_Complete_preaccepted_appl,,,,,,A,,,135567.9375,,1667056144.0,,,,,A_ACCEPTED,,,,,,D,,,135567.9375,,1667071524.0,,,,,A_FINALIZED,,,,,,E,,,135567.9375,,1667077937.0,,,,,O_SELECTED,,,,,,C,,,135567.9375,,1667084532.0,,,,,O_CREATED,,,,,,C,,,135567.9375,,1667090589.0,,,,,O_SENT,,,,,,C,,,135567.9375,,1667099579.0,,,,,W_Call_after_offer,,,,,,A,,,135567.9375,,1667290265.0,,,,,W_Call_after_offer,,,,,,A,,,135567.9375,,1667434881.0,,,,,W_Call_after_offer,,,,,,A,,,135567.9375,,1667550728.0,,,,,W_Assess_application,,,,,,A,,,135567.9375,,1667693130.0000002,,,,,W_Call_after_offer,,,,,,A,,,135567.9375,,1667869700.0,,,,,W_Call_after_offer,,,,,,A,,,135567.9375,,1668025650.0,,,,,W_Call_after_offer,,,,,,C,,,135567.9375,,1668142739.0,,,,,deviant
78,GEN78,23028.71875,A_SUBMITTED,,,,,,E,,,125563.6328125,,1665553653.0,,,,,A_PARTLYSUBMITTED,,,,,,E,,,125563.6328125,,1665560925.0,,,,,W_Assess_fraud,,,,,,A,,,125563.6328125,,1665707153.0,,,,,A_PREACCEPTED,,,,,,E,,,125563.6328125,,1665736416.0,,,,,W_Complete_preaccepted_appl,,,,,,A,,,125563.6328125,,1665857732.0,,,,,W_Complete_preaccepted_appl,,,,,,A,,,125563.6328125,,1665994421.0000002,,,,,W_Complete_preaccepted_appl,,,,,,A,,,125563.6328125,,1666126557.0,,,,,W_Complete_preaccepted_appl,,,,,,A,,,125563.6328125,,1666239824.0,,,,,A_FINALIZED,,,,,,E,,,125563.6328125,,1666247874.0,,,,,O_SELECTED,,,,,,C,,,125563.6328125,,1666255602.0,,,,,O_CREATED,,,,,,C,,,125563.6328125,,1666264468.0,,,,,O_SENT,,,,,,C,,,125563.6328125,,1666274337.0,,,,,W_Call_after_offer,,,,,,A,,,125563.6328125,,1666327786.0,,,,,W_Call_after_offer,,,,,,A,,,125563.6328125,,1666399532.0,,,,,W_Call_after_offer,,,,,,A,,,125563.6328125,,1666454144.0,,,,,W_Assess_application,,,,,,A,,,125563.6328125,,1666521395.0,,,,,W_Assess_application,,,,,,A,,,125563.6328125,,1666619293.0,,,,,W_Assess_application,,,,,,A,,,125563.6328125,,1666721245.0,,,,,W_Assess_application,,,,,,A,,,125563.6328125,,1666813733.0,,,,,W_Assess_application,,,,,,A,,,125563.6328125,,1666889797.0,,,,,deviant
79,GEN79,20230.126953125,A_SUBMITTED,,,,,,E,,,141098.171875,,1666481378.0,,,,,A_PARTLYSUBMITTED,,,,,,E,,,141098.171875,,1666491003.0,,,,,W_Assess_fraud,,,,,,A,,,141098.171875,,1666749283.0,,,,,A_PREACCEPTED,,,,,,E,,,141098.171875,,1666769853.0,,,,,W_Complete_preaccepted_appl,,,,,,A,,,141098.171875,,1667083359.0,,,,,W_Complete_preaccepted_appl,,,,,,A,,,141098.171875,,1667413614.9999998,,,,,W_Complete_preaccepted_appl,,,,,,A,,,141098.171875,,1667753073.0,,,,,A_ACCEPTED,,,,,,E,,,141098.171875,,1667759918.0,,,,,A_FINALIZED,,,,,,E,,,141098.171875,,1667759918.0,,,,,O_SELECTED,,,,,,C,,,141098.171875,,1667761570.0,,,,,O_CREATED,,,,,,C,,,141098.171875,,1667767579.0,,,,,O_SENT,,,,,,C,,,141098.171875,,1667777833.0,,,,,W_Call_after_offer,,,,,,A,,,141098.171875,,1667996902.0,,,,,W_Call_after_offer,,,,,,A,,,141098.171875,,1668129484.0,,,,,W_Call_after_offer,,,,,,C,,,141098.171875,,1668235350.0,,,,,W_Assess_application,,,,,,C,,,141098.171875,,1668405025.0,,,,,W_Assess_application,,,,,,A,,,141098.171875,,1668635567.0,,,,,W_Assess_application,,,,,,A,,,141098.171875,,1668923793.0,,,,,W_Call_missing_information,,,,,,A,,,141098.171875,,1669255700.0,,,,,W_Call_missing_information,,,,,,A,,,141098.171875,,1669593901.0000002,,,,,deviant
80,GEN80,30182.888671875004,A_SUBMITTED,,,,,,E,,,95551.453125,,1663744348.0,,,,,A_PARTLYSUBMITTED,,,,,,E,,,95551.453125,,1663752684.0,,,,,W_Assess_fraud,,,,,,A,,,95551.453125,,1663911342.0,,,,,A_PREACCEPTED,,,,,,E,,,95551.453125,,1663921072.0,,,,,W_Complete_preaccepted_appl,,,,,,A,,,95551.453125,,1664048901.9999998,,,,,W_Complete_preaccepted_appl,,,,,,A,,,95551.453125,,1664204757.0,,,,,W_Complete_preaccepted_appl,,,,,,A,,,95551.453125,,1664400635.0,,,,,W_Complete_preaccepted_appl,,,,,,A,,,95551.453125,,1664617868.0,,,,,W_Complete_preaccepted_appl,,,,,,A,,,95551.453125,,1664846162.0,,,,,W_Complete_preaccepted_appl,,,,,,A,,,95551.453125,,1665082905.0,,,,,W_Complete_preaccepted_appl,,,,,,A,,,95551.453125,,1665314655.0,,,,,A_ACCEPTED,,,,,,A,,,95551.453125,,1665376761.0,,,,,A_FINALIZED,,,,,,E,,,95551.453125,,1665379261.0,,,,,A_FINALIZED,,,,,,E,,,95551.453125,,1665382432.0,,,,,O_SELECTED,,,,,,C,,,95551.453125,,1665386010.0,,,,,O_CREATED,,,,,,C,,,95551.453125,,1665390111.0,,,,,O_SENT,,,,,,C,,,95551.453125,,1665478235.0,,,,,W_Call_after_offer,,,,,,A,,,95551.453125,,1665773504.9999998,,,,,W_Call_after_offer,,,,,,A,,,95551.453125,,1666038223.0,,,,,W_Call_after_offer,,,,,,A,,,95551.453125,,1666259264.0,,,,,deviant
81,GEN81,12764.4658203125,A_SUBMITTED,,,,,,E,,,119427.1796875,,1665180889.0,,,,,A_PARTLYSUBMITTED,,,,,,E,,,119427.1796875,,1665188057.0,,,,,W_Assess_fraud,,,,,,A,,,119427.1796875,,1665442254.0,,,,,A_PREACCEPTED,,,,,,E,,,119427.1796875,,1665475140.0,,,,,W_Complete_preaccepted_appl,,,,,,A,,,119427.1796875,,1665756091.0,,,,,W_Complete_preaccepted_appl,,,,,,A,,,119427.1796875,,1666066582.0,,,,,W_Complete_preaccepted_appl,,,,,,A,,,119427.1796875,,1666376061.0,,,,,W_Complete_preaccepted_appl,,,,,,A,,,119427.1796875,,1666715568.0,,,,,A_ACCEPTED,,,,,,E,,,119427.1796875,,1666727208.9999998,,,,,A_FINALIZED,,,,,,E,,,119427.1796875,,1666732091.0,,,,,O_SELECTED,,,,,,C,,,119427.1796875,,1666738395.0,,,,,O_CREATED,,,,,,C,,,119427.1796875,,1666747714.0,,,,,O_SENT,,,,,,C,,,119427.1796875,,1666760571.0,,,,,O_SELECTED,,,,,,C,,,119427.1796875,,1666915964.0,,,,,O_CREATED,,,,,,C,,,119427.1796875,,1667034201.0,,,,,O_SENT,,,,,,C,,,119427.1796875,,1667140605.0,,,,,W_Call_after_offer,,,,,,A,,,119427.1796875,,1667315214.0,,,,,O_SENT_BACK,,,,,,C,,,119427.1796875,,1667435394.0,,,,,W_Assess_application,,,,,,A,,,119427.1796875,,1667645640.0,,,,,W_Assess_application,,,,,,A,,,119427.1796875,,1667878868.0,,,,,deviant
82,GEN82,17956.169921875,A_SUBMITTED,,,,,,E,,,141122.1875,,1666478592.0,,,,,A_PARTLYSUBMITTED,,,,,,E,,,141122.1875,,1666486917.0,,,,,W_Fix_incomplete_submission,,,,,,A,,,141122.1875,,1666662716.0,,,,,A_PREACCEPTED,,,,,,E,,,141122.1875,,1666704280.0,,,,,W_Complete_preaccepted_appl,,,,,,A,,,141122.1875,,1666924071.0,,,,,W_Complete_preaccepted_appl,,,,,,A,,,141122.1875,,1667163934.0,,,,,W_Complete_preaccepted_appl,,,,,,A,,,141122.1875,,1667406664.0,,,,,W_Complete_preaccepted_appl,,,,,,A,,,141122.1875,,1667646670.0,,,,,W_Complete_preaccepted_appl,,,,,,A,,,141122.1875,,1667893206.0,,,,,W_Complete_preaccepted_appl,,,,,,A,,,141122.1875,,1668166593.0,,,,,W_Complete_preaccepted_appl,,,,,,A,,,141122.1875,,1668411104.0,,,,,A_ACCEPTED,,,,,,D,,,141122.1875,,1668411104.0,,,,,A_FINALIZED,,,,,,D,,,141122.1875,,1668418038.0,,,,,O_SELECTED,,,,,,C,,,141122.1875,,1668424972.0,,,,,O_CREATED,,,,,,C,,,141122.1875,,1668437920.0,,,,,O_SENT,,,,,,C,,,141122.1875,,1668447293.0,,,,,W_Call_after_offer,,,,,,A,,,141122.1875,,1668473169.0,,,,,O_CREATED,,,,,,C,,,141122.1875,,1668516078.0,,,,,O_SENT,,,,,,C,,,141122.1875,,1668598034.0,,,,,W_Call_after_offer,,,,,,A,,,141122.1875,,1668736089.0,,,,,deviant
83,GEN83,19649.001953125,A_SUBMITTED,,,,,,D,,,96290.4765625,,1663788689.0,,,,,A_PARTLYSUBMITTED,,,,,,D,,,96290.4765625,,1663788689.0,,,,,W_Assess_fraud,,,,,,A,,,96290.4765625,,1663914358.0,,,,,A_PREACCEPTED,,,,,,D,,,96290.4765625,,1663914358.0,,,,,W_Complete_preaccepted_appl,,,,,,A,,,96290.4765625,,1664000136.0,,,,,A_ACCEPTED,,,,,,E,,,96290.4765625,,1664000136.0,,,,,A_FINALIZED,,,,,,C,,,96290.4765625,,1664003393.0,,,,,O_SELECTED,,,,,,C,,,96290.4765625,,1664014005.0,,,,,O_CREATED,,,,,,C,,,96290.4765625,,1664031319.0,,,,,O_SENT,,,,,,C,,,96290.4765625,,1664046421.0000002,,,,,O_SELECTED,,,,,,C,,,96290.4765625,,1664050345.0,,,,,O_CREATED,,,,,,C,,,96290.4765625,,1664061025.0,,,,,O_SENT,,,,,,C,,,96290.4765625,,1664080820.0,,,,,O_SELECTED,,,,,,C,,,96290.4765625,,1664141404.0000002,,,,,O_CREATED,,,,,,C,,,96290.4765625,,1664203545.0,,,,,O_SENT,,,,,,C,,,96290.4765625,,1664254665.0,,,,,W_Call_after_offer,,,,,,A,,,96290.4765625,,1664306699.0,,,,,W_Call_after_offer,,,,,,A,,,96290.4765625,,1664324791.0,,,,,W_Call_after_offer,,,,,,A,,,96290.4765625,,1664337601.0,,,,,W_Call_after_offer,,,,,,A,,,96290.4765625,,1664357888.0,,,,,deviant
84,GEN84,12047.6865234375,A_SUBMITTED,,,,,,E,,,104633.0234375,,1664289242.0,,,,,A_PARTLYSUBMITTED,,,,,,E,,,104633.0234375,,1664290522.0,,,,,W_Assess_fraud,,,,,,A,,,104633.0234375,,1664434711.0,,,,,A_PREACCEPTED,,,,,,E,,,104633.0234375,,1664434711.0,,,,,W_Complete_preaccepted_appl,,,,,,A,,,104633.0234375,,1664565070.0,,,,,W_Complete_preaccepted_appl,,,,,,A,,,104633.0234375,,1664669774.0000002,,,,,A_ACCEPTED,,,,,,E,,,104633.0234375,,1664687204.0,,,,,A_FINALIZED,,,,,,E,,,104633.0234375,,1664689900.0,,,,,O_SELECTED,,,,,,C,,,104633.0234375,,1664696585.0,,,,,O_CREATED,,,,,,C,,,104633.0234375,,1664705804.0,,,,,O_SENT,,,,,,C,,,104633.0234375,,1664715931.0,,,,,O_SELECTED,,,,,,C,,,104633.0234375,,1664764124.0,,,,,O_CREATED,,,,,,C,,,104633.0234375,,1664778704.9999998,,,,,O_SENT,,,,,,C,,,104633.0234375,,1664778705.0,,,,,O_SELECTED,,,,,,C,,,104633.0234375,,1664802024.0,,,,,O_CREATED,,,,,,C,,,104633.0234375,,1664821929.9999998,,,,,O_SENT,,,,,,C,,,104633.0234375,,1664876510.9999998,,,,,W_Call_after_offer,,,,,,A,,,104633.0234375,,1665059932.0,,,,,O_SENT_BACK,,,,,,C,,,104633.0234375,,1665092205.0,,,,,W_Assess_application,,,,,,A,,,104633.0234375,,1665133198.0,,,,,deviant
85,GEN85,14693.14453125,A_SUBMITTED,,,,,,E,,,129292.96875,,1665771546.0,,,,,A_PARTLYSUBMITTED,,,,,,E,,,129292.96875,,1665771692.0,,,,,W_Assess_fraud,,,,,,A,,,129292.96875,,1665936430.0,,,,,A_PREACCEPTED,,,,,,E,,,129292.96875,,1665945390.0,,,,,W_Complete_preaccepted_appl,,,,,,A,,,129292.96875,,1666147544.0,,,,,W_Complete_preaccepted_appl,,,,,,A,,,129292.96875,,1666362000.0,,,,,A_ACCEPTED,,,,,,E,,,129292.96875,,1666368422.0,,,,,A_FINALIZED,,,,,,E,,,129292.96875,,1666375191.0,,,,,O_SELECTED,,,,,,C,,,129292.96875,,1666383574.0,,,,,O_CREATED,,,,,,C,,,129292.96875,,1666392735.0,,,,,O_SENT,,,,,,C,,,129292.96875,,1666405274.0,,,,,O_SENT_BACK,,,,,,C,,,129292.96875,,1666521210.0,,,,,W_Assess_application,,,,,,C,,,129292.96875,,1666699911.0,,,,,W_Call_missing_information,,,,,,A,,,129292.96875,,1666984705.0,,,,,W_Call_missing_information,,,,,,A,,,129292.96875,,1667306100.9999998,,,,,W_Call_missing_information,,,,,,A,,,129292.96875,,1667679617.0000002,,,,,W_Call_missing_information,,,,,,A,,,129292.96875,,1668034600.0,,,,,W_Call_missing_information,,,,,,A,,,129292.96875,,1668365525.0,,,,,W_Call_missing_information,,,,,,A,,,129292.96875,,1668695411.0,,,,,W_Call_missing_information,,,,,,A,,,129292.96875,,1669022734.0,,,,,deviant
86,GEN86,19651.8671875,A_SUBMITTED,,,,,,E,,,112182.59375,,1664744189.0,,,,,A_PARTLYSUBMITTED,,,,,,E,,,112182.59375,,1664746498.0,,,,,W_Assess_fraud,,,,,,A,,,112182.59375,,1664927938.0,,,,,A_PREACCEPTED,,,,,,D,,,112182.59375,,1664928598.0,,,,,W_Complete_preaccepted_appl,,,,,,A,,,112182.59375,,1665077383.0,,,,,A_ACCEPTED,,,,,,D,,,112182.59375,,1665077383.0,,,,,A_FINALIZED,,,,,,D,,,112182.59375,,1665081578.0,,,,,O_SELECTED,,,,,,C,,,112182.59375,,1665089245.0,,,,,O_CREATED,,,,,,C,,,112182.59375,,1665096338.0,,,,,O_SENT,,,,,,C,,,112182.59375,,1665104078.0,,,,,W_Call_after_offer,,,,,,A,,,112182.59375,,1665293638.0,,,,,W_Call_after_offer,,,,,,A,,,112182.59375,,1665401132.0,,,,,O_SENT_BACK,,,,,,A,,,112182.59375,,1665476270.0,,,,,W_Assess_application,,,,,,A,,,112182.59375,,1665568960.0,,,,,W_Assess_application,,,,,,A,,,112182.59375,,1665668636.0,,,,,W_Assess_application,,,,,,A,,,112182.59375,,1665793671.0,,,,,O_ACCEPTED,,,,,,C,,,112182.59375,,1665838640.0,,,,,A_APPROVED,,,,,,D,,,112182.59375,,1665850442.0,,,,,A_REGISTERED,,,,,,D,,,112182.59375,,1665857109.0,,,,,A_ACTIVATED,,,,,,D,,,112182.59375,,1665863812.0,,,,,deviant
87,GEN87,18302.390625,A_SUBMITTED,,,,,,E,,,122736.3203125,,1665375440.0,,,,,A_PARTLYSUBMITTED,,,,,,E,,,122736.3203125,,1665383577.0,,,,,W_Assess_fraud,,,,,,A,,,122736.3203125,,1665499904.0,,,,,A_PREACCEPTED,,,,,,E,,,122736.3203125,,1665507261.0,,,,,W_Complete_preaccepted_appl,,,,,,A,,,122736.3203125,,1665665994.0,,,,,W_Complete_preaccepted_appl,,,,,,A,,,122736.3203125,,1665839636.0,,,,,W_Complete_preaccepted_appl,,,,,,A,,,122736.3203125,,1666021545.0,,,,,W_Complete_preaccepted_appl,,,,,,A,,,122736.3203125,,1666211153.0,,,,,W_Complete_preaccepted_appl,,,,,,A,,,122736.3203125,,1666419827.0,,,,,W_Complete_preaccepted_appl,,,,,,A,,,122736.3203125,,1666652826.0,,,,,A_ACCEPTED,,,,,,E,,,122736.3203125,,1666687591.0,,,,,A_FINALIZED,,,,,,D,,,122736.3203125,,1666697221.0,,,,,O_SELECTED,,,,,,C,,,122736.3203125,,1666704969.0,,,,,O_CREATED,,,,,,C,,,122736.3203125,,1666716359.0,,,,,O_SENT,,,,,,C,,,122736.3203125,,1666727830.0,,,,,W_Call_after_offer,,,,,,A,,,122736.3203125,,1666801478.0000002,,,,,O_SENT_BACK,,,,,,A,,,122736.3203125,,1666984700.0,,,,,W_Assess_application,,,,,,A,,,122736.3203125,,1667235711.0,,,,,W_Assess_application,,,,,,A,,,122736.3203125,,1667483375.0,,,,,W_Call_missing_information,,,,,,A,,,122736.3203125,,1667677994.0,,,,,deviant
88,GEN88,23052.29296875,A_SUBMITTED,,,,,,E,,,137523.453125,,1666264263.0,,,,,A_PARTLYSUBMITTED,,,,,,E,,,137523.453125,,1666272411.0,,,,,W_Assess_fraud,,,,,,A,,,137523.453125,,1666430732.0,,,,,A_PREACCEPTED,,,,,,E,,,137523.453125,,1666455588.0,,,,,W_Complete_preaccepted_appl,,,,,,A,,,137523.453125,,1666642365.0,,,,,W_Complete_preaccepted_appl,,,,,,A,,,137523.453125,,1666838272.0,,,,,W_Complete_preaccepted_appl,,,,,,A,,,137523.453125,,1667059207.0,,,,,A_ACCEPTED,,,,,,D,,,137523.453125,,1667078195.0,,,,,A_FINALIZED,,,,,,E,,,137523.453125,,1667085533.0,,,,,O_SELECTED,,,,,,C,,,137523.453125,,1667090236.0,,,,,O_CREATED,,,,,,C,,,137523.453125,,1667094237.0,,,,,O_SENT,,,,,,C,,,137523.453125,,1667099707.0,,,,,W_Call_after_offer,,,,,,A,,,137523.453125,,1667197530.0,,,,,O_SENT_BACK,,,,,,A,,,137523.453125,,1667318626.0000002,,,,,W_Assess_application,,,,,,A,,,137523.453125,,1667483200.0,,,,,W_Assess_application,,,,,,A,,,137523.453125,,1667664222.0,,,,,O_SELECTED,,,,,,C,,,137523.453125,,1667795875.9999998,,,,,O_CREATED,,,,,,C,,,137523.453125,,1667869245.0,,,,,O_SENT,,,,,,C,,,137523.453125,,1667889930.0,,,,,O_SELECTED,,,,,,C,,,137523.453125,,1667912540.0,,,,,deviant
89,GEN89,20091.873046875,A_SUBMITTED,,,,,,E,,,104994.390625,,1664314270.0,,,,,A_PARTLYSUBMITTED,,,,,,E,,,104994.390625,,1664318222.0,,,,,W_Assess_fraud,,,,,,A,,,104994.390625,,1664473753.0,,,,,A_PREACCEPTED,,,,,,E,,,104994.390625,,1664522436.0,,,,,W_Complete_preaccepted_appl,,,,,,A,,,104994.390625,,1664673053.0,,,,,W_Complete_preaccepted_appl,,,,,,A,,,104994.390625,,1664876240.0,,,,,W_Complete_preaccepted_appl,,,,,,A,,,104994.390625,,1665085675.0,,,,,W_Complete_preaccepted_appl,,,,,,A,,,104994.390625,,1665248504.0,,,,,A_ACCEPTED,,,,,,E,,,104994.390625,,1665257920.9999998,,,,,A_FINALIZED,,,,,,E,,,104994.390625,,1665265429.0,,,,,O_SELECTED,,,,,,C,,,104994.390625,,1665273327.0,,,,,O_CREATED,,,,,,C,,,104994.390625,,1665282214.0000002,,,,,O_SENT,,,,,,C,,,104994.390625,,1665295222.0,,,,,W_Call_after_offer,,,,,,A,,,104994.390625,,1665421892.0,,,,,O_SENT_BACK,,,,,,C,,,104994.390625,,1665498068.0,,,,,W_Assess_application,,,,,,A,,,104994.390625,,1665561956.0,,,,,O_SELECTED,,,,,,C,,,104994.390625,,1665596185.0,,,,,O_SELECTED,,,,,,C,,,104994.390625,,1665636156.9999998,,,,,O_CREATED,,,,,,C,,,104994.390625,,1665743662.0,,,,,O_SENT,,,,,,C,,,104994.390625,,1665892779.0,,,,,deviant
90,GEN90,24675.958984375,A_SUBMITTED,,,,,,E,,,105937.6015625,,1664375039.0,,,,,A_PARTLYSUBMITTED,,,,,,E,,,105937.6015625,,1664380620.0,,,,,W_Assess_fraud,,,,,,A,,,105937.6015625,,1664554850.0,,,,,A_PREACCEPTED,,,,,,D,,,105937.6015625,,1664569029.0,,,,,W_Complete_preaccepted_appl,,,,,,A,,,105937.6015625,,1664756080.0,,,,,W_Complete_preaccepted_appl,,,,,,A,,,105937.6015625,,1664943554.0,,,,,A_ACCEPTED,,,,,,E,,,105937.6015625,,1664943554.0,,,,,A_FINALIZED,,,,,,E,,,105937.6015625,,1664945246.0,,,,,O_SELECTED,,,,,,C,,,105937.6015625,,1664949544.0,,,,,O_CREATED,,,,,,C,,,105937.6015625,,1664955880.0,,,,,O_SENT,,,,,,C,,,105937.6015625,,1664995499.0,,,,,W_Call_after_offer,,,,,,A,,,105937.6015625,,1665140532.9999998,,,,,W_Call_after_offer,,,,,,A,,,105937.6015625,,1665226093.0,,,,,W_Assess_application,,,,,,C,,,105937.6015625,,1665283699.0,,,,,W_Assess_application,,,,,,A,,,105937.6015625,,1665361936.0000002,,,,,W_Assess_application,,,,,,A,,,105937.6015625,,1665454144.0,,,,,W_Assess_application,,,,,,A,,,105937.6015625,,1665551214.0,,,,,W_Assess_application,,,,,,A,,,105937.6015625,,1665642520.0,,,,,W_Assess_application,,,,,,A,,,105937.6015625,,1665729331.0,,,,,W_Call_missing_information,,,,,,A,,,105937.6015625,,1665859883.0,,,,,deviant
91,GEN91,26311.357421875,A_SUBMITTED,,,,,,E,,,100922.8671875,,1664066633.0,,,,,A_PARTLYSUBMITTED,,,,,,E,,,100922.8671875,,1664072416.0,,,,,W_Assess_fraud,,,,,,A,,,100922.8671875,,1664166811.0,,,,,A_PREACCEPTED,,,,,,E,,,100922.8671875,,1664176994.0,,,,,W_Complete_preaccepted_appl,,,,,,A,,,100922.8671875,,1664212217.0,,,,,W_Complete_preaccepted_appl,,,,,,A,,,100922.8671875,,1664237699.0,,,,,W_Complete_preaccepted_appl,,,,,,A,,,100922.8671875,,1664272981.0,,,,,W_Complete_preaccepted_appl,,,,,,A,,,100922.8671875,,1664306516.0,,,,,W_Complete_preaccepted_appl,,,,,,A,,,100922.8671875,,1664331983.0,,,,,W_Complete_preaccepted_appl,,,,,,A,,,100922.8671875,,1664350096.0,,,,,W_Complete_preaccepted_appl,,,,,,A,,,100922.8671875,,1664375434.0,,,,,W_Complete_preaccepted_appl,,,,,,A,,,100922.8671875,,1664408823.0,,,,,W_Complete_preaccepted_appl,,,,,,A,,,100922.8671875,,1664451792.0,,,,,A_ACCEPTED,,,,,,E,,,100922.8671875,,1664461008.0000002,,,,,A_FINALIZED,,,,,,E,,,100922.8671875,,1664467866.0,,,,,O_SELECTED,,,,,,C,,,100922.8671875,,1664473862.0,,,,,O_CREATED,,,,,,C,,,100922.8671875,,1664479112.0,,,,,O_SENT,,,,,,C,,,100922.8671875,,1664485562.0,,,,,W_Call_after_offer,,,,,,A,,,100922.8671875,,1664529570.0,,,,,W_Call_after_offer,,,,,,A,,,100922.8671875,,1664571878.0,,,,,deviant
92,GEN92,21065.998046875,A_SUBMITTED,,,,,,E,,,94814.15625,,1663700110.0,,,,,A_PARTLYSUBMITTED,,,,,,E,,,94814.15625,,1663703985.0,,,,,W_Assess_fraud,,,,,,A,,,94814.15625,,1663856133.0,,,,,A_PREACCEPTED,,,,,,E,,,94814.15625,,1663884075.0,,,,,W_Complete_preaccepted_appl,,,,,,A,,,94814.15625,,1664026224.0,,,,,W_Complete_preaccepted_appl,,,,,,A,,,94814.15625,,1664195900.9999998,,,,,W_Complete_preaccepted_appl,,,,,,A,,,94814.15625,,1664323828.0,,,,,A_ACCEPTED,,,,,,E,,,94814.15625,,1664327697.0,,,,,A_FINALIZED,,,,,,E,,,94814.15625,,1664331173.0,,,,,O_SELECTED,,,,,,C,,,94814.15625,,1664337434.0000002,,,,,O_CREATED,,,,,,C,,,94814.15625,,1664344998.0,,,,,O_SENT,,,,,,C,,,94814.15625,,1664354240.0,,,,,W_Call_after_offer,,,,,,A,,,94814.15625,,1664448975.0,,,,,W_Call_after_offer,,,,,,A,,,94814.15625,,1664563273.9999998,,,,,W_Call_after_offer,,,,,,A,,,94814.15625,,1664687224.0,,,,,W_Call_after_offer,,,,,,A,,,94814.15625,,1664819728.0,,,,,W_Call_after_offer,,,,,,A,,,94814.15625,,1664926630.0,,,,,O_SENT_BACK,,,,,,C,,,94814.15625,,1664991775.0,,,,,W_Assess_application,,,,,,A,,,94814.15625,,1665094612.0,,,,,W_Assess_application,,,,,,A,,,94814.15625,,1665255737.0,,,,,deviant
93,GEN93,19457.095703125,A_SUBMITTED,,,,,,E,,,94691.75,,1663697224.0,,,,,A_PARTLYSUBMITTED,,,,,,E,,,94691.75,,1663701634.0,,,,,W_Assess_fraud,,,,,,A,,,94691.75,,1663844977.0,,,,,A_PREACCEPTED,,,,,,E,,,94691.75,,1663845162.0,,,,,W_Complete_preaccepted_appl,,,,,,A,,,94691.75,,1663967469.0,,,,,W_Complete_preaccepted_appl,,,,,,A,,,94691.75,,1664068157.0,,,,,W_Complete_preaccepted_appl,,,,,,A,,,94691.75,,1664127397.0,,,,,A_ACCEPTED,,,,,,E,,,94691.75,,1664131673.0,,,,,A_FINALIZED,,,,,,E,,,94691.75,,1664136266.0,,,,,O_SELECTED,,,,,,C,,,94691.75,,1664143585.0,,,,,O_CREATED,,,,,,C,,,94691.75,,1664154717.9999998,,,,,O_SENT,,,,,,C,,,94691.75,,1664185812.0,,,,,W_Call_after_offer,,,,,,A,,,94691.75,,1664352671.0,,,,,W_Call_after_offer,,,,,,A,,,94691.75,,1664503817.0,,,,,W_Call_after_offer,,,,,,A,,,94691.75,,1664655427.0,,,,,W_Call_after_offer,,,,,,A,,,94691.75,,1664793433.0,,,,,W_Assess_application,,,,,,A,,,94691.75,,1664862168.0,,,,,W_Assess_application,,,,,,A,,,94691.75,,1664942043.0,,,,,W_Assess_application,,,,,,A,,,94691.75,,1665025868.0,,,,,W_Assess_application,,,,,,A,,,94691.75,,1665119582.0,,,,,deviant
94,GEN94,18158.37109375,A_SUBMITTED,,,,,,D,,,84123.31249999999,,1663061680.0,,,,,A_PARTLYSUBMITTED,,,,,,E,,,84123.31249999999,,1663062232.0,,,,,W_Assess_fraud,,,,,,A,,,84123.31249999999,,1663250446.0,,,,,A_PREACCEPTED,,,,,,E,,,84123.31249999999,,1663270352.0000002,,,,,W_Complete_preaccepted_appl,,,,,,A,,,84123.31249999999,,1663473696.0,,,,,A_ACCEPTED,,,,,,E,,,84123.31249999999,,1663513896.0,,,,,A_FINALIZED,,,,,,E,,,84123.31249999999,,1663521972.0,,,,,O_SELECTED,,,,,,C,,,84123.31249999999,,1663526641.0,,,,,O_CREATED,,,,,,C,,,84123.31249999999,,1663532814.0,,,,,O_SENT,,,,,,C,,,84123.31249999999,,1663544954.0,,,,,W_Call_after_offer,,,,,,A,,,84123.31249999999,,1663724981.0,,,,,W_Call_after_offer,,,,,,A,,,84123.31249999999,,1663850350.0,,,,,W_Assess_application,,,,,,A,,,84123.31249999999,,1663970436.0,,,,,W_Assess_application,,,,,,A,,,84123.31249999999,,1664052733.0,,,,,W_Assess_application,,,,,,A,,,84123.31249999999,,1664119017.0,,,,,W_Call_missing_information,,,,,,A,,,84123.31249999999,,1664182887.0,,,,,0,,,,,,0,,,49805.12109375,,1661806399.9999998,,,,,0,,,,,,0,,,49805.12109375,,1661902904.0,,,,,0,,,,,,0,,,49805.12109375,,1662023352.0,,,,,0,,,,,,0,,,49805.12109375,,1662146808.0,,,,,deviant
95,GEN95,17928.4609375,A_SUBMITTED,,,,,,E,,,125470.8359375,,1665540708.0,,,,,A_PARTLYSUBMITTED,,,,,,E,,,125470.8359375,,1665543981.0,,,,,W_Assess_fraud,,,,,,A,,,125470.8359375,,1665715335.0,,,,,A_PREACCEPTED,,,,,,D,,,125470.8359375,,1665729266.0,,,,,W_Complete_preaccepted_appl,,,,,,A,,,125470.8359375,,1665911439.0,,,,,W_Complete_preaccepted_appl,,,,,,A,,,125470.8359375,,1666144609.0,,,,,W_Complete_preaccepted_appl,,,,,,A,,,125470.8359375,,1666358690.0,,,,,W_Complete_preaccepted_appl,,,,,,A,,,125470.8359375,,1666548409.0,,,,,W_Complete_preaccepted_appl,,,,,,A,,,125470.8359375,,1666726149.0,,,,,A_ACCEPTED,,,,,,E,,,125470.8359375,,1666742355.0000002,,,,,A_FINALIZED,,,,,,E,,,125470.8359375,,1666742355.0,,,,,O_SELECTED,,,,,,C,,,125470.8359375,,1666742696.0,,,,,O_CREATED,,,,,,C,,,125470.8359375,,1666744477.0000002,,,,,O_SENT,,,,,,C,,,125470.8359375,,1666751516.0,,,,,W_Call_after_offer,,,,,,A,,,125470.8359375,,1666934955.0,,,,,O_SENT_BACK,,,,,,A,,,125470.8359375,,1667010354.0,,,,,W_Assess_application,,,,,,A,,,125470.8359375,,1667133583.0,,,,,W_Assess_application,,,,,,A,,,125470.8359375,,1667347921.9999998,,,,,W_Assess_application,,,,,,A,,,125470.8359375,,1667612812.0,,,,,W_Assess_application,,,,,,A,,,125470.8359375,,1667851320.0,,,,,deviant
96,GEN96,21463.244140625,A_SUBMITTED,,,,,,E,,,116593.4609375,,1665011855.0,,,,,A_PARTLYSUBMITTED,,,,,,E,,,116593.4609375,,1665014561.0,,,,,W_Assess_fraud,,,,,,A,,,116593.4609375,,1665143551.0,,,,,A_PREACCEPTED,,,,,,E,,,116593.4609375,,1665147074.0,,,,,W_Complete_preaccepted_appl,,,,,,A,,,116593.4609375,,1665245692.0,,,,,W_Complete_preaccepted_appl,,,,,,A,,,116593.4609375,,1665338221.0,,,,,W_Complete_preaccepted_appl,,,,,,A,,,116593.4609375,,1665439179.0,,,,,A_ACCEPTED,,,,,,D,,,116593.4609375,,1665446593.0,,,,,A_FINALIZED,,,,,,E,,,116593.4609375,,1665454280.0,,,,,O_SELECTED,,,,,,C,,,116593.4609375,,1665463859.0,,,,,O_CREATED,,,,,,C,,,116593.4609375,,1665473795.0,,,,,O_SENT,,,,,,C,,,116593.4609375,,1665495107.0,,,,,W_Call_after_offer,,,,,,A,,,116593.4609375,,1665620518.0,,,,,W_Call_after_offer,,,,,,A,,,116593.4609375,,1665706731.0,,,,,W_Call_after_offer,,,,,,A,,,116593.4609375,,1665770497.0,,,,,W_Call_after_offer,,,,,,A,,,116593.4609375,,1665881169.0000002,,,,,W_Call_after_offer,,,,,,A,,,116593.4609375,,1665986048.0,,,,,W_Call_after_offer,,,,,,C,,,116593.4609375,,1666059016.0,,,,,W_Call_after_offer,,,,,,A,,,116593.4609375,,1666094257.0,,,,,W_Call_after_offer,,,,,,A,,,116593.4609375,,1666145647.0,,,,,deviant
97,GEN97,22842.744140625,A_SUBMITTED,,,,,,E,,,152766.25,,1667179616.0,,,,,A_PARTLYSUBMITTED,,,,,,E,,,152766.25,,1667182526.0,,,,,W_Assess_fraud,,,,,,A,,,152766.25,,1667421049.0,,,,,A_PREACCEPTED,,,,,,E,,,152766.25,,1667452346.0,,,,,W_Complete_preaccepted_appl,,,,,,A,,,152766.25,,1667663706.0,,,,,W_Complete_preaccepted_appl,,,,,,A,,,152766.25,,1667923913.0,,,,,W_Complete_preaccepted_appl,,,,,,A,,,152766.25,,1668177532.0,,,,,W_Complete_preaccepted_appl,,,,,,A,,,152766.25,,1668396068.0,,,,,W_Complete_preaccepted_appl,,,,,,A,,,152766.25,,1668582149.0,,,,,A_ACCEPTED,,,,,,D,,,152766.25,,1668582149.0,,,,,A_FINALIZED,,,,,,D,,,152766.25,,1668588724.0,,,,,O_SELECTED,,,,,,C,,,152766.25,,1668595776.0,,,,,O_CREATED,,,,,,C,,,152766.25,,1668604264.9999998,,,,,O_SENT,,,,,,C,,,152766.25,,1668616320.0,,,,,W_Call_after_offer,,,,,,C,,,152766.25,,1668911576.0,,,,,W_Assess_application,,,,,,A,,,152766.25,,1669081913.0,,,,,W_Call_missing_information,,,,,,A,,,152766.25,,1669377501.9999998,,,,,W_Call_missing_information,,,,,,A,,,152766.25,,1669551917.9999998,,,,,W_Call_missing_information,,,,,,A,,,152766.25,,1669640758.0,,,,,O_ACCEPTED,,,,,,C,,,152766.25,,1669640758.0,,,,,deviant
98,GEN98,18724.095703125,A_SUBMITTED,,,,,,E,,,114706.109375,,1664893627.0,,,,,A_PARTLYSUBMITTED,,,,,,E,,,114706.109375,,1664895366.0,,,,,W_Assess_fraud,,,,,,A,,,114706.109375,,1665073037.0,,,,,A_PREACCEPTED,,,,,,D,,,114706.109375,,1665073037.0,,,,,W_Complete_preaccepted_appl,,,,,,A,,,114706.109375,,1665250661.0,,,,,W_Complete_preaccepted_appl,,,,,,A,,,114706.109375,,1665423106.0,,,,,A_ACCEPTED,,,,,,D,,,114706.109375,,1665423725.0,,,,,A_FINALIZED,,,,,,D,,,114706.109375,,1665432011.0,,,,,O_SELECTED,,,,,,C,,,114706.109375,,1665441787.0,,,,,O_CREATED,,,,,,C,,,114706.109375,,1665448809.9999998,,,,,O_SENT,,,,,,C,,,114706.109375,,1665459649.0,,,,,W_Call_after_offer,,,,,,A,,,114706.109375,,1665608389.0,,,,,W_Call_after_offer,,,,,,A,,,114706.109375,,1665673481.0,,,,,W_Call_after_offer,,,,,,A,,,114706.109375,,1665750339.0000002,,,,,W_Call_after_offer,,,,,,A,,,114706.109375,,1665858562.0,,,,,W_Call_after_offer,,,,,,A,,,114706.109375,,1665983314.0,,,,,W_Call_after_offer,,,,,,A,,,114706.109375,,1666113914.0000002,,,,,W_Call_after_offer,,,,,,A,,,114706.109375,,1666210464.0,,,,,W_Call_after_offer,,,,,,A,,,114706.109375,,1666282437.0,,,,,W_Call_after_offer,,,,,,C,,,114706.109375,,1666362098.0,,,,,deviant
99,GEN99,20322.05859375,A_SUBMITTED,,,,,,D,,,122384.203125,,1665354313.0,,,,,A_PARTLYSUBMITTED,,,,,,D,,,122384.203125,,1665357395.0,,,,,W_Assess_fraud,,,,,,A,,,122384.203125,,1665548565.0,,,,,A_PREACCEPTED,,,,,,D,,,122384.203125,,1665548565.0,,,,,W_Complete_preaccepted_appl,,,,,,A,,,122384.203125,,1665716329.0,,,,,A_ACCEPTED,,,,,,D,,,122384.203125,,1665716329.0,,,,,A_FINALIZED,,,,,,D,,,122384.203125,,1665725539.0,,,,,O_SELECTED,,,,,,C,,,122384.203125,,1665734718.0,,,,,O_CREATED,,,,,,C,,,122384.203125,,1665740401.0,,,,,O_CREATED,,,,,,C,,,122384.203125,,1665753144.0,,,,,O_SENT,,,,,,C,,,122384.203125,,1665802216.0,,,,,W_Call_after_offer,,,,,,A,,,122384.203125,,1665909674.0,,,,,W_Call_after_offer,,,,,,A,,,122384.203125,,1665928318.0,,,,,W_Call_after_offer,,,,,,A,,,122384.203125,,1666010627.0,,,,,W_Assess_application,,,,,,A,,,122384.203125,,1666090947.0,,,,,W_Assess_application,,,,,,A,,,122384.203125,,1666170429.0,,,,,W_Assess_application,,,,,,A,,,122384.203125,,1666284307.0,,,,,W_Assess_application,,,,,,A,,,122384.203125,,1666398830.0,,,,,W_Call_missing_information,,,,,,A,,,122384.203125,,1666545779.0000002,,,,,W_Call_missing_information,,,,,,A,,,122384.203125,,1666718138.0,,,,,deviant
100,GEN100,17670.54296875,A_SUBMITTED,,,,,,E,,,102344.1875,,1664154489.0,,,,,A_PARTLYSUBMITTED,,,,,,E,,,102344.1875,,1664154489.0,,,,,W_Assess_fraud,,,,,,A,,,102344.1875,,1664232113.0,,,,,A_PREACCEPTED,,,,,,E,,,102344.1875,,1664232113.0,,,,,W_Complete_preaccepted_appl,,,,,,A,,,102344.1875,,1664251543.0,,,,,W_Complete_preaccepted_appl,,,,,,A,,,102344.1875,,1664269701.9999998,,,,,W_Complete_preaccepted_appl,,,,,,A,,,102344.1875,,1664285631.0,,,,,W_Complete_preaccepted_appl,,,,,,A,,,102344.1875,,1664305885.0,,,,,W_Complete_preaccepted_appl,,,,,,A,,,102344.1875,,1664359613.0,,,,,A_ACCEPTED,,,,,,E,,,102344.1875,,1664365212.0,,,,,A_FINALIZED,,,,,,E,,,102344.1875,,1664370274.9999998,,,,,O_SELECTED,,,,,,C,,,102344.1875,,1664378264.0,,,,,O_CREATED,,,,,,C,,,102344.1875,,1664385255.0,,,,,O_SENT,,,,,,C,,,102344.1875,,1664393266.0,,,,,W_Call_after_offer,,,,,,A,,,102344.1875,,1664462217.0,,,,,W_Call_after_offer,,,,,,A,,,102344.1875,,1664484129.0,,,,,W_Call_after_offer,,,,,,A,,,102344.1875,,1664525301.0,,,,,W_Call_after_offer,,,,,,A,,,102344.1875,,1664566907.0,,,,,W_Call_after_offer,,,,,,A,,,102344.1875,,1664615760.0,,,,,W_Call_after_offer,,,,,,A,,,102344.1875,,1664662025.9999998,,,,,regular
101,GEN101,19674.466796875,A_SUBMITTED,,,,,,E,,,114551.390625,,1664884344.0,,,,,A_PARTLYSUBMITTED,,,,,,E,,,114551.390625,,1664884623.0,,,,,W_Assess_fraud,,,,,,A,,,114551.390625,,1665058114.0,,,,,O_DECLINED,,,,,,C,,,114551.390625,,1665066171.0,,,,,A_DECLINED,,,,,,E,,,114551.390625,,1665077249.0,,,,,0,,,,,,0,,,49805.12109375,,1661311977.0,,,,,0,,,,,,0,,,49805.12109375,,1661454440.0,,,,,0,,,,,,0,,,49805.12109375,,1661616410.0,,,,,0,,,,,,0,,,49805.12109375,,1661719985.0,,,,,0,,,,,,0,,,49805.12109375,,1661719985.0,,,,,0,,,,,,0,,,49805.12109375,,1661719985.0,,,,,0,,,,,,0,,,49805.12109375,,1661719985.0,,,,,0,,,,,,0,,,49805.12109375,,1661719985.0,,,,,0,,,,,,0,,,49805.12109375,,1661722831.0,,,,,0,,,,,,0,,,49805.12109375,,1661741263.0,,,,,0,,,,,,0,,,49805.12109375,,1661757591.0,,,,,0,,,,,,0,,,49805.12109375,,1661806399.9999998,,,,,0,,,,,,0,,,49805.12109375,,1661902904.0,,,,,0,,,,,,0,,,49805.12109375,,1662023352.0,,,,,0,,,,,,0,,,49805.12109375,,1662146808.0,,,,,regular
102,GEN102,18091.443359375,A_SUBMITTED,,,,,,E,,,119468.8125,,1665180291.0,,,,,A_PARTLYSUBMITTED,,,,,,E,,,119468.8125,,1665183047.0,,,,,W_Assess_fraud,,,,,,A,,,119468.8125,,1665348272.0,,,,,A_PREACCEPTED,,,,,,D,,,119468.8125,,1665349409.0,,,,,W_Complete_preaccepted_appl,,,,,,A,,,119468.8125,,1665534276.0,,,,,A_DECLINED,,,,,,E,,,119468.8125,,1665569711.0,,,,,0,,,,,,0,,,49805.12109375,,1661454440.0,,,,,0,,,,,,0,,,49805.12109375,,1661616410.0,,,,,0,,,,,,0,,,49805.12109375,,1661719985.0,,,,,0,,,,,,0,,,49805.12109375,,1661719985.0,,,,,0,,,,,,0,,,49805.12109375,,1661719985.0,,,,,0,,,,,,0,,,49805.12109375,,1661719985.0,,,,,0,,,,,,0,,,49805.12109375,,1661719985.0,,,,,0,,,,,,0,,,49805.12109375,,1661722831.0,,,,,0,,,,,,0,,,49805.12109375,,1661741263.0,,,,,0,,,,,,0,,,49805.12109375,,1661757591.0,,,,,0,,,,,,0,,,49805.12109375,,1661806399.9999998,,,,,0,,,,,,0,,,49805.12109375,,1661902904.0,,,,,0,,,,,,0,,,49805.12109375,,1662023352.0,,,,,0,,,,,,0,,,49805.12109375,,1662146808.0,,,,,regular
103,GEN103,20781.587890625,A_SUBMITTED,,,,,,E,,,114453.171875,,1664878537.0,,,,,A_PARTLYSUBMITTED,,,,,,E,,,114453.171875,,1664880712.0,,,,,W_Assess_fraud,,,,,,A,,,114453.171875,,1665044844.0,,,,,O_DECLINED,,,,,,C,,,114453.171875,,1665049154.0,,,,,A_DECLINED,,,,,,E,,,114453.171875,,1665061001.0,,,,,0,,,,,,0,,,49805.12109375,,1661311977.0,,,,,0,,,,,,0,,,49805.12109375,,1661454440.0,,,,,0,,,,,,0,,,49805.12109375,,1661616410.0,,,,,0,,,,,,0,,,49805.12109375,,1661719985.0,,,,,0,,,,,,0,,,49805.12109375,,1661719985.0,,,,,0,,,,,,0,,,49805.12109375,,1661719985.0,,,,,0,,,,,,0,,,49805.12109375,,1661719985.0,,,,,0,,,,,,0,,,49805.12109375,,1661719985.0,,,,,0,,,,,,0,,,49805.12109375,,1661722831.0,,,,,0,,,,,,0,,,49805.12109375,,1661741263.0,,,,,0,,,,,,0,,,49805.12109375,,1661757591.0,,,,,0,,,,,,0,,,49805.12109375,,1661806399.9999998,,,,,0,,,,,,0,,,49805.12109375,,1661902904.0,,,,,0,,,,,,0,,,49805.12109375,,1662023352.0,,,,,0,,,,,,0,,,49805.12109375,,1662146808.0,,,,,regular
104,GEN104,16504.603515625,A_SUBMITTED,,,,,,E,,,98406.171875,,1663915982.0,,,,,A_PARTLYSUBMITTED,,,,,,E,,,98406.171875,,1663923157.0,,,,,W_Assess_fraud,,,,,,A,,,98406.171875,,1664071406.0,,,,,A_CANCELLED,,,,,,E,,,98406.171875,,1664073010.0,,,,,0,,,,,,0,,,49805.12109375,,1661208227.0,,,,,0,,,,,,0,,,49805.12109375,,1661311977.0,,,,,0,,,,,,0,,,49805.12109375,,1661454440.0,,,,,0,,,,,,0,,,49805.12109375,,1661616410.0,,,,,0,,,,,,0,,,49805.12109375,,1661719985.0,,,,,0,,,,,,0,,,49805.12109375,,1661719985.0,,,,,0,,,,,,0,,,49805.12109375,,1661719985.0,,,,,0,,,,,,0,,,49805.12109375,,1661719985.0,,,,,0,,,,,,0,,,49805.12109375,,1661719985.0,,,,,0,,,,,,0,,,49805.12109375,,1661722831.0,,,,,0,,,,,,0,,,49805.12109375,,1661741263.0,,,,,0,,,,,,0,,,49805.12109375,,1661757591.0,,,,,0,,,,,,0,,,49805.12109375,,1661806399.9999998,,,,,0,,,,,,0,,,49805.12109375,,1661902904.0,,,,,0,,,,,,0,,,49805.12109375,,1662023352.0,,,,,0,,,,,,0,,,49805.12109375,,1662146808.0,,,,,regular
105,GEN105,25591.234375,A_SUBMITTED,,,,,,E,,,84914.1875,,1663109525.0,,,,,A_PARTLYSUBMITTED,,,,,,E,,,84914.1875,,1663118015.0,,,,,W_Assess_fraud,,,,,,A,,,84914.1875,,1663265487.0,,,,,A_PREACCEPTED,,,,,,E,,,84914.1875,,1663265487.0,,,,,W_Complete_preaccepted_appl,,,,,,A,,,84914.1875,,1663425775.0,,,,,W_Complete_preaccepted_appl,,,,,,A,,,84914.1875,,1663591862.0,,,,,W_Complete_preaccepted_appl,,,,,,A,,,84914.1875,,1663759990.0,,,,,W_Complete_preaccepted_appl,,,,,,A,,,84914.1875,,1663938443.0,,,,,W_Complete_preaccepted_appl,,,,,,A,,,84914.1875,,1664120442.0,,,,,W_Complete_preaccepted_appl,,,,,,A,,,84914.1875,,1664274972.0,,,,,A_ACCEPTED,,,,,,E,,,84914.1875,,1664293382.0,,,,,A_FINALIZED,,,,,,E,,,84914.1875,,1664298334.0,,,,,O_SELECTED,,,,,,C,,,84914.1875,,1664309327.0,,,,,O_CREATED,,,,,,C,,,84914.1875,,1664320293.0,,,,,O_SENT,,,,,,C,,,84914.1875,,1664337998.0,,,,,W_Call_after_offer,,,,,,C,,,84914.1875,,1664461343.0,,,,,O_SENT_BACK,,,,,,C,,,84914.1875,,1664533912.0,,,,,W_Assess_application,,,,,,C,,,84914.1875,,1664636814.0000002,,,,,W_Assess_application,,,,,,A,,,84914.1875,,1664786381.0,,,,,W_Assess_application,,,,,,A,,,84914.1875,,1664983992.0,,,,,regular
106,GEN106,18990.531250000004,A_SUBMITTED,,,,,,E,,,119347.4453125,,1665173932.0,,,,,A_PARTLYSUBMITTED,,,,,,E,,,119347.4453125,,1665177791.0,,,,,W_Assess_fraud,,,,,,A,,,119347.4453125,,1665339820.0,,,,,A_PREACCEPTED,,,,,,D,,,119347.4453125,,1665341839.0,,,,,W_Complete_preaccepted_appl,,,,,,A,,,119347.4453125,,1665496613.0,,,,,A_DECLINED,,,,,,E,,,119347.4453125,,1665500621.0,,,,,0,,,,,,0,,,49805.12109375,,1661454440.0,,,,,0,,,,,,0,,,49805.12109375,,1661616410.0,,,,,0,,,,,,0,,,49805.12109375,,1661719985.0,,,,,0,,,,,,0,,,49805.12109375,,1661719985.0,,,,,0,,,,,,0,,,49805.12109375,,1661719985.0,,,,,0,,,,,,0,,,49805.12109375,,1661719985.0,,,,,0,,,,,,0,,,49805.12109375,,1661719985.0,,,,,0,,,,,,0,,,49805.12109375,,1661722831.0,,,,,0,,,,,,0,,,49805.12109375,,1661741263.0,,,,,0,,,,,,0,,,49805.12109375,,1661757591.0,,,,,0,,,,,,0,,,49805.12109375,,1661806399.9999998,,,,,0,,,,,,0,,,49805.12109375,,1661902904.0,,,,,0,,,,,,0,,,49805.12109375,,1662023352.0,,,,,0,,,,,,0,,,49805.12109375,,1662146808.0,,,,,regular
107,GEN107,19389.66015625,A_SUBMITTED,,,,,,E,,,124179.96875,,1665462059.0,,,,,A_PARTLYSUBMITTED,,,,,,E,,,124179.96875,,1665466826.0,,,,,W_Assess_fraud,,,,,,A,,,124179.96875,,1665650529.0,,,,,A_PREACCEPTED,,,,,,E,,,124179.96875,,1665666823.0,,,,,W_Complete_preaccepted_appl,,,,,,A,,,124179.96875,,1665857558.0,,,,,W_Complete_preaccepted_appl,,,,,,A,,,124179.96875,,1666046090.0,,,,,W_Complete_preaccepted_appl,,,,,,A,,,124179.96875,,1666240899.0,,,,,W_Complete_preaccepted_appl,,,,,,A,,,124179.96875,,1666405045.0,,,,,O_SELECTED,,,,,,A,,,124179.96875,,1666415743.0,,,,,O_SELECTED,,,,,,C,,,124179.96875,,1666424586.0,,,,,0,,,,,,0,,,49805.12109375,,1661719985.0,,,,,0,,,,,,0,,,49805.12109375,,1661719985.0,,,,,0,,,,,,0,,,49805.12109375,,1661719985.0,,,,,0,,,,,,0,,,49805.12109375,,1661722831.0,,,,,0,,,,,,0,,,49805.12109375,,1661741263.0,,,,,0,,,,,,0,,,49805.12109375,,1661757591.0,,,,,0,,,,,,0,,,49805.12109375,,1661806399.9999998,,,,,0,,,,,,0,,,49805.12109375,,1661902904.0,,,,,0,,,,,,0,,,49805.12109375,,1662023352.0,,,,,0,,,,,,0,,,49805.12109375,,1662146808.0,,,,,regular
108,GEN108,18824.318359375,A_SUBMITTED,,,,,,E,,,120162.34375,,1665221001.0,,,,,A_PARTLYSUBMITTED,,,,,,E,,,120162.34375,,1665224430.0,,,,,W_Assess_fraud,,,,,,A,,,120162.34375,,1665386772.0,,,,,A_PREACCEPTED,,,,,,E,,,120162.34375,,1665395871.0000002,,,,,W_Complete_preaccepted_appl,,,,,,A,,,120162.34375,,1665591878.0,,,,,W_Complete_preaccepted_appl,,,,,,A,,,120162.34375,,1665757853.0,,,,,A_ACCEPTED,,,,,,E,,,120162.34375,,1665757853.0000002,,,,,A_FINALIZED,,,,,,C,,,120162.34375,,1665766745.0,,,,,O_CREATED,,,,,,C,,,120162.34375,,1665775207.0,,,,,O_SENT,,,,,,C,,,120162.34375,,1665792188.0,,,,,W_Call_after_offer,,,,,,A,,,120162.34375,,1665983083.0,,,,,O_SENT_BACK,,,,,,C,,,120162.34375,,1665983083.0,,,,,W_Assess_application,,,,,,C,,,120162.34375,,1666137674.0,,,,,W_Assess_application,,,,,,A,,,120162.34375,,1666362597.0,,,,,W_Call_missing_information,,,,,,A,,,120162.34375,,1666589464.9999998,,,,,W_Call_missing_information,,,,,,A,,,120162.34375,,1666801134.0,,,,,W_Call_missing_information,,,,,,A,,,120162.34375,,1667040346.0,,,,,W_Call_missing_information,,,,,,A,,,120162.34375,,1667268237.0,,,,,W_Call_missing_information,,,,,,A,,,120162.34375,,1667393950.0000002,,,,,A_DECLINED,,,,,,E,,,120162.34375,,1667393950.0,,,,,regular
109,GEN109,18069.76953125,A_SUBMITTED,,,,,,E,,,119363.078125,,1665173045.0,,,,,A_PARTLYSUBMITTED,,,,,,E,,,119363.078125,,1665176708.0,,,,,W_Assess_fraud,,,,,,A,,,119363.078125,,1665345651.0,,,,,A_PREACCEPTED,,,,,,E,,,119363.078125,,1665347536.0,,,,,W_Complete_preaccepted_appl,,,,,,A,,,119363.078125,,1665498708.0,,,,,A_CANCELLED,,,,,,E,,,119363.078125,,1665498708.0,,,,,0,,,,,,0,,,49805.12109375,,1661454440.0,,,,,0,,,,,,0,,,49805.12109375,,1661616410.0,,,,,0,,,,,,0,,,49805.12109375,,1661719985.0,,,,,0,,,,,,0,,,49805.12109375,,1661719985.0,,,,,0,,,,,,0,,,49805.12109375,,1661719985.0,,,,,0,,,,,,0,,,49805.12109375,,1661719985.0,,,,,0,,,,,,0,,,49805.12109375,,1661719985.0,,,,,0,,,,,,0,,,49805.12109375,,1661722831.0,,,,,0,,,,,,0,,,49805.12109375,,1661741263.0,,,,,0,,,,,,0,,,49805.12109375,,1661757591.0,,,,,0,,,,,,0,,,49805.12109375,,1661806399.9999998,,,,,0,,,,,,0,,,49805.12109375,,1661902904.0,,,,,0,,,,,,0,,,49805.12109375,,1662023352.0,,,,,0,,,,,,0,,,49805.12109375,,1662146808.0,,,,,regular
110,GEN110,17980.19921875,A_SUBMITTED,,,,,,E,,,130159.2109375,,1665821382.0,,,,,A_PARTLYSUBMITTED,,,,,,E,,,130159.2109375,,1665824648.0,,,,,W_Assess_fraud,,,,,,A,,,130159.2109375,,1666039559.0,,,,,A_PREACCEPTED,,,,,,E,,,130159.2109375,,1666050826.0,,,,,W_Complete_preaccepted_appl,,,,,,A,,,130159.2109375,,1666270629.0,,,,,W_Complete_preaccepted_appl,,,,,,A,,,130159.2109375,,1666490763.0,,,,,A_DECLINED,,,,,,E,,,130159.2109375,,1666490763.0,,,,,0,,,,,,0,,,49805.12109375,,1661616410.0,,,,,0,,,,,,0,,,49805.12109375,,1661719985.0,,,,,0,,,,,,0,,,49805.12109375,,1661719985.0,,,,,0,,,,,,0,,,49805.12109375,,1661719985.0,,,,,0,,,,,,0,,,49805.12109375,,1661719985.0,,,,,0,,,,,,0,,,49805.12109375,,1661719985.0,,,,,0,,,,,,0,,,49805.12109375,,1661722831.0,,,,,0,,,,,,0,,,49805.12109375,,1661741263.0,,,,,0,,,,,,0,,,49805.12109375,,1661757591.0,,,,,0,,,,,,0,,,49805.12109375,,1661806399.9999998,,,,,0,,,,,,0,,,49805.12109375,,1661902904.0,,,,,0,,,,,,0,,,49805.12109375,,1662023352.0,,,,,0,,,,,,0,,,49805.12109375,,1662146808.0,,,,,regular
111,GEN111,20573.2109375,A_SUBMITTED,,,,,,E,,,105593.8125,,1664346889.0,,,,,A_PARTLYSUBMITTED,,,,,,E,,,105593.8125,,1664350518.0,,,,,W_Assess_fraud,,,,,,A,,,105593.8125,,1664507906.0,,,,,A_PREACCEPTED,,,,,,E,,,105593.8125,,1664528637.0,,,,,W_Complete_preaccepted_appl,,,,,,A,,,105593.8125,,1664667197.0,,,,,W_Complete_preaccepted_appl,,,,,,A,,,105593.8125,,1664835392.0,,,,,W_Complete_preaccepted_appl,,,,,,A,,,105593.8125,,1665002817.0,,,,,W_Complete_preaccepted_appl,,,,,,A,,,105593.8125,,1665179199.0,,,,,W_Complete_preaccepted_appl,,,,,,A,,,105593.8125,,1665357548.0,,,,,W_Complete_preaccepted_appl,,,,,,A,,,105593.8125,,1665543223.0,,,,,W_Complete_preaccepted_appl,,,,,,A,,,105593.8125,,1665710557.0,,,,,A_DECLINED,,,,,,D,,,105593.8125,,1665714471.0,,,,,0,,,,,,0,,,49805.12109375,,1661719985.0,,,,,0,,,,,,0,,,49805.12109375,,1661722831.0,,,,,0,,,,,,0,,,49805.12109375,,1661741263.0,,,,,0,,,,,,0,,,49805.12109375,,1661757591.0,,,,,0,,,,,,0,,,49805.12109375,,1661806399.9999998,,,,,0,,,,,,0,,,49805.12109375,,1661902904.0,,,,,0,,,,,,0,,,49805.12109375,,1662023352.0,,,,,0,,,,,,0,,,49805.12109375,,1662146808.0,,,,,regular
112,GEN112,24049.876953125,A_SUBMITTED,,,,,,E,,,164131.890625,,1667860095.0,,,,,A_PARTLYSUBMITTED,,,,,,E,,,164131.890625,,1667865291.0,,,,,W_Assess_fraud,,,,,,A,,,164131.890625,,1668066999.0,,,,,A_PREACCEPTED,,,,,,D,,,164131.890625,,1668084823.0,,,,,W_Complete_preaccepted_appl,,,,,,A,,,164131.890625,,1668225121.0,,,,,W_Complete_preaccepted_appl,,,,,,A,,,164131.890625,,1668361002.0,,,,,W_Complete_preaccepted_appl,,,,,,A,,,164131.890625,,1668470275.0,,,,,W_Complete_preaccepted_appl,,,,,,A,,,164131.890625,,1668563330.0000002,,,,,A_ACCEPTED,,,,,,E,,,164131.890625,,1668563330.0,,,,,A_FINALIZED,,,,,,D,,,164131.890625,,1668569111.0,,,,,O_SELECTED,,,,,,C,,,164131.890625,,1668576108.0,,,,,O_CREATED,,,,,,C,,,164131.890625,,1668585604.0,,,,,O_SENT,,,,,,C,,,164131.890625,,1668591976.0,,,,,O_SELECTED,,,,,,C,,,164131.890625,,1668591976.0000002,,,,,O_CREATED,,,,,,C,,,164131.890625,,1668599353.0,,,,,O_SENT,,,,,,C,,,164131.890625,,1668613470.0,,,,,W_Call_after_offer,,,,,,A,,,164131.890625,,1668809643.0,,,,,W_Call_after_offer,,,,,,A,,,164131.890625,,1668961768.0,,,,,A_DECLINED,,,,,,E,,,164131.890625,,1668995185.0000002,,,,,0,,,,,,0,,,49805.12109375,,1662146808.0,,,,,regular
113,GEN113,20404.490234375,A_SUBMITTED,,,,,,E,,,122052.75,,1665334426.0,,,,,A_PARTLYSUBMITTED,,,,,,E,,,122052.75,,1665334426.0,,,,,W_Assess_fraud,,,,,,A,,,122052.75,,1665485645.0,,,,,O_DECLINED,,,,,,C,,,122052.75,,1665492990.0,,,,,A_ACCEPTED,,,,,,E,,,122052.75,,1665515989.0,,,,,A_FINALIZED,,,,,,E,,,122052.75,,1665521222.0,,,,,O_SELECTED,,,,,,C,,,122052.75,,1665530508.0,,,,,O_CREATED,,,,,,C,,,122052.75,,1665534186.0,,,,,O_SENT,,,,,,C,,,122052.75,,1665539115.0,,,,,W_Call_after_offer,,,,,,A,,,122052.75,,1665625266.0,,,,,A_DECLINED,,,,,,D,,,122052.75,,1665645104.0,,,,,0,,,,,,0,,,49805.12109375,,1661719985.0,,,,,0,,,,,,0,,,49805.12109375,,1661719985.0,,,,,0,,,,,,0,,,49805.12109375,,1661722831.0,,,,,0,,,,,,0,,,49805.12109375,,1661741263.0,,,,,0,,,,,,0,,,49805.12109375,,1661757591.0,,,,,0,,,,,,0,,,49805.12109375,,1661806399.9999998,,,,,0,,,,,,0,,,49805.12109375,,1661902904.0,,,,,0,,,,,,0,,,49805.12109375,,1662023352.0,,,,,0,,,,,,0,,,49805.12109375,,1662146808.0,,,,,regular
114,GEN114,19636.87109375,A_SUBMITTED,,,,,,E,,,125040.7109375,,1665513703.0,,,,,A_PARTLYSUBMITTED,,,,,,E,,,125040.7109375,,1665513703.0,,,,,W_Assess_fraud,,,,,,A,,,125040.7109375,,1665726556.0,,,,,A_PREACCEPTED,,,,,,D,,,125040.7109375,,1665726556.0,,,,,W_Complete_preaccepted_appl,,,,,,A,,,125040.7109375,,1665925660.0,,,,,A_ACCEPTED,,,,,,D,,,125040.7109375,,1665957147.0,,,,,A_FINALIZED,,,,,,E,,,125040.7109375,,1665969383.0,,,,,O_SELECTED,,,,,,C,,,125040.7109375,,1665975933.0,,,,,O_CREATED,,,,,,C,,,125040.7109375,,1665980994.0,,,,,O_SENT,,,,,,C,,,125040.7109375,,1665989865.0000002,,,,,W_Call_after_offer,,,,,,D,,,125040.7109375,,1666094164.0000002,,,,,A_DECLINED,,,,,,D,,,125040.7109375,,1666111489.0,,,,,0,,,,,,0,,,49805.12109375,,1661719985.0,,,,,0,,,,,,0,,,49805.12109375,,1661722831.0,,,,,0,,,,,,0,,,49805.12109375,,1661741263.0,,,,,0,,,,,,0,,,49805.12109375,,1661757591.0,,,,,0,,,,,,0,,,49805.12109375,,1661806399.9999998,,,,,0,,,,,,0,,,49805.12109375,,1661902904.0,,,,,0,,,,,,0,,,49805.12109375,,1662023352.0,,,,,0,,,,,,0,,,49805.12109375,,1662146808.0,,,,,regular
115,GEN115,24150.509765625,A_SUBMITTED,,,,,,E,,,88534.0546875,,1663326668.0,,,,,A_PARTLYSUBMITTED,,,,,,E,,,88534.0546875,,1663333475.0,,,,,W_Assess_fraud,,,,,,A,,,88534.0546875,,1663466007.0,,,,,A_PREACCEPTED,,,,,,E,,,88534.0546875,,1663466007.0,,,,,W_Complete_preaccepted_appl,,,,,,A,,,88534.0546875,,1663602102.0000002,,,,,W_Complete_preaccepted_appl,,,,,,A,,,88534.0546875,,1663745580.0000002,,,,,W_Complete_preaccepted_appl,,,,,,A,,,88534.0546875,,1663888568.0,,,,,W_Complete_preaccepted_appl,,,,,,A,,,88534.0546875,,1664050591.0,,,,,W_Complete_preaccepted_appl,,,,,,A,,,88534.0546875,,1664225919.0,,,,,W_Complete_preaccepted_appl,,,,,,A,,,88534.0546875,,1664373698.0,,,,,A_ACCEPTED,,,,,,E,,,88534.0546875,,1664377169.0,,,,,A_FINALIZED,,,,,,E,,,88534.0546875,,1664383546.0,,,,,O_SELECTED,,,,,,C,,,88534.0546875,,1664396231.0,,,,,O_CREATED,,,,,,C,,,88534.0546875,,1664409973.0,,,,,O_SENT,,,,,,C,,,88534.0546875,,1664436161.0000002,,,,,W_Call_after_offer,,,,,,C,,,88534.0546875,,1664709229.9999998,,,,,O_SENT_BACK,,,,,,C,,,88534.0546875,,1664799231.0,,,,,W_Assess_application,,,,,,A,,,88534.0546875,,1664903385.9999998,,,,,W_Assess_application,,,,,,A,,,88534.0546875,,1665108918.0000002,,,,,W_Call_missing_information,,,,,,A,,,88534.0546875,,1665328593.0,,,,,regular
116,GEN116,20112.298828125,A_SUBMITTED,,,,,,E,,,111504.2265625,,1664701514.0,,,,,A_PARTLYSUBMITTED,,,,,,E,,,111504.2265625,,1664705171.0,,,,,W_Assess_fraud,,,,,,A,,,111504.2265625,,1664904119.0,,,,,A_PREACCEPTED,,,,,,E,,,111504.2265625,,1664916003.0,,,,,W_Complete_preaccepted_appl,,,,,,A,,,111504.2265625,,1665135452.0,,,,,W_Complete_preaccepted_appl,,,,,,A,,,111504.2265625,,1665340694.0,,,,,W_Complete_preaccepted_appl,,,,,,A,,,111504.2265625,,1665571243.0,,,,,W_Complete_preaccepted_appl,,,,,,A,,,111504.2265625,,1665787566.0,,,,,A_DECLINED,,,,,,A,,,111504.2265625,,1665802552.0,,,,,0,,,,,,0,,,49805.12109375,,1661719985.0,,,,,0,,,,,,0,,,49805.12109375,,1661719985.0,,,,,0,,,,,,0,,,49805.12109375,,1661719985.0,,,,,0,,,,,,0,,,49805.12109375,,1661719985.0,,,,,0,,,,,,0,,,49805.12109375,,1661722831.0,,,,,0,,,,,,0,,,49805.12109375,,1661741263.0,,,,,0,,,,,,0,,,49805.12109375,,1661757591.0,,,,,0,,,,,,0,,,49805.12109375,,1661806399.9999998,,,,,0,,,,,,0,,,49805.12109375,,1661902904.0,,,,,0,,,,,,0,,,49805.12109375,,1662023352.0,,,,,0,,,,,,0,,,49805.12109375,,1662146808.0,,,,,regular
117,GEN117,19817.88671875,A_SUBMITTED,,,,,,E,,,111853.1484375,,1664725467.0,,,,,A_PARTLYSUBMITTED,,,,,,E,,,111853.1484375,,1664733079.0,,,,,W_Assess_fraud,,,,,,A,,,111853.1484375,,1664928333.0,,,,,A_PREACCEPTED,,,,,,E,,,111853.1484375,,1664938331.0,,,,,W_Complete_preaccepted_appl,,,,,,A,,,111853.1484375,,1665185027.0,,,,,W_Complete_preaccepted_appl,,,,,,A,,,111853.1484375,,1665457454.9999998,,,,,W_Complete_preaccepted_appl,,,,,,A,,,111853.1484375,,1665739809.0,,,,,W_Complete_preaccepted_appl,,,,,,A,,,111853.1484375,,1666020980.0,,,,,W_Complete_preaccepted_appl,,,,,,A,,,111853.1484375,,1666324546.0,,,,,A_ACCEPTED,,,,,,A,,,111853.1484375,,1666476529.0,,,,,A_FINALIZED,,,,,,E,,,111853.1484375,,1666485607.0,,,,,A_FINALIZED,,,,,,E,,,111853.1484375,,1666492336.0,,,,,O_CREATED,,,,,,C,,,111853.1484375,,1666498669.0,,,,,O_SENT,,,,,,C,,,111853.1484375,,1666509156.0,,,,,W_Call_after_offer,,,,,,A,,,111853.1484375,,1666746237.0,,,,,W_Call_after_offer,,,,,,A,,,111853.1484375,,1667066017.9999998,,,,,W_Call_after_offer,,,,,,A,,,111853.1484375,,1667332477.0,,,,,W_Call_after_offer,,,,,,C,,,111853.1484375,,1667430630.0,,,,,W_Call_after_offer,,,,,,C,,,111853.1484375,,1667442909.0,,,,,O_SELECTED,,,,,,C,,,111853.1484375,,1667485626.0,,,,,regular
118,GEN118,19258.353515625,A_SUBMITTED,,,,,,E,,,128553.015625,,1665724441.0,,,,,A_PARTLYSUBMITTED,,,,,,E,,,128553.015625,,1665728473.0,,,,,W_Assess_fraud,,,,,,A,,,128553.015625,,1665906483.0,,,,,A_PREACCEPTED,,,,,,D,,,128553.015625,,1665922483.0,,,,,W_Complete_preaccepted_appl,,,,,,A,,,128553.015625,,1666119011.0,,,,,W_Complete_preaccepted_appl,,,,,,A,,,128553.015625,,1666268453.0,,,,,A_FINALIZED,,,,,,D,,,128553.015625,,1666284012.0,,,,,O_SELECTED,,,,,,C,,,128553.015625,,1666290124.0000002,,,,,O_CREATED,,,,,,C,,,128553.015625,,1666298166.0,,,,,O_SENT,,,,,,C,,,128553.015625,,1666305628.0,,,,,W_Call_after_offer,,,,,,A,,,128553.015625,,1666567479.0,,,,,W_Call_after_offer,,,,,,A,,,128553.015625,,1666828389.0,,,,,W_Call_after_offer,,,,,,A,,,128553.015625,,1667136417.9999998,,,,,W_Call_after_offer,,,,,,A,,,128553.015625,,1667425832.0,,,,,O_SENT_BACK,,,,,,C,,,128553.015625,,1667560743.0,,,,,W_Assess_application,,,,,,A,,,128553.015625,,1667766233.0,,,,,W_Assess_application,,,,,,A,,,128553.015625,,1668033785.0,,,,,W_Assess_application,,,,,,A,,,128553.015625,,1668333371.0,,,,,W_Call_missing_information,,,,,,A,,,128553.015625,,1668638341.0,,,,,W_Call_missing_information,,,,,,A,,,128553.015625,,1668958493.0,,,,,regular
119,GEN119,17576.431640625,A_SUBMITTED,,,,,,E,,,107906.671875,,1664485661.0,,,,,A_PARTLYSUBMITTED,,,,,,E,,,107906.671875,,1664488587.0,,,,,W_Assess_fraud,,,,,,A,,,107906.671875,,1664654218.0,,,,,A_PREACCEPTED,,,,,,E,,,107906.671875,,1664668544.0,,,,,W_Complete_preaccepted_appl,,,,,,A,,,107906.671875,,1664840787.0000002,,,,,W_Complete_preaccepted_appl,,,,,,A,,,107906.671875,,1665011034.0,,,,,W_Complete_preaccepted_appl,,,,,,A,,,107906.671875,,1665189105.0,,,,,W_Complete_preaccepted_appl,,,,,,A,,,107906.671875,,1665375345.0,,,,,W_Complete_preaccepted_appl,,,,,,A,,,107906.671875,,1665578044.0,,,,,W_Complete_preaccepted_appl,,,,,,A,,,107906.671875,,1665764288.0,,,,,A_DECLINED,,,,,,D,,,107906.671875,,1665778493.0,,,,,0,,,,,,0,,,49805.12109375,,1661719985.0,,,,,0,,,,,,0,,,49805.12109375,,1661719985.0,,,,,0,,,,,,0,,,49805.12109375,,1661722831.0,,,,,0,,,,,,0,,,49805.12109375,,1661741263.0,,,,,0,,,,,,0,,,49805.12109375,,1661757591.0,,,,,0,,,,,,0,,,49805.12109375,,1661806399.9999998,,,,,0,,,,,,0,,,49805.12109375,,1661902904.0,,,,,0,,,,,,0,,,49805.12109375,,1662023352.0,,,,,0,,,,,,0,,,49805.12109375,,1662146808.0,,,,,regular
120,GEN120,23710.98828125,A_SUBMITTED,,,,,,D,,,49805.12109375,,1660999568.0,,,,,A_PARTLYSUBMITTED,,,,,,D,,,49805.12109375,,1661001867.0,,,,,W_Assess_fraud,,,,,,A,,,49805.12109375,,1661072693.0,,,,,A_PREACCEPTED,,,,,,D,,,49805.12109375,,1661094219.0,,,,,W_Complete_preaccepted_appl,,,,,,A,,,49805.12109375,,1661208227.0,,,,,W_Complete_preaccepted_appl,,,,,,A,,,49805.12109375,,1661311977.0,,,,,W_Complete_preaccepted_appl,,,,,,A,,,49805.12109375,,1661454440.0,,,,,W_Complete_preaccepted_appl,,,,,,A,,,49805.12109375,,1661616410.0,,,,,W_Complete_preaccepted_appl,,,,,,A,,,49805.12109375,,1661769797.0000002,,,,,W_Complete_preaccepted_appl,,,,,,A,,,49805.12109375,,1661903280.0,,,,,W_Complete_preaccepted_appl,,,,,,A,,,49805.12109375,,1662019935.0,,,,,A_ACCEPTED,,,,,,D,,,49805.12109375,,1662131496.9999998,,,,,A_FINALIZED,,,,,,D,,,49805.12109375,,1662204909.0,,,,,O_SELECTED,,,,,,C,,,49805.12109375,,1662281188.0000002,,,,,O_CREATED,,,,,,C,,,49805.12109375,,1662356911.0,,,,,O_SENT,,,,,,C,,,49805.12109375,,1662447518.0,,,,,O_SENT_BACK,,,,,,C,,,49805.12109375,,1662556256.0,,,,,W_Assess_application,,,,,,C,,,49805.12109375,,1662703548.0,,,,,W_Assess_application,,,,,,A,,,49805.12109375,,1662878578.9999998,,,,,W_Call_missing_information,,,,,,A,,,49805.12109375,,1663083754.0,,,,,regular
121,GEN121,19334.3359375,A_SUBMITTED,,,,,,E,,,117521.7421875,,1665062565.0,,,,,A_PARTLYSUBMITTED,,,,,,E,,,117521.7421875,,1665067466.0,,,,,W_Assess_fraud,,,,,,A,,,117521.7421875,,1665247167.0,,,,,A_PREACCEPTED,,,,,,E,,,117521.7421875,,1665266410.0,,,,,W_Complete_preaccepted_appl,,,,,,A,,,117521.7421875,,1665434950.0,,,,,W_Complete_preaccepted_appl,,,,,,A,,,117521.7421875,,1665594899.0,,,,,W_Complete_preaccepted_appl,,,,,,A,,,117521.7421875,,1665731066.0,,,,,A_DECLINED,,,,,,E,,,117521.7421875,,1665773206.0,,,,,0,,,,,,0,,,49805.12109375,,1661719985.0,,,,,0,,,,,,0,,,49805.12109375,,1661719985.0,,,,,0,,,,,,0,,,49805.12109375,,1661719985.0,,,,,0,,,,,,0,,,49805.12109375,,1661719985.0,,,,,0,,,,,,0,,,49805.12109375,,1661719985.0,,,,,0,,,,,,0,,,49805.12109375,,1661722831.0,,,,,0,,,,,,0,,,49805.12109375,,1661741263.0,,,,,0,,,,,,0,,,49805.12109375,,1661757591.0,,,,,0,,,,,,0,,,49805.12109375,,1661806399.9999998,,,,,0,,,,,,0,,,49805.12109375,,1661902904.0,,,,,0,,,,,,0,,,49805.12109375,,1662023352.0,,,,,0,,,,,,0,,,49805.12109375,,1662146808.0,,,,,regular
122,GEN122,19011.90625,A_SUBMITTED,,,,,,E,,,152481.078125,,1667162102.0,,,,,A_PARTLYSUBMITTED,,,,,,E,,,152481.078125,,1667168623.0,,,,,W_Assess_fraud,,,,,,A,,,152481.078125,,1667359979.0,,,,,A_PREACCEPTED,,,,,,E,,,152481.078125,,1667364405.0,,,,,W_Complete_preaccepted_appl,,,,,,A,,,152481.078125,,1667577649.0,,,,,W_Complete_preaccepted_appl,,,,,,A,,,152481.078125,,1667785007.0,,,,,W_Complete_preaccepted_appl,,,,,,A,,,152481.078125,,1667987124.0,,,,,A_ACCEPTED,,,,,,E,,,152481.078125,,1667987124.0,,,,,A_FINALIZED,,,,,,E,,,152481.078125,,1667988308.0,,,,,O_SELECTED,,,,,,C,,,152481.078125,,1667996512.0,,,,,O_CREATED,,,,,,C,,,152481.078125,,1668004498.0,,,,,O_SENT,,,,,,C,,,152481.078125,,1668015701.0,,,,,O_SELECTED,,,,,,C,,,152481.078125,,1668063786.0,,,,,O_CREATED,,,,,,C,,,152481.078125,,1668063786.0,,,,,O_SENT,,,,,,C,,,152481.078125,,1668063786.0,,,,,A_DECLINED,,,,,,E,,,152481.078125,,1668122985.0,,,,,0,,,,,,0,,,49805.12109375,,1661806399.9999998,,,,,0,,,,,,0,,,49805.12109375,,1661902904.0,,,,,0,,,,,,0,,,49805.12109375,,1662023352.0,,,,,0,,,,,,0,,,49805.12109375,,1662146808.0,,,,,regular
123,GEN123,19519.931640625,A_SUBMITTED,,,,,,E,,,102412.1640625,,1664159359.0,,,,,A_PARTLYSUBMITTED,,,,,,D,,,102412.1640625,,1664159359.0,,,,,W_Assess_fraud,,,,,,A,,,102412.1640625,,1664295460.0,,,,,A_PREACCEPTED,,,,,,E,,,102412.1640625,,1664310181.0,,,,,W_Complete_preaccepted_appl,,,,,,A,,,102412.1640625,,1664459683.0,,,,,W_Complete_preaccepted_appl,,,,,,A,,,102412.1640625,,1664627259.0,,,,,W_Complete_preaccepted_appl,,,,,,A,,,102412.1640625,,1664833312.0,,,,,A_ACCEPTED,,,,,,E,,,102412.1640625,,1664843805.0,,,,,A_FINALIZED,,,,,,E,,,102412.1640625,,1664848167.0,,,,,O_SELECTED,,,,,,C,,,102412.1640625,,1664856175.9999998,,,,,O_CREATED,,,,,,C,,,102412.1640625,,1664867709.9999998,,,,,O_SENT,,,,,,C,,,102412.1640625,,1664884324.0,,,,,W_Call_after_offer,,,,,,A,,,102412.1640625,,1665105427.0,,,,,W_Call_after_offer,,,,,,A,,,102412.1640625,,1665398195.0,,,,,W_Call_after_offer,,,,,,A,,,102412.1640625,,1665618302.0,,,,,W_Call_after_offer,,,,,,C,,,102412.1640625,,1665724602.0,,,,,O_SELECTED,,,,,,C,,,102412.1640625,,1665746139.0,,,,,O_CREATED,,,,,,C,,,102412.1640625,,1665755447.0,,,,,O_SENT,,,,,,C,,,102412.1640625,,1665836639.0,,,,,A_DECLINED,,,,,,D,,,102412.1640625,,1665901022.0,,,,,regular
124,GEN124,19224.40625,A_SUBMITTED,,,,,,E,,,106564.8515625,,1664405250.0,,,,,A_PARTLYSUBMITTED,,,,,,E,,,106564.8515625,,1664409302.0,,,,,W_Assess_fraud,,,,,,A,,,106564.8515625,,1664557802.0,,,,,A_PREACCEPTED,,,,,,E,,,106564.8515625,,1664574294.0,,,,,W_Complete_preaccepted_appl,,,,,,A,,,106564.8515625,,1664726548.0,,,,,W_Complete_preaccepted_appl,,,,,,A,,,106564.8515625,,1664886538.0,,,,,W_Complete_preaccepted_appl,,,,,,A,,,106564.8515625,,1665041601.0,,,,,W_Complete_preaccepted_appl,,,,,,A,,,106564.8515625,,1665208227.0,,,,,A_DECLINED,,,,,,D,,,106564.8515625,,1665208773.0,,,,,0,,,,,,0,,,49805.12109375,,1661719985.0,,,,,0,,,,,,0,,,49805.12109375,,1661719985.0,,,,,0,,,,,,0,,,49805.12109375,,1661719985.0,,,,,0,,,,,,0,,,49805.12109375,,1661719985.0,,,,,0,,,,,,0,,,49805.12109375,,1661722831.0,,,,,0,,,,,,0,,,49805.12109375,,1661741263.0,,,,,0,,,,,,0,,,49805.12109375,,1661757591.0,,,,,0,,,,,,0,,,49805.12109375,,1661806399.9999998,,,,,0,,,,,,0,,,49805.12109375,,1661902904.0,,,,,0,,,,,,0,,,49805.12109375,,1662023352.0,,,,,0,,,,,,0,,,49805.12109375,,1662146808.0,,,,,regular
125,GEN125,18668.84765625,A_SUBMITTED,,,,,,E,,,85861.546875,,1663162953.0,,,,,A_PARTLYSUBMITTED,,,,,,E,,,85861.546875,,1663165008.0,,,,,W_Assess_fraud,,,,,,A,,,85861.546875,,1663252457.0,,,,,A_PREACCEPTED,,,,,,D,,,85861.546875,,1663252457.0,,,,,W_Complete_preaccepted_appl,,,,,,A,,,85861.546875,,1663352586.0,,,,,W_Complete_preaccepted_appl,,,,,,A,,,85861.546875,,1663474457.0,,,,,W_Complete_preaccepted_appl,,,,,,A,,,85861.546875,,1663581024.9999998,,,,,A_ACCEPTED,,,,,,D,,,85861.546875,,1663585095.0,,,,,A_FINALIZED,,,,,,E,,,85861.546875,,1663587420.0,,,,,O_SELECTED,,,,,,C,,,85861.546875,,1663593131.0000002,,,,,O_CREATED,,,,,,C,,,85861.546875,,1663603707.0,,,,,O_SENT,,,,,,C,,,85861.546875,,1663614330.0,,,,,W_Call_after_offer,,,,,,A,,,85861.546875,,1663734814.0,,,,,W_Call_after_offer,,,,,,A,,,85861.546875,,1663849222.0,,,,,W_Call_after_offer,,,,,,A,,,85861.546875,,1664011990.0,,,,,W_Call_after_offer,,,,,,A,,,85861.546875,,1664103967.0,,,,,W_Call_after_offer,,,,,,A,,,85861.546875,,1664132479.0,,,,,W_Assess_application,,,,,,A,,,85861.546875,,1664219921.0,,,,,W_Assess_application,,,,,,A,,,85861.546875,,1664378598.0,,,,,W_Call_missing_information,,,,,,A,,,85861.546875,,1664560341.0,,,,,regular
126,GEN126,20724.3046875,A_SUBMITTED,,,,,,E,,,118752.03125,,1665136382.0,,,,,A_PARTLYSUBMITTED,,,,,,E,,,118752.03125,,1665136564.0,,,,,W_Assess_fraud,,,,,,A,,,118752.03125,,1665317724.0,,,,,O_DECLINED,,,,,,C,,,118752.03125,,1665323802.0,,,,,A_DECLINED,,,,,,E,,,118752.03125,,1665336200.0,,,,,A_DECLINED,,,,,,E,,,118752.03125,,1665341895.0,,,,,0,,,,,,0,,,49805.12109375,,1661454440.0,,,,,0,,,,,,0,,,49805.12109375,,1661616410.0,,,,,0,,,,,,0,,,49805.12109375,,1661719985.0,,,,,0,,,,,,0,,,49805.12109375,,1661719985.0,,,,,0,,,,,,0,,,49805.12109375,,1661719985.0,,,,,0,,,,,,0,,,49805.12109375,,1661719985.0,,,,,0,,,,,,0,,,49805.12109375,,1661719985.0,,,,,0,,,,,,0,,,49805.12109375,,1661722831.0,,,,,0,,,,,,0,,,49805.12109375,,1661741263.0,,,,,0,,,,,,0,,,49805.12109375,,1661757591.0,,,,,0,,,,,,0,,,49805.12109375,,1661806399.9999998,,,,,0,,,,,,0,,,49805.12109375,,1661902904.0,,,,,0,,,,,,0,,,49805.12109375,,1662023352.0,,,,,0,,,,,,0,,,49805.12109375,,1662146808.0,,,,,regular
127,GEN127,20698.916015625,A_SUBMITTED,,,,,,E,,,136617.65625,,1666209916.0,,,,,A_PARTLYSUBMITTED,,,,,,E,,,136617.65625,,1666218346.0,,,,,W_Assess_fraud,,,,,,A,,,136617.65625,,1666417833.0,,,,,A_PREACCEPTED,,,,,,E,,,136617.65625,,1666441522.0,,,,,W_Complete_preaccepted_appl,,,,,,A,,,136617.65625,,1666659857.0,,,,,W_Complete_preaccepted_appl,,,,,,A,,,136617.65625,,1666912088.0,,,,,W_Complete_preaccepted_appl,,,,,,A,,,136617.65625,,1667187230.9999998,,,,,A_ACCEPTED,,,,,,D,,,136617.65625,,1667187231.0,,,,,A_FINALIZED,,,,,,D,,,136617.65625,,1667191689.0,,,,,O_SELECTED,,,,,,C,,,136617.65625,,1667198202.0,,,,,O_CREATED,,,,,,C,,,136617.65625,,1667210776.0,,,,,O_SENT,,,,,,C,,,136617.65625,,1667218018.0,,,,,O_SELECTED,,,,,,C,,,136617.65625,,1667218018.0,,,,,O_CREATED,,,,,,C,,,136617.65625,,1667218018.0,,,,,O_SENT,,,,,,C,,,136617.65625,,1667245454.0,,,,,W_Call_after_offer,,,,,,A,,,136617.65625,,1667517502.0,,,,,W_Call_after_offer,,,,,,A,,,136617.65625,,1667731030.0,,,,,W_Call_after_offer,,,,,,A,,,136617.65625,,1667939370.0,,,,,W_Call_after_offer,,,,,,A,,,136617.65625,,1668168137.0,,,,,W_Call_after_offer,,,,,,A,,,136617.65625,,1668425423.0,,,,,regular
128,GEN128,15925.2705078125,A_SUBMITTED,,,,,,E,,,113143.1015625,,1664801889.0,,,,,A_PARTLYSUBMITTED,,,,,,E,,,113143.1015625,,1664805766.0,,,,,W_Assess_fraud,,,,,,A,,,113143.1015625,,1664953972.0,,,,,A_PREACCEPTED,,,,,,E,,,113143.1015625,,1664973199.0,,,,,W_Complete_preaccepted_appl,,,,,,A,,,113143.1015625,,1665088099.0,,,,,W_Complete_preaccepted_appl,,,,,,A,,,113143.1015625,,1665236740.0,,,,,A_ACCEPTED,,,,,,E,,,113143.1015625,,1665237738.0,,,,,A_FINALIZED,,,,,,E,,,113143.1015625,,1665243447.0,,,,,O_SELECTED,,,,,,C,,,113143.1015625,,1665252833.0,,,,,O_CREATED,,,,,,C,,,113143.1015625,,1665262488.0,,,,,O_SENT,,,,,,C,,,113143.1015625,,1665274173.0,,,,,W_Call_after_offer,,,,,,A,,,113143.1015625,,1665416946.0,,,,,W_Call_after_offer,,,,,,A,,,113143.1015625,,1665547986.0,,,,,W_Call_after_offer,,,,,,A,,,113143.1015625,,1665625349.0000002,,,,,O_SELECTED,,,,,,C,,,113143.1015625,,1665636449.0,,,,,O_CREATED,,,,,,C,,,113143.1015625,,1665636449.0,,,,,O_SENT,,,,,,C,,,113143.1015625,,1665646696.0,,,,,W_Call_after_offer,,,,,,A,,,113143.1015625,,1665735909.0,,,,,A_DECLINED,,,,,,D,,,113143.1015625,,1665767952.0,,,,,0,,,,,,0,,,49805.12109375,,1662146808.0,,,,,regular
129,GEN129,18215.6171875,A_SUBMITTED,,,,,,E,,,101167.375,,1664083149.0,,,,,A_PARTLYSUBMITTED,,,,,,E,,,101167.375,,1664083149.0,,,,,W_Assess_fraud,,,,,,A,,,101167.375,,1664206171.0,,,,,A_PREACCEPTED,,,,,,E,,,101167.375,,1664206171.0,,,,,W_Complete_preaccepted_appl,,,,,,A,,,101167.375,,1664336170.0,,,,,W_Complete_preaccepted_appl,,,,,,A,,,101167.375,,1664457693.0,,,,,W_Complete_preaccepted_appl,,,,,,A,,,101167.375,,1664584936.0,,,,,W_Complete_preaccepted_appl,,,,,,A,,,101167.375,,1664734725.0,,,,,A_ACCEPTED,,,,,,E,,,101167.375,,1664734725.0,,,,,A_FINALIZED,,,,,,E,,,101167.375,,1664734725.0000002,,,,,O_SELECTED,,,,,,C,,,101167.375,,1664741947.0,,,,,O_CREATED,,,,,,C,,,101167.375,,1664749944.0,,,,,O_SENT,,,,,,C,,,101167.375,,1664760550.0,,,,,W_Call_after_offer,,,,,,A,,,101167.375,,1664889944.0,,,,,W_Call_after_offer,,,,,,A,,,101167.375,,1664985419.0,,,,,W_Call_after_offer,,,,,,A,,,101167.375,,1665129304.0,,,,,W_Call_after_offer,,,,,,A,,,101167.375,,1665247817.0,,,,,W_Call_after_offer,,,,,,A,,,101167.375,,1665347409.0,,,,,W_Call_after_offer,,,,,,A,,,101167.375,,1665431315.0,,,,,W_Call_after_offer,,,,,,A,,,101167.375,,1665511551.0,,,,,regular
130,GEN130,17155.3203125,A_SUBMITTED,,,,,,E,,,117661.6953125,,1665071841.0,,,,,A_PARTLYSUBMITTED,,,,,,E,,,117661.6953125,,1665075191.0,,,,,W_Assess_fraud,,,,,,A,,,117661.6953125,,1665260864.0,,,,,A_PREACCEPTED,,,,,,E,,,117661.6953125,,1665290633.0,,,,,W_Complete_preaccepted_appl,,,,,,A,,,117661.6953125,,1665496383.0,,,,,W_Complete_preaccepted_appl,,,,,,A,,,117661.6953125,,1665715097.0,,,,,A_ACCEPTED,,,,,,D,,,117661.6953125,,1665715097.0,,,,,A_FINALIZED,,,,,,E,,,117661.6953125,,1665720174.0,,,,,O_SELECTED,,,,,,C,,,117661.6953125,,1665725806.0,,,,,O_CREATED,,,,,,C,,,117661.6953125,,1665733049.0000002,,,,,O_SENT,,,,,,C,,,117661.6953125,,1665758636.0,,,,,W_Call_after_offer,,,,,,A,,,117661.6953125,,1665995742.9999998,,,,,W_Call_after_offer,,,,,,A,,,117661.6953125,,1666233281.0,,,,,W_Call_after_offer,,,,,,A,,,117661.6953125,,1666483471.0,,,,,W_Call_after_offer,,,,,,A,,,117661.6953125,,1666761364.0,,,,,W_Call_after_offer,,,,,,A,,,117661.6953125,,1666953051.0,,,,,W_Call_after_offer,,,,,,A,,,117661.6953125,,1667108797.0,,,,,W_Assess_application,,,,,,A,,,117661.6953125,,1667386410.9999998,,,,,W_Assess_application,,,,,,A,,,117661.6953125,,1667758995.0000002,,,,,A_DECLINED,,,,,,D,,,117661.6953125,,1667861146.0000002,,,,,regular
131,GEN131,18729.046875,A_SUBMITTED,,,,,,E,,,120088.6328125,,1665217191.0,,,,,A_PARTLYSUBMITTED,,,,,,E,,,120088.6328125,,1665221855.0,,,,,W_Assess_fraud,,,,,,A,,,120088.6328125,,1665411542.0,,,,,A_PREACCEPTED,,,,,,E,,,120088.6328125,,1665422005.0,,,,,W_Complete_preaccepted_appl,,,,,,A,,,120088.6328125,,1665616508.0,,,,,W_Complete_preaccepted_appl,,,,,,A,,,120088.6328125,,1665794067.0,,,,,W_Complete_preaccepted_appl,,,,,,A,,,120088.6328125,,1665975644.0,,,,,W_Complete_preaccepted_appl,,,,,,A,,,120088.6328125,,1666168941.0,,,,,A_ACCEPTED,,,,,,E,,,120088.6328125,,1666190415.0,,,,,A_FINALIZED,,,,,,E,,,120088.6328125,,1666192584.0,,,,,O_SELECTED,,,,,,C,,,120088.6328125,,1666200547.0,,,,,O_CREATED,,,,,,C,,,120088.6328125,,1666213904.0,,,,,O_SENT,,,,,,C,,,120088.6328125,,1666271814.0,,,,,W_Call_after_offer,,,,,,A,,,120088.6328125,,1666593203.0,,,,,W_Call_after_offer,,,,,,D,,,120088.6328125,,1666850867.9999998,,,,,A_DECLINED,,,,,,D,,,120088.6328125,,1667002815.0,,,,,0,,,,,,0,,,49805.12109375,,1661806399.9999998,,,,,0,,,,,,0,,,49805.12109375,,1661902904.0,,,,,0,,,,,,0,,,49805.12109375,,1662023352.0,,,,,0,,,,,,0,,,49805.12109375,,1662146808.0,,,,,regular
132,GEN132,21304.607421875,A_SUBMITTED,,,,,,E,,,97222.453125,,1663850354.0,,,,,A_PARTLYSUBMITTED,,,,,,D,,,97222.453125,,1663851291.0,,,,,W_Assess_fraud,,,,,,A,,,97222.453125,,1663934776.0,,,,,A_PREACCEPTED,,,,,,E,,,97222.453125,,1663946442.0,,,,,W_Complete_preaccepted_appl,,,,,,A,,,97222.453125,,1664066754.0,,,,,W_Complete_preaccepted_appl,,,,,,A,,,97222.453125,,1664177269.0,,,,,W_Complete_preaccepted_appl,,,,,,A,,,97222.453125,,1664286274.0,,,,,A_ACCEPTED,,,,,,E,,,97222.453125,,1664313210.0,,,,,A_FINALIZED,,,,,,E,,,97222.453125,,1664320162.0,,,,,O_SELECTED,,,,,,C,,,97222.453125,,1664328652.0,,,,,O_CREATED,,,,,,C,,,97222.453125,,1664337221.0,,,,,O_SENT,,,,,,C,,,97222.453125,,1664345858.0,,,,,W_Call_after_offer,,,,,,A,,,97222.453125,,1664396104.0,,,,,W_Call_after_offer,,,,,,A,,,97222.453125,,1664548826.0,,,,,W_Call_after_offer,,,,,,A,,,97222.453125,,1664697269.0,,,,,W_Call_after_offer,,,,,,A,,,97222.453125,,1664797335.0,,,,,W_Call_after_offer,,,,,,A,,,97222.453125,,1664869176.0,,,,,W_Call_after_offer,,,,,,A,,,97222.453125,,1664945879.0,,,,,O_SELECTED,,,,,,C,,,97222.453125,,1665029980.0,,,,,O_SELECTED,,,,,,C,,,97222.453125,,1665110323.9999998,,,,,regular
133,GEN133,19929.572265625,A_SUBMITTED,,,,,,E,,,124395.9375,,1665475017.0,,,,,A_PARTLYSUBMITTED,,,,,,E,,,124395.9375,,1665478117.0,,,,,W_Assess_fraud,,,,,,A,,,124395.9375,,1665660909.0,,,,,A_PREACCEPTED,,,,,,E,,,124395.9375,,1665678722.0,,,,,W_Complete_preaccepted_appl,,,,,,A,,,124395.9375,,1665875224.0,,,,,A_CANCELLED,,,,,,E,,,124395.9375,,1665894875.0,,,,,0,,,,,,0,,,49805.12109375,,1661454440.0,,,,,0,,,,,,0,,,49805.12109375,,1661616410.0,,,,,0,,,,,,0,,,49805.12109375,,1661719985.0,,,,,0,,,,,,0,,,49805.12109375,,1661719985.0,,,,,0,,,,,,0,,,49805.12109375,,1661719985.0,,,,,0,,,,,,0,,,49805.12109375,,1661719985.0,,,,,0,,,,,,0,,,49805.12109375,,1661719985.0,,,,,0,,,,,,0,,,49805.12109375,,1661722831.0,,,,,0,,,,,,0,,,49805.12109375,,1661741263.0,,,,,0,,,,,,0,,,49805.12109375,,1661757591.0,,,,,0,,,,,,0,,,49805.12109375,,1661806399.9999998,,,,,0,,,,,,0,,,49805.12109375,,1661902904.0,,,,,0,,,,,,0,,,49805.12109375,,1662023352.0,,,,,0,,,,,,0,,,49805.12109375,,1662146808.0,,,,,regular
134,GEN134,18154.8203125,A_SUBMITTED,,,,,,E,,,103004.8828125,,1664191553.0,,,,,A_PARTLYSUBMITTED,,,,,,E,,,103004.8828125,,1664195094.0,,,,,W_Assess_fraud,,,,,,A,,,103004.8828125,,1664354895.0,,,,,A_PREACCEPTED,,,,,,E,,,103004.8828125,,1664368014.0,,,,,W_Complete_preaccepted_appl,,,,,,A,,,103004.8828125,,1664529339.0,,,,,W_Complete_preaccepted_appl,,,,,,A,,,103004.8828125,,1664700209.0,,,,,W_Complete_preaccepted_appl,,,,,,A,,,103004.8828125,,1664864297.0,,,,,W_Complete_preaccepted_appl,,,,,,A,,,103004.8828125,,1665023700.0,,,,,W_Complete_preaccepted_appl,,,,,,A,,,103004.8828125,,1665185671.0,,,,,W_Complete_preaccepted_appl,,,,,,A,,,103004.8828125,,1665364711.0,,,,,A_DECLINED,,,,,,D,,,103004.8828125,,1665377241.0,,,,,0,,,,,,0,,,49805.12109375,,1661719985.0,,,,,0,,,,,,0,,,49805.12109375,,1661719985.0,,,,,0,,,,,,0,,,49805.12109375,,1661722831.0,,,,,0,,,,,,0,,,49805.12109375,,1661741263.0,,,,,0,,,,,,0,,,49805.12109375,,1661757591.0,,,,,0,,,,,,0,,,49805.12109375,,1661806399.9999998,,,,,0,,,,,,0,,,49805.12109375,,1661902904.0,,,,,0,,,,,,0,,,49805.12109375,,1662023352.0,,,,,0,,,,,,0,,,49805.12109375,,1662146808.0,,,,,regular
135,GEN135,20330.08203125,A_SUBMITTED,,,,,,E,,,119318.3515625,,1665171578.0,,,,,A_PARTLYSUBMITTED,,,,,,E,,,119318.3515625,,1665173674.0,,,,,W_Assess_fraud,,,,,,A,,,119318.3515625,,1665350138.0,,,,,A_PREACCEPTED,,,,,,E,,,119318.3515625,,1665352769.0,,,,,W_Complete_preaccepted_appl,,,,,,A,,,119318.3515625,,1665502180.0,,,,,A_DECLINED,,,,,,E,,,119318.3515625,,1665503839.0,,,,,0,,,,,,0,,,49805.12109375,,1661454440.0,,,,,0,,,,,,0,,,49805.12109375,,1661616410.0,,,,,0,,,,,,0,,,49805.12109375,,1661719985.0,,,,,0,,,,,,0,,,49805.12109375,,1661719985.0,,,,,0,,,,,,0,,,49805.12109375,,1661719985.0,,,,,0,,,,,,0,,,49805.12109375,,1661719985.0,,,,,0,,,,,,0,,,49805.12109375,,1661719985.0,,,,,0,,,,,,0,,,49805.12109375,,1661722831.0,,,,,0,,,,,,0,,,49805.12109375,,1661741263.0,,,,,0,,,,,,0,,,49805.12109375,,1661757591.0,,,,,0,,,,,,0,,,49805.12109375,,1661806399.9999998,,,,,0,,,,,,0,,,49805.12109375,,1661902904.0,,,,,0,,,,,,0,,,49805.12109375,,1662023352.0,,,,,0,,,,,,0,,,49805.12109375,,1662146808.0,,,,,regular
136,GEN136,27180.259765625,A_SUBMITTED,,,,,,E,,,139258.0,,1666373837.0,,,,,A_PARTLYSUBMITTED,,,,,,E,,,139258.0,,1666378195.0,,,,,W_Fix_incomplete_submission,,,,,,A,,,139258.0,,1666621298.0,,,,,A_PREACCEPTED,,,,,,E,,,139258.0,,1666666690.0,,,,,W_Complete_preaccepted_appl,,,,,,A,,,139258.0,,1666964745.0,,,,,W_Complete_preaccepted_appl,,,,,,A,,,139258.0,,1667296154.0,,,,,W_Complete_preaccepted_appl,,,,,,A,,,139258.0,,1667627804.0,,,,,W_Complete_preaccepted_appl,,,,,,A,,,139258.0,,1667876213.0,,,,,A_ACCEPTED,,,,,,E,,,139258.0,,1667876213.0,,,,,A_FINALIZED,,,,,,D,,,139258.0,,1667880924.9999998,,,,,O_SELECTED,,,,,,C,,,139258.0,,1667890673.0,,,,,O_CREATED,,,,,,C,,,139258.0,,1667900172.0,,,,,O_SENT,,,,,,C,,,139258.0,,1667916218.0,,,,,O_SELECTED,,,,,,C,,,139258.0,,1667916217.9999998,,,,,O_CREATED,,,,,,C,,,139258.0,,1667930127.0000002,,,,,O_SENT,,,,,,C,,,139258.0,,1667944270.0,,,,,O_SELECTED,,,,,,C,,,139258.0,,1667964126.0,,,,,O_CREATED,,,,,,C,,,139258.0,,1667974475.0,,,,,O_SENT,,,,,,C,,,139258.0,,1668004826.0,,,,,0,,,,,,0,,,49805.12109375,,1662146808.0,,,,,regular
137,GEN137,17974.00390625,A_SUBMITTED,,,,,,E,,,92715.6484375,,1663574199.0,,,,,A_PARTLYSUBMITTED,,,,,,E,,,92715.6484375,,1663575369.0,,,,,W_Assess_fraud,,,,,,A,,,92715.6484375,,1663692951.0,,,,,A_PREACCEPTED,,,,,,E,,,92715.6484375,,1663701775.0,,,,,W_Complete_preaccepted_appl,,,,,,A,,,92715.6484375,,1663807713.0,,,,,W_Complete_preaccepted_appl,,,,,,A,,,92715.6484375,,1663912700.0,,,,,W_Complete_preaccepted_appl,,,,,,A,,,92715.6484375,,1664020667.0,,,,,W_Complete_preaccepted_appl,,,,,,A,,,92715.6484375,,1664138155.0,,,,,A_ACCEPTED,,,,,,E,,,92715.6484375,,1664243275.0,,,,,A_FINALIZED,,,,,,E,,,92715.6484375,,1664335431.0,,,,,O_SELECTED,,,,,,C,,,92715.6484375,,1664403390.0,,,,,O_CREATED,,,,,,C,,,92715.6484375,,1664412545.0,,,,,O_SENT,,,,,,C,,,92715.6484375,,1664415947.0,,,,,W_Call_after_offer,,,,,,A,,,92715.6484375,,1664444011.0,,,,,O_SENT_BACK,,,,,,C,,,92715.6484375,,1664469043.0,,,,,W_Assess_application,,,,,,A,,,92715.6484375,,1664572534.0,,,,,W_Assess_application,,,,,,A,,,92715.6484375,,1664707998.0,,,,,W_Assess_application,,,,,,A,,,92715.6484375,,1664881564.0,,,,,W_Call_missing_information,,,,,,A,,,92715.6484375,,1665077212.0,,,,,W_Call_missing_information,,,,,,A,,,92715.6484375,,1665258619.0,,,,,regular
138,GEN138,18131.71484375,A_SUBMITTED,,,,,,E,,,124411.859375,,1665476785.0,,,,,A_PARTLYSUBMITTED,,,,,,E,,,124411.859375,,1665480765.0,,,,,W_Assess_fraud,,,,,,A,,,124411.859375,,1665672391.0,,,,,A_PREACCEPTED,,,,,,E,,,124411.859375,,1665688108.0,,,,,W_Complete_preaccepted_appl,,,,,,A,,,124411.859375,,1665860963.0,,,,,W_Complete_preaccepted_appl,,,,,,A,,,124411.859375,,1666014920.0,,,,,W_Complete_preaccepted_appl,,,,,,A,,,124411.859375,,1666200866.0,,,,,A_DECLINED,,,,,,E,,,124411.859375,,1666205612.0,,,,,0,,,,,,0,,,49805.12109375,,1661719985.0,,,,,0,,,,,,0,,,49805.12109375,,1661719985.0,,,,,0,,,,,,0,,,49805.12109375,,1661719985.0,,,,,0,,,,,,0,,,49805.12109375,,1661719985.0,,,,,0,,,,,,0,,,49805.12109375,,1661719985.0,,,,,0,,,,,,0,,,49805.12109375,,1661722831.0,,,,,0,,,,,,0,,,49805.12109375,,1661741263.0,,,,,0,,,,,,0,,,49805.12109375,,1661757591.0,,,,,0,,,,,,0,,,49805.12109375,,1661806399.9999998,,,,,0,,,,,,0,,,49805.12109375,,1661902904.0,,,,,0,,,,,,0,,,49805.12109375,,1662023352.0,,,,,0,,,,,,0,,,49805.12109375,,1662146808.0,,,,,regular
139,GEN139,21543.19921875,A_SUBMITTED,,,,,,E,,,106757.4765625,,1664416709.0,,,,,A_PARTLYSUBMITTED,,,,,,E,,,106757.4765625,,1664420455.0,,,,,W_Assess_fraud,,,,,,A,,,106757.4765625,,1664613229.0,,,,,A_PREACCEPTED,,,,,,D,,,106757.4765625,,1664636700.0,,,,,W_Complete_preaccepted_appl,,,,,,A,,,106757.4765625,,1664867934.0,,,,,W_Complete_preaccepted_appl,,,,,,A,,,106757.4765625,,1665129562.0000002,,,,,W_Complete_preaccepted_appl,,,,,,A,,,106757.4765625,,1665385148.0000002,,,,,W_Complete_preaccepted_appl,,,,,,A,,,106757.4765625,,1665646646.0,,,,,W_Complete_preaccepted_appl,,,,,,A,,,106757.4765625,,1665920042.0,,,,,W_Complete_preaccepted_appl,,,,,,A,,,106757.4765625,,1666170715.0,,,,,A_CANCELLED,,,,,,A,,,106757.4765625,,1666303605.0,,,,,0,,,,,,0,,,49805.12109375,,1661719985.0,,,,,0,,,,,,0,,,49805.12109375,,1661719985.0,,,,,0,,,,,,0,,,49805.12109375,,1661722831.0,,,,,0,,,,,,0,,,49805.12109375,,1661741263.0,,,,,0,,,,,,0,,,49805.12109375,,1661757591.0,,,,,0,,,,,,0,,,49805.12109375,,1661806399.9999998,,,,,0,,,,,,0,,,49805.12109375,,1661902904.0,,,,,0,,,,,,0,,,49805.12109375,,1662023352.0,,,,,0,,,,,,0,,,49805.12109375,,1662146808.0,,,,,regular
140,GEN140,18419.001953125,A_SUBMITTED,,,,,,E,,,120937.015625,,1665267481.0,,,,,A_PARTLYSUBMITTED,,,,,,E,,,120937.015625,,1665269684.0,,,,,W_Assess_fraud,,,,,,A,,,120937.015625,,1665464332.0,,,,,A_PREACCEPTED,,,,,,D,,,120937.015625,,1665464332.0,,,,,W_Complete_preaccepted_appl,,,,,,A,,,120937.015625,,1665664144.0,,,,,W_Complete_preaccepted_appl,,,,,,A,,,120937.015625,,1665789150.0,,,,,A_DECLINED,,,,,,E,,,120937.015625,,1665797774.0,,,,,0,,,,,,0,,,49805.12109375,,1661616410.0,,,,,0,,,,,,0,,,49805.12109375,,1661719985.0,,,,,0,,,,,,0,,,49805.12109375,,1661719985.0,,,,,0,,,,,,0,,,49805.12109375,,1661719985.0,,,,,0,,,,,,0,,,49805.12109375,,1661719985.0,,,,,0,,,,,,0,,,49805.12109375,,1661719985.0,,,,,0,,,,,,0,,,49805.12109375,,1661722831.0,,,,,0,,,,,,0,,,49805.12109375,,1661741263.0,,,,,0,,,,,,0,,,49805.12109375,,1661757591.0,,,,,0,,,,,,0,,,49805.12109375,,1661806399.9999998,,,,,0,,,,,,0,,,49805.12109375,,1661902904.0,,,,,0,,,,,,0,,,49805.12109375,,1662023352.0,,,,,0,,,,,,0,,,49805.12109375,,1662146808.0,,,,,regular
141,GEN141,17960.796875,A_SUBMITTED,,,,,,E,,,136349.0,,1666192201.0,,,,,A_PARTLYSUBMITTED,,,,,,E,,,136349.0,,1666195737.0,,,,,W_Assess_fraud,,,,,,A,,,136349.0,,1666399128.0,,,,,A_PREACCEPTED,,,,,,D,,,136349.0,,1666401258.0,,,,,W_Complete_preaccepted_appl,,,,,,A,,,136349.0,,1666615665.0,,,,,A_ACCEPTED,,,,,,E,,,136349.0,,1666627846.0,,,,,A_FINALIZED,,,,,,E,,,136349.0,,1666631181.0,,,,,O_SELECTED,,,,,,C,,,136349.0,,1666638271.0,,,,,O_CREATED,,,,,,C,,,136349.0,,1666644974.0,,,,,O_SENT,,,,,,C,,,136349.0,,1666654519.9999998,,,,,W_Call_after_offer,,,,,,A,,,136349.0,,1666824865.0,,,,,W_Call_after_offer,,,,,,C,,,136349.0,,1666865346.0,,,,,O_CREATED,,,,,,C,,,136349.0,,1666885999.0000002,,,,,O_SENT,,,,,,C,,,136349.0,,1667003338.0,,,,,W_Call_after_offer,,,,,,A,,,136349.0,,1667223078.0,,,,,W_Call_after_offer,,,,,,A,,,136349.0,,1667417921.0,,,,,W_Call_after_offer,,,,,,A,,,136349.0,,1667613069.0,,,,,W_Call_after_offer,,,,,,A,,,136349.0,,1667770675.9999998,,,,,W_Call_after_offer,,,,,,A,,,136349.0,,1667881302.0,,,,,O_CREATED,,,,,,C,,,136349.0,,1667918304.0,,,,,regular
142,GEN142,17117.154296875,A_SUBMITTED,,,,,,E,,,115604.75,,1664949766.0,,,,,A_PARTLYSUBMITTED,,,,,,E,,,115604.75,,1664955288.0,,,,,W_Assess_fraud,,,,,,A,,,115604.75,,1665130121.0,,,,,A_PREACCEPTED,,,,,,E,,,115604.75,,1665148892.0,,,,,W_Complete_preaccepted_appl,,,,,,A,,,115604.75,,1665282231.0,,,,,W_Complete_preaccepted_appl,,,,,,A,,,115604.75,,1665431028.0,,,,,A_ACCEPTED,,,,,,D,,,115604.75,,1665435094.0,,,,,A_FINALIZED,,,,,,E,,,115604.75,,1665441688.0,,,,,O_SELECTED,,,,,,C,,,115604.75,,1665449504.0,,,,,O_CREATED,,,,,,C,,,115604.75,,1665456745.0,,,,,O_SENT,,,,,,C,,,115604.75,,1665469963.0,,,,,W_Call_after_offer,,,,,,A,,,115604.75,,1665638048.0,,,,,W_Call_after_offer,,,,,,A,,,115604.75,,1665797635.0,,,,,W_Call_after_offer,,,,,,A,,,115604.75,,1665948238.0,,,,,W_Call_after_offer,,,,,,A,,,115604.75,,1666098625.0,,,,,A_DECLINED,,,,,,A,,,115604.75,,1666146520.0000002,,,,,0,,,,,,0,,,49805.12109375,,1661806399.9999998,,,,,0,,,,,,0,,,49805.12109375,,1661902904.0,,,,,0,,,,,,0,,,49805.12109375,,1662023352.0,,,,,0,,,,,,0,,,49805.12109375,,1662146808.0,,,,,regular
143,GEN143,18725.0546875,A_SUBMITTED,,,,,,E,,,141060.234375,,1666477210.0,,,,,A_PARTLYSUBMITTED,,,,,,E,,,141060.234375,,1666482576.0,,,,,W_Assess_fraud,,,,,,A,,,141060.234375,,1666754741.0,,,,,A_PREACCEPTED,,,,,,D,,,141060.234375,,1666768798.0,,,,,W_Complete_preaccepted_appl,,,,,,A,,,141060.234375,,1667054709.0,,,,,W_Complete_preaccepted_appl,,,,,,A,,,141060.234375,,1667289259.0000002,,,,,A_ACCEPTED,,,,,,E,,,141060.234375,,1667289259.0,,,,,A_FINALIZED,,,,,,E,,,141060.234375,,1667291195.0,,,,,O_SELECTED,,,,,,C,,,141060.234375,,1667295046.0,,,,,O_CREATED,,,,,,C,,,141060.234375,,1667300606.0,,,,,O_SENT,,,,,,C,,,141060.234375,,1667314413.0,,,,,W_Call_after_offer,,,,,,A,,,141060.234375,,1667414149.0,,,,,W_Call_after_offer,,,,,,A,,,141060.234375,,1667416574.0,,,,,W_Assess_application,,,,,,A,,,141060.234375,,1667456901.0,,,,,W_Assess_application,,,,,,A,,,141060.234375,,1667590733.0,,,,,W_Assess_application,,,,,,A,,,141060.234375,,1667822968.0,,,,,W_Call_missing_information,,,,,,A,,,141060.234375,,1668062062.0,,,,,W_Call_missing_information,,,,,,A,,,141060.234375,,1668259185.0,,,,,W_Call_missing_information,,,,,,A,,,141060.234375,,1668481965.0,,,,,W_Call_missing_information,,,,,,A,,,141060.234375,,1668740652.0,,,,,regular
144,GEN144,16419.94921875,A_SUBMITTED,,,,,,E,,,104355.046875,,1664274283.0,,,,,A_PARTLYSUBMITTED,,,,,,E,,,104355.046875,,1664278505.0,,,,,W_Assess_fraud,,,,,,A,,,104355.046875,,1664417508.0,,,,,A_PREACCEPTED,,,,,,E,,,104355.046875,,1664447316.0,,,,,W_Complete_preaccepted_appl,,,,,,A,,,104355.046875,,1664546197.0,,,,,W_Complete_preaccepted_appl,,,,,,A,,,104355.046875,,1664662601.0,,,,,W_Complete_preaccepted_appl,,,,,,A,,,104355.046875,,1664781200.0,,,,,A_ACCEPTED,,,,,,D,,,104355.046875,,1664785468.0,,,,,A_FINALIZED,,,,,,D,,,104355.046875,,1664792066.0,,,,,O_SELECTED,,,,,,C,,,104355.046875,,1664798871.0,,,,,O_CREATED,,,,,,C,,,104355.046875,,1664805624.0,,,,,O_SENT,,,,,,C,,,104355.046875,,1664816739.0,,,,,W_Call_after_offer,,,,,,A,,,104355.046875,,1664900833.0,,,,,W_Call_after_offer,,,,,,A,,,104355.046875,,1664997663.0,,,,,W_Call_after_offer,,,,,,A,,,104355.046875,,1665095094.0,,,,,W_Call_after_offer,,,,,,A,,,104355.046875,,1665197315.0,,,,,W_Call_after_offer,,,,,,A,,,104355.046875,,1665303184.0,,,,,W_Call_after_offer,,,,,,A,,,104355.046875,,1665377212.0,,,,,A_DECLINED,,,,,,D,,,104355.046875,,1665377212.0,,,,,0,,,,,,0,,,49805.12109375,,1662146808.0,,,,,regular
145,GEN145,17066.3125,A_SUBMITTED,,,,,,E,,,130161.71093750004,,1665821718.0,,,,,A_PARTLYSUBMITTED,,,,,,E,,,130161.71093750004,,1665827864.0,,,,,W_Assess_fraud,,,,,,A,,,130161.71093750004,,1666029285.0,,,,,A_PREACCEPTED,,,,,,E,,,130161.71093750004,,1666056356.0,,,,,W_Complete_preaccepted_appl,,,,,,A,,,130161.71093750004,,1666249321.0,,,,,W_Complete_preaccepted_appl,,,,,,A,,,130161.71093750004,,1666449198.0,,,,,A_ACCEPTED,,,,,,D,,,130161.71093750004,,1666465475.0,,,,,A_FINALIZED,,,,,,D,,,130161.71093750004,,1666470863.0,,,,,O_SELECTED,,,,,,C,,,130161.71093750004,,1666478169.0,,,,,O_CREATED,,,,,,C,,,130161.71093750004,,1666485591.0,,,,,O_SENT,,,,,,C,,,130161.71093750004,,1666495641.0,,,,,W_Call_after_offer,,,,,,A,,,130161.71093750004,,1666684675.0,,,,,W_Call_after_offer,,,,,,A,,,130161.71093750004,,1666903734.0,,,,,W_Call_after_offer,,,,,,A,,,130161.71093750004,,1667150058.0,,,,,A_DECLINED,,,,,,E,,,130161.71093750004,,1667187347.0,,,,,0,,,,,,0,,,49805.12109375,,1661757591.0,,,,,0,,,,,,0,,,49805.12109375,,1661806399.9999998,,,,,0,,,,,,0,,,49805.12109375,,1661902904.0,,,,,0,,,,,,0,,,49805.12109375,,1662023352.0,,,,,0,,,,,,0,,,49805.12109375,,1662146808.0,,,,,regular
146,GEN146,22123.58203125,A_SUBMITTED,,,,,,E,,,85280.7578125,,1663131004.0,,,,,A_PARTLYSUBMITTED,,,,,,E,,,85280.7578125,,1663140129.0,,,,,W_Assess_fraud,,,,,,A,,,85280.7578125,,1663291879.0,,,,,A_PREACCEPTED,,,,,,E,,,85280.7578125,,1663291879.0,,,,,W_Complete_preaccepted_appl,,,,,,A,,,85280.7578125,,1663457750.0,,,,,W_Complete_preaccepted_appl,,,,,,A,,,85280.7578125,,1663643707.0,,,,,W_Complete_preaccepted_appl,,,,,,A,,,85280.7578125,,1663849162.0,,,,,W_Complete_preaccepted_appl,,,,,,A,,,85280.7578125,,1664031215.0,,,,,W_Complete_preaccepted_appl,,,,,,A,,,85280.7578125,,1664149307.0,,,,,A_ACCEPTED,,,,,,E,,,85280.7578125,,1664149307.0,,,,,A_FINALIZED,,,,,,E,,,85280.7578125,,1664153668.0,,,,,O_CREATED,,,,,,C,,,85280.7578125,,1664159698.9999998,,,,,O_SENT,,,,,,C,,,85280.7578125,,1664168100.9999998,,,,,O_SENT,,,,,,C,,,85280.7578125,,1664206973.0,,,,,W_Call_after_offer,,,,,,A,,,85280.7578125,,1664337203.0,,,,,W_Call_after_offer,,,,,,C,,,85280.7578125,,1664387528.0,,,,,W_Assess_application,,,,,,C,,,85280.7578125,,1664408786.0,,,,,W_Assess_application,,,,,,C,,,85280.7578125,,1664461158.0,,,,,W_Assess_application,,,,,,A,,,85280.7578125,,1664577920.0,,,,,W_Call_missing_information,,,,,,A,,,85280.7578125,,1664697678.0,,,,,regular
147,GEN147,20739.892578125,A_SUBMITTED,,,,,,E,,,130355.359375,,1665836170.0,,,,,A_PARTLYSUBMITTED,,,,,,E,,,130355.359375,,1665840451.0,,,,,W_Assess_fraud,,,,,,A,,,130355.359375,,1666019335.0,,,,,A_PREACCEPTED,,,,,,E,,,130355.359375,,1666025764.0,,,,,W_Complete_preaccepted_appl,,,,,,A,,,130355.359375,,1666200865.0,,,,,W_Complete_preaccepted_appl,,,,,,A,,,130355.359375,,1666362996.0,,,,,W_Complete_preaccepted_appl,,,,,,A,,,130355.359375,,1666485631.0,,,,,W_Complete_preaccepted_appl,,,,,,A,,,130355.359375,,1666560326.0,,,,,W_Complete_preaccepted_appl,,,,,,A,,,130355.359375,,1666599965.0,,,,,W_Complete_preaccepted_appl,,,,,,A,,,130355.359375,,1666653316.0,,,,,A_ACCEPTED,,,,,,E,,,130355.359375,,1666653316.0,,,,,A_FINALIZED,,,,,,D,,,130355.359375,,1666665300.0,,,,,O_SELECTED,,,,,,C,,,130355.359375,,1666672353.0,,,,,O_CREATED,,,,,,C,,,130355.359375,,1666679258.0000002,,,,,O_SENT,,,,,,C,,,130355.359375,,1666686654.9999998,,,,,O_SELECTED,,,,,,C,,,130355.359375,,1666698702.0,,,,,O_CREATED,,,,,,C,,,130355.359375,,1666698702.0,,,,,O_SENT,,,,,,C,,,130355.359375,,1666706162.0,,,,,W_Call_after_offer,,,,,,A,,,130355.359375,,1666867463.0,,,,,W_Call_after_offer,,,,,,A,,,130355.359375,,1667044548.0,,,,,regular
148,GEN148,17114.505859375,A_SUBMITTED,,,,,,E,,,117486.25,,1665061608.0,,,,,A_PARTLYSUBMITTED,,,,,,E,,,117486.25,,1665067422.0,,,,,W_Assess_fraud,,,,,,A,,,117486.25,,1665215830.0,,,,,A_PREACCEPTED,,,,,,E,,,117486.25,,1665250053.0,,,,,W_Complete_preaccepted_appl,,,,,,A,,,117486.25,,1665371478.0,,,,,W_Complete_preaccepted_appl,,,,,,A,,,117486.25,,1665520935.0,,,,,W_Complete_preaccepted_appl,,,,,,A,,,117486.25,,1665630629.0,,,,,A_ACCEPTED,,,,,,D,,,117486.25,,1665635747.0,,,,,A_FINALIZED,,,,,,D,,,117486.25,,1665642627.0,,,,,O_SELECTED,,,,,,C,,,117486.25,,1665650621.0,,,,,O_CREATED,,,,,,C,,,117486.25,,1665658980.0,,,,,O_SENT,,,,,,C,,,117486.25,,1665671454.0,,,,,W_Call_after_offer,,,,,,A,,,117486.25,,1665799468.0,,,,,W_Call_after_offer,,,,,,A,,,117486.25,,1665911629.0,,,,,W_Call_after_offer,,,,,,A,,,117486.25,,1666064539.0,,,,,W_Call_after_offer,,,,,,A,,,117486.25,,1666228987.0,,,,,A_DECLINED,,,,,,E,,,117486.25,,1666228987.0,,,,,0,,,,,,0,,,49805.12109375,,1661902904.0,,,,,0,,,,,,0,,,49805.12109375,,1662023352.0,,,,,0,,,,,,0,,,49805.12109375,,1662146808.0,,,,,regular
149,GEN149,20365.646484375,A_SUBMITTED,,,,,,E,,,101112.7578125,,1664082767.0,,,,,A_PARTLYSUBMITTED,,,,,,E,,,101112.7578125,,1664094017.0,,,,,W_Assess_fraud,,,,,,A,,,101112.7578125,,1664190940.0,,,,,A_PREACCEPTED,,,,,,E,,,101112.7578125,,1664190940.0,,,,,W_Complete_preaccepted_appl,,,,,,A,,,101112.7578125,,1664237916.0,,,,,W_Complete_preaccepted_appl,,,,,,A,,,101112.7578125,,1664336912.0,,,,,W_Complete_preaccepted_appl,,,,,,A,,,101112.7578125,,1664461348.0,,,,,W_Complete_preaccepted_appl,,,,,,A,,,101112.7578125,,1664540228.0,,,,,A_ACCEPTED,,,,,,E,,,101112.7578125,,1664541655.0,,,,,A_FINALIZED,,,,,,D,,,101112.7578125,,1664549932.0,,,,,O_SELECTED,,,,,,C,,,101112.7578125,,1664553096.0,,,,,O_CREATED,,,,,,C,,,101112.7578125,,1664558081.0,,,,,O_SENT,,,,,,C,,,101112.7578125,,1664558329.9999998,,,,,A_DECLINED,,,,,,A,,,101112.7578125,,1664558330.0,,,,,0,,,,,,0,,,49805.12109375,,1661741263.0,,,,,0,,,,,,0,,,49805.12109375,,1661757591.0,,,,,0,,,,,,0,,,49805.12109375,,1661806399.9999998,,,,,0,,,,,,0,,,49805.12109375,,1661902904.0,,,,,0,,,,,,0,,,49805.12109375,,1662023352.0,,,,,0,,,,,,0,,,49805.12109375,,1662146808.0,,,,,regular
150,GEN150,19089.69140625,A_SUBMITTED,,,,,,E,,,126507.125,,1665603745.0,,,,,A_PARTLYSUBMITTED,,,,,,E,,,126507.125,,1665607947.0,,,,,W_Assess_fraud,,,,,,A,,,126507.125,,1665808169.0,,,,,A_PREACCEPTED,,,,,,E,,,126507.125,,1665809448.0,,,,,W_Complete_preaccepted_appl,,,,,,A,,,126507.125,,1666044861.0,,,,,W_Complete_preaccepted_appl,,,,,,A,,,126507.125,,1666312533.0,,,,,W_Complete_preaccepted_appl,,,,,,A,,,126507.125,,1666586181.0,,,,,W_Complete_preaccepted_appl,,,,,,A,,,126507.125,,1666842911.0,,,,,W_Complete_preaccepted_appl,,,,,,A,,,126507.125,,1667092205.0,,,,,W_Complete_preaccepted_appl,,,,,,A,,,126507.125,,1667347965.0000002,,,,,W_Complete_preaccepted_appl,,,,,,A,,,126507.125,,1667622859.0,,,,,A_ACCEPTED,,,,,,E,,,126507.125,,1667625586.0,,,,,A_FINALIZED,,,,,,E,,,126507.125,,1667632367.0,,,,,O_SELECTED,,,,,,C,,,126507.125,,1667639849.0,,,,,O_CREATED,,,,,,C,,,126507.125,,1667651064.0,,,,,O_SENT,,,,,,C,,,126507.125,,1667675741.0000002,,,,,W_Call_after_offer,,,,,,A,,,126507.125,,1667905090.0,,,,,W_Call_after_offer,,,,,,A,,,126507.125,,1668155889.0,,,,,W_Call_after_offer,,,,,,A,,,126507.125,,1668453580.0,,,,,W_Call_after_offer,,,,,,A,,,126507.125,,1668760332.0,,,,,regular
151,GEN151,19252.1171875,A_SUBMITTED,,,,,,E,,,134365.546875,,1666074410.0,,,,,A_PARTLYSUBMITTED,,,,,,E,,,134365.546875,,1666077782.0,,,,,W_Assess_fraud,,,,,,A,,,134365.546875,,1666222133.0,,,,,A_PREACCEPTED,,,,,,E,,,134365.546875,,1666222133.0,,,,,W_Complete_preaccepted_appl,,,,,,A,,,134365.546875,,1666338068.0,,,,,W_Complete_preaccepted_appl,,,,,,A,,,134365.546875,,1666499469.0,,,,,W_Complete_preaccepted_appl,,,,,,A,,,134365.546875,,1666689047.0,,,,,A_ACCEPTED,,,,,,A,,,134365.546875,,1666726297.0,,,,,A_FINALIZED,,,,,,E,,,134365.546875,,1666732168.0,,,,,O_SELECTED,,,,,,C,,,134365.546875,,1666732168.0,,,,,O_CREATED,,,,,,C,,,134365.546875,,1666732933.0,,,,,O_CREATED,,,,,,C,,,134365.546875,,1666738293.0,,,,,O_SENT,,,,,,A,,,134365.546875,,1666753212.0,,,,,W_Call_after_offer,,,,,,A,,,134365.546875,,1666934343.0,,,,,W_Call_after_offer,,,,,,A,,,134365.546875,,1667114745.0,,,,,W_Assess_application,,,,,,A,,,134365.546875,,1667314279.0,,,,,W_Assess_application,,,,,,A,,,134365.546875,,1667592631.0,,,,,W_Assess_application,,,,,,A,,,134365.546875,,1667880957.0,,,,,W_Call_missing_information,,,,,,A,,,134365.546875,,1668217393.0,,,,,W_Call_missing_information,,,,,,A,,,134365.546875,,1668578581.0,,,,,regular
152,GEN152,24786.154296875004,A_SUBMITTED,,,,,,E,,,157897.578125,,1667487506.0,,,,,A_PARTLYSUBMITTED,,,,,,D,,,157897.578125,,1667498419.0,,,,,W_Assess_fraud,,,,,,A,,,157897.578125,,1667713762.0,,,,,A_PREACCEPTED,,,,,,E,,,157897.578125,,1667765647.0,,,,,W_Complete_preaccepted_appl,,,,,,A,,,157897.578125,,1668002720.0,,,,,W_Complete_preaccepted_appl,,,,,,A,,,157897.578125,,1668224771.0,,,,,W_Complete_preaccepted_appl,,,,,,A,,,157897.578125,,1668414417.0,,,,,A_ACCEPTED,,,,,,E,,,157897.578125,,1668421071.0,,,,,A_FINALIZED,,,,,,E,,,157897.578125,,1668421071.0,,,,,O_SELECTED,,,,,,C,,,157897.578125,,1668422992.9999998,,,,,O_CREATED,,,,,,C,,,157897.578125,,1668430891.0,,,,,O_SENT,,,,,,C,,,157897.578125,,1668452096.0,,,,,O_SELECTED,,,,,,C,,,157897.578125,,1668560155.0,,,,,O_CREATED,,,,,,C,,,157897.578125,,1668564958.0,,,,,O_SENT,,,,,,C,,,157897.578125,,1668564958.0,,,,,O_SELECTED,,,,,,C,,,157897.578125,,1668582159.9999998,,,,,O_CREATED,,,,,,C,,,157897.578125,,1668617212.0,,,,,O_SENT,,,,,,C,,,157897.578125,,1668648482.0,,,,,O_SELECTED,,,,,,C,,,157897.578125,,1668719062.0,,,,,O_CREATED,,,,,,C,,,157897.578125,,1668793946.0,,,,,regular
153,GEN153,18972.62890625,A_SUBMITTED,,,,,,E,,,118070.0859375,,1665096110.0,,,,,A_PARTLYSUBMITTED,,,,,,E,,,118070.0859375,,1665098983.0,,,,,W_Assess_fraud,,,,,,A,,,118070.0859375,,1665279740.0,,,,,A_PREACCEPTED,,,,,,D,,,118070.0859375,,1665289729.0,,,,,W_Complete_preaccepted_appl,,,,,,A,,,118070.0859375,,1665529473.0,,,,,W_Complete_preaccepted_appl,,,,,,A,,,118070.0859375,,1665761985.0,,,,,A_ACCEPTED,,,,,,D,,,118070.0859375,,1665767643.0000002,,,,,A_FINALIZED,,,,,,E,,,118070.0859375,,1665768042.9999998,,,,,O_SELECTED,,,,,,C,,,118070.0859375,,1665770116.9999998,,,,,O_CREATED,,,,,,C,,,118070.0859375,,1665771341.0,,,,,O_SENT,,,,,,C,,,118070.0859375,,1665773465.0,,,,,W_Call_after_offer,,,,,,A,,,118070.0859375,,1666054768.0,,,,,W_Call_after_offer,,,,,,A,,,118070.0859375,,1666280650.0,,,,,W_Call_after_offer,,,,,,A,,,118070.0859375,,1666479927.0,,,,,W_Call_after_offer,,,,,,A,,,118070.0859375,,1666734620.0,,,,,W_Call_after_offer,,,,,,A,,,118070.0859375,,1666915772.0,,,,,W_Call_after_offer,,,,,,A,,,118070.0859375,,1667069053.9999998,,,,,W_Assess_application,,,,,,A,,,118070.0859375,,1667278717.0,,,,,W_Assess_application,,,,,,A,,,118070.0859375,,1667528311.0,,,,,W_Assess_application,,,,,,A,,,118070.0859375,,1667813981.0,,,,,regular
154,GEN154,19151.412109375,A_SUBMITTED,,,,,,E,,,107462.0078125,,1664458981.0,,,,,A_PARTLYSUBMITTED,,,,,,E,,,107462.0078125,,1664462457.0,,,,,W_Assess_fraud,,,,,,A,,,107462.0078125,,1664619993.0,,,,,A_PREACCEPTED,,,,,,E,,,107462.0078125,,1664628539.0000002,,,,,W_Complete_preaccepted_appl,,,,,,A,,,107462.0078125,,1664809071.0,,,,,W_Complete_preaccepted_appl,,,,,,A,,,107462.0078125,,1664983098.0,,,,,W_Complete_preaccepted_appl,,,,,,A,,,107462.0078125,,1665153225.0,,,,,W_Complete_preaccepted_appl,,,,,,A,,,107462.0078125,,1665327396.0,,,,,W_Complete_preaccepted_appl,,,,,,A,,,107462.0078125,,1665452041.0,,,,,A_DECLINED,,,,,,D,,,107462.0078125,,1665462079.0,,,,,0,,,,,,0,,,49805.12109375,,1661719985.0,,,,,0,,,,,,0,,,49805.12109375,,1661719985.0,,,,,0,,,,,,0,,,49805.12109375,,1661719985.0,,,,,0,,,,,,0,,,49805.12109375,,1661722831.0,,,,,0,,,,,,0,,,49805.12109375,,1661741263.0,,,,,0,,,,,,0,,,49805.12109375,,1661757591.0,,,,,0,,,,,,0,,,49805.12109375,,1661806399.9999998,,,,,0,,,,,,0,,,49805.12109375,,1661902904.0,,,,,0,,,,,,0,,,49805.12109375,,1662023352.0,,,,,0,,,,,,0,,,49805.12109375,,1662146808.0,,,,,regular
155,GEN155,19671.59765625,A_SUBMITTED,,,,,,E,,,125464.30468750004,,1665539119.0,,,,,A_PARTLYSUBMITTED,,,,,,E,,,125464.30468750004,,1665544182.0,,,,,W_Assess_fraud,,,,,,A,,,125464.30468750004,,1665752811.0,,,,,A_PREACCEPTED,,,,,,E,,,125464.30468750004,,1665767942.0,,,,,W_Complete_preaccepted_appl,,,,,,A,,,125464.30468750004,,1665985998.0,,,,,A_ACCEPTED,,,,,,A,,,125464.30468750004,,1666092195.0000002,,,,,A_FINALIZED,,,,,,E,,,125464.30468750004,,1666116862.0,,,,,O_SELECTED,,,,,,E,,,125464.30468750004,,1666116862.0,,,,,O_CREATED,,,,,,C,,,125464.30468750004,,1666122258.0,,,,,O_SENT,,,,,,C,,,125464.30468750004,,1666136642.0,,,,,W_Call_after_offer,,,,,,A,,,125464.30468750004,,1666311929.0,,,,,W_Call_after_offer,,,,,,A,,,125464.30468750004,,1666506225.0,,,,,W_Call_after_offer,,,,,,A,,,125464.30468750004,,1666751324.0,,,,,W_Assess_application,,,,,,A,,,125464.30468750004,,1666961459.0,,,,,W_Assess_application,,,,,,A,,,125464.30468750004,,1667177185.0,,,,,W_Call_after_offer,,,,,,A,,,125464.30468750004,,1667408390.0,,,,,W_Call_after_offer,,,,,,A,,,125464.30468750004,,1667685528.0,,,,,A_DECLINED,,,,,,E,,,125464.30468750004,,1667859525.0,,,,,A_DECLINED,,,,,,E,,,125464.30468750004,,1667952315.0,,,,,0,,,,,,0,,,49805.12109375,,1662146808.0,,,,,regular
156,GEN156,19384.474609375,A_SUBMITTED,,,,,,E,,,106549.875,,1664404253.0,,,,,A_PARTLYSUBMITTED,,,,,,E,,,106549.875,,1664405060.0,,,,,W_Assess_fraud,,,,,,A,,,106549.875,,1664530483.0,,,,,A_PREACCEPTED,,,,,,D,,,106549.875,,1664533049.0,,,,,W_Complete_preaccepted_appl,,,,,,A,,,106549.875,,1664656973.0,,,,,W_Complete_preaccepted_appl,,,,,,A,,,106549.875,,1664774650.0,,,,,A_ACCEPTED,,,,,,D,,,106549.875,,1664776303.0,,,,,A_FINALIZED,,,,,,E,,,106549.875,,1664779242.0,,,,,O_SELECTED,,,,,,C,,,106549.875,,1664786260.0,,,,,O_CREATED,,,,,,C,,,106549.875,,1664796472.9999998,,,,,O_SENT,,,,,,C,,,106549.875,,1664808194.0,,,,,W_Call_after_offer,,,,,,A,,,106549.875,,1664923599.0,,,,,W_Call_after_offer,,,,,,A,,,106549.875,,1665031425.0,,,,,W_Call_after_offer,,,,,,A,,,106549.875,,1665178758.0,,,,,O_SENT_BACK,,,,,,A,,,106549.875,,1665308805.0,,,,,W_Assess_application,,,,,,A,,,106549.875,,1665390152.0000002,,,,,W_Assess_application,,,,,,A,,,106549.875,,1665479123.0,,,,,W_Call_missing_information,,,,,,A,,,106549.875,,1665612490.0,,,,,W_Call_missing_information,,,,,,A,,,106549.875,,1665773169.0,,,,,W_Call_missing_information,,,,,,A,,,106549.875,,1665955800.0,,,,,regular
157,GEN157,17810.453125,A_SUBMITTED,,,,,,E,,,112421.375,,1664758134.0,,,,,A_PARTLYSUBMITTED,,,,,,E,,,112421.375,,1664762509.0,,,,,W_Assess_fraud,,,,,,A,,,112421.375,,1664943743.0,,,,,A_PREACCEPTED,,,,,,E,,,112421.375,,1664967107.0,,,,,W_Complete_preaccepted_appl,,,,,,A,,,112421.375,,1665151878.0,,,,,W_Complete_preaccepted_appl,,,,,,A,,,112421.375,,1665348944.0,,,,,W_Complete_preaccepted_appl,,,,,,A,,,112421.375,,1665537001.0,,,,,W_Complete_preaccepted_appl,,,,,,A,,,112421.375,,1665695364.0,,,,,A_ACCEPTED,,,,,,D,,,112421.375,,1665701293.9999998,,,,,A_FINALIZED,,,,,,E,,,112421.375,,1665707552.0,,,,,O_SELECTED,,,,,,C,,,112421.375,,1665714067.0,,,,,O_CREATED,,,,,,C,,,112421.375,,1665727694.0,,,,,O_SENT,,,,,,C,,,112421.375,,1665742981.0,,,,,W_Call_after_offer,,,,,,A,,,112421.375,,1665860845.0,,,,,W_Call_after_offer,,,,,,A,,,112421.375,,1665990604.0,,,,,W_Call_after_offer,,,,,,A,,,112421.375,,1666135564.0,,,,,W_Call_after_offer,,,,,,A,,,112421.375,,1666345580.0,,,,,W_Call_after_offer,,,,,,A,,,112421.375,,1666600556.0000002,,,,,W_Call_after_offer,,,,,,A,,,112421.375,,1666755480.0,,,,,A_DECLINED,,,,,,E,,,112421.375,,1666757510.0,,,,,regular
158,GEN158,17086.099609375,A_SUBMITTED,,,,,,E,,,104281.8359375,,1664268171.0,,,,,A_PARTLYSUBMITTED,,,,,,E,,,104281.8359375,,1664270763.0,,,,,W_Assess_fraud,,,,,,A,,,104281.8359375,,1664433791.0,,,,,A_PREACCEPTED,,,,,,E,,,104281.8359375,,1664439470.9999998,,,,,W_Complete_preaccepted_appl,,,,,,A,,,104281.8359375,,1664624142.0,,,,,W_Complete_preaccepted_appl,,,,,,A,,,104281.8359375,,1664797550.0,,,,,W_Complete_preaccepted_appl,,,,,,A,,,104281.8359375,,1664945506.0,,,,,A_ACCEPTED,,,,,,E,,,104281.8359375,,1664965862.0,,,,,A_FINALIZED,,,,,,E,,,104281.8359375,,1664976340.0,,,,,O_SELECTED,,,,,,C,,,104281.8359375,,1664984145.0000002,,,,,O_CREATED,,,,,,C,,,104281.8359375,,1664992264.0,,,,,O_SENT,,,,,,C,,,104281.8359375,,1665018112.0,,,,,W_Call_after_offer,,,,,,A,,,104281.8359375,,1665167953.9999998,,,,,W_Call_after_offer,,,,,,C,,,104281.8359375,,1665209251.0,,,,,W_Assess_application,,,,,,A,,,104281.8359375,,1665414086.0000002,,,,,W_Assess_application,,,,,,A,,,104281.8359375,,1665619711.0,,,,,W_Call_missing_information,,,,,,A,,,104281.8359375,,1665841363.0,,,,,W_Call_missing_information,,,,,,A,,,104281.8359375,,1666018276.0,,,,,W_Call_missing_information,,,,,,A,,,104281.8359375,,1666156202.0,,,,,A_DECLINED,,,,,,E,,,104281.8359375,,1666179223.0,,,,,regular
159,GEN159,20400.005859375,A_SUBMITTED,,,,,,E,,,103454.4609375,,1664221800.0,,,,,A_PARTLYSUBMITTED,,,,,,D,,,103454.4609375,,1664227826.0,,,,,W_Assess_fraud,,,,,,A,,,103454.4609375,,1664298812.0,,,,,A_PREACCEPTED,,,,,,E,,,103454.4609375,,1664309019.0,,,,,W_Complete_preaccepted_appl,,,,,,A,,,103454.4609375,,1664338043.0,,,,,W_Complete_preaccepted_appl,,,,,,A,,,103454.4609375,,1664373597.0,,,,,W_Complete_preaccepted_appl,,,,,,A,,,103454.4609375,,1664409095.0,,,,,W_Complete_preaccepted_appl,,,,,,A,,,103454.4609375,,1664434455.0,,,,,W_Complete_preaccepted_appl,,,,,,A,,,103454.4609375,,1664463043.0,,,,,A_ACCEPTED,,,,,,E,,,103454.4609375,,1664476136.0,,,,,A_FINALIZED,,,,,,E,,,103454.4609375,,1664480243.0,,,,,O_SELECTED,,,,,,C,,,103454.4609375,,1664489621.0,,,,,O_CREATED,,,,,,C,,,103454.4609375,,1664498950.0,,,,,O_SENT,,,,,,C,,,103454.4609375,,1664509770.0,,,,,W_Call_after_offer,,,,,,A,,,103454.4609375,,1664561755.0,,,,,W_Call_after_offer,,,,,,A,,,103454.4609375,,1664669786.0,,,,,W_Call_after_offer,,,,,,A,,,103454.4609375,,1664750081.0,,,,,W_Call_after_offer,,,,,,A,,,103454.4609375,,1664817016.0,,,,,O_CREATED,,,,,,C,,,103454.4609375,,1664846948.0,,,,,O_SENT,,,,,,C,,,103454.4609375,,1664879870.0,,,,,regular
160,GEN160,18191.142578125,A_SUBMITTED,,,,,,E,,,133295.57812500003,,1666010042.0,,,,,A_PARTLYSUBMITTED,,,,,,E,,,133295.57812500003,,1666014163.0,,,,,W_Assess_fraud,,,,,,A,,,133295.57812500003,,1666225736.0,,,,,A_PREACCEPTED,,,,,,E,,,133295.57812500003,,1666238180.0,,,,,W_Complete_preaccepted_appl,,,,,,A,,,133295.57812500003,,1666451944.0,,,,,W_Complete_preaccepted_appl,,,,,,A,,,133295.57812500003,,1666649057.0,,,,,W_Complete_preaccepted_appl,,,,,,A,,,133295.57812500003,,1666854753.0,,,,,A_ACCEPTED,,,,,,E,,,133295.57812500003,,1666869728.0000002,,,,,A_FINALIZED,,,,,,E,,,133295.57812500003,,1666873043.0,,,,,O_SELECTED,,,,,,C,,,133295.57812500003,,1666880002.0,,,,,O_SELECTED,,,,,,C,,,133295.57812500003,,1666888433.0,,,,,O_CREATED,,,,,,C,,,133295.57812500003,,1666900860.0,,,,,O_SENT,,,,,,C,,,133295.57812500003,,1666967364.0,,,,,W_Call_after_offer,,,,,,A,,,133295.57812500003,,1667179690.0,,,,,A_DECLINED,,,,,,D,,,133295.57812500003,,1667189351.0,,,,,0,,,,,,0,,,49805.12109375,,1661757591.0,,,,,0,,,,,,0,,,49805.12109375,,1661806399.9999998,,,,,0,,,,,,0,,,49805.12109375,,1661902904.0,,,,,0,,,,,,0,,,49805.12109375,,1662023352.0,,,,,0,,,,,,0,,,49805.12109375,,1662146808.0,,,,,regular
161,GEN161,21089.701171875,A_SUBMITTED,,,,,,E,,,122930.859375,,1665387352.0,,,,,A_PARTLYSUBMITTED,,,,,,E,,,122930.859375,,1665387352.0,,,,,W_Assess_fraud,,,,,,A,,,122930.859375,,1665592240.0,,,,,A_PREACCEPTED,,,,,,E,,,122930.859375,,1665593064.0,,,,,W_Complete_preaccepted_appl,,,,,,A,,,122930.859375,,1665697403.0,,,,,W_Complete_preaccepted_appl,,,,,,A,,,122930.859375,,1665809485.0,,,,,W_Complete_preaccepted_appl,,,,,,A,,,122930.859375,,1665919015.0,,,,,W_Complete_preaccepted_appl,,,,,,A,,,122930.859375,,1666054134.9999998,,,,,A_ACCEPTED,,,,,,E,,,122930.859375,,1666064974.0,,,,,A_FINALIZED,,,,,,E,,,122930.859375,,1666072292.0,,,,,O_SELECTED,,,,,,C,,,122930.859375,,1666082070.0,,,,,O_CREATED,,,,,,C,,,122930.859375,,1666091252.0,,,,,O_SENT,,,,,,C,,,122930.859375,,1666101884.0,,,,,W_Call_after_offer,,,,,,C,,,122930.859375,,1666132966.0,,,,,O_CREATED,,,,,,C,,,122930.859375,,1666146449.0,,,,,O_SENT,,,,,,C,,,122930.859375,,1666206690.0,,,,,W_Call_after_offer,,,,,,C,,,122930.859375,,1666327301.0,,,,,W_Call_after_offer,,,,,,A,,,122930.859375,,1666473450.0,,,,,W_Call_after_offer,,,,,,A,,,122930.859375,,1666661708.0,,,,,W_Call_after_offer,,,,,,A,,,122930.859375,,1666845343.0,,,,,regular
162,GEN162,17672.978515625,A_SUBMITTED,,,,,,E,,,113701.8125,,1664835185.9999998,,,,,A_PARTLYSUBMITTED,,,,,,E,,,113701.8125,,1664840661.0,,,,,W_Assess_fraud,,,,,,A,,,113701.8125,,1665006184.0,,,,,A_PREACCEPTED,,,,,,E,,,113701.8125,,1665018655.0,,,,,W_Complete_preaccepted_appl,,,,,,A,,,113701.8125,,1665259361.0,,,,,W_Complete_preaccepted_appl,,,,,,A,,,113701.8125,,1665520916.0,,,,,W_Complete_preaccepted_appl,,,,,,A,,,113701.8125,,1665776017.0,,,,,W_Complete_preaccepted_appl,,,,,,A,,,113701.8125,,1666000163.0,,,,,W_Complete_preaccepted_appl,,,,,,A,,,113701.8125,,1666204401.0,,,,,W_Complete_preaccepted_appl,,,,,,A,,,113701.8125,,1666428022.0,,,,,W_Complete_preaccepted_appl,,,,,,A,,,113701.8125,,1666668204.0,,,,,A_ACCEPTED,,,,,,E,,,113701.8125,,1666688415.0,,,,,A_FINALIZED,,,,,,E,,,113701.8125,,1666692178.0,,,,,O_SELECTED,,,,,,C,,,113701.8125,,1666697449.0,,,,,O_CREATED,,,,,,C,,,113701.8125,,1666702328.0,,,,,O_SENT,,,,,,C,,,113701.8125,,1666722105.0000002,,,,,W_Call_after_offer,,,,,,A,,,113701.8125,,1666994091.0,,,,,W_Call_after_offer,,,,,,A,,,113701.8125,,1667209253.0,,,,,W_Call_after_offer,,,,,,C,,,113701.8125,,1667342652.0000002,,,,,W_Call_after_offer,,,,,,C,,,113701.8125,,1667465127.0,,,,,regular
163,GEN163,17944.86328125,A_SUBMITTED,,,,,,E,,,123637.6640625,,1665429866.0,,,,,A_PARTLYSUBMITTED,,,,,,E,,,123637.6640625,,1665433834.0,,,,,W_Assess_fraud,,,,,,A,,,123637.6640625,,1665606372.0,,,,,A_PREACCEPTED,,,,,,E,,,123637.6640625,,1665621506.0,,,,,W_Complete_preaccepted_appl,,,,,,A,,,123637.6640625,,1665786358.0,,,,,W_Complete_preaccepted_appl,,,,,,A,,,123637.6640625,,1665951084.0,,,,,W_Complete_preaccepted_appl,,,,,,A,,,123637.6640625,,1666128059.0,,,,,A_DECLINED,,,,,,E,,,123637.6640625,,1666148369.0,,,,,0,,,,,,0,,,49805.12109375,,1661719985.0,,,,,0,,,,,,0,,,49805.12109375,,1661719985.0,,,,,0,,,,,,0,,,49805.12109375,,1661719985.0,,,,,0,,,,,,0,,,49805.12109375,,1661719985.0,,,,,0,,,,,,0,,,49805.12109375,,1661719985.0,,,,,0,,,,,,0,,,49805.12109375,,1661722831.0,,,,,0,,,,,,0,,,49805.12109375,,1661741263.0,,,,,0,,,,,,0,,,49805.12109375,,1661757591.0,,,,,0,,,,,,0,,,49805.12109375,,1661806399.9999998,,,,,0,,,,,,0,,,49805.12109375,,1661902904.0,,,,,0,,,,,,0,,,49805.12109375,,1662023352.0,,,,,0,,,,,,0,,,49805.12109375,,1662146808.0,,,,,regular
164,GEN164,19426.796875,A_SUBMITTED,,,,,,E,,,114349.375,,1664872223.0,,,,,A_PARTLYSUBMITTED,,,,,,E,,,114349.375,,1664876028.0,,,,,W_Assess_fraud,,,,,,A,,,114349.375,,1665032952.0,,,,,A_PREACCEPTED,,,,,,E,,,114349.375,,1665048562.0,,,,,W_Complete_preaccepted_appl,,,,,,A,,,114349.375,,1665215182.0,,,,,W_Complete_preaccepted_appl,,,,,,A,,,114349.375,,1665383252.0,,,,,W_Complete_preaccepted_appl,,,,,,A,,,114349.375,,1665552461.9999998,,,,,W_Complete_preaccepted_appl,,,,,,A,,,114349.375,,1665722801.0,,,,,W_Complete_preaccepted_appl,,,,,,A,,,114349.375,,1665886947.9999998,,,,,W_Complete_preaccepted_appl,,,,,,A,,,114349.375,,1666024478.0,,,,,A_ACCEPTED,,,,,,E,,,114349.375,,1666028166.0,,,,,A_FINALIZED,,,,,,E,,,114349.375,,1666032357.0,,,,,O_SELECTED,,,,,,C,,,114349.375,,1666040386.0,,,,,O_CREATED,,,,,,C,,,114349.375,,1666051285.0,,,,,O_SENT,,,,,,C,,,114349.375,,1666098388.0,,,,,W_Call_after_offer,,,,,,A,,,114349.375,,1666331584.0,,,,,A_DECLINED,,,,,,D,,,114349.375,,1666453316.9999998,,,,,0,,,,,,0,,,49805.12109375,,1661902904.0,,,,,0,,,,,,0,,,49805.12109375,,1662023352.0,,,,,0,,,,,,0,,,49805.12109375,,1662146808.0,,,,,regular
165,GEN165,20591.580078125,A_SUBMITTED,,,,,,E,,,118565.3125,,1665125179.0,,,,,A_PARTLYSUBMITTED,,,,,,E,,,118565.3125,,1665131244.0,,,,,W_Assess_fraud,,,,,,A,,,118565.3125,,1665268633.0,,,,,A_PREACCEPTED,,,,,,E,,,118565.3125,,1665294824.0,,,,,W_Complete_preaccepted_appl,,,,,,A,,,118565.3125,,1665435750.0,,,,,W_Complete_preaccepted_appl,,,,,,A,,,118565.3125,,1665600189.0,,,,,W_Complete_preaccepted_appl,,,,,,A,,,118565.3125,,1665760343.0,,,,,W_Complete_preaccepted_appl,,,,,,A,,,118565.3125,,1665912810.0,,,,,A_DECLINED,,,,,,E,,,118565.3125,,1665922563.0,,,,,0,,,,,,0,,,49805.12109375,,1661719985.0,,,,,0,,,,,,0,,,49805.12109375,,1661719985.0,,,,,0,,,,,,0,,,49805.12109375,,1661719985.0,,,,,0,,,,,,0,,,49805.12109375,,1661719985.0,,,,,0,,,,,,0,,,49805.12109375,,1661722831.0,,,,,0,,,,,,0,,,49805.12109375,,1661741263.0,,,,,0,,,,,,0,,,49805.12109375,,1661757591.0,,,,,0,,,,,,0,,,49805.12109375,,1661806399.9999998,,,,,0,,,,,,0,,,49805.12109375,,1661902904.0,,,,,0,,,,,,0,,,49805.12109375,,1662023352.0,,,,,0,,,,,,0,,,49805.12109375,,1662146808.0,,,,,regular
166,GEN166,19162.76953125,A_SUBMITTED,,,,,,E,,,113228.5390625,,1664807507.0,,,,,A_PARTLYSUBMITTED,,,,,,E,,,113228.5390625,,1664809904.0,,,,,W_Assess_fraud,,,,,,A,,,113228.5390625,,1664949618.0,,,,,A_PREACCEPTED,,,,,,E,,,113228.5390625,,1664949618.0,,,,,W_Complete_preaccepted_appl,,,,,,A,,,113228.5390625,,1665122966.9999998,,,,,W_Complete_preaccepted_appl,,,,,,A,,,113228.5390625,,1665349681.0,,,,,W_Complete_preaccepted_appl,,,,,,A,,,113228.5390625,,1665615557.0,,,,,W_Complete_preaccepted_appl,,,,,,A,,,113228.5390625,,1665919127.0,,,,,W_Complete_preaccepted_appl,,,,,,A,,,113228.5390625,,1666257500.0,,,,,W_Complete_preaccepted_appl,,,,,,A,,,113228.5390625,,1666615383.0,,,,,W_Complete_preaccepted_appl,,,,,,A,,,113228.5390625,,1666970574.0,,,,,W_Complete_preaccepted_appl,,,,,,A,,,113228.5390625,,1667257479.0,,,,,A_ACCEPTED,,,,,,E,,,113228.5390625,,1667262822.0,,,,,A_FINALIZED,,,,,,D,,,113228.5390625,,1667268806.0,,,,,O_SELECTED,,,,,,C,,,113228.5390625,,1667272174.0,,,,,O_CREATED,,,,,,C,,,113228.5390625,,1667282272.0,,,,,O_SENT,,,,,,C,,,113228.5390625,,1667303514.0,,,,,W_Call_after_offer,,,,,,A,,,113228.5390625,,1667551869.0,,,,,W_Call_after_offer,,,,,,A,,,113228.5390625,,1667826034.9999998,,,,,W_Call_after_offer,,,,,,A,,,113228.5390625,,1668131558.0,,,,,regular
167,GEN167,19226.431640625,A_SUBMITTED,,,,,,E,,,117562.5078125,,1665066557.0,,,,,A_PARTLYSUBMITTED,,,,,,E,,,117562.5078125,,1665068527.0,,,,,W_Assess_fraud,,,,,,A,,,117562.5078125,,1665234062.0,,,,,A_PREACCEPTED,,,,,,E,,,117562.5078125,,1665237830.0,,,,,W_Complete_preaccepted_appl,,,,,,A,,,117562.5078125,,1665394808.0,,,,,A_DECLINED,,,,,,E,,,117562.5078125,,1665396776.0,,,,,0,,,,,,0,,,49805.12109375,,1661454440.0,,,,,0,,,,,,0,,,49805.12109375,,1661616410.0,,,,,0,,,,,,0,,,49805.12109375,,1661719985.0,,,,,0,,,,,,0,,,49805.12109375,,1661719985.0,,,,,0,,,,,,0,,,49805.12109375,,1661719985.0,,,,,0,,,,,,0,,,49805.12109375,,1661719985.0,,,,,0,,,,,,0,,,49805.12109375,,1661719985.0,,,,,0,,,,,,0,,,49805.12109375,,1661722831.0,,,,,0,,,,,,0,,,49805.12109375,,1661741263.0,,,,,0,,,,,,0,,,49805.12109375,,1661757591.0,,,,,0,,,,,,0,,,49805.12109375,,1661806399.9999998,,,,,0,,,,,,0,,,49805.12109375,,1661902904.0,,,,,0,,,,,,0,,,49805.12109375,,1662023352.0,,,,,0,,,,,,0,,,49805.12109375,,1662146808.0,,,,,regular
168,GEN168,21370.94921875,A_SUBMITTED,,,,,,E,,,133999.28125,,1666051711.0,,,,,A_PARTLYSUBMITTED,,,,,,E,,,133999.28125,,1666056969.0,,,,,W_Assess_fraud,,,,,,A,,,133999.28125,,1666252826.0,,,,,A_PREACCEPTED,,,,,,E,,,133999.28125,,1666259654.0,,,,,W_Complete_preaccepted_appl,,,,,,A,,,133999.28125,,1666490875.0,,,,,W_Complete_preaccepted_appl,,,,,,A,,,133999.28125,,1666734076.0,,,,,W_Complete_preaccepted_appl,,,,,,A,,,133999.28125,,1667011848.0,,,,,W_Complete_preaccepted_appl,,,,,,A,,,133999.28125,,1667301340.0,,,,,A_ACCEPTED,,,,,,E,,,133999.28125,,1667327950.0,,,,,A_FINALIZED,,,,,,E,,,133999.28125,,1667330504.0,,,,,O_SELECTED,,,,,,C,,,133999.28125,,1667338602.0,,,,,O_CREATED,,,,,,C,,,133999.28125,,1667347169.0,,,,,O_SENT,,,,,,C,,,133999.28125,,1667353614.0,,,,,O_SELECTED,,,,,,C,,,133999.28125,,1667354495.9999998,,,,,O_CREATED,,,,,,C,,,133999.28125,,1667363732.0000002,,,,,O_SENT,,,,,,C,,,133999.28125,,1667388368.9999998,,,,,W_Call_after_offer,,,,,,A,,,133999.28125,,1667629872.0,,,,,A_DECLINED,,,,,,E,,,133999.28125,,1667637994.0,,,,,0,,,,,,0,,,49805.12109375,,1662023352.0,,,,,0,,,,,,0,,,49805.12109375,,1662146808.0,,,,,regular
169,GEN169,17977.556640625,A_SUBMITTED,,,,,,E,,,118435.71875,,1665117404.0,,,,,A_PARTLYSUBMITTED,,,,,,E,,,118435.71875,,1665119932.0,,,,,W_Assess_fraud,,,,,,A,,,118435.71875,,1665287961.0,,,,,A_PREACCEPTED,,,,,,E,,,118435.71875,,1665298770.0,,,,,W_Complete_preaccepted_appl,,,,,,A,,,118435.71875,,1665455191.0,,,,,W_Complete_preaccepted_appl,,,,,,A,,,118435.71875,,1665622749.0,,,,,W_Complete_preaccepted_appl,,,,,,A,,,118435.71875,,1665807913.9999998,,,,,A_DECLINED,,,,,,E,,,118435.71875,,1665821104.0,,,,,0,,,,,,0,,,49805.12109375,,1661719985.0,,,,,0,,,,,,0,,,49805.12109375,,1661719985.0,,,,,0,,,,,,0,,,49805.12109375,,1661719985.0,,,,,0,,,,,,0,,,49805.12109375,,1661719985.0,,,,,0,,,,,,0,,,49805.12109375,,1661719985.0,,,,,0,,,,,,0,,,49805.12109375,,1661722831.0,,,,,0,,,,,,0,,,49805.12109375,,1661741263.0,,,,,0,,,,,,0,,,49805.12109375,,1661757591.0,,,,,0,,,,,,0,,,49805.12109375,,1661806399.9999998,,,,,0,,,,,,0,,,49805.12109375,,1661902904.0,,,,,0,,,,,,0,,,49805.12109375,,1662023352.0,,,,,0,,,,,,0,,,49805.12109375,,1662146808.0,,,,,regular
170,GEN170,17149.2265625,A_SUBMITTED,,,,,,E,,,119561.15625,,1665186769.0,,,,,A_PARTLYSUBMITTED,,,,,,E,,,119561.15625,,1665190262.0,,,,,W_Assess_fraud,,,,,,A,,,119561.15625,,1665374579.0,,,,,A_PREACCEPTED,,,,,,E,,,119561.15625,,1665377942.0,,,,,W_Complete_preaccepted_appl,,,,,,A,,,119561.15625,,1665581202.0,,,,,W_Complete_preaccepted_appl,,,,,,A,,,119561.15625,,1665783255.0,,,,,W_Complete_preaccepted_appl,,,,,,A,,,119561.15625,,1665991833.0,,,,,W_Complete_preaccepted_appl,,,,,,A,,,119561.15625,,1666207903.0,,,,,A_ACCEPTED,,,,,,E,,,119561.15625,,1666244769.0,,,,,A_FINALIZED,,,,,,E,,,119561.15625,,1666249289.0,,,,,O_SELECTED,,,,,,C,,,119561.15625,,1666256089.0,,,,,O_CREATED,,,,,,C,,,119561.15625,,1666262558.0,,,,,O_SENT,,,,,,C,,,119561.15625,,1666269763.0,,,,,W_Call_after_offer,,,,,,A,,,119561.15625,,1666444534.0,,,,,W_Call_after_offer,,,,,,A,,,119561.15625,,1666672722.0,,,,,W_Call_after_offer,,,,,,A,,,119561.15625,,1666859161.0,,,,,W_Call_after_offer,,,,,,A,,,119561.15625,,1666981020.0,,,,,A_DECLINED,,,,,,D,,,119561.15625,,1666998921.0,,,,,0,,,,,,0,,,49805.12109375,,1662023352.0,,,,,0,,,,,,0,,,49805.12109375,,1662146808.0,,,,,regular
171,GEN171,14869.0185546875,A_SUBMITTED,,,,,,D,,,119410.9609375,,1665178946.0,,,,,A_PARTLYSUBMITTED,,,,,,D,,,119410.9609375,,1665182946.0,,,,,W_Assess_fraud,,,,,,A,,,119410.9609375,,1665315927.0,,,,,A_PREACCEPTED,,,,,,E,,,119410.9609375,,1665332282.0,,,,,W_Complete_preaccepted_appl,,,,,,A,,,119410.9609375,,1665434405.0,,,,,W_Complete_preaccepted_appl,,,,,,A,,,119410.9609375,,1665581266.0,,,,,A_ACCEPTED,,,,,,E,,,119410.9609375,,1665583031.0,,,,,A_FINALIZED,,,,,,E,,,119410.9609375,,1665589668.0,,,,,O_SELECTED,,,,,,C,,,119410.9609375,,1665599489.0,,,,,O_CREATED,,,,,,C,,,119410.9609375,,1665609431.0,,,,,O_SENT,,,,,,C,,,119410.9609375,,1665621048.0,,,,,W_Call_after_offer,,,,,,A,,,119410.9609375,,1665716738.0,,,,,W_Call_after_offer,,,,,,A,,,119410.9609375,,1665800808.0,,,,,W_Call_after_offer,,,,,,A,,,119410.9609375,,1665863744.0,,,,,O_SELECTED,,,,,,C,,,119410.9609375,,1665877357.0,,,,,O_CREATED,,,,,,C,,,119410.9609375,,1665877357.0,,,,,O_SENT,,,,,,C,,,119410.9609375,,1665881609.0,,,,,W_Call_after_offer,,,,,,A,,,119410.9609375,,1665956234.0,,,,,W_Call_after_offer,,,,,,A,,,119410.9609375,,1666033943.0,,,,,A_DECLINED,,,,,,E,,,119410.9609375,,1666041896.0,,,,,regular
172,GEN172,19994.4296875,A_SUBMITTED,,,,,,D,,,137212.42187500003,,1666244006.0,,,,,A_PARTLYSUBMITTED,,,,,,D,,,137212.42187500003,,1666250354.0,,,,,W_Assess_fraud,,,,,,A,,,137212.42187500003,,1666452357.0,,,,,A_PREACCEPTED,,,,,,D,,,137212.42187500003,,1666452751.0,,,,,W_Complete_preaccepted_appl,,,,,,A,,,137212.42187500003,,1666622056.0,,,,,A_ACCEPTED,,,,,,D,,,137212.42187500003,,1666623416.9999998,,,,,A_FINALIZED,,,,,,D,,,137212.42187500003,,1666629307.0000002,,,,,O_SELECTED,,,,,,C,,,137212.42187500003,,1666636926.0,,,,,O_CREATED,,,,,,C,,,137212.42187500003,,1666646997.0000002,,,,,O_SENT,,,,,,C,,,137212.42187500003,,1666662453.0,,,,,O_SELECTED,,,,,,C,,,137212.42187500003,,1666725769.0,,,,,O_CREATED,,,,,,C,,,137212.42187500003,,1666725769.0,,,,,O_SENT,,,,,,C,,,137212.42187500003,,1666725769.0,,,,,O_SENT,,,,,,C,,,137212.42187500003,,1666739224.0,,,,,W_Call_after_offer,,,,,,A,,,137212.42187500003,,1666762368.0,,,,,W_Call_after_offer,,,,,,C,,,137212.42187500003,,1666817666.0,,,,,W_Call_after_offer,,,,,,A,,,137212.42187500003,,1666924196.0,,,,,W_Call_after_offer,,,,,,A,,,137212.42187500003,,1667007584.0,,,,,W_Call_after_offer,,,,,,A,,,137212.42187500003,,1667113518.0,,,,,W_Call_after_offer,,,,,,A,,,137212.42187500003,,1667252767.0000002,,,,,regular
173,GEN173,18868.06640625,A_SUBMITTED,,,,,,E,,,118204.09375,,1665106915.0,,,,,A_PARTLYSUBMITTED,,,,,,E,,,118204.09375,,1665111157.0,,,,,W_Assess_fraud,,,,,,A,,,118204.09375,,1665310584.0,,,,,A_PREACCEPTED,,,,,,E,,,118204.09375,,1665320376.0,,,,,W_Complete_preaccepted_appl,,,,,,A,,,118204.09375,,1665563393.0,,,,,W_Complete_preaccepted_appl,,,,,,A,,,118204.09375,,1665798495.0,,,,,W_Complete_preaccepted_appl,,,,,,A,,,118204.09375,,1666032823.0,,,,,W_Complete_preaccepted_appl,,,,,,A,,,118204.09375,,1666265232.0,,,,,W_Complete_preaccepted_appl,,,,,,A,,,118204.09375,,1666497791.0,,,,,W_Complete_preaccepted_appl,,,,,,A,,,118204.09375,,1666750048.0,,,,,W_Complete_preaccepted_appl,,,,,,A,,,118204.09375,,1666968855.0,,,,,A_ACCEPTED,,,,,,D,,,118204.09375,,1666971102.0,,,,,A_FINALIZED,,,,,,D,,,118204.09375,,1666977881.0,,,,,O_SELECTED,,,,,,C,,,118204.09375,,1666983502.0,,,,,O_CREATED,,,,,,C,,,118204.09375,,1666989334.0,,,,,O_SENT,,,,,,C,,,118204.09375,,1667016570.0,,,,,O_SELECTED,,,,,,A,,,118204.09375,,1667159907.0,,,,,O_CREATED,,,,,,C,,,118204.09375,,1667230314.0,,,,,O_SENT,,,,,,A,,,118204.09375,,1667363682.0,,,,,W_Call_after_offer,,,,,,A,,,118204.09375,,1667638157.0,,,,,regular
174,GEN174,18628.658203125,A_SUBMITTED,,,,,,E,,,111854.546875,,1664723079.0,,,,,A_PARTLYSUBMITTED,,,,,,E,,,111854.546875,,1664726002.0,,,,,W_Assess_fraud,,,,,,A,,,111854.546875,,1664892900.0,,,,,A_PREACCEPTED,,,,,,D,,,111854.546875,,1664898981.0,,,,,W_Complete_preaccepted_appl,,,,,,A,,,111854.546875,,1665032474.0,,,,,A_DECLINED,,,,,,E,,,111854.546875,,1665032474.0,,,,,0,,,,,,0,,,49805.12109375,,1661454440.0,,,,,0,,,,,,0,,,49805.12109375,,1661616410.0,,,,,0,,,,,,0,,,49805.12109375,,1661719985.0,,,,,0,,,,,,0,,,49805.12109375,,1661719985.0,,,,,0,,,,,,0,,,49805.12109375,,1661719985.0,,,,,0,,,,,,0,,,49805.12109375,,1661719985.0,,,,,0,,,,,,0,,,49805.12109375,,1661719985.0,,,,,0,,,,,,0,,,49805.12109375,,1661722831.0,,,,,0,,,,,,0,,,49805.12109375,,1661741263.0,,,,,0,,,,,,0,,,49805.12109375,,1661757591.0,,,,,0,,,,,,0,,,49805.12109375,,1661806399.9999998,,,,,0,,,,,,0,,,49805.12109375,,1661902904.0,,,,,0,,,,,,0,,,49805.12109375,,1662023352.0,,,,,0,,,,,,0,,,49805.12109375,,1662146808.0,,,,,regular
175,GEN175,20611.064453125004,A_SUBMITTED,,,,,,E,,,130969.140625,,1665871090.0,,,,,A_PARTLYSUBMITTED,,,,,,E,,,130969.140625,,1665875909.0,,,,,W_Assess_fraud,,,,,,A,,,130969.140625,,1666074266.0,,,,,A_PREACCEPTED,,,,,,E,,,130969.140625,,1666083432.0,,,,,W_Complete_preaccepted_appl,,,,,,A,,,130969.140625,,1666309023.0,,,,,W_Complete_preaccepted_appl,,,,,,A,,,130969.140625,,1666536221.0,,,,,W_Complete_preaccepted_appl,,,,,,A,,,130969.140625,,1666765034.0,,,,,W_Complete_preaccepted_appl,,,,,,A,,,130969.140625,,1666989928.0,,,,,W_Complete_preaccepted_appl,,,,,,A,,,130969.140625,,1667218154.0,,,,,A_ACCEPTED,,,,,,E,,,130969.140625,,1667218154.0,,,,,A_FINALIZED,,,,,,E,,,130969.140625,,1667227024.0,,,,,O_SELECTED,,,,,,C,,,130969.140625,,1667235450.0,,,,,O_CREATED,,,,,,C,,,130969.140625,,1667242865.0,,,,,O_SENT,,,,,,C,,,130969.140625,,1667259739.0,,,,,O_SELECTED,,,,,,C,,,130969.140625,,1667322530.0,,,,,O_CREATED,,,,,,C,,,130969.140625,,1667346622.0,,,,,O_SENT,,,,,,C,,,130969.140625,,1667416129.0,,,,,W_Call_after_offer,,,,,,A,,,130969.140625,,1667671636.0,,,,,W_Call_after_offer,,,,,,A,,,130969.140625,,1667856861.0,,,,,A_DECLINED,,,,,,E,,,130969.140625,,1667856861.0,,,,,regular
176,GEN176,19134.216796875,A_SUBMITTED,,,,,,E,,,147840.796875,,1666881708.0,,,,,A_PARTLYSUBMITTED,,,,,,E,,,147840.796875,,1666883575.0,,,,,W_Assess_fraud,,,,,,A,,,147840.796875,,1667101944.0,,,,,A_PREACCEPTED,,,,,,D,,,147840.796875,,1667118934.0,,,,,W_Complete_preaccepted_appl,,,,,,A,,,147840.796875,,1667368550.0,,,,,A_ACCEPTED,,,,,,D,,,147840.796875,,1667388503.0,,,,,A_FINALIZED,,,,,,E,,,147840.796875,,1667391522.0,,,,,O_SELECTED,,,,,,C,,,147840.796875,,1667393975.0,,,,,O_CREATED,,,,,,C,,,147840.796875,,1667395531.0,,,,,O_SENT,,,,,,C,,,147840.796875,,1667395531.0,,,,,W_Call_after_offer,,,,,,A,,,147840.796875,,1667733783.0000002,,,,,W_Call_after_offer,,,,,,A,,,147840.796875,,1668037681.0,,,,,W_Call_after_offer,,,,,,A,,,147840.796875,,1668337202.0,,,,,W_Call_after_offer,,,,,,A,,,147840.796875,,1668597219.0,,,,,W_Call_after_offer,,,,,,A,,,147840.796875,,1668775461.0,,,,,W_Call_after_offer,,,,,,A,,,147840.796875,,1668957360.9999998,,,,,W_Assess_application,,,,,,A,,,147840.796875,,1669192847.0,,,,,W_Assess_application,,,,,,A,,,147840.796875,,1669475594.0,,,,,W_Call_missing_information,,,,,,A,,,147840.796875,,1669751301.0,,,,,W_Call_missing_information,,,,,,A,,,147840.796875,,1669942052.0,,,,,regular
177,GEN177,18174.1015625,A_SUBMITTED,,,,,,E,,,112385.15625,,1664754370.0,,,,,A_PARTLYSUBMITTED,,,,,,E,,,112385.15625,,1664758108.0,,,,,W_Assess_fraud,,,,,,A,,,112385.15625,,1664940994.0,,,,,A_PREACCEPTED,,,,,,E,,,112385.15625,,1664947382.0,,,,,W_Complete_preaccepted_appl,,,,,,A,,,112385.15625,,1665107497.0,,,,,W_Complete_preaccepted_appl,,,,,,A,,,112385.15625,,1665269009.0,,,,,W_Complete_preaccepted_appl,,,,,,A,,,112385.15625,,1665425358.0,,,,,W_Complete_preaccepted_appl,,,,,,A,,,112385.15625,,1665583484.0,,,,,W_Complete_preaccepted_appl,,,,,,A,,,112385.15625,,1665746017.0000002,,,,,W_Complete_preaccepted_appl,,,,,,A,,,112385.15625,,1665919271.9999998,,,,,W_Complete_preaccepted_appl,,,,,,A,,,112385.15625,,1665960694.0000002,,,,,A_DECLINED,,,,,,D,,,112385.15625,,1665966809.0,,,,,0,,,,,,0,,,49805.12109375,,1661719985.0,,,,,0,,,,,,0,,,49805.12109375,,1661722831.0,,,,,0,,,,,,0,,,49805.12109375,,1661741263.0,,,,,0,,,,,,0,,,49805.12109375,,1661757591.0,,,,,0,,,,,,0,,,49805.12109375,,1661806399.9999998,,,,,0,,,,,,0,,,49805.12109375,,1661902904.0,,,,,0,,,,,,0,,,49805.12109375,,1662023352.0,,,,,0,,,,,,0,,,49805.12109375,,1662146808.0,,,,,regular
178,GEN178,21237.900390625,A_SUBMITTED,,,,,,E,,,109019.171875,,1664554184.0,,,,,A_PARTLYSUBMITTED,,,,,,D,,,109019.171875,,1664554184.0,,,,,W_Assess_fraud,,,,,,A,,,109019.171875,,1664768829.0,,,,,A_PREACCEPTED,,,,,,D,,,109019.171875,,1664770280.0,,,,,W_Complete_preaccepted_appl,,,,,,A,,,109019.171875,,1664967805.0,,,,,W_Complete_preaccepted_appl,,,,,,A,,,109019.171875,,1665191633.0,,,,,W_Complete_preaccepted_appl,,,,,,A,,,109019.171875,,1665421891.0,,,,,A_ACCEPTED,,,,,,E,,,109019.171875,,1665434034.0,,,,,A_FINALIZED,,,,,,E,,,109019.171875,,1665440801.0,,,,,O_SELECTED,,,,,,C,,,109019.171875,,1665446624.0,,,,,O_CREATED,,,,,,C,,,109019.171875,,1665447056.0,,,,,O_SENT,,,,,,C,,,109019.171875,,1665447056.0,,,,,W_Call_after_offer,,,,,,A,,,109019.171875,,1665489695.0,,,,,O_CREATED,,,,,,C,,,109019.171875,,1665489695.0,,,,,O_SENT,,,,,,D,,,109019.171875,,1665489695.0,,,,,0,,,,,,0,,,49805.12109375,,1661757591.0,,,,,0,,,,,,0,,,49805.12109375,,1661806399.9999998,,,,,0,,,,,,0,,,49805.12109375,,1661902904.0,,,,,0,,,,,,0,,,49805.12109375,,1662023352.0,,,,,0,,,,,,0,,,49805.12109375,,1662146808.0,,,,,regular
179,GEN179,18385.28515625,A_SUBMITTED,,,,,,E,,,118019.2890625,,1665092418.0,,,,,A_PARTLYSUBMITTED,,,,,,E,,,118019.2890625,,1665098287.0,,,,,W_Assess_fraud,,,,,,A,,,118019.2890625,,1665284344.0,,,,,A_PREACCEPTED,,,,,,E,,,118019.2890625,,1665289841.0,,,,,W_Complete_preaccepted_appl,,,,,,A,,,118019.2890625,,1665430384.0,,,,,A_ACCEPTED,,,,,,D,,,118019.2890625,,1665437586.0,,,,,A_FINALIZED,,,,,,D,,,118019.2890625,,1665440726.0,,,,,O_SELECTED,,,,,,C,,,118019.2890625,,1665447974.0,,,,,O_CREATED,,,,,,C,,,118019.2890625,,1665454577.0,,,,,O_SENT,,,,,,C,,,118019.2890625,,1665463120.0,,,,,W_Call_after_offer,,,,,,A,,,118019.2890625,,1665584680.0,,,,,W_Call_after_offer,,,,,,A,,,118019.2890625,,1665733828.0,,,,,W_Call_after_offer,,,,,,A,,,118019.2890625,,1665877090.0,,,,,W_Call_after_offer,,,,,,A,,,118019.2890625,,1666081149.0,,,,,A_DECLINED,,,,,,E,,,118019.2890625,,1666081149.0,,,,,0,,,,,,0,,,49805.12109375,,1661757591.0,,,,,0,,,,,,0,,,49805.12109375,,1661806399.9999998,,,,,0,,,,,,0,,,49805.12109375,,1661902904.0,,,,,0,,,,,,0,,,49805.12109375,,1662023352.0,,,,,0,,,,,,0,,,49805.12109375,,1662146808.0,,,,,regular
180,GEN180,17460.9296875,A_SUBMITTED,,,,,,E,,,82583.328125,,1662966712.0,,,,,A_PARTLYSUBMITTED,,,,,,E,,,82583.328125,,1662966712.0,,,,,W_Assess_fraud,,,,,,A,,,82583.328125,,1663056500.0,,,,,A_PREACCEPTED,,,,,,D,,,82583.328125,,1663056500.0,,,,,W_Complete_preaccepted_appl,,,,,,A,,,82583.328125,,1663149026.0,,,,,W_Complete_preaccepted_appl,,,,,,A,,,82583.328125,,1663211344.0,,,,,W_Complete_preaccepted_appl,,,,,,A,,,82583.328125,,1663271125.0,,,,,W_Complete_preaccepted_appl,,,,,,A,,,82583.328125,,1663323188.9999998,,,,,W_Complete_preaccepted_appl,,,,,,A,,,82583.328125,,1663384651.0,,,,,W_Complete_preaccepted_appl,,,,,,A,,,82583.328125,,1663479162.0,,,,,W_Complete_preaccepted_appl,,,,,,A,,,82583.328125,,1663620262.0,,,,,A_ACCEPTED,,,,,,E,,,82583.328125,,1663773040.0,,,,,A_FINALIZED,,,,,,E,,,82583.328125,,1663868955.0,,,,,O_SELECTED,,,,,,C,,,82583.328125,,1663913181.0,,,,,O_CREATED,,,,,,C,,,82583.328125,,1663934931.9999998,,,,,O_SENT,,,,,,C,,,82583.328125,,1663962130.0,,,,,W_Call_after_offer,,,,,,A,,,82583.328125,,1664013503.0,,,,,O_SENT_BACK,,,,,,A,,,82583.328125,,1664063940.0,,,,,W_Assess_application,,,,,,A,,,82583.328125,,1664120793.9999998,,,,,W_Assess_application,,,,,,A,,,82583.328125,,1664205177.0,,,,,regular
181,GEN181,19653.72265625,A_SUBMITTED,,,,,,E,,,123678.203125,,1665432704.0,,,,,A_PARTLYSUBMITTED,,,,,,E,,,123678.203125,,1665435503.0,,,,,W_Assess_fraud,,,,,,A,,,123678.203125,,1665615131.0,,,,,A_PREACCEPTED,,,,,,E,,,123678.203125,,1665615131.0,,,,,W_Complete_preaccepted_appl,,,,,,A,,,123678.203125,,1665821224.0,,,,,A_ACCEPTED,,,,,,D,,,123678.203125,,1665832985.0,,,,,A_ACCEPTED,,,,,,D,,,123678.203125,,1665843218.0,,,,,A_FINALIZED,,,,,,C,,,123678.203125,,1665849393.0,,,,,O_SELECTED,,,,,,C,,,123678.203125,,1665858355.0,,,,,O_CREATED,,,,,,C,,,123678.203125,,1665869532.0,,,,,O_SENT,,,,,,C,,,123678.203125,,1665891934.0,,,,,A_DECLINED,,,,,,D,,,123678.203125,,1665943978.9999998,,,,,0,,,,,,0,,,49805.12109375,,1661719985.0,,,,,0,,,,,,0,,,49805.12109375,,1661722831.0,,,,,0,,,,,,0,,,49805.12109375,,1661741263.0,,,,,0,,,,,,0,,,49805.12109375,,1661757591.0,,,,,0,,,,,,0,,,49805.12109375,,1661806399.9999998,,,,,0,,,,,,0,,,49805.12109375,,1661902904.0,,,,,0,,,,,,0,,,49805.12109375,,1662023352.0,,,,,0,,,,,,0,,,49805.12109375,,1662146808.0,,,,,regular
182,GEN182,18313.7890625,A_SUBMITTED,,,,,,E,,,129647.0546875,,1665793029.0,,,,,A_PARTLYSUBMITTED,,,,,,E,,,129647.0546875,,1665797574.0,,,,,W_Assess_fraud,,,,,,A,,,129647.0546875,,1666019570.0,,,,,A_PREACCEPTED,,,,,,E,,,129647.0546875,,1666024155.0,,,,,W_Complete_preaccepted_appl,,,,,,A,,,129647.0546875,,1666247972.0,,,,,W_Complete_preaccepted_appl,,,,,,A,,,129647.0546875,,1666482728.0,,,,,A_ACCEPTED,,,,,,E,,,129647.0546875,,1666490574.0,,,,,A_FINALIZED,,,,,,E,,,129647.0546875,,1666497644.0,,,,,O_SELECTED,,,,,,C,,,129647.0546875,,1666506815.0,,,,,O_CREATED,,,,,,C,,,129647.0546875,,1666515765.0,,,,,O_SENT,,,,,,C,,,129647.0546875,,1666527506.0,,,,,W_Call_after_offer,,,,,,A,,,129647.0546875,,1666816480.0,,,,,W_Call_after_offer,,,,,,A,,,129647.0546875,,1667150725.0,,,,,W_Call_after_offer,,,,,,A,,,129647.0546875,,1667431837.9999998,,,,,W_Call_after_offer,,,,,,A,,,129647.0546875,,1667616628.0,,,,,W_Call_after_offer,,,,,,C,,,129647.0546875,,1667680071.0000002,,,,,W_Call_after_offer,,,,,,C,,,129647.0546875,,1667706448.0,,,,,W_Call_after_offer,,,,,,C,,,129647.0546875,,1667818157.0,,,,,W_Call_after_offer,,,,,,A,,,129647.0546875,,1668055254.0,,,,,W_Call_after_offer,,,,,,A,,,129647.0546875,,1668317964.0,,,,,regular
183,GEN183,19958.203125,A_SUBMITTED,,,,,,E,,,122914.9375,,1665387204.0,,,,,A_PARTLYSUBMITTED,,,,,,E,,,122914.9375,,1665392520.0,,,,,W_Assess_fraud,,,,,,A,,,122914.9375,,1665556150.0,,,,,A_PREACCEPTED,,,,,,E,,,122914.9375,,1665560494.0,,,,,W_Complete_preaccepted_appl,,,,,,A,,,122914.9375,,1665725773.0,,,,,W_Complete_preaccepted_appl,,,,,,A,,,122914.9375,,1665915439.0,,,,,W_Complete_preaccepted_appl,,,,,,A,,,122914.9375,,1666088019.9999998,,,,,A_ACCEPTED,,,,,,D,,,122914.9375,,1666090114.0,,,,,A_FINALIZED,,,,,,D,,,122914.9375,,1666093502.0,,,,,O_SELECTED,,,,,,C,,,122914.9375,,1666102689.0,,,,,O_CREATED,,,,,,C,,,122914.9375,,1666111739.0,,,,,O_SENT,,,,,,C,,,122914.9375,,1666126108.0,,,,,A_DECLINED,,,,,,E,,,122914.9375,,1666153291.0,,,,,0,,,,,,0,,,49805.12109375,,1661722831.0,,,,,0,,,,,,0,,,49805.12109375,,1661741263.0,,,,,0,,,,,,0,,,49805.12109375,,1661757591.0,,,,,0,,,,,,0,,,49805.12109375,,1661806399.9999998,,,,,0,,,,,,0,,,49805.12109375,,1661902904.0,,,,,0,,,,,,0,,,49805.12109375,,1662023352.0,,,,,0,,,,,,0,,,49805.12109375,,1662146808.0,,,,,regular
184,GEN184,17665.15625,A_SUBMITTED,,,,,,E,,,120412.3046875,,1665238509.0,,,,,A_PARTLYSUBMITTED,,,,,,E,,,120412.3046875,,1665243325.0,,,,,W_Assess_fraud,,,,,,A,,,120412.3046875,,1665412512.0,,,,,A_PREACCEPTED,,,,,,E,,,120412.3046875,,1665426276.0,,,,,W_Complete_preaccepted_appl,,,,,,A,,,120412.3046875,,1665564796.0,,,,,W_Complete_preaccepted_appl,,,,,,A,,,120412.3046875,,1665708235.0,,,,,A_ACCEPTED,,,,,,D,,,120412.3046875,,1665721661.0,,,,,A_FINALIZED,,,,,,E,,,120412.3046875,,1665726386.0,,,,,O_SELECTED,,,,,,C,,,120412.3046875,,1665734294.0,,,,,O_CREATED,,,,,,C,,,120412.3046875,,1665741865.0,,,,,O_SENT,,,,,,C,,,120412.3046875,,1665751554.0,,,,,W_Call_after_offer,,,,,,A,,,120412.3046875,,1665899832.0,,,,,W_Call_after_offer,,,,,,A,,,120412.3046875,,1666058431.0,,,,,W_Call_after_offer,,,,,,A,,,120412.3046875,,1666204779.9999998,,,,,W_Call_after_offer,,,,,,A,,,120412.3046875,,1666290699.0,,,,,A_DECLINED,,,,,,D,,,120412.3046875,,1666290699.0000002,,,,,0,,,,,,0,,,49805.12109375,,1661806399.9999998,,,,,0,,,,,,0,,,49805.12109375,,1661902904.0,,,,,0,,,,,,0,,,49805.12109375,,1662023352.0,,,,,0,,,,,,0,,,49805.12109375,,1662146808.0,,,,,regular
185,GEN185,17889.2265625,A_SUBMITTED,,,,,,E,,,119843.7734375,,1665204531.0,,,,,A_PARTLYSUBMITTED,,,,,,E,,,119843.7734375,,1665209562.0,,,,,W_Assess_fraud,,,,,,A,,,119843.7734375,,1665413809.0,,,,,A_PREACCEPTED,,,,,,E,,,119843.7734375,,1665423296.0,,,,,W_Complete_preaccepted_appl,,,,,,A,,,119843.7734375,,1665603545.0,,,,,W_Complete_preaccepted_appl,,,,,,A,,,119843.7734375,,1665806351.0,,,,,A_ACCEPTED,,,,,,E,,,119843.7734375,,1665814899.0,,,,,A_FINALIZED,,,,,,E,,,119843.7734375,,1665818884.0,,,,,O_SELECTED,,,,,,C,,,119843.7734375,,1665828730.0,,,,,O_CREATED,,,,,,C,,,119843.7734375,,1665837241.0,,,,,O_SENT,,,,,,C,,,119843.7734375,,1665855123.0,,,,,W_Call_after_offer,,,,,,A,,,119843.7734375,,1666103745.0,,,,,W_Call_after_offer,,,,,,A,,,119843.7734375,,1666327717.0,,,,,W_Call_after_offer,,,,,,A,,,119843.7734375,,1666551244.0,,,,,A_DECLINED,,,,,,A,,,119843.7734375,,1666624483.0,,,,,0,,,,,,0,,,49805.12109375,,1661757591.0,,,,,0,,,,,,0,,,49805.12109375,,1661806399.9999998,,,,,0,,,,,,0,,,49805.12109375,,1661902904.0,,,,,0,,,,,,0,,,49805.12109375,,1662023352.0,,,,,0,,,,,,0,,,49805.12109375,,1662146808.0,,,,,regular
186,GEN186,19608.76171875,A_SUBMITTED,,,,,,E,,,107857.671875,,1664483259.0,,,,,A_PARTLYSUBMITTED,,,,,,D,,,107857.671875,,1664498686.0,,,,,W_Assess_fraud,,,,,,A,,,107857.671875,,1664656635.0,,,,,A_PREACCEPTED,,,,,,E,,,107857.671875,,1664685100.0,,,,,W_Complete_preaccepted_appl,,,,,,A,,,107857.671875,,1664885136.0,,,,,W_Complete_preaccepted_appl,,,,,,A,,,107857.671875,,1665104333.0,,,,,W_Complete_preaccepted_appl,,,,,,A,,,107857.671875,,1665325923.0,,,,,W_Complete_preaccepted_appl,,,,,,A,,,107857.671875,,1665548406.0,,,,,W_Complete_preaccepted_appl,,,,,,A,,,107857.671875,,1665772903.0000002,,,,,W_Complete_preaccepted_appl,,,,,,A,,,107857.671875,,1665999590.0,,,,,W_Complete_preaccepted_appl,,,,,,A,,,107857.671875,,1666216381.0,,,,,A_ACCEPTED,,,,,,E,,,107857.671875,,1666275282.0,,,,,A_FINALIZED,,,,,,E,,,107857.671875,,1666283279.0,,,,,O_SELECTED,,,,,,C,,,107857.671875,,1666291632.0,,,,,O_CREATED,,,,,,C,,,107857.671875,,1666299788.0,,,,,W_Call_after_offer,,,,,,C,,,107857.671875,,1666314713.0,,,,,W_Call_after_offer,,,,,,A,,,107857.671875,,1666445888.0,,,,,W_Call_after_offer,,,,,,A,,,107857.671875,,1666603675.0,,,,,W_Call_after_offer,,,,,,A,,,107857.671875,,1666716682.0,,,,,W_Call_after_offer,,,,,,A,,,107857.671875,,1666822674.9999998,,,,,regular
187,GEN187,23451.263671875,A_SUBMITTED,,,,,,E,,,144862.515625,,1666706237.0,,,,,A_PARTLYSUBMITTED,,,,,,E,,,144862.515625,,1666715221.0,,,,,W_Assess_fraud,,,,,,A,,,144862.515625,,1666983210.0,,,,,A_PREACCEPTED,,,,,,E,,,144862.515625,,1666983210.0,,,,,W_Complete_preaccepted_appl,,,,,,A,,,144862.515625,,1667187530.0,,,,,W_Complete_preaccepted_appl,,,,,,A,,,144862.515625,,1667354469.0,,,,,W_Complete_preaccepted_appl,,,,,,A,,,144862.515625,,1667506669.9999998,,,,,W_Complete_preaccepted_appl,,,,,,A,,,144862.515625,,1667605091.0,,,,,A_ACCEPTED,,,,,,E,,,144862.515625,,1667605091.0,,,,,A_FINALIZED,,,,,,E,,,144862.515625,,1667613650.0,,,,,O_SELECTED,,,,,,C,,,144862.515625,,1667623239.0,,,,,O_CREATED,,,,,,C,,,144862.515625,,1667632594.0,,,,,O_SENT,,,,,,C,,,144862.515625,,1667642876.0,,,,,W_Call_after_offer,,,,,,A,,,144862.515625,,1667743925.0,,,,,W_Call_after_offer,,,,,,A,,,144862.515625,,1667819057.0,,,,,W_Assess_application,,,,,,A,,,144862.515625,,1667869543.9999998,,,,,W_Assess_application,,,,,,A,,,144862.515625,,1668005903.0,,,,,W_Assess_application,,,,,,A,,,144862.515625,,1668230010.0,,,,,W_Call_missing_information,,,,,,A,,,144862.515625,,1668528318.0,,,,,W_Call_missing_information,,,,,,A,,,144862.515625,,1668806428.0,,,,,regular
188,GEN188,18730.794921875,A_SUBMITTED,,,,,,E,,,127602.828125,,1665669774.0,,,,,A_PARTLYSUBMITTED,,,,,,E,,,127602.828125,,1665674969.0,,,,,W_Assess_fraud,,,,,,A,,,127602.828125,,1665879376.0,,,,,A_PREACCEPTED,,,,,,E,,,127602.828125,,1665881728.0,,,,,W_Complete_preaccepted_appl,,,,,,A,,,127602.828125,,1666107295.0,,,,,W_Complete_preaccepted_appl,,,,,,A,,,127602.828125,,1666332875.0,,,,,W_Complete_preaccepted_appl,,,,,,A,,,127602.828125,,1666569046.0,,,,,W_Complete_preaccepted_appl,,,,,,A,,,127602.828125,,1666795036.0,,,,,A_ACCEPTED,,,,,,E,,,127602.828125,,1666796565.0,,,,,A_FINALIZED,,,,,,E,,,127602.828125,,1666799091.0,,,,,O_SELECTED,,,,,,C,,,127602.828125,,1666806225.0,,,,,O_CREATED,,,,,,C,,,127602.828125,,1666813566.0,,,,,O_SENT,,,,,,C,,,127602.828125,,1666825101.0,,,,,W_Call_after_offer,,,,,,A,,,127602.828125,,1667059180.0,,,,,W_Call_after_offer,,,,,,A,,,127602.828125,,1667287246.0,,,,,W_Assess_application,,,,,,A,,,127602.828125,,1667483390.0,,,,,A_DECLINED,,,,,,D,,,127602.828125,,1667495359.0,,,,,0,,,,,,0,,,49805.12109375,,1661902904.0,,,,,0,,,,,,0,,,49805.12109375,,1662023352.0,,,,,0,,,,,,0,,,49805.12109375,,1662146808.0,,,,,regular
189,GEN189,18613.400390625,A_SUBMITTED,,,,,,E,,,124599.21875,,1665488400.0,,,,,A_PARTLYSUBMITTED,,,,,,E,,,124599.21875,,1665493512.0,,,,,W_Assess_fraud,,,,,,A,,,124599.21875,,1665681313.0,,,,,A_PREACCEPTED,,,,,,E,,,124599.21875,,1665701434.0,,,,,W_Complete_preaccepted_appl,,,,,,A,,,124599.21875,,1665872015.0,,,,,W_Complete_preaccepted_appl,,,,,,A,,,124599.21875,,1666034210.0,,,,,W_Complete_preaccepted_appl,,,,,,A,,,124599.21875,,1666217949.0,,,,,A_DECLINED,,,,,,E,,,124599.21875,,1666220951.0,,,,,0,,,,,,0,,,49805.12109375,,1661719985.0,,,,,0,,,,,,0,,,49805.12109375,,1661719985.0,,,,,0,,,,,,0,,,49805.12109375,,1661719985.0,,,,,0,,,,,,0,,,49805.12109375,,1661719985.0,,,,,0,,,,,,0,,,49805.12109375,,1661719985.0,,,,,0,,,,,,0,,,49805.12109375,,1661722831.0,,,,,0,,,,,,0,,,49805.12109375,,1661741263.0,,,,,0,,,,,,0,,,49805.12109375,,1661757591.0,,,,,0,,,,,,0,,,49805.12109375,,1661806399.9999998,,,,,0,,,,,,0,,,49805.12109375,,1661902904.0,,,,,0,,,,,,0,,,49805.12109375,,1662023352.0,,,,,0,,,,,,0,,,49805.12109375,,1662146808.0,,,,,regular
190,GEN190,18091.1875,A_SUBMITTED,,,,,,E,,,100929.2109375,,1664067013.0,,,,,A_PARTLYSUBMITTED,,,,,,E,,,100929.2109375,,1664070337.0,,,,,W_Assess_fraud,,,,,,A,,,100929.2109375,,1664232315.0,,,,,A_PREACCEPTED,,,,,,E,,,100929.2109375,,1664241024.0,,,,,W_Complete_preaccepted_appl,,,,,,A,,,100929.2109375,,1664410046.0,,,,,W_Complete_preaccepted_appl,,,,,,A,,,100929.2109375,,1664583513.0,,,,,W_Complete_preaccepted_appl,,,,,,A,,,100929.2109375,,1664747497.0,,,,,W_Complete_preaccepted_appl,,,,,,A,,,100929.2109375,,1664908103.0,,,,,W_Complete_preaccepted_appl,,,,,,A,,,100929.2109375,,1665077093.0,,,,,A_DECLINED,,,,,,D,,,100929.2109375,,1665081707.0,,,,,0,,,,,,0,,,49805.12109375,,1661719985.0,,,,,0,,,,,,0,,,49805.12109375,,1661719985.0,,,,,0,,,,,,0,,,49805.12109375,,1661719985.0,,,,,0,,,,,,0,,,49805.12109375,,1661722831.0,,,,,0,,,,,,0,,,49805.12109375,,1661741263.0,,,,,0,,,,,,0,,,49805.12109375,,1661757591.0,,,,,0,,,,,,0,,,49805.12109375,,1661806399.9999998,,,,,0,,,,,,0,,,49805.12109375,,1661902904.0,,,,,0,,,,,,0,,,49805.12109375,,1662023352.0,,,,,0,,,,,,0,,,49805.12109375,,1662146808.0,,,,,regular
191,GEN191,18265.30859375,A_SUBMITTED,,,,,,E,,,124982.625,,1665511222.0,,,,,A_PARTLYSUBMITTED,,,,,,E,,,124982.625,,1665514331.0,,,,,W_Assess_fraud,,,,,,A,,,124982.625,,1665699678.0,,,,,A_PREACCEPTED,,,,,,E,,,124982.625,,1665710091.0,,,,,W_Complete_preaccepted_appl,,,,,,A,,,124982.625,,1665904140.0,,,,,A_DECLINED,,,,,,D,,,124982.625,,1665927748.0,,,,,0,,,,,,0,,,49805.12109375,,1661454440.0,,,,,0,,,,,,0,,,49805.12109375,,1661616410.0,,,,,0,,,,,,0,,,49805.12109375,,1661719985.0,,,,,0,,,,,,0,,,49805.12109375,,1661719985.0,,,,,0,,,,,,0,,,49805.12109375,,1661719985.0,,,,,0,,,,,,0,,,49805.12109375,,1661719985.0,,,,,0,,,,,,0,,,49805.12109375,,1661719985.0,,,,,0,,,,,,0,,,49805.12109375,,1661722831.0,,,,,0,,,,,,0,,,49805.12109375,,1661741263.0,,,,,0,,,,,,0,,,49805.12109375,,1661757591.0,,,,,0,,,,,,0,,,49805.12109375,,1661806399.9999998,,,,,0,,,,,,0,,,49805.12109375,,1661902904.0,,,,,0,,,,,,0,,,49805.12109375,,1662023352.0,,,,,0,,,,,,0,,,49805.12109375,,1662146808.0,,,,,regular
192,GEN192,17834.1796875,A_SUBMITTED,,,,,,E,,,113391.1015625,,1664816060.0,,,,,A_PARTLYSUBMITTED,,,,,,E,,,113391.1015625,,1664818275.0,,,,,W_Assess_fraud,,,,,,A,,,113391.1015625,,1664980677.0,,,,,A_PREACCEPTED,,,,,,E,,,113391.1015625,,1664984632.0,,,,,W_Complete_preaccepted_appl,,,,,,A,,,113391.1015625,,1665151350.0,,,,,A_DECLINED,,,,,,E,,,113391.1015625,,1665156056.0,,,,,0,,,,,,0,,,49805.12109375,,1661454440.0,,,,,0,,,,,,0,,,49805.12109375,,1661616410.0,,,,,0,,,,,,0,,,49805.12109375,,1661719985.0,,,,,0,,,,,,0,,,49805.12109375,,1661719985.0,,,,,0,,,,,,0,,,49805.12109375,,1661719985.0,,,,,0,,,,,,0,,,49805.12109375,,1661719985.0,,,,,0,,,,,,0,,,49805.12109375,,1661719985.0,,,,,0,,,,,,0,,,49805.12109375,,1661722831.0,,,,,0,,,,,,0,,,49805.12109375,,1661741263.0,,,,,0,,,,,,0,,,49805.12109375,,1661757591.0,,,,,0,,,,,,0,,,49805.12109375,,1661806399.9999998,,,,,0,,,,,,0,,,49805.12109375,,1661902904.0,,,,,0,,,,,,0,,,49805.12109375,,1662023352.0,,,,,0,,,,,,0,,,49805.12109375,,1662146808.0,,,,,regular
193,GEN193,18980.76953125,A_SUBMITTED,,,,,,E,,,113336.734375,,1664812818.0,,,,,A_PARTLYSUBMITTED,,,,,,E,,,113336.734375,,1664814274.0,,,,,W_Assess_fraud,,,,,,A,,,113336.734375,,1664972354.0,,,,,A_PREACCEPTED,,,,,,D,,,113336.734375,,1664979075.0,,,,,W_Complete_preaccepted_appl,,,,,,A,,,113336.734375,,1665102740.0,,,,,A_DECLINED,,,,,,E,,,113336.734375,,1665103926.0,,,,,0,,,,,,0,,,49805.12109375,,1661454440.0,,,,,0,,,,,,0,,,49805.12109375,,1661616410.0,,,,,0,,,,,,0,,,49805.12109375,,1661719985.0,,,,,0,,,,,,0,,,49805.12109375,,1661719985.0,,,,,0,,,,,,0,,,49805.12109375,,1661719985.0,,,,,0,,,,,,0,,,49805.12109375,,1661719985.0,,,,,0,,,,,,0,,,49805.12109375,,1661719985.0,,,,,0,,,,,,0,,,49805.12109375,,1661722831.0,,,,,0,,,,,,0,,,49805.12109375,,1661741263.0,,,,,0,,,,,,0,,,49805.12109375,,1661757591.0,,,,,0,,,,,,0,,,49805.12109375,,1661806399.9999998,,,,,0,,,,,,0,,,49805.12109375,,1661902904.0,,,,,0,,,,,,0,,,49805.12109375,,1662023352.0,,,,,0,,,,,,0,,,49805.12109375,,1662146808.0,,,,,regular
194,GEN194,22558.66015625,A_SUBMITTED,,,,,,E,,,117549.3984375,,1665064224.0,,,,,A_PARTLYSUBMITTED,,,,,,E,,,117549.3984375,,1665064224.0,,,,,W_Assess_fraud,,,,,,A,,,117549.3984375,,1665194506.0,,,,,A_PREACCEPTED,,,,,,E,,,117549.3984375,,1665201469.0,,,,,W_Complete_preaccepted_appl,,,,,,A,,,117549.3984375,,1665334100.0,,,,,A_ACCEPTED,,,,,,E,,,117549.3984375,,1665334100.0,,,,,A_FINALIZED,,,,,,E,,,117549.3984375,,1665338102.0,,,,,O_SELECTED,,,,,,C,,,117549.3984375,,1665344835.0,,,,,O_CREATED,,,,,,C,,,117549.3984375,,1665351701.0,,,,,O_SENT,,,,,,C,,,117549.3984375,,1665362758.0,,,,,W_Call_after_offer,,,,,,A,,,117549.3984375,,1665489895.0,,,,,W_Call_after_offer,,,,,,A,,,117549.3984375,,1665587377.0,,,,,A_DECLINED,,,,,,E,,,117549.3984375,,1665595555.0,,,,,0,,,,,,0,,,49805.12109375,,1661722831.0,,,,,0,,,,,,0,,,49805.12109375,,1661741263.0,,,,,0,,,,,,0,,,49805.12109375,,1661757591.0,,,,,0,,,,,,0,,,49805.12109375,,1661806399.9999998,,,,,0,,,,,,0,,,49805.12109375,,1661902904.0,,,,,0,,,,,,0,,,49805.12109375,,1662023352.0,,,,,0,,,,,,0,,,49805.12109375,,1662146808.0,,,,,regular
195,GEN195,18802.98046875,A_SUBMITTED,,,,,,E,,,124325.8671875,,1665472672.0,,,,,A_PARTLYSUBMITTED,,,,,,E,,,124325.8671875,,1665476592.0,,,,,W_Assess_fraud,,,,,,A,,,124325.8671875,,1665666270.0,,,,,A_PREACCEPTED,,,,,,E,,,124325.8671875,,1665673502.0,,,,,W_Complete_preaccepted_appl,,,,,,A,,,124325.8671875,,1665855181.0,,,,,W_Complete_preaccepted_appl,,,,,,E,,,124325.8671875,,1665962141.0,,,,,A_DECLINED,,,,,,E,,,124325.8671875,,1665967636.9999998,,,,,0,,,,,,0,,,49805.12109375,,1661616410.0,,,,,0,,,,,,0,,,49805.12109375,,1661719985.0,,,,,0,,,,,,0,,,49805.12109375,,1661719985.0,,,,,0,,,,,,0,,,49805.12109375,,1661719985.0,,,,,0,,,,,,0,,,49805.12109375,,1661719985.0,,,,,0,,,,,,0,,,49805.12109375,,1661719985.0,,,,,0,,,,,,0,,,49805.12109375,,1661722831.0,,,,,0,,,,,,0,,,49805.12109375,,1661741263.0,,,,,0,,,,,,0,,,49805.12109375,,1661757591.0,,,,,0,,,,,,0,,,49805.12109375,,1661806399.9999998,,,,,0,,,,,,0,,,49805.12109375,,1661902904.0,,,,,0,,,,,,0,,,49805.12109375,,1662023352.0,,,,,0,,,,,,0,,,49805.12109375,,1662146808.0,,,,,regular
196,GEN196,18951.232421875,A_SUBMITTED,,,,,,E,,,117177.8671875,,1665042859.0,,,,,A_PARTLYSUBMITTED,,,,,,E,,,117177.8671875,,1665046176.0,,,,,W_Assess_fraud,,,,,,A,,,117177.8671875,,1665215108.0000002,,,,,A_PREACCEPTED,,,,,,D,,,117177.8671875,,1665217287.0,,,,,W_Complete_preaccepted_appl,,,,,,A,,,117177.8671875,,1665339925.0,,,,,A_DECLINED,,,,,,D,,,117177.8671875,,1665339925.0,,,,,0,,,,,,0,,,49805.12109375,,1661454440.0,,,,,0,,,,,,0,,,49805.12109375,,1661616410.0,,,,,0,,,,,,0,,,49805.12109375,,1661719985.0,,,,,0,,,,,,0,,,49805.12109375,,1661719985.0,,,,,0,,,,,,0,,,49805.12109375,,1661719985.0,,,,,0,,,,,,0,,,49805.12109375,,1661719985.0,,,,,0,,,,,,0,,,49805.12109375,,1661719985.0,,,,,0,,,,,,0,,,49805.12109375,,1661722831.0,,,,,0,,,,,,0,,,49805.12109375,,1661741263.0,,,,,0,,,,,,0,,,49805.12109375,,1661757591.0,,,,,0,,,,,,0,,,49805.12109375,,1661806399.9999998,,,,,0,,,,,,0,,,49805.12109375,,1661902904.0,,,,,0,,,,,,0,,,49805.12109375,,1662023352.0,,,,,0,,,,,,0,,,49805.12109375,,1662146808.0,,,,,regular
197,GEN197,18534.044921875,A_SUBMITTED,,,,,,E,,,114334.4765625,,1664874331.0,,,,,A_PARTLYSUBMITTED,,,,,,E,,,114334.4765625,,1664878495.0,,,,,W_Assess_fraud,,,,,,A,,,114334.4765625,,1665037345.0,,,,,A_PREACCEPTED,,,,,,E,,,114334.4765625,,1665037345.0,,,,,W_Complete_preaccepted_appl,,,,,,A,,,114334.4765625,,1665191999.0,,,,,W_Complete_preaccepted_appl,,,,,,A,,,114334.4765625,,1665352801.0,,,,,W_Complete_preaccepted_appl,,,,,,A,,,114334.4765625,,1665500863.0,,,,,W_Complete_preaccepted_appl,,,,,,A,,,114334.4765625,,1665641758.0,,,,,W_Complete_preaccepted_appl,,,,,,A,,,114334.4765625,,1665776511.0,,,,,W_Complete_preaccepted_appl,,,,,,A,,,114334.4765625,,1665925997.0,,,,,A_ACCEPTED,,,,,,E,,,114334.4765625,,1665925997.0,,,,,A_FINALIZED,,,,,,D,,,114334.4765625,,1665935576.0,,,,,O_SELECTED,,,,,,C,,,114334.4765625,,1665941430.0,,,,,O_CREATED,,,,,,C,,,114334.4765625,,1665947951.0,,,,,O_SENT,,,,,,C,,,114334.4765625,,1665967759.0,,,,,O_SELECTED,,,,,,C,,,114334.4765625,,1665990839.0000002,,,,,O_CREATED,,,,,,C,,,114334.4765625,,1665991138.0,,,,,O_SENT,,,,,,C,,,114334.4765625,,1665997748.0,,,,,W_Call_after_offer,,,,,,A,,,114334.4765625,,1666129637.0,,,,,W_Call_after_offer,,,,,,A,,,114334.4765625,,1666328408.0,,,,,regular
198,GEN198,18457.87890625,A_SUBMITTED,,,,,,E,,,111511.421875,,1664702007.0,,,,,A_PARTLYSUBMITTED,,,,,,E,,,111511.421875,,1664705433.0,,,,,W_Assess_fraud,,,,,,A,,,111511.421875,,1664852097.0,,,,,A_PREACCEPTED,,,,,,E,,,111511.421875,,1664863692.0,,,,,W_Complete_preaccepted_appl,,,,,,A,,,111511.421875,,1665019277.0,,,,,W_Complete_preaccepted_appl,,,,,,A,,,111511.421875,,1665173373.0,,,,,W_Complete_preaccepted_appl,,,,,,A,,,111511.421875,,1665336679.0,,,,,A_DECLINED,,,,,,E,,,111511.421875,,1665368164.0,,,,,0,,,,,,0,,,49805.12109375,,1661719985.0,,,,,0,,,,,,0,,,49805.12109375,,1661719985.0,,,,,0,,,,,,0,,,49805.12109375,,1661719985.0,,,,,0,,,,,,0,,,49805.12109375,,1661719985.0,,,,,0,,,,,,0,,,49805.12109375,,1661719985.0,,,,,0,,,,,,0,,,49805.12109375,,1661722831.0,,,,,0,,,,,,0,,,49805.12109375,,1661741263.0,,,,,0,,,,,,0,,,49805.12109375,,1661757591.0,,,,,0,,,,,,0,,,49805.12109375,,1661806399.9999998,,,,,0,,,,,,0,,,49805.12109375,,1661902904.0,,,,,0,,,,,,0,,,49805.12109375,,1662023352.0,,,,,0,,,,,,0,,,49805.12109375,,1662146808.0,,,,,regular
199,GEN199,17388.35546875,A_SUBMITTED,,,,,,E,,,132329.28125000003,,1665952800.0,,,,,A_PARTLYSUBMITTED,,,,,,E,,,132329.28125000003,,1665956162.0,,,,,W_Assess_fraud,,,,,,A,,,132329.28125000003,,1666131626.0,,,,,A_PREACCEPTED,,,,,,E,,,132329.28125000003,,1666131626.0,,,,,W_Complete_preaccepted_appl,,,,,,A,,,132329.28125000003,,1666334893.0,,,,,W_Complete_preaccepted_appl,,,,,,A,,,132329.28125000003,,1666533212.0,,,,,W_Complete_preaccepted_appl,,,,,,A,,,132329.28125000003,,1666728190.0,,,,,W_Complete_preaccepted_appl,,,,,,A,,,132329.28125000003,,1666926497.0,,,,,W_Complete_preaccepted_appl,,,,,,A,,,132329.28125000003,,1667132123.0,,,,,W_Complete_preaccepted_appl,,,,,,A,,,132329.28125000003,,1667339520.0000002,,,,,W_Complete_preaccepted_appl,,,,,,A,,,132329.28125000003,,1667469057.0,,,,,A_ACCEPTED,,,,,,E,,,132329.28125000003,,1667469057.0000002,,,,,A_FINALIZED,,,,,,D,,,132329.28125000003,,1667475392.0,,,,,O_SELECTED,,,,,,C,,,132329.28125000003,,1667481441.9999998,,,,,O_CREATED,,,,,,C,,,132329.28125000003,,1667489875.0,,,,,O_SENT,,,,,,C,,,132329.28125000003,,1667493391.9999998,,,,,O_SELECTED,,,,,,C,,,132329.28125000003,,1667506357.9999998,,,,,O_CREATED,,,,,,C,,,132329.28125000003,,1667506358.0000002,,,,,O_SENT,,,,,,C,,,132329.28125000003,,1667534560.0,,,,,W_Call_after_offer,,,,,,A,,,132329.28125000003,,1667710366.0,,,,,regular
200,GEN200,17903.80859375,A_SUBMITTED,,,,,,E,,,117654.953125,,1665071381.0,,,,,A_PARTLYSUBMITTED,,,,,,E,,,117654.953125,,1665075370.0,,,,,W_Assess_fraud,,,,,,A,,,117654.953125,,1665237767.0,,,,,A_PREACCEPTED,,,,,,E,,,117654.953125,,1665246597.0,,,,,W_Complete_preaccepted_appl,,,,,,A,,,117654.953125,,1665412139.0,,,,,W_Complete_preaccepted_appl,,,,,,A,,,117654.953125,,1665572734.0,,,,,W_Complete_preaccepted_appl,,,,,,A,,,117654.953125,,1665751039.0,,,,,W_Complete_preaccepted_appl,,,,,,A,,,117654.953125,,1665863231.0,,,,,A_DECLINED,,,,,,E,,,117654.953125,,1665871374.0,,,,,0,,,,,,0,,,49805.12109375,,1661719985.0,,,,,0,,,,,,0,,,49805.12109375,,1661719985.0,,,,,0,,,,,,0,,,49805.12109375,,1661719985.0,,,,,0,,,,,,0,,,49805.12109375,,1661719985.0,,,,,0,,,,,,0,,,49805.12109375,,1661722831.0,,,,,0,,,,,,0,,,49805.12109375,,1661741263.0,,,,,0,,,,,,0,,,49805.12109375,,1661757591.0,,,,,0,,,,,,0,,,49805.12109375,,1661806399.9999998,,,,,0,,,,,,0,,,49805.12109375,,1661902904.0,,,,,0,,,,,,0,,,49805.12109375,,1662023352.0,,,,,0,,,,,,0,,,49805.12109375,,1662146808.0,,,,,regular
201,GEN201,20871.974609375,A_SUBMITTED,,,,,,E,,,127116.921875,,1665642195.0,,,,,A_PARTLYSUBMITTED,,,,,,D,,,127116.921875,,1665643958.0,,,,,W_Assess_fraud,,,,,,A,,,127116.921875,,1665844681.0,,,,,A_PREACCEPTED,,,,,,E,,,127116.921875,,1665864306.0,,,,,W_Complete_preaccepted_appl,,,,,,A,,,127116.921875,,1666079188.0,,,,,W_Complete_preaccepted_appl,,,,,,A,,,127116.921875,,1666326825.0,,,,,W_Complete_preaccepted_appl,,,,,,A,,,127116.921875,,1666589229.0,,,,,A_ACCEPTED,,,,,,E,,,127116.921875,,1666589229.0,,,,,A_FINALIZED,,,,,,E,,,127116.921875,,1666591747.0,,,,,O_SELECTED,,,,,,C,,,127116.921875,,1666599356.0,,,,,O_CREATED,,,,,,C,,,127116.921875,,1666607428.0,,,,,O_SENT,,,,,,C,,,127116.921875,,1666617985.0,,,,,W_Call_after_offer,,,,,,A,,,127116.921875,,1666776160.0000002,,,,,W_Call_after_offer,,,,,,C,,,127116.921875,,1666898050.0,,,,,O_CREATED,,,,,,C,,,127116.921875,,1666950363.0,,,,,O_SENT,,,,,,C,,,127116.921875,,1667013626.0,,,,,O_SENT,,,,,,A,,,127116.921875,,1667072376.0,,,,,O_SELECTED,,,,,,C,,,127116.921875,,1667126188.0,,,,,O_CREATED,,,,,,C,,,127116.921875,,1667165260.0,,,,,O_SENT,,,,,,C,,,127116.921875,,1667268939.0,,,,,regular
202,GEN202,17059.935546875,A_SUBMITTED,,,,,,E,,,109049.40625,,1664555432.0,,,,,A_PARTLYSUBMITTED,,,,,,E,,,109049.40625,,1664559770.0,,,,,W_Assess_fraud,,,,,,A,,,109049.40625,,1664701953.0,,,,,A_PREACCEPTED,,,,,,E,,,109049.40625,,1664728390.0000002,,,,,W_Complete_preaccepted_appl,,,,,,A,,,109049.40625,,1664828475.0,,,,,W_Complete_preaccepted_appl,,,,,,A,,,109049.40625,,1664931904.0,,,,,A_ACCEPTED,,,,,,D,,,109049.40625,,1664931904.0,,,,,A_FINALIZED,,,,,,D,,,109049.40625,,1664938984.0,,,,,O_SELECTED,,,,,,C,,,109049.40625,,1664945476.0,,,,,O_CREATED,,,,,,C,,,109049.40625,,1664952108.0,,,,,O_SENT,,,,,,C,,,109049.40625,,1664963382.0,,,,,W_Call_after_offer,,,,,,A,,,109049.40625,,1665081483.0,,,,,W_Call_after_offer,,,,,,A,,,109049.40625,,1665206766.0,,,,,W_Call_after_offer,,,,,,A,,,109049.40625,,1665345191.0,,,,,W_Call_after_offer,,,,,,A,,,109049.40625,,1665474511.0,,,,,W_Call_after_offer,,,,,,A,,,109049.40625,,1665602125.0,,,,,W_Call_after_offer,,,,,,A,,,109049.40625,,1665676174.0,,,,,A_DECLINED,,,,,,E,,,109049.40625,,1665676174.0,,,,,0,,,,,,0,,,49805.12109375,,1662023352.0,,,,,0,,,,,,0,,,49805.12109375,,1662146808.0,,,,,regular
203,GEN203,15647.80859375,A_SUBMITTED,,,,,,E,,,154585.890625,,1667288570.0,,,,,A_PARTLYSUBMITTED,,,,,,E,,,154585.890625,,1667290852.0,,,,,W_Assess_fraud,,,,,,A,,,154585.890625,,1667408360.0,,,,,A_PREACCEPTED,,,,,,E,,,154585.890625,,1667408360.0,,,,,W_Complete_preaccepted_appl,,,,,,A,,,154585.890625,,1667408360.0,,,,,W_Complete_preaccepted_appl,,,,,,A,,,154585.890625,,1667408360.0,,,,,W_Complete_preaccepted_appl,,,,,,A,,,154585.890625,,1667408360.0,,,,,W_Complete_preaccepted_appl,,,,,,A,,,154585.890625,,1667408360.0,,,,,A_ACCEPTED,,,,,,A,,,154585.890625,,1667408360.0,,,,,A_FINALIZED,,,,,,E,,,154585.890625,,1667420022.0000002,,,,,O_SELECTED,,,,,,C,,,154585.890625,,1667427786.0,,,,,O_CREATED,,,,,,C,,,154585.890625,,1667443090.0,,,,,O_SENT,,,,,,C,,,154585.890625,,1667473217.0,,,,,W_Call_after_offer,,,,,,A,,,154585.890625,,1667558452.0,,,,,O_SENT_BACK,,,,,,A,,,154585.890625,,1667620693.0,,,,,W_Assess_application,,,,,,A,,,154585.890625,,1667690133.0,,,,,W_Assess_application,,,,,,A,,,154585.890625,,1667754744.0,,,,,W_Assess_application,,,,,,A,,,154585.890625,,1667817311.0,,,,,W_Assess_application,,,,,,A,,,154585.890625,,1667892556.0,,,,,W_Call_missing_information,,,,,,A,,,154585.890625,,1667987590.0,,,,,regular
204,GEN204,18779.611328125,A_SUBMITTED,,,,,,E,,,104878.7578125,,1664303986.0,,,,,A_PARTLYSUBMITTED,,,,,,E,,,104878.7578125,,1664303986.0,,,,,W_Assess_fraud,,,,,,A,,,104878.7578125,,1664449714.0,,,,,A_PREACCEPTED,,,,,,E,,,104878.7578125,,1664454044.0,,,,,W_Complete_preaccepted_appl,,,,,,A,,,104878.7578125,,1664599307.0,,,,,W_Complete_preaccepted_appl,,,,,,A,,,104878.7578125,,1664740942.0,,,,,W_Complete_preaccepted_appl,,,,,,A,,,104878.7578125,,1664879267.0,,,,,W_Complete_preaccepted_appl,,,,,,A,,,104878.7578125,,1665018585.0,,,,,A_ACCEPTED,,,,,,E,,,104878.7578125,,1665130247.0,,,,,A_FINALIZED,,,,,,E,,,104878.7578125,,1665201095.0,,,,,O_SELECTED,,,,,,C,,,104878.7578125,,1665218116.0,,,,,O_CREATED,,,,,,C,,,104878.7578125,,1665233157.9999998,,,,,O_SENT,,,,,,C,,,104878.7578125,,1665236599.0,,,,,W_Call_after_offer,,,,,,A,,,104878.7578125,,1665330634.0,,,,,W_Call_after_offer,,,,,,A,,,104878.7578125,,1665432388.0,,,,,W_Assess_application,,,,,,A,,,104878.7578125,,1665596851.0000002,,,,,W_Assess_application,,,,,,A,,,104878.7578125,,1665743492.0,,,,,W_Assess_application,,,,,,A,,,104878.7578125,,1665950633.0,,,,,W_Call_missing_information,,,,,,A,,,104878.7578125,,1666146758.0,,,,,A_DECLINED,,,,,,E,,,104878.7578125,,1666242926.0,,,,,regular
205,GEN205,18047.19921875,A_SUBMITTED,,,,,,E,,,126467.578125,,1665600410.0,,,,,A_PARTLYSUBMITTED,,,,,,E,,,126467.578125,,1665604709.0,,,,,W_Assess_fraud,,,,,,A,,,126467.578125,,1665751480.0,,,,,A_PREACCEPTED,,,,,,E,,,126467.578125,,1665759740.0,,,,,W_Complete_preaccepted_appl,,,,,,A,,,126467.578125,,1665910272.0,,,,,W_Complete_preaccepted_appl,,,,,,A,,,126467.578125,,1666071082.0,,,,,W_Complete_preaccepted_appl,,,,,,A,,,126467.578125,,1666229593.0,,,,,W_Complete_preaccepted_appl,,,,,,A,,,126467.578125,,1666383458.0,,,,,A_ACCEPTED,,,,,,D,,,126467.578125,,1666383458.0,,,,,A_FINALIZED,,,,,,D,,,126467.578125,,1666388967.0000002,,,,,O_SELECTED,,,,,,C,,,126467.578125,,1666395197.0,,,,,O_CREATED,,,,,,C,,,126467.578125,,1666406155.0,,,,,O_SENT,,,,,,C,,,126467.578125,,1666423168.0,,,,,W_Call_after_offer,,,,,,A,,,126467.578125,,1666584192.0,,,,,W_Call_after_offer,,,,,,A,,,126467.578125,,1666744146.0,,,,,W_Call_after_offer,,,,,,A,,,126467.578125,,1666949020.0000002,,,,,W_Call_after_offer,,,,,,A,,,126467.578125,,1667208644.0,,,,,W_Call_after_offer,,,,,,A,,,126467.578125,,1667304548.0,,,,,A_DECLINED,,,,,,E,,,126467.578125,,1667304548.0,,,,,0,,,,,,0,,,49805.12109375,,1662146808.0,,,,,regular
206,GEN206,22447.951171875,A_SUBMITTED,,,,,,E,,,138180.8125,,1666305900.0,,,,,A_PARTLYSUBMITTED,,,,,,E,,,138180.8125,,1666313668.0,,,,,W_Assess_fraud,,,,,,A,,,138180.8125,,1666502563.0,,,,,A_PREACCEPTED,,,,,,E,,,138180.8125,,1666528005.0,,,,,W_Complete_preaccepted_appl,,,,,,A,,,138180.8125,,1666758385.0,,,,,W_Complete_preaccepted_appl,,,,,,A,,,138180.8125,,1667030496.0,,,,,W_Complete_preaccepted_appl,,,,,,A,,,138180.8125,,1667293631.0,,,,,W_Complete_preaccepted_appl,,,,,,A,,,138180.8125,,1667542344.0,,,,,A_ACCEPTED,,,,,,D,,,138180.8125,,1667542344.0,,,,,A_FINALIZED,,,,,,E,,,138180.8125,,1667548508.0,,,,,O_SELECTED,,,,,,C,,,138180.8125,,1667556411.0,,,,,O_CREATED,,,,,,C,,,138180.8125,,1667566056.0,,,,,O_SENT,,,,,,C,,,138180.8125,,1667579066.0,,,,,O_SELECTED,,,,,,C,,,138180.8125,,1667678677.0,,,,,O_CREATED,,,,,,C,,,138180.8125,,1667698146.0,,,,,O_SENT,,,,,,C,,,138180.8125,,1667723814.0,,,,,W_Call_after_offer,,,,,,A,,,138180.8125,,1667839559.0,,,,,W_Call_after_offer,,,,,,A,,,138180.8125,,1667978786.0,,,,,W_Call_after_offer,,,,,,C,,,138180.8125,,1668188416.0,,,,,W_Call_after_offer,,,,,,A,,,138180.8125,,1668398238.9999998,,,,,regular
207,GEN207,16655.38671875,A_SUBMITTED,,,,,,D,,,129191.0390625,,1665762723.0,,,,,A_PARTLYSUBMITTED,,,,,,D,,,129191.0390625,,1665773226.0,,,,,W_Assess_fraud,,,,,,A,,,129191.0390625,,1665930640.0,,,,,A_PREACCEPTED,,,,,,E,,,129191.0390625,,1665940469.0,,,,,W_Complete_preaccepted_appl,,,,,,A,,,129191.0390625,,1666158896.0,,,,,A_ACCEPTED,,,,,,E,,,129191.0390625,,1666168003.0,,,,,A_FINALIZED,,,,,,D,,,129191.0390625,,1666175675.0,,,,,O_SELECTED,,,,,,C,,,129191.0390625,,1666182539.0,,,,,O_CREATED,,,,,,C,,,129191.0390625,,1666194636.0,,,,,O_SENT,,,,,,C,,,129191.0390625,,1666206125.0,,,,,O_SELECTED,,,,,,C,,,129191.0390625,,1666222811.0,,,,,O_CREATED,,,,,,C,,,129191.0390625,,1666222811.0,,,,,O_SENT,,,,,,C,,,129191.0390625,,1666222811.0,,,,,W_Call_after_offer,,,,,,C,,,129191.0390625,,1666262152.0,,,,,W_Call_after_offer,,,,,,A,,,129191.0390625,,1666360719.0,,,,,W_Call_after_offer,,,,,,A,,,129191.0390625,,1666557948.0,,,,,W_Call_after_offer,,,,,,A,,,129191.0390625,,1666764091.0,,,,,W_Call_after_offer,,,,,,A,,,129191.0390625,,1666863305.0,,,,,A_DECLINED,,,,,,E,,,129191.0390625,,1666864964.0,,,,,0,,,,,,0,,,49805.12109375,,1662146808.0,,,,,regular
208,GEN208,18703.3203125,A_SUBMITTED,,,,,,E,,,132911.23437500003,,1665985935.0,,,,,A_PARTLYSUBMITTED,,,,,,E,,,132911.23437500003,,1665989559.0,,,,,W_Assess_fraud,,,,,,A,,,132911.23437500003,,1666189501.0,,,,,A_PREACCEPTED,,,,,,E,,,132911.23437500003,,1666198972.0,,,,,W_Complete_preaccepted_appl,,,,,,A,,,132911.23437500003,,1666390868.0,,,,,A_CANCELLED,,,,,,D,,,132911.23437500003,,1666402827.0,,,,,0,,,,,,0,,,49805.12109375,,1661454440.0,,,,,0,,,,,,0,,,49805.12109375,,1661616410.0,,,,,0,,,,,,0,,,49805.12109375,,1661719985.0,,,,,0,,,,,,0,,,49805.12109375,,1661719985.0,,,,,0,,,,,,0,,,49805.12109375,,1661719985.0,,,,,0,,,,,,0,,,49805.12109375,,1661719985.0,,,,,0,,,,,,0,,,49805.12109375,,1661719985.0,,,,,0,,,,,,0,,,49805.12109375,,1661722831.0,,,,,0,,,,,,0,,,49805.12109375,,1661741263.0,,,,,0,,,,,,0,,,49805.12109375,,1661757591.0,,,,,0,,,,,,0,,,49805.12109375,,1661806399.9999998,,,,,0,,,,,,0,,,49805.12109375,,1661902904.0,,,,,0,,,,,,0,,,49805.12109375,,1662023352.0,,,,,0,,,,,,0,,,49805.12109375,,1662146808.0,,,,,regular
209,GEN209,13391.4150390625,A_SUBMITTED,,,,,,E,,,110988.734375,,1664676744.0,,,,,A_PARTLYSUBMITTED,,,,,,E,,,110988.734375,,1664676744.0,,,,,W_Assess_fraud,,,,,,A,,,110988.734375,,1664776713.0,,,,,A_PREACCEPTED,,,,,,E,,,110988.734375,,1664776713.0,,,,,W_Complete_preaccepted_appl,,,,,,A,,,110988.734375,,1664813313.0,,,,,A_ACCEPTED,,,,,,E,,,110988.734375,,1664813313.0,,,,,A_FINALIZED,,,,,,E,,,110988.734375,,1664813313.0,,,,,O_SELECTED,,,,,,C,,,110988.734375,,1664813313.0,,,,,O_CREATED,,,,,,C,,,110988.734375,,1664813313.0,,,,,O_SENT,,,,,,C,,,110988.734375,,1664813313.0,,,,,W_Call_after_offer,,,,,,A,,,110988.734375,,1664938108.0,,,,,W_Call_after_offer,,,,,,A,,,110988.734375,,1665063865.0000002,,,,,W_Call_after_offer,,,,,,A,,,110988.734375,,1665197842.0,,,,,W_Call_after_offer,,,,,,A,,,110988.734375,,1665345219.0000002,,,,,W_Call_after_offer,,,,,,A,,,110988.734375,,1665481640.0,,,,,W_Call_after_offer,,,,,,A,,,110988.734375,,1665604572.0,,,,,W_Call_after_offer,,,,,,A,,,110988.734375,,1665693077.0,,,,,W_Call_after_offer,,,,,,A,,,110988.734375,,1665751069.0,,,,,O_SELECTED,,,,,,A,,,110988.734375,,1665786384.0,,,,,O_CREATED,,,,,,C,,,110988.734375,,1665821817.0,,,,,regular
210,GEN210,15705.3564453125,A_SUBMITTED,,,,,,E,,,111919.4609375,,1664728950.0,,,,,A_PARTLYSUBMITTED,,,,,,E,,,111919.4609375,,1664732180.0,,,,,W_Assess_fraud,,,,,,A,,,111919.4609375,,1664885401.0,,,,,A_PREACCEPTED,,,,,,E,,,111919.4609375,,1664906266.0,,,,,W_Complete_preaccepted_appl,,,,,,A,,,111919.4609375,,1665034938.0,,,,,W_Complete_preaccepted_appl,,,,,,A,,,111919.4609375,,1665212982.0,,,,,W_Complete_preaccepted_appl,,,,,,A,,,111919.4609375,,1665368443.0000002,,,,,A_ACCEPTED,,,,,,E,,,111919.4609375,,1665373367.0,,,,,A_FINALIZED,,,,,,C,,,111919.4609375,,1665379178.0000002,,,,,O_SELECTED,,,,,,C,,,111919.4609375,,1665388319.0,,,,,O_CREATED,,,,,,C,,,111919.4609375,,1665402073.0,,,,,O_SENT,,,,,,A,,,111919.4609375,,1665448379.0,,,,,W_Call_after_offer,,,,,,A,,,111919.4609375,,1665792963.0,,,,,W_Call_after_offer,,,,,,A,,,111919.4609375,,1666042155.0,,,,,O_SELECTED,,,,,,C,,,111919.4609375,,1666062747.0,,,,,O_CREATED,,,,,,C,,,111919.4609375,,1666062747.0,,,,,O_SENT,,,,,,C,,,111919.4609375,,1666097489.0,,,,,W_Call_after_offer,,,,,,A,,,111919.4609375,,1666374901.0,,,,,A_DECLINED,,,,,,D,,,111919.4609375,,1666378458.9999998,,,,,0,,,,,,0,,,49805.12109375,,1662146808.0,,,,,regular
211,GEN211,15114.048828125,A_SUBMITTED,,,,,,D,,,110955.921875,,1664669198.0,,,,,A_PARTLYSUBMITTED,,,,,,D,,,110955.921875,,1664672774.0,,,,,W_Assess_fraud,,,,,,A,,,110955.921875,,1664853026.0,,,,,A_PREACCEPTED,,,,,,D,,,110955.921875,,1664853533.0,,,,,W_Complete_preaccepted_appl,,,,,,A,,,110955.921875,,1665027079.0,,,,,A_ACCEPTED,,,,,,E,,,110955.921875,,1665027642.0,,,,,A_FINALIZED,,,,,,E,,,110955.921875,,1665033209.0000002,,,,,O_SELECTED,,,,,,C,,,110955.921875,,1665041430.0,,,,,O_CREATED,,,,,,C,,,110955.921875,,1665049353.0,,,,,O_SENT,,,,,,C,,,110955.921875,,1665058572.0,,,,,W_Call_after_offer,,,,,,A,,,110955.921875,,1665102825.0,,,,,W_Call_after_offer,,,,,,C,,,110955.921875,,1665131997.0,,,,,O_CREATED,,,,,,C,,,110955.921875,,1665160782.0,,,,,O_SENT,,,,,,C,,,110955.921875,,1665248716.0,,,,,W_Call_after_offer,,,,,,A,,,110955.921875,,1665395088.0,,,,,W_Call_after_offer,,,,,,A,,,110955.921875,,1665506491.0,,,,,O_SELECTED,,,,,,C,,,110955.921875,,1665551998.0,,,,,O_CREATED,,,,,,C,,,110955.921875,,1665557357.0,,,,,O_SENT,,,,,,C,,,110955.921875,,1665582361.0,,,,,W_Call_after_offer,,,,,,A,,,110955.921875,,1665712987.0,,,,,regular
212,GEN212,20457.83984375,A_SUBMITTED,,,,,,E,,,113694.9296875,,1664832956.0,,,,,A_PARTLYSUBMITTED,,,,,,E,,,113694.9296875,,1664834269.0,,,,,W_Assess_fraud,,,,,,A,,,113694.9296875,,1665000689.0,,,,,A_PREACCEPTED,,,,,,E,,,113694.9296875,,1665028054.0,,,,,W_Complete_preaccepted_appl,,,,,,A,,,113694.9296875,,1665204930.9999998,,,,,W_Complete_preaccepted_appl,,,,,,A,,,113694.9296875,,1665385587.0,,,,,W_Complete_preaccepted_appl,,,,,,A,,,113694.9296875,,1665571452.0,,,,,W_Complete_preaccepted_appl,,,,,,A,,,113694.9296875,,1665772947.0,,,,,A_ACCEPTED,,,,,,D,,,113694.9296875,,1665783543.9999998,,,,,A_FINALIZED,,,,,,D,,,113694.9296875,,1665787523.0,,,,,O_SELECTED,,,,,,C,,,113694.9296875,,1665795077.0,,,,,O_CREATED,,,,,,C,,,113694.9296875,,1665803888.0,,,,,O_SENT,,,,,,C,,,113694.9296875,,1665819759.0,,,,,W_Call_after_offer,,,,,,A,,,113694.9296875,,1665975344.0000002,,,,,A_DECLINED,,,,,,E,,,113694.9296875,,1665975344.0,,,,,0,,,,,,0,,,49805.12109375,,1661757591.0,,,,,0,,,,,,0,,,49805.12109375,,1661806399.9999998,,,,,0,,,,,,0,,,49805.12109375,,1661902904.0,,,,,0,,,,,,0,,,49805.12109375,,1662023352.0,,,,,0,,,,,,0,,,49805.12109375,,1662146808.0,,,,,regular
213,GEN213,17620.1328125,A_SUBMITTED,,,,,,E,,,108978.171875,,1664549951.0,,,,,A_PARTLYSUBMITTED,,,,,,E,,,108978.171875,,1664553149.0,,,,,W_Assess_fraud,,,,,,A,,,108978.171875,,1664713343.0,,,,,A_PREACCEPTED,,,,,,E,,,108978.171875,,1664726166.0,,,,,W_Complete_preaccepted_appl,,,,,,A,,,108978.171875,,1664899400.0,,,,,W_Complete_preaccepted_appl,,,,,,A,,,108978.171875,,1665070491.0,,,,,W_Complete_preaccepted_appl,,,,,,A,,,108978.171875,,1665240103.0,,,,,W_Complete_preaccepted_appl,,,,,,A,,,108978.171875,,1665426837.0,,,,,W_Complete_preaccepted_appl,,,,,,A,,,108978.171875,,1665536753.0,,,,,A_DECLINED,,,,,,D,,,108978.171875,,1665545953.0,,,,,0,,,,,,0,,,49805.12109375,,1661719985.0,,,,,0,,,,,,0,,,49805.12109375,,1661719985.0,,,,,0,,,,,,0,,,49805.12109375,,1661719985.0,,,,,0,,,,,,0,,,49805.12109375,,1661722831.0,,,,,0,,,,,,0,,,49805.12109375,,1661741263.0,,,,,0,,,,,,0,,,49805.12109375,,1661757591.0,,,,,0,,,,,,0,,,49805.12109375,,1661806399.9999998,,,,,0,,,,,,0,,,49805.12109375,,1661902904.0,,,,,0,,,,,,0,,,49805.12109375,,1662023352.0,,,,,0,,,,,,0,,,49805.12109375,,1662146808.0,,,,,regular
214,GEN214,23633.4296875,A_SUBMITTED,,,,,,E,,,131866.78125000003,,1665924170.0,,,,,A_PARTLYSUBMITTED,,,,,,E,,,131866.78125000003,,1665929213.0,,,,,W_Assess_fraud,,,,,,A,,,131866.78125000003,,1666136178.0,,,,,A_PREACCEPTED,,,,,,E,,,131866.78125000003,,1666136178.0,,,,,W_Complete_preaccepted_appl,,,,,,A,,,131866.78125000003,,1666226204.0,,,,,W_Complete_preaccepted_appl,,,,,,A,,,131866.78125000003,,1666287401.0,,,,,W_Complete_preaccepted_appl,,,,,,A,,,131866.78125000003,,1666331027.0000002,,,,,W_Complete_preaccepted_appl,,,,,,A,,,131866.78125000003,,1666411595.0,,,,,A_ACCEPTED,,,,,,E,,,131866.78125000003,,1666427301.0,,,,,A_FINALIZED,,,,,,E,,,131866.78125000003,,1666435251.0,,,,,O_SELECTED,,,,,,C,,,131866.78125000003,,1666445528.0,,,,,O_CREATED,,,,,,C,,,131866.78125000003,,1666454983.0,,,,,O_SENT,,,,,,C,,,131866.78125000003,,1666465685.0,,,,,W_Call_after_offer,,,,,,C,,,131866.78125000003,,1666502365.0,,,,,W_Call_after_offer,,,,,,C,,,131866.78125000003,,1666536278.0,,,,,W_Call_after_offer,,,,,,C,,,131866.78125000003,,1666565702.0,,,,,W_Call_after_offer,,,,,,A,,,131866.78125000003,,1666634284.0,,,,,W_Call_after_offer,,,,,,A,,,131866.78125000003,,1666749945.0,,,,,W_Call_after_offer,,,,,,A,,,131866.78125000003,,1666920290.0,,,,,W_Call_after_offer,,,,,,A,,,131866.78125000003,,1667101233.0,,,,,regular
215,GEN215,21321.591796875,A_SUBMITTED,,,,,,E,,,107401.9765625,,1664456690.0,,,,,A_PARTLYSUBMITTED,,,,,,E,,,107401.9765625,,1664456690.0,,,,,W_Assess_fraud,,,,,,A,,,107401.9765625,,1664652056.0,,,,,A_PREACCEPTED,,,,,,E,,,107401.9765625,,1664657475.0,,,,,W_Complete_preaccepted_appl,,,,,,A,,,107401.9765625,,1664743547.0,,,,,W_Complete_preaccepted_appl,,,,,,A,,,107401.9765625,,1664836066.9999998,,,,,W_Complete_preaccepted_appl,,,,,,A,,,107401.9765625,,1664927875.0,,,,,W_Complete_preaccepted_appl,,,,,,A,,,107401.9765625,,1665048799.0000002,,,,,A_ACCEPTED,,,,,,E,,,107401.9765625,,1665065337.0,,,,,A_FINALIZED,,,,,,E,,,107401.9765625,,1665070385.0,,,,,O_SELECTED,,,,,,C,,,107401.9765625,,1665079660.0,,,,,O_CREATED,,,,,,C,,,107401.9765625,,1665088633.0,,,,,O_SENT,,,,,,C,,,107401.9765625,,1665099299.0,,,,,W_Call_after_offer,,,,,,C,,,107401.9765625,,1665150592.0,,,,,O_CREATED,,,,,,C,,,107401.9765625,,1665179213.0,,,,,O_SENT,,,,,,C,,,107401.9765625,,1665211053.0,,,,,O_CREATED,,,,,,C,,,107401.9765625,,1665256197.0,,,,,O_SENT,,,,,,C,,,107401.9765625,,1665304890.0,,,,,W_Call_after_offer,,,,,,C,,,107401.9765625,,1665427837.0,,,,,W_Call_after_offer,,,,,,A,,,107401.9765625,,1665539777.0,,,,,regular
216,GEN216,17835.92578125,A_SUBMITTED,,,,,,E,,,119723.8828125,,1665195962.0,,,,,A_PARTLYSUBMITTED,,,,,,E,,,119723.8828125,,1665198770.0,,,,,W_Assess_fraud,,,,,,A,,,119723.8828125,,1665365060.0,,,,,A_PREACCEPTED,,,,,,D,,,119723.8828125,,1665370970.0,,,,,W_Complete_preaccepted_appl,,,,,,A,,,119723.8828125,,1665555471.0,,,,,A_DECLINED,,,,,,D,,,119723.8828125,,1665595576.0,,,,,0,,,,,,0,,,49805.12109375,,1661454440.0,,,,,0,,,,,,0,,,49805.12109375,,1661616410.0,,,,,0,,,,,,0,,,49805.12109375,,1661719985.0,,,,,0,,,,,,0,,,49805.12109375,,1661719985.0,,,,,0,,,,,,0,,,49805.12109375,,1661719985.0,,,,,0,,,,,,0,,,49805.12109375,,1661719985.0,,,,,0,,,,,,0,,,49805.12109375,,1661719985.0,,,,,0,,,,,,0,,,49805.12109375,,1661722831.0,,,,,0,,,,,,0,,,49805.12109375,,1661741263.0,,,,,0,,,,,,0,,,49805.12109375,,1661757591.0,,,,,0,,,,,,0,,,49805.12109375,,1661806399.9999998,,,,,0,,,,,,0,,,49805.12109375,,1661902904.0,,,,,0,,,,,,0,,,49805.12109375,,1662023352.0,,,,,0,,,,,,0,,,49805.12109375,,1662146808.0,,,,,regular
217,GEN217,14682.7333984375,A_SUBMITTED,,,,,,E,,,131621.68750000003,,1665910522.0,,,,,A_PARTLYSUBMITTED,,,,,,E,,,131621.68750000003,,1665916133.0,,,,,W_Assess_fraud,,,,,,A,,,131621.68750000003,,1666104985.0,,,,,A_PREACCEPTED,,,,,,E,,,131621.68750000003,,1666104985.0,,,,,W_Complete_preaccepted_appl,,,,,,A,,,131621.68750000003,,1666301645.0,,,,,A_ACCEPTED,,,,,,E,,,131621.68750000003,,1666304956.0,,,,,A_FINALIZED,,,,,,E,,,131621.68750000003,,1666321756.0,,,,,O_SELECTED,,,,,,C,,,131621.68750000003,,1666331937.0,,,,,O_CREATED,,,,,,C,,,131621.68750000003,,1666336363.0,,,,,O_SENT,,,,,,C,,,131621.68750000003,,1666351512.0,,,,,W_Call_after_offer,,,,,,A,,,131621.68750000003,,1666590567.0,,,,,W_Call_after_offer,,,,,,A,,,131621.68750000003,,1666787287.0,,,,,W_Call_after_offer,,,,,,A,,,131621.68750000003,,1666944960.0,,,,,W_Call_after_offer,,,,,,A,,,131621.68750000003,,1667160138.0,,,,,W_Call_after_offer,,,,,,A,,,131621.68750000003,,1667401372.0,,,,,W_Call_after_offer,,,,,,A,,,131621.68750000003,,1667595452.0000002,,,,,W_Call_after_offer,,,,,,A,,,131621.68750000003,,1667779840.0,,,,,W_Call_after_offer,,,,,,A,,,131621.68750000003,,1667969124.0,,,,,W_Call_after_offer,,,,,,A,,,131621.68750000003,,1668174881.0,,,,,W_Call_after_offer,,,,,,A,,,131621.68750000003,,1668425450.0,,,,,regular
218,GEN218,18805.6640625,A_SUBMITTED,,,,,,E,,,123812.546875,,1665441933.0,,,,,A_PARTLYSUBMITTED,,,,,,E,,,123812.546875,,1665445352.0,,,,,W_Assess_fraud,,,,,,A,,,123812.546875,,1665622892.0,,,,,A_PREACCEPTED,,,,,,E,,,123812.546875,,1665622914.0,,,,,W_Complete_preaccepted_appl,,,,,,A,,,123812.546875,,1665786189.0,,,,,W_Complete_preaccepted_appl,,,,,,A,,,123812.546875,,1665931118.0,,,,,W_Complete_preaccepted_appl,,,,,,A,,,123812.546875,,1666076919.0,,,,,W_Complete_preaccepted_appl,,,,,,A,,,123812.546875,,1666238227.0,,,,,W_Complete_preaccepted_appl,,,,,,A,,,123812.546875,,1666412057.0,,,,,A_ACCEPTED,,,,,,D,,,123812.546875,,1666412541.0,,,,,A_FINALIZED,,,,,,E,,,123812.546875,,1666419346.0,,,,,O_SELECTED,,,,,,C,,,123812.546875,,1666425776.0,,,,,O_CREATED,,,,,,C,,,123812.546875,,1666433146.0000002,,,,,O_SENT,,,,,,C,,,123812.546875,,1666450165.0,,,,,W_Call_after_offer,,,,,,A,,,123812.546875,,1666625836.0000002,,,,,W_Call_after_offer,,,,,,A,,,123812.546875,,1666793233.0,,,,,W_Call_after_offer,,,,,,A,,,123812.546875,,1666903822.0000002,,,,,W_Call_after_offer,,,,,,A,,,123812.546875,,1667062541.0,,,,,W_Call_after_offer,,,,,,D,,,123812.546875,,1667146351.0000002,,,,,A_DECLINED,,,,,,D,,,123812.546875,,1667148577.0,,,,,regular
219,GEN219,15857.184570312502,A_SUBMITTED,,,,,,E,,,125085.921875,,1665519083.0,,,,,A_PARTLYSUBMITTED,,,,,,E,,,125085.921875,,1665523500.0,,,,,W_Assess_fraud,,,,,,A,,,125085.921875,,1665693742.0,,,,,A_PREACCEPTED,,,,,,E,,,125085.921875,,1665700132.0,,,,,W_Complete_preaccepted_appl,,,,,,A,,,125085.921875,,1665902531.0,,,,,W_Complete_preaccepted_appl,,,,,,A,,,125085.921875,,1666115122.0,,,,,W_Complete_preaccepted_appl,,,,,,A,,,125085.921875,,1666338660.0,,,,,A_ACCEPTED,,,,,,E,,,125085.921875,,1666338660.0,,,,,A_FINALIZED,,,,,,E,,,125085.921875,,1666343158.9999998,,,,,O_SELECTED,,,,,,C,,,125085.921875,,1666351430.0,,,,,O_CREATED,,,,,,C,,,125085.921875,,1666359574.0,,,,,O_SENT,,,,,,C,,,125085.921875,,1666370229.0,,,,,W_Call_after_offer,,,,,,A,,,125085.921875,,1666533693.9999998,,,,,W_Call_after_offer,,,,,,A,,,125085.921875,,1666681059.0,,,,,W_Assess_application,,,,,,A,,,125085.921875,,1666810233.0,,,,,A_DECLINED,,,,,,D,,,125085.921875,,1666812808.0,,,,,0,,,,,,0,,,49805.12109375,,1661806399.9999998,,,,,0,,,,,,0,,,49805.12109375,,1661902904.0,,,,,0,,,,,,0,,,49805.12109375,,1662023352.0,,,,,0,,,,,,0,,,49805.12109375,,1662146808.0,,,,,regular
220,GEN220,19616.384765625,A_SUBMITTED,,,,,,E,,,84358.58593749999,,1663072776.0,,,,,A_PARTLYSUBMITTED,,,,,,E,,,84358.58593749999,,1663078065.0,,,,,W_Assess_fraud,,,,,,A,,,84358.58593749999,,1663181878.0,,,,,A_PREACCEPTED,,,,,,D,,,84358.58593749999,,1663181878.0,,,,,W_Complete_preaccepted_appl,,,,,,A,,,84358.58593749999,,1663299245.0,,,,,W_Complete_preaccepted_appl,,,,,,A,,,84358.58593749999,,1663402042.0,,,,,W_Complete_preaccepted_appl,,,,,,A,,,84358.58593749999,,1663491909.0,,,,,W_Complete_preaccepted_appl,,,,,,A,,,84358.58593749999,,1663594133.0,,,,,W_Complete_preaccepted_appl,,,,,,A,,,84358.58593749999,,1663672354.0,,,,,A_ACCEPTED,,,,,,D,,,84358.58593749999,,1663672354.0,,,,,A_FINALIZED,,,,,,D,,,84358.58593749999,,1663681659.0,,,,,O_SELECTED,,,,,,C,,,84358.58593749999,,1663694361.0,,,,,O_CREATED,,,,,,C,,,84358.58593749999,,1663716191.0,,,,,O_SENT,,,,,,C,,,84358.58593749999,,1663744459.0,,,,,O_SELECTED,,,,,,C,,,84358.58593749999,,1663786645.0,,,,,O_CREATED,,,,,,C,,,84358.58593749999,,1663801320.0,,,,,O_SENT,,,,,,C,,,84358.58593749999,,1663818761.0,,,,,W_Call_after_offer,,,,,,A,,,84358.58593749999,,1663897243.0,,,,,W_Call_after_offer,,,,,,A,,,84358.58593749999,,1663957739.0,,,,,W_Call_after_offer,,,,,,A,,,84358.58593749999,,1664025700.0,,,,,regular
221,GEN221,18784.904296875,A_SUBMITTED,,,,,,E,,,118136.6640625,,1665100522.0,,,,,A_PARTLYSUBMITTED,,,,,,E,,,118136.6640625,,1665101889.0,,,,,W_Assess_fraud,,,,,,A,,,118136.6640625,,1665241606.0,,,,,O_DECLINED,,,,,,C,,,118136.6640625,,1665248972.0,,,,,A_DECLINED,,,,,,E,,,118136.6640625,,1665270737.0,,,,,A_DECLINED,,,,,,E,,,118136.6640625,,1665270737.0,,,,,0,,,,,,0,,,49805.12109375,,1661454440.0,,,,,0,,,,,,0,,,49805.12109375,,1661616410.0,,,,,0,,,,,,0,,,49805.12109375,,1661719985.0,,,,,0,,,,,,0,,,49805.12109375,,1661719985.0,,,,,0,,,,,,0,,,49805.12109375,,1661719985.0,,,,,0,,,,,,0,,,49805.12109375,,1661719985.0,,,,,0,,,,,,0,,,49805.12109375,,1661719985.0,,,,,0,,,,,,0,,,49805.12109375,,1661722831.0,,,,,0,,,,,,0,,,49805.12109375,,1661741263.0,,,,,0,,,,,,0,,,49805.12109375,,1661757591.0,,,,,0,,,,,,0,,,49805.12109375,,1661806399.9999998,,,,,0,,,,,,0,,,49805.12109375,,1661902904.0,,,,,0,,,,,,0,,,49805.12109375,,1662023352.0,,,,,0,,,,,,0,,,49805.12109375,,1662146808.0,,,,,regular
222,GEN222,18917.42578125,A_SUBMITTED,,,,,,E,,,127583.015625,,1665666241.0,,,,,A_PARTLYSUBMITTED,,,,,,D,,,127583.015625,,1665671289.0,,,,,W_Assess_fraud,,,,,,A,,,127583.015625,,1665822406.0,,,,,A_PREACCEPTED,,,,,,D,,,127583.015625,,1665834151.0,,,,,W_Complete_preaccepted_appl,,,,,,A,,,127583.015625,,1665952896.0,,,,,W_Complete_preaccepted_appl,,,,,,A,,,127583.015625,,1666063789.0,,,,,W_Complete_preaccepted_appl,,,,,,A,,,127583.015625,,1666152289.9999998,,,,,W_Complete_preaccepted_appl,,,,,,A,,,127583.015625,,1666245909.0,,,,,A_ACCEPTED,,,,,,D,,,127583.015625,,1666245909.0,,,,,A_FINALIZED,,,,,,D,,,127583.015625,,1666257463.0,,,,,O_SELECTED,,,,,,C,,,127583.015625,,1666269152.9999998,,,,,O_CREATED,,,,,,C,,,127583.015625,,1666284504.0,,,,,O_SENT,,,,,,C,,,127583.015625,,1666295775.0,,,,,W_Call_after_offer,,,,,,A,,,127583.015625,,1666414394.0,,,,,W_Call_after_offer,,,,,,A,,,127583.015625,,1666533066.0,,,,,W_Call_after_offer,,,,,,A,,,127583.015625,,1666757635.0,,,,,W_Call_after_offer,,,,,,A,,,127583.015625,,1667013975.0,,,,,A_DECLINED,,,,,,A,,,127583.015625,,1667099772.0,,,,,0,,,,,,0,,,49805.12109375,,1662023352.0,,,,,0,,,,,,0,,,49805.12109375,,1662146808.0,,,,,regular
223,GEN223,19774.974609375,A_SUBMITTED,,,,,,E,,,142076.390625,,1666535844.0,,,,,A_PARTLYSUBMITTED,,,,,,E,,,142076.390625,,1666555355.0,,,,,W_Assess_fraud,,,,,,A,,,142076.390625,,1666756410.0,,,,,A_PREACCEPTED,,,,,,D,,,142076.390625,,1666782782.0,,,,,W_Complete_preaccepted_appl,,,,,,A,,,142076.390625,,1666998757.0,,,,,W_Complete_preaccepted_appl,,,,,,A,,,142076.390625,,1667243464.0,,,,,W_Complete_preaccepted_appl,,,,,,A,,,142076.390625,,1667497852.0,,,,,A_ACCEPTED,,,,,,D,,,142076.390625,,1667500330.0,,,,,A_FINALIZED,,,,,,D,,,142076.390625,,1667508633.0,,,,,O_SELECTED,,,,,,C,,,142076.390625,,1667515262.0,,,,,O_CREATED,,,,,,C,,,142076.390625,,1667529130.0,,,,,O_SENT,,,,,,C,,,142076.390625,,1667549193.0,,,,,O_SELECTED,,,,,,C,,,142076.390625,,1667549193.0,,,,,O_CREATED,,,,,,C,,,142076.390625,,1667549193.0,,,,,O_SENT,,,,,,C,,,142076.390625,,1667559238.0,,,,,W_Call_after_offer,,,,,,A,,,142076.390625,,1667725582.0,,,,,W_Call_after_offer,,,,,,A,,,142076.390625,,1667896317.0,,,,,W_Call_after_offer,,,,,,A,,,142076.390625,,1668124452.0000002,,,,,W_Call_after_offer,,,,,,A,,,142076.390625,,1668356734.0,,,,,W_Call_after_offer,,,,,,A,,,142076.390625,,1668608833.0,,,,,regular
224,GEN224,22630.666015625,A_SUBMITTED,,,,,,E,,,148767.796875,,1666939279.0,,,,,A_PARTLYSUBMITTED,,,,,,E,,,148767.796875,,1666950833.0,,,,,W_Assess_fraud,,,,,,A,,,148767.796875,,1667119160.0,,,,,A_PREACCEPTED,,,,,,D,,,148767.796875,,1667149293.0,,,,,W_Complete_preaccepted_appl,,,,,,A,,,148767.796875,,1667383059.0,,,,,W_Complete_preaccepted_appl,,,,,,A,,,148767.796875,,1667594545.0,,,,,W_Complete_preaccepted_appl,,,,,,A,,,148767.796875,,1667788582.0000002,,,,,A_ACCEPTED,,,,,,D,,,148767.796875,,1667788582.0,,,,,A_FINALIZED,,,,,,D,,,148767.796875,,1667793438.0,,,,,O_SELECTED,,,,,,C,,,148767.796875,,1667803558.0000002,,,,,O_CREATED,,,,,,C,,,148767.796875,,1667827268.0,,,,,O_SENT,,,,,,C,,,148767.796875,,1667856352.0,,,,,O_SELECTED,,,,,,C,,,148767.796875,,1668089150.0,,,,,O_CREATED,,,,,,C,,,148767.796875,,1668247466.0,,,,,O_SENT,,,,,,C,,,148767.796875,,1668318572.0,,,,,O_SELECTED,,,,,,C,,,148767.796875,,1668399739.0,,,,,O_CREATED,,,,,,C,,,148767.796875,,1668420030.0,,,,,O_SENT,,,,,,C,,,148767.796875,,1668455875.0,,,,,O_SELECTED,,,,,,C,,,148767.796875,,1668577198.0,,,,,O_CREATED,,,,,,C,,,148767.796875,,1668671358.0000002,,,,,regular
225,GEN225,15550.277343750002,A_SUBMITTED,,,,,,E,,,109314.8125,,1664573383.0,,,,,A_PARTLYSUBMITTED,,,,,,E,,,109314.8125,,1664577862.0,,,,,W_Assess_fraud,,,,,,A,,,109314.8125,,1664744674.0,,,,,A_PREACCEPTED,,,,,,E,,,109314.8125,,1664768806.0,,,,,W_Complete_preaccepted_appl,,,,,,A,,,109314.8125,,1664880382.0,,,,,W_Complete_preaccepted_appl,,,,,,A,,,109314.8125,,1665002235.0,,,,,W_Complete_preaccepted_appl,,,,,,A,,,109314.8125,,1665126530.0,,,,,A_ACCEPTED,,,,,,E,,,109314.8125,,1665129140.0,,,,,A_FINALIZED,,,,,,E,,,109314.8125,,1665136567.0,,,,,O_SELECTED,,,,,,C,,,109314.8125,,1665145766.0,,,,,O_CREATED,,,,,,C,,,109314.8125,,1665155199.0,,,,,O_SENT,,,,,,C,,,109314.8125,,1665168869.0,,,,,W_Call_after_offer,,,,,,A,,,109314.8125,,1665294453.0,,,,,W_Call_after_offer,,,,,,A,,,109314.8125,,1665412293.0,,,,,W_Call_after_offer,,,,,,A,,,109314.8125,,1665447558.0,,,,,O_CREATED,,,,,,C,,,109314.8125,,1665449209.0,,,,,O_SENT,,,,,,C,,,109314.8125,,1665474208.9999998,,,,,W_Call_after_offer,,,,,,A,,,109314.8125,,1665600659.0,,,,,A_DECLINED,,,,,,D,,,109314.8125,,1665642981.9999998,,,,,0,,,,,,0,,,49805.12109375,,1662146808.0,,,,,regular
226,GEN226,22600.906250000004,A_SUBMITTED,,,,,,E,,,92628.96875,,1663574158.0,,,,,A_PARTLYSUBMITTED,,,,,,E,,,92628.96875,,1663580773.0,,,,,W_Assess_fraud,,,,,,A,,,92628.96875,,1663675829.0,,,,,A_PREACCEPTED,,,,,,E,,,92628.96875,,1663675829.0,,,,,W_Complete_preaccepted_appl,,,,,,A,,,92628.96875,,1663731902.0,,,,,W_Complete_preaccepted_appl,,,,,,A,,,92628.96875,,1663793128.0,,,,,W_Complete_preaccepted_appl,,,,,,A,,,92628.96875,,1663847052.9999998,,,,,W_Complete_preaccepted_appl,,,,,,A,,,92628.96875,,1663908543.0,,,,,W_Complete_preaccepted_appl,,,,,,A,,,92628.96875,,1663981332.0,,,,,W_Complete_preaccepted_appl,,,,,,A,,,92628.96875,,1664052739.0000002,,,,,W_Complete_preaccepted_appl,,,,,,A,,,92628.96875,,1664108962.0,,,,,A_ACCEPTED,,,,,,E,,,92628.96875,,1664115709.0,,,,,A_FINALIZED,,,,,,D,,,92628.96875,,1664124523.0,,,,,O_SELECTED,,,,,,C,,,92628.96875,,1664132643.0,,,,,O_CREATED,,,,,,C,,,92628.96875,,1664140015.0,,,,,O_SENT,,,,,,C,,,92628.96875,,1664149627.0,,,,,O_SELECTED,,,,,,C,,,92628.96875,,1664174196.0,,,,,O_SELECTED,,,,,,C,,,92628.96875,,1664202772.0,,,,,O_CREATED,,,,,,C,,,92628.96875,,1664225972.0,,,,,O_SENT,,,,,,C,,,92628.96875,,1664247320.9999998,,,,,regular
227,GEN227,17507.61328125,A_SUBMITTED,,,,,,E,,,111453.8515625,,1664703599.0,,,,,A_PARTLYSUBMITTED,,,,,,E,,,111453.8515625,,1664704160.0,,,,,W_Assess_fraud,,,,,,A,,,111453.8515625,,1664741174.0,,,,,A_PREACCEPTED,,,,,,D,,,111453.8515625,,1664741174.0,,,,,W_Complete_preaccepted_appl,,,,,,A,,,111453.8515625,,1664761896.0,,,,,W_Complete_preaccepted_appl,,,,,,A,,,111453.8515625,,1664761896.0,,,,,W_Complete_preaccepted_appl,,,,,,A,,,111453.8515625,,1664773930.0,,,,,W_Complete_preaccepted_appl,,,,,,A,,,111453.8515625,,1664798937.0,,,,,W_Complete_preaccepted_appl,,,,,,A,,,111453.8515625,,1664840939.0,,,,,W_Complete_preaccepted_appl,,,,,,A,,,111453.8515625,,1664913034.0,,,,,W_Complete_preaccepted_appl,,,,,,A,,,111453.8515625,,1665019634.0,,,,,W_Complete_preaccepted_appl,,,,,,A,,,111453.8515625,,1665126917.0,,,,,A_ACCEPTED,,,,,,E,,,111453.8515625,,1665189136.0,,,,,A_FINALIZED,,,,,,E,,,111453.8515625,,1665209401.0,,,,,O_CREATED,,,,,,C,,,111453.8515625,,1665224824.0,,,,,O_CREATED,,,,,,C,,,111453.8515625,,1665240581.0,,,,,O_SENT,,,,,,C,,,111453.8515625,,1665261956.0,,,,,W_Call_after_offer,,,,,,A,,,111453.8515625,,1665344226.0,,,,,W_Assess_application,,,,,,A,,,111453.8515625,,1665446697.0,,,,,W_Assess_application,,,,,,A,,,111453.8515625,,1665526388.0,,,,,regular
228,GEN228,18402.029296875,A_SUBMITTED,,,,,,E,,,120990.5234375,,1665271521.0,,,,,A_PARTLYSUBMITTED,,,,,,E,,,120990.5234375,,1665276042.0,,,,,W_Assess_fraud,,,,,,A,,,120990.5234375,,1665472155.0,,,,,A_PREACCEPTED,,,,,,D,,,120990.5234375,,1665481319.0,,,,,W_Complete_preaccepted_appl,,,,,,A,,,120990.5234375,,1665658950.0,,,,,W_Complete_preaccepted_appl,,,,,,A,,,120990.5234375,,1665850714.0,,,,,A_DECLINED,,,,,,E,,,120990.5234375,,1665850714.0000002,,,,,0,,,,,,0,,,49805.12109375,,1661616410.0,,,,,0,,,,,,0,,,49805.12109375,,1661719985.0,,,,,0,,,,,,0,,,49805.12109375,,1661719985.0,,,,,0,,,,,,0,,,49805.12109375,,1661719985.0,,,,,0,,,,,,0,,,49805.12109375,,1661719985.0,,,,,0,,,,,,0,,,49805.12109375,,1661719985.0,,,,,0,,,,,,0,,,49805.12109375,,1661722831.0,,,,,0,,,,,,0,,,49805.12109375,,1661741263.0,,,,,0,,,,,,0,,,49805.12109375,,1661757591.0,,,,,0,,,,,,0,,,49805.12109375,,1661806399.9999998,,,,,0,,,,,,0,,,49805.12109375,,1661902904.0,,,,,0,,,,,,0,,,49805.12109375,,1662023352.0,,,,,0,,,,,,0,,,49805.12109375,,1662146808.0,,,,,regular
229,GEN229,17862.09375,A_SUBMITTED,,,,,,E,,,132080.390625,,1665936194.0,,,,,A_PARTLYSUBMITTED,,,,,,E,,,132080.390625,,1665939144.0,,,,,W_Assess_fraud,,,,,,A,,,132080.390625,,1666175734.0,,,,,A_PREACCEPTED,,,,,,E,,,132080.390625,,1666196564.0,,,,,W_Complete_preaccepted_appl,,,,,,A,,,132080.390625,,1666441163.0,,,,,A_ACCEPTED,,,,,,A,,,132080.390625,,1666516809.0,,,,,A_FINALIZED,,,,,,E,,,132080.390625,,1666529796.0,,,,,O_SELECTED,,,,,,E,,,132080.390625,,1666529796.0,,,,,O_SELECTED,,,,,,C,,,132080.390625,,1666529796.0,,,,,O_CREATED,,,,,,C,,,132080.390625,,1666530906.0,,,,,O_SENT,,,,,,C,,,132080.390625,,1666553223.0,,,,,W_Call_after_offer,,,,,,A,,,132080.390625,,1666770371.0,,,,,W_Call_after_offer,,,,,,A,,,132080.390625,,1666901024.0,,,,,W_Call_after_offer,,,,,,A,,,132080.390625,,1667069163.0,,,,,W_Call_after_offer,,,,,,A,,,132080.390625,,1667310135.0,,,,,W_Call_after_offer,,,,,,A,,,132080.390625,,1667555201.0,,,,,W_Call_after_offer,,,,,,A,,,132080.390625,,1667820286.0,,,,,W_Call_after_offer,,,,,,A,,,132080.390625,,1668137920.0000002,,,,,W_Call_after_offer,,,,,,A,,,132080.390625,,1668446650.0,,,,,W_Call_after_offer,,,,,,A,,,132080.390625,,1668713198.0,,,,,regular
230,GEN230,16229.150390624998,A_SUBMITTED,,,,,,E,,,117070.7890625,,1665035508.0,,,,,A_PARTLYSUBMITTED,,,,,,E,,,117070.7890625,,1665047077.0,,,,,W_Assess_fraud,,,,,,A,,,117070.7890625,,1665270000.0,,,,,A_PREACCEPTED,,,,,,D,,,117070.7890625,,1665292064.0,,,,,W_Complete_preaccepted_appl,,,,,,A,,,117070.7890625,,1665564159.0,,,,,W_Complete_preaccepted_appl,,,,,,A,,,117070.7890625,,1665782875.0,,,,,W_Complete_preaccepted_appl,,,,,,A,,,117070.7890625,,1665992583.0,,,,,W_Complete_preaccepted_appl,,,,,,A,,,117070.7890625,,1666191852.0,,,,,W_Complete_preaccepted_appl,,,,,,A,,,117070.7890625,,1666345670.0,,,,,A_ACCEPTED,,,,,,D,,,117070.7890625,,1666358648.0,,,,,A_FINALIZED,,,,,,D,,,117070.7890625,,1666372541.0,,,,,O_SELECTED,,,,,,C,,,117070.7890625,,1666382757.9999998,,,,,O_CREATED,,,,,,C,,,117070.7890625,,1666397001.0,,,,,O_SENT,,,,,,C,,,117070.7890625,,1666409843.0,,,,,W_Call_after_offer,,,,,,C,,,117070.7890625,,1666582517.0,,,,,O_SENT_BACK,,,,,,C,,,117070.7890625,,1666583983.0,,,,,W_Assess_application,,,,,,A,,,117070.7890625,,1666745786.0,,,,,W_Assess_application,,,,,,A,,,117070.7890625,,1666923438.0,,,,,W_Call_missing_information,,,,,,A,,,117070.7890625,,1667120308.0,,,,,W_Call_missing_information,,,,,,A,,,117070.7890625,,1667326579.0,,,,,regular
231,GEN231,19329.712890625,A_SUBMITTED,,,,,,E,,,113751.296875,,1664837649.0,,,,,A_PARTLYSUBMITTED,,,,,,E,,,113751.296875,,1664839943.0,,,,,W_Assess_fraud,,,,,,A,,,113751.296875,,1665002348.0,,,,,A_PREACCEPTED,,,,,,E,,,113751.296875,,1665018538.0,,,,,W_Complete_preaccepted_appl,,,,,,A,,,113751.296875,,1665178129.0,,,,,W_Complete_preaccepted_appl,,,,,,A,,,113751.296875,,1665341506.0,,,,,A_DECLINED,,,,,,E,,,113751.296875,,1665341506.0,,,,,0,,,,,,0,,,49805.12109375,,1661616410.0,,,,,0,,,,,,0,,,49805.12109375,,1661719985.0,,,,,0,,,,,,0,,,49805.12109375,,1661719985.0,,,,,0,,,,,,0,,,49805.12109375,,1661719985.0,,,,,0,,,,,,0,,,49805.12109375,,1661719985.0,,,,,0,,,,,,0,,,49805.12109375,,1661719985.0,,,,,0,,,,,,0,,,49805.12109375,,1661722831.0,,,,,0,,,,,,0,,,49805.12109375,,1661741263.0,,,,,0,,,,,,0,,,49805.12109375,,1661757591.0,,,,,0,,,,,,0,,,49805.12109375,,1661806399.9999998,,,,,0,,,,,,0,,,49805.12109375,,1661902904.0,,,,,0,,,,,,0,,,49805.12109375,,1662023352.0,,,,,0,,,,,,0,,,49805.12109375,,1662146808.0,,,,,regular
232,GEN232,19745.28125,A_SUBMITTED,,,,,,E,,,119209.75,,1665163846.0,,,,,A_PARTLYSUBMITTED,,,,,,E,,,119209.75,,1665164820.0,,,,,W_Assess_fraud,,,,,,A,,,119209.75,,1665339562.0,,,,,A_PREACCEPTED,,,,,,E,,,119209.75,,1665340368.0,,,,,W_Complete_preaccepted_appl,,,,,,A,,,119209.75,,1665496365.0,,,,,A_ACCEPTED,,,,,,D,,,119209.75,,1665496365.0,,,,,A_FINALIZED,,,,,,D,,,119209.75,,1665499364.0,,,,,O_SELECTED,,,,,,C,,,119209.75,,1665505552.0,,,,,O_CREATED,,,,,,C,,,119209.75,,1665512130.0,,,,,O_SENT,,,,,,C,,,119209.75,,1665522372.0,,,,,W_Call_after_offer,,,,,,A,,,119209.75,,1665695743.0,,,,,A_DECLINED,,,,,,E,,,119209.75,,1665747414.0,,,,,0,,,,,,0,,,49805.12109375,,1661719985.0,,,,,0,,,,,,0,,,49805.12109375,,1661722831.0,,,,,0,,,,,,0,,,49805.12109375,,1661741263.0,,,,,0,,,,,,0,,,49805.12109375,,1661757591.0,,,,,0,,,,,,0,,,49805.12109375,,1661806399.9999998,,,,,0,,,,,,0,,,49805.12109375,,1661902904.0,,,,,0,,,,,,0,,,49805.12109375,,1662023352.0,,,,,0,,,,,,0,,,49805.12109375,,1662146808.0,,,,,regular
233,GEN233,17896.921875,A_SUBMITTED,,,,,,E,,,125958.5390625,,1665568773.0,,,,,A_PARTLYSUBMITTED,,,,,,E,,,125958.5390625,,1665572311.0,,,,,W_Assess_fraud,,,,,,A,,,125958.5390625,,1665780907.0,,,,,A_PREACCEPTED,,,,,,D,,,125958.5390625,,1665780907.0,,,,,W_Complete_preaccepted_appl,,,,,,A,,,125958.5390625,,1665985633.0,,,,,W_Complete_preaccepted_appl,,,,,,A,,,125958.5390625,,1666183613.0,,,,,A_DECLINED,,,,,,E,,,125958.5390625,,1666188445.0,,,,,0,,,,,,0,,,49805.12109375,,1661616410.0,,,,,0,,,,,,0,,,49805.12109375,,1661719985.0,,,,,0,,,,,,0,,,49805.12109375,,1661719985.0,,,,,0,,,,,,0,,,49805.12109375,,1661719985.0,,,,,0,,,,,,0,,,49805.12109375,,1661719985.0,,,,,0,,,,,,0,,,49805.12109375,,1661719985.0,,,,,0,,,,,,0,,,49805.12109375,,1661722831.0,,,,,0,,,,,,0,,,49805.12109375,,1661741263.0,,,,,0,,,,,,0,,,49805.12109375,,1661757591.0,,,,,0,,,,,,0,,,49805.12109375,,1661806399.9999998,,,,,0,,,,,,0,,,49805.12109375,,1661902904.0,,,,,0,,,,,,0,,,49805.12109375,,1662023352.0,,,,,0,,,,,,0,,,49805.12109375,,1662146808.0,,,,,regular
234,GEN234,17446.205078125,A_SUBMITTED,,,,,,E,,,123800.6015625,,1665440617.0,,,,,A_PARTLYSUBMITTED,,,,,,E,,,123800.6015625,,1665444390.0,,,,,W_Assess_fraud,,,,,,A,,,123800.6015625,,1665623819.0,,,,,A_PREACCEPTED,,,,,,E,,,123800.6015625,,1665636643.0,,,,,W_Complete_preaccepted_appl,,,,,,A,,,123800.6015625,,1665815776.0,,,,,W_Complete_preaccepted_appl,,,,,,A,,,123800.6015625,,1665989055.0,,,,,W_Complete_preaccepted_appl,,,,,,A,,,123800.6015625,,1666157427.0,,,,,W_Complete_preaccepted_appl,,,,,,A,,,123800.6015625,,1666302626.0,,,,,A_ACCEPTED,,,,,,E,,,123800.6015625,,1666302626.0,,,,,O_SELECTED,,,,,,E,,,123800.6015625,,1666307891.0,,,,,O_CREATED,,,,,,C,,,123800.6015625,,1666315743.0,,,,,O_CREATED,,,,,,C,,,123800.6015625,,1666323795.0,,,,,O_SENT,,,,,,C,,,123800.6015625,,1666387155.0,,,,,W_Call_after_offer,,,,,,A,,,123800.6015625,,1666639833.0,,,,,A_DECLINED,,,,,,D,,,123800.6015625,,1666779572.0,,,,,0,,,,,,0,,,49805.12109375,,1661757591.0,,,,,0,,,,,,0,,,49805.12109375,,1661806399.9999998,,,,,0,,,,,,0,,,49805.12109375,,1661902904.0,,,,,0,,,,,,0,,,49805.12109375,,1662023352.0,,,,,0,,,,,,0,,,49805.12109375,,1662146808.0,,,,,regular
235,GEN235,19783.957031250004,A_SUBMITTED,,,,,,E,,,95677.8359375,,1663751931.0,,,,,A_PARTLYSUBMITTED,,,,,,E,,,95677.8359375,,1663751931.0,,,,,W_Assess_fraud,,,,,,A,,,95677.8359375,,1663901212.0,,,,,A_PREACCEPTED,,,,,,D,,,95677.8359375,,1663906040.0,,,,,W_Complete_preaccepted_appl,,,,,,A,,,95677.8359375,,1664094673.0,,,,,W_Complete_preaccepted_appl,,,,,,A,,,95677.8359375,,1664302438.0,,,,,W_Complete_preaccepted_appl,,,,,,A,,,95677.8359375,,1664519895.0,,,,,W_Complete_preaccepted_appl,,,,,,A,,,95677.8359375,,1664731382.0,,,,,W_Complete_preaccepted_appl,,,,,,A,,,95677.8359375,,1664941268.0,,,,,W_Complete_preaccepted_appl,,,,,,A,,,95677.8359375,,1665151649.0,,,,,W_Complete_preaccepted_appl,,,,,,A,,,95677.8359375,,1665369439.0,,,,,W_Complete_preaccepted_appl,,,,,,A,,,95677.8359375,,1665600554.0,,,,,W_Complete_preaccepted_appl,,,,,,A,,,95677.8359375,,1665866098.0,,,,,W_Complete_preaccepted_appl,,,,,,A,,,95677.8359375,,1666073205.0,,,,,A_DECLINED,,,,,,E,,,95677.8359375,,1666107427.0000002,,,,,0,,,,,,0,,,49805.12109375,,1661757591.0,,,,,0,,,,,,0,,,49805.12109375,,1661806399.9999998,,,,,0,,,,,,0,,,49805.12109375,,1661902904.0,,,,,0,,,,,,0,,,49805.12109375,,1662023352.0,,,,,0,,,,,,0,,,49805.12109375,,1662146808.0,,,,,regular
236,GEN236,19430.873046875,A_SUBMITTED,,,,,,E,,,132357.578125,,1665952715.0,,,,,A_PARTLYSUBMITTED,,,,,,E,,,132357.578125,,1665952715.0,,,,,W_Assess_fraud,,,,,,A,,,132357.578125,,1666176942.9999998,,,,,A_PREACCEPTED,,,,,,E,,,132357.578125,,1666176943.0,,,,,W_Complete_preaccepted_appl,,,,,,A,,,132357.578125,,1666411297.9999998,,,,,A_ACCEPTED,,,,,,E,,,132357.578125,,1666412029.0,,,,,A_FINALIZED,,,,,,E,,,132357.578125,,1666416613.0,,,,,O_SELECTED,,,,,,C,,,132357.578125,,1666422999.0,,,,,O_CREATED,,,,,,C,,,132357.578125,,1666429832.0,,,,,O_SENT,,,,,,C,,,132357.578125,,1666439817.0,,,,,A_DECLINED,,,,,,D,,,132357.578125,,1666528986.9999998,,,,,0,,,,,,0,,,49805.12109375,,1661719985.0,,,,,0,,,,,,0,,,49805.12109375,,1661719985.0,,,,,0,,,,,,0,,,49805.12109375,,1661722831.0,,,,,0,,,,,,0,,,49805.12109375,,1661741263.0,,,,,0,,,,,,0,,,49805.12109375,,1661757591.0,,,,,0,,,,,,0,,,49805.12109375,,1661806399.9999998,,,,,0,,,,,,0,,,49805.12109375,,1661902904.0,,,,,0,,,,,,0,,,49805.12109375,,1662023352.0,,,,,0,,,,,,0,,,49805.12109375,,1662146808.0,,,,,regular
237,GEN237,18902.103515625,A_SUBMITTED,,,,,,E,,,129643.2890625,,1665791310.0,,,,,A_PARTLYSUBMITTED,,,,,,D,,,129643.2890625,,1665795704.0,,,,,W_Assess_fraud,,,,,,A,,,129643.2890625,,1665978062.0,,,,,A_PREACCEPTED,,,,,,D,,,129643.2890625,,1665981853.0,,,,,W_Complete_preaccepted_appl,,,,,,A,,,129643.2890625,,1666140166.0,,,,,W_Complete_preaccepted_appl,,,,,,A,,,129643.2890625,,1666265246.0,,,,,W_Complete_preaccepted_appl,,,,,,A,,,129643.2890625,,1666348466.0,,,,,W_Complete_preaccepted_appl,,,,,,A,,,129643.2890625,,1666410399.0,,,,,W_Complete_preaccepted_appl,,,,,,A,,,129643.2890625,,1666476623.0,,,,,A_ACCEPTED,,,,,,D,,,129643.2890625,,1666485468.0,,,,,A_FINALIZED,,,,,,D,,,129643.2890625,,1666485902.0,,,,,O_SELECTED,,,,,,C,,,129643.2890625,,1666499823.0,,,,,O_CREATED,,,,,,C,,,129643.2890625,,1666517488.0,,,,,O_SENT,,,,,,C,,,129643.2890625,,1666530749.0,,,,,W_Call_after_offer,,,,,,C,,,129643.2890625,,1666609570.0,,,,,W_Call_after_offer,,,,,,A,,,129643.2890625,,1666663389.0,,,,,O_SENT,,,,,,A,,,129643.2890625,,1666704099.0,,,,,W_Call_after_offer,,,,,,A,,,129643.2890625,,1666923736.0,,,,,W_Call_after_offer,,,,,,A,,,129643.2890625,,1667103964.9999998,,,,,W_Call_after_offer,,,,,,A,,,129643.2890625,,1667318921.0,,,,,regular
238,GEN238,20678.748046875,A_SUBMITTED,,,,,,E,,,150931.734375,,1667067165.0,,,,,A_PARTLYSUBMITTED,,,,,,E,,,150931.734375,,1667070408.0,,,,,W_Assess_fraud,,,,,,A,,,150931.734375,,1667265634.0,,,,,A_PREACCEPTED,,,,,,D,,,150931.734375,,1667278349.0,,,,,W_Complete_preaccepted_appl,,,,,,A,,,150931.734375,,1667470903.0,,,,,W_Complete_preaccepted_appl,,,,,,A,,,150931.734375,,1667655865.0,,,,,A_ACCEPTED,,,,,,D,,,150931.734375,,1667655865.0,,,,,A_FINALIZED,,,,,,E,,,150931.734375,,1667659662.0,,,,,O_SELECTED,,,,,,C,,,150931.734375,,1667661006.0,,,,,O_CREATED,,,,,,C,,,150931.734375,,1667665397.0,,,,,O_SENT,,,,,,C,,,150931.734375,,1667672204.0000002,,,,,W_Call_after_offer,,,,,,A,,,150931.734375,,1667981250.0,,,,,W_Call_after_offer,,,,,,A,,,150931.734375,,1668127317.0,,,,,W_Call_after_offer,,,,,,C,,,150931.734375,,1668301383.0,,,,,W_Call_after_offer,,,,,,A,,,150931.734375,,1668462247.0,,,,,W_Assess_application,,,,,,A,,,150931.734375,,1668554218.0,,,,,W_Call_missing_information,,,,,,A,,,150931.734375,,1668657931.0,,,,,O_SELECTED,,,,,,C,,,150931.734375,,1668782020.0,,,,,O_CREATED,,,,,,C,,,150931.734375,,1668963124.0,,,,,O_SENT,,,,,,C,,,150931.734375,,1669119411.9999998,,,,,regular
239,GEN239,16670.716796875,A_SUBMITTED,,,,,,E,,,112709.9140625,,1664775125.0,,,,,A_PARTLYSUBMITTED,,,,,,E,,,112709.9140625,,1664776568.0,,,,,W_Assess_fraud,,,,,,A,,,112709.9140625,,1664945634.0,,,,,A_PREACCEPTED,,,,,,E,,,112709.9140625,,1664961617.0,,,,,W_Complete_preaccepted_appl,,,,,,A,,,112709.9140625,,1665107841.0,,,,,W_Complete_preaccepted_appl,,,,,,A,,,112709.9140625,,1665257230.0,,,,,W_Complete_preaccepted_appl,,,,,,A,,,112709.9140625,,1665408773.0,,,,,A_ACCEPTED,,,,,,D,,,112709.9140625,,1665418061.0,,,,,A_FINALIZED,,,,,,E,,,112709.9140625,,1665425511.0,,,,,O_SELECTED,,,,,,C,,,112709.9140625,,1665432275.0,,,,,O_CREATED,,,,,,C,,,112709.9140625,,1665437139.0,,,,,O_SENT,,,,,,C,,,112709.9140625,,1665451207.0,,,,,W_Call_after_offer,,,,,,A,,,112709.9140625,,1665662162.0000002,,,,,W_Call_after_offer,,,,,,A,,,112709.9140625,,1665833072.0,,,,,W_Call_after_offer,,,,,,A,,,112709.9140625,,1666046244.0,,,,,W_Call_after_offer,,,,,,A,,,112709.9140625,,1666213478.0,,,,,W_Call_after_offer,,,,,,A,,,112709.9140625,,1666364460.0,,,,,W_Call_after_offer,,,,,,A,,,112709.9140625,,1666572299.0,,,,,W_Call_after_offer,,,,,,A,,,112709.9140625,,1666808048.0,,,,,A_DECLINED,,,,,,D,,,112709.9140625,,1666864375.0,,,,,regular
240,GEN240,23718.2578125,A_SUBMITTED,,,,,,E,,,155268.453125,,1667328423.0,,,,,A_PARTLYSUBMITTED,,,,,,E,,,155268.453125,,1667341702.0,,,,,W_Assess_fraud,,,,,,A,,,155268.453125,,1667546438.0,,,,,A_PREACCEPTED,,,,,,E,,,155268.453125,,1667586102.0,,,,,W_Complete_preaccepted_appl,,,,,,A,,,155268.453125,,1667785768.0,,,,,W_Complete_preaccepted_appl,,,,,,A,,,155268.453125,,1667997357.0,,,,,A_ACCEPTED,,,,,,D,,,155268.453125,,1667997357.0,,,,,A_FINALIZED,,,,,,D,,,155268.453125,,1668009294.0,,,,,O_SELECTED,,,,,,C,,,155268.453125,,1668017861.0,,,,,O_CREATED,,,,,,C,,,155268.453125,,1668029090.0000002,,,,,O_SENT,,,,,,C,,,155268.453125,,1668039308.0,,,,,O_SELECTED,,,,,,C,,,155268.453125,,1668045057.0,,,,,O_CREATED,,,,,,C,,,155268.453125,,1668046054.0000002,,,,,O_SENT,,,,,,C,,,155268.453125,,1668055418.0,,,,,O_SELECTED,,,,,,C,,,155268.453125,,1668094204.0,,,,,O_CREATED,,,,,,C,,,155268.453125,,1668171965.0,,,,,O_SENT,,,,,,C,,,155268.453125,,1668345704.0,,,,,W_Call_after_offer,,,,,,A,,,155268.453125,,1668655745.0,,,,,W_Call_after_offer,,,,,,A,,,155268.453125,,1668892286.0,,,,,A_DECLINED,,,,,,E,,,155268.453125,,1668926147.0,,,,,regular
241,GEN241,17909.89453125,A_SUBMITTED,,,,,,E,,,113272.7109375,,1664809198.0,,,,,A_PARTLYSUBMITTED,,,,,,E,,,113272.7109375,,1664811047.0,,,,,W_Assess_fraud,,,,,,A,,,113272.7109375,,1664952257.0,,,,,A_PREACCEPTED,,,,,,D,,,113272.7109375,,1664961949.0,,,,,W_Complete_preaccepted_appl,,,,,,A,,,113272.7109375,,1665107931.0,,,,,A_DECLINED,,,,,,E,,,113272.7109375,,1665107931.0,,,,,0,,,,,,0,,,49805.12109375,,1661454440.0,,,,,0,,,,,,0,,,49805.12109375,,1661616410.0,,,,,0,,,,,,0,,,49805.12109375,,1661719985.0,,,,,0,,,,,,0,,,49805.12109375,,1661719985.0,,,,,0,,,,,,0,,,49805.12109375,,1661719985.0,,,,,0,,,,,,0,,,49805.12109375,,1661719985.0,,,,,0,,,,,,0,,,49805.12109375,,1661719985.0,,,,,0,,,,,,0,,,49805.12109375,,1661722831.0,,,,,0,,,,,,0,,,49805.12109375,,1661741263.0,,,,,0,,,,,,0,,,49805.12109375,,1661757591.0,,,,,0,,,,,,0,,,49805.12109375,,1661806399.9999998,,,,,0,,,,,,0,,,49805.12109375,,1661902904.0,,,,,0,,,,,,0,,,49805.12109375,,1662023352.0,,,,,0,,,,,,0,,,49805.12109375,,1662146808.0,,,,,regular
242,GEN242,18714.048828125,A_SUBMITTED,,,,,,E,,,120292.6015625,,1665229558.0,,,,,A_PARTLYSUBMITTED,,,,,,E,,,120292.6015625,,1665235682.0,,,,,W_Assess_fraud,,,,,,A,,,120292.6015625,,1665464923.0,,,,,A_PREACCEPTED,,,,,,D,,,120292.6015625,,1665487086.0,,,,,W_Complete_preaccepted_appl,,,,,,A,,,120292.6015625,,1665719849.0,,,,,W_Complete_preaccepted_appl,,,,,,A,,,120292.6015625,,1666016217.0,,,,,A_ACCEPTED,,,,,,A,,,120292.6015625,,1666166004.0,,,,,A_FINALIZED,,,,,,E,,,120292.6015625,,1666179626.0,,,,,A_FINALIZED,,,,,,E,,,120292.6015625,,1666185064.9999998,,,,,O_SELECTED,,,,,,C,,,120292.6015625,,1666202038.0,,,,,O_CREATED,,,,,,C,,,120292.6015625,,1666225617.0,,,,,O_SENT,,,,,,C,,,120292.6015625,,1666340287.0,,,,,W_Call_after_offer,,,,,,A,,,120292.6015625,,1666782875.0,,,,,W_Call_after_offer,,,,,,A,,,120292.6015625,,1667098598.0,,,,,W_Call_after_offer,,,,,,C,,,120292.6015625,,1667190225.0,,,,,W_Call_after_offer,,,,,,D,,,120292.6015625,,1667260110.0,,,,,0,,,,,,0,,,49805.12109375,,1661806399.9999998,,,,,0,,,,,,0,,,49805.12109375,,1661902904.0,,,,,0,,,,,,0,,,49805.12109375,,1662023352.0,,,,,0,,,,,,0,,,49805.12109375,,1662146808.0,,,,,regular
243,GEN243,19307.66796875,A_SUBMITTED,,,,,,E,,,113143.8359375,,1664800764.0,,,,,A_PARTLYSUBMITTED,,,,,,E,,,113143.8359375,,1664805676.0,,,,,W_Assess_fraud,,,,,,A,,,113143.8359375,,1664990349.0,,,,,A_PREACCEPTED,,,,,,E,,,113143.8359375,,1665011857.0,,,,,W_Complete_preaccepted_appl,,,,,,A,,,113143.8359375,,1665201451.0,,,,,W_Complete_preaccepted_appl,,,,,,A,,,113143.8359375,,1665389606.0,,,,,A_DECLINED,,,,,,E,,,113143.8359375,,1665389606.0,,,,,0,,,,,,0,,,49805.12109375,,1661616410.0,,,,,0,,,,,,0,,,49805.12109375,,1661719985.0,,,,,0,,,,,,0,,,49805.12109375,,1661719985.0,,,,,0,,,,,,0,,,49805.12109375,,1661719985.0,,,,,0,,,,,,0,,,49805.12109375,,1661719985.0,,,,,0,,,,,,0,,,49805.12109375,,1661719985.0,,,,,0,,,,,,0,,,49805.12109375,,1661722831.0,,,,,0,,,,,,0,,,49805.12109375,,1661741263.0,,,,,0,,,,,,0,,,49805.12109375,,1661757591.0,,,,,0,,,,,,0,,,49805.12109375,,1661806399.9999998,,,,,0,,,,,,0,,,49805.12109375,,1661902904.0,,,,,0,,,,,,0,,,49805.12109375,,1662023352.0,,,,,0,,,,,,0,,,49805.12109375,,1662146808.0,,,,,regular
244,GEN244,17787.87890625,A_SUBMITTED,,,,,,E,,,108160.671875,,1664500901.0,,,,,A_PARTLYSUBMITTED,,,,,,E,,,108160.671875,,1664500901.0,,,,,W_Assess_fraud,,,,,,A,,,108160.671875,,1664669535.0,,,,,A_PREACCEPTED,,,,,,E,,,108160.671875,,1664672099.0,,,,,W_Complete_preaccepted_appl,,,,,,A,,,108160.671875,,1664792420.0,,,,,A_DECLINED,,,,,,E,,,108160.671875,,1664795397.0,,,,,0,,,,,,0,,,49805.12109375,,1661454440.0,,,,,0,,,,,,0,,,49805.12109375,,1661616410.0,,,,,0,,,,,,0,,,49805.12109375,,1661719985.0,,,,,0,,,,,,0,,,49805.12109375,,1661719985.0,,,,,0,,,,,,0,,,49805.12109375,,1661719985.0,,,,,0,,,,,,0,,,49805.12109375,,1661719985.0,,,,,0,,,,,,0,,,49805.12109375,,1661719985.0,,,,,0,,,,,,0,,,49805.12109375,,1661722831.0,,,,,0,,,,,,0,,,49805.12109375,,1661741263.0,,,,,0,,,,,,0,,,49805.12109375,,1661757591.0,,,,,0,,,,,,0,,,49805.12109375,,1661806399.9999998,,,,,0,,,,,,0,,,49805.12109375,,1661902904.0,,,,,0,,,,,,0,,,49805.12109375,,1662023352.0,,,,,0,,,,,,0,,,49805.12109375,,1662146808.0,,,,,regular
245,GEN245,18673.89453125,A_SUBMITTED,,,,,,E,,,122091.609375,,1665338315.0,,,,,A_PARTLYSUBMITTED,,,,,,E,,,122091.609375,,1665342003.0,,,,,W_Assess_fraud,,,,,,A,,,122091.609375,,1665539660.0,,,,,A_PREACCEPTED,,,,,,E,,,122091.609375,,1665543886.0,,,,,W_Complete_preaccepted_appl,,,,,,A,,,122091.609375,,1665758066.0,,,,,W_Complete_preaccepted_appl,,,,,,A,,,122091.609375,,1665935897.0,,,,,A_ACCEPTED,,,,,,E,,,122091.609375,,1665943271.0,,,,,A_FINALIZED,,,,,,E,,,122091.609375,,1665948256.0,,,,,O_SELECTED,,,,,,C,,,122091.609375,,1665956448.0,,,,,O_CREATED,,,,,,C,,,122091.609375,,1665966100.0,,,,,O_SENT,,,,,,C,,,122091.609375,,1665994347.0,,,,,W_Call_after_offer,,,,,,A,,,122091.609375,,1666185544.0,,,,,0,,,,,,0,,,49805.12109375,,1661719985.0,,,,,0,,,,,,0,,,49805.12109375,,1661722831.0,,,,,0,,,,,,0,,,49805.12109375,,1661741263.0,,,,,0,,,,,,0,,,49805.12109375,,1661757591.0,,,,,0,,,,,,0,,,49805.12109375,,1661806399.9999998,,,,,0,,,,,,0,,,49805.12109375,,1661902904.0,,,,,0,,,,,,0,,,49805.12109375,,1662023352.0,,,,,0,,,,,,0,,,49805.12109375,,1662146808.0,,,,,regular
246,GEN246,19513.3515625,A_SUBMITTED,,,,,,E,,,121958.14062500004,,1665328749.0,,,,,A_PARTLYSUBMITTED,,,,,,E,,,121958.14062500004,,1665328749.0,,,,,W_Assess_fraud,,,,,,A,,,121958.14062500004,,1665531857.0,,,,,O_DECLINED,,,,,,C,,,121958.14062500004,,1665531857.0,,,,,W_Complete_preaccepted_appl,,,,,,E,,,121958.14062500004,,1665659860.0,,,,,A_ACCEPTED,,,,,,E,,,121958.14062500004,,1665671053.0,,,,,0,,,,,,0,,,49805.12109375,,1661454440.0,,,,,0,,,,,,0,,,49805.12109375,,1661616410.0,,,,,0,,,,,,0,,,49805.12109375,,1661719985.0,,,,,0,,,,,,0,,,49805.12109375,,1661719985.0,,,,,0,,,,,,0,,,49805.12109375,,1661719985.0,,,,,0,,,,,,0,,,49805.12109375,,1661719985.0,,,,,0,,,,,,0,,,49805.12109375,,1661719985.0,,,,,0,,,,,,0,,,49805.12109375,,1661722831.0,,,,,0,,,,,,0,,,49805.12109375,,1661741263.0,,,,,0,,,,,,0,,,49805.12109375,,1661757591.0,,,,,0,,,,,,0,,,49805.12109375,,1661806399.9999998,,,,,0,,,,,,0,,,49805.12109375,,1661902904.0,,,,,0,,,,,,0,,,49805.12109375,,1662023352.0,,,,,0,,,,,,0,,,49805.12109375,,1662146808.0,,,,,regular
247,GEN247,14140.91015625,A_SUBMITTED,,,,,,D,,,121551.1796875,,1665305643.0,,,,,A_PARTLYSUBMITTED,,,,,,D,,,121551.1796875,,1665309523.0,,,,,W_Assess_fraud,,,,,,A,,,121551.1796875,,1665473688.0,,,,,A_PREACCEPTED,,,,,,E,,,121551.1796875,,1665474589.0,,,,,W_Complete_preaccepted_appl,,,,,,A,,,121551.1796875,,1665656313.0,,,,,A_ACCEPTED,,,,,,E,,,121551.1796875,,1665656313.0,,,,,A_FINALIZED,,,,,,E,,,121551.1796875,,1665661858.0,,,,,O_SELECTED,,,,,,C,,,121551.1796875,,1665671250.0,,,,,O_CREATED,,,,,,C,,,121551.1796875,,1665680176.9999998,,,,,O_SENT,,,,,,C,,,121551.1796875,,1665690473.0,,,,,W_Call_after_offer,,,,,,A,,,121551.1796875,,1665768545.0,,,,,W_Call_after_offer,,,,,,A,,,121551.1796875,,1665836668.0,,,,,O_SELECTED,,,,,,C,,,121551.1796875,,1665875183.0,,,,,O_CREATED,,,,,,C,,,121551.1796875,,1665911705.9999998,,,,,O_SENT,,,,,,C,,,121551.1796875,,1665955103.0,,,,,W_Call_after_offer,,,,,,C,,,121551.1796875,,1665982999.0,,,,,W_Call_after_offer,,,,,,C,,,121551.1796875,,1666036143.0,,,,,W_Call_after_offer,,,,,,A,,,121551.1796875,,1666163661.0,,,,,W_Call_after_offer,,,,,,A,,,121551.1796875,,1666285540.0,,,,,A_DECLINED,,,,,,E,,,121551.1796875,,1666293853.0,,,,,regular
248,GEN248,18513.384765625,A_SUBMITTED,,,,,,E,,,121361.625,,1665294740.0,,,,,A_PARTLYSUBMITTED,,,,,,E,,,121361.625,,1665297840.0,,,,,W_Assess_fraud,,,,,,A,,,121361.625,,1665461858.0,,,,,A_PREACCEPTED,,,,,,E,,,121361.625,,1665464990.0,,,,,W_Complete_preaccepted_appl,,,,,,A,,,121361.625,,1665650970.0,,,,,W_Complete_preaccepted_appl,,,,,,E,,,121361.625,,1665786490.0,,,,,A_FINALIZED,,,,,,E,,,121361.625,,1665798774.0,,,,,0,,,,,,0,,,49805.12109375,,1661616410.0,,,,,0,,,,,,0,,,49805.12109375,,1661719985.0,,,,,0,,,,,,0,,,49805.12109375,,1661719985.0,,,,,0,,,,,,0,,,49805.12109375,,1661719985.0,,,,,0,,,,,,0,,,49805.12109375,,1661719985.0,,,,,0,,,,,,0,,,49805.12109375,,1661719985.0,,,,,0,,,,,,0,,,49805.12109375,,1661722831.0,,,,,0,,,,,,0,,,49805.12109375,,1661741263.0,,,,,0,,,,,,0,,,49805.12109375,,1661757591.0,,,,,0,,,,,,0,,,49805.12109375,,1661806399.9999998,,,,,0,,,,,,0,,,49805.12109375,,1661902904.0,,,,,0,,,,,,0,,,49805.12109375,,1662023352.0,,,,,0,,,,,,0,,,49805.12109375,,1662146808.0,,,,,regular
249,GEN249,17846.91015625,A_SUBMITTED,,,,,,E,,,122999.6953125,,1665391242.0,,,,,A_PARTLYSUBMITTED,,,,,,D,,,122999.6953125,,1665393734.0,,,,,W_Assess_fraud,,,,,,A,,,122999.6953125,,1665599906.0,,,,,A_PREACCEPTED,,,,,,D,,,122999.6953125,,1665607403.9999998,,,,,W_Complete_preaccepted_appl,,,,,,A,,,122999.6953125,,1665792045.0,,,,,W_Complete_preaccepted_appl,,,,,,A,,,122999.6953125,,1665981153.0,,,,,A_DECLINED,,,,,,E,,,122999.6953125,,1665984962.0000002,,,,,0,,,,,,0,,,49805.12109375,,1661616410.0,,,,,0,,,,,,0,,,49805.12109375,,1661719985.0,,,,,0,,,,,,0,,,49805.12109375,,1661719985.0,,,,,0,,,,,,0,,,49805.12109375,,1661719985.0,,,,,0,,,,,,0,,,49805.12109375,,1661719985.0,,,,,0,,,,,,0,,,49805.12109375,,1661719985.0,,,,,0,,,,,,0,,,49805.12109375,,1661722831.0,,,,,0,,,,,,0,,,49805.12109375,,1661741263.0,,,,,0,,,,,,0,,,49805.12109375,,1661757591.0,,,,,0,,,,,,0,,,49805.12109375,,1661806399.9999998,,,,,0,,,,,,0,,,49805.12109375,,1661902904.0,,,,,0,,,,,,0,,,49805.12109375,,1662023352.0,,,,,0,,,,,,0,,,49805.12109375,,1662146808.0,,,,,regular
250,GEN250,20678.345703125,A_SUBMITTED,,,,,,E,,,115755.21875,,1664957372.0,,,,,A_PARTLYSUBMITTED,,,,,,E,,,115755.21875,,1664958197.0,,,,,W_Assess_fraud,,,,,,A,,,115755.21875,,1665143086.0,,,,,O_DECLINED,,,,,,C,,,115755.21875,,1665149793.0,,,,,A_DECLINED,,,,,,E,,,115755.21875,,1665156727.0,,,,,0,,,,,,0,,,49805.12109375,,1661311977.0,,,,,0,,,,,,0,,,49805.12109375,,1661454440.0,,,,,0,,,,,,0,,,49805.12109375,,1661616410.0,,,,,0,,,,,,0,,,49805.12109375,,1661719985.0,,,,,0,,,,,,0,,,49805.12109375,,1661719985.0,,,,,0,,,,,,0,,,49805.12109375,,1661719985.0,,,,,0,,,,,,0,,,49805.12109375,,1661719985.0,,,,,0,,,,,,0,,,49805.12109375,,1661719985.0,,,,,0,,,,,,0,,,49805.12109375,,1661722831.0,,,,,0,,,,,,0,,,49805.12109375,,1661741263.0,,,,,0,,,,,,0,,,49805.12109375,,1661757591.0,,,,,0,,,,,,0,,,49805.12109375,,1661806399.9999998,,,,,0,,,,,,0,,,49805.12109375,,1661902904.0,,,,,0,,,,,,0,,,49805.12109375,,1662023352.0,,,,,0,,,,,,0,,,49805.12109375,,1662146808.0,,,,,regular
251,GEN251,17845.939453125,A_SUBMITTED,,,,,,E,,,124500.8046875,,1665483184.0,,,,,A_PARTLYSUBMITTED,,,,,,E,,,124500.8046875,,1665486724.0,,,,,W_Assess_fraud,,,,,,A,,,124500.8046875,,1665664284.0,,,,,A_PREACCEPTED,,,,,,D,,,124500.8046875,,1665673107.0,,,,,W_Complete_preaccepted_appl,,,,,,A,,,124500.8046875,,1665866200.0,,,,,W_Complete_preaccepted_appl,,,,,,A,,,124500.8046875,,1666056649.0,,,,,A_DECLINED,,,,,,D,,,124500.8046875,,1666061880.0,,,,,0,,,,,,0,,,49805.12109375,,1661616410.0,,,,,0,,,,,,0,,,49805.12109375,,1661719985.0,,,,,0,,,,,,0,,,49805.12109375,,1661719985.0,,,,,0,,,,,,0,,,49805.12109375,,1661719985.0,,,,,0,,,,,,0,,,49805.12109375,,1661719985.0,,,,,0,,,,,,0,,,49805.12109375,,1661719985.0,,,,,0,,,,,,0,,,49805.12109375,,1661722831.0,,,,,0,,,,,,0,,,49805.12109375,,1661741263.0,,,,,0,,,,,,0,,,49805.12109375,,1661757591.0,,,,,0,,,,,,0,,,49805.12109375,,1661806399.9999998,,,,,0,,,,,,0,,,49805.12109375,,1661902904.0,,,,,0,,,,,,0,,,49805.12109375,,1662023352.0,,,,,0,,,,,,0,,,49805.12109375,,1662146808.0,,,,,regular
252,GEN252,18079.4765625,A_SUBMITTED,,,,,,E,,,99846.8828125,,1664006127.0,,,,,A_PARTLYSUBMITTED,,,,,,E,,,99846.8828125,,1664011194.0,,,,,W_Assess_fraud,,,,,,A,,,99846.8828125,,1664152237.0,,,,,A_PREACCEPTED,,,,,,E,,,99846.8828125,,1664152237.0,,,,,W_Complete_preaccepted_appl,,,,,,A,,,99846.8828125,,1664341884.0,,,,,W_Complete_preaccepted_appl,,,,,,A,,,99846.8828125,,1664539550.0,,,,,W_Complete_preaccepted_appl,,,,,,A,,,99846.8828125,,1664747457.0,,,,,W_Complete_preaccepted_appl,,,,,,A,,,99846.8828125,,1664961907.0,,,,,W_Complete_preaccepted_appl,,,,,,A,,,99846.8828125,,1665175306.0,,,,,W_Complete_preaccepted_appl,,,,,,A,,,99846.8828125,,1665390842.0,,,,,W_Complete_preaccepted_appl,,,,,,A,,,99846.8828125,,1665617278.0,,,,,W_Complete_preaccepted_appl,,,,,,A,,,99846.8828125,,1665744688.0,,,,,A_ACCEPTED,,,,,,D,,,99846.8828125,,1665746195.0,,,,,A_FINALIZED,,,,,,D,,,99846.8828125,,1665752552.0,,,,,O_SELECTED,,,,,,C,,,99846.8828125,,1665757842.0,,,,,O_CREATED,,,,,,C,,,99846.8828125,,1665765577.0,,,,,O_SENT,,,,,,C,,,99846.8828125,,1665779630.0,,,,,O_SELECTED,,,,,,C,,,99846.8828125,,1665844073.0,,,,,O_CREATED,,,,,,C,,,99846.8828125,,1665877893.0000002,,,,,O_SENT,,,,,,A,,,99846.8828125,,1666006674.0,,,,,regular
253,GEN253,19557.060546875,A_SUBMITTED,,,,,,E,,,116095.640625,,1664978326.0,,,,,A_PARTLYSUBMITTED,,,,,,E,,,116095.640625,,1664981041.0,,,,,W_Assess_fraud,,,,,,A,,,116095.640625,,1665144291.0,,,,,A_PREACCEPTED,,,,,,D,,,116095.640625,,1665146410.0,,,,,W_Complete_preaccepted_appl,,,,,,A,,,116095.640625,,1665301732.0,,,,,A_DECLINED,,,,,,D,,,116095.640625,,1665301732.0,,,,,0,,,,,,0,,,49805.12109375,,1661454440.0,,,,,0,,,,,,0,,,49805.12109375,,1661616410.0,,,,,0,,,,,,0,,,49805.12109375,,1661719985.0,,,,,0,,,,,,0,,,49805.12109375,,1661719985.0,,,,,0,,,,,,0,,,49805.12109375,,1661719985.0,,,,,0,,,,,,0,,,49805.12109375,,1661719985.0,,,,,0,,,,,,0,,,49805.12109375,,1661719985.0,,,,,0,,,,,,0,,,49805.12109375,,1661722831.0,,,,,0,,,,,,0,,,49805.12109375,,1661741263.0,,,,,0,,,,,,0,,,49805.12109375,,1661757591.0,,,,,0,,,,,,0,,,49805.12109375,,1661806399.9999998,,,,,0,,,,,,0,,,49805.12109375,,1661902904.0,,,,,0,,,,,,0,,,49805.12109375,,1662023352.0,,,,,0,,,,,,0,,,49805.12109375,,1662146808.0,,,,,regular
254,GEN254,18341.556640625,A_SUBMITTED,,,,,,E,,,111859.0546875,,1664724337.0,,,,,A_PARTLYSUBMITTED,,,,,,E,,,111859.0546875,,1664727239.0,,,,,W_Assess_fraud,,,,,,A,,,111859.0546875,,1664875322.0,,,,,A_PREACCEPTED,,,,,,D,,,111859.0546875,,1664882445.0,,,,,W_Complete_preaccepted_appl,,,,,,A,,,111859.0546875,,1665033759.0,,,,,A_DECLINED,,,,,,E,,,111859.0546875,,1665037322.0,,,,,0,,,,,,0,,,49805.12109375,,1661454440.0,,,,,0,,,,,,0,,,49805.12109375,,1661616410.0,,,,,0,,,,,,0,,,49805.12109375,,1661719985.0,,,,,0,,,,,,0,,,49805.12109375,,1661719985.0,,,,,0,,,,,,0,,,49805.12109375,,1661719985.0,,,,,0,,,,,,0,,,49805.12109375,,1661719985.0,,,,,0,,,,,,0,,,49805.12109375,,1661719985.0,,,,,0,,,,,,0,,,49805.12109375,,1661722831.0,,,,,0,,,,,,0,,,49805.12109375,,1661741263.0,,,,,0,,,,,,0,,,49805.12109375,,1661757591.0,,,,,0,,,,,,0,,,49805.12109375,,1661806399.9999998,,,,,0,,,,,,0,,,49805.12109375,,1661902904.0,,,,,0,,,,,,0,,,49805.12109375,,1662023352.0,,,,,0,,,,,,0,,,49805.12109375,,1662146808.0,,,,,regular
255,GEN255,18169.40234375,A_SUBMITTED,,,,,,E,,,125725.4453125,,1665556203.0,,,,,A_PARTLYSUBMITTED,,,,,,E,,,125725.4453125,,1665560479.0,,,,,W_Assess_fraud,,,,,,A,,,125725.4453125,,1665748145.0,,,,,A_PREACCEPTED,,,,,,E,,,125725.4453125,,1665755438.0,,,,,W_Complete_preaccepted_appl,,,,,,A,,,125725.4453125,,1665935593.0,,,,,W_Complete_preaccepted_appl,,,,,,A,,,125725.4453125,,1666112262.0,,,,,W_Complete_preaccepted_appl,,,,,,A,,,125725.4453125,,1666269798.0000002,,,,,A_DECLINED,,,,,,E,,,125725.4453125,,1666275767.0,,,,,0,,,,,,0,,,49805.12109375,,1661719985.0,,,,,0,,,,,,0,,,49805.12109375,,1661719985.0,,,,,0,,,,,,0,,,49805.12109375,,1661719985.0,,,,,0,,,,,,0,,,49805.12109375,,1661719985.0,,,,,0,,,,,,0,,,49805.12109375,,1661719985.0,,,,,0,,,,,,0,,,49805.12109375,,1661722831.0,,,,,0,,,,,,0,,,49805.12109375,,1661741263.0,,,,,0,,,,,,0,,,49805.12109375,,1661757591.0,,,,,0,,,,,,0,,,49805.12109375,,1661806399.9999998,,,,,0,,,,,,0,,,49805.12109375,,1661902904.0,,,,,0,,,,,,0,,,49805.12109375,,1662023352.0,,,,,0,,,,,,0,,,49805.12109375,,1662146808.0,,,,,regular
256,GEN256,21110.173828125,A_SUBMITTED,,,,,,E,,,150227.171875,,1667025906.0,,,,,A_PARTLYSUBMITTED,,,,,,E,,,150227.171875,,1667030842.0,,,,,W_Assess_fraud,,,,,,A,,,150227.171875,,1667245106.0,,,,,A_PREACCEPTED,,,,,,E,,,150227.171875,,1667252487.0,,,,,W_Complete_preaccepted_appl,,,,,,A,,,150227.171875,,1667470062.0,,,,,W_Complete_preaccepted_appl,,,,,,A,,,150227.171875,,1667682044.0,,,,,W_Complete_preaccepted_appl,,,,,,A,,,150227.171875,,1667903628.0,,,,,W_Complete_preaccepted_appl,,,,,,A,,,150227.171875,,1668125356.0,,,,,W_Complete_preaccepted_appl,,,,,,A,,,150227.171875,,1668333710.0,,,,,A_ACCEPTED,,,,,,E,,,150227.171875,,1668333710.0,,,,,A_FINALIZED,,,,,,D,,,150227.171875,,1668342928.0,,,,,O_SELECTED,,,,,,C,,,150227.171875,,1668350802.0,,,,,O_CREATED,,,,,,C,,,150227.171875,,1668360187.0,,,,,O_SENT,,,,,,C,,,150227.171875,,1668364596.0,,,,,O_SELECTED,,,,,,C,,,150227.171875,,1668378655.0,,,,,O_CREATED,,,,,,C,,,150227.171875,,1668389078.0,,,,,O_SENT,,,,,,C,,,150227.171875,,1668466028.0,,,,,W_Call_after_offer,,,,,,A,,,150227.171875,,1668790581.0,,,,,W_Call_after_offer,,,,,,A,,,150227.171875,,1668991563.0,,,,,A_DECLINED,,,,,,E,,,150227.171875,,1668992769.0,,,,,regular
257,GEN257,18564.216796875,A_SUBMITTED,,,,,,E,,,107958.984375,,1664489732.0,,,,,A_PARTLYSUBMITTED,,,,,,E,,,107958.984375,,1664491958.0,,,,,W_Assess_fraud,,,,,,A,,,107958.984375,,1664654511.0,,,,,O_DECLINED,,,,,,C,,,107958.984375,,1664661724.0,,,,,A_DECLINED,,,,,,E,,,107958.984375,,1664677010.0,,,,,0,,,,,,0,,,49805.12109375,,1661311977.0,,,,,0,,,,,,0,,,49805.12109375,,1661454440.0,,,,,0,,,,,,0,,,49805.12109375,,1661616410.0,,,,,0,,,,,,0,,,49805.12109375,,1661719985.0,,,,,0,,,,,,0,,,49805.12109375,,1661719985.0,,,,,0,,,,,,0,,,49805.12109375,,1661719985.0,,,,,0,,,,,,0,,,49805.12109375,,1661719985.0,,,,,0,,,,,,0,,,49805.12109375,,1661719985.0,,,,,0,,,,,,0,,,49805.12109375,,1661722831.0,,,,,0,,,,,,0,,,49805.12109375,,1661741263.0,,,,,0,,,,,,0,,,49805.12109375,,1661757591.0,,,,,0,,,,,,0,,,49805.12109375,,1661806399.9999998,,,,,0,,,,,,0,,,49805.12109375,,1661902904.0,,,,,0,,,,,,0,,,49805.12109375,,1662023352.0,,,,,0,,,,,,0,,,49805.12109375,,1662146808.0,,,,,regular
258,GEN258,17692.76171875,A_SUBMITTED,,,,,,E,,,118029.6875,,1665093042.0,,,,,A_PARTLYSUBMITTED,,,,,,E,,,118029.6875,,1665096362.0,,,,,W_Assess_fraud,,,,,,A,,,118029.6875,,1665262349.0,,,,,A_PREACCEPTED,,,,,,D,,,118029.6875,,1665263627.0,,,,,W_Complete_preaccepted_appl,,,,,,A,,,118029.6875,,1665432859.0,,,,,A_CANCELLED,,,,,,E,,,118029.6875,,1665434157.0,,,,,0,,,,,,0,,,49805.12109375,,1661454440.0,,,,,0,,,,,,0,,,49805.12109375,,1661616410.0,,,,,0,,,,,,0,,,49805.12109375,,1661719985.0,,,,,0,,,,,,0,,,49805.12109375,,1661719985.0,,,,,0,,,,,,0,,,49805.12109375,,1661719985.0,,,,,0,,,,,,0,,,49805.12109375,,1661719985.0,,,,,0,,,,,,0,,,49805.12109375,,1661719985.0,,,,,0,,,,,,0,,,49805.12109375,,1661722831.0,,,,,0,,,,,,0,,,49805.12109375,,1661741263.0,,,,,0,,,,,,0,,,49805.12109375,,1661757591.0,,,,,0,,,,,,0,,,49805.12109375,,1661806399.9999998,,,,,0,,,,,,0,,,49805.12109375,,1661902904.0,,,,,0,,,,,,0,,,49805.12109375,,1662023352.0,,,,,0,,,,,,0,,,49805.12109375,,1662146808.0,,,,,regular
259,GEN259,23652.029296875,A_SUBMITTED,,,,,,E,,,80421.6171875,,1662841214.0,,,,,A_PARTLYSUBMITTED,,,,,,E,,,80421.6171875,,1662851130.0,,,,,W_Assess_fraud,,,,,,A,,,80421.6171875,,1663024334.0,,,,,A_PREACCEPTED,,,,,,E,,,80421.6171875,,1663024334.0,,,,,W_Complete_preaccepted_appl,,,,,,A,,,80421.6171875,,1663226551.0,,,,,W_Complete_preaccepted_appl,,,,,,A,,,80421.6171875,,1663422914.0,,,,,W_Complete_preaccepted_appl,,,,,,A,,,80421.6171875,,1663578798.0000002,,,,,W_Complete_preaccepted_appl,,,,,,A,,,80421.6171875,,1663717136.0,,,,,W_Complete_preaccepted_appl,,,,,,A,,,80421.6171875,,1663858730.0,,,,,W_Complete_preaccepted_appl,,,,,,A,,,80421.6171875,,1663993758.0,,,,,A_ACCEPTED,,,,,,D,,,80421.6171875,,1664015009.0,,,,,A_FINALIZED,,,,,,D,,,80421.6171875,,1664026159.0,,,,,O_SELECTED,,,,,,C,,,80421.6171875,,1664041680.0,,,,,O_CREATED,,,,,,C,,,80421.6171875,,1664052194.0,,,,,O_SENT,,,,,,C,,,80421.6171875,,1664065936.0,,,,,W_Call_after_offer,,,,,,C,,,80421.6171875,,1664158373.0,,,,,W_Call_after_offer,,,,,,C,,,80421.6171875,,1664253639.0,,,,,W_Assess_application,,,,,,C,,,80421.6171875,,1664328383.0,,,,,W_Assess_application,,,,,,A,,,80421.6171875,,1664440096.0,,,,,W_Call_missing_information,,,,,,A,,,80421.6171875,,1664553458.0,,,,,regular
260,GEN260,18603.873046875,A_SUBMITTED,,,,,,E,,,148489.03125,,1666920602.0,,,,,A_PARTLYSUBMITTED,,,,,,E,,,148489.03125,,1666920602.0,,,,,W_Assess_fraud,,,,,,A,,,148489.03125,,1667133587.0,,,,,A_PREACCEPTED,,,,,,D,,,148489.03125,,1667143589.0,,,,,W_Complete_preaccepted_appl,,,,,,A,,,148489.03125,,1667339129.0,,,,,A_ACCEPTED,,,,,,D,,,148489.03125,,1667347156.0,,,,,A_FINALIZED,,,,,,E,,,148489.03125,,1667350793.0,,,,,O_SELECTED,,,,,,C,,,148489.03125,,1667351816.0,,,,,O_CREATED,,,,,,C,,,148489.03125,,1667351931.0,,,,,O_SENT,,,,,,C,,,148489.03125,,1667357789.0,,,,,W_Call_after_offer,,,,,,A,,,148489.03125,,1667494878.0,,,,,W_Call_after_offer,,,,,,A,,,148489.03125,,1667615877.0,,,,,W_Call_after_offer,,,,,,C,,,148489.03125,,1667747694.0,,,,,W_Call_after_offer,,,,,,A,,,148489.03125,,1667981306.0,,,,,W_Call_after_offer,,,,,,A,,,148489.03125,,1668237591.0,,,,,W_Call_after_offer,,,,,,C,,,148489.03125,,1668440564.9999998,,,,,W_Call_after_offer,,,,,,C,,,148489.03125,,1668521477.0000002,,,,,W_Call_after_offer,,,,,,C,,,148489.03125,,1668541450.0,,,,,W_Call_after_offer,,,,,,C,,,148489.03125,,1668571157.0,,,,,W_Call_after_offer,,,,,,A,,,148489.03125,,1668709011.0,,,,,regular
261,GEN261,20479.357421875,A_SUBMITTED,,,,,,E,,,110641.625,,1664649758.0,,,,,A_PARTLYSUBMITTED,,,,,,E,,,110641.625,,1664656109.0,,,,,W_Assess_fraud,,,,,,A,,,110641.625,,1664821099.0,,,,,A_PREACCEPTED,,,,,,E,,,110641.625,,1664861945.0,,,,,W_Complete_preaccepted_appl,,,,,,A,,,110641.625,,1665043174.0,,,,,W_Complete_preaccepted_appl,,,,,,A,,,110641.625,,1665192406.0,,,,,A_CANCELLED,,,,,,E,,,110641.625,,1665217458.0,,,,,0,,,,,,0,,,49805.12109375,,1661616410.0,,,,,0,,,,,,0,,,49805.12109375,,1661719985.0,,,,,0,,,,,,0,,,49805.12109375,,1661719985.0,,,,,0,,,,,,0,,,49805.12109375,,1661719985.0,,,,,0,,,,,,0,,,49805.12109375,,1661719985.0,,,,,0,,,,,,0,,,49805.12109375,,1661719985.0,,,,,0,,,,,,0,,,49805.12109375,,1661722831.0,,,,,0,,,,,,0,,,49805.12109375,,1661741263.0,,,,,0,,,,,,0,,,49805.12109375,,1661757591.0,,,,,0,,,,,,0,,,49805.12109375,,1661806399.9999998,,,,,0,,,,,,0,,,49805.12109375,,1661902904.0,,,,,0,,,,,,0,,,49805.12109375,,1662023352.0,,,,,0,,,,,,0,,,49805.12109375,,1662146808.0,,,,,regular
262,GEN262,21920.966796875004,A_SUBMITTED,,,,,,E,,,114352.8359375,,1664872431.0,,,,,A_PARTLYSUBMITTED,,,,,,E,,,114352.8359375,,1664872431.0,,,,,W_Assess_fraud,,,,,,A,,,114352.8359375,,1665027570.0,,,,,A_PREACCEPTED,,,,,,D,,,114352.8359375,,1665027570.0,,,,,W_Complete_preaccepted_appl,,,,,,A,,,114352.8359375,,1665153194.0,,,,,W_Complete_preaccepted_appl,,,,,,A,,,114352.8359375,,1665231035.0,,,,,A_ACCEPTED,,,,,,D,,,114352.8359375,,1665231035.0,,,,,A_FINALIZED,,,,,,E,,,114352.8359375,,1665245123.0,,,,,O_SELECTED,,,,,,C,,,114352.8359375,,1665259815.0,,,,,O_CREATED,,,,,,C,,,114352.8359375,,1665271667.0,,,,,O_SENT,,,,,,C,,,114352.8359375,,1665281734.0,,,,,W_Call_after_offer,,,,,,A,,,114352.8359375,,1665420142.0,,,,,W_Call_after_offer,,,,,,A,,,114352.8359375,,1665444278.0,,,,,W_Call_after_offer,,,,,,A,,,114352.8359375,,1665493957.0,,,,,W_Call_after_offer,,,,,,A,,,114352.8359375,,1665534641.0,,,,,O_SELECTED,,,,,,C,,,114352.8359375,,1665567721.0,,,,,O_SENT,,,,,,C,,,114352.8359375,,1665599746.9999998,,,,,W_Call_after_offer,,,,,,A,,,114352.8359375,,1665665612.0,,,,,W_Call_after_offer,,,,,,A,,,114352.8359375,,1665749629.9999998,,,,,W_Assess_application,,,,,,A,,,114352.8359375,,1665865048.0,,,,,regular
263,GEN263,17512.68359375,A_SUBMITTED,,,,,,E,,,114829.328125,,1664901020.0,,,,,A_PARTLYSUBMITTED,,,,,,E,,,114829.328125,,1664904151.0,,,,,W_Assess_fraud,,,,,,A,,,114829.328125,,1665051889.0,,,,,A_PREACCEPTED,,,,,,E,,,114829.328125,,1665075379.0,,,,,W_Complete_preaccepted_appl,,,,,,A,,,114829.328125,,1665222848.0,,,,,W_Complete_preaccepted_appl,,,,,,A,,,114829.328125,,1665383608.0000002,,,,,W_Complete_preaccepted_appl,,,,,,A,,,114829.328125,,1665535667.0,,,,,W_Complete_preaccepted_appl,,,,,,A,,,114829.328125,,1665605224.0,,,,,A_DECLINED,,,,,,D,,,114829.328125,,1665614241.0000002,,,,,0,,,,,,0,,,49805.12109375,,1661719985.0,,,,,0,,,,,,0,,,49805.12109375,,1661719985.0,,,,,0,,,,,,0,,,49805.12109375,,1661719985.0,,,,,0,,,,,,0,,,49805.12109375,,1661719985.0,,,,,0,,,,,,0,,,49805.12109375,,1661722831.0,,,,,0,,,,,,0,,,49805.12109375,,1661741263.0,,,,,0,,,,,,0,,,49805.12109375,,1661757591.0,,,,,0,,,,,,0,,,49805.12109375,,1661806399.9999998,,,,,0,,,,,,0,,,49805.12109375,,1661902904.0,,,,,0,,,,,,0,,,49805.12109375,,1662023352.0,,,,,0,,,,,,0,,,49805.12109375,,1662146808.0,,,,,regular
264,GEN264,22435.86328125,A_SUBMITTED,,,,,,E,,,96360.65625,,1663792900.0,,,,,A_PARTLYSUBMITTED,,,,,,E,,,96360.65625,,1663799163.0,,,,,W_Assess_fraud,,,,,,A,,,96360.65625,,1664021328.0,,,,,A_PREACCEPTED,,,,,,E,,,96360.65625,,1664026277.0,,,,,W_Complete_preaccepted_appl,,,,,,A,,,96360.65625,,1664287518.0,,,,,W_Complete_preaccepted_appl,,,,,,A,,,96360.65625,,1664536875.0,,,,,W_Complete_preaccepted_appl,,,,,,A,,,96360.65625,,1664770663.0,,,,,W_Complete_preaccepted_appl,,,,,,A,,,96360.65625,,1664993481.0,,,,,A_ACCEPTED,,,,,,D,,,96360.65625,,1665031833.0,,,,,A_FINALIZED,,,,,,D,,,96360.65625,,1665043437.0,,,,,O_SELECTED,,,,,,C,,,96360.65625,,1665054682.0,,,,,O_CREATED,,,,,,C,,,96360.65625,,1665063295.0,,,,,O_SENT,,,,,,C,,,96360.65625,,1665071521.0,,,,,W_Call_after_offer,,,,,,C,,,96360.65625,,1665292200.0,,,,,O_CREATED,,,,,,C,,,96360.65625,,1665480979.9999998,,,,,O_SENT,,,,,,C,,,96360.65625,,1665541960.0,,,,,O_SELECTED,,,,,,C,,,96360.65625,,1665660082.0,,,,,O_SELECTED,,,,,,C,,,96360.65625,,1665744689.0,,,,,O_CREATED,,,,,,C,,,96360.65625,,1665849056.0,,,,,O_SENT,,,,,,C,,,96360.65625,,1665997149.0,,,,,regular
265,GEN265,17492.24609375,A_SUBMITTED,,,,,,E,,,131271.171875,,1665887582.0,,,,,A_PARTLYSUBMITTED,,,,,,E,,,131271.171875,,1665891725.0,,,,,W_Assess_fraud,,,,,,A,,,131271.171875,,1666106387.0,,,,,A_PREACCEPTED,,,,,,E,,,131271.171875,,1666109592.0,,,,,W_Complete_preaccepted_appl,,,,,,A,,,131271.171875,,1666338660.0,,,,,W_Complete_preaccepted_appl,,,,,,A,,,131271.171875,,1666565794.0,,,,,A_DECLINED,,,,,,E,,,131271.171875,,1666569871.0,,,,,0,,,,,,0,,,49805.12109375,,1661616410.0,,,,,0,,,,,,0,,,49805.12109375,,1661719985.0,,,,,0,,,,,,0,,,49805.12109375,,1661719985.0,,,,,0,,,,,,0,,,49805.12109375,,1661719985.0,,,,,0,,,,,,0,,,49805.12109375,,1661719985.0,,,,,0,,,,,,0,,,49805.12109375,,1661719985.0,,,,,0,,,,,,0,,,49805.12109375,,1661722831.0,,,,,0,,,,,,0,,,49805.12109375,,1661741263.0,,,,,0,,,,,,0,,,49805.12109375,,1661757591.0,,,,,0,,,,,,0,,,49805.12109375,,1661806399.9999998,,,,,0,,,,,,0,,,49805.12109375,,1661902904.0,,,,,0,,,,,,0,,,49805.12109375,,1662023352.0,,,,,0,,,,,,0,,,49805.12109375,,1662146808.0,,,,,regular
266,GEN266,18692.822265625,A_SUBMITTED,,,,,,E,,,123388.015625,,1665414541.0,,,,,A_PARTLYSUBMITTED,,,,,,E,,,123388.015625,,1665419840.0,,,,,W_Assess_fraud,,,,,,A,,,123388.015625,,1665601012.0,,,,,A_PREACCEPTED,,,,,,E,,,123388.015625,,1665617115.0,,,,,W_Complete_preaccepted_appl,,,,,,A,,,123388.015625,,1665814297.0,,,,,W_Complete_preaccepted_appl,,,,,,A,,,123388.015625,,1666024775.0,,,,,A_CANCELLED,,,,,,E,,,123388.015625,,1666024775.0,,,,,0,,,,,,0,,,49805.12109375,,1661616410.0,,,,,0,,,,,,0,,,49805.12109375,,1661719985.0,,,,,0,,,,,,0,,,49805.12109375,,1661719985.0,,,,,0,,,,,,0,,,49805.12109375,,1661719985.0,,,,,0,,,,,,0,,,49805.12109375,,1661719985.0,,,,,0,,,,,,0,,,49805.12109375,,1661719985.0,,,,,0,,,,,,0,,,49805.12109375,,1661722831.0,,,,,0,,,,,,0,,,49805.12109375,,1661741263.0,,,,,0,,,,,,0,,,49805.12109375,,1661757591.0,,,,,0,,,,,,0,,,49805.12109375,,1661806399.9999998,,,,,0,,,,,,0,,,49805.12109375,,1661902904.0,,,,,0,,,,,,0,,,49805.12109375,,1662023352.0,,,,,0,,,,,,0,,,49805.12109375,,1662146808.0,,,,,regular
267,GEN267,19840.314453125004,A_SUBMITTED,,,,,,E,,,118482.21875,,1665123406.0,,,,,A_PARTLYSUBMITTED,,,,,,E,,,118482.21875,,1665128289.0,,,,,W_Assess_fraud,,,,,,A,,,118482.21875,,1665317378.0,,,,,A_PREACCEPTED,,,,,,E,,,118482.21875,,1665333927.0,,,,,W_Complete_preaccepted_appl,,,,,,A,,,118482.21875,,1665536055.0,,,,,W_Complete_preaccepted_appl,,,,,,A,,,118482.21875,,1665755905.0,,,,,W_Complete_preaccepted_appl,,,,,,A,,,118482.21875,,1665980244.0,,,,,W_Complete_preaccepted_appl,,,,,,A,,,118482.21875,,1666200850.0,,,,,A_ACCEPTED,,,,,,D,,,118482.21875,,1666207080.0,,,,,A_FINALIZED,,,,,,E,,,118482.21875,,1666213840.0,,,,,O_SELECTED,,,,,,C,,,118482.21875,,1666221630.0,,,,,O_CREATED,,,,,,C,,,118482.21875,,1666230459.0,,,,,O_SENT,,,,,,C,,,118482.21875,,1666233939.0,,,,,O_SELECTED,,,,,,C,,,118482.21875,,1666322349.0,,,,,O_CREATED,,,,,,C,,,118482.21875,,1666371578.0,,,,,O_SENT,,,,,,C,,,118482.21875,,1666436315.0000002,,,,,W_Call_after_offer,,,,,,A,,,118482.21875,,1666734822.0,,,,,W_Call_after_offer,,,,,,A,,,118482.21875,,1666951391.0,,,,,W_Call_after_offer,,,,,,A,,,118482.21875,,1667154910.0,,,,,W_Call_after_offer,,,,,,A,,,118482.21875,,1667450185.0,,,,,regular
268,GEN268,17207.35546875,A_SUBMITTED,,,,,,D,,,108696.1328125,,1664534052.0,,,,,A_PARTLYSUBMITTED,,,,,,E,,,108696.1328125,,1664537308.9999998,,,,,W_Assess_fraud,,,,,,A,,,108696.1328125,,1664693120.0,,,,,A_PREACCEPTED,,,,,,E,,,108696.1328125,,1664705982.0,,,,,W_Complete_preaccepted_appl,,,,,,A,,,108696.1328125,,1664863995.0,,,,,A_ACCEPTED,,,,,,E,,,108696.1328125,,1664866698.0,,,,,A_FINALIZED,,,,,,E,,,108696.1328125,,1664869177.0000002,,,,,O_SELECTED,,,,,,C,,,108696.1328125,,1664875925.0,,,,,O_CREATED,,,,,,C,,,108696.1328125,,1664883813.0,,,,,O_SENT,,,,,,C,,,108696.1328125,,1664895834.0,,,,,W_Call_after_offer,,,,,,A,,,108696.1328125,,1665070440.0,,,,,W_Call_after_offer,,,,,,A,,,108696.1328125,,1665210428.0,,,,,W_Call_after_offer,,,,,,A,,,108696.1328125,,1665256597.0,,,,,O_SELECTED,,,,,,C,,,108696.1328125,,1665264124.0,,,,,O_CREATED,,,,,,C,,,108696.1328125,,1665306317.0,,,,,W_Call_after_offer,,,,,,C,,,108696.1328125,,1665418967.0,,,,,W_Call_after_offer,,,,,,A,,,108696.1328125,,1665577733.0,,,,,A_DECLINED,,,,,,D,,,108696.1328125,,1665592020.0,,,,,0,,,,,,0,,,49805.12109375,,1662023352.0,,,,,0,,,,,,0,,,49805.12109375,,1662146808.0,,,,,regular
269,GEN269,18004.564453125,A_SUBMITTED,,,,,,E,,,134739.34375000003,,1666095621.0,,,,,A_PARTLYSUBMITTED,,,,,,E,,,134739.34375000003,,1666099377.0,,,,,W_Assess_fraud,,,,,,A,,,134739.34375000003,,1666312862.0,,,,,A_PREACCEPTED,,,,,,E,,,134739.34375000003,,1666313202.0,,,,,W_Complete_preaccepted_appl,,,,,,A,,,134739.34375000003,,1666528477.0,,,,,W_Complete_preaccepted_appl,,,,,,A,,,134739.34375000003,,1666745155.0,,,,,A_DECLINED,,,,,,E,,,134739.34375000003,,1666750991.0,,,,,0,,,,,,0,,,49805.12109375,,1661616410.0,,,,,0,,,,,,0,,,49805.12109375,,1661719985.0,,,,,0,,,,,,0,,,49805.12109375,,1661719985.0,,,,,0,,,,,,0,,,49805.12109375,,1661719985.0,,,,,0,,,,,,0,,,49805.12109375,,1661719985.0,,,,,0,,,,,,0,,,49805.12109375,,1661719985.0,,,,,0,,,,,,0,,,49805.12109375,,1661722831.0,,,,,0,,,,,,0,,,49805.12109375,,1661741263.0,,,,,0,,,,,,0,,,49805.12109375,,1661757591.0,,,,,0,,,,,,0,,,49805.12109375,,1661806399.9999998,,,,,0,,,,,,0,,,49805.12109375,,1661902904.0,,,,,0,,,,,,0,,,49805.12109375,,1662023352.0,,,,,0,,,,,,0,,,49805.12109375,,1662146808.0,,,,,regular
270,GEN270,20144.560546875,A_SUBMITTED,,,,,,E,,,106954.1640625,,1664428510.0,,,,,A_PARTLYSUBMITTED,,,,,,E,,,106954.1640625,,1664433250.0000002,,,,,W_Assess_fraud,,,,,,A,,,106954.1640625,,1664599153.0,,,,,A_PREACCEPTED,,,,,,E,,,106954.1640625,,1664622993.0,,,,,W_Complete_preaccepted_appl,,,,,,A,,,106954.1640625,,1664768592.0,,,,,W_Complete_preaccepted_appl,,,,,,A,,,106954.1640625,,1664924873.0,,,,,W_Complete_preaccepted_appl,,,,,,A,,,106954.1640625,,1665097821.0,,,,,W_Complete_preaccepted_appl,,,,,,A,,,106954.1640625,,1665189986.0,,,,,A_CANCELLED,,,,,,D,,,106954.1640625,,1665190463.0,,,,,0,,,,,,0,,,49805.12109375,,1661719985.0,,,,,0,,,,,,0,,,49805.12109375,,1661719985.0,,,,,0,,,,,,0,,,49805.12109375,,1661719985.0,,,,,0,,,,,,0,,,49805.12109375,,1661719985.0,,,,,0,,,,,,0,,,49805.12109375,,1661722831.0,,,,,0,,,,,,0,,,49805.12109375,,1661741263.0,,,,,0,,,,,,0,,,49805.12109375,,1661757591.0,,,,,0,,,,,,0,,,49805.12109375,,1661806399.9999998,,,,,0,,,,,,0,,,49805.12109375,,1661902904.0,,,,,0,,,,,,0,,,49805.12109375,,1662023352.0,,,,,0,,,,,,0,,,49805.12109375,,1662146808.0,,,,,regular
271,GEN271,17144.20703125,A_SUBMITTED,,,,,,E,,,118963.625,,1665150332.0,,,,,A_PARTLYSUBMITTED,,,,,,E,,,118963.625,,1665156616.0,,,,,W_Assess_fraud,,,,,,A,,,118963.625,,1665327956.0,,,,,A_CANCELLED,,,,,,D,,,118963.625,,1665336026.0,,,,,0,,,,,,0,,,49805.12109375,,1661208227.0,,,,,0,,,,,,0,,,49805.12109375,,1661311977.0,,,,,0,,,,,,0,,,49805.12109375,,1661454440.0,,,,,0,,,,,,0,,,49805.12109375,,1661616410.0,,,,,0,,,,,,0,,,49805.12109375,,1661719985.0,,,,,0,,,,,,0,,,49805.12109375,,1661719985.0,,,,,0,,,,,,0,,,49805.12109375,,1661719985.0,,,,,0,,,,,,0,,,49805.12109375,,1661719985.0,,,,,0,,,,,,0,,,49805.12109375,,1661719985.0,,,,,0,,,,,,0,,,49805.12109375,,1661722831.0,,,,,0,,,,,,0,,,49805.12109375,,1661741263.0,,,,,0,,,,,,0,,,49805.12109375,,1661757591.0,,,,,0,,,,,,0,,,49805.12109375,,1661806399.9999998,,,,,0,,,,,,0,,,49805.12109375,,1661902904.0,,,,,0,,,,,,0,,,49805.12109375,,1662023352.0,,,,,0,,,,,,0,,,49805.12109375,,1662146808.0,,,,,regular
272,GEN272,21122.505859375,A_SUBMITTED,,,,,,E,,,97927.8046875,,1663891567.0,,,,,A_PARTLYSUBMITTED,,,,,,E,,,97927.8046875,,1663891567.0,,,,,W_Assess_fraud,,,,,,A,,,97927.8046875,,1663974573.0,,,,,A_PREACCEPTED,,,,,,E,,,97927.8046875,,1663974573.0,,,,,W_Complete_preaccepted_appl,,,,,,A,,,97927.8046875,,1663999240.0,,,,,W_Complete_preaccepted_appl,,,,,,A,,,97927.8046875,,1664029633.0,,,,,W_Complete_preaccepted_appl,,,,,,A,,,97927.8046875,,1664062983.0,,,,,W_Complete_preaccepted_appl,,,,,,A,,,97927.8046875,,1664119989.0,,,,,W_Complete_preaccepted_appl,,,,,,A,,,97927.8046875,,1664200733.0,,,,,W_Complete_preaccepted_appl,,,,,,A,,,97927.8046875,,1664286347.0,,,,,A_ACCEPTED,,,,,,D,,,97927.8046875,,1664298976.0,,,,,A_FINALIZED,,,,,,E,,,97927.8046875,,1664307704.0,,,,,O_SELECTED,,,,,,C,,,97927.8046875,,1664317053.0,,,,,O_CREATED,,,,,,C,,,97927.8046875,,1664327187.0,,,,,O_SENT,,,,,,C,,,97927.8046875,,1664340673.0,,,,,O_SELECTED,,,,,,C,,,97927.8046875,,1664349022.0,,,,,O_CREATED,,,,,,C,,,97927.8046875,,1664361950.0,,,,,O_SENT,,,,,,C,,,97927.8046875,,1664376221.0,,,,,W_Call_after_offer,,,,,,A,,,97927.8046875,,1664399495.0,,,,,W_Call_after_offer,,,,,,A,,,97927.8046875,,1664447167.0,,,,,regular
273,GEN273,18516.6796875,A_SUBMITTED,,,,,,E,,,126178.25,,1665584402.0,,,,,A_PARTLYSUBMITTED,,,,,,E,,,126178.25,,1665589256.0,,,,,W_Assess_fraud,,,,,,A,,,126178.25,,1665813811.0,,,,,A_PREACCEPTED,,,,,,E,,,126178.25,,1665819157.0,,,,,W_Complete_preaccepted_appl,,,,,,A,,,126178.25,,1666019066.0,,,,,W_Complete_preaccepted_appl,,,,,,A,,,126178.25,,1666249338.0,,,,,A_ACCEPTED,,,,,,E,,,126178.25,,1666250018.0,,,,,A_FINALIZED,,,,,,E,,,126178.25,,1666255689.0,,,,,O_SELECTED,,,,,,C,,,126178.25,,1666264239.0,,,,,O_CREATED,,,,,,C,,,126178.25,,1666273008.0,,,,,O_SENT,,,,,,C,,,126178.25,,1666291527.0,,,,,W_Call_after_offer,,,,,,A,,,126178.25,,1666501293.0,,,,,A_DECLINED,,,,,,A,,,126178.25,,1666585239.9999998,,,,,0,,,,,,0,,,49805.12109375,,1661722831.0,,,,,0,,,,,,0,,,49805.12109375,,1661741263.0,,,,,0,,,,,,0,,,49805.12109375,,1661757591.0,,,,,0,,,,,,0,,,49805.12109375,,1661806399.9999998,,,,,0,,,,,,0,,,49805.12109375,,1661902904.0,,,,,0,,,,,,0,,,49805.12109375,,1662023352.0,,,,,0,,,,,,0,,,49805.12109375,,1662146808.0,,,,,regular
274,GEN274,21252.3203125,A_SUBMITTED,,,,,,E,,,138499.828125,,1666324035.0,,,,,A_PARTLYSUBMITTED,,,,,,D,,,138499.828125,,1666328327.0,,,,,W_Assess_fraud,,,,,,A,,,138499.828125,,1666530046.0,,,,,A_PREACCEPTED,,,,,,E,,,138499.828125,,1666552207.0,,,,,W_Complete_preaccepted_appl,,,,,,A,,,138499.828125,,1666764970.0,,,,,W_Complete_preaccepted_appl,,,,,,A,,,138499.828125,,1666984459.0,,,,,A_ACCEPTED,,,,,,D,,,138499.828125,,1667001943.0,,,,,A_FINALIZED,,,,,,D,,,138499.828125,,1667007457.0,,,,,O_SELECTED,,,,,,C,,,138499.828125,,1667014895.0,,,,,O_CREATED,,,,,,C,,,138499.828125,,1667022520.0,,,,,O_SENT,,,,,,C,,,138499.828125,,1667032521.0,,,,,O_SELECTED,,,,,,C,,,138499.828125,,1667156367.0,,,,,O_CREATED,,,,,,C,,,138499.828125,,1667220886.0,,,,,O_CREATED,,,,,,C,,,138499.828125,,1667269220.0,,,,,O_SENT,,,,,,C,,,138499.828125,,1667311576.9999998,,,,,W_Call_after_offer,,,,,,A,,,138499.828125,,1667361865.0,,,,,O_CREATED,,,,,,C,,,138499.828125,,1667381546.0,,,,,O_CREATED,,,,,,C,,,138499.828125,,1667439202.0,,,,,O_SENT,,,,,,C,,,138499.828125,,1667595092.0,,,,,W_Call_after_offer,,,,,,A,,,138499.828125,,1667796967.0,,,,,regular
275,GEN275,17144.68359375,A_SUBMITTED,,,,,,E,,,130122.1640625,,1665820639.0,,,,,A_PARTLYSUBMITTED,,,,,,E,,,130122.1640625,,1665825405.0,,,,,W_Assess_fraud,,,,,,A,,,130122.1640625,,1666039698.0,,,,,A_PREACCEPTED,,,,,,E,,,130122.1640625,,1666051985.0,,,,,W_Complete_preaccepted_appl,,,,,,A,,,130122.1640625,,1666250743.0,,,,,W_Complete_preaccepted_appl,,,,,,A,,,130122.1640625,,1666441322.0,,,,,W_Complete_preaccepted_appl,,,,,,A,,,130122.1640625,,1666580383.0,,,,,A_FINALIZED,,,,,,E,,,130122.1640625,,1666585579.0,,,,,O_SELECTED,,,,,,C,,,130122.1640625,,1666591317.0,,,,,O_CREATED,,,,,,C,,,130122.1640625,,1666599273.0,,,,,O_SENT,,,,,,C,,,130122.1640625,,1666609036.0,,,,,W_Call_after_offer,,,,,,A,,,130122.1640625,,1666767788.0,,,,,A_DECLINED,,,,,,A,,,130122.1640625,,1666872885.0,,,,,0,,,,,,0,,,49805.12109375,,1661722831.0,,,,,0,,,,,,0,,,49805.12109375,,1661741263.0,,,,,0,,,,,,0,,,49805.12109375,,1661757591.0,,,,,0,,,,,,0,,,49805.12109375,,1661806399.9999998,,,,,0,,,,,,0,,,49805.12109375,,1661902904.0,,,,,0,,,,,,0,,,49805.12109375,,1662023352.0,,,,,0,,,,,,0,,,49805.12109375,,1662146808.0,,,,,regular
276,GEN276,18977.0703125,A_SUBMITTED,,,,,,E,,,111710.0234375,,1664713862.0,,,,,A_PARTLYSUBMITTED,,,,,,E,,,111710.0234375,,1664713862.0,,,,,W_Assess_fraud,,,,,,A,,,111710.0234375,,1664876586.0,,,,,O_DECLINED,,,,,,C,,,111710.0234375,,1664884712.0,,,,,A_DECLINED,,,,,,E,,,111710.0234375,,1664888769.0,,,,,0,,,,,,0,,,49805.12109375,,1661311977.0,,,,,0,,,,,,0,,,49805.12109375,,1661454440.0,,,,,0,,,,,,0,,,49805.12109375,,1661616410.0,,,,,0,,,,,,0,,,49805.12109375,,1661719985.0,,,,,0,,,,,,0,,,49805.12109375,,1661719985.0,,,,,0,,,,,,0,,,49805.12109375,,1661719985.0,,,,,0,,,,,,0,,,49805.12109375,,1661719985.0,,,,,0,,,,,,0,,,49805.12109375,,1661719985.0,,,,,0,,,,,,0,,,49805.12109375,,1661722831.0,,,,,0,,,,,,0,,,49805.12109375,,1661741263.0,,,,,0,,,,,,0,,,49805.12109375,,1661757591.0,,,,,0,,,,,,0,,,49805.12109375,,1661806399.9999998,,,,,0,,,,,,0,,,49805.12109375,,1661902904.0,,,,,0,,,,,,0,,,49805.12109375,,1662023352.0,,,,,0,,,,,,0,,,49805.12109375,,1662146808.0,,,,,regular
277,GEN277,17920.40625,A_SUBMITTED,,,,,,E,,,100417.0234375,,1664036282.0,,,,,A_PARTLYSUBMITTED,,,,,,E,,,100417.0234375,,1664042168.0,,,,,W_Assess_fraud,,,,,,A,,,100417.0234375,,1664200556.0,,,,,A_PREACCEPTED,,,,,,E,,,100417.0234375,,1664222052.0,,,,,W_Complete_preaccepted_appl,,,,,,A,,,100417.0234375,,1664404827.0,,,,,W_Complete_preaccepted_appl,,,,,,A,,,100417.0234375,,1664614075.0,,,,,W_Complete_preaccepted_appl,,,,,,A,,,100417.0234375,,1664817994.0,,,,,W_Complete_preaccepted_appl,,,,,,A,,,100417.0234375,,1665018379.0,,,,,W_Complete_preaccepted_appl,,,,,,A,,,100417.0234375,,1665216608.0,,,,,W_Complete_preaccepted_appl,,,,,,A,,,100417.0234375,,1665418136.0000002,,,,,W_Complete_preaccepted_appl,,,,,,A,,,100417.0234375,,1665621183.0,,,,,W_Complete_preaccepted_appl,,,,,,A,,,100417.0234375,,1665822011.0,,,,,W_Complete_preaccepted_appl,,,,,,A,,,100417.0234375,,1666000813.0,,,,,W_Complete_preaccepted_appl,,,,,,A,,,100417.0234375,,1666106919.0,,,,,A_DECLINED,,,,,,D,,,100417.0234375,,1666112872.9999998,,,,,0,,,,,,0,,,49805.12109375,,1661757591.0,,,,,0,,,,,,0,,,49805.12109375,,1661806399.9999998,,,,,0,,,,,,0,,,49805.12109375,,1661902904.0,,,,,0,,,,,,0,,,49805.12109375,,1662023352.0,,,,,0,,,,,,0,,,49805.12109375,,1662146808.0,,,,,regular
278,GEN278,18920.013671875,A_SUBMITTED,,,,,,E,,,130770.453125,,1665858384.0,,,,,A_PARTLYSUBMITTED,,,,,,E,,,130770.453125,,1665862984.0,,,,,W_Assess_fraud,,,,,,A,,,130770.453125,,1666057148.0,,,,,A_PREACCEPTED,,,,,,D,,,130770.453125,,1666080286.0,,,,,W_Complete_preaccepted_appl,,,,,,A,,,130770.453125,,1666268769.0,,,,,W_Complete_preaccepted_appl,,,,,,A,,,130770.453125,,1666460343.0,,,,,W_Complete_preaccepted_appl,,,,,,A,,,130770.453125,,1666647887.0,,,,,W_Complete_preaccepted_appl,,,,,,A,,,130770.453125,,1666809485.0,,,,,A_ACCEPTED,,,,,,D,,,130770.453125,,1666809485.0,,,,,A_FINALIZED,,,,,,D,,,130770.453125,,1666818929.0,,,,,O_SELECTED,,,,,,C,,,130770.453125,,1666825689.0,,,,,O_SENT,,,,,,C,,,130770.453125,,1666834920.0000002,,,,,W_Call_after_offer,,,,,,A,,,130770.453125,,1666999335.0,,,,,W_Call_after_offer,,,,,,A,,,130770.453125,,1667202435.0,,,,,W_Call_after_offer,,,,,,A,,,130770.453125,,1667381579.0,,,,,W_Call_after_offer,,,,,,A,,,130770.453125,,1667516601.0,,,,,A_DECLINED,,,,,,E,,,130770.453125,,1667516601.0,,,,,0,,,,,,0,,,49805.12109375,,1661902904.0,,,,,0,,,,,,0,,,49805.12109375,,1662023352.0,,,,,0,,,,,,0,,,49805.12109375,,1662146808.0,,,,,regular
279,GEN279,11589.4619140625,A_SUBMITTED,,,,,,E,,,103487.1171875,,1664230578.0,,,,,A_PARTLYSUBMITTED,,,,,,E,,,103487.1171875,,1664230578.0,,,,,W_Assess_fraud,,,,,,A,,,103487.1171875,,1664355410.0,,,,,A_PREACCEPTED,,,,,,E,,,103487.1171875,,1664355410.0,,,,,W_Complete_preaccepted_appl,,,,,,A,,,103487.1171875,,1664445063.0,,,,,A_ACCEPTED,,,,,,E,,,103487.1171875,,1664445063.0,,,,,A_FINALIZED,,,,,,E,,,103487.1171875,,1664445063.0,,,,,O_SELECTED,,,,,,C,,,103487.1171875,,1664445063.0,,,,,O_CREATED,,,,,,C,,,103487.1171875,,1664445063.0,,,,,O_SENT,,,,,,C,,,103487.1171875,,1664445063.0,,,,,W_Call_after_offer,,,,,,A,,,103487.1171875,,1664459228.0,,,,,W_Call_after_offer,,,,,,A,,,103487.1171875,,1664471694.0,,,,,W_Call_after_offer,,,,,,A,,,103487.1171875,,1664509279.0,,,,,W_Call_after_offer,,,,,,A,,,103487.1171875,,1664571049.0,,,,,W_Assess_application,,,,,,A,,,103487.1171875,,1664648029.0,,,,,W_Assess_application,,,,,,A,,,103487.1171875,,1664726201.0000002,,,,,W_Call_after_offer,,,,,,A,,,103487.1171875,,1664799480.0,,,,,W_Call_after_offer,,,,,,A,,,103487.1171875,,1664872515.0,,,,,W_Call_after_offer,,,,,,A,,,103487.1171875,,1664942629.0,,,,,W_Call_after_offer,,,,,,A,,,103487.1171875,,1665016309.0,,,,,regular
280,GEN280,18523.875,A_SUBMITTED,,,,,,E,,,112936.734375,,1664788496.0,,,,,A_PARTLYSUBMITTED,,,,,,E,,,112936.734375,,1664791338.0,,,,,W_Assess_fraud,,,,,,A,,,112936.734375,,1664957013.0,,,,,A_PREACCEPTED,,,,,,D,,,112936.734375,,1664963417.0,,,,,W_Complete_preaccepted_appl,,,,,,A,,,112936.734375,,1665083289.0,,,,,A_DECLINED,,,,,,E,,,112936.734375,,1665083289.0,,,,,0,,,,,,0,,,49805.12109375,,1661454440.0,,,,,0,,,,,,0,,,49805.12109375,,1661616410.0,,,,,0,,,,,,0,,,49805.12109375,,1661719985.0,,,,,0,,,,,,0,,,49805.12109375,,1661719985.0,,,,,0,,,,,,0,,,49805.12109375,,1661719985.0,,,,,0,,,,,,0,,,49805.12109375,,1661719985.0,,,,,0,,,,,,0,,,49805.12109375,,1661719985.0,,,,,0,,,,,,0,,,49805.12109375,,1661722831.0,,,,,0,,,,,,0,,,49805.12109375,,1661741263.0,,,,,0,,,,,,0,,,49805.12109375,,1661757591.0,,,,,0,,,,,,0,,,49805.12109375,,1661806399.9999998,,,,,0,,,,,,0,,,49805.12109375,,1661902904.0,,,,,0,,,,,,0,,,49805.12109375,,1662023352.0,,,,,0,,,,,,0,,,49805.12109375,,1662146808.0,,,,,regular
281,GEN281,18128.41015625,A_SUBMITTED,,,,,,E,,,127471.4375,,1665659547.0,,,,,A_PARTLYSUBMITTED,,,,,,E,,,127471.4375,,1665663851.0,,,,,W_Assess_fraud,,,,,,A,,,127471.4375,,1665808078.0,,,,,A_PREACCEPTED,,,,,,D,,,127471.4375,,1665821940.0,,,,,W_Complete_preaccepted_appl,,,,,,A,,,127471.4375,,1665997370.0,,,,,W_Complete_preaccepted_appl,,,,,,A,,,127471.4375,,1666169502.0,,,,,W_Complete_preaccepted_appl,,,,,,D,,,127471.4375,,1666291147.0,,,,,A_FINALIZED,,,,,,D,,,127471.4375,,1666304059.0,,,,,O_SELECTED,,,,,,C,,,127471.4375,,1666309394.0,,,,,O_CREATED,,,,,,C,,,127471.4375,,1666314136.0,,,,,O_SENT,,,,,,A,,,127471.4375,,1666335356.0,,,,,W_Call_after_offer,,,,,,A,,,127471.4375,,1666528710.0,,,,,W_Call_after_offer,,,,,,A,,,127471.4375,,1666635568.0,,,,,W_Call_missing_information,,,,,,A,,,127471.4375,,1666796156.0,,,,,W_Call_missing_information,,,,,,A,,,127471.4375,,1666923323.0,,,,,W_Call_missing_information,,,,,,E,,,127471.4375,,1667115039.0,,,,,W_Call_missing_information,,,,,,E,,,127471.4375,,1667308418.0,,,,,W_Call_missing_information,,,,,,E,,,127471.4375,,1667502460.0,,,,,W_Call_missing_information,,,,,,E,,,127471.4375,,1667670797.0,,,,,0,,,,,,0,,,49805.12109375,,1662146808.0,,,,,regular
282,GEN282,18144.880859375,A_SUBMITTED,,,,,,D,,,114532.3125,,1664883560.0,,,,,A_PARTLYSUBMITTED,,,,,,E,,,114532.3125,,1664888445.0,,,,,W_Assess_fraud,,,,,,A,,,114532.3125,,1665068667.0,,,,,A_CANCELLED,,,,,,D,,,114532.3125,,1665074175.0,,,,,0,,,,,,0,,,49805.12109375,,1661208227.0,,,,,0,,,,,,0,,,49805.12109375,,1661311977.0,,,,,0,,,,,,0,,,49805.12109375,,1661454440.0,,,,,0,,,,,,0,,,49805.12109375,,1661616410.0,,,,,0,,,,,,0,,,49805.12109375,,1661719985.0,,,,,0,,,,,,0,,,49805.12109375,,1661719985.0,,,,,0,,,,,,0,,,49805.12109375,,1661719985.0,,,,,0,,,,,,0,,,49805.12109375,,1661719985.0,,,,,0,,,,,,0,,,49805.12109375,,1661719985.0,,,,,0,,,,,,0,,,49805.12109375,,1661722831.0,,,,,0,,,,,,0,,,49805.12109375,,1661741263.0,,,,,0,,,,,,0,,,49805.12109375,,1661757591.0,,,,,0,,,,,,0,,,49805.12109375,,1661806399.9999998,,,,,0,,,,,,0,,,49805.12109375,,1661902904.0,,,,,0,,,,,,0,,,49805.12109375,,1662023352.0,,,,,0,,,,,,0,,,49805.12109375,,1662146808.0,,,,,regular
283,GEN283,19480.60546875,A_SUBMITTED,,,,,,E,,,128110.1328125,,1665697868.0,,,,,A_PARTLYSUBMITTED,,,,,,E,,,128110.1328125,,1665703394.0,,,,,W_Assess_fraud,,,,,,A,,,128110.1328125,,1665926484.0,,,,,A_PREACCEPTED,,,,,,D,,,128110.1328125,,1665940108.0,,,,,W_Complete_preaccepted_appl,,,,,,A,,,128110.1328125,,1666110660.9999998,,,,,W_Complete_preaccepted_appl,,,,,,A,,,128110.1328125,,1666274202.0,,,,,W_Complete_preaccepted_appl,,,,,,A,,,128110.1328125,,1666441628.0,,,,,W_Complete_preaccepted_appl,,,,,,A,,,128110.1328125,,1666605985.9999998,,,,,A_ACCEPTED,,,,,,E,,,128110.1328125,,1666613022.0,,,,,A_FINALIZED,,,,,,E,,,128110.1328125,,1666615689.0,,,,,O_SELECTED,,,,,,C,,,128110.1328125,,1666633078.0,,,,,O_CREATED,,,,,,C,,,128110.1328125,,1666652327.0,,,,,O_SENT,,,,,,C,,,128110.1328125,,1666699228.0,,,,,W_Call_after_offer,,,,,,A,,,128110.1328125,,1666961340.0,,,,,A_DECLINED,,,,,,D,,,128110.1328125,,1667004125.0,,,,,0,,,,,,0,,,49805.12109375,,1661757591.0,,,,,0,,,,,,0,,,49805.12109375,,1661806399.9999998,,,,,0,,,,,,0,,,49805.12109375,,1661902904.0,,,,,0,,,,,,0,,,49805.12109375,,1662023352.0,,,,,0,,,,,,0,,,49805.12109375,,1662146808.0,,,,,regular
284,GEN284,21952.08203125,A_SUBMITTED,,,,,,D,,,59040.6953125,,1661553702.0,,,,,A_PARTLYSUBMITTED,,,,,,E,,,59040.6953125,,1661555940.0,,,,,W_Assess_fraud,,,,,,A,,,59040.6953125,,1661641783.0,,,,,A_PREACCEPTED,,,,,,D,,,59040.6953125,,1661641783.0,,,,,W_Complete_preaccepted_appl,,,,,,A,,,59040.6953125,,1661696576.0,,,,,W_Complete_preaccepted_appl,,,,,,A,,,59040.6953125,,1661719985.0,,,,,W_Complete_preaccepted_appl,,,,,,A,,,59040.6953125,,1661719985.0,,,,,W_Complete_preaccepted_appl,,,,,,A,,,59040.6953125,,1661719985.0,,,,,W_Complete_preaccepted_appl,,,,,,A,,,59040.6953125,,1661719985.0,,,,,A_ACCEPTED,,,,,,D,,,59040.6953125,,1661719985.0,,,,,A_FINALIZED,,,,,,D,,,59040.6953125,,1661719985.0,,,,,O_SELECTED,,,,,,C,,,59040.6953125,,1661719985.0,,,,,O_CREATED,,,,,,C,,,59040.6953125,,1661719985.0,,,,,O_SENT,,,,,,C,,,59040.6953125,,1661722831.0,,,,,W_Call_after_offer,,,,,,A,,,59040.6953125,,1661741263.0,,,,,O_SENT_BACK,,,,,,C,,,59040.6953125,,1661757591.0,,,,,W_Assess_application,,,,,,C,,,59040.6953125,,1661806399.9999998,,,,,W_Assess_application,,,,,,C,,,59040.6953125,,1661902904.0,,,,,W_Call_missing_information,,,,,,A,,,59040.6953125,,1662023352.0,,,,,W_Call_missing_information,,,,,,A,,,59040.6953125,,1662146808.0,,,,,regular
285,GEN285,17855.1953125,A_SUBMITTED,,,,,,E,,,110908.7109375,,1664667151.0,,,,,A_PARTLYSUBMITTED,,,,,,E,,,110908.7109375,,1664671003.0,,,,,W_Assess_fraud,,,,,,A,,,110908.7109375,,1664830392.0,,,,,A_PREACCEPTED,,,,,,D,,,110908.7109375,,1664833321.0,,,,,W_Complete_preaccepted_appl,,,,,,A,,,110908.7109375,,1664985657.0,,,,,A_DECLINED,,,,,,E,,,110908.7109375,,1664989585.0,,,,,0,,,,,,0,,,49805.12109375,,1661454440.0,,,,,0,,,,,,0,,,49805.12109375,,1661616410.0,,,,,0,,,,,,0,,,49805.12109375,,1661719985.0,,,,,0,,,,,,0,,,49805.12109375,,1661719985.0,,,,,0,,,,,,0,,,49805.12109375,,1661719985.0,,,,,0,,,,,,0,,,49805.12109375,,1661719985.0,,,,,0,,,,,,0,,,49805.12109375,,1661719985.0,,,,,0,,,,,,0,,,49805.12109375,,1661722831.0,,,,,0,,,,,,0,,,49805.12109375,,1661741263.0,,,,,0,,,,,,0,,,49805.12109375,,1661757591.0,,,,,0,,,,,,0,,,49805.12109375,,1661806399.9999998,,,,,0,,,,,,0,,,49805.12109375,,1661902904.0,,,,,0,,,,,,0,,,49805.12109375,,1662023352.0,,,,,0,,,,,,0,,,49805.12109375,,1662146808.0,,,,,regular
286,GEN286,17849.5859375,A_SUBMITTED,,,,,,E,,,117667.796875,,1665071328.0,,,,,A_PARTLYSUBMITTED,,,,,,E,,,117667.796875,,1665079928.0,,,,,W_Assess_fraud,,,,,,A,,,117667.796875,,1665303281.0,,,,,A_PREACCEPTED,,,,,,E,,,117667.796875,,1665311646.0,,,,,W_Complete_preaccepted_appl,,,,,,A,,,117667.796875,,1665514698.0,,,,,W_Complete_preaccepted_appl,,,,,,A,,,117667.796875,,1665696397.0,,,,,W_Complete_preaccepted_appl,,,,,,A,,,117667.796875,,1665859190.0,,,,,W_Complete_preaccepted_appl,,,,,,A,,,117667.796875,,1666024779.0,,,,,W_Complete_preaccepted_appl,,,,,,A,,,117667.796875,,1666195113.0,,,,,W_Complete_preaccepted_appl,,,,,,A,,,117667.796875,,1666380096.0,,,,,W_Complete_preaccepted_appl,,,,,,A,,,117667.796875,,1666583291.0,,,,,W_Complete_preaccepted_appl,,,,,,A,,,117667.796875,,1666793643.0,,,,,W_Complete_preaccepted_appl,,,,,,A,,,117667.796875,,1666994806.0,,,,,A_ACCEPTED,,,,,,A,,,117667.796875,,1667070880.0,,,,,A_FINALIZED,,,,,,D,,,117667.796875,,1667079862.0,,,,,O_SELECTED,,,,,,C,,,117667.796875,,1667088551.9999998,,,,,O_CREATED,,,,,,C,,,117667.796875,,1667097069.0,,,,,O_SENT,,,,,,C,,,117667.796875,,1667112887.0,,,,,W_Call_after_offer,,,,,,A,,,117667.796875,,1667242266.0,,,,,W_Call_after_offer,,,,,,D,,,117667.796875,,1667418943.0,,,,,regular
287,GEN287,19156.796875000004,A_SUBMITTED,,,,,,E,,,115107.9921875,,1664917880.0,,,,,A_PARTLYSUBMITTED,,,,,,E,,,115107.9921875,,1664919408.0,,,,,W_Assess_fraud,,,,,,A,,,115107.9921875,,1665095920.0,,,,,A_PREACCEPTED,,,,,,D,,,115107.9921875,,1665097582.0,,,,,W_Complete_preaccepted_appl,,,,,,A,,,115107.9921875,,1665261373.0,,,,,A_DECLINED,,,,,,E,,,115107.9921875,,1665265425.0,,,,,0,,,,,,0,,,49805.12109375,,1661454440.0,,,,,0,,,,,,0,,,49805.12109375,,1661616410.0,,,,,0,,,,,,0,,,49805.12109375,,1661719985.0,,,,,0,,,,,,0,,,49805.12109375,,1661719985.0,,,,,0,,,,,,0,,,49805.12109375,,1661719985.0,,,,,0,,,,,,0,,,49805.12109375,,1661719985.0,,,,,0,,,,,,0,,,49805.12109375,,1661719985.0,,,,,0,,,,,,0,,,49805.12109375,,1661722831.0,,,,,0,,,,,,0,,,49805.12109375,,1661741263.0,,,,,0,,,,,,0,,,49805.12109375,,1661757591.0,,,,,0,,,,,,0,,,49805.12109375,,1661806399.9999998,,,,,0,,,,,,0,,,49805.12109375,,1661902904.0,,,,,0,,,,,,0,,,49805.12109375,,1662023352.0,,,,,0,,,,,,0,,,49805.12109375,,1662146808.0,,,,,regular
288,GEN288,19918.986328125,A_SUBMITTED,,,,,,E,,,116846.296875,,1665024113.0,,,,,A_PARTLYSUBMITTED,,,,,,E,,,116846.296875,,1665027290.0,,,,,W_Assess_fraud,,,,,,A,,,116846.296875,,1665193563.0,,,,,A_PREACCEPTED,,,,,,D,,,116846.296875,,1665197933.0,,,,,W_Complete_preaccepted_appl,,,,,,A,,,116846.296875,,1665324896.0,,,,,A_DECLINED,,,,,,D,,,116846.296875,,1665330023.0,,,,,0,,,,,,0,,,49805.12109375,,1661454440.0,,,,,0,,,,,,0,,,49805.12109375,,1661616410.0,,,,,0,,,,,,0,,,49805.12109375,,1661719985.0,,,,,0,,,,,,0,,,49805.12109375,,1661719985.0,,,,,0,,,,,,0,,,49805.12109375,,1661719985.0,,,,,0,,,,,,0,,,49805.12109375,,1661719985.0,,,,,0,,,,,,0,,,49805.12109375,,1661719985.0,,,,,0,,,,,,0,,,49805.12109375,,1661722831.0,,,,,0,,,,,,0,,,49805.12109375,,1661741263.0,,,,,0,,,,,,0,,,49805.12109375,,1661757591.0,,,,,0,,,,,,0,,,49805.12109375,,1661806399.9999998,,,,,0,,,,,,0,,,49805.12109375,,1661902904.0,,,,,0,,,,,,0,,,49805.12109375,,1662023352.0,,,,,0,,,,,,0,,,49805.12109375,,1662146808.0,,,,,regular
289,GEN289,17950.4609375,A_SUBMITTED,,,,,,E,,,107658.671875,,1664470781.0,,,,,A_PARTLYSUBMITTED,,,,,,D,,,107658.671875,,1664473947.0,,,,,W_Assess_fraud,,,,,,A,,,107658.671875,,1664602866.0,,,,,A_PREACCEPTED,,,,,,D,,,107658.671875,,1664613754.0,,,,,W_Complete_preaccepted_appl,,,,,,A,,,107658.671875,,1664747625.0,,,,,A_ACCEPTED,,,,,,D,,,107658.671875,,1664747625.0,,,,,A_FINALIZED,,,,,,D,,,107658.671875,,1664752852.0,,,,,O_SELECTED,,,,,,C,,,107658.671875,,1664758738.9999998,,,,,O_CREATED,,,,,,C,,,107658.671875,,1664768389.0,,,,,O_SENT,,,,,,C,,,107658.671875,,1664781054.0000002,,,,,W_Call_after_offer,,,,,,A,,,107658.671875,,1664900528.0,,,,,W_Call_after_offer,,,,,,A,,,107658.671875,,1664994394.0,,,,,W_Call_after_offer,,,,,,A,,,107658.671875,,1665058628.0,,,,,W_Call_after_offer,,,,,,A,,,107658.671875,,1665221588.9999998,,,,,W_Call_after_offer,,,,,,A,,,107658.671875,,1665400236.0,,,,,W_Call_after_offer,,,,,,A,,,107658.671875,,1665586002.0,,,,,W_Call_after_offer,,,,,,A,,,107658.671875,,1665767586.0,,,,,W_Call_after_offer,,,,,,A,,,107658.671875,,1665875934.0,,,,,A_DECLINED,,,,,,E,,,107658.671875,,1665875934.0,,,,,0,,,,,,0,,,49805.12109375,,1662146808.0,,,,,regular
290,GEN290,17794.390625,A_SUBMITTED,,,,,,E,,,106820.6171875,,1664421299.0,,,,,A_PARTLYSUBMITTED,,,,,,E,,,106820.6171875,,1664424848.0,,,,,W_Assess_fraud,,,,,,A,,,106820.6171875,,1664598165.0,,,,,A_PREACCEPTED,,,,,,E,,,106820.6171875,,1664605968.0,,,,,W_Complete_preaccepted_appl,,,,,,A,,,106820.6171875,,1664786489.0,,,,,W_Complete_preaccepted_appl,,,,,,A,,,106820.6171875,,1664989045.0,,,,,W_Complete_preaccepted_appl,,,,,,A,,,106820.6171875,,1665199655.0,,,,,W_Complete_preaccepted_appl,,,,,,A,,,106820.6171875,,1665399509.0,,,,,W_Complete_preaccepted_appl,,,,,,A,,,106820.6171875,,1665588413.0,,,,,W_Complete_preaccepted_appl,,,,,,A,,,106820.6171875,,1665765684.0,,,,,A_ACCEPTED,,,,,,E,,,106820.6171875,,1665769499.0000002,,,,,A_FINALIZED,,,,,,E,,,106820.6171875,,1665771929.0,,,,,O_SELECTED,,,,,,C,,,106820.6171875,,1665779040.0,,,,,O_CREATED,,,,,,C,,,106820.6171875,,1665786338.0,,,,,O_SENT,,,,,,C,,,106820.6171875,,1665797537.0,,,,,O_SELECTED,,,,,,C,,,106820.6171875,,1665844647.0,,,,,O_CREATED,,,,,,C,,,106820.6171875,,1665844647.0,,,,,O_SENT,,,,,,C,,,106820.6171875,,1665844647.0,,,,,W_Call_after_offer,,,,,,A,,,106820.6171875,,1666043657.0,,,,,A_DECLINED,,,,,,D,,,106820.6171875,,1666051158.0,,,,,regular
291,GEN291,19650.380859375,A_SUBMITTED,,,,,,E,,,114871.078125,,1664905942.0,,,,,A_PARTLYSUBMITTED,,,,,,E,,,114871.078125,,1664913499.0,,,,,W_Assess_fraud,,,,,,A,,,114871.078125,,1665074565.0,,,,,A_PREACCEPTED,,,,,,E,,,114871.078125,,1665074565.0,,,,,W_Complete_preaccepted_appl,,,,,,A,,,114871.078125,,1665211778.0,,,,,W_Complete_preaccepted_appl,,,,,,A,,,114871.078125,,1665362731.0,,,,,W_Complete_preaccepted_appl,,,,,,A,,,114871.078125,,1665535101.9999998,,,,,W_Complete_preaccepted_appl,,,,,,A,,,114871.078125,,1665720452.0,,,,,A_ACCEPTED,,,,,,E,,,114871.078125,,1665728523.0,,,,,A_FINALIZED,,,,,,E,,,114871.078125,,1665738244.0,,,,,O_SELECTED,,,,,,C,,,114871.078125,,1665746548.0,,,,,O_SELECTED,,,,,,C,,,114871.078125,,1665755621.0,,,,,O_CREATED,,,,,,C,,,114871.078125,,1665771486.0,,,,,O_SENT,,,,,,C,,,114871.078125,,1665793403.0,,,,,A_DECLINED,,,,,,D,,,114871.078125,,1665815500.0,,,,,0,,,,,,0,,,49805.12109375,,1661757591.0,,,,,0,,,,,,0,,,49805.12109375,,1661806399.9999998,,,,,0,,,,,,0,,,49805.12109375,,1661902904.0,,,,,0,,,,,,0,,,49805.12109375,,1662023352.0,,,,,0,,,,,,0,,,49805.12109375,,1662146808.0,,,,,regular
292,GEN292,18373.76953125,A_SUBMITTED,,,,,,E,,,80097.828125,,1662817130.0,,,,,A_PARTLYSUBMITTED,,,,,,E,,,80097.828125,,1662817130.0,,,,,W_Assess_fraud,,,,,,A,,,80097.828125,,1662906938.0,,,,,A_PREACCEPTED,,,,,,D,,,80097.828125,,1662906938.0,,,,,W_Complete_preaccepted_appl,,,,,,A,,,80097.828125,,1662964708.0,,,,,W_Complete_preaccepted_appl,,,,,,A,,,80097.828125,,1662997282.0,,,,,W_Complete_preaccepted_appl,,,,,,A,,,80097.828125,,1662997281.9999998,,,,,W_Complete_preaccepted_appl,,,,,,A,,,80097.828125,,1662997282.0,,,,,W_Complete_preaccepted_appl,,,,,,A,,,80097.828125,,1662997282.0000002,,,,,A_ACCEPTED,,,,,,E,,,80097.828125,,1663002130.0,,,,,A_FINALIZED,,,,,,E,,,80097.828125,,1663017451.0,,,,,O_SELECTED,,,,,,C,,,80097.828125,,1663027770.0,,,,,O_CREATED,,,,,,C,,,80097.828125,,1663036284.0,,,,,O_SENT,,,,,,C,,,80097.828125,,1663049844.0,,,,,W_Call_after_offer,,,,,,A,,,80097.828125,,1663088600.0,,,,,W_Call_after_offer,,,,,,A,,,80097.828125,,1663142222.0,,,,,O_SENT_BACK,,,,,,A,,,80097.828125,,1663178213.0,,,,,W_Assess_application,,,,,,A,,,80097.828125,,1663224579.0,,,,,W_Assess_application,,,,,,A,,,80097.828125,,1663284073.0,,,,,W_Assess_application,,,,,,A,,,80097.828125,,1663346692.0,,,,,regular
293,GEN293,18023.94921875,A_SUBMITTED,,,,,,E,,,116518.203125,,1665002860.0,,,,,A_PARTLYSUBMITTED,,,,,,E,,,116518.203125,,1665002860.0,,,,,W_Assess_fraud,,,,,,A,,,116518.203125,,1665178419.0,,,,,A_PREACCEPTED,,,,,,E,,,116518.203125,,1665181381.0,,,,,W_Complete_preaccepted_appl,,,,,,A,,,116518.203125,,1665379233.0,,,,,W_Complete_preaccepted_appl,,,,,,A,,,116518.203125,,1665573889.0,,,,,W_Complete_preaccepted_appl,,,,,,A,,,116518.203125,,1665801606.0,,,,,W_Complete_preaccepted_appl,,,,,,A,,,116518.203125,,1666068473.0,,,,,A_ACCEPTED,,,,,,A,,,116518.203125,,1666206179.0,,,,,A_FINALIZED,,,,,,E,,,116518.203125,,1666217446.9999998,,,,,A_FINALIZED,,,,,,E,,,116518.203125,,1666220358.0,,,,,O_SELECTED,,,,,,C,,,116518.203125,,1666225937.0,,,,,O_CREATED,,,,,,C,,,116518.203125,,1666231156.0,,,,,O_SENT,,,,,,C,,,116518.203125,,1666254049.0,,,,,W_Call_after_offer,,,,,,A,,,116518.203125,,1666421143.0000002,,,,,W_Call_after_offer,,,,,,A,,,116518.203125,,1666636848.0,,,,,W_Call_after_offer,,,,,,A,,,116518.203125,,1666881602.0000002,,,,,W_Call_after_offer,,,,,,A,,,116518.203125,,1667081383.0000002,,,,,W_Assess_application,,,,,,A,,,116518.203125,,1667231644.0,,,,,W_Assess_application,,,,,,A,,,116518.203125,,1667351684.0,,,,,regular
294,GEN294,18855.11328125,A_SUBMITTED,,,,,,E,,,122476.9296875,,1665361666.0,,,,,A_PARTLYSUBMITTED,,,,,,E,,,122476.9296875,,1665367293.0,,,,,W_Assess_fraud,,,,,,A,,,122476.9296875,,1665527850.0,,,,,A_PREACCEPTED,,,,,,E,,,122476.9296875,,1665538805.0,,,,,W_Complete_preaccepted_appl,,,,,,A,,,122476.9296875,,1665763515.0,,,,,W_Complete_preaccepted_appl,,,,,,A,,,122476.9296875,,1665994295.0,,,,,W_Complete_preaccepted_appl,,,,,,A,,,122476.9296875,,1666219384.0,,,,,W_Complete_preaccepted_appl,,,,,,A,,,122476.9296875,,1666452707.0,,,,,W_Complete_preaccepted_appl,,,,,,A,,,122476.9296875,,1666703531.0,,,,,W_Complete_preaccepted_appl,,,,,,A,,,122476.9296875,,1666963875.0,,,,,W_Complete_preaccepted_appl,,,,,,A,,,122476.9296875,,1667150324.0,,,,,A_ACCEPTED,,,,,,E,,,122476.9296875,,1667150324.0,,,,,A_FINALIZED,,,,,,D,,,122476.9296875,,1667154198.0000002,,,,,O_SELECTED,,,,,,C,,,122476.9296875,,1667160107.0,,,,,O_CREATED,,,,,,C,,,122476.9296875,,1667167821.9999998,,,,,O_SENT,,,,,,C,,,122476.9296875,,1667174338.0,,,,,O_SELECTED,,,,,,C,,,122476.9296875,,1667212589.9999998,,,,,O_CREATED,,,,,,C,,,122476.9296875,,1667212590.0,,,,,O_SENT,,,,,,C,,,122476.9296875,,1667271335.0,,,,,W_Call_after_offer,,,,,,A,,,122476.9296875,,1667494843.0,,,,,regular
295,GEN295,21364.080078125,A_SUBMITTED,,,,,,E,,,104222.0703125,,1664268228.0,,,,,A_PARTLYSUBMITTED,,,,,,E,,,104222.0703125,,1664269932.0,,,,,W_Assess_fraud,,,,,,A,,,104222.0703125,,1664401205.0,,,,,A_PREACCEPTED,,,,,,E,,,104222.0703125,,1664414691.0,,,,,W_Complete_preaccepted_appl,,,,,,A,,,104222.0703125,,1664510725.0,,,,,W_Complete_preaccepted_appl,,,,,,A,,,104222.0703125,,1664657145.0,,,,,W_Complete_preaccepted_appl,,,,,,A,,,104222.0703125,,1664819220.0,,,,,W_Complete_preaccepted_appl,,,,,,A,,,104222.0703125,,1664976601.0,,,,,A_ACCEPTED,,,,,,E,,,104222.0703125,,1664992015.0,,,,,A_FINALIZED,,,,,,E,,,104222.0703125,,1664995800.0,,,,,O_SELECTED,,,,,,C,,,104222.0703125,,1665003574.0,,,,,O_CREATED,,,,,,C,,,104222.0703125,,1665012579.0,,,,,O_SENT,,,,,,C,,,104222.0703125,,1665022521.9999998,,,,,W_Call_after_offer,,,,,,A,,,104222.0703125,,1665076993.0,,,,,W_Call_after_offer,,,,,,A,,,104222.0703125,,1665145543.0,,,,,W_Call_after_offer,,,,,,A,,,104222.0703125,,1665213736.0,,,,,W_Call_after_offer,,,,,,A,,,104222.0703125,,1665336210.0,,,,,W_Call_after_offer,,,,,,A,,,104222.0703125,,1665492899.0,,,,,O_SELECTED,,,,,,C,,,104222.0703125,,1665564287.0,,,,,O_SELECTED,,,,,,C,,,104222.0703125,,1665584862.0,,,,,regular
296,GEN296,26813.298828125,A_SUBMITTED,,,,,,E,,,95030.8359375,,1663713111.0,,,,,A_PARTLYSUBMITTED,,,,,,E,,,95030.8359375,,1663719193.0,,,,,W_Assess_fraud,,,,,,A,,,95030.8359375,,1663881786.0,,,,,A_PREACCEPTED,,,,,,E,,,95030.8359375,,1663881786.0,,,,,W_Complete_preaccepted_appl,,,,,,A,,,95030.8359375,,1663961808.0,,,,,W_Complete_preaccepted_appl,,,,,,A,,,95030.8359375,,1663998211.0,,,,,W_Complete_preaccepted_appl,,,,,,A,,,95030.8359375,,1664036695.0,,,,,W_Complete_preaccepted_appl,,,,,,A,,,95030.8359375,,1664092362.0,,,,,W_Complete_preaccepted_appl,,,,,,A,,,95030.8359375,,1664172730.0,,,,,W_Complete_preaccepted_appl,,,,,,A,,,95030.8359375,,1664258728.0,,,,,A_ACCEPTED,,,,,,E,,,95030.8359375,,1664273996.0,,,,,A_FINALIZED,,,,,,E,,,95030.8359375,,1664284248.0,,,,,O_SELECTED,,,,,,C,,,95030.8359375,,1664294275.0,,,,,O_CREATED,,,,,,C,,,95030.8359375,,1664303963.0,,,,,O_SENT,,,,,,C,,,95030.8359375,,1664315987.0,,,,,W_Call_after_offer,,,,,,C,,,95030.8359375,,1664359810.0,,,,,O_CREATED,,,,,,C,,,95030.8359375,,1664412138.0000002,,,,,O_SENT,,,,,,C,,,95030.8359375,,1664481717.0,,,,,W_Call_after_offer,,,,,,A,,,95030.8359375,,1664666439.0000002,,,,,W_Call_after_offer,,,,,,A,,,95030.8359375,,1664849061.0,,,,,regular
297,GEN297,20074.453125,A_SUBMITTED,,,,,,D,,,141467.31249999997,,1666501935.0,,,,,A_PARTLYSUBMITTED,,,,,,D,,,141467.31249999997,,1666505862.0,,,,,W_Assess_fraud,,,,,,A,,,141467.31249999997,,1666692993.0,,,,,A_PREACCEPTED,,,,,,E,,,141467.31249999997,,1666713097.0,,,,,W_Complete_preaccepted_appl,,,,,,A,,,141467.31249999997,,1666888549.0,,,,,W_Complete_preaccepted_appl,,,,,,A,,,141467.31249999997,,1667117013.0,,,,,A_ACCEPTED,,,,,,E,,,141467.31249999997,,1667117013.0,,,,,A_FINALIZED,,,,,,E,,,141467.31249999997,,1667122798.0,,,,,O_SELECTED,,,,,,C,,,141467.31249999997,,1667131548.0000002,,,,,O_CREATED,,,,,,C,,,141467.31249999997,,1667140196.0,,,,,O_SENT,,,,,,C,,,141467.31249999997,,1667150712.0000002,,,,,O_SELECTED,,,,,,C,,,141467.31249999997,,1667214850.9999998,,,,,O_CREATED,,,,,,C,,,141467.31249999997,,1667218015.0,,,,,O_SENT,,,,,,C,,,141467.31249999997,,1667241560.0,,,,,W_Call_after_offer,,,,,,A,,,141467.31249999997,,1667289994.9999998,,,,,O_SELECTED,,,,,,C,,,141467.31249999997,,1667335716.0,,,,,O_CREATED,,,,,,C,,,141467.31249999997,,1667350808.0,,,,,O_SENT,,,,,,C,,,141467.31249999997,,1667364135.0000002,,,,,O_SENT,,,,,,C,,,141467.31249999997,,1667412530.0,,,,,W_Call_after_offer,,,,,,A,,,141467.31249999997,,1667570074.0,,,,,regular
298,GEN298,18612.65625,A_SUBMITTED,,,,,,D,,,112114.578125,,1664740437.0,,,,,A_PARTLYSUBMITTED,,,,,,E,,,112114.578125,,1664740437.0,,,,,W_Assess_fraud,,,,,,A,,,112114.578125,,1664942753.0,,,,,A_PREACCEPTED,,,,,,E,,,112114.578125,,1664965934.0,,,,,W_Complete_preaccepted_appl,,,,,,A,,,112114.578125,,1665199555.0,,,,,A_ACCEPTED,,,,,,E,,,112114.578125,,1665228516.0,,,,,A_FINALIZED,,,,,,E,,,112114.578125,,1665247184.0,,,,,O_SELECTED,,,,,,C,,,112114.578125,,1665259888.0,,,,,O_CREATED,,,,,,C,,,112114.578125,,1665272838.0,,,,,O_SENT,,,,,,C,,,112114.578125,,1665296548.0,,,,,W_Call_after_offer,,,,,,A,,,112114.578125,,1665466020.0,,,,,W_Call_after_offer,,,,,,A,,,112114.578125,,1665647715.0,,,,,W_Call_after_offer,,,,,,A,,,112114.578125,,1665785882.0,,,,,W_Call_after_offer,,,,,,A,,,112114.578125,,1665927258.0,,,,,W_Call_after_offer,,,,,,A,,,112114.578125,,1666008186.0,,,,,A_DECLINED,,,,,,A,,,112114.578125,,1666058735.0,,,,,A_DECLINED,,,,,,E,,,112114.578125,,1666118932.0,,,,,0,,,,,,0,,,49805.12109375,,1661902904.0,,,,,0,,,,,,0,,,49805.12109375,,1662023352.0,,,,,0,,,,,,0,,,49805.12109375,,1662146808.0,,,,,regular
299,GEN299,17519.74609375,A_SUBMITTED,,,,,,E,,,116339.65625,,1664993348.0,,,,,A_PARTLYSUBMITTED,,,,,,E,,,116339.65625,,1664996534.0,,,,,W_Assess_fraud,,,,,,A,,,116339.65625,,1665172201.0,,,,,A_PREACCEPTED,,,,,,E,,,116339.65625,,1665184585.0000002,,,,,W_Complete_preaccepted_appl,,,,,,A,,,116339.65625,,1665372798.0,,,,,A_DECLINED,,,,,,E,,,116339.65625,,1665388863.0,,,,,0,,,,,,0,,,49805.12109375,,1661454440.0,,,,,0,,,,,,0,,,49805.12109375,,1661616410.0,,,,,0,,,,,,0,,,49805.12109375,,1661719985.0,,,,,0,,,,,,0,,,49805.12109375,,1661719985.0,,,,,0,,,,,,0,,,49805.12109375,,1661719985.0,,,,,0,,,,,,0,,,49805.12109375,,1661719985.0,,,,,0,,,,,,0,,,49805.12109375,,1661719985.0,,,,,0,,,,,,0,,,49805.12109375,,1661722831.0,,,,,0,,,,,,0,,,49805.12109375,,1661741263.0,,,,,0,,,,,,0,,,49805.12109375,,1661757591.0,,,,,0,,,,,,0,,,49805.12109375,,1661806399.9999998,,,,,0,,,,,,0,,,49805.12109375,,1661902904.0,,,,,0,,,,,,0,,,49805.12109375,,1662023352.0,,,,,0,,,,,,0,,,49805.12109375,,1662146808.0,,,,,regular
