caseid,task,arrive:timestamp,start:timestamp,time:timestamp,role,open_cases,st_tsk_wip,queue,event_nr,hour,month,timesincecasestart,timesincelastevent,timesincemidnight,weekday,attrib_trace,label
81051,Traer informacion estudiante - banner,2016-02-01 12:00:48,2016-02-01 12:00:48,2016-02-01 12:00:48,8997,43,0.0,0,1,12,2,336.93333333333334,336.93333333333334,720.8,1,{},deviant
81051,Radicar Solicitud Homologacion,2016-02-01 12:00:48,2016-02-01 13:01:32,2016-02-01 13:01:32,8997,43,0.10231854838709678,0,2,13,2,397.6666666666667,60.733333333333334,781.5333333333333,1,{},deviant
81051,Validar solicitud,2016-02-01 13:01:32,2016-02-01 14:24:25,2016-02-01 14:28:44,387,43,0.24168346774193547,0,3,14,2,480.55,82.88333333333334,864.4166666666666,1,{},deviant
81102,Traer informacion estudiante - banner,2016-02-01 15:55:03,2016-02-01 15:55:03,2016-02-01 15:55:03,6426,44,0.0,0,1,15,2,571.1833333333333,571.1833333333333,955.05,1,{},deviant
81051,Homologacion por grupo de cursos,2016-02-01 14:28:44,2016-02-01 15:56:01,2016-02-01 16:14:35,1007,43,0.5632560483870968,0,4,15,2,572.15,91.6,956.0166666666667,1,{},deviant
81102,Radicar Solicitud Homologacion,2016-02-01 15:55:03,2016-02-01 16:55:00,2016-02-01 17:11:06,6426,44,0.10231854838709678,0,2,16,2,631.1333333333333,59.95,1015.0,1,{},deviant
81201,Traer informacion estudiante - banner,2016-02-01 18:04:39,2016-02-01 18:04:39,2016-02-01 18:04:39,8916,44,0.0,0,1,18,2,700.7833333333333,700.7833333333333,1084.65,1,{},deviant
81102,Validar solicitud,2016-02-01 17:11:06,2016-02-01 18:34:15,2016-02-01 18:36:14,22475,43,0.24168346774193547,0,3,18,2,730.3833333333333,99.25,1114.25,1,{},deviant
81301,Traer informacion estudiante - banner,2016-02-01 19:11:49,2016-02-01 19:11:49,2016-02-01 19:11:49,4867,45,0.0,0,1,19,2,767.95,767.95,1151.8166666666666,1,{},deviant
81201,Radicar Solicitud Homologacion,2016-02-01 18:04:39,2016-02-01 19:04:36,2016-02-01 19:20:36,8916,44,0.10231854838709678,0,2,19,2,760.7333333333333,59.95,1144.6,1,{},deviant
81851,Traer informacion estudiante - banner,2016-02-01 19:47:17,2016-02-01 19:47:17,2016-02-01 19:47:17,955,46,0.0,0,1,19,2,803.4166666666666,803.4166666666666,1187.2833333333333,1,{},deviant
81301,Radicar Solicitud Homologacion,2016-02-01 19:11:49,2016-02-01 20:11:00,2016-02-01 20:11:00,4867,45,0.10231854838709678,0,2,20,2,827.1333333333333,59.18333333333333,1211.0,1,{},deviant
81851,Radicar Solicitud Homologacion,2016-02-01 19:47:17,2016-02-01 20:45:45,2016-02-01 20:51:46,955,46,0.10231854838709678,0,2,20,2,861.8833333333333,58.46666666666667,1245.75,1,{},deviant
81102,Homologacion por grupo de cursos,2016-02-01 18:36:14,2016-02-01 20:04:18,2016-02-01 20:53:37,1343,44,0.5632560483870968,0,4,20,2,820.4333333333333,90.05,1204.3,1,{},deviant
81801,Homologacion por grupo de cursos,2016-02-01 20:28:20,2016-02-01 20:28:20,2016-02-01 21:36:11,1007,47,0.5632560483870968,0,1,20,2,844.4666666666667,844.4666666666667,1228.3333333333333,1,{},deviant
81201,Notificacion estudiante cancelacion soli,2016-02-01 19:20:36,2016-02-01 21:39:52,2016-02-01 21:39:52,8916,45,0.0,0,3,21,2,916.0,155.26666666666668,1299.8666666666666,1,{},deviant
81802,Traer informacion estudiante - banner,2016-02-01 21:44:27,2016-02-01 21:44:27,2016-02-01 21:44:27,8997,47,0.0,0,1,21,2,920.5833333333334,920.5833333333334,1304.45,1,{},deviant
81301,Validar solicitud,2016-02-01 20:11:00,2016-02-01 21:43:06,2016-02-01 21:55:02,22475,46,0.24168346774193547,0,3,21,2,919.2333333333333,92.1,1303.1,1,{},deviant
81801,Traer informacion estudiante - banner,2016-02-01 21:36:11,2016-02-01 22:05:25,2016-02-01 22:05:25,8997,46,0.0,0,2,22,2,941.55,97.08333333333333,1325.4166666666667,1,{},deviant
81803,Traer informacion estudiante - banner,2016-02-01 22:34:20,2016-02-01 22:34:20,2016-02-01 22:34:20,8997,48,0.0,0,1,22,2,970.4666666666667,970.4666666666667,1354.3333333333333,1,{},deviant
81802,Radicar Solicitud Homologacion,2016-02-01 21:44:27,2016-02-01 22:40:16,2016-02-01 22:40:21,8997,47,0.10231854838709678,0,2,22,2,976.4,55.81666666666667,1360.2666666666667,1,{},deviant
81801,Radicar Solicitud Homologacion,2016-02-01 22:05:25,2016-02-01 22:47:22,2016-02-01 22:48:02,8997,47,0.10231854838709678,0,3,22,2,983.5,41.95,1367.3666666666666,1,{},deviant
81804,Traer informacion estudiante - banner,2016-02-01 23:29:16,2016-02-01 23:29:16,2016-02-01 23:29:16,8997,49,0.0,0,1,23,2,1025.4,1025.4,1409.2666666666667,1,{},deviant
81803,Radicar Solicitud Homologacion,2016-02-01 22:34:20,2016-02-01 23:31:26,2016-02-01 23:31:33,8997,48,0.10231854838709678,0,2,23,2,1027.5666666666666,57.1,1411.4333333333334,1,{},deviant
81851,Cancelar Solicitud,2016-02-01 20:51:46,2016-02-01 23:36:32,2016-02-01 23:53:02,22475,47,0.26537298387096775,0,3,23,2,1032.6666666666667,170.78333333333333,1416.5333333333333,1,{},deviant
81802,Validar solicitud,2016-02-01 22:40:21,2016-02-02 00:02:51,2016-02-02 00:04:14,387,48,0.24168346774193547,0,3,0,2,1058.9833333333333,82.58333333333333,2.85,2,{},deviant
81801,Validar solicitud,2016-02-01 22:48:02,2016-02-02 00:07:25,2016-02-02 00:07:25,19019,48,0.24168346774193547,0,4,0,2,1063.55,80.05,7.416666666666667,2,{},deviant
81804,Radicar Solicitud Homologacion,2016-02-01 23:29:16,2016-02-02 00:25:45,2016-02-02 00:25:54,8997,49,0.10231854838709678,0,2,0,2,1081.8833333333334,56.483333333333334,25.75,2,{},deviant
81803,Validar solicitud,2016-02-01 23:31:33,2016-02-02 00:55:55,2016-02-02 00:57:10,387,49,0.24168346774193547,0,3,0,2,1112.05,84.48333333333333,55.916666666666664,2,{},deviant
81804,Validar solicitud,2016-02-02 00:25:54,2016-02-02 02:12:19,2016-02-02 02:13:22,387,48,0.24168346774193547,0,3,2,2,1188.45,106.56666666666666,132.31666666666666,2,{},deviant
81805,Traer informacion estudiante - banner,2016-02-02 02:13:58,2016-02-02 02:13:58,2016-02-02 02:13:58,8997,49,0.0,0,1,2,2,1190.1,1190.1,133.96666666666667,2,{},deviant
81951,Traer informacion estudiante - banner,2016-02-02 02:59:02,2016-02-02 02:59:02,2016-02-02 02:59:02,8443,50,0.0,0,1,2,2,1235.1666666666667,1235.1666666666667,179.03333333333333,2,{},deviant
81805,Radicar Solicitud Homologacion,2016-02-02 02:13:58,2016-02-02 03:08:18,2016-02-02 03:08:22,8997,49,0.10231854838709678,0,2,3,2,1244.4333333333334,54.333333333333336,188.3,2,{},deviant
81301,Cancelar Solicitud,2016-02-01 21:55:02,2016-02-02 02:52:07,2016-02-02 03:24:07,669,47,0.26537298387096775,0,4,2,2,1228.25,309.01666666666665,172.11666666666667,2,{},deviant
81951,Radicar Solicitud Homologacion,2016-02-02 02:59:02,2016-02-02 04:22:10,2016-02-02 04:49:47,8443,50,0.10231854838709678,0,2,4,2,1318.3,83.13333333333334,262.1666666666667,2,{},deviant
81803,Homologacion por grupo de cursos,2016-02-02 00:57:10,2016-02-02 03:10:35,2016-02-02 06:15:42,22491,48,0.5632560483870968,0,4,3,2,1246.7166666666667,134.66666666666666,190.58333333333334,2,{},deviant
82008,Traer informacion estudiante - banner,2016-02-02 09:43:54,2016-02-02 09:43:54,2016-02-02 09:43:54,955,50,0.0,0,1,9,2,1640.0333333333333,1640.0333333333333,583.9,2,{},deviant
81201,Cancelar Solicitud,2016-02-01 21:39:52,2016-02-02 10:03:22,2016-02-02 10:03:22,8916,46,0.26537298387096775,0,4,10,2,1659.5,743.5,603.3666666666667,2,{},deviant
82009,Traer informacion estudiante - banner,2016-02-02 10:51:05,2016-02-02 10:51:05,2016-02-02 10:51:05,955,50,0.0,0,1,10,2,1707.2166666666667,1707.2166666666667,651.0833333333334,2,{},deviant
81802,Homologacion por grupo de cursos,2016-02-02 00:04:14,2016-02-02 02:14:32,2016-02-02 11:02:06,1007,49,0.5632560483870968,0,4,2,2,1190.6666666666667,131.68333333333334,134.53333333333333,2,{},deviant
82008,Radicar Solicitud Homologacion,2016-02-02 09:43:54,2016-02-02 11:10:18,2016-02-02 11:10:29,955,50,0.10231854838709678,0,2,11,2,1726.4333333333334,86.4,670.3,2,{},deviant
81804,Homologacion por grupo de cursos,2016-02-02 02:13:22,2016-02-02 11:02:06,2016-02-02 11:21:09,1007,48,0.5632560483870968,0,4,8,2,1550.65,362.2,494.51666666666665,2,{},deviant
82151,Traer informacion estudiante - banner,2016-02-02 12:06:28,2016-02-02 12:06:28,2016-02-02 12:06:28,6186,49,0.0,0,1,12,2,1782.6,1782.6,726.4666666666667,2,{},deviant
82009,Radicar Solicitud Homologacion,2016-02-02 10:51:05,2016-02-02 12:17:29,2016-02-02 12:17:37,955,50,0.10231854838709678,0,2,12,2,1793.6166666666666,86.4,737.4833333333333,2,{},deviant
82151,Radicar Solicitud Homologacion,2016-02-02 12:06:28,2016-02-02 13:00:48,2016-02-02 13:00:48,6186,49,0.10231854838709678,0,2,13,2,1836.9333333333334,54.333333333333336,780.8,2,{},deviant
82054,Traer informacion estudiante - banner,2016-02-02 15:31:01,2016-02-02 15:31:01,2016-02-02 15:31:01,18289,50,0.0,0,1,15,2,1987.15,1987.15,931.0166666666667,2,{},deviant
82054,Radicar Solicitud Homologacion,2016-02-02 15:31:01,2016-02-02 16:25:18,2016-02-02 16:25:18,18289,50,0.10231854838709678,0,2,16,2,2041.4333333333334,54.28333333333333,985.3,2,{},deviant
82101,Traer informacion estudiante - banner,2016-02-02 18:05:11,2016-02-02 18:05:11,2016-02-02 18:05:11,16695,51,0.0,0,1,18,2,2141.3166666666666,2141.3166666666666,1085.1833333333334,2,{},deviant
81851,Notificacion estudiante cancelacion soli,2016-02-01 23:53:02,2016-02-02 18:11:59,2016-02-02 18:11:59,22475,49,0.0,0,4,18,2,2148.116666666667,1115.45,1091.9833333333333,2,{},deviant
82101,Radicar Solicitud Homologacion,2016-02-02 18:05:11,2016-02-02 18:59:29,2016-02-02 19:00:26,16695,51,0.10231854838709678,0,2,18,2,2195.616666666667,54.3,1139.4833333333333,2,{},deviant
82102,Traer informacion estudiante - banner,2016-02-02 19:54:41,2016-02-02 19:54:41,2016-02-02 19:54:41,528,51,0.0,0,1,19,2,2250.8166666666666,2250.8166666666666,1194.6833333333334,2,{},deviant
82102,Radicar Solicitud Homologacion,2016-02-02 19:54:41,2016-02-02 20:48:59,2016-02-02 20:48:59,528,51,0.10231854838709678,0,2,20,2,2305.116666666667,54.3,1248.9833333333333,2,{},deviant
82251,Traer informacion estudiante - banner,2016-02-02 21:13:43,2016-02-02 21:13:43,2016-02-02 21:13:43,8916,52,0.0,0,1,21,2,2329.85,2329.85,1273.7166666666667,2,{},deviant
82301,Traer informacion estudiante - banner,2016-02-02 22:06:01,2016-02-02 22:06:01,2016-02-02 22:06:01,19019,53,0.0,0,1,22,2,2382.15,2382.15,1326.0166666666667,2,{},deviant
82251,Radicar Solicitud Homologacion,2016-02-02 21:13:43,2016-02-02 22:08:05,2016-02-02 22:08:05,8916,52,0.10231854838709678,0,2,22,2,2384.2166666666667,54.36666666666667,1328.0833333333333,2,{},deviant
82503,Traer informacion estudiante - banner,2016-02-02 22:36:44,2016-02-02 22:36:44,2016-02-02 22:36:44,8528,54,0.0,0,1,22,2,2412.866666666667,2412.866666666667,1356.7333333333333,2,{},deviant
82301,Radicar Solicitud Homologacion,2016-02-02 22:06:01,2016-02-02 23:00:30,2016-02-02 23:12:50,19019,53,0.10231854838709678,0,2,23,2,2436.633333333333,54.483333333333334,1380.5,2,{},deviant
81805,Validar solicitud,2016-02-02 03:08:22,2016-02-02 23:18:14,2016-02-02 23:19:09,387,50,0.24168346774193547,0,3,23,2,2454.366666666667,1209.9333333333334,1398.2333333333333,2,{},deviant
82503,Radicar Solicitud Homologacion,2016-02-02 22:36:44,2016-02-02 23:31:24,2016-02-02 23:31:30,8528,54,0.10231854838709678,0,2,23,2,2467.5333333333333,54.666666666666664,1411.4,2,{},deviant
82505,Traer informacion estudiante - banner,2016-02-03 00:16:28,2016-02-03 00:16:28,2016-02-03 00:16:28,8528,55,0.0,0,1,0,2,2512.6,2512.6,16.466666666666665,3,{},deviant
82506,Traer informacion estudiante - banner,2016-02-03 00:40:51,2016-02-03 00:40:51,2016-02-03 00:40:51,2804,56,0.0,0,1,0,2,2536.983333333333,2536.983333333333,40.85,3,{},deviant
82505,Radicar Solicitud Homologacion,2016-02-03 00:16:28,2016-02-03 01:29:52,2016-02-03 01:29:57,8528,55,0.10231854838709678,0,2,1,2,2586.0,73.4,89.86666666666666,3,{},deviant
82507,Traer informacion estudiante - banner,2016-02-03 01:31:56,2016-02-03 01:31:56,2016-02-03 01:31:56,8528,57,0.0,0,1,1,2,2588.0666666666666,2588.0666666666666,91.93333333333334,3,{},deviant
82506,Radicar Solicitud Homologacion,2016-02-03 00:40:51,2016-02-03 01:52:22,2016-02-03 01:52:29,2804,56,0.10231854838709678,0,2,1,2,2608.5,71.51666666666667,112.36666666666666,3,{},deviant
82507,Radicar Solicitud Homologacion,2016-02-03 01:31:56,2016-02-03 02:41:37,2016-02-03 02:41:38,8528,57,0.10231854838709678,0,2,2,2,2657.75,69.68333333333334,161.61666666666667,3,{},deviant
82506,Validar solicitud,2016-02-03 01:52:29,2016-02-03 03:27:52,2016-02-03 03:43:27,677,57,0.24168346774193547,0,3,3,2,2704.0,95.5,207.86666666666667,3,{},deviant
82507,Validar solicitud,2016-02-03 02:41:38,2016-02-03 04:15:39,2016-02-03 04:25:08,6694,57,0.24168346774193547,0,3,4,2,2751.7833333333333,94.03333333333333,255.65,3,{},deviant
82655,Validar solicitud,2016-02-03 04:20:25,2016-02-03 04:20:25,2016-02-03 04:30:32,22475,58,0.24168346774193547,0,1,4,2,2756.55,2756.55,260.4166666666667,3,{},deviant
82655,Traer informacion estudiante - banner,2016-02-03 04:30:32,2016-02-03 05:24:43,2016-02-03 05:24:43,19019,58,0.0,0,2,5,2,2820.85,64.3,324.71666666666664,3,{},deviant
82505,Cancelar Solicitud,2016-02-03 01:29:57,2016-02-03 04:42:48,2016-02-03 05:26:35,1707,56,0.26537298387096775,0,3,4,2,2778.9333333333334,192.93333333333334,282.8,3,{},deviant
82655,Radicar Solicitud Homologacion,2016-02-03 05:24:43,2016-02-03 06:35:23,2016-02-03 06:35:23,19019,58,0.10231854838709678,0,3,6,2,2891.516666666667,70.66666666666667,395.3833333333333,3,{},deviant
82506,Homologacion por grupo de cursos,2016-02-03 03:43:27,2016-02-03 04:51:03,2016-02-03 06:39:03,3445,57,0.5632560483870968,0,4,4,2,2787.1833333333334,83.18333333333334,291.05,3,{},deviant
82507,Homologacion por grupo de cursos,2016-02-03 04:25:08,2016-02-03 05:27:02,2016-02-03 08:01:12,6990,58,0.5632560483870968,0,4,5,2,2823.1666666666665,71.38333333333334,327.03333333333336,3,{},deviant
82655,Homologacion por grupo de cursos,2016-02-03 06:35:23,2016-02-03 08:02:29,2016-02-03 08:35:40,1343,58,0.5632560483870968,0,4,8,2,2978.616666666667,87.1,482.48333333333335,3,{},deviant
82054,Validar solicitud,2016-02-02 16:25:18,2016-02-03 09:41:43,2016-02-03 09:56:00,22475,50,0.24168346774193547,0,3,9,2,3077.85,1036.4166666666667,581.7166666666667,3,{},deviant
82604,Traer informacion estudiante - banner,2016-02-03 11:15:42,2016-02-03 11:15:42,2016-02-03 11:15:42,8450,56,0.0,0,1,11,2,3171.8333333333335,3171.8333333333335,675.7,3,{},deviant
82604,Radicar Solicitud Homologacion,2016-02-03 11:15:42,2016-02-03 12:27:13,2016-02-03 12:27:21,8450,56,0.10231854838709678,0,2,12,2,3243.35,71.51666666666667,747.2166666666667,3,{},deviant
82101,Validar solicitud,2016-02-02 19:00:26,2016-02-03 12:31:29,2016-02-03 12:39:21,659,50,0.24168346774193547,0,3,12,2,3247.616666666667,1052.0,751.4833333333333,3,{},deviant
82651,Traer informacion estudiante - banner,2016-02-03 13:18:31,2016-02-03 13:18:31,2016-02-03 13:18:31,2925,57,0.0,0,1,13,2,3294.65,3294.65,798.5166666666667,3,{},deviant
82652,Traer informacion estudiante - banner,2016-02-03 14:15:15,2016-02-03 14:15:15,2016-02-03 14:15:15,3421,58,0.0,0,1,14,2,3351.383333333333,3351.383333333333,855.25,3,{},deviant
82651,Radicar Solicitud Homologacion,2016-02-03 13:18:31,2016-02-03 14:28:12,2016-02-03 14:28:37,2925,57,0.10231854838709678,0,2,14,2,3364.3333333333335,69.68333333333334,868.2,3,{},deviant
82102,Validar solicitud,2016-02-02 20:48:59,2016-02-03 14:20:43,2016-02-03 14:48:06,716,51,0.24168346774193547,0,3,14,2,3356.85,1051.7333333333333,860.7166666666667,3,{},deviant
82801,Traer informacion estudiante - banner,2016-02-03 15:01:51,2016-02-03 15:01:51,2016-02-03 15:01:51,5571,59,0.0,0,1,15,2,3397.983333333333,3397.983333333333,901.85,3,{},deviant
82652,Radicar Solicitud Homologacion,2016-02-03 14:15:15,2016-02-03 15:18:45,2016-02-03 15:19:02,3421,58,0.10231854838709678,0,2,15,2,3414.883333333333,63.5,918.75,3,{},deviant
82604,Validar solicitud,2016-02-03 12:27:21,2016-02-03 14:03:42,2016-02-03 15:43:17,18929,56,0.24168346774193547,0,3,14,2,3339.8333333333335,96.48333333333333,843.7,3,{},deviant
82701,Traer informacion estudiante - banner,2016-02-03 15:46:00,2016-02-03 15:46:00,2016-02-03 15:46:00,26147,60,0.0,0,1,15,2,3442.133333333333,3442.133333333333,946.0,3,{},deviant
82801,Radicar Solicitud Homologacion,2016-02-03 15:01:51,2016-02-03 16:03:42,2016-02-03 16:04:12,5571,59,0.10231854838709678,0,2,16,2,3459.8333333333335,61.85,963.7,3,{},deviant
82251,Validar solicitud,2016-02-02 22:08:05,2016-02-03 15:56:03,2016-02-03 16:05:59,669,53,0.24168346774193547,0,3,15,2,3452.1833333333334,1067.9666666666667,956.05,3,{},deviant
82651,Validar solicitud,2016-02-03 14:28:37,2016-02-03 15:55:35,2016-02-03 16:19:08,49,58,0.24168346774193547,0,3,15,2,3451.7166666666667,87.38333333333334,955.5833333333334,3,{},deviant
82652,Validar solicitud,2016-02-03 15:19:02,2016-02-03 16:40:21,2016-02-03 16:47:58,19019,59,0.24168346774193547,0,3,16,2,3496.483333333333,81.6,1000.35,3,{},deviant
32_CF,Traer informacion estudiante - banner,2016-02-03 17:00:39,2016-02-03 17:00:39,2016-02-03 17:00:53,22624,61,0.0,0,1,17,2,3516.7833333333333,3516.7833333333333,1020.65,3,{},regular
82009,Validar solicitud,2016-02-02 12:17:37,2016-02-03 16:24:01,2016-02-03 17:09:10,1707,49,0.24168346774193547,0,3,16,2,3480.15,1686.5333333333333,984.0166666666667,3,{},deviant
82701,Radicar Solicitud Homologacion,2016-02-03 15:46:00,2016-02-03 16:50:24,2016-02-03 17:09:58,26147,60,0.10231854838709678,0,2,16,2,3506.5333333333333,64.4,1010.4,3,{},deviant
82301,Validar solicitud,2016-02-02 23:12:50,2016-02-03 17:16:34,2016-02-03 17:16:34,387,54,0.24168346774193547,0,3,17,2,3532.7,1096.0666666666666,1036.5666666666666,3,{},deviant
82651,Homologacion por grupo de cursos,2016-02-03 16:19:08,2016-02-03 17:17:02,2016-02-03 17:18:30,2541,60,0.5632560483870968,0,4,17,2,3533.1666666666665,81.45,1037.0333333333333,3,{},deviant
82801,Validar solicitud,2016-02-03 16:04:12,2016-02-03 17:21:09,2016-02-03 17:22:59,669,60,0.24168346774193547,0,3,17,2,3537.2833333333333,77.45,1041.15,3,{},deviant
32_CF,Radicar Solicitud Homologacion,2016-02-03 17:00:53,2016-02-03 17:56:39,2016-02-03 18:00:10,22624,61,0.10231854838709678,0,2,17,2,3572.7833333333333,56.0,1076.65,3,{},regular
82801,Homologacion por grupo de cursos,2016-02-03 17:22:59,2016-02-03 18:10:23,2016-02-03 18:47:51,1343,60,0.5632560483870968,0,4,18,2,3586.516666666667,49.233333333333334,1090.3833333333334,3,{},deviant
5_CF,Traer informacion estudiante - banner,2016-02-03 18:51:44,2016-02-03 18:51:44,2016-02-03 18:52:01,7007,60,0.0,0,1,18,2,3627.866666666667,3627.866666666667,1131.7333333333333,3,{},regular
82701,Validar solicitud,2016-02-03 17:09:58,2016-02-03 18:33:01,2016-02-03 19:05:26,7080,61,0.24168346774193547,0,3,18,2,3609.15,102.61666666666666,1113.0166666666667,3,{},deviant
32_CF,Validar solicitud,2016-02-03 18:00:10,2016-02-03 19:22:38,2016-02-03 19:49:07,716,60,0.24168346774193547,0,3,19,2,3658.766666666667,85.98333333333333,1162.6333333333334,3,{},regular
17_CF,Traer informacion estudiante - banner,2016-02-03 19:59:55,2016-02-03 19:59:55,2016-02-03 20:00:13,7007,61,0.0,0,1,19,2,3696.05,3696.05,1199.9166666666667,3,{},regular
5_CF,Radicar Solicitud Homologacion,2016-02-03 18:52:01,2016-02-03 20:03:20,2016-02-03 20:07:17,7007,60,0.10231854838709678,0,2,20,2,3699.4666666666667,71.6,1203.3333333333333,3,{},regular
32_CF,Revisar curso,2016-02-03 19:49:07,2016-02-03 20:58:56,2016-02-03 21:00:33,716,60,0.04788306451612903,0,4,20,2,3755.0666666666666,96.3,1258.9333333333334,3,{},regular
26_CF,Traer informacion estudiante - banner,2016-02-03 21:01:24,2016-02-03 21:01:24,2016-02-03 21:01:43,7007,62,0.0,0,1,21,2,3757.5333333333333,3757.5333333333333,1261.4,3,{},regular
32_CF,Homologacion por grupo de cursos,2016-02-03 21:00:33,2016-02-03 21:08:14,2016-02-03 21:09:01,7394,61,0.5632560483870968,0,5,21,2,3764.366666666667,9.3,1268.2333333333333,3,{},regular
32_CF,Evaluacion curso,2016-02-03 21:09:01,2016-02-03 21:09:05,2016-02-03 21:09:53,716,62,0.07787298387096774,0,6,21,2,3765.2166666666667,0.85,1269.0833333333333,3,{},regular
32_CF,Validacion final,2016-02-03 21:09:53,2016-02-03 21:09:57,2016-02-03 21:10:07,716,62,0.010080645161290322,0,7,21,2,3766.0833333333335,0.8666666666666667,1269.95,3,{},regular
32_CF,Visto Bueno Cierre Proceso,2016-02-03 21:10:07,2016-02-03 21:10:11,2016-02-03 21:10:13,7394,62,0.03276209677419355,0,8,21,2,3766.3166666666666,0.23333333333333334,1270.1833333333334,3,{},regular
17_CF,Radicar Solicitud Homologacion,2016-02-03 20:00:13,2016-02-03 21:12:56,2016-02-03 21:17:11,7007,61,0.10231854838709678,0,2,21,2,3769.0666666666666,73.01666666666667,1272.9333333333334,3,{},regular
82008,Validar solicitud,2016-02-02 11:10:29,2016-02-03 20:47:52,2016-02-03 21:33:11,1707,49,0.24168346774193547,0,3,20,2,3744.0,2017.5666666666666,1247.8666666666666,3,{},deviant
30_CF,Traer informacion estudiante - banner,2016-02-03 21:45:26,2016-02-03 21:45:26,2016-02-03 21:45:45,7007,62,0.0,0,1,21,2,3801.5666666666666,3801.5666666666666,1305.4333333333334,3,{},regular
26_CF,Radicar Solicitud Homologacion,2016-02-03 21:01:43,2016-02-03 22:09:23,2016-02-03 22:13:22,7007,62,0.10231854838709678,0,2,22,2,3825.516666666667,67.98333333333333,1329.3833333333334,3,{},regular
5_CF,Radicar Solicitud Homologacion,2016-02-03 20:07:17,2016-02-03 22:50:38,2016-02-03 22:52:15,1707,61,0.10231854838709678,0,3,22,2,3866.766666666667,167.3,1370.6333333333334,3,{},regular
30_CF,Radicar Solicitud Homologacion,2016-02-03 21:45:45,2016-02-03 22:56:35,2016-02-03 23:00:41,9519,62,0.10231854838709678,0,2,22,2,3872.7166666666667,71.15,1376.5833333333333,3,{},regular
17_CF,Validar solicitud,2016-02-03 21:17:11,2016-02-03 23:23:46,2016-02-03 23:51:25,1707,61,0.24168346774193547,0,3,23,2,3899.9,130.83333333333334,1403.7666666666667,3,{},regular
38_CF,Traer informacion estudiante - banner,2016-02-04 00:22:37,2016-02-04 00:22:37,2016-02-04 00:23:42,7007,63,0.0,0,1,0,2,3958.75,3958.75,22.616666666666667,4,{},regular
82054,Homologacion por grupo de cursos,2016-02-03 09:56:00,2016-02-03 23:52:30,2016-02-04 00:25:32,1343,55,0.5632560483870968,0,4,23,2,3928.633333333333,850.7833333333333,1432.5,3,{},deviant
26_CF,Validar solicitud,2016-02-03 22:13:22,2016-02-04 00:14:48,2016-02-04 00:56:28,1707,62,0.24168346774193547,0,3,0,2,3950.9333333333334,125.41666666666667,14.8,4,{},regular
39_CF,Traer informacion estudiante - banner,2016-02-04 01:17:47,2016-02-04 01:17:47,2016-02-04 01:18:41,7007,63,0.0,0,1,1,2,4013.9166666666665,4013.9166666666665,77.78333333333333,4,{},regular
82604,Homologacion por grupo de cursos,2016-02-03 15:43:17,2016-02-03 16:49:58,2016-02-04 01:40:48,18929,59,0.5632560483870968,0,4,16,2,3506.1,166.26666666666668,1009.9666666666667,3,{},deviant
17_CF,Revisar curso,2016-02-03 23:51:25,2016-02-04 01:45:44,2016-02-04 01:48:37,1707,62,0.04788306451612903,0,4,1,2,4041.866666666667,141.96666666666667,105.73333333333333,4,{},regular
82701,Cancelar Solicitud,2016-02-03 19:05:26,2016-02-04 01:08:53,2016-02-04 01:50:55,7080,60,0.26537298387096775,0,4,1,2,4005.016666666667,395.8666666666667,68.88333333333334,4,{},deviant
82652,Homologacion por grupo de cursos,2016-02-03 16:47:58,2016-02-03 17:39:06,2016-02-04 02:07:29,1007,60,0.5632560483870968,0,4,17,2,3555.233333333333,58.75,1059.1,3,{},deviant
5_CF,Revisar curso,2016-02-03 22:52:15,2016-02-04 02:14:36,2016-02-04 02:30:32,7775,62,0.04788306451612903,0,4,2,2,4070.733333333333,203.96666666666667,134.6,4,{},regular
81301,Notificacion estudiante cancelacion soli,2016-02-02 03:24:07,2016-02-04 02:37:18,2016-02-04 02:37:18,669,50,0.0,0,5,2,2,4093.4333333333334,2865.1833333333334,157.3,4,{},deviant
82101,Homologacion por grupo de cursos,2016-02-03 12:39:21,2016-02-04 02:42:27,2016-02-04 02:43:00,1422,56,0.5632560483870968,0,4,2,2,4098.583333333333,850.9666666666667,162.45,4,{},deviant
41_CF,Traer informacion estudiante - banner,2016-02-04 03:04:19,2016-02-04 03:04:19,2016-02-04 03:04:53,7007,60,0.0,0,1,3,2,4120.45,4120.45,184.31666666666666,4,{},regular
17_CF,Homologacion por grupo de cursos,2016-02-04 01:48:37,2016-02-04 03:14:45,2016-02-04 03:16:14,15930,62,0.5632560483870968,0,5,3,2,4130.883333333333,89.01666666666667,194.75,4,{},regular
30_CF,Cancelar Solicitud,2016-02-03 23:00:41,2016-02-04 04:09:54,2016-02-04 04:10:44,19019,62,0.26537298387096775,0,3,4,2,4186.033333333334,313.31666666666666,249.9,4,{},regular
26_CF,Revisar curso,2016-02-04 00:56:28,2016-02-04 04:18:43,2016-02-04 04:21:58,1707,62,0.04788306451612903,0,4,4,2,4194.85,243.91666666666666,258.71666666666664,4,{},regular
17_CF,Evaluacion curso,2016-02-04 03:16:14,2016-02-04 04:38:29,2016-02-04 04:41:30,15930,60,0.07787298387096774,0,6,4,2,4214.616666666667,83.73333333333333,278.48333333333335,4,{},regular
5_CF,Homologacion por grupo de cursos,2016-02-04 02:30:32,2016-02-04 05:26:56,2016-02-04 05:27:48,15930,61,0.5632560483870968,0,5,5,2,4263.066666666667,192.33333333333334,326.93333333333334,4,{},regular
82102,Homologacion por grupo de cursos,2016-02-03 14:48:06,2016-02-04 04:32:08,2016-02-04 06:00:51,7394,58,0.5632560483870968,0,4,4,2,4208.266666666666,851.4166666666666,272.1333333333333,4,{},deviant
82505,Notificacion estudiante cancelacion soli,2016-02-03 05:26:35,2016-02-04 06:19:02,2016-02-04 06:19:02,1707,58,0.0,0,4,6,2,4315.166666666667,1536.2333333333333,379.03333333333336,4,{},deviant
46_CF,Traer informacion estudiante - banner,2016-02-04 06:41:19,2016-02-04 06:41:19,2016-02-04 06:41:49,7007,59,0.0,0,1,6,2,4337.45,4337.45,401.31666666666666,4,{},regular
17_CF,Validacion final,2016-02-04 04:41:30,2016-02-04 07:16:22,2016-02-04 07:16:59,1707,60,0.010080645161290322,0,7,7,2,4372.5,157.88333333333333,436.3666666666667,4,{},regular
81951,Cancelar Solicitud,2016-02-02 04:49:47,2016-02-04 06:25:37,2016-02-04 07:50:57,8443,50,0.26537298387096775,0,3,6,2,4321.75,3003.45,385.6166666666667,4,{},deviant
26_CF,Homologacion por grupo de cursos,2016-02-04 04:21:58,2016-02-04 08:25:59,2016-02-04 08:28:23,15930,60,0.5632560483870968,0,5,8,2,4442.116666666667,247.26666666666668,505.98333333333335,4,{},regular
2_CF,Traer informacion estudiante - banner,2016-02-04 08:44:26,2016-02-04 08:44:26,2016-02-04 08:44:56,9336,60,0.0,0,1,8,2,4460.566666666667,4460.566666666667,524.4333333333333,4,{},regular
5_CF,Avanzar recepcion documentos,2016-02-04 05:27:48,2016-02-04 08:55:38,2016-02-04 08:55:38,15930,60,0.0020161290322580645,0,6,8,2,4471.766666666666,208.7,535.6333333333333,4,{},regular
17_CF,Visto Bueno Cierre Proceso,2016-02-04 07:16:59,2016-02-04 09:31:20,2016-02-04 09:31:22,15930,59,0.03276209677419355,0,8,9,2,4507.466666666666,134.96666666666667,571.3333333333334,4,{},regular
39_CF,Radicar Solicitud Homologacion,2016-02-04 01:18:41,2016-02-04 10:33:59,2016-02-04 10:44:39,9519,63,0.10231854838709678,0,2,10,2,4570.116666666667,556.2,633.9833333333333,4,{},regular
38_CF,Radicar Solicitud Homologacion,2016-02-04 00:23:42,2016-02-04 10:44:39,2016-02-04 10:56:06,9519,63,0.10231854838709678,0,2,10,2,4574.383333333333,615.6333333333333,638.25,4,{},regular
10_CF,Traer informacion estudiante - banner,2016-02-04 11:45:49,2016-02-04 11:45:49,2016-02-04 11:46:17,9336,60,0.0,0,1,11,2,4641.95,4641.95,705.8166666666667,4,{},regular
26_CF,Evaluacion curso,2016-02-04 08:28:23,2016-02-04 12:11:12,2016-02-04 12:14:05,15930,59,0.07787298387096774,0,6,12,2,4667.333333333333,225.21666666666667,731.2,4,{},regular
5_CF,Validacion final,2016-02-04 08:55:38,2016-02-04 12:42:38,2016-02-04 12:43:07,1707,60,0.010080645161290322,0,7,12,2,4698.766666666666,227.0,762.6333333333333,4,{},regular
41_CF,Radicar Solicitud Homologacion,2016-02-04 03:04:53,2016-02-04 12:38:41,2016-02-04 12:48:02,9519,60,0.10231854838709678,0,2,12,2,4694.816666666667,574.3666666666667,758.6833333333333,4,{},regular
7_CF,Traer informacion estudiante - banner,2016-02-04 13:25:05,2016-02-04 13:25:05,2016-02-04 13:25:38,8536,61,0.0,0,1,13,2,4741.216666666666,4741.216666666666,805.0833333333334,4,{},regular
13_CF,Traer informacion estudiante - banner,2016-02-04 14:29:23,2016-02-04 14:29:23,2016-02-04 14:29:56,8536,62,0.0,0,1,14,2,4805.516666666666,4805.516666666666,869.3833333333333,4,{},regular
5_CF,Visto Bueno Cierre Proceso,2016-02-04 12:43:07,2016-02-04 15:33:47,2016-02-04 15:33:50,12548,60,0.03276209677419355,0,8,15,2,4869.916666666667,171.15,933.7833333333333,4,{},regular
82009,Homologacion por grupo de cursos,2016-02-03 17:09:10,2016-02-04 13:22:12,2016-02-04 15:35:40,15930,61,0.5632560483870968,0,4,13,2,4738.333333333333,1258.1833333333334,802.2,4,{},deviant
35_CF,Traer informacion estudiante - banner,2016-02-04 15:47:19,2016-02-04 15:47:19,2016-02-04 15:47:50,8536,61,0.0,0,1,15,2,4883.45,4883.45,947.3166666666667,4,{},regular
81805,Homologacion por grupo de cursos,2016-02-02 23:19:09,2016-02-04 15:40:51,2016-02-04 15:59:54,1007,54,0.5632560483870968,0,4,15,2,4876.983333333334,2422.616666666667,940.85,4,{},deviant
26_CF,Validacion final,2016-02-04 12:14:05,2016-02-04 16:18:28,2016-02-04 16:19:07,1707,60,0.010080645161290322,0,7,16,2,4914.6,247.26666666666668,978.4666666666667,4,{},regular
46_CF,Radicar Solicitud Homologacion,2016-02-04 06:41:49,2016-02-04 16:30:55,2016-02-04 16:39:12,9519,59,0.10231854838709678,0,2,16,2,4927.05,589.6,990.9166666666666,4,{},regular
36_CF,Traer informacion estudiante - banner,2016-02-04 17:05:57,2016-02-04 17:05:57,2016-02-04 17:06:23,8536,61,0.0,0,1,17,2,4962.083333333333,4962.083333333333,1025.95,4,{},regular
2_CF,Radicar Solicitud Homologacion,2016-02-04 08:44:56,2016-02-04 17:49:32,2016-02-04 17:57:25,9336,60,0.10231854838709678,0,2,17,2,5005.666666666667,545.1,1069.5333333333333,4,{},regular
52_CF,Traer informacion estudiante - banner,2016-02-04 18:26:12,2016-02-04 18:26:12,2016-02-04 18:26:38,8536,62,0.0,0,1,18,2,5042.333333333333,5042.333333333333,1106.2,4,{},regular
26_CF,Visto Bueno Cierre Proceso,2016-02-04 16:19:07,2016-02-04 18:57:00,2016-02-04 18:57:03,15930,60,0.03276209677419355,0,8,18,2,5073.133333333333,158.53333333333333,1137.0,4,{},regular
82301,Recepcion de documentos,2016-02-03 17:16:34,2016-02-04 07:21:54,2016-02-04 19:29:54,19019,61,0.014868951612903226,0,4,7,2,4378.033333333334,845.3333333333334,441.9,4,{},deviant
82151,Cancelar Solicitud,2016-02-02 13:00:48,2016-02-04 18:40:25,2016-02-04 19:30:10,22404,49,0.26537298387096775,0,3,18,2,5056.55,3219.616666666667,1120.4166666666667,4,{},deviant
30_CF,Revisar curso,2016-02-04 04:10:44,2016-02-04 19:29:54,2016-02-04 19:37:32,19019,60,0.04788306451612903,0,4,15,2,4838.6,652.5666666666667,902.4666666666667,4,{},regular
23_CF,Traer informacion estudiante - banner,2016-02-04 20:14:46,2016-02-04 20:14:46,2016-02-04 20:15:11,12532,62,0.0,0,1,20,2,5150.9,5150.9,1214.7666666666667,4,{},regular
10_CF,Radicar Solicitud Homologacion,2016-02-04 11:46:17,2016-02-04 20:50:53,2016-02-04 20:57:54,9519,60,0.10231854838709678,0,2,20,2,5187.016666666666,545.0666666666667,1250.8833333333334,4,{},regular
25_CF,Traer informacion estudiante - banner,2016-02-04 22:03:36,2016-02-04 22:03:36,2016-02-04 22:04:01,12532,63,0.0,0,1,22,2,5259.733333333334,5259.733333333334,1323.6,4,{},regular
7_CF,Radicar Solicitud Homologacion,2016-02-04 13:25:38,2016-02-04 23:34:46,2016-02-04 23:42:12,9519,61,0.10231854838709678,0,2,23,2,5350.9,609.6833333333333,1414.7666666666667,4,{},regular
40_CF,Traer informacion estudiante - banner,2016-02-04 23:51:20,2016-02-04 23:51:20,2016-02-04 23:51:46,12532,64,0.0,0,1,23,2,5367.466666666666,5367.466666666666,1431.3333333333333,4,{},regular
13_CF,Radicar Solicitud Homologacion,2016-02-04 14:29:56,2016-02-05 00:23:02,2016-02-05 00:33:09,9519,62,0.10231854838709678,0,2,0,2,5399.166666666667,593.65,23.033333333333335,5,{},regular
36_CF,Radicar Solicitud Homologacion,2016-02-04 17:06:23,2016-02-05 01:56:27,2016-02-05 02:05:19,9519,61,0.10231854838709678,0,2,1,2,5492.583333333333,530.5,116.45,5,{},regular
35_CF,Radicar Solicitud Homologacion,2016-02-04 15:47:50,2016-02-05 02:05:19,2016-02-05 02:14:53,9519,61,0.10231854838709678,0,2,1,2,5493.1,609.65,116.96666666666667,5,{},regular
50_CF,Traer informacion estudiante - banner,2016-02-05 02:42:37,2016-02-05 02:42:37,2016-02-05 02:43:40,12532,65,0.0,0,1,2,2,5538.75,5538.75,162.61666666666667,5,{},regular
52_CF,Radicar Solicitud Homologacion,2016-02-04 18:26:38,2016-02-05 03:02:26,2016-02-05 03:12:21,8536,62,0.10231854838709678,0,2,3,2,5558.566666666667,516.2333333333333,182.43333333333334,5,{},regular
47_CF,Traer informacion estudiante - banner,2016-02-05 03:45:58,2016-02-05 03:45:58,2016-02-05 03:47:10,12532,66,0.0,0,1,3,2,5602.1,5602.1,225.96666666666667,5,{},regular
50_CF,Radicar Solicitud Homologacion,2016-02-05 02:43:40,2016-02-05 04:26:27,2016-02-05 04:39:41,9519,65,0.10231854838709678,0,2,4,2,5642.583333333333,103.83333333333333,266.45,5,{},regular
82008,Homologacion por grupo de cursos,2016-02-03 21:33:11,2016-02-05 02:51:31,2016-02-05 05:07:51,15930,61,0.5632560483870968,0,4,2,2,5547.65,1803.65,171.51666666666668,5,{},deviant
30_CF,Evaluacion curso,2016-02-04 19:37:32,2016-02-05 05:07:51,2016-02-05 05:08:37,15930,61,0.07787298387096774,0,5,3,2,5607.883333333333,769.2833333333333,231.75,5,{},regular
23_CF,Radicar Solicitud Homologacion,2016-02-04 20:15:11,2016-02-05 05:19:12,2016-02-05 05:27:29,12532,62,0.10231854838709678,0,2,5,2,5695.333333333333,544.4333333333333,319.2,5,{},regular
47_CF,Radicar Solicitud Homologacion,2016-02-05 03:47:10,2016-02-05 05:57:53,2016-02-05 06:10:02,12532,66,0.10231854838709678,0,2,5,2,5734.016666666666,131.91666666666666,357.8833333333333,5,{},regular
25_CF,Radicar Solicitud Homologacion,2016-02-04 22:04:01,2016-02-05 06:53:32,2016-02-05 07:01:30,12532,63,0.10231854838709678,0,2,6,2,5789.666666666667,529.9333333333333,413.53333333333336,5,{},regular
100101,Traer informacion estudiante - banner,2016-02-05 07:13:27,2016-02-05 07:13:27,2016-02-05 07:13:27,7071,66,0.0,0,1,7,2,5809.583333333333,5809.583333333333,433.45,5,{},deviant
82503,Cancelar Solicitud,2016-02-02 23:31:30,2016-02-05 08:14:25,2016-02-05 08:14:36,8528,54,0.26537298387096775,0,3,8,2,5870.55,3403.016666666667,494.4166666666667,5,{},deviant
40_CF,Radicar Solicitud Homologacion,2016-02-04 23:51:46,2016-02-05 08:27:03,2016-02-05 08:35:53,12532,64,0.10231854838709678,0,2,8,2,5883.183333333333,515.7166666666667,507.05,5,{},regular
30_CF,Revisar curso,2016-02-05 05:08:37,2016-02-05 08:47:46,2016-02-05 08:49:36,26757,65,0.04788306451612903,0,6,8,2,5903.9,296.01666666666665,527.7666666666667,5,{},regular
100101,Radicar Solicitud Homologacion,2016-02-05 07:13:27,2016-02-05 08:52:51,2016-02-05 08:52:51,7071,66,0.10231854838709678,0,2,8,2,5908.983333333334,99.4,532.85,5,{},deviant
41_CF,Cancelar Solicitud,2016-02-04 12:48:02,2016-02-05 09:47:12,2016-02-05 09:49:44,19019,60,0.26537298387096775,0,3,9,2,5963.333333333333,1268.5166666666667,587.2,5,{},regular
2_CF,Validar solicitud,2016-02-04 17:57:25,2016-02-05 09:29:19,2016-02-05 09:54:14,677,61,0.24168346774193547,0,3,9,2,5945.45,939.7833333333333,569.3166666666667,5,{},regular
30_CF,Homologacion por grupo de cursos,2016-02-05 08:49:36,2016-02-05 10:02:04,2016-02-05 10:02:19,19019,66,0.5632560483870968,0,7,10,2,5978.2,74.3,602.0666666666667,5,{},regular
30_CF,Evaluacion curso,2016-02-05 10:02:19,2016-02-05 10:02:23,2016-02-05 10:02:57,15930,66,0.07787298387096774,0,8,10,2,5978.516666666666,0.31666666666666665,602.3833333333333,5,{},regular
39_CF,Cancelar Solicitud,2016-02-04 10:44:39,2016-02-05 10:02:36,2016-02-05 10:05:39,677,59,0.26537298387096775,0,3,10,2,5978.733333333334,1408.6166666666666,602.6,5,{},regular
52_CF,Validar solicitud,2016-02-05 03:12:21,2016-02-05 10:50:41,2016-02-05 11:14:13,1707,65,0.24168346774193547,0,3,10,2,6026.816666666667,468.25,650.6833333333333,5,{},regular
100102,Traer informacion estudiante - banner,2016-02-05 12:05:23,2016-02-05 12:05:23,2016-02-05 12:05:23,7071,66,0.0,0,1,12,2,6101.516666666666,6101.516666666666,725.3833333333333,5,{},deviant
100952,Traer informacion estudiante - banner,2016-02-05 12:50:42,2016-02-05 12:50:42,2016-02-05 12:50:42,19019,67,0.0,0,1,12,2,6146.833333333333,6146.833333333333,770.7,5,{},regular
36_CF,Cancelar Solicitud,2016-02-05 02:05:19,2016-02-05 12:56:56,2016-02-05 12:59:26,7080,64,0.26537298387096775,0,3,12,2,6153.066666666667,660.4833333333333,776.9333333333333,5,{},regular
23_CF,Validar solicitud,2016-02-05 05:27:29,2016-02-05 13:02:17,2016-02-05 13:22:59,19019,65,0.24168346774193547,0,3,13,2,6158.416666666667,463.0833333333333,782.2833333333333,5,{},regular
46_CF,Cancelar Solicitud,2016-02-04 16:39:12,2016-02-05 14:04:08,2016-02-05 14:05:45,677,60,0.26537298387096775,0,3,14,2,6220.266666666666,1293.2166666666667,844.1333333333333,5,{},regular
100102,Radicar Solicitud Homologacion,2016-02-05 12:05:23,2016-02-05 14:16:06,2016-02-05 14:16:06,7071,66,0.10231854838709678,0,2,14,2,6232.233333333334,130.71666666666667,856.1,5,{},deviant
25_CF,Validar solicitud,2016-02-05 07:01:30,2016-02-05 14:24:08,2016-02-05 14:43:44,19019,65,0.24168346774193547,0,3,14,2,6240.266666666666,450.6,864.1333333333333,5,{},regular
38_CF,Cancelar Solicitud,2016-02-04 10:56:06,2016-02-05 14:59:34,2016-02-05 15:01:46,677,59,0.26537298387096775,0,3,14,2,6275.7,1701.3166666666666,899.5666666666667,5,{},regular
100954,Traer informacion estudiante - banner,2016-02-05 15:12:37,2016-02-05 15:12:37,2016-02-05 15:12:37,7736,68,0.0,0,1,15,2,6288.75,6288.75,912.6166666666667,5,{},deviant
13_CF,Cancelar Solicitud,2016-02-05 00:33:09,2016-02-05 15:27:46,2016-02-05 15:30:24,677,64,0.26537298387096775,0,3,15,2,6303.9,904.7333333333333,927.7666666666667,5,{},regular
100952,Radicar Solicitud Homologacion,2016-02-05 12:50:42,2016-02-05 14:57:36,2016-02-05 16:01:04,19019,67,0.10231854838709678,0,2,14,2,6273.733333333334,126.9,897.6,5,{},regular
101051,Traer informacion estudiante - banner,2016-02-05 15:57:53,2016-02-05 16:01:04,2016-02-05 16:01:04,19019,69,0.0,0,1,15,2,6334.016666666666,6334.016666666666,957.8833333333333,5,{},deviant
40_CF,Validar solicitud,2016-02-05 08:35:53,2016-02-05 16:13:50,2016-02-05 16:33:42,19019,66,0.24168346774193547,0,3,16,2,6349.966666666666,466.78333333333336,973.8333333333334,5,{},regular
100101,Validar solicitud,2016-02-05 08:52:51,2016-02-05 16:43:41,2016-02-05 16:43:48,22475,66,0.24168346774193547,0,3,16,2,6379.816666666667,470.8333333333333,1003.6833333333333,5,{},deviant
47_CF,Validar solicitud,2016-02-05 06:10:02,2016-02-05 16:39:51,2016-02-05 16:58:12,19019,65,0.24168346774193547,0,3,16,2,6375.983333333334,641.9666666666667,999.85,5,{},regular
10_CF,Cancelar Solicitud,2016-02-04 20:57:54,2016-02-05 16:58:12,2016-02-05 16:59:21,19019,62,0.26537298387096775,0,3,16,2,6392.133333333333,1205.1166666666666,1016.0,5,{},regular
100954,Radicar Solicitud Homologacion,2016-02-05 15:12:37,2016-02-05 17:02:41,2016-02-05 17:02:56,7736,68,0.10231854838709678,0,2,17,2,6398.816666666667,110.06666666666666,1022.6833333333333,5,{},deviant
101002,Traer informacion estudiante - banner,2016-02-05 17:23:28,2016-02-05 17:23:28,2016-02-05 17:23:28,15862,70,0.0,0,1,17,2,6419.6,6419.6,1043.4666666666667,5,{},deviant
35_CF,Cancelar Solicitud,2016-02-05 02:14:53,2016-02-05 17:23:29,2016-02-05 17:25:41,677,64,0.26537298387096775,0,3,17,2,6419.616666666667,926.5166666666667,1043.4833333333333,5,{},regular
101051,Radicar Solicitud Homologacion,2016-02-05 16:01:04,2016-02-05 17:52:58,2016-02-05 17:52:58,19019,69,0.10231854838709678,0,2,17,2,6449.1,115.08333333333333,1072.9666666666667,5,{},deviant
101101,Traer informacion estudiante - banner,2016-02-05 17:54:02,2016-02-05 17:54:02,2016-02-05 17:54:02,3149,71,0.0,0,1,17,2,6450.166666666667,6450.166666666667,1074.0333333333333,5,{},deviant
52_CF,Revisar curso,2016-02-05 11:14:13,2016-02-05 18:20:49,2016-02-05 18:22:11,1707,65,0.04788306451612903,0,4,18,2,6476.95,450.1333333333333,1100.8166666666666,5,{},regular
82701,Notificacion estudiante cancelacion soli,2016-02-04 01:50:55,2016-02-05 19:16:07,2016-02-05 19:16:07,7080,62,0.0,0,5,19,2,6532.25,2527.233333333333,1156.1166666666666,5,{},deviant
101002,Radicar Solicitud Homologacion,2016-02-05 17:23:28,2016-02-05 19:19:24,2016-02-05 19:19:57,15862,70,0.10231854838709678,0,2,19,2,6535.533333333334,115.93333333333334,1159.4,5,{},deviant
101251,Traer informacion estudiante - banner,2016-02-05 19:44:05,2016-02-05 19:44:05,2016-02-05 19:44:05,25141,71,0.0,0,1,19,2,6560.216666666666,6560.216666666666,1184.0833333333333,5,{},deviant
82301,Homologacion por grupo de cursos,2016-02-04 19:29:54,2016-02-05 07:49:47,2016-02-05 20:07:12,1007,61,0.5632560483870968,0,5,7,2,5845.916666666667,1467.8833333333334,469.78333333333336,5,{},deviant
101101,Radicar Solicitud Homologacion,2016-02-05 17:54:02,2016-02-05 19:46:29,2016-02-05 20:07:36,3149,71,0.10231854838709678,0,2,19,2,6562.616666666667,112.45,1186.4833333333333,5,{},deviant
101202,Traer informacion estudiante - banner,2016-02-05 20:45:27,2016-02-05 20:45:27,2016-02-05 20:45:27,8556,71,0.0,0,1,20,2,6621.583333333333,6621.583333333333,1245.45,5,{},deviant
2_CF,Revisar curso,2016-02-05 09:54:14,2016-02-05 21:16:22,2016-02-05 21:17:25,677,66,0.04788306451612903,0,4,21,2,6652.5,707.05,1276.3666666666666,5,{},regular
101203,Traer informacion estudiante - banner,2016-02-05 21:41:07,2016-02-05 21:41:07,2016-02-05 21:41:07,8955,72,0.0,0,1,21,2,6677.25,6677.25,1301.1166666666666,5,{},deviant
101202,Radicar Solicitud Homologacion,2016-02-05 20:45:27,2016-02-05 22:09:04,2016-02-05 22:09:20,8556,71,0.10231854838709678,0,2,22,2,6705.2,83.61666666666666,1329.0666666666666,5,{},deviant
101251,Radicar Solicitud Homologacion,2016-02-05 19:44:05,2016-02-05 21:36:32,2016-02-05 22:10:20,25141,71,0.10231854838709678,0,2,21,2,6672.666666666667,112.45,1296.5333333333333,5,{},deviant
52_CF,Homologacion por grupo de cursos,2016-02-05 18:22:11,2016-02-05 23:00:33,2016-02-05 23:01:07,15930,71,0.5632560483870968,0,5,23,2,6756.683333333333,279.73333333333335,1380.55,5,{},regular
52_CF,Evaluacion curso,2016-02-05 23:01:07,2016-02-05 23:01:11,2016-02-05 23:01:51,1707,72,0.07787298387096774,0,6,23,2,6757.316666666667,0.6333333333333333,1381.1833333333334,5,{},regular
101203,Radicar Solicitud Homologacion,2016-02-05 21:41:07,2016-02-05 23:01:47,2016-02-05 23:01:59,8955,72,0.10231854838709678,0,2,23,2,6757.916666666667,80.66666666666667,1381.7833333333333,5,{},deviant
52_CF,Validacion final,2016-02-05 23:01:51,2016-02-05 23:01:55,2016-02-05 23:02:18,1707,72,0.010080645161290322,0,7,23,2,6758.05,0.7333333333333333,1381.9166666666667,5,{},regular
52_CF,Visto Bueno Cierre Proceso,2016-02-05 23:02:18,2016-02-05 23:02:22,2016-02-05 23:02:46,15930,72,0.03276209677419355,0,8,23,2,6758.5,0.45,1382.3666666666666,5,{},regular
101102,Traer informacion estudiante - banner,2016-02-06 00:13:28,2016-02-06 00:13:28,2016-02-06 00:13:28,5275,72,0.0,0,1,0,2,6829.6,6829.6,13.466666666666667,6,{},deviant
7_CF,Cancelar Solicitud,2016-02-04 23:42:12,2016-02-06 00:21:15,2016-02-06 00:21:52,7080,63,0.26537298387096775,0,3,0,2,6837.383333333333,1486.4833333333333,21.25,6,{},regular
101103,Traer informacion estudiante - banner,2016-02-06 01:32:15,2016-02-06 01:32:15,2016-02-06 01:32:15,9427,73,0.0,0,1,1,2,6908.383333333333,6908.383333333333,92.25,6,{},deviant
2_CF,Evaluacion curso,2016-02-05 21:17:25,2016-02-06 01:52:07,2016-02-06 01:52:30,7088,71,0.07787298387096774,0,5,1,2,6928.25,275.75,112.11666666666666,6,{},regular
100102,Validar solicitud,2016-02-05 14:16:06,2016-02-06 02:58:00,2016-02-06 02:58:03,22475,67,0.24168346774193547,0,3,2,2,6994.133333333333,761.9,178.0,6,{},deviant
101204,Traer informacion estudiante - banner,2016-02-06 04:13:47,2016-02-06 04:13:47,2016-02-06 04:13:47,9437,74,0.0,0,1,4,2,7069.916666666667,7069.916666666667,253.78333333333333,6,{},deviant
100101,Revisar curso,2016-02-05 16:43:48,2016-02-06 04:22:41,2016-02-06 04:22:41,22475,69,0.04788306451612903,0,4,4,2,7078.816666666667,699.0,262.68333333333334,6,{},deviant
101205,Traer informacion estudiante - banner,2016-02-06 04:37:18,2016-02-06 04:37:18,2016-02-06 04:37:18,7573,75,0.0,0,1,4,2,7093.433333333333,7093.433333333333,277.3,6,{},deviant
36_CF,Revisar curso,2016-02-05 12:59:26,2016-02-06 05:31:47,2016-02-06 05:36:13,7080,67,0.04788306451612903,0,4,5,2,7147.916666666667,994.85,331.78333333333336,6,{},regular
101102,Radicar Solicitud Homologacion,2016-02-06 00:13:28,2016-02-06 05:47:37,2016-02-06 05:47:54,5275,72,0.10231854838709678,0,2,5,2,7163.75,334.15,347.6166666666667,6,{},deviant
101051,Validar solicitud,2016-02-05 17:52:58,2016-02-06 05:55:14,2016-02-06 05:55:14,677,70,0.24168346774193547,0,3,5,2,7171.366666666667,722.2666666666667,355.23333333333335,6,{},deviant
100952,Validar solicitud,2016-02-05 16:01:04,2016-02-06 04:35:42,2016-02-06 06:01:51,1707,69,0.24168346774193547,0,3,4,2,7091.833333333333,818.1,275.7,6,{},regular
101103,Radicar Solicitud Homologacion,2016-02-06 01:32:15,2016-02-06 06:56:21,2016-02-06 06:56:56,9427,73,0.10231854838709678,0,2,6,2,7232.483333333334,324.1,416.35,6,{},deviant
50_CF,Cancelar Solicitud,2016-02-05 04:39:41,2016-02-06 07:41:59,2016-02-06 07:43:37,19019,66,0.26537298387096775,0,3,7,2,7278.116666666667,1635.5333333333333,461.98333333333335,6,{},regular
41_CF,Revisar curso,2016-02-05 09:49:44,2016-02-06 07:50:36,2016-02-06 07:57:19,19019,66,0.04788306451612903,0,4,7,2,7286.733333333334,1323.4,470.6,6,{},regular
101204,Radicar Solicitud Homologacion,2016-02-06 04:13:47,2016-02-06 09:28:00,2016-02-06 09:28:08,9437,74,0.10231854838709678,0,2,9,2,7384.133333333333,314.21666666666664,568.0,6,{},deviant
101205,Radicar Solicitud Homologacion,2016-02-06 04:37:18,2016-02-06 09:28:49,2016-02-06 09:29:38,7573,75,0.10231854838709678,0,2,9,2,7384.95,291.51666666666665,568.8166666666667,6,{},deviant
101207,Traer informacion estudiante - banner,2016-02-06 10:14:08,2016-02-06 10:14:08,2016-02-06 10:14:08,19019,76,0.0,0,1,10,2,7430.266666666666,7430.266666666666,614.1333333333333,6,{},regular
101101,Validar solicitud,2016-02-05 20:07:36,2016-02-06 06:17:48,2016-02-06 10:30:35,186,70,0.24168346774193547,0,3,6,2,7193.933333333333,631.3166666666667,377.8,6,{},deviant
2_CF,Homologacion por grupo de cursos,2016-02-06 01:52:30,2016-02-06 11:37:11,2016-02-06 11:37:18,3445,73,0.5632560483870968,0,6,11,2,7513.316666666667,585.0666666666667,697.1833333333333,6,{},regular
46_CF,Revisar curso,2016-02-05 14:05:45,2016-02-06 12:52:50,2016-02-06 12:57:45,677,67,0.04788306451612903,0,4,12,2,7588.966666666666,1368.7,772.8333333333334,6,{},regular
39_CF,Revisar curso,2016-02-05 10:05:39,2016-02-06 13:23:51,2016-02-06 13:30:43,677,65,0.04788306451612903,0,4,13,2,7619.983333333334,1641.25,803.85,6,{},regular
13_CF,Revisar curso,2016-02-05 15:30:24,2016-02-06 13:40:59,2016-02-06 13:44:38,677,68,0.04788306451612903,0,4,13,2,7637.116666666667,1333.2166666666667,820.9833333333333,6,{},regular
10_CF,Revisar curso,2016-02-05 16:59:21,2016-02-06 14:09:42,2016-02-06 14:13:24,12532,69,0.04788306451612903,0,4,14,2,7665.833333333333,1273.7,849.7,6,{},regular
101207,Radicar Solicitud Homologacion,2016-02-06 10:14:08,2016-02-06 14:56:28,2016-02-06 14:57:00,19019,76,0.10231854838709678,0,2,14,2,7712.6,282.3333333333333,896.4666666666667,6,{},regular
82251,Cancelar Solicitud,2016-02-03 16:05:59,2016-02-06 14:31:05,2016-02-06 15:10:30,8916,60,0.26537298387096775,0,4,14,2,7687.216666666666,4235.033333333334,871.0833333333334,6,{},deviant
23_CF,Cancelar Solicitud,2016-02-05 13:22:59,2016-02-06 15:11:06,2016-02-06 15:11:06,12532,67,0.26537298387096775,0,4,15,2,7727.233333333334,1568.8166666666666,911.1,6,{},regular
101301,Traer informacion estudiante - banner,2016-02-06 15:20:20,2016-02-06 15:20:20,2016-02-06 15:20:20,11760,77,0.0,0,1,15,2,7736.466666666666,7736.466666666666,920.3333333333334,6,{},deviant
35_CF,Revisar curso,2016-02-05 17:25:41,2016-02-06 16:17:57,2016-02-06 16:21:15,677,70,0.04788306451612903,0,4,16,2,7794.083333333333,1374.4666666666667,977.95,6,{},regular
25_CF,Cancelar Solicitud,2016-02-05 14:43:44,2016-02-06 16:29:40,2016-02-06 16:29:40,12532,67,0.26537298387096775,0,4,16,2,7805.8,1565.5333333333333,989.6666666666666,6,{},regular
101352,Traer informacion estudiante - banner,2016-02-06 16:46:05,2016-02-06 16:46:05,2016-02-06 16:46:05,19019,78,0.0,0,1,16,2,7822.216666666666,7822.216666666666,1006.0833333333334,6,{},deviant
101353,Traer informacion estudiante - banner,2016-02-06 18:02:02,2016-02-06 18:02:02,2016-02-06 18:02:02,19019,79,0.0,0,1,18,2,7898.166666666667,7898.166666666667,1082.0333333333333,6,{},deviant
101301,Radicar Solicitud Homologacion,2016-02-06 15:20:20,2016-02-06 20:05:56,2016-02-06 20:05:56,11760,77,0.10231854838709678,0,2,20,2,8022.066666666667,285.6,1205.9333333333334,6,{},deviant
101451,Traer informacion estudiante - banner,2016-02-06 20:29:47,2016-02-06 20:29:47,2016-02-06 20:29:47,7573,80,0.0,0,1,20,2,8045.916666666667,8045.916666666667,1229.7833333333333,6,{},deviant
101352,Radicar Solicitud Homologacion,2016-02-06 16:46:05,2016-02-06 21:22:29,2016-02-06 21:22:29,19019,78,0.10231854838709678,0,2,21,2,8098.616666666667,276.4,1282.4833333333333,6,{},deviant
101203,Cancelar Solicitud,2016-02-05 23:01:59,2016-02-06 21:01:50,2016-02-06 21:39:53,241,72,0.26537298387096775,0,3,21,2,8077.966666666666,1320.05,1261.8333333333333,6,{},deviant
101202,Cancelar Solicitud,2016-02-05 22:09:20,2016-02-06 21:39:53,2016-02-06 22:18:05,241,72,0.26537298387096775,0,3,21,2,8080.483333333334,1375.2833333333333,1264.35,6,{},deviant
101353,Radicar Solicitud Homologacion,2016-02-06 18:02:02,2016-02-06 22:29:23,2016-02-06 22:29:23,19019,79,0.10231854838709678,0,2,22,2,8165.516666666666,267.35,1349.3833333333334,6,{},deviant
40_CF,Cancelar Solicitud,2016-02-05 16:33:42,2016-02-06 22:47:18,2016-02-06 22:47:18,12532,69,0.26537298387096775,0,4,22,2,8183.433333333333,1833.4666666666667,1367.3,6,{},regular
101452,Traer informacion estudiante - banner,2016-02-06 23:06:02,2016-02-06 23:06:02,2016-02-06 23:06:02,7573,81,0.0,0,1,23,2,8202.166666666666,8202.166666666666,1386.0333333333333,6,{},deviant
38_CF,Revisar curso,2016-02-05 15:01:46,2016-02-06 23:20:43,2016-02-06 23:25:41,677,67,0.04788306451612903,0,4,23,2,8216.85,1941.15,1400.7166666666667,6,{},regular
101551,Traer informacion estudiante - banner,2016-02-07 00:13:08,2016-02-07 00:13:08,2016-02-07 00:13:08,19019,82,0.0,0,1,0,2,8269.266666666666,8269.266666666666,13.133333333333333,7,{},deviant
101451,Radicar Solicitud Homologacion,2016-02-06 20:29:47,2016-02-07 00:48:15,2016-02-07 00:48:15,7573,80,0.10231854838709678,0,2,0,2,8304.383333333333,258.46666666666664,48.25,7,{},deviant
101552,Traer informacion estudiante - banner,2016-02-07 01:02:45,2016-02-07 01:02:45,2016-02-07 01:02:45,19019,83,0.0,0,1,1,2,8318.883333333333,8318.883333333333,62.75,7,{},deviant
101452,Radicar Solicitud Homologacion,2016-02-06 23:06:02,2016-02-07 03:15:46,2016-02-07 03:15:46,7573,81,0.10231854838709678,0,2,3,2,8451.9,249.73333333333332,195.76666666666668,7,{},deviant
101551,Radicar Solicitud Homologacion,2016-02-07 00:13:08,2016-02-07 03:50:58,2016-02-07 03:50:58,19019,82,0.10231854838709678,0,2,3,2,8487.1,217.83333333333334,230.96666666666667,7,{},deviant
101552,Radicar Solicitud Homologacion,2016-02-07 01:02:45,2016-02-07 04:44:18,2016-02-07 04:44:18,19019,83,0.10231854838709678,0,2,4,2,8540.433333333332,221.55,284.3,7,{},deviant
100954,Cancelar Solicitud,2016-02-05 17:02:56,2016-02-07 06:13:08,2016-02-07 06:13:09,22475,69,0.26537298387096775,0,3,6,2,8629.266666666666,2230.45,373.1333333333333,7,{},deviant
2_CF,Validacion final,2016-02-06 11:37:18,2016-02-07 07:13:43,2016-02-07 07:13:54,677,76,0.010080645161290322,0,7,7,2,8689.85,1176.5333333333333,433.71666666666664,7,{},regular
2_CF,Visto Bueno Cierre Proceso,2016-02-07 07:13:54,2016-02-07 07:13:58,2016-02-07 07:14:15,3445,83,0.03276209677419355,0,8,7,2,8690.1,0.25,433.96666666666664,7,{},regular
101251,Cancelar Solicitud,2016-02-05 22:10:20,2016-02-07 08:13:35,2016-02-07 12:17:35,25141,72,0.26537298387096775,0,3,8,2,8749.716666666667,2077.05,493.5833333333333,7,{},deviant
101501,Traer informacion estudiante - banner,2016-02-07 12:44:00,2016-02-07 12:44:00,2016-02-07 12:44:00,7573,83,0.0,0,1,12,2,9020.133333333333,9020.133333333333,764.0,7,{},deviant
101002,Cancelar Solicitud,2016-02-05 19:19:57,2016-02-07 11:05:08,2016-02-07 12:52:38,6400,70,0.26537298387096775,0,3,11,2,8921.266666666666,2385.733333333333,665.1333333333333,7,{},deviant
101801,Traer informacion estudiante - banner,2016-02-07 16:06:52,2016-02-07 16:06:52,2016-02-07 16:06:52,9335,84,0.0,0,1,16,2,9223.0,9223.0,966.8666666666667,7,{},deviant
101501,Radicar Solicitud Homologacion,2016-02-07 12:44:00,2016-02-07 16:32:37,2016-02-07 16:32:37,7573,83,0.10231854838709678,0,2,16,2,9248.75,228.61666666666667,992.6166666666667,7,{},deviant
100101,Homologacion por grupo de cursos,2016-02-06 04:22:41,2016-02-07 16:39:54,2016-02-07 16:47:46,19019,74,0.5632560483870968,0,5,16,2,9256.033333333333,2177.2166666666667,999.9,7,{},deviant
100101,Evaluacion curso,2016-02-07 16:47:46,2016-02-07 16:47:50,2016-02-07 16:55:41,19019,84,0.07787298387096774,0,6,16,2,9263.966666666667,7.933333333333334,1007.8333333333334,7,{},deviant
101802,Traer informacion estudiante - banner,2016-02-07 19:08:59,2016-02-07 19:08:59,2016-02-07 19:08:59,8824,84,0.0,0,1,19,2,9405.116666666667,9405.116666666667,1148.9833333333333,7,{},deviant
41_CF,Evaluacion curso,2016-02-06 07:57:19,2016-02-07 19:40:50,2016-02-07 19:40:50,15930,75,0.07787298387096774,0,5,19,2,9436.966666666667,2150.233333333333,1180.8333333333333,7,{},regular
101801,Radicar Solicitud Homologacion,2016-02-07 16:06:52,2016-02-07 19:52:10,2016-02-07 19:52:33,9335,84,0.10231854838709678,0,2,19,2,9448.3,225.3,1192.1666666666667,7,{},deviant
101803,Traer informacion estudiante - banner,2016-02-07 20:02:49,2016-02-07 20:02:49,2016-02-07 20:02:49,8824,85,0.0,0,1,20,2,9458.95,9458.95,1202.8166666666666,7,{},regular
101852,Traer informacion estudiante - banner,2016-02-07 20:54:18,2016-02-07 20:54:18,2016-02-07 20:54:18,8824,86,0.0,0,1,20,2,9510.433333333332,9510.433333333332,1254.3,7,{},deviant
101853,Traer informacion estudiante - banner,2016-02-07 22:07:32,2016-02-07 22:07:32,2016-02-07 22:07:32,8824,87,0.0,0,1,22,2,9583.666666666666,9583.666666666666,1327.5333333333333,7,{},deviant
101802,Radicar Solicitud Homologacion,2016-02-07 19:08:59,2016-02-07 22:54:17,2016-02-07 22:54:19,8824,84,0.10231854838709678,0,2,22,2,9630.416666666666,225.3,1374.2833333333333,7,{},deviant
101854,Traer informacion estudiante - banner,2016-02-07 23:12:45,2016-02-07 23:12:45,2016-02-07 23:12:45,8824,88,0.0,0,1,23,2,9648.883333333333,9648.883333333333,1392.75,7,{},deviant
101901,Traer informacion estudiante - banner,2016-02-07 23:32:38,2016-02-07 23:32:38,2016-02-07 23:32:38,8824,89,0.0,0,1,23,2,9668.766666666666,9668.766666666666,1412.6333333333334,7,{},deviant
101803,Radicar Solicitud Homologacion,2016-02-07 20:02:49,2016-02-07 23:51:53,2016-02-07 23:51:55,8824,85,0.10231854838709678,0,2,23,2,9688.016666666666,229.06666666666666,1431.8833333333334,7,{},regular
101852,Radicar Solicitud Homologacion,2016-02-07 20:54:18,2016-02-08 00:47:10,2016-02-08 00:47:10,8824,86,0.10231854838709678,0,2,0,2,9743.3,232.86666666666667,47.166666666666664,1,{},deviant
102001,Traer informacion estudiante - banner,2016-02-08 01:21:19,2016-02-08 01:21:19,2016-02-08 01:21:19,11342,90,0.0,0,1,1,2,9777.45,9777.45,81.31666666666666,1,{},regular
101853,Radicar Solicitud Homologacion,2016-02-07 22:07:32,2016-02-08 02:04:14,2016-02-08 02:04:14,8824,87,0.10231854838709678,0,2,2,2,9820.366666666667,236.7,124.23333333333333,1,{},deviant
102001,Radicar Solicitud Homologacion,2016-02-08 01:21:19,2016-02-08 02:10:46,2016-02-08 02:10:46,11342,90,0.10231854838709678,0,2,2,2,9826.9,49.45,130.76666666666668,1,{},regular
46_CF,Evaluacion curso,2016-02-06 12:57:45,2016-02-08 02:30:27,2016-02-08 02:31:03,15930,76,0.07787298387096774,0,5,2,2,9846.583333333334,2257.616666666667,150.45,1,{},regular
36_CF,Homologacion por grupo de cursos,2016-02-06 05:36:13,2016-02-08 02:34:54,2016-02-08 02:35:13,15930,75,0.5632560483870968,0,5,2,2,9851.033333333333,2703.116666666667,154.9,1,{},regular
36_CF,Visto Bueno Cierre Proceso,2016-02-08 02:35:13,2016-02-08 02:35:17,2016-02-08 02:35:30,6889,90,0.03276209677419355,0,6,2,2,9851.416666666666,0.38333333333333336,155.28333333333333,1,{},regular
36_CF,Transferir Creditos,2016-02-08 02:35:30,2016-02-08 02:35:34,2016-02-08 02:36:32,6889,90,0.0005040322580645161,0,7,2,2,9851.7,0.2833333333333333,155.56666666666666,1,{},regular
36_CF,Transferir creditos homologables,2016-02-08 02:36:32,2016-02-08 02:36:36,2016-02-08 02:37:22,15930,90,0.0010080645161290322,0,8,2,2,9852.733333333334,1.0333333333333334,156.6,1,{},regular
101854,Radicar Solicitud Homologacion,2016-02-07 23:12:45,2016-02-08 03:13:19,2016-02-08 03:13:19,8824,88,0.10231854838709678,0,2,3,2,9889.45,240.56666666666666,193.31666666666666,1,{},deviant
101901,Radicar Solicitud Homologacion,2016-02-07 23:32:38,2016-02-08 03:37:05,2016-02-08 03:37:05,8824,89,0.10231854838709678,0,2,3,2,9913.216666666667,244.45,217.08333333333334,1,{},deviant
41_CF,Revisar curso,2016-02-07 19:40:50,2016-02-08 04:45:59,2016-02-08 04:53:16,26757,84,0.04788306451612903,0,6,4,2,9982.116666666667,545.15,285.98333333333335,1,{},regular
41_CF,Homologacion por grupo de cursos,2016-02-08 04:53:16,2016-02-08 04:53:20,2016-02-08 04:53:32,19019,89,0.5632560483870968,0,7,4,2,9989.466666666667,7.35,293.3333333333333,1,{},regular
102002,Traer informacion estudiante - banner,2016-02-08 04:53:35,2016-02-08 04:53:35,2016-02-08 04:53:35,19019,90,0.0,0,1,4,2,9989.716666666667,9989.716666666667,293.5833333333333,1,{},deviant
102001,Validar solicitud,2016-02-08 02:10:46,2016-02-08 04:10:48,2016-02-08 04:54:48,18929,90,0.24168346774193547,0,3,4,2,9946.933333333332,120.03333333333333,250.8,1,{},regular
41_CF,Evaluacion curso,2016-02-08 04:53:32,2016-02-08 04:53:36,2016-02-08 04:55:08,15930,89,0.07787298387096774,0,8,4,2,9989.733333333334,0.26666666666666666,293.6,1,{},regular
46_CF,Homologacion por grupo de cursos,2016-02-08 02:31:03,2016-02-08 05:14:47,2016-02-08 05:15:19,3445,90,0.5632560483870968,0,6,5,2,10010.916666666666,164.33333333333334,314.78333333333336,1,{},regular
46_CF,Validacion final,2016-02-08 05:15:19,2016-02-08 05:15:23,2016-02-08 05:15:44,677,89,0.010080645161290322,0,7,5,2,10011.516666666666,0.6,315.3833333333333,1,{},regular
46_CF,Visto Bueno Cierre Proceso,2016-02-08 05:15:44,2016-02-08 05:15:48,2016-02-08 05:16:02,15930,89,0.03276209677419355,0,8,5,2,10011.933333333332,0.4166666666666667,315.8,1,{},regular
102002,Radicar Solicitud Homologacion,2016-02-08 04:53:35,2016-02-08 05:42:26,2016-02-08 05:42:26,19019,90,0.10231854838709678,0,2,5,2,10038.566666666668,48.85,342.43333333333334,1,{},deviant
102102,Traer informacion estudiante - banner,2016-02-08 05:57:26,2016-02-08 05:57:26,2016-02-08 05:57:26,24544,89,0.0,0,1,5,2,10053.566666666668,10053.566666666668,357.43333333333334,1,{},deviant
102102,Radicar Solicitud Homologacion,2016-02-08 05:57:26,2016-02-08 06:46:44,2016-02-08 06:46:44,24544,89,0.10231854838709678,0,2,6,2,10102.866666666667,49.3,406.73333333333335,1,{},deviant
102103,Traer informacion estudiante - banner,2016-02-08 07:17:09,2016-02-08 07:17:09,2016-02-08 07:17:09,24544,90,0.0,0,1,7,2,10133.283333333333,10133.283333333333,437.15,1,{},deviant
101207,Validar solicitud,2016-02-06 14:57:00,2016-02-08 07:01:45,2016-02-08 07:25:29,49,76,0.24168346774193547,0,3,7,2,10117.883333333333,2405.2833333333333,421.75,1,{},regular
102001,Revisar curso,2016-02-08 04:54:48,2016-02-08 07:49:48,2016-02-08 07:49:48,18929,90,0.04788306451612903,0,4,7,2,10165.933333333332,219.0,469.8,1,{},regular
102103,Radicar Solicitud Homologacion,2016-02-08 07:17:09,2016-02-08 08:06:00,2016-02-08 08:06:00,24544,90,0.10231854838709678,0,2,8,2,10182.133333333333,48.85,486.0,1,{},deviant
101101,Homologacion por grupo de cursos,2016-02-06 10:30:35,2016-02-08 08:18:09,2016-02-08 08:33:47,186,76,0.5632560483870968,0,4,8,2,10194.283333333333,3000.35,498.15,1,{},deviant
10_CF,Revisar curso,2016-02-06 14:13:24,2016-02-08 09:09:08,2016-02-08 09:09:21,7088,76,0.04788306451612903,0,5,9,2,10245.266666666666,2579.4333333333334,549.1333333333333,1,{},regular
102002,Notificacion estudiante cancelacion soli,2016-02-08 05:42:26,2016-02-08 09:26:31,2016-02-08 09:26:31,1,88,0.0,0,3,9,2,10262.65,224.08333333333334,566.5166666666667,1,{},deviant
39_CF,Evaluacion curso,2016-02-06 13:30:43,2016-02-08 10:27:54,2016-02-08 10:28:41,15930,76,0.07787298387096774,0,5,10,2,10324.033333333333,2704.05,627.9,1,{},regular
102102,Cancelar Solicitud,2016-02-08 06:46:44,2016-02-08 10:35:25,2016-02-08 10:35:25,24544,89,0.26537298387096775,0,3,10,2,10331.55,228.68333333333334,635.4166666666666,1,{},deviant
101051,Revisar curso,2016-02-06 05:55:14,2016-02-08 11:20:02,2016-02-08 11:20:02,677,75,0.04788306451612903,0,4,11,2,10376.166666666666,3204.8,680.0333333333333,1,{},deviant
10_CF,Evaluacion curso,2016-02-08 09:09:21,2016-02-08 11:31:35,2016-02-08 11:31:49,163,89,0.07787298387096774,0,6,11,2,10387.716666666667,142.45,691.5833333333334,1,{},regular
10_CF,Validar solicitud / pre-homologacion,2016-02-08 11:31:49,2016-02-08 11:31:53,2016-02-08 11:32:32,19019,88,0.012852822580645162,0,7,11,2,10388.016666666666,0.3,691.8833333333333,1,{},regular
10_CF,Notificacion estudiante cancelacion soli,2016-02-08 11:32:32,2016-02-08 11:32:36,2016-02-08 11:32:47,3445,88,0.0,0,8,11,2,10388.733333333334,0.7166666666666667,692.6,1,{},regular
102103,Notificacion estudiante cancelacion soli,2016-02-08 08:06:00,2016-02-08 11:51:13,2016-02-08 11:51:13,1,90,0.0,0,3,11,2,10407.35,225.21666666666667,711.2166666666667,1,{},deviant
101301,Validar solicitud,2016-02-06 20:05:56,2016-02-08 12:43:54,2016-02-08 12:43:54,22475,79,0.24168346774193547,0,3,12,2,10460.033333333333,2437.9666666666667,763.9,1,{},deviant
101451,Cancelar Solicitud,2016-02-07 00:48:15,2016-02-08 13:15:00,2016-02-08 13:53:53,241,82,0.26537298387096775,0,3,13,2,10491.133333333333,2186.75,795.0,1,{},deviant
13_CF,Evaluacion curso,2016-02-06 13:44:38,2016-02-08 14:08:38,2016-02-08 14:09:15,15930,76,0.07787298387096774,0,5,14,2,10544.766666666666,2907.65,848.6333333333333,1,{},regular
7_CF,Revisar curso,2016-02-06 00:21:52,2016-02-08 14:20:38,2016-02-08 14:26:41,7080,72,0.04788306451612903,0,4,14,2,10556.766666666666,3719.383333333333,860.6333333333333,1,{},regular
101207,Revisar curso,2016-02-08 07:25:29,2016-02-08 11:12:07,2016-02-08 14:41:11,1707,90,0.04788306451612903,0,4,11,2,10368.25,250.36666666666667,672.1166666666667,1,{},regular
39_CF,Homologacion por grupo de cursos,2016-02-08 10:28:41,2016-02-08 14:40:17,2016-02-08 14:41:16,3445,88,0.5632560483870968,0,6,14,2,10576.416666666666,252.38333333333333,880.2833333333333,1,{},regular
39_CF,Validacion final,2016-02-08 14:41:16,2016-02-08 14:41:20,2016-02-08 14:42:11,677,86,0.010080645161290322,0,7,14,2,10577.466666666667,1.05,881.3333333333334,1,{},regular
39_CF,Visto Bueno Cierre Proceso,2016-02-08 14:42:11,2016-02-08 14:42:15,2016-02-08 14:42:34,15930,86,0.03276209677419355,0,8,14,2,10578.383333333333,0.9166666666666666,882.25,1,{},regular
102202,Traer informacion estudiante - banner,2016-02-08 15:48:15,2016-02-08 15:48:15,2016-02-08 15:48:15,8655,86,0.0,0,1,15,2,10644.383333333333,10644.383333333333,948.25,1,{},deviant
100952,Revisar curso,2016-02-06 06:01:51,2016-02-08 14:41:11,2016-02-08 16:10:04,1707,75,0.04788306451612903,0,4,14,2,10544.45,3452.616666666667,848.3166666666667,1,{},regular
101452,Cancelar Solicitud,2016-02-07 03:15:46,2016-02-08 15:42:37,2016-02-08 16:21:31,241,83,0.26537298387096775,0,3,15,2,10638.75,2186.85,942.6166666666667,1,{},deviant
102001,Homologacion por grupo de cursos,2016-02-08 07:49:48,2016-02-08 10:50:55,2016-02-08 16:43:19,957,90,0.5632560483870968,0,5,10,2,10347.05,181.11666666666667,650.9166666666666,1,{},regular
101102,Cancelar Solicitud,2016-02-06 05:47:54,2016-02-08 16:51:21,2016-02-08 17:06:38,19019,75,0.26537298387096775,0,3,16,2,10707.483333333334,3543.733333333333,1011.35,1,{},deviant
102203,Traer informacion estudiante - banner,2016-02-08 16:52:10,2016-02-08 17:06:38,2016-02-08 17:06:38,19019,87,0.0,0,1,16,2,10708.3,10708.3,1012.1666666666666,1,{},deviant
13_CF,Homologacion por grupo de cursos,2016-02-08 14:09:15,2016-02-08 17:14:14,2016-02-08 17:14:47,3445,86,0.5632560483870968,0,6,17,2,10730.366666666667,185.6,1034.2333333333333,1,{},regular
102202,Radicar Solicitud Homologacion,2016-02-08 15:48:15,2016-02-08 16:58:02,2016-02-08 17:15:05,8655,86,0.10231854838709678,0,2,16,2,10714.166666666666,69.78333333333333,1018.0333333333333,1,{},deviant
13_CF,Validacion final,2016-02-08 17:14:47,2016-02-08 17:14:51,2016-02-08 17:15:15,677,87,0.010080645161290322,0,7,17,2,10730.983333333334,0.6166666666666667,1034.85,1,{},regular
13_CF,Visto Bueno Cierre Proceso,2016-02-08 17:15:15,2016-02-08 17:15:19,2016-02-08 17:15:34,15930,87,0.03276209677419355,0,8,17,2,10731.45,0.4666666666666667,1035.3166666666666,1,{},regular
35_CF,Evaluacion curso,2016-02-06 16:21:15,2016-02-08 17:46:26,2016-02-08 17:46:48,15930,77,0.07787298387096774,0,5,17,2,10762.566666666668,2968.483333333333,1066.4333333333334,1,{},regular
102203,Radicar Solicitud Homologacion,2016-02-08 17:06:38,2016-02-08 17:57:38,2016-02-08 17:57:38,19019,87,0.10231854838709678,0,2,17,2,10773.766666666666,65.46666666666667,1077.6333333333334,1,{},deviant
102204,Traer informacion estudiante - banner,2016-02-08 18:06:13,2016-02-08 18:06:13,2016-02-08 18:06:13,2274,87,0.0,0,1,18,2,10782.35,10782.35,1086.2166666666667,1,{},deviant
101103,Cancelar Solicitud,2016-02-06 06:56:56,2016-02-08 17:59:13,2016-02-08 18:15:49,677,75,0.26537298387096775,0,3,17,2,10775.35,3542.866666666667,1079.2166666666667,1,{},deviant
102303,Traer informacion estudiante - banner,2016-02-08 18:26:32,2016-02-08 18:26:32,2016-02-08 18:26:32,11218,88,0.0,0,1,18,2,10802.666666666666,10802.666666666666,1106.5333333333333,1,{},deviant
35_CF,Homologacion por grupo de cursos,2016-02-08 17:46:48,2016-02-08 18:31:48,2016-02-08 18:32:18,3445,86,0.5632560483870968,0,6,18,2,10807.933333333332,45.36666666666667,1111.8,1,{},regular
35_CF,Validacion final,2016-02-08 18:32:18,2016-02-08 18:32:22,2016-02-08 18:32:44,677,88,0.010080645161290322,0,7,18,2,10808.5,0.5666666666666667,1112.3666666666666,1,{},regular
35_CF,Visto Bueno Cierre Proceso,2016-02-08 18:32:44,2016-02-08 18:32:48,2016-02-08 18:33:02,15930,88,0.03276209677419355,0,8,18,2,10808.933333333332,0.43333333333333335,1112.8,1,{},regular
101207,Homologacion por grupo de cursos,2016-02-08 14:41:11,2016-02-08 14:41:15,2016-02-08 18:37:09,2541,86,0.5632560483870968,0,5,14,2,10577.383333333333,209.13333333333333,881.25,1,{},regular
102204,Radicar Solicitud Homologacion,2016-02-08 18:06:13,2016-02-08 18:46:00,2016-02-08 18:46:11,2274,87,0.10231854838709678,0,2,18,2,10822.133333333333,39.78333333333333,1126.0,1,{},deviant
101207,Evaluacion curso,2016-02-08 18:37:09,2016-02-08 18:37:13,2016-02-08 18:52:24,1707,87,0.07787298387096774,0,6,18,2,10813.35,235.96666666666667,1117.2166666666667,1,{},regular
101207,Validacion final,2016-02-08 18:52:24,2016-02-08 18:52:28,2016-02-08 19:03:35,49,87,0.010080645161290322,0,7,18,2,10828.6,15.25,1132.4666666666667,1,{},regular
101207,Visto Bueno Cierre Proceso,2016-02-08 19:03:35,2016-02-08 19:06:21,2016-02-08 19:06:52,2541,87,0.03276209677419355,0,8,19,2,10842.483333333334,13.883333333333333,1146.35,1,{},regular
102303,Radicar Solicitud Homologacion,2016-02-08 18:26:32,2016-02-08 19:07:03,2016-02-08 19:07:05,11218,88,0.10231854838709678,0,2,19,2,10843.183333333332,40.516666666666666,1147.05,1,{},deviant
101207,Transferir Creditos,2016-02-08 19:06:52,2016-02-08 19:14:44,2016-02-08 19:14:44,2541,87,0.0005040322580645161,0,9,19,2,10850.866666666667,8.383333333333333,1154.7333333333333,1,{},regular
101205,Cancelar Solicitud,2016-02-06 09:29:38,2016-02-08 19:05:54,2016-02-08 19:42:52,241,75,0.26537298387096775,0,3,19,2,10842.033333333333,3457.0833333333335,1145.9,1,{},deviant
101204,Cancelar Solicitud,2016-02-06 09:28:08,2016-02-08 20:29:28,2016-02-08 21:07:19,241,75,0.26537298387096775,0,3,20,2,10925.6,3541.4666666666667,1229.4666666666667,1,{},deviant
102251,Traer informacion estudiante - banner,2016-02-08 22:12:19,2016-02-08 22:12:19,2016-02-08 22:12:19,1515,87,0.0,0,1,22,2,11028.45,11028.45,1332.3166666666666,1,{},regular
101051,Homologacion por grupo de cursos,2016-02-08 11:20:02,2016-02-08 16:58:40,2016-02-08 22:14:40,7331,88,0.5632560483870968,0,5,16,2,10714.8,338.6333333333333,1018.6666666666666,1,{},deviant
102204,Cancelar Solicitud,2016-02-08 18:46:11,2016-02-08 20:46:45,2016-02-08 22:23:26,677,87,0.26537298387096775,0,3,20,2,10942.883333333333,120.75,1246.75,1,{},deviant
101301,Revisar curso,2016-02-08 12:43:54,2016-02-08 18:42:34,2016-02-08 22:23:37,22534,86,0.04788306451612903,0,4,18,2,10818.7,358.6666666666667,1122.5666666666666,1,{},deviant
102202,Cancelar Solicitud,2016-02-08 17:15:05,2016-02-08 22:32:49,2016-02-08 22:33:22,6400,87,0.26537298387096775,0,3,22,2,11048.95,334.78333333333336,1352.8166666666666,1,{},deviant
102251,Radicar Solicitud Homologacion,2016-02-08 22:12:19,2016-02-08 22:43:46,2016-02-08 22:43:56,1515,87,0.10231854838709678,0,2,22,2,11059.9,31.45,1363.7666666666667,1,{},regular
102305,Traer informacion estudiante - banner,2016-02-08 22:44:09,2016-02-08 22:44:09,2016-02-08 22:44:09,7682,88,0.0,0,1,22,2,11060.283333333333,11060.283333333333,1364.15,1,{},deviant
102305,Radicar Solicitud Homologacion,2016-02-08 22:44:09,2016-02-08 23:15:38,2016-02-08 23:18:46,7682,88,0.10231854838709678,0,2,23,2,11091.766666666666,31.483333333333334,1395.6333333333334,1,{},deviant
47_CF,Cancelar Solicitud,2016-02-05 16:58:12,2016-02-09 00:04:32,2016-02-09 00:04:32,12532,69,0.26537298387096775,0,4,0,2,11140.666666666666,4764.683333333333,4.533333333333333,2,{},regular
102252,Traer informacion estudiante - banner,2016-02-09 00:17:30,2016-02-09 00:17:30,2016-02-09 00:17:30,1515,89,0.0,0,1,0,2,11153.633333333333,11153.633333333333,17.5,2,{},deviant
102001,Evaluacion curso,2016-02-08 16:43:19,2016-02-08 18:48:05,2016-02-09 00:38:05,19019,86,0.07787298387096774,0,6,18,2,10824.216666666667,477.1666666666667,1128.0833333333333,1,{},regular
102203,Validar solicitud,2016-02-08 17:57:38,2016-02-09 00:38:05,2016-02-09 00:44:33,19019,86,0.24168346774193547,0,3,19,2,10875.95,102.18333333333334,1179.8166666666666,1,{},deviant
102303,Validar solicitud,2016-02-08 19:07:05,2016-02-09 00:44:33,2016-02-09 00:52:45,19019,87,0.24168346774193547,0,3,20,2,10911.533333333333,68.35,1215.4,1,{},deviant
101551,Validar solicitud,2016-02-07 03:50:58,2016-02-09 00:52:45,2016-02-09 01:07:06,19019,83,0.24168346774193547,0,3,0,2,11156.683333333332,2669.5833333333335,20.55,2,{},deviant
102252,Radicar Solicitud Homologacion,2016-02-09 00:17:30,2016-02-09 01:08:43,2016-02-09 01:08:53,1515,89,0.10231854838709678,0,2,1,2,11204.85,51.21666666666667,68.71666666666667,2,{},deviant
102253,Traer informacion estudiante - banner,2016-02-09 01:16:16,2016-02-09 01:16:16,2016-02-09 01:16:16,24544,90,0.0,0,1,1,2,11212.4,11212.4,76.26666666666667,2,{},regular
102251,Validar solicitud,2016-02-08 22:43:56,2016-02-08 23:29:25,2016-02-09 01:44:23,1707,87,0.24168346774193547,0,3,23,2,11105.55,45.65,1409.4166666666667,1,{},regular
101552,Validar solicitud,2016-02-07 04:44:18,2016-02-09 01:39:06,2016-02-09 01:53:30,19019,83,0.24168346774193547,0,3,1,2,11235.233333333334,2694.8,99.1,2,{},deviant
102253,Radicar Solicitud Homologacion,2016-02-09 01:16:16,2016-02-09 02:22:28,2016-02-09 02:22:35,24544,90,0.10231854838709678,0,2,2,2,11278.6,66.2,142.46666666666667,2,{},regular
102303,Revisar curso,2016-02-09 00:52:45,2016-02-09 02:25:53,2016-02-09 02:25:53,19019,89,0.04788306451612903,1,4,2,2,11282.016666666666,370.48333333333335,145.88333333333333,2,{},deviant
102001,Validacion final,2016-02-09 00:38:05,2016-02-09 02:25:21,2016-02-09 02:27:33,18929,89,0.010080645161290322,0,7,2,2,11281.483333333334,457.26666666666665,145.35,2,{},regular
102306,Traer informacion estudiante - banner,2016-02-09 02:43:56,2016-02-09 02:43:56,2016-02-09 02:43:56,7736,91,0.0,0,1,2,2,11300.066666666668,11300.066666666668,163.93333333333334,2,{},regular
102305,Cancelar Solicitud,2016-02-08 23:18:46,2016-02-09 00:56:43,2016-02-09 02:44:43,22404,88,0.26537298387096775,0,3,0,2,11192.85,101.08333333333333,56.71666666666667,2,{},deviant
102203,Revisar curso,2016-02-09 00:44:33,2016-02-09 03:24:42,2016-02-09 03:24:42,19019,89,0.04788306451612903,2,4,3,2,11340.833333333334,464.8833333333333,204.7,2,{},deviant
101051,Evaluacion curso,2016-02-08 22:14:40,2016-02-08 22:14:44,2016-02-09 03:30:44,7331,87,0.07787298387096774,0,6,22,2,11030.866666666667,316.06666666666666,1334.7333333333333,1,{},deviant
102306,Radicar Solicitud Homologacion,2016-02-09 02:43:56,2016-02-09 03:50:01,2016-02-09 03:50:08,7736,91,0.10231854838709678,0,2,3,2,11366.15,66.08333333333333,230.01666666666668,2,{},regular
102001,Visto Bueno Cierre Proceso,2016-02-09 02:27:33,2016-02-09 04:01:26,2016-02-09 04:01:37,957,90,0.03276209677419355,0,8,4,2,11377.566666666668,96.08333333333333,241.43333333333334,2,{},regular
102251,Revisar curso,2016-02-09 01:44:23,2016-02-09 02:55:11,2016-02-09 04:24:04,1707,90,0.04788306451612903,0,4,2,2,11311.316666666668,205.76666666666668,175.18333333333334,2,{},regular
102204,Notificacion estudiante cancelacion soli,2016-02-08 22:23:26,2016-02-09 05:01:02,2016-02-09 05:01:02,677,87,0.0,0,4,5,2,11437.166666666666,494.28333333333336,301.03333333333336,2,{},deviant
101301,Cancelar Solicitud,2016-02-08 22:23:37,2016-02-08 23:19:46,2016-02-09 05:53:22,22475,87,0.26537298387096775,0,5,23,2,11095.9,277.2,1399.7666666666667,1,{},deviant
100952,Homologacion por grupo de cursos,2016-02-08 16:10:04,2016-02-09 01:06:13,2016-02-09 05:54:13,15930,86,0.5632560483870968,0,5,1,2,11202.35,657.9,66.21666666666667,2,{},regular
38_CF,Evaluacion curso,2016-02-06 23:25:41,2016-02-09 05:54:13,2016-02-09 05:56:32,15930,81,0.07787298387096774,0,5,2,2,11259.116666666667,3042.266666666667,122.98333333333333,2,{},regular
101352,Notificacion estudiante cancelacion soli,2016-02-06 21:22:29,2016-02-09 07:37:07,2016-02-09 07:37:07,1,80,0.0,0,3,7,2,11593.25,3494.633333333333,457.1166666666667,2,{},deviant
102257,Traer informacion estudiante - banner,2016-02-09 08:40:49,2016-02-09 08:40:49,2016-02-09 08:40:49,2274,88,0.0,0,1,8,2,11656.95,11656.95,520.8166666666667,2,{},regular
100952,Evaluacion curso,2016-02-09 05:54:13,2016-02-09 05:54:17,2016-02-09 08:49:51,1707,88,0.07787298387096774,0,6,5,2,11490.416666666666,288.06666666666666,354.28333333333336,2,{},regular
100952,Validacion final,2016-02-09 08:49:51,2016-02-09 08:49:55,2016-02-09 08:50:04,1707,88,0.010080645161290322,0,7,8,2,11666.05,175.63333333333333,529.9166666666666,2,{},regular
101353,Notificacion estudiante cancelacion soli,2016-02-06 22:29:23,2016-02-09 09:24:28,2016-02-09 09:24:28,1,80,0.0,0,3,9,2,11700.6,3535.0833333333335,564.4666666666667,2,{},deviant
102251,Homologacion por grupo de cursos,2016-02-09 04:24:04,2016-02-09 07:26:46,2016-02-09 09:34:46,15930,89,0.5632560483870968,1,5,7,2,11582.9,271.5833333333333,446.76666666666665,2,{},regular
7_CF,Homologacion por grupo de cursos,2016-02-08 14:26:41,2016-02-09 09:34:46,2016-02-09 09:36:09,15930,86,0.5632560483870968,0,5,7,2,11585.383333333333,1028.6166666666666,449.25,2,{},regular
100952,Visto Bueno Cierre Proceso,2016-02-09 08:50:04,2016-02-09 09:36:09,2016-02-09 09:59:32,15930,88,0.03276209677419355,1,8,8,2,11666.266666666666,0.21666666666666667,530.1333333333333,2,{},regular
7_CF,Visto Bueno Cierre Proceso,2016-02-09 09:36:09,2016-02-09 10:55:03,2016-02-09 10:56:22,6889,87,0.03276209677419355,0,6,10,2,11791.183333333332,205.8,655.05,2,{},regular
102257,Radicar Solicitud Homologacion,2016-02-09 08:40:49,2016-02-09 10:57:21,2016-02-09 10:57:45,2274,88,0.10231854838709678,0,2,10,2,11793.483333333334,136.53333333333333,657.35,2,{},regular
7_CF,Transferir Creditos,2016-02-09 10:56:22,2016-02-09 10:56:26,2016-02-09 11:01:17,6889,86,0.0005040322580645161,0,7,10,2,11792.566666666668,1.3833333333333333,656.4333333333333,2,{},regular
7_CF,Transferir creditos homologables,2016-02-09 11:01:17,2016-02-09 11:01:21,2016-02-09 11:04:37,15930,86,0.0010080645161290322,0,8,11,2,11797.483333333334,4.916666666666667,661.35,2,{},regular
102311,Traer informacion estudiante - banner,2016-02-09 12:06:44,2016-02-09 12:06:44,2016-02-09 12:06:44,1934,86,0.0,0,1,12,2,11862.866666666667,11862.866666666667,726.7333333333333,2,{},deviant
102102,Notificacion estudiante cancelacion soli,2016-02-08 10:35:25,2016-02-09 12:46:07,2016-02-09 12:46:07,24544,88,0.0,0,4,12,2,11902.25,1570.7,766.1166666666667,2,{},deviant
102303,Evaluacion curso,2016-02-09 02:25:53,2016-02-09 04:42:51,2016-02-09 12:48:24,19019,90,0.07787298387096774,0,5,4,2,11418.983333333334,136.96666666666667,282.85,2,{},deviant
102203,Evaluacion curso,2016-02-09 03:24:42,2016-02-09 12:48:24,2016-02-09 12:48:25,19019,91,0.07787298387096774,0,5,7,2,11589.883333333333,249.05,453.75,2,{},deviant
102351,Traer informacion estudiante - banner,2016-02-09 13:21:25,2016-02-09 13:21:25,2016-02-09 13:21:25,19019,86,0.0,0,1,13,2,11937.55,11937.55,801.4166666666666,2,{},deviant
102311,Radicar Solicitud Homologacion,2016-02-09 12:06:44,2016-02-09 13:32:24,2016-02-09 13:32:32,1934,86,0.10231854838709678,0,2,13,2,11948.533333333333,85.66666666666667,812.4,2,{},deviant
102353,Traer informacion estudiante - banner,2016-02-09 14:08:14,2016-02-09 14:08:14,2016-02-09 14:08:14,8651,87,0.0,0,1,14,2,11984.366666666667,11984.366666666667,848.2333333333333,2,{},deviant
102251,Evaluacion curso,2016-02-09 09:34:46,2016-02-09 13:50:16,2016-02-09 14:13:22,15930,87,0.07787298387096774,2,6,13,2,11966.4,383.5,830.2666666666667,2,{},regular
102354,Traer informacion estudiante - banner,2016-02-09 14:33:17,2016-02-09 14:33:17,2016-02-09 14:33:17,19214,88,0.0,0,1,14,2,12009.416666666666,12009.416666666666,873.2833333333333,2,{},regular
102351,Radicar Solicitud Homologacion,2016-02-09 13:21:25,2016-02-09 14:48:34,2016-02-09 14:52:56,19019,86,0.10231854838709678,0,2,14,2,12024.7,87.15,888.5666666666667,2,{},deviant
102253,Validar solicitud,2016-02-09 02:22:35,2016-02-09 14:58:36,2016-02-09 14:58:46,7080,90,0.24168346774193547,0,3,14,2,12034.733333333334,756.1333333333333,898.6,2,{},regular
102401,Traer informacion estudiante - banner,2016-02-09 15:24:13,2016-02-09 15:24:13,2016-02-09 15:24:13,7137,89,0.0,0,1,15,2,12060.35,12060.35,924.2166666666667,2,{},regular
102354,Radicar Solicitud Homologacion,2016-02-09 14:33:17,2016-02-09 16:03:59,2016-02-09 16:04:45,19214,88,0.10231854838709678,0,2,16,2,12100.116666666667,90.7,963.9833333333333,2,{},regular
102353,Radicar Solicitud Homologacion,2016-02-09 14:08:14,2016-02-09 16:33:08,2016-02-09 16:40:05,8651,87,0.10231854838709678,0,2,16,2,12129.266666666666,144.9,993.1333333333333,2,{},deviant
102401,Radicar Solicitud Homologacion,2016-02-09 15:24:13,2016-02-09 16:56:45,2016-02-09 16:57:10,7137,89,0.10231854838709678,0,2,16,2,12152.883333333333,92.53333333333333,1016.75,2,{},regular
101801,Validar solicitud,2016-02-07 19:52:33,2016-02-09 17:19:02,2016-02-09 17:21:28,920,84,0.24168346774193547,0,3,17,2,12175.166666666666,2726.866666666667,1039.0333333333333,2,{},deviant
102405,Traer informacion estudiante - banner,2016-02-09 18:29:04,2016-02-09 18:29:04,2016-02-09 18:29:04,7682,92,0.0,0,1,18,2,12245.2,12245.2,1109.0666666666666,2,{},deviant
102405,Radicar Solicitud Homologacion,2016-02-09 18:29:04,2016-02-09 20:05:15,2016-02-09 20:05:51,7682,92,0.10231854838709678,0,2,20,2,12341.383333333333,96.18333333333334,1205.25,2,{},deviant
102360,Traer informacion estudiante - banner,2016-02-09 20:20:28,2016-02-09 20:20:28,2016-02-09 20:20:28,397,93,0.0,0,1,20,2,12356.6,12356.6,1220.4666666666667,2,{},regular
102305,Notificacion estudiante cancelacion soli,2016-02-09 02:44:43,2016-02-09 20:52:07,2016-02-09 20:52:07,22404,91,0.0,0,4,20,2,12388.25,1195.4,1252.1166666666666,2,{},deviant
102361,Traer informacion estudiante - banner,2016-02-09 21:04:19,2016-02-09 21:04:19,2016-02-09 21:04:19,8824,93,0.0,0,1,21,2,12400.45,12400.45,1264.3166666666666,2,{},regular
102251,Validacion final,2016-02-09 14:13:22,2016-02-09 21:45:55,2016-02-09 21:45:55,1707,87,0.010080645161290322,0,7,21,2,12442.05,475.65,1305.9166666666667,2,{},regular
102360,Radicar Solicitud Homologacion,2016-02-09 20:20:28,2016-02-09 21:58:32,2016-02-09 21:58:32,397,93,0.10231854838709678,0,2,21,2,12454.666666666666,98.06666666666666,1318.5333333333333,2,{},regular
102362,Traer informacion estudiante - banner,2016-02-09 22:17:28,2016-02-09 22:17:28,2016-02-09 22:17:28,8824,94,0.0,0,1,22,2,12473.6,12473.6,1337.4666666666667,2,{},deviant
101803,Validar solicitud,2016-02-07 23:51:55,2016-02-09 22:15:42,2016-02-09 22:26:01,677,89,0.24168346774193547,0,3,22,2,12471.833333333334,2783.8166666666666,1335.7,2,{},regular
102361,Radicar Solicitud Homologacion,2016-02-09 21:04:19,2016-02-09 22:42:23,2016-02-09 22:42:23,8824,93,0.10231854838709678,0,2,22,2,12498.516666666666,98.06666666666666,1362.3833333333334,2,{},regular
102364,Traer informacion estudiante - banner,2016-02-09 22:47:37,2016-02-09 22:47:37,2016-02-09 22:47:37,9427,95,0.0,0,1,22,2,12503.75,12503.75,1367.6166666666666,2,{},regular
102202,Notificacion estudiante cancelacion soli,2016-02-08 22:33:22,2016-02-09 23:23:58,2016-02-09 23:23:58,6400,87,0.0,0,4,23,2,12540.1,1491.15,1403.9666666666667,2,{},deviant
102362,Radicar Solicitud Homologacion,2016-02-09 22:17:28,2016-02-09 23:56:16,2016-02-09 23:56:16,8824,94,0.10231854838709678,0,2,23,2,12572.4,98.8,1436.2666666666667,2,{},deviant
102365,Traer informacion estudiante - banner,2016-02-10 00:04:02,2016-02-10 00:04:02,2016-02-10 00:04:02,7682,95,0.0,0,1,0,2,12580.166666666666,12580.166666666666,4.033333333333333,3,{},deviant
102306,Validar solicitud,2016-02-09 03:50:08,2016-02-10 00:16:33,2016-02-10 00:20:51,22475,90,0.24168346774193547,0,3,0,2,12592.683333333332,1226.5333333333333,16.55,3,{},regular
102365,Radicar Solicitud Homologacion,2016-02-10 00:04:02,2016-02-10 00:24:17,2016-02-10 00:24:56,7682,95,0.10231854838709678,0,2,0,2,12600.416666666666,20.25,24.283333333333335,3,{},deviant
38_CF,Homologacion por grupo de cursos,2016-02-09 05:56:32,2016-02-10 00:26:07,2016-02-10 00:28:49,3445,88,0.5632560483870968,0,6,0,2,12602.25,1343.1333333333334,26.116666666666667,3,{},regular
102364,Radicar Solicitud Homologacion,2016-02-09 22:47:37,2016-02-10 00:29:33,2016-02-10 00:29:33,9427,95,0.10231854838709678,0,2,0,2,12605.683333333332,101.93333333333334,29.55,3,{},regular
38_CF,Validacion final,2016-02-10 00:28:49,2016-02-10 00:28:53,2016-02-10 00:29:35,677,95,0.010080645161290322,0,7,0,2,12605.016666666666,2.7666666666666666,28.883333333333333,3,{},regular
38_CF,Visto Bueno Cierre Proceso,2016-02-10 00:29:35,2016-02-10 00:29:39,2016-02-10 00:30:32,15930,95,0.03276209677419355,0,8,0,2,12605.783333333333,0.7666666666666667,29.65,3,{},regular
102303,Homologacion por grupo de cursos,2016-02-09 12:48:24,2016-02-09 16:37:27,2016-02-10 00:48:50,19019,85,0.5632560483870968,1,6,16,2,12133.583333333334,714.6,997.45,2,{},deviant
102358,Traer informacion estudiante - banner,2016-02-09 17:04:31,2016-02-10 00:48:50,2016-02-10 00:48:50,19019,90,0.0,0,1,17,2,12160.65,12160.65,1024.5166666666667,2,{},regular
23_CF,Revisar curso,2016-02-06 15:11:06,2016-02-10 00:48:50,2016-02-10 00:52:17,19019,76,0.04788306451612903,0,5,17,2,12172.333333333334,4445.1,1036.2,2,{},regular
25_CF,Revisar curso,2016-02-06 16:29:40,2016-02-10 00:52:17,2016-02-10 00:55:30,19019,77,0.04788306451612903,0,5,18,2,12233.483333333334,4427.683333333333,1097.35,2,{},regular
102404,Traer informacion estudiante - banner,2016-02-09 18:20:10,2016-02-10 00:55:30,2016-02-10 00:55:30,19019,91,0.0,3,1,18,2,12236.3,12236.3,1100.1666666666667,2,{},deviant
102203,Homologacion por grupo de cursos,2016-02-09 12:48:25,2016-02-10 00:55:30,2016-02-10 00:58:00,19019,85,0.5632560483870968,0,6,19,2,12315.783333333333,725.9,1179.65,2,{},deviant
102358,Radicar Solicitud Homologacion,2016-02-10 00:48:50,2016-02-10 01:53:40,2016-02-10 01:53:50,19019,94,0.10231854838709678,4,2,1,2,12689.8,529.15,113.66666666666667,3,{},regular
102404,Radicar Solicitud Homologacion,2016-02-10 00:55:30,2016-02-10 02:00:22,2016-02-10 02:09:15,19019,94,0.10231854838709678,1,2,2,2,12696.5,460.2,120.36666666666666,3,{},deviant
102251,Visto Bueno Cierre Proceso,2016-02-09 21:45:55,2016-02-10 02:39:54,2016-02-10 02:55:54,15930,93,0.03276209677419355,0,8,2,2,12736.033333333333,293.98333333333335,159.9,3,{},regular
102365,Cancelar Solicitud,2016-02-10 00:24:56,2016-02-10 02:43:28,2016-02-10 02:58:48,7682,95,0.26537298387096775,0,3,2,2,12739.6,139.18333333333334,163.46666666666667,3,{},deviant
102303,Validar solicitud / pre-homologacion,2016-02-10 00:48:50,2016-02-10 03:10:41,2016-02-10 03:16:30,19019,94,0.012852822580645162,5,7,3,2,12766.816666666668,633.2333333333333,190.68333333333334,3,{},deviant
102203,Validar solicitud / pre-homologacion,2016-02-10 00:58:00,2016-02-10 04:45:05,2016-02-10 04:47:34,19019,94,0.012852822580645162,0,7,4,2,12861.216666666667,545.4333333333333,285.0833333333333,3,{},deviant
102252,Cancelar Solicitud,2016-02-09 01:08:53,2016-02-10 03:53:32,2016-02-10 05:29:12,677,89,0.26537298387096775,0,3,3,2,12809.666666666666,1604.8166666666666,233.53333333333333,3,{},deviant
102358,Validar solicitud,2016-02-10 01:53:50,2016-02-10 05:28:03,2016-02-10 06:06:58,19019,94,0.24168346774193547,0,3,5,2,12904.183333333332,214.38333333333333,328.05,3,{},regular
102404,Validar solicitud,2016-02-10 02:09:15,2016-02-10 05:44:26,2016-02-10 07:44:26,1707,94,0.24168346774193547,0,3,5,2,12920.566666666668,224.06666666666666,344.43333333333334,3,{},deviant
40_CF,Revisar curso,2016-02-06 22:47:18,2016-02-10 08:00:43,2016-02-10 08:03:32,19019,80,0.04788306451612903,0,5,8,2,13056.85,4873.416666666667,480.71666666666664,3,{},regular
25_CF,Evaluacion curso,2016-02-10 00:55:30,2016-02-10 08:39:05,2016-02-10 08:39:19,163,94,0.07787298387096774,0,6,8,2,13095.216666666667,861.7333333333333,519.0833333333334,3,{},regular
25_CF,Validar solicitud / pre-homologacion,2016-02-10 08:39:19,2016-02-10 08:39:23,2016-02-10 08:39:49,19019,91,0.012852822580645162,0,7,8,2,13095.516666666666,0.3,519.3833333333333,3,{},regular
25_CF,Notificacion estudiante cancelacion soli,2016-02-10 08:39:49,2016-02-10 08:39:53,2016-02-10 08:40:18,12532,91,0.0,0,8,8,2,13096.016666666666,0.5,519.8833333333333,3,{},regular
23_CF,Evaluacion curso,2016-02-10 00:52:17,2016-02-10 08:50:03,2016-02-10 08:50:19,163,94,0.07787298387096774,0,6,8,2,13106.183333333332,933.85,530.05,3,{},regular
23_CF,Validar solicitud / pre-homologacion,2016-02-10 08:50:19,2016-02-10 08:50:23,2016-02-10 08:50:51,19019,90,0.012852822580645162,0,7,8,2,13106.516666666666,0.3333333333333333,530.3833333333333,3,{},regular
23_CF,Notificacion estudiante cancelacion soli,2016-02-10 08:50:51,2016-02-10 08:50:55,2016-02-10 08:51:22,12532,90,0.0,0,8,8,2,13107.05,0.5333333333333333,530.9166666666666,3,{},regular
102501,Traer informacion estudiante - banner,2016-02-10 09:03:04,2016-02-10 09:03:04,2016-02-10 09:03:04,19019,90,0.0,0,1,9,2,13119.2,13119.2,543.0666666666667,3,{},regular
102501,Radicar Solicitud Homologacion,2016-02-10 09:03:04,2016-02-10 09:37:15,2016-02-10 09:37:15,19019,90,0.10231854838709678,0,2,9,2,13153.383333333333,34.18333333333333,577.25,3,{},regular
102506,Traer informacion estudiante - banner,2016-02-10 09:54:08,2016-02-10 09:54:08,2016-02-10 09:54:08,24517,91,0.0,0,1,9,2,13170.266666666666,13170.266666666666,594.1333333333333,3,{},deviant
102506,Radicar Solicitud Homologacion,2016-02-10 09:54:08,2016-02-10 10:27:25,2016-02-10 10:46:48,24517,91,0.10231854838709678,0,2,10,2,13203.55,33.28333333333333,627.4166666666666,3,{},deviant
102554,Traer informacion estudiante - banner,2016-02-10 11:19:08,2016-02-10 11:19:08,2016-02-10 11:19:08,15057,92,0.0,0,1,11,2,13255.266666666666,13255.266666666666,679.1333333333333,3,{},deviant
102501,Validar solicitud,2016-02-10 09:37:15,2016-02-10 10:08:53,2016-02-10 11:26:07,677,90,0.24168346774193547,0,3,10,2,13185.016666666666,31.633333333333333,608.8833333333333,3,{},regular
102364,Validar solicitud,2016-02-10 00:29:33,2016-02-10 11:26:07,2016-02-10 11:30:07,677,95,0.24168346774193547,0,3,10,2,13195.283333333333,589.6,619.15,3,{},regular
102556,Traer informacion estudiante - banner,2016-02-10 11:35:24,2016-02-10 11:35:24,2016-02-10 11:35:24,10183,93,0.0,0,1,11,2,13271.533333333333,13271.533333333333,695.4,3,{},deviant
102358,Revisar curso,2016-02-10 06:06:58,2016-02-10 09:00:33,2016-02-10 11:46:26,22534,91,0.04788306451612903,0,4,9,2,13116.683333333332,212.5,540.55,3,{},regular
101852,Cancelar Solicitud,2016-02-08 00:47:10,2016-02-10 11:43:00,2016-02-10 11:51:00,677,89,0.26537298387096775,0,3,11,2,13279.133333333333,3535.8333333333335,703.0,3,{},deviant
102554,Radicar Solicitud Homologacion,2016-02-10 11:19:08,2016-02-10 11:47:20,2016-02-10 11:51:20,15057,92,0.10231854838709678,0,2,11,2,13283.466666666667,28.2,707.3333333333334,3,{},deviant
102556,Radicar Solicitud Homologacion,2016-02-10 11:35:24,2016-02-10 12:02:52,2016-02-10 12:02:52,10183,93,0.10231854838709678,0,2,12,2,13299.0,27.466666666666665,722.8666666666667,3,{},deviant
102501,Revisar curso,2016-02-10 11:26:07,2016-02-10 11:26:11,2016-02-10 12:24:56,19019,92,0.04788306451612903,0,4,11,2,13262.316666666668,77.3,686.1833333333333,3,{},regular
102404,Revisar curso,2016-02-10 07:44:26,2016-02-10 10:44:08,2016-02-10 13:03:35,186,91,0.04788306451612903,0,4,10,2,13220.266666666666,299.7,644.1333333333333,3,{},deviant
102554,Cancelar Solicitud,2016-02-10 11:51:20,2016-02-10 13:08:06,2016-02-10 13:20:06,677,93,0.26537298387096775,0,3,13,2,13364.233333333334,80.76666666666667,788.1,3,{},deviant
101853,Cancelar Solicitud,2016-02-08 02:04:14,2016-02-10 13:33:47,2016-02-10 13:41:47,677,90,0.26537298387096775,0,3,13,2,13389.916666666666,3569.55,813.7833333333333,3,{},deviant
102557,Traer informacion estudiante - banner,2016-02-10 14:21:42,2016-02-10 14:21:42,2016-02-10 14:21:42,3149,94,0.0,0,1,14,2,13437.833333333334,13437.833333333334,861.7,3,{},deviant
102651,Traer informacion estudiante - banner,2016-02-10 14:30:51,2016-02-10 14:30:51,2016-02-10 14:30:51,5506,95,0.0,0,1,14,2,13446.983333333334,13446.983333333334,870.85,3,{},deviant
102506,Validar solicitud,2016-02-10 10:46:48,2016-02-10 11:14:41,2016-02-10 14:43:59,261,91,0.24168346774193547,0,3,11,2,13250.816666666668,47.266666666666666,674.6833333333333,3,{},deviant
102557,Radicar Solicitud Homologacion,2016-02-10 14:21:42,2016-02-10 14:44:55,2016-02-10 14:44:55,3149,94,0.10231854838709678,0,2,14,2,13461.05,23.216666666666665,884.9166666666666,3,{},deviant
102651,Radicar Solicitud Homologacion,2016-02-10 14:30:51,2016-02-10 14:53:12,2016-02-10 14:53:16,5506,95,0.10231854838709678,0,2,14,2,13469.333333333334,22.35,893.2,3,{},deviant
101854,Cancelar Solicitud,2016-02-08 03:13:19,2016-02-10 15:06:25,2016-02-10 15:14:25,677,89,0.26537298387096775,0,3,15,2,13482.55,3593.1,906.4166666666666,3,{},deviant
102556,Cancelar Solicitud,2016-02-10 12:02:52,2016-02-10 13:19:48,2016-02-10 15:18:45,22475,93,0.26537298387096775,0,3,13,2,13375.933333333332,76.93333333333334,799.8,3,{},deviant
102652,Traer informacion estudiante - banner,2016-02-10 15:23:56,2016-02-10 15:23:56,2016-02-10 15:23:56,5506,96,0.0,0,1,15,2,13500.066666666668,13500.066666666668,923.9333333333333,3,{},deviant
102652,Radicar Solicitud Homologacion,2016-02-10 15:23:56,2016-02-10 15:52:32,2016-02-10 15:52:38,5506,96,0.10231854838709678,0,2,15,2,13528.666666666666,28.6,952.5333333333333,3,{},deviant
102651,Validar solicitud,2016-02-10 14:53:16,2016-02-10 15:55:36,2016-02-10 15:59:31,22475,95,0.24168346774193547,0,3,15,2,13531.733333333334,62.4,955.6,3,{},deviant
101901,Cancelar Solicitud,2016-02-08 03:37:05,2016-02-10 15:58:57,2016-02-10 16:06:57,677,89,0.26537298387096775,0,3,15,2,13535.083333333334,3621.866666666667,958.95,3,{},deviant
102404,Homologacion por grupo de cursos,2016-02-10 13:03:35,2016-02-10 13:44:58,2016-02-10 16:08:58,1707,93,0.5632560483870968,0,5,13,2,13401.1,180.83333333333334,824.9666666666667,3,{},deviant
102601,Traer informacion estudiante - banner,2016-02-10 16:38:20,2016-02-10 16:38:20,2016-02-10 16:38:20,1515,97,0.0,0,1,16,2,13574.466666666667,13574.466666666667,998.3333333333334,3,{},regular
102311,Validar solicitud,2016-02-09 13:32:32,2016-02-10 16:26:46,2016-02-10 16:43:08,387,86,0.24168346774193547,0,3,16,2,13562.9,1614.3666666666666,986.7666666666667,3,{},deviant
102601,Radicar Solicitud Homologacion,2016-02-10 16:38:20,2016-02-10 17:04:36,2016-02-10 17:04:43,1515,97,0.10231854838709678,0,2,17,2,13600.733333333334,26.266666666666666,1024.6,3,{},regular
102501,Homologacion por grupo de cursos,2016-02-10 12:24:56,2016-02-10 12:25:00,2016-02-10 17:10:51,3445,93,0.5632560483870968,0,5,12,2,13321.133333333333,58.81666666666667,745.0,3,{},regular
102306,Revisar curso,2016-02-10 00:20:51,2016-02-10 17:17:13,2016-02-10 17:17:13,22475,95,0.04788306451612903,0,4,17,2,13613.35,1020.6666666666666,1037.2166666666667,3,{},regular
102602,Traer informacion estudiante - banner,2016-02-10 18:05:30,2016-02-10 18:05:30,2016-02-10 18:05:30,1515,98,0.0,0,1,18,2,13661.633333333333,13661.633333333333,1085.5,3,{},regular
40_CF,Evaluacion curso,2016-02-10 08:03:32,2016-02-10 18:20:27,2016-02-10 18:20:40,163,91,0.07787298387096774,0,6,18,2,13676.583333333334,619.7333333333333,1100.45,3,{},regular
102602,Radicar Solicitud Homologacion,2016-02-10 18:05:30,2016-02-10 18:27:21,2016-02-10 18:27:26,1515,98,0.10231854838709678,0,2,18,2,13683.483333333334,21.85,1107.35,3,{},regular
102364,Revisar curso,2016-02-10 11:30:07,2016-02-10 18:37:32,2016-02-10 18:37:32,677,92,0.04788306451612903,0,4,18,2,13693.666666666666,498.3833333333333,1117.5333333333333,3,{},regular
81951,Notificacion estudiante cancelacion soli,2016-02-04 07:50:57,2016-02-10 18:52:39,2016-02-10 18:52:39,8443,59,0.0,0,4,18,2,13708.783333333333,9387.033333333333,1132.65,3,{},deviant
101501,Cancelar Solicitud,2016-02-07 16:32:37,2016-02-10 18:14:03,2016-02-10 18:52:58,241,84,0.26537298387096775,0,3,18,2,13670.183333333332,4421.433333333333,1094.05,3,{},deviant
102506,Homologacion por grupo de cursos,2016-02-10 14:43:59,2016-02-10 14:44:03,2016-02-10 18:56:58,308,95,0.5632560483870968,0,4,14,2,13460.183333333332,209.36666666666667,884.05,3,{},deviant
102603,Traer informacion estudiante - banner,2016-02-10 19:11:14,2016-02-10 19:11:14,2016-02-10 19:11:14,1515,97,0.0,0,1,19,2,13727.366666666667,13727.366666666667,1151.2333333333333,3,{},regular
102358,Homologacion por grupo de cursos,2016-02-10 11:46:26,2016-02-10 12:24:56,2016-02-10 19:19:34,19019,93,0.5632560483870968,0,5,12,2,13304.833333333334,188.15,728.7,3,{},regular
102603,Radicar Solicitud Homologacion,2016-02-10 19:11:14,2016-02-10 19:27:48,2016-02-10 19:27:50,1515,97,0.10231854838709678,0,2,19,2,13743.933333333332,16.566666666666666,1167.8,3,{},regular
102701,Traer informacion estudiante - banner,2016-02-10 19:33:40,2016-02-10 19:33:40,2016-02-10 19:33:40,5506,98,0.0,0,1,19,2,13749.8,13749.8,1173.6666666666667,3,{},regular
102602,Validar solicitud,2016-02-10 18:27:26,2016-02-10 19:23:26,2016-02-10 19:37:26,677,98,0.24168346774193547,0,3,19,2,13739.566666666668,56.083333333333336,1163.4333333333334,3,{},regular
102602,Revisar curso,2016-02-10 19:37:26,2016-02-10 19:37:30,2016-02-10 19:37:30,677,98,0.04788306451612903,0,4,19,2,13753.633333333333,14.066666666666666,1177.5,3,{},regular
102602,Evaluacion curso,2016-02-10 19:37:30,2016-02-10 19:37:34,2016-02-10 19:37:34,3445,98,0.07787298387096774,0,5,19,2,13753.7,0.06666666666666667,1177.5666666666666,3,{},regular
102358,Evaluacion curso,2016-02-10 19:19:34,2016-02-10 19:19:38,2016-02-10 19:37:44,22534,97,0.07787298387096774,0,6,19,2,13735.766666666666,430.93333333333334,1159.6333333333334,3,{},regular
102701,Radicar Solicitud Homologacion,2016-02-10 19:33:40,2016-02-10 19:56:51,2016-02-10 19:56:54,5506,98,0.10231854838709678,0,2,19,2,13772.983333333334,23.183333333333334,1196.85,3,{},regular
102557,Validar solicitud,2016-02-10 14:44:55,2016-02-10 15:47:50,2016-02-10 19:59:50,186,95,0.24168346774193547,0,3,15,2,13523.966666666667,62.916666666666664,947.8333333333334,3,{},deviant
102404,Evaluacion curso,2016-02-10 16:08:58,2016-02-10 19:59:50,2016-02-10 20:04:22,186,96,0.07787298387096774,0,6,16,2,13545.166666666666,144.06666666666666,969.0333333333333,3,{},deviant
102701,Validar solicitud,2016-02-10 19:56:54,2016-02-10 20:11:59,2016-02-10 20:13:00,22475,98,0.24168346774193547,0,3,20,2,13788.116666666667,15.133333333333333,1211.9833333333333,3,{},regular
102557,Homologacion por grupo de cursos,2016-02-10 19:59:50,2016-02-10 20:04:22,2016-02-10 20:19:57,186,98,0.5632560483870968,1,4,19,2,13776.033333333333,252.06666666666666,1199.9,3,{},deviant
102602,Homologacion por grupo de cursos,2016-02-10 19:37:34,2016-02-10 19:37:38,2016-02-10 20:25:50,3445,98,0.5632560483870968,0,6,19,2,13753.766666666666,0.06666666666666667,1177.6333333333334,3,{},regular
102751,Traer informacion estudiante - banner,2016-02-10 21:00:43,2016-02-10 21:00:43,2016-02-10 21:00:43,8064,98,0.0,0,1,21,2,13836.85,13836.85,1260.7166666666667,3,{},deviant
102601,Validar solicitud,2016-02-10 17:04:43,2016-02-10 19:01:47,2016-02-10 21:03:55,1707,97,0.24168346774193547,0,3,19,2,13717.916666666666,117.18333333333334,1141.7833333333333,3,{},regular
102602,Validacion final,2016-02-10 20:25:50,2016-02-10 20:25:54,2016-02-10 21:12:10,677,97,0.010080645161290322,0,7,20,2,13802.033333333333,48.266666666666666,1225.9,3,{},regular
102602,Visto Bueno Cierre Proceso,2016-02-10 21:12:10,2016-02-10 21:12:14,2016-02-10 21:14:09,3445,98,0.03276209677419355,0,8,21,2,13848.366666666667,46.333333333333336,1272.2333333333333,3,{},regular
102751,Radicar Solicitud Homologacion,2016-02-10 21:00:43,2016-02-10 21:24:43,2016-02-10 21:26:44,8064,98,0.10231854838709678,0,2,21,2,13860.85,24.0,1284.7166666666667,3,{},deviant
102951,Traer informacion estudiante - banner,2016-02-10 21:31:23,2016-02-10 21:31:23,2016-02-10 21:31:23,8824,98,0.0,0,1,21,2,13867.516666666666,13867.516666666666,1291.3833333333334,3,{},regular
102951,Radicar Solicitud Homologacion,2016-02-10 21:31:23,2016-02-10 21:54:34,2016-02-10 21:54:38,8824,98,0.10231854838709678,0,2,21,2,13890.7,23.183333333333334,1314.5666666666666,3,{},regular
102952,Traer informacion estudiante - banner,2016-02-10 22:26:54,2016-02-10 22:26:54,2016-02-10 22:26:54,8824,99,0.0,0,1,22,2,13923.033333333333,13923.033333333333,1346.9,3,{},regular
102751,Cancelar Solicitud,2016-02-10 21:26:44,2016-02-10 22:32:44,2016-02-10 22:35:51,8064,97,0.26537298387096775,0,3,22,2,13928.866666666667,68.01666666666667,1352.7333333333333,3,{},deviant
102401,Validar solicitud,2016-02-09 16:57:10,2016-02-10 21:30:21,2016-02-10 22:49:22,677,89,0.24168346774193547,0,3,21,2,13866.483333333334,1713.6,1290.35,3,{},regular
102952,Radicar Solicitud Homologacion,2016-02-10 22:26:54,2016-02-10 22:49:28,2016-02-10 22:49:30,8824,99,0.10231854838709678,0,2,22,2,13945.6,22.566666666666666,1369.4666666666667,3,{},regular
102501,Evaluacion curso,2016-02-10 17:10:51,2016-02-10 19:19:34,2016-02-10 22:51:34,19019,97,0.07787298387096774,0,6,17,2,13607.05,285.9166666666667,1030.9166666666667,3,{},regular
40_CF,Validar solicitud / pre-homologacion,2016-02-10 18:20:40,2016-02-10 22:51:34,2016-02-10 22:52:03,19019,98,0.012852822580645162,1,7,18,2,13676.866666666667,0.2833333333333333,1100.7333333333333,3,{},regular
40_CF,Notificacion estudiante cancelacion soli,2016-02-10 22:52:03,2016-02-10 22:52:07,2016-02-10 22:52:33,12532,99,0.0,0,8,22,2,13948.25,271.3833333333333,1372.1166666666666,3,{},regular
102354,Validar solicitud,2016-02-09 16:04:45,2016-02-10 21:05:41,2016-02-10 23:03:47,448,89,0.24168346774193547,0,3,21,2,13841.816666666668,1741.7,1265.6833333333334,3,{},regular
102603,Validar solicitud,2016-02-10 19:27:50,2016-02-10 21:03:55,2016-02-10 23:05:52,1707,97,0.24168346774193547,0,3,19,2,13753.85,9.916666666666666,1177.7166666666667,3,{},regular
102404,Validar solicitud / pre-homologacion,2016-02-10 20:04:22,2016-02-10 23:05:52,2016-02-10 23:05:52,1707,98,0.012852822580645162,1,7,20,2,13780.566666666668,235.4,1204.4333333333334,3,{},deviant
102253,Revisar curso,2016-02-09 14:58:46,2016-02-10 20:16:14,2016-02-10 23:46:48,22534,88,0.04788306451612903,0,4,20,2,13792.366666666667,1757.6333333333334,1216.2333333333333,3,{},regular
12_CF,Traer informacion estudiante - banner,2016-02-10 23:47:36,2016-02-10 23:47:36,2016-02-10 23:48:01,8824,98,0.0,0,1,23,2,14003.733333333334,14003.733333333334,1427.6,3,{},regular
102364,Evaluacion curso,2016-02-10 18:37:32,2016-02-10 22:49:22,2016-02-10 23:51:39,677,98,0.07787298387096774,0,5,22,2,13897.833333333334,204.16666666666666,1321.7,3,{},regular
102951,Validar solicitud,2016-02-10 21:54:38,2016-02-10 23:51:39,2016-02-11 00:02:20,677,98,0.24168346774193547,0,3,22,2,13902.75,12.05,1326.6166666666666,3,{},regular
102501,Validacion final,2016-02-10 22:51:34,2016-02-11 00:02:20,2016-02-11 00:08:53,677,99,0.010080645161290322,1,7,22,2,13947.766666666666,340.71666666666664,1371.6333333333334,3,{},regular
12_CF,Radicar Solicitud Homologacion,2016-02-10 23:48:01,2016-02-11 00:03:53,2016-02-11 00:14:17,8824,98,0.10231854838709678,0,2,0,2,14020.016666666666,16.283333333333335,3.8833333333333333,4,{},regular
102501,Visto Bueno Cierre Proceso,2016-02-11 00:08:53,2016-02-11 00:08:57,2016-02-11 00:17:29,3445,98,0.03276209677419355,0,8,0,2,14025.083333333334,77.31666666666666,8.95,4,{},regular
102952,Validar solicitud,2016-02-10 22:49:30,2016-02-11 00:08:53,2016-02-11 00:19:27,677,99,0.24168346774193547,1,3,23,2,13956.6,11.0,1380.4666666666667,3,{},regular
102951,Revisar curso,2016-02-11 00:02:20,2016-02-11 00:19:27,2016-02-11 00:19:27,677,98,0.04788306451612903,2,4,0,2,14018.533333333333,115.78333333333333,2.4,4,{},regular
102951,Evaluacion curso,2016-02-11 00:19:27,2016-02-11 00:19:31,2016-02-11 00:19:31,3445,98,0.07787298387096774,0,5,0,2,14035.65,17.116666666666667,19.516666666666666,4,{},regular
102652,Cancelar Solicitud,2016-02-10 15:52:38,2016-02-11 00:18:43,2016-02-11 00:21:31,5506,96,0.26537298387096775,0,3,0,2,14034.85,506.18333333333334,18.716666666666665,4,{},deviant
102358,Validacion final,2016-02-10 19:37:44,2016-02-10 22:52:03,2016-02-11 00:21:56,19019,98,0.010080645161290322,1,7,19,2,13753.933333333332,18.166666666666668,1177.8,3,{},regular
102601,Revisar curso,2016-02-10 21:03:55,2016-02-10 23:05:52,2016-02-11 00:34:45,1707,98,0.04788306451612903,2,4,21,2,13858.85,140.93333333333334,1282.7166666666667,3,{},regular
102953,Traer informacion estudiante - banner,2016-02-11 00:41:46,2016-02-11 00:41:46,2016-02-11 00:41:46,8824,99,0.0,0,1,0,2,14057.9,14057.9,41.766666666666666,4,{},regular
12_CF,Validar solicitud,2016-02-11 00:14:17,2016-02-11 00:19:27,2016-02-11 00:55:42,677,98,0.24168346774193547,1,3,0,2,14033.266666666666,13.25,17.133333333333333,4,{},regular
102952,Revisar curso,2016-02-11 00:19:27,2016-02-11 00:55:42,2016-02-11 00:55:42,677,98,0.04788306451612903,2,4,0,2,14035.65,79.05,19.516666666666666,4,{},regular
12_CF,Revisar curso,2016-02-11 00:55:42,2016-02-11 00:55:46,2016-02-11 01:03:26,677,99,0.04788306451612903,1,4,0,2,14071.9,38.63333333333333,55.766666666666666,4,{},regular
102951,Homologacion por grupo de cursos,2016-02-11 00:19:31,2016-02-11 00:19:35,2016-02-11 01:07:47,3445,98,0.5632560483870968,0,6,0,2,14035.716666666667,0.06666666666666667,19.583333333333332,4,{},regular
102501,Transferir Creditos,2016-02-11 00:17:29,2016-02-11 01:07:47,2016-02-11 01:07:47,3445,98,0.0005040322580645161,0,9,0,2,14041.533333333333,16.45,25.4,4,{},regular
102701,Cancelar Solicitud,2016-02-10 20:13:00,2016-02-11 00:33:39,2016-02-11 01:59:54,5506,98,0.26537298387096775,0,4,0,2,14049.783333333333,261.6666666666667,33.65,4,{},regular
102603,Revisar curso,2016-02-10 23:05:52,2016-02-11 00:34:45,2016-02-11 02:03:38,1707,98,0.04788306451612903,2,4,23,2,13962.066666666668,208.21666666666667,1385.9333333333334,3,{},regular
102364,Homologacion por grupo de cursos,2016-02-10 23:51:39,2016-02-11 01:07:47,2016-02-11 02:11:58,3445,98,0.5632560483870968,0,6,0,2,14068.8,170.96666666666667,52.666666666666664,4,{},regular
102952,Evaluacion curso,2016-02-11 00:55:42,2016-02-11 02:11:58,2016-02-11 02:11:58,3445,99,0.07787298387096774,2,5,0,2,14071.9,36.25,55.766666666666666,4,{},regular
12_CF,Evaluacion curso,2016-02-11 01:03:26,2016-02-11 02:11:58,2016-02-11 02:19:59,3445,99,0.07787298387096774,3,5,1,2,14079.633333333333,7.733333333333333,63.5,4,{},regular
102701,Revisar curso,2016-02-11 01:59:54,2016-02-11 02:25:44,2016-02-11 02:25:44,22475,98,0.04788306451612903,0,5,2,2,14161.866666666667,112.08333333333333,145.73333333333332,4,{},regular
102951,Validacion final,2016-02-11 01:07:47,2016-02-11 01:42:10,2016-02-11 02:28:26,677,99,0.010080645161290322,0,7,1,2,14118.3,82.58333333333333,102.16666666666667,4,{},regular
102364,Validacion final,2016-02-11 02:11:58,2016-02-11 02:28:52,2016-02-11 02:28:52,677,98,0.010080645161290322,0,7,2,2,14165.0,96.2,148.86666666666667,4,{},regular
102358,Visto Bueno Cierre Proceso,2016-02-11 00:21:56,2016-02-11 00:22:00,2016-02-11 02:42:44,19019,98,0.03276209677419355,0,8,0,2,14038.133333333333,284.2,22.0,4,{},regular
102360,Validar solicitud,2016-02-09 21:58:32,2016-02-11 02:29:52,2016-02-11 02:52:48,241,93,0.24168346774193547,0,3,2,2,14166.0,1711.3333333333333,149.86666666666667,4,{},regular
47_CF,Revisar curso,2016-02-09 00:04:32,2016-02-11 02:42:44,2016-02-11 02:53:38,19019,88,0.04788306451612903,2,5,2,2,14155.75,3015.0833333333335,139.61666666666667,4,{},regular
102365,Notificacion estudiante cancelacion soli,2016-02-10 02:58:48,2016-02-11 03:00:34,2016-02-11 03:00:34,7682,93,0.0,0,4,3,2,14196.7,1457.1,180.56666666666666,4,{},deviant
101802,Cancelar Solicitud,2016-02-07 22:54:19,2016-02-11 02:50:39,2016-02-11 03:01:04,677,87,0.26537298387096775,0,3,2,2,14186.783333333333,4556.366666666667,170.65,4,{},deviant
102952,Homologacion por grupo de cursos,2016-02-11 02:11:58,2016-02-11 02:19:59,2016-02-11 03:08:11,3445,98,0.5632560483870968,1,6,2,2,14148.166666666666,76.26666666666667,132.03333333333333,4,{},regular
12_CF,Homologacion por grupo de cursos,2016-02-11 02:19:59,2016-02-11 03:08:11,2016-02-11 03:13:43,3445,98,0.5632560483870968,1,6,2,2,14167.55,87.91666666666667,151.41666666666666,4,{},regular
102361,Validar solicitud,2016-02-09 22:42:23,2016-02-11 03:15:02,2016-02-11 03:15:02,677,94,0.24168346774193547,0,3,3,2,14211.166666666666,1712.65,195.03333333333333,4,{},regular
102953,Radicar Solicitud Homologacion,2016-02-11 00:41:46,2016-02-11 03:25:11,2016-02-11 03:25:12,8824,99,0.10231854838709678,0,2,3,2,14221.316666666668,163.41666666666666,205.18333333333334,4,{},regular
102364,Visto Bueno Cierre Proceso,2016-02-11 02:28:52,2016-02-11 03:28:18,2016-02-11 03:30:11,3445,98,0.03276209677419355,0,8,3,2,14224.433333333332,59.43333333333333,208.3,4,{},regular
101301,Notificacion estudiante cancelacion soli,2016-02-09 05:53:22,2016-02-11 03:46:54,2016-02-11 03:46:54,22475,88,0.0,0,6,3,2,14243.033333333333,3147.133333333333,226.9,4,{},deviant
102951,Visto Bueno Cierre Proceso,2016-02-11 02:28:26,2016-02-11 03:46:24,2016-02-11 03:48:20,3445,98,0.03276209677419355,0,8,3,2,14242.533333333333,124.23333333333333,226.4,4,{},regular
102306,Revisar curso,2016-02-10 17:17:13,2016-02-11 03:56:26,2016-02-11 04:00:15,659,97,0.04788306451612903,0,5,3,2,14252.566666666668,639.2166666666667,236.43333333333334,4,{},regular
102701,Evaluacion curso,2016-02-11 02:25:44,2016-02-11 02:53:38,2016-02-11 04:17:13,19019,98,0.07787298387096774,1,6,2,2,14161.933333333332,0.06666666666666667,145.8,4,{},regular
102701,Validacion final,2016-02-11 04:17:13,2016-02-11 04:17:17,2016-02-11 04:17:45,22475,94,0.010080645161290322,0,7,4,2,14273.416666666666,111.48333333333333,257.28333333333336,4,{},regular
102952,Validacion final,2016-02-11 03:08:11,2016-02-11 03:38:56,2016-02-11 04:25:11,677,96,0.010080645161290322,0,7,3,2,14235.066666666668,86.9,218.93333333333334,4,{},regular
12_CF,Validacion final,2016-02-11 03:13:43,2016-02-11 04:42:59,2016-02-11 04:44:41,677,96,0.010080645161290322,0,7,4,2,14299.116666666667,131.56666666666666,282.98333333333335,4,{},regular
102364,Transferir Creditos,2016-02-11 03:30:11,2016-02-11 05:02:30,2016-02-11 05:02:30,3445,96,0.0005040322580645161,0,9,5,2,14318.633333333333,94.2,302.5,4,{},regular
102952,Visto Bueno Cierre Proceso,2016-02-11 04:25:11,2016-02-11 05:56:18,2016-02-11 05:58:15,3445,94,0.03276209677419355,0,8,5,2,14372.433333333332,137.36666666666667,356.3,4,{},regular
102554,Notificacion estudiante cancelacion soli,2016-02-10 13:20:06,2016-02-11 06:22:47,2016-02-11 06:22:47,677,93,0.0,0,4,6,2,14398.916666666666,1034.6833333333334,382.78333333333336,4,{},deviant
102601,Homologacion por grupo de cursos,2016-02-11 00:34:45,2016-02-11 00:34:49,2016-02-11 07:01:31,15930,98,0.5632560483870968,0,5,0,2,14050.95,192.1,34.81666666666667,4,{},regular
12_CF,Visto Bueno Cierre Proceso,2016-02-11 04:44:41,2016-02-11 07:07:26,2016-02-11 07:08:18,3445,94,0.03276209677419355,0,8,7,2,14443.566666666668,144.45,427.43333333333334,4,{},regular
101205,Notificacion estudiante cancelacion soli,2016-02-08 19:42:52,2016-02-11 07:29:02,2016-02-11 07:29:02,241,86,0.0,0,4,7,2,14465.166666666666,3623.133333333333,449.03333333333336,4,{},deviant
102651,Cancelar Solicitud,2016-02-10 15:59:31,2016-02-11 06:00:59,2016-02-11 07:30:07,5506,96,0.26537298387096775,0,4,6,2,14377.116666666667,845.3833333333333,360.98333333333335,4,{},deviant
102751,Notificacion estudiante cancelacion soli,2016-02-10 22:35:51,2016-02-11 07:34:08,2016-02-11 07:34:08,8064,99,0.0,0,4,7,2,14470.266666666666,541.4,454.1333333333333,4,{},deviant
103051,Traer informacion estudiante - banner,2016-02-11 08:03:23,2016-02-11 08:03:23,2016-02-11 08:03:23,8064,89,0.0,0,1,8,2,14499.516666666666,14499.516666666666,483.3833333333333,4,{},deviant
102257,Validar solicitud,2016-02-09 10:57:45,2016-02-11 08:21:28,2016-02-11 08:26:51,677,86,0.24168346774193547,0,3,8,2,14517.6,2724.116666666667,501.46666666666664,4,{},regular
102701,Notificacion estudiante cancelacion soli,2016-02-11 04:17:45,2016-02-11 09:01:52,2016-02-11 09:01:52,5506,94,0.0,0,8,9,2,14558.0,284.5833333333333,541.8666666666667,4,{},regular
102603,Homologacion por grupo de cursos,2016-02-11 02:03:38,2016-02-11 07:01:31,2016-02-11 09:09:31,15930,98,0.5632560483870968,0,5,2,2,14139.833333333334,177.76666666666668,123.7,4,{},regular
102953,Validar solicitud,2016-02-11 03:25:12,2016-02-11 09:15:48,2016-02-11 09:26:19,677,96,0.24168346774193547,0,3,9,2,14571.933333333332,350.6166666666667,555.8,4,{},regular
101204,Notificacion estudiante cancelacion soli,2016-02-08 21:07:19,2016-02-11 09:28:57,2016-02-11 09:28:57,241,86,0.0,0,4,9,2,14585.083333333334,3659.483333333333,568.95,4,{},deviant
102603,Evaluacion curso,2016-02-11 09:09:31,2016-02-11 09:09:35,2016-02-11 09:32:41,15930,88,0.07787298387096774,0,6,9,2,14565.716666666667,425.8833333333333,549.5833333333334,4,{},regular
102603,Validacion final,2016-02-11 09:32:41,2016-02-11 09:32:45,2016-02-11 09:32:45,1707,87,0.010080645161290322,0,7,9,2,14588.883333333333,23.166666666666668,572.75,4,{},regular
102603,Visto Bueno Cierre Proceso,2016-02-11 09:32:45,2016-02-11 10:34:49,2016-02-11 10:50:49,15930,87,0.03276209677419355,0,8,10,2,14650.95,62.06666666666667,634.8166666666667,4,{},regular
103053,Traer informacion estudiante - banner,2016-02-11 11:07:17,2016-02-11 11:07:17,2016-02-11 11:07:17,11611,87,0.0,0,1,11,2,14683.416666666666,14683.416666666666,667.2833333333333,4,{},deviant
102601,Evaluacion curso,2016-02-11 07:01:31,2016-02-11 07:01:35,2016-02-11 11:48:41,19019,91,0.07787298387096774,0,6,7,2,14437.716666666667,386.76666666666665,421.5833333333333,4,{},regular
102601,Validacion final,2016-02-11 11:48:41,2016-02-11 11:48:45,2016-02-11 11:48:45,1707,87,0.010080645161290322,0,7,11,2,14724.883333333333,287.1666666666667,708.75,4,{},regular
102353,Validar solicitud,2016-02-09 16:40:05,2016-02-11 11:48:41,2016-02-11 11:49:27,19019,89,0.24168346774193547,0,3,10,2,14628.916666666666,2499.65,612.7833333333333,4,{},deviant
102556,Notificacion estudiante cancelacion soli,2016-02-10 15:18:45,2016-02-11 12:03:45,2016-02-11 12:03:45,22475,95,0.0,0,4,12,2,14739.883333333333,1363.95,723.75,4,{},deviant
103054,Traer informacion estudiante - banner,2016-02-11 12:17:36,2016-02-11 12:17:36,2016-02-11 12:17:36,9404,87,0.0,0,1,12,2,14753.733333333334,14753.733333333334,737.6,4,{},deviant
103051,Radicar Solicitud Homologacion,2016-02-11 08:03:23,2016-02-11 12:17:53,2016-02-11 12:18:10,8064,89,0.10231854838709678,0,2,12,2,14754.016666666666,254.5,737.8833333333333,4,{},deviant
102601,Visto Bueno Cierre Proceso,2016-02-11 11:48:45,2016-02-11 13:08:28,2016-02-11 13:19:10,15930,87,0.03276209677419355,0,8,13,2,14804.6,79.71666666666667,788.4666666666667,4,{},regular
102306,Evaluacion curso,2016-02-11 04:00:15,2016-02-11 12:08:56,2016-02-11 13:31:06,19019,94,0.07787298387096774,0,6,12,2,14745.066666666668,492.5,728.9333333333333,4,{},regular
103452,Traer informacion estudiante - banner,2016-02-11 14:38:19,2016-02-11 14:38:19,2016-02-11 14:38:19,7682,87,0.0,0,1,14,2,14894.45,14894.45,878.3166666666667,4,{},regular
103053,Radicar Solicitud Homologacion,2016-02-11 11:07:17,2016-02-11 15:01:34,2016-02-11 15:02:00,11611,87,0.10231854838709678,0,2,15,2,14917.7,234.28333333333333,901.5666666666667,4,{},deviant
103801,Traer informacion estudiante - banner,2016-02-11 15:33:22,2016-02-11 15:33:22,2016-02-11 15:33:22,26248,88,0.0,0,1,15,2,14949.5,14949.5,933.3666666666667,4,{},deviant
102354,Revisar curso,2016-02-10 23:03:47,2016-02-11 15:48:38,2016-02-11 15:48:39,448,98,0.04788306451612903,0,4,15,2,14964.766666666666,1122.95,948.6333333333333,4,{},regular
103054,Radicar Solicitud Homologacion,2016-02-11 12:17:36,2016-02-11 16:11:53,2016-02-11 16:12:44,9404,87,0.10231854838709678,0,2,16,2,14988.016666666666,234.28333333333333,971.8833333333333,4,{},deviant
102401,Revisar curso,2016-02-10 22:49:22,2016-02-11 15:23:17,2016-02-11 16:18:14,26757,99,0.04788306451612903,0,4,15,2,14939.416666666666,1072.9333333333334,923.2833333333333,4,{},regular
102311,Revisar curso,2016-02-10 16:43:08,2016-02-11 17:44:25,2016-02-11 17:44:25,387,97,0.04788306451612903,0,4,17,2,15080.55,1517.65,1064.4166666666667,4,{},deviant
102253,Homologacion por grupo de cursos,2016-02-10 23:46:48,2016-02-11 12:57:04,2016-02-11 17:53:16,6889,97,0.5632560483870968,0,5,12,2,14793.2,1000.8333333333334,777.0666666666667,4,{},regular
100102,Cancelar Solicitud,2016-02-06 02:58:03,2016-02-11 16:20:09,2016-02-11 18:07:43,7071,73,0.26537298387096775,0,4,16,2,14996.283333333333,8002.15,980.15,4,{},deviant
104001,Traer informacion estudiante - banner,2016-02-11 18:09:40,2016-02-11 18:09:40,2016-02-11 18:09:40,14126,89,0.0,0,1,18,2,15105.8,15105.8,1089.6666666666667,4,{},deviant
101102,Notificacion estudiante cancelacion soli,2016-02-08 17:06:38,2016-02-11 18:32:39,2016-02-11 18:32:39,19019,87,0.0,1,4,18,2,15128.783333333333,4421.3,1112.65,4,{},deviant
102953,Revisar curso,2016-02-11 09:26:19,2016-02-11 19:14:26,2016-02-11 19:14:26,677,88,0.04788306451612903,0,4,19,2,15170.566666666668,598.6333333333333,1154.4333333333334,4,{},regular
103452,Radicar Solicitud Homologacion,2016-02-11 14:38:19,2016-02-11 19:31:16,2016-02-11 19:31:16,7682,87,0.10231854838709678,0,2,19,2,15187.4,292.95,1171.2666666666667,4,{},regular
101103,Notificacion estudiante cancelacion soli,2016-02-08 18:15:49,2016-02-11 19:48:37,2016-02-11 19:48:37,677,87,0.0,0,4,19,2,15204.75,4429.4,1188.6166666666666,4,{},deviant
103801,Radicar Solicitud Homologacion,2016-02-11 15:33:22,2016-02-11 19:58:53,2016-02-11 19:58:53,26248,88,0.10231854838709678,0,2,19,2,15215.016666666666,265.51666666666665,1198.8833333333334,4,{},deviant
104054,Traer informacion estudiante - banner,2016-02-11 20:35:42,2016-02-11 20:35:42,2016-02-11 20:35:42,19019,88,0.0,0,1,20,2,15251.833333333334,15251.833333333334,1235.7,4,{},deviant
82151,Notificacion estudiante cancelacion soli,2016-02-04 19:30:10,2016-02-11 21:32:53,2016-02-11 21:32:53,22404,61,0.0,0,4,21,2,15309.016666666666,10252.466666666667,1292.8833333333334,4,{},deviant
104101,Traer informacion estudiante - banner,2016-02-11 21:44:15,2016-02-11 21:44:15,2016-02-11 21:44:15,7682,88,0.0,0,1,21,2,15320.383333333333,15320.383333333333,1304.25,4,{},regular
102306,Homologacion por grupo de cursos,2016-02-11 13:31:06,2016-02-11 19:38:07,2016-02-11 21:51:35,1343,86,0.5632560483870968,0,7,19,2,15194.25,449.18333333333334,1178.1166666666666,4,{},regular
104001,Radicar Solicitud Homologacion,2016-02-11 18:09:40,2016-02-11 22:03:31,2016-02-11 22:03:31,14126,89,0.10231854838709678,0,2,22,2,15339.65,233.85,1323.5166666666667,4,{},deviant
47_CF,Evaluacion curso,2016-02-11 02:53:38,2016-02-11 22:13:58,2016-02-11 22:14:54,163,97,0.07787298387096774,0,6,22,2,15350.1,1194.35,1333.9666666666667,4,{},regular
104102,Traer informacion estudiante - banner,2016-02-11 23:24:31,2016-02-11 23:24:31,2016-02-11 23:24:31,7682,89,0.0,0,1,23,2,15420.65,15420.65,1404.5166666666667,4,{},regular
103051,Cancelar Solicitud,2016-02-11 12:18:10,2016-02-11 23:44:26,2016-02-11 23:51:24,22475,87,0.26537298387096775,0,3,23,2,15440.566666666668,686.55,1424.4333333333334,4,{},deviant
103054,Cancelar Solicitud,2016-02-11 16:12:44,2016-02-12 00:38:26,2016-02-12 00:43:05,19019,88,0.26537298387096775,0,3,0,2,15494.566666666668,506.55,38.43333333333333,5,{},deviant
104202,Traer informacion estudiante - banner,2016-02-12 00:55:58,2016-02-12 00:55:58,2016-02-12 00:55:58,9987,90,0.0,0,1,0,2,15512.1,15512.1,55.96666666666667,5,{},deviant
104054,Radicar Solicitud Homologacion,2016-02-11 20:35:42,2016-02-12 01:18:22,2016-02-12 01:18:22,19019,88,0.10231854838709678,0,2,1,2,15534.5,282.6666666666667,78.36666666666666,5,{},deviant
104202,Radicar Solicitud Homologacion,2016-02-12 00:55:58,2016-02-12 01:33:02,2016-02-12 01:33:02,9987,90,0.10231854838709678,0,2,1,2,15549.166666666666,37.06666666666667,93.03333333333333,5,{},deviant
102306,Evaluacion curso,2016-02-11 21:51:35,2016-02-12 02:03:11,2016-02-12 02:10:09,659,88,0.07787298387096774,0,8,2,2,15579.316666666668,385.06666666666666,123.18333333333334,5,{},regular
102253,Evaluacion curso,2016-02-11 17:53:16,2016-02-12 02:02:24,2016-02-12 02:20:41,22534,88,0.07787298387096774,0,6,2,2,15578.533333333333,785.3333333333334,122.4,5,{},regular
104101,Radicar Solicitud Homologacion,2016-02-11 21:44:15,2016-02-12 02:26:55,2016-02-12 02:26:55,7682,88,0.10231854838709678,0,2,2,2,15603.05,282.6666666666667,146.91666666666666,5,{},regular
103053,Cancelar Solicitud,2016-02-11 15:02:00,2016-02-12 00:19:05,2016-02-12 02:35:46,11611,87,0.26537298387096775,0,3,0,2,15475.216666666667,557.5166666666667,19.083333333333332,5,{},deviant
103801,Validar solicitud,2016-02-11 19:58:53,2016-02-12 02:25:48,2016-02-12 03:09:48,7080,87,0.24168346774193547,0,3,2,2,15601.933333333332,386.9166666666667,145.8,5,{},deviant
104102,Radicar Solicitud Homologacion,2016-02-11 23:24:31,2016-02-12 03:18:22,2016-02-12 03:18:22,7682,89,0.10231854838709678,0,2,3,2,15654.5,233.85,198.36666666666667,5,{},regular
102953,Evaluacion curso,2016-02-11 19:14:26,2016-02-12 03:23:12,2016-02-12 03:37:41,3445,88,0.07787298387096774,0,5,3,2,15659.333333333334,488.76666666666665,203.2,5,{},regular
102306,Validacion final,2016-02-12 02:10:09,2016-02-12 04:04:03,2016-02-12 04:08:06,22475,90,0.010080645161290322,0,9,4,2,15700.183333333332,120.86666666666666,244.05,5,{},regular
103452,Validar solicitud,2016-02-11 19:31:16,2016-02-12 03:29:16,2016-02-12 04:09:16,22404,88,0.24168346774193547,0,3,3,2,15665.4,478.0,209.26666666666668,5,{},regular
104206,Traer informacion estudiante - banner,2016-02-12 04:17:54,2016-02-12 04:17:54,2016-02-12 04:17:54,5183,90,0.0,0,1,4,2,15714.033333333333,15714.033333333333,257.9,5,{},deviant
102354,Evaluacion curso,2016-02-11 15:48:39,2016-02-12 04:23:18,2016-02-12 04:47:22,448,88,0.07787298387096774,0,5,4,2,15719.433333333332,754.6666666666666,263.3,5,{},regular
104206,Radicar Solicitud Homologacion,2016-02-12 04:17:54,2016-02-12 04:54:58,2016-02-12 04:54:58,5183,90,0.10231854838709678,0,2,4,2,15751.1,37.06666666666667,294.96666666666664,5,{},deviant
104351,Traer informacion estudiante - banner,2016-02-12 05:13:46,2016-02-12 05:13:46,2016-02-12 05:13:46,19019,91,0.0,0,1,5,2,15769.9,15769.9,313.76666666666665,5,{},regular
102953,Homologacion por grupo de cursos,2016-02-12 03:37:41,2016-02-12 04:38:24,2016-02-12 05:26:37,3445,90,0.5632560483870968,0,6,4,2,15734.533333333333,75.2,278.4,5,{},regular
102953,Validacion final,2016-02-12 05:26:37,2016-02-12 05:26:41,2016-02-12 05:58:30,677,91,0.010080645161290322,0,7,5,2,15782.816666666668,48.28333333333333,326.68333333333334,5,{},regular
102953,Visto Bueno Cierre Proceso,2016-02-12 05:58:30,2016-02-12 05:58:34,2016-02-12 06:00:27,3445,91,0.03276209677419355,0,8,5,2,15814.7,31.883333333333333,358.56666666666666,5,{},regular
104351,Radicar Solicitud Homologacion,2016-02-12 05:13:46,2016-02-12 06:01:25,2016-02-12 06:01:25,19019,91,0.10231854838709678,0,2,6,2,15817.55,47.65,361.4166666666667,5,{},regular
104054,Validar solicitud,2016-02-12 01:18:22,2016-02-12 04:38:05,2016-02-12 06:06:05,22404,90,0.24168346774193547,0,3,4,2,15734.216666666667,199.71666666666667,278.0833333333333,5,{},deviant
104102,Validar solicitud,2016-02-12 03:18:22,2016-02-12 06:06:05,2016-02-12 06:39:07,22404,90,0.24168346774193547,0,3,5,2,15767.816666666668,113.31666666666666,311.68333333333334,5,{},regular
103801,Revisar curso,2016-02-12 03:09:48,2016-02-12 06:41:52,2016-02-12 06:42:21,659,90,0.04788306451612903,0,4,6,2,15858.0,256.06666666666666,401.8666666666667,5,{},deviant
102253,Visto Bueno Cierre Proceso,2016-02-12 02:20:41,2016-02-12 05:56:35,2016-02-12 07:05:27,6889,90,0.03276209677419355,0,7,5,2,15812.716666666667,234.18333333333334,356.5833333333333,5,{},regular
104101,Validar solicitud,2016-02-12 02:26:55,2016-02-12 06:39:07,2016-02-12 07:12:08,22404,90,0.24168346774193547,0,3,5,2,15791.75,188.7,335.6166666666667,5,{},regular
104401,Traer informacion estudiante - banner,2016-02-12 07:23:59,2016-02-12 07:23:59,2016-02-12 07:23:59,19019,91,0.0,0,1,7,2,15900.116666666667,15900.116666666667,443.98333333333335,5,{},deviant
104401,Radicar Solicitud Homologacion,2016-02-12 07:23:59,2016-02-12 07:40:44,2016-02-12 07:40:44,19019,91,0.10231854838709678,0,2,7,2,15916.866666666667,16.75,460.73333333333335,5,{},deviant
104001,Cancelar Solicitud,2016-02-11 22:03:31,2016-02-12 06:36:55,2016-02-12 07:43:24,6767,88,0.26537298387096775,0,3,6,2,15853.05,513.4,396.9166666666667,5,{},deviant
103801,Homologacion por grupo de cursos,2016-02-12 06:42:21,2016-02-12 06:42:25,2016-02-12 07:46:25,7080,90,0.5632560483870968,0,5,6,2,15858.55,0.55,402.4166666666667,5,{},deviant
103801,Evaluacion curso,2016-02-12 07:46:25,2016-02-12 07:46:29,2016-02-12 08:22:33,659,91,0.07787298387096774,0,6,7,2,15922.616666666667,64.06666666666666,466.48333333333335,5,{},deviant
103801,Validar solicitud / pre-homologacion,2016-02-12 08:22:33,2016-02-12 08:22:37,2016-02-12 08:50:02,7080,91,0.012852822580645162,0,7,8,2,15958.75,36.13333333333333,502.6166666666667,5,{},deviant
102253,Validacion final,2016-02-12 07:05:27,2016-02-12 08:51:44,2016-02-12 08:51:44,7080,90,0.010080645161290322,0,8,8,2,15987.866666666667,175.15,531.7333333333333,5,{},regular
104102,Revisar curso,2016-02-12 06:39:07,2016-02-12 07:19:21,2016-02-12 09:09:03,241,90,0.04788306451612903,0,4,7,2,15895.483333333334,127.66666666666667,439.35,5,{},regular
47_CF,Validar solicitud / pre-homologacion,2016-02-11 22:14:54,2016-02-12 09:21:32,2016-02-12 09:23:26,19019,88,0.012852822580645162,0,7,9,2,16017.666666666666,667.5666666666667,561.5333333333333,5,{},regular
103452,Revisar curso,2016-02-12 04:09:16,2016-02-12 08:27:24,2016-02-12 09:43:24,26757,89,0.04788306451612903,0,4,8,2,15963.533333333333,298.1333333333333,507.4,5,{},regular
102253,Transferir Creditos,2016-02-12 08:51:44,2016-02-12 09:50:21,2016-02-12 09:50:21,6889,90,0.0005040322580645161,0,9,9,2,16046.483333333334,58.61666666666667,590.35,5,{},regular
104452,Traer informacion estudiante - banner,2016-02-12 10:04:50,2016-02-12 10:04:50,2016-02-12 10:04:50,11469,90,0.0,0,1,10,2,16060.966666666667,16060.966666666667,604.8333333333334,5,{},deviant
104054,Revisar curso,2016-02-12 06:06:05,2016-02-12 09:43:24,2016-02-12 10:12:07,26757,90,0.04788306451612903,0,4,8,2,15988.016666666666,253.8,531.8833333333333,5,{},deviant
102401,Homologacion por grupo de cursos,2016-02-11 16:18:14,2016-02-12 09:25:43,2016-02-12 10:27:20,3445,88,0.5632560483870968,0,5,9,2,16021.85,1082.4333333333334,565.7166666666667,5,{},regular
104054,Homologacion por grupo de cursos,2016-02-12 10:12:07,2016-02-12 10:12:11,2016-02-12 10:44:11,22404,90,0.5632560483870968,0,5,10,2,16068.316666666668,80.3,612.1833333333333,5,{},deviant
104054,Evaluacion curso,2016-02-12 10:44:11,2016-02-12 10:44:15,2016-02-12 10:44:31,26757,90,0.07787298387096774,0,6,10,2,16100.383333333333,32.06666666666667,644.25,5,{},deviant
104054,Validar solicitud / pre-homologacion,2016-02-12 10:44:31,2016-02-12 10:44:35,2016-02-12 10:47:35,22404,90,0.012852822580645162,0,7,10,2,16100.716666666667,0.3333333333333333,644.5833333333334,5,{},deviant
104101,Revisar curso,2016-02-12 07:12:08,2016-02-12 09:09:03,2016-02-12 10:58:44,241,90,0.04788306451612903,0,4,8,2,15952.083333333334,160.33333333333334,495.95,5,{},regular
104452,Radicar Solicitud Homologacion,2016-02-12 10:04:50,2016-02-12 11:10:33,2016-02-12 11:10:33,11469,90,0.10231854838709678,0,2,11,2,16126.683333333332,65.71666666666667,670.55,5,{},deviant
104206,Validar solicitud,2016-02-12 04:54:58,2016-02-12 11:16:42,2016-02-12 11:19:53,22475,90,0.24168346774193547,0,3,11,2,16132.833333333334,381.73333333333335,676.7,5,{},deviant
104102,Homologacion por grupo de cursos,2016-02-12 09:09:03,2016-02-12 09:09:07,2016-02-12 11:24:22,4560,90,0.5632560483870968,0,5,9,2,16005.25,109.76666666666667,549.1166666666667,5,{},regular
104651,Traer informacion estudiante - banner,2016-02-12 11:30:16,2016-02-12 11:30:16,2016-02-12 11:30:16,8416,90,0.0,0,1,11,2,16146.4,16146.4,690.2666666666667,5,{},deviant
104102,Evaluacion curso,2016-02-12 11:24:22,2016-02-12 11:24:26,2016-02-12 11:31:31,241,89,0.07787298387096774,0,6,11,2,16140.566666666668,135.31666666666666,684.4333333333333,5,{},regular
104102,Validacion final,2016-02-12 11:31:31,2016-02-12 11:31:35,2016-02-12 11:33:44,22404,90,0.010080645161290322,0,7,11,2,16147.716666666667,7.15,691.5833333333334,5,{},regular
104651,Radicar Solicitud Homologacion,2016-02-12 11:30:16,2016-02-12 12:20:00,2016-02-12 12:20:00,8416,90,0.10231854838709678,0,2,12,2,16196.133333333333,49.733333333333334,740.0,5,{},deviant
103452,Homologacion por grupo de cursos,2016-02-12 09:43:24,2016-02-12 11:24:22,2016-02-12 13:32:40,4560,90,0.5632560483870968,0,5,10,2,16061.016666666666,97.48333333333333,604.8833333333333,5,{},regular
103452,Evaluacion curso,2016-02-12 13:32:40,2016-02-12 13:32:44,2016-02-12 13:33:00,26757,90,0.07787298387096774,0,6,13,2,16268.866666666667,207.85,812.7333333333333,5,{},regular
103452,Validacion final,2016-02-12 13:33:00,2016-02-12 13:33:04,2016-02-12 13:36:47,22404,90,0.010080645161290322,0,7,13,2,16269.2,0.3333333333333333,813.0666666666667,5,{},regular
104701,Traer informacion estudiante - banner,2016-02-12 13:46:57,2016-02-12 13:46:57,2016-02-12 13:46:57,8416,91,0.0,0,1,13,2,16283.083333333334,16283.083333333334,826.95,5,{},deviant
104701,Radicar Solicitud Homologacion,2016-02-12 13:46:57,2016-02-12 13:47:01,2016-02-12 13:47:01,8416,91,0.10231854838709678,0,2,13,2,16283.15,0.06666666666666667,827.0166666666667,5,{},deviant
102354,Homologacion por grupo de cursos,2016-02-12 04:47:22,2016-02-12 12:44:39,2016-02-12 14:45:48,1,90,0.5632560483870968,0,6,12,2,16220.783333333333,501.35,764.65,5,{},regular
104701,Cancelar Solicitud,2016-02-12 13:47:01,2016-02-12 13:47:05,2016-02-12 15:00:03,677,91,0.26537298387096775,0,3,13,2,16283.216666666667,0.06666666666666667,827.0833333333334,5,{},deviant
104751,Traer informacion estudiante - banner,2016-02-12 15:40:13,2016-02-12 15:40:13,2016-02-12 15:40:13,26344,92,0.0,0,1,15,2,16396.35,16396.35,940.2166666666667,5,{},regular
104101,Homologacion por grupo de cursos,2016-02-12 10:58:44,2016-02-12 13:32:40,2016-02-12 15:47:56,4560,89,0.5632560483870968,1,5,10,2,16114.933333333332,162.85,658.8,5,{},regular
104101,Evaluacion curso,2016-02-12 15:47:56,2016-02-12 15:48:00,2016-02-12 15:55:06,241,92,0.07787298387096774,0,6,15,2,16404.133333333335,289.2,948.0,5,{},regular
104101,Validacion final,2016-02-12 15:55:06,2016-02-12 15:55:10,2016-02-12 15:57:21,22404,92,0.010080645161290322,0,7,15,2,16411.3,7.166666666666667,955.1666666666666,5,{},regular
104102,Visto Bueno Cierre Proceso,2016-02-12 11:33:44,2016-02-12 15:47:56,2016-02-12 16:04:14,4560,90,0.03276209677419355,1,8,11,2,16149.933333333332,2.216666666666667,693.8,5,{},regular
102361,Revisar curso,2016-02-11 03:15:02,2016-02-12 16:18:58,2016-02-12 16:18:58,677,96,0.04788306451612903,0,4,16,2,16435.1,2223.9333333333334,978.9666666666667,5,{},regular
104751,Radicar Solicitud Homologacion,2016-02-12 15:40:13,2016-02-12 16:25:50,2016-02-12 16:25:50,26344,92,0.10231854838709678,0,2,16,2,16441.966666666667,45.61666666666667,985.8333333333334,5,{},regular
103452,Visto Bueno Cierre Proceso,2016-02-12 13:36:47,2016-02-12 16:04:14,2016-02-12 16:52:32,4560,90,0.03276209677419355,1,8,13,2,16272.983333333334,3.783333333333333,816.85,5,{},regular
104101,Visto Bueno Cierre Proceso,2016-02-12 15:57:21,2016-02-12 16:52:32,2016-02-12 17:08:49,4560,92,0.03276209677419355,1,8,15,2,16413.55,2.25,957.4166666666666,5,{},regular
104102,Transferir Creditos,2016-02-12 16:04:14,2016-02-12 17:08:49,2016-02-12 17:08:49,4560,92,0.0005040322580645161,2,9,16,2,16420.433333333334,270.5,964.3,5,{},regular
103452,Transferir Creditos,2016-02-12 16:52:32,2016-02-12 17:08:49,2016-02-12 17:08:49,4560,92,0.0005040322580645161,2,9,16,2,16468.733333333334,195.75,1012.6,5,{},regular
104101,Transferir Creditos,2016-02-12 17:08:49,2016-02-12 17:08:53,2016-02-12 17:08:53,4560,92,0.0005040322580645161,2,9,17,2,16485.016666666666,71.46666666666667,1028.8833333333334,5,{},regular
104753,Traer informacion estudiante - banner,2016-02-12 17:34:15,2016-02-12 17:34:15,2016-02-12 17:34:15,8033,90,0.0,0,1,17,2,16510.383333333335,16510.383333333335,1054.25,5,{},deviant
104753,Radicar Solicitud Homologacion,2016-02-12 17:34:15,2016-02-12 18:04:03,2016-02-12 18:04:03,8033,90,0.10231854838709678,0,2,18,2,16540.183333333334,29.8,1084.05,5,{},deviant
102401,Evaluacion curso,2016-02-12 10:27:20,2016-02-12 18:32:43,2016-02-12 18:33:32,26757,90,0.07787298387096774,0,6,18,2,16568.85,547.0,1112.7166666666667,5,{},regular
102360,Revisar curso,2016-02-11 02:52:48,2016-02-12 19:28:55,2016-02-12 19:28:57,241,97,0.04788306451612903,0,4,19,2,16625.05,2459.05,1168.9166666666667,5,{},regular
102354,Validacion final,2016-02-12 14:45:48,2016-02-12 19:52:14,2016-02-12 19:52:14,448,91,0.010080645161290322,0,7,19,2,16648.366666666665,427.5833333333333,1192.2333333333333,5,{},regular
102351,Notificacion estudiante cancelacion soli,2016-02-09 14:52:56,2016-02-12 19:52:21,2016-02-12 19:52:21,22475,88,0.0,0,3,19,2,16648.483333333334,4623.783333333334,1192.35,5,{},deviant
104206,Revisar curso,2016-02-12 11:19:53,2016-02-12 20:04:18,2016-02-12 20:04:19,22475,89,0.04788306451612903,0,4,20,2,16660.433333333334,527.6,1204.3,5,{},deviant
104206,Homologacion por grupo de cursos,2016-02-12 20:04:19,2016-02-12 20:04:23,2016-02-12 20:46:26,22475,90,0.5632560483870968,0,5,20,2,16660.516666666666,0.08333333333333333,1204.3833333333334,5,{},deviant
104803,Traer informacion estudiante - banner,2016-02-12 21:09:58,2016-02-12 21:09:58,2016-02-12 21:09:58,1515,91,0.0,0,1,21,2,16726.1,16726.1,1269.9666666666667,5,{},regular
104803,Radicar Solicitud Homologacion,2016-02-12 21:09:58,2016-02-12 21:19:08,2016-02-12 21:19:27,1515,91,0.10231854838709678,0,2,21,2,16735.266666666666,9.166666666666666,1279.1333333333334,5,{},regular
104206,Evaluacion curso,2016-02-12 20:46:26,2016-02-12 20:46:30,2016-02-12 21:30:30,22438,90,0.07787298387096774,0,6,20,2,16702.633333333335,42.11666666666667,1246.5,5,{},deviant
104206,Validar solicitud / pre-homologacion,2016-02-12 21:30:30,2016-02-12 21:30:34,2016-02-12 21:30:34,22475,91,0.012852822580645162,0,7,21,2,16746.7,44.06666666666667,1290.5666666666666,5,{},deviant
104901,Traer informacion estudiante - banner,2016-02-12 21:40:20,2016-02-12 21:40:20,2016-02-12 21:40:20,4126,91,0.0,0,1,21,2,16756.466666666667,16756.466666666667,1300.3333333333333,5,{},deviant
102354,Visto Bueno Cierre Proceso,2016-02-12 19:52:14,2016-02-12 21:40:06,2016-02-12 21:42:30,7177,90,0.03276209677419355,0,8,21,2,16756.233333333334,107.86666666666666,1300.1,5,{},regular
104901,Radicar Solicitud Homologacion,2016-02-12 21:40:20,2016-02-12 22:21:24,2016-02-12 22:29:05,4126,91,0.10231854838709678,0,2,22,2,16797.533333333333,41.06666666666667,1341.4,5,{},deviant
104805,Traer informacion estudiante - banner,2016-02-12 22:39:53,2016-02-12 22:39:53,2016-02-12 22:39:53,2091,92,0.0,0,1,22,2,16816.016666666666,16816.016666666666,1359.8833333333334,5,{},deviant
104805,Radicar Solicitud Homologacion,2016-02-12 22:39:53,2016-02-12 22:39:57,2016-02-12 22:39:57,2091,92,0.10231854838709678,0,2,22,2,16816.083333333332,0.06666666666666667,1359.95,5,{},deviant
102311,Evaluacion curso,2016-02-11 17:44:25,2016-02-12 15:01:16,2016-02-12 22:55:49,19019,88,0.07787298387096774,0,5,15,2,16357.4,1276.85,901.2666666666667,5,{},deviant
104805,Cancelar Solicitud,2016-02-12 22:39:57,2016-02-12 22:40:01,2016-02-12 22:56:01,18929,92,0.26537298387096775,0,3,22,2,16816.15,0.06666666666666667,1360.0166666666667,5,{},deviant
104805,Notificacion estudiante cancelacion soli,2016-02-12 22:56:01,2016-02-12 22:56:05,2016-02-12 22:56:05,18929,92,0.0,0,4,22,2,16832.216666666667,16.066666666666666,1376.0833333333333,5,{},deviant
102401,Validacion final,2016-02-12 18:33:32,2016-02-12 23:11:01,2016-02-12 23:14:46,677,90,0.010080645161290322,0,7,23,2,16847.15,278.3,1391.0166666666667,5,{},regular
104803,Validar solicitud,2016-02-12 21:19:27,2016-02-12 21:26:27,2016-02-12 23:16:03,1707,91,0.24168346774193547,0,3,21,2,16742.583333333332,7.316666666666666,1286.45,5,{},regular
104807,Traer informacion estudiante - banner,2016-02-12 23:52:02,2016-02-12 23:52:02,2016-02-12 23:52:02,15315,92,0.0,0,1,23,2,16888.166666666668,16888.166666666668,1432.0333333333333,5,{},deviant
104807,Radicar Solicitud Homologacion,2016-02-12 23:52:02,2016-02-12 23:52:06,2016-02-12 23:53:39,15315,92,0.10231854838709678,0,2,23,2,16888.233333333334,0.06666666666666667,1432.1,5,{},deviant
102354,Transferir Creditos,2016-02-12 21:42:30,2016-02-12 22:23:31,2016-02-12 23:58:09,1,91,0.0005040322580645161,0,9,22,2,16799.65,43.416666666666664,1343.5166666666667,5,{},regular
104807,Cancelar Solicitud,2016-02-12 23:53:39,2016-02-12 23:53:43,2016-02-13 00:21:11,6694,92,0.26537298387096775,0,3,23,2,16889.85,1.6166666666666667,1433.7166666666667,5,{},deviant
102401,Visto Bueno Cierre Proceso,2016-02-12 23:14:46,2016-02-13 00:35:11,2016-02-13 00:37:14,3445,91,0.03276209677419355,0,8,0,2,16931.316666666666,84.16666666666667,35.18333333333333,6,{},regular
104803,Revisar curso,2016-02-12 23:16:03,2016-02-12 23:16:07,2016-02-13 00:45:01,1707,91,0.04788306451612903,0,4,23,2,16852.25,109.66666666666667,1396.1166666666666,5,{},regular
82503,Notificacion estudiante cancelacion soli,2016-02-05 08:14:36,2016-02-13 01:03:47,2016-02-13 01:03:47,8528,66,0.0,0,4,1,2,16959.916666666668,11089.366666666667,63.78333333333333,6,{},deviant
104401,Notificacion estudiante cancelacion soli,2016-02-12 07:40:44,2016-02-13 01:12:25,2016-02-13 01:12:25,1,91,0.0,0,3,1,2,16968.55,1051.6833333333334,72.41666666666667,6,{},deviant
104351,Validar solicitud,2016-02-12 06:01:25,2016-02-12 22:55:49,2016-02-13 01:30:03,19019,90,0.24168346774193547,0,3,16,2,16434.75,617.2,978.6166666666667,5,{},regular
104452,Validar solicitud,2016-02-12 11:10:33,2016-02-13 01:30:03,2016-02-13 01:34:03,19019,89,0.24168346774193547,0,3,21,2,16761.866666666665,635.1833333333333,1305.7333333333333,5,{},deviant
104901,Revisar curso,2016-02-12 22:29:05,2016-02-13 01:34:03,2016-02-13 01:34:10,19019,91,0.04788306451612903,2,3,22,2,16805.283333333333,7.75,1349.15,5,{},deviant
105252,Traer informacion estudiante - banner,2016-02-13 00:31:40,2016-02-13 01:34:10,2016-02-13 01:34:10,19019,92,0.0,2,1,0,2,16927.8,16927.8,31.666666666666668,6,{},regular
102401,Transferir Creditos,2016-02-13 00:37:14,2016-02-13 01:36:39,2016-02-13 01:36:39,3445,92,0.0005040322580645161,0,9,1,2,16992.783333333333,61.46666666666667,96.65,6,{},regular
50_CF,Cancelar Solicitud,2016-02-06 07:43:37,2016-02-13 01:47:38,2016-02-13 01:47:38,12532,75,0.26537298387096775,0,4,1,2,17003.766666666666,9725.65,107.63333333333334,6,{},regular
104202,Cancelar Solicitud,2016-02-12 01:33:02,2016-02-13 01:48:35,2016-02-13 01:53:18,669,90,0.26537298387096775,0,3,1,2,17004.716666666667,1455.55,108.58333333333333,6,{},deviant
101251,Notificacion estudiante cancelacion soli,2016-02-07 12:17:35,2016-02-13 01:57:34,2016-02-13 01:57:34,25141,82,0.0,0,4,1,2,17013.7,8263.983333333334,117.56666666666666,6,{},deviant
101451,Notificacion estudiante cancelacion soli,2016-02-08 13:53:53,2016-02-13 02:12:27,2016-02-13 02:12:27,241,86,0.0,0,4,2,2,17028.583333333332,6537.45,132.45,6,{},deviant
102405,Cancelar Solicitud,2016-02-09 20:05:51,2016-02-13 00:30:19,2016-02-13 02:14:19,22404,92,0.26537298387096775,0,3,0,2,16926.45,4585.066666666667,30.316666666666666,6,{},deviant
105202,Notificacion estudiante cancelacion soli,2016-02-13 02:22:19,2016-02-13 02:22:19,2016-02-13 02:22:19,8121,88,0.0,0,1,2,2,17038.45,17038.45,142.31666666666666,6,{},deviant
104751,Validar solicitud,2016-02-12 16:25:50,2016-02-13 02:39:27,2016-02-13 02:47:38,294,92,0.24168346774193547,0,3,2,2,17055.583333333332,613.6166666666667,159.45,6,{},regular
104753,Radicar Solicitud Homologacion,2016-02-12 18:04:03,2016-02-13 03:08:33,2016-02-13 03:18:14,8033,90,0.10231854838709678,0,3,3,2,17084.683333333334,544.5,188.55,6,{},deviant
102362,Cancelar Solicitud,2016-02-09 23:56:16,2016-02-13 03:38:26,2016-02-13 03:38:26,677,94,0.26537298387096775,0,3,3,2,17114.566666666666,4542.166666666667,218.43333333333334,6,{},deviant
100954,Notificacion estudiante cancelacion soli,2016-02-07 06:13:09,2016-02-13 03:45:49,2016-02-13 03:45:49,22475,83,0.0,0,4,3,2,17121.95,8492.683333333332,225.81666666666666,6,{},deviant
105253,Traer informacion estudiante - banner,2016-02-13 04:11:49,2016-02-13 04:11:49,2016-02-13 04:11:49,8121,88,0.0,0,1,4,2,17147.95,17147.95,251.81666666666666,6,{},deviant
105252,Radicar Solicitud Homologacion,2016-02-13 01:34:10,2016-02-13 04:13:30,2016-02-13 04:16:11,19019,90,0.10231854838709678,0,2,4,2,17149.633333333335,221.83333333333334,253.5,6,{},regular
104803,Homologacion por grupo de cursos,2016-02-13 00:45:01,2016-02-13 00:45:05,2016-02-13 07:11:50,15930,92,0.5632560483870968,0,5,0,2,16941.216666666667,88.96666666666667,45.083333333333336,6,{},regular
105205,Traer informacion estudiante - banner,2016-02-13 07:23:18,2016-02-13 07:23:18,2016-02-13 07:23:18,8064,89,0.0,0,1,7,2,17339.433333333334,17339.433333333334,443.3,6,{},deviant
101203,Notificacion estudiante cancelacion soli,2016-02-06 21:39:53,2016-02-13 07:54:18,2016-02-13 07:54:18,241,80,0.0,1,4,7,2,17370.433333333334,9292.466666666667,474.3,6,{},deviant
105253,Radicar Solicitud Homologacion,2016-02-13 04:11:49,2016-02-13 08:25:18,2016-02-13 08:25:30,8121,88,0.10231854838709678,0,2,8,2,17401.433333333334,253.48333333333332,505.3,6,{},deviant
105205,Radicar Solicitud Homologacion,2016-02-13 07:23:18,2016-02-13 09:02:33,2016-02-13 09:02:38,8064,89,0.10231854838709678,0,2,9,2,17438.683333333334,99.25,542.55,6,{},deviant
104701,Notificacion estudiante cancelacion soli,2016-02-12 15:00:03,2016-02-13 09:43:42,2016-02-13 09:43:42,677,91,0.0,0,4,9,2,17479.833333333332,1196.6166666666666,583.7,6,{},deviant
101202,Notificacion estudiante cancelacion soli,2016-02-06 22:18:05,2016-02-13 09:51:08,2016-02-13 09:51:08,241,80,0.0,0,4,9,2,17487.266666666666,9406.783333333333,591.1333333333333,6,{},deviant
47_CF,Notificacion estudiante cancelacion soli,2016-02-12 09:23:26,2016-02-13 11:28:31,2016-02-13 11:29:12,12532,90,0.0,0,8,11,2,17584.65,1566.9833333333333,688.5166666666667,6,{},regular
105202,Traer informacion estudiante - banner,2016-02-13 02:22:19,2016-02-13 11:51:23,2016-02-13 11:51:23,8121,88,0.0,0,2,11,2,17607.516666666666,569.0666666666667,711.3833333333333,6,{},deviant
104803,Evaluacion curso,2016-02-13 07:11:50,2016-02-13 07:11:54,2016-02-13 11:58:59,19019,88,0.07787298387096774,0,6,7,2,17328.033333333333,386.81666666666666,431.9,6,{},regular
101452,Notificacion estudiante cancelacion soli,2016-02-08 16:21:31,2016-02-13 12:15:38,2016-02-13 12:15:38,241,86,0.0,0,4,12,2,17631.766666666666,6993.016666666666,735.6333333333333,6,{},deviant
104901,Homologacion por grupo de cursos,2016-02-13 01:34:10,2016-02-13 11:58:59,2016-02-13 12:49:41,19019,90,0.5632560483870968,1,4,8,2,17434.433333333334,629.15,538.3,6,{},deviant
102311,Homologacion por grupo de cursos,2016-02-12 22:55:49,2016-02-13 04:54:57,2016-02-13 12:52:02,22491,92,0.5632560483870968,0,6,4,2,17191.083333333332,833.6833333333333,294.95,6,{},deviant
101002,Notificacion estudiante cancelacion soli,2016-02-07 12:52:38,2016-02-13 13:03:15,2016-02-13 13:03:15,6400,83,0.0,0,4,13,2,17679.383333333335,8758.116666666667,783.25,6,{},deviant
104803,Validacion final,2016-02-13 11:58:59,2016-02-13 13:30:22,2016-02-13 13:30:22,1707,85,0.010080645161290322,0,7,13,2,17706.5,378.46666666666664,810.3666666666667,6,{},regular
105207,Traer informacion estudiante - banner,2016-02-13 14:05:01,2016-02-13 14:05:01,2016-02-13 14:05:01,7641,84,0.0,0,1,14,2,17741.15,17741.15,845.0166666666667,6,{},deviant
104807,Notificacion estudiante cancelacion soli,2016-02-13 00:21:11,2016-02-13 15:01:05,2016-02-13 15:01:05,6694,91,0.0,0,4,15,2,17797.216666666667,907.3666666666667,901.0833333333334,6,{},deviant
105301,Traer informacion estudiante - banner,2016-02-13 15:17:37,2016-02-13 15:17:37,2016-02-13 15:17:37,19019,84,0.0,0,1,15,2,17813.75,17813.75,917.6166666666667,6,{},deviant
103054,Notificacion estudiante cancelacion soli,2016-02-12 00:43:05,2016-02-13 15:34:01,2016-02-13 15:34:01,19019,89,0.0,0,4,15,2,17830.15,2335.5833333333335,934.0166666666667,6,{},deviant
104803,Visto Bueno Cierre Proceso,2016-02-13 13:30:22,2016-02-13 15:28:45,2016-02-13 15:39:30,15930,83,0.03276209677419355,0,8,15,2,17824.883333333335,118.38333333333334,928.75,6,{},regular
102361,Evaluacion curso,2016-02-12 16:18:58,2016-02-13 15:44:02,2016-02-13 15:44:02,6995,92,0.07787298387096774,0,5,15,2,17840.166666666668,1405.0666666666666,944.0333333333333,6,{},regular
102257,Revisar curso,2016-02-11 08:26:51,2016-02-13 16:23:58,2016-02-13 16:23:58,677,89,0.04788306451612903,0,4,16,2,17880.1,3362.5,983.9666666666667,6,{},regular
105401,Traer informacion estudiante - banner,2016-02-13 16:33:37,2016-02-13 16:33:37,2016-02-13 16:33:37,26759,83,0.0,0,1,16,2,17889.75,17889.75,993.6166666666667,6,{},deviant
105207,Radicar Solicitud Homologacion,2016-02-13 14:05:01,2016-02-13 17:49:29,2016-02-13 17:59:51,7641,84,0.10231854838709678,0,2,17,2,17965.616666666665,224.46666666666667,1069.4833333333333,6,{},deviant
101551,Homologacion por grupo de cursos,2016-02-09 01:07:06,2016-02-13 18:00:15,2016-02-13 18:00:15,19019,89,0.5632560483870968,0,4,18,2,17976.383333333335,6819.7,1080.25,6,{},deviant
102652,Notificacion estudiante cancelacion soli,2016-02-11 00:21:31,2016-02-13 18:35:24,2016-02-13 18:35:24,5506,98,0.0,0,4,18,2,18011.533333333333,3976.6833333333334,1115.4,6,{},deviant
102360,Evaluacion curso,2016-02-12 19:28:57,2016-02-13 18:04:01,2016-02-13 18:56:59,6979,90,0.07787298387096774,0,5,18,2,17980.15,1355.1,1084.0166666666667,6,{},regular
105301,Radicar Solicitud Homologacion,2016-02-13 15:17:37,2016-02-13 19:02:05,2016-02-13 19:02:07,19019,84,0.10231854838709678,0,2,19,2,18038.216666666667,224.46666666666667,1142.0833333333333,6,{},deviant
102311,Validar solicitud / pre-homologacion,2016-02-13 12:52:02,2016-02-13 19:22:52,2016-02-13 19:25:24,22491,84,0.012852822580645162,0,7,19,2,18059.0,867.9166666666666,1162.8666666666666,6,{},deviant
101552,Homologacion por grupo de cursos,2016-02-09 01:53:30,2016-02-13 20:28:46,2016-02-13 20:28:46,19019,90,0.5632560483870968,0,4,20,2,18124.9,6889.666666666667,1228.7666666666667,6,{},deviant
105401,Radicar Solicitud Homologacion,2016-02-13 16:33:37,2016-02-13 20:26:22,2016-02-13 20:50:22,26759,83,0.10231854838709678,0,2,20,2,18122.5,232.75,1226.3666666666666,6,{},deviant
104001,Notificacion estudiante cancelacion soli,2016-02-12 07:43:24,2016-02-13 21:15:19,2016-02-13 21:15:19,6767,91,0.0,0,4,21,2,18171.45,2318.4,1275.3166666666666,6,{},deviant
103053,Notificacion estudiante cancelacion soli,2016-02-12 02:35:46,2016-02-13 21:20:32,2016-02-13 21:20:32,11611,90,0.0,0,4,21,2,18176.666666666668,2701.45,1280.5333333333333,6,{},deviant
105451,Validar solicitud,2016-02-13 21:34:49,2016-02-13 21:34:49,2016-02-13 21:37:17,19019,80,0.24168346774193547,0,1,21,2,18190.95,18190.95,1294.8166666666666,6,{},regular
102651,Notificacion estudiante cancelacion soli,2016-02-11 07:30:07,2016-02-14 00:14:40,2016-02-14 00:14:40,5506,89,0.0,0,5,0,2,18350.8,3973.6833333333334,14.666666666666666,7,{},deviant
105451,Traer informacion estudiante - banner,2016-02-13 21:37:17,2016-02-14 00:47:39,2016-02-14 00:47:39,3421,80,0.0,0,2,0,2,18383.783333333333,192.83333333333334,47.65,7,{},regular
103051,Notificacion estudiante cancelacion soli,2016-02-11 23:51:24,2016-02-14 04:56:04,2016-02-14 04:56:04,22475,89,0.0,0,4,4,2,18632.2,3191.633333333333,296.06666666666666,7,{},deviant
104651,Cancelar Solicitud,2016-02-12 12:20:00,2016-02-14 03:43:55,2016-02-14 04:56:52,677,90,0.26537298387096775,0,3,3,2,18560.05,2363.9166666666665,223.91666666666666,7,{},deviant
102252,Notificacion estudiante cancelacion soli,2016-02-10 05:29:12,2016-02-14 07:48:58,2016-02-14 07:48:58,677,91,0.0,0,4,7,2,18805.1,5995.433333333333,468.96666666666664,7,{},deviant
105504,Traer informacion estudiante - banner,2016-02-14 09:52:26,2016-02-14 09:52:26,2016-02-14 09:52:26,3421,78,0.0,0,1,9,2,18928.566666666666,18928.566666666666,592.4333333333333,7,{},deviant
104901,Cancelar curso,2016-02-13 12:49:41,2016-02-14 09:31:34,2016-02-14 10:22:16,19019,84,0.0010080645161290322,0,5,9,2,18907.7,1473.2666666666667,571.5666666666667,7,{},deviant
104901,Validar solicitud,2016-02-14 10:22:16,2016-02-14 10:22:20,2016-02-14 10:22:20,19019,78,0.24168346774193547,0,6,10,2,18958.466666666667,50.766666666666666,622.3333333333334,7,{},deviant
105505,Traer informacion estudiante - banner,2016-02-14 11:32:34,2016-02-14 11:32:34,2016-02-14 11:32:34,3656,78,0.0,0,1,11,2,19028.7,19028.7,692.5666666666667,7,{},regular
105504,Radicar Solicitud Homologacion,2016-02-14 09:52:26,2016-02-14 13:23:05,2016-02-14 13:23:09,3421,78,0.10231854838709678,0,2,13,2,19139.216666666667,210.65,803.0833333333334,7,{},deviant
105451,Radicar Solicitud Homologacion,2016-02-14 00:47:39,2016-02-14 13:32:48,2016-02-14 13:32:48,3421,79,0.10231854838709678,0,3,13,2,19148.933333333334,765.15,812.8,7,{},regular
0_CF,Traer informacion estudiante - banner,2016-02-14 13:50:42,2016-02-14 13:50:42,2016-02-14 13:51:04,3421,79,0.0,0,1,13,2,19166.833333333332,19166.833333333332,830.7,7,{},regular
105505,Radicar Solicitud Homologacion,2016-02-14 11:32:34,2016-02-14 14:55:48,2016-02-14 14:56:06,3656,78,0.10231854838709678,0,2,14,2,19231.933333333334,203.23333333333332,895.8,7,{},regular
44_CF,Traer informacion estudiante - banner,2016-02-14 16:48:29,2016-02-14 16:48:29,2016-02-14 16:48:51,3421,80,0.0,0,1,16,2,19344.616666666665,19344.616666666665,1008.4833333333333,7,{},regular
0_CF,Radicar Solicitud Homologacion,2016-02-14 13:51:04,2016-02-14 17:17:54,2016-02-14 17:31:03,3421,79,0.10231854838709678,0,2,17,2,19374.033333333333,207.2,1037.9,7,{},regular
105205,Cancelar Solicitud,2016-02-13 09:02:38,2016-02-14 16:49:27,2016-02-14 18:07:31,294,88,0.26537298387096775,0,3,16,2,19345.583333333332,1906.9,1009.45,7,{},deviant
105506,Traer informacion estudiante - banner,2016-02-14 19:13:24,2016-02-14 19:13:24,2016-02-14 19:13:24,3421,81,0.0,0,1,19,2,19489.533333333333,19489.533333333333,1153.4,7,{},regular
105651,Traer informacion estudiante - banner,2016-02-14 20:00:03,2016-02-14 20:00:03,2016-02-14 20:00:03,7775,82,0.0,0,1,20,2,19536.183333333334,19536.183333333334,1200.05,7,{},deviant
44_CF,Radicar Solicitud Homologacion,2016-02-14 16:48:51,2016-02-14 20:19:19,2016-02-14 20:31:12,3421,80,0.10231854838709678,0,2,20,2,19555.45,210.83333333333334,1219.3166666666666,7,{},regular
105506,Radicar Solicitud Homologacion,2016-02-14 19:13:24,2016-02-14 22:47:32,2016-02-14 22:47:40,3421,81,0.10231854838709678,0,2,22,2,19703.666666666668,214.13333333333333,1367.5333333333333,7,{},regular
105653,Traer informacion estudiante - banner,2016-02-14 23:09:55,2016-02-14 23:09:55,2016-02-14 23:09:55,7775,83,0.0,0,1,23,2,19726.05,19726.05,1389.9166666666667,7,{},deviant
105651,Radicar Solicitud Homologacion,2016-02-14 20:00:03,2016-02-14 23:37:53,2016-02-14 23:38:03,7775,82,0.10231854838709678,0,2,23,2,19754.016666666666,217.83333333333334,1417.8833333333334,7,{},deviant
105654,Traer informacion estudiante - banner,2016-02-15 00:19:44,2016-02-15 00:19:44,2016-02-15 00:19:44,19019,84,0.0,0,1,0,2,19795.866666666665,19795.866666666665,19.733333333333334,1,{},deviant
105252,Validar solicitud,2016-02-13 04:16:11,2016-02-15 00:24:04,2016-02-15 00:27:19,19019,88,0.24168346774193547,0,3,0,2,19800.2,2650.5666666666666,24.066666666666666,1,{},regular
105755,Traer informacion estudiante - banner,2016-02-15 00:52:03,2016-02-15 00:52:03,2016-02-15 00:52:03,19019,85,0.0,0,1,0,2,19828.183333333334,19828.183333333334,52.05,1,{},regular
105654,Radicar Solicitud Homologacion,2016-02-15 00:19:44,2016-02-15 01:08:31,2016-02-15 01:08:56,19019,84,0.10231854838709678,0,2,1,2,19844.65,48.78333333333333,68.51666666666667,1,{},deviant
105755,Radicar Solicitud Homologacion,2016-02-15 00:52:03,2016-02-15 01:40:55,2016-02-15 01:43:47,19019,85,0.10231854838709678,0,2,1,2,19877.05,48.86666666666667,100.91666666666667,1,{},regular
105906,Radicar Solicitud Homologacion,2016-02-15 01:51:25,2016-02-15 01:51:25,2016-02-15 01:51:25,19019,86,0.10231854838709678,0,1,1,2,19887.55,19887.55,111.41666666666667,1,{},deviant
105653,Radicar Solicitud Homologacion,2016-02-14 23:09:55,2016-02-15 02:51:28,2016-02-15 02:51:36,7775,83,0.10231854838709678,0,2,2,2,19947.6,221.55,171.46666666666667,1,{},deviant
105806,Traer informacion estudiante - banner,2016-02-15 03:17:16,2016-02-15 03:17:16,2016-02-15 03:17:16,11218,86,0.0,0,1,3,2,19973.4,19973.4,197.26666666666668,1,{},deviant
106201,Traer informacion estudiante - banner,2016-02-15 03:56:08,2016-02-15 03:56:08,2016-02-15 03:56:08,8213,87,0.0,0,1,3,2,20012.266666666666,20012.266666666666,236.13333333333333,1,{},regular
105806,Radicar Solicitud Homologacion,2016-02-15 03:17:16,2016-02-15 04:05:09,2016-02-15 04:05:12,11218,86,0.10231854838709678,0,2,4,2,20021.283333333333,47.88333333333333,245.15,1,{},deviant
105654,Validar solicitud,2016-02-15 01:08:56,2016-02-15 03:02:17,2016-02-15 04:30:17,1707,85,0.24168346774193547,0,3,3,2,19958.416666666668,113.76666666666667,182.28333333333333,1,{},deviant
106201,Radicar Solicitud Homologacion,2016-02-15 03:56:08,2016-02-15 04:44:09,2016-02-15 04:44:15,8213,87,0.10231854838709678,0,2,4,2,20060.283333333333,48.016666666666666,284.15,1,{},regular
105253,Validar solicitud,2016-02-13 08:25:30,2016-02-15 01:14:41,2016-02-15 05:02:20,186,88,0.24168346774193547,0,3,1,2,19850.816666666666,2449.383333333333,74.68333333333334,1,{},deviant
105755,Validar solicitud,2016-02-15 01:43:47,2016-02-15 04:30:17,2016-02-15 05:56:45,1707,85,0.24168346774193547,0,3,3,2,19993.516666666666,116.46666666666667,217.38333333333333,1,{},regular
105806,Validar solicitud,2016-02-15 04:05:12,2016-02-15 05:56:52,2016-02-15 05:56:58,19019,87,0.24168346774193547,0,3,5,2,20133.0,111.71666666666667,356.8666666666667,1,{},deviant
102361,Homologacion por grupo de cursos,2016-02-13 15:44:02,2016-02-15 06:16:58,2016-02-15 06:36:58,3445,82,0.5632560483870968,0,6,6,2,20153.1,2312.9333333333334,376.96666666666664,1,{},regular
105252,Revisar curso,2016-02-15 00:27:19,2016-02-15 07:25:48,2016-02-15 07:25:48,19019,84,0.04788306451612903,0,4,7,2,20221.933333333334,421.73333333333335,445.8,1,{},regular
106201,Validar solicitud,2016-02-15 04:44:15,2016-02-15 06:36:45,2016-02-15 07:57:13,1707,87,0.24168346774193547,0,3,6,2,20172.883333333335,112.6,396.75,1,{},regular
105252,Evaluacion curso,2016-02-15 07:25:48,2016-02-15 07:25:52,2016-02-15 08:45:37,19019,87,0.07787298387096774,0,5,7,2,20222.0,0.06666666666666667,445.8666666666667,1,{},regular
105806,Revisar curso,2016-02-15 05:56:58,2016-02-15 08:45:37,2016-02-15 08:45:37,19019,87,0.04788306451612903,0,4,8,2,20279.45,146.45,503.31666666666666,1,{},deviant
105654,Homologacion por grupo de cursos,2016-02-15 04:30:17,2016-02-15 07:57:13,2016-02-15 09:34:25,1707,87,0.5632560483870968,1,4,7,2,20197.516666666666,239.1,421.3833333333333,1,{},deviant
102360,Homologacion por grupo de cursos,2016-02-13 18:56:59,2016-02-15 07:15:03,2016-02-15 09:36:06,6979,82,0.5632560483870968,0,6,7,2,20211.183333333334,2231.0333333333333,435.05,1,{},regular
101803,Revisar curso,2016-02-09 22:26:01,2016-02-15 09:46:06,2016-02-15 09:46:06,677,94,0.04788306451612903,0,4,9,2,20362.233333333334,7890.4,586.1,1,{},regular
105755,Revisar curso,2016-02-15 05:56:45,2016-02-15 09:34:25,2016-02-15 11:01:59,1707,87,0.04788306451612903,0,4,8,2,20280.8,287.28333333333336,504.6666666666667,1,{},regular
106201,Revisar curso,2016-02-15 07:57:13,2016-02-15 11:01:59,2016-02-15 12:29:31,1707,87,0.04788306451612903,1,4,10,2,20415.233333333334,242.35,639.1,1,{},regular
105253,Homologacion por grupo de cursos,2016-02-15 05:02:20,2016-02-15 08:27:41,2016-02-15 12:59:06,26788,87,0.5632560483870968,0,4,8,2,20283.816666666666,433.0,507.68333333333334,1,{},deviant
105207,Validar solicitud,2016-02-13 17:59:51,2016-02-15 09:44:46,2016-02-15 12:59:30,18929,83,0.24168346774193547,0,3,9,2,20360.9,2395.2833333333333,584.7666666666667,1,{},deviant
102361,Validacion final,2016-02-15 06:36:58,2016-02-15 13:45:29,2016-02-15 13:49:29,677,87,0.010080645161290322,0,7,13,2,20601.616666666665,448.51666666666665,825.4833333333333,1,{},regular
104452,Revisar curso,2016-02-13 01:34:03,2016-02-15 12:28:01,2016-02-15 14:20:01,26757,90,0.04788306451612903,0,4,12,2,20524.15,3762.2833333333333,748.0166666666667,1,{},deviant
105654,Cancelar curso,2016-02-15 09:34:25,2016-02-15 12:57:09,2016-02-15 14:34:21,1707,87,0.0010080645161290322,1,5,12,2,20553.283333333333,355.76666666666665,777.15,1,{},deviant
82251,Notificacion estudiante cancelacion soli,2016-02-06 15:10:30,2016-02-15 14:43:06,2016-02-15 14:43:06,8916,76,0.0,0,5,14,2,20659.233333333334,12972.016666666666,883.1,1,{},deviant
106501,Traer informacion estudiante - banner,2016-02-15 15:09:48,2016-02-15 15:09:48,2016-02-15 15:09:48,17769,87,0.0,0,1,15,2,20685.933333333334,20685.933333333334,909.8,1,{},deviant
102361,Visto Bueno Cierre Proceso,2016-02-15 13:49:29,2016-02-15 15:16:24,2016-02-15 15:32:24,3445,87,0.03276209677419355,0,8,15,2,20692.533333333333,90.91666666666667,916.4,1,{},regular
106501,Radicar Solicitud Homologacion,2016-02-15 15:09:48,2016-02-15 16:09:21,2016-02-15 16:09:21,17769,87,0.10231854838709678,0,2,16,2,20745.483333333334,59.55,969.35,1,{},deviant
105252,Recepcion de documentos,2016-02-15 08:45:37,2016-02-15 08:45:41,2016-02-15 16:31:44,19019,87,0.014868951612903226,1,6,8,2,20301.816666666666,79.81666666666666,525.6833333333333,1,{},regular
106202,Traer informacion estudiante - banner,2016-02-15 10:05:19,2016-02-15 16:31:44,2016-02-15 16:31:44,19019,88,0.0,0,1,10,2,20381.45,20381.45,605.3166666666667,1,{},regular
106451,Traer informacion estudiante - banner,2016-02-15 16:37:06,2016-02-15 16:37:06,2016-02-15 16:37:06,1934,87,0.0,0,1,16,2,20773.233333333334,20773.233333333334,997.1,1,{},deviant
105207,Homologacion por grupo de cursos,2016-02-15 12:59:30,2016-02-15 14:02:23,2016-02-15 16:37:46,957,87,0.5632560483870968,0,4,14,2,20618.516666666666,257.6166666666667,842.3833333333333,1,{},deviant
102360,Validacion final,2016-02-15 09:36:06,2016-02-15 17:24:50,2016-02-15 17:25:57,241,87,0.010080645161290322,0,7,17,2,20820.966666666667,609.7833333333333,1044.8333333333333,1,{},regular
104751,Revisar curso,2016-02-13 02:47:38,2016-02-15 14:48:12,2016-02-15 17:48:00,22534,88,0.04788306451612903,0,4,14,2,20664.333333333332,3608.75,888.2,1,{},regular
106451,Radicar Solicitud Homologacion,2016-02-15 16:37:06,2016-02-15 18:00:41,2016-02-15 18:00:41,1934,87,0.10231854838709678,0,2,18,2,20856.816666666666,83.58333333333333,1080.6833333333334,1,{},deviant
106651,Cancelar Solicitud,2016-02-15 19:58:16,2016-02-15 19:58:16,2016-02-15 20:00:02,22475,88,0.26537298387096775,0,1,19,2,20974.4,20974.4,1198.2666666666667,1,{},deviant
102360,Visto Bueno Cierre Proceso,2016-02-15 17:25:57,2016-02-15 19:02:38,2016-02-15 20:29:32,6979,86,0.03276209677419355,0,8,19,2,20918.766666666666,97.8,1142.6333333333334,1,{},regular
106501,Cancelar Solicitud,2016-02-15 16:09:21,2016-02-15 20:36:53,2016-02-15 20:40:53,7080,86,0.26537298387096775,0,3,20,2,21013.016666666666,267.53333333333336,1236.8833333333334,1,{},deviant
106601,Traer informacion estudiante - banner,2016-02-15 21:06:00,2016-02-15 21:06:00,2016-02-15 21:06:00,11342,88,0.0,0,1,21,2,21042.133333333335,21042.133333333335,1266.0,1,{},deviant
106201,Homologacion por grupo de cursos,2016-02-15 12:29:31,2016-02-15 15:22:09,2016-02-15 21:47:32,15930,88,0.5632560483870968,0,5,15,2,20698.283333333333,283.05,922.15,1,{},regular
106601,Radicar Solicitud Homologacion,2016-02-15 21:06:00,2016-02-15 22:16:28,2016-02-15 22:16:28,11342,88,0.10231854838709678,0,2,22,2,21112.6,70.46666666666667,1336.4666666666667,1,{},deviant
106701,Traer informacion estudiante - banner,2016-02-15 23:14:07,2016-02-15 23:14:07,2016-02-15 23:14:07,8651,89,0.0,0,1,23,2,21170.25,21170.25,1394.1166666666666,1,{},deviant
105806,Evaluacion curso,2016-02-15 08:45:37,2016-02-15 16:31:44,2016-02-15 23:53:45,19019,87,0.07787298387096774,0,5,11,2,20448.316666666666,168.86666666666667,672.1833333333333,1,{},deviant
104351,Revisar curso,2016-02-13 01:30:03,2016-02-15 23:53:45,2016-02-15 23:53:46,19019,90,0.04788306451612903,3,4,11,2,20457.316666666666,4022.5666666666666,681.1833333333333,1,{},regular
105451,Revisar curso,2016-02-14 13:32:48,2016-02-15 23:53:46,2016-02-15 23:53:46,19019,78,0.04788306451612903,0,4,13,2,20575.95,1427.0166666666667,799.8166666666667,1,{},regular
106701,Radicar Solicitud Homologacion,2016-02-15 23:14:07,2016-02-16 00:14:38,2016-02-16 00:14:38,8651,89,0.10231854838709678,0,2,0,2,21230.766666666666,60.516666666666666,14.633333333333333,2,{},deviant
105252,Homologacion por grupo de cursos,2016-02-15 16:31:44,2016-02-15 16:31:48,2016-02-16 00:27:16,1007,86,0.5632560483870968,0,7,16,2,20767.933333333334,466.1166666666667,991.8,1,{},regular
106851,Traer informacion estudiante - banner,2016-02-16 00:59:19,2016-02-16 00:59:19,2016-02-16 00:59:19,22829,90,0.0,0,1,0,2,21275.45,21275.45,59.31666666666667,2,{},regular
106851,Radicar Solicitud Homologacion,2016-02-16 00:59:19,2016-02-16 02:31:51,2016-02-16 02:34:34,22829,90,0.10231854838709678,0,2,2,2,21367.983333333334,92.53333333333333,151.85,2,{},regular
105755,Recepcion de documentos,2016-02-15 11:01:59,2016-02-15 23:53:46,2016-02-16 03:31:36,19019,88,0.014868951612903226,1,5,13,2,20602.416666666668,321.6166666666667,826.2833333333333,1,{},regular
106203,Traer informacion estudiante - banner,2016-02-15 14:11:14,2016-02-16 03:31:36,2016-02-16 03:31:36,19019,88,0.0,5,1,14,2,20627.366666666665,20627.366666666665,851.2333333333333,1,{},regular
106202,Radicar Solicitud Homologacion,2016-02-15 16:31:44,2016-02-16 03:31:36,2016-02-16 03:32:07,19019,86,0.10231854838709678,5,2,17,2,20832.216666666667,450.76666666666665,1056.0833333333333,1,{},regular
106551,Traer informacion estudiante - banner,2016-02-15 18:00:36,2016-02-16 03:32:07,2016-02-16 03:32:07,19019,87,0.0,5,1,18,2,20856.733333333334,20856.733333333334,1080.6,1,{},regular
106953,Traer informacion estudiante - banner,2016-02-16 04:49:52,2016-02-16 04:49:52,2016-02-16 04:49:52,7573,92,0.0,0,1,4,2,21506.0,21506.0,289.8666666666667,2,{},deviant
104751,Homologacion por grupo de cursos,2016-02-15 17:48:00,2016-02-16 01:38:19,2016-02-16 05:26:07,7311,86,0.5632560483870968,0,5,1,2,21314.45,650.1166666666667,98.31666666666666,2,{},regular
104452,Homologacion por grupo de cursos,2016-02-15 14:20:01,2016-02-16 03:32:07,2016-02-16 05:30:26,19019,88,0.5632560483870968,6,5,21,2,21088.35,564.2,1312.2166666666667,1,{},deviant
106451,Validar solicitud,2016-02-15 18:00:41,2016-02-16 05:30:26,2016-02-16 05:30:32,19019,87,0.24168346774193547,6,3,22,2,21110.633333333335,253.81666666666666,1334.5,1,{},deviant
106651,Traer informacion estudiante - banner,2016-02-15 20:00:02,2016-02-16 05:30:32,2016-02-16 05:30:32,19019,88,0.0,6,2,22,2,21125.35,150.95,1349.2166666666667,1,{},deviant
104452,Evaluacion curso,2016-02-16 05:30:26,2016-02-16 05:30:30,2016-02-16 05:31:05,26757,92,0.07787298387096774,0,6,5,2,21546.633333333335,458.28333333333336,330.5,2,{},deviant
105202,Radicar Solicitud Homologacion,2016-02-13 11:51:23,2016-02-16 05:42:18,2016-02-16 05:42:34,8121,85,0.10231854838709678,0,3,5,2,21558.433333333334,3950.9166666666665,342.3,2,{},deviant
105301,Notificacion estudiante cancelacion soli,2016-02-13 19:02:07,2016-02-16 05:44:59,2016-02-16 05:44:59,1,82,0.0,0,3,5,2,21561.116666666665,3522.9,344.98333333333335,2,{},deviant
104751,Evaluacion curso,2016-02-16 05:26:07,2016-02-16 05:26:11,2016-02-16 05:56:12,22534,92,0.07787298387096774,0,6,5,2,21542.316666666666,227.86666666666667,326.18333333333334,2,{},regular
104751,Validacion final,2016-02-16 05:56:12,2016-02-16 05:56:16,2016-02-16 06:04:05,294,91,0.010080645161290322,0,7,5,2,21572.4,30.083333333333332,356.26666666666665,2,{},regular
104351,Revisar curso,2016-02-15 23:53:46,2016-02-16 06:01:45,2016-02-16 06:06:39,49,89,0.04788306451612903,0,5,6,2,21577.883333333335,1120.5666666666666,361.75,2,{},regular
104751,Visto Bueno Cierre Proceso,2016-02-16 06:04:05,2016-02-16 06:04:09,2016-02-16 06:14:18,7311,91,0.03276209677419355,0,8,6,2,21580.283333333333,7.883333333333334,364.15,2,{},regular
104751,Transferir Creditos,2016-02-16 06:14:18,2016-02-16 06:14:22,2016-02-16 06:14:22,7311,91,0.0005040322580645161,0,9,6,2,21590.5,10.216666666666667,374.3666666666667,2,{},regular
106953,Radicar Solicitud Homologacion,2016-02-16 04:49:52,2016-02-16 07:21:26,2016-02-16 07:21:30,7573,92,0.10231854838709678,0,2,7,2,21657.566666666666,151.56666666666666,441.43333333333334,2,{},deviant
106601,Cancelar Solicitud,2016-02-15 22:16:28,2016-02-16 05:39:24,2016-02-16 08:02:06,18929,88,0.26537298387096775,0,3,5,2,21555.533333333333,442.93333333333334,339.4,2,{},deviant
105401,Cancelar Solicitud,2016-02-13 20:50:22,2016-02-16 07:38:57,2016-02-16 08:26:57,22404,81,0.26537298387096775,0,3,7,2,21675.083333333332,3552.5833333333335,458.95,2,{},deviant
106202,Validar solicitud,2016-02-16 03:32:07,2016-02-16 08:28:55,2016-02-16 09:27:49,294,91,0.24168346774193547,0,3,8,2,21725.05,892.8333333333334,508.9166666666667,2,{},regular
105505,Validar solicitud,2016-02-14 14:56:06,2016-02-16 09:19:07,2016-02-16 10:03:20,677,79,0.24168346774193547,0,3,9,2,21775.25,2543.3166666666666,559.1166666666667,2,{},regular
106201,Evaluacion curso,2016-02-15 21:47:32,2016-02-16 05:30:32,2016-02-16 10:17:35,19019,88,0.07787298387096774,6,6,23,2,21206.9,508.6166666666667,1430.7666666666667,1,{},regular
105252,Validar solicitud / pre-homologacion,2016-02-16 00:27:16,2016-02-16 10:17:35,2016-02-16 10:18:15,19019,89,0.012852822580645162,7,8,0,2,21243.466666666667,475.53333333333336,27.333333333333332,2,{},regular
105755,Homologacion por grupo de cursos,2016-02-16 03:31:36,2016-02-16 07:10:32,2016-02-16 11:01:24,15930,91,0.5632560483870968,0,6,7,2,21646.666666666668,1044.25,430.53333333333336,2,{},regular
106954,Traer informacion estudiante - banner,2016-02-16 12:23:50,2016-02-16 12:23:50,2016-02-16 12:23:50,7573,91,0.0,0,1,12,2,21959.966666666667,21959.966666666667,743.8333333333334,2,{},deviant
106201,Validacion final,2016-02-16 10:17:35,2016-02-16 12:50:09,2016-02-16 12:50:09,1707,90,0.010080645161290322,0,7,12,2,21986.283333333333,779.3833333333333,770.15,2,{},regular
106954,Radicar Solicitud Homologacion,2016-02-16 12:23:50,2016-02-16 13:58:10,2016-02-16 13:58:14,7573,91,0.10231854838709678,0,2,13,2,22054.3,94.33333333333333,838.1666666666666,2,{},deviant
105755,Evaluacion curso,2016-02-16 11:01:24,2016-02-16 15:15:29,2016-02-16 15:17:04,6958,90,0.07787298387096774,0,7,15,2,22131.616666666665,484.95,915.4833333333333,2,{},regular
106201,Visto Bueno Cierre Proceso,2016-02-16 12:50:09,2016-02-16 15:47:25,2016-02-16 15:58:11,15930,91,0.03276209677419355,0,8,15,2,22163.55,177.26666666666668,947.4166666666666,2,{},regular
105806,Homologacion por grupo de cursos,2016-02-15 23:53:45,2016-02-16 10:18:15,2016-02-16 17:45:53,19019,89,0.5632560483870968,10,6,2,2,21347.433333333334,899.1166666666667,131.3,2,{},deviant
106802,Traer informacion estudiante - banner,2016-02-16 02:58:10,2016-02-16 17:45:53,2016-02-16 17:45:53,19019,91,0.0,9,1,2,2,21394.3,21394.3,178.16666666666666,2,{},deviant
106203,Radicar Solicitud Homologacion,2016-02-16 03:31:36,2016-02-16 17:45:53,2016-02-16 17:46:00,19019,91,0.10231854838709678,9,2,4,2,21483.216666666667,855.85,267.0833333333333,2,{},regular
106551,Radicar Solicitud Homologacion,2016-02-16 03:32:07,2016-02-16 17:46:00,2016-02-16 17:46:00,19019,91,0.10231854838709678,7,2,4,2,21487.933333333334,631.2,271.8,2,{},regular
107003,Traer informacion estudiante - banner,2016-02-16 18:06:58,2016-02-16 18:06:58,2016-02-16 18:06:58,22829,92,0.0,0,1,18,2,22303.1,22303.1,1086.9666666666667,2,{},deviant
106701,Validar solicitud,2016-02-16 00:14:38,2016-02-16 17:46:00,2016-02-16 18:10:14,19019,89,0.24168346774193547,7,3,5,2,21533.2,302.43333333333334,317.06666666666666,2,{},deviant
104452,Validar solicitud / pre-homologacion,2016-02-16 05:31:05,2016-02-16 18:10:14,2016-02-16 18:15:58,19019,92,0.012852822580645162,6,7,5,2,21547.283333333333,0.65,331.15,2,{},deviant
104351,Evaluacion curso,2016-02-16 06:06:39,2016-02-16 18:15:58,2016-02-16 18:28:59,19019,91,0.07787298387096774,7,6,6,2,21582.85,4.966666666666667,366.71666666666664,2,{},regular
107004,Traer informacion estudiante - banner,2016-02-16 18:42:12,2016-02-16 18:42:12,2016-02-16 18:42:12,22829,92,0.0,0,1,18,2,22338.333333333332,22338.333333333332,1122.2,2,{},deviant
107003,Radicar Solicitud Homologacion,2016-02-16 18:06:58,2016-02-16 19:43:09,2016-02-16 19:43:14,22829,92,0.10231854838709678,0,2,19,2,22399.283333333333,96.18333333333334,1183.15,2,{},deviant
104351,Revisar curso,2016-02-16 18:28:59,2016-02-16 18:29:03,2016-02-16 19:43:34,26757,91,0.04788306451612903,0,7,18,2,22325.183333333334,742.3333333333334,1109.05,2,{},regular
107004,Radicar Solicitud Homologacion,2016-02-16 18:42:12,2016-02-16 20:07:36,2016-02-16 20:07:46,22829,92,0.10231854838709678,0,2,20,2,22423.733333333334,85.4,1207.6,2,{},deviant
105651,Validar solicitud,2016-02-14 23:38:03,2016-02-16 20:07:38,2016-02-16 20:28:38,7080,83,0.24168346774193547,0,3,20,2,22423.766666666666,2669.75,1207.6333333333334,2,{},deviant
105755,Validar solicitud / pre-homologacion,2016-02-16 15:17:04,2016-02-16 20:46:28,2016-02-16 20:52:37,1707,91,0.012852822580645162,0,8,20,2,22462.6,330.98333333333335,1246.4666666666667,2,{},regular
107006,Traer informacion estudiante - banner,2016-02-16 21:30:33,2016-02-16 21:30:33,2016-02-16 21:30:33,22829,94,0.0,0,1,21,2,22506.683333333334,22506.683333333334,1290.55,2,{},regular
107006,Radicar Solicitud Homologacion,2016-02-16 21:30:33,2016-02-16 23:10:32,2016-02-16 23:11:23,22829,94,0.10231854838709678,0,2,23,2,22606.666666666668,99.98333333333333,1390.5333333333333,2,{},regular
105205,Notificacion estudiante cancelacion soli,2016-02-14 18:07:31,2016-02-16 23:42:16,2016-02-16 23:42:16,294,80,0.0,0,4,23,2,22638.4,3292.8166666666666,1422.2666666666667,2,{},deviant
105252,Avanzar recepcion documentos,2016-02-16 10:18:15,2016-02-16 18:28:59,2016-02-17 00:54:36,19019,90,0.0020161290322580645,7,9,10,2,21834.45,590.9833333333333,618.3166666666667,2,{},regular
0_CF,Validar solicitud,2016-02-14 17:31:03,2016-02-17 00:54:36,2016-02-17 01:57:21,19019,80,0.24168346774193547,0,3,12,2,21951.583333333332,2577.55,735.45,2,{},regular
106451,Revisar curso,2016-02-16 05:30:32,2016-02-17 01:57:21,2016-02-17 01:57:23,19019,92,0.04788306451612903,8,4,15,2,22123.033333333333,1012.4,906.9,2,{},deviant
107051,Traer informacion estudiante - banner,2016-02-16 15:40:47,2016-02-17 01:57:23,2016-02-17 01:57:23,19019,92,0.0,9,1,15,2,22156.916666666668,22156.916666666668,940.7833333333333,2,{},deviant
107201,Traer informacion estudiante - banner,2016-02-17 02:29:59,2016-02-17 02:29:59,2016-02-17 02:29:59,17769,97,0.0,0,1,2,2,22806.116666666665,22806.116666666665,149.98333333333332,3,{},regular
105451,Evaluacion curso,2016-02-15 23:53:46,2016-02-16 23:27:54,2016-02-17 02:46:55,163,89,0.07787298387096774,0,5,23,2,22624.033333333333,2048.0833333333335,1407.9,2,{},regular
107201,Radicar Solicitud Homologacion,2016-02-17 02:29:59,2016-02-17 02:43:38,2016-02-17 02:47:38,17769,97,0.10231854838709678,0,2,2,2,22819.766666666666,13.65,163.63333333333333,3,{},regular
107201,Validar solicitud,2016-02-17 02:47:38,2016-02-17 02:47:42,2016-02-17 02:51:42,7080,97,0.24168346774193547,0,3,2,2,22823.833333333332,4.066666666666666,167.7,3,{},regular
44_CF,Validar solicitud,2016-02-14 20:31:12,2016-02-17 01:57:23,2016-02-17 03:00:10,19019,82,0.24168346774193547,0,3,16,2,22180.116666666665,2624.6666666666665,963.9833333333333,2,{},regular
105506,Validar solicitud,2016-02-14 22:47:40,2016-02-17 03:00:10,2016-02-17 03:00:38,19019,82,0.24168346774193547,0,3,18,2,22341.733333333334,2638.0666666666666,1125.6,2,{},regular
107201,Revisar curso,2016-02-17 02:51:42,2016-02-17 02:51:46,2016-02-17 03:17:49,943,97,0.04788306451612903,0,4,2,2,22827.9,4.066666666666666,171.76666666666668,3,{},regular
107155,Evaluacion curso,2016-02-17 04:25:13,2016-02-17 04:25:13,2016-02-17 04:36:47,2292,98,0.07787298387096774,0,1,4,2,22921.35,22921.35,265.21666666666664,3,{},regular
107155,Traer informacion estudiante - banner,2016-02-17 04:36:47,2016-02-17 04:36:51,2016-02-17 04:36:51,22829,98,0.0,0,2,4,2,22932.983333333334,11.633333333333333,276.85,3,{},regular
107155,Radicar Solicitud Homologacion,2016-02-17 04:36:51,2016-02-17 04:36:55,2016-02-17 04:37:03,22829,98,0.10231854838709678,0,3,4,2,22933.05,0.06666666666666667,276.9166666666667,3,{},regular
107155,Validar solicitud,2016-02-17 04:37:03,2016-02-17 04:37:07,2016-02-17 04:37:36,22475,98,0.24168346774193547,0,4,4,2,22933.25,0.2,277.1166666666667,3,{},regular
107155,Revisar curso,2016-02-17 04:37:36,2016-02-17 04:37:40,2016-02-17 04:37:40,2292,98,0.04788306451612903,0,5,4,2,22933.8,0.55,277.6666666666667,3,{},regular
107153,Traer informacion estudiante - banner,2016-02-17 05:27:43,2016-02-17 05:27:43,2016-02-17 05:27:43,22829,99,0.0,0,1,5,2,22983.85,22983.85,327.71666666666664,3,{},regular
107153,Radicar Solicitud Homologacion,2016-02-17 05:27:43,2016-02-17 05:27:47,2016-02-17 05:27:52,22829,99,0.10231854838709678,0,2,5,2,22983.916666666668,0.06666666666666667,327.78333333333336,3,{},regular
107153,Validar solicitud,2016-02-17 05:27:52,2016-02-17 05:27:56,2016-02-17 05:29:04,22475,99,0.24168346774193547,0,3,5,2,22984.066666666666,0.15,327.93333333333334,3,{},regular
107155,Homologacion por grupo de cursos,2016-02-17 04:37:40,2016-02-17 04:37:44,2016-02-17 05:47:02,1343,98,0.5632560483870968,0,6,4,2,22933.866666666665,0.06666666666666667,277.73333333333335,3,{},regular
107155,Validacion final,2016-02-17 05:47:02,2016-02-17 05:51:03,2016-02-17 05:55:03,22475,99,0.010080645161290322,0,7,5,2,23007.183333333334,73.31666666666666,351.05,3,{},regular
107153,Revisar curso,2016-02-17 05:29:04,2016-02-17 05:29:08,2016-02-17 06:38:53,26757,99,0.04788306451612903,0,4,5,2,22985.266666666666,1.2,329.1333333333333,3,{},regular
107155,Visto Bueno Cierre Proceso,2016-02-17 05:55:03,2016-02-17 06:02:31,2016-02-17 06:58:01,1343,99,0.03276209677419355,0,8,6,2,23018.65,11.466666666666667,362.51666666666665,3,{},regular
104351,Recepcion de documentos,2016-02-16 19:43:34,2016-02-17 03:00:38,2016-02-17 06:59:25,19019,92,0.014868951612903226,5,8,19,2,22399.766666666666,74.58333333333333,1183.6333333333334,2,{},regular
107201,Homologacion por grupo de cursos,2016-02-17 03:17:49,2016-02-17 03:17:53,2016-02-17 06:59:34,6889,97,0.5632560483870968,0,5,3,2,22854.016666666666,26.116666666666667,197.88333333333333,3,{},regular
106802,Radicar Solicitud Homologacion,2016-02-16 17:45:53,2016-02-17 06:59:25,2016-02-17 07:02:06,19019,91,0.10231854838709678,10,2,19,2,22408.283333333333,1013.9833333333333,1192.15,2,{},deviant
105806,Validar solicitud / pre-homologacion,2016-02-16 17:45:53,2016-02-17 07:02:06,2016-02-17 07:07:42,19019,91,0.012852822580645162,11,7,20,2,22425.05,1077.6166666666666,1208.9166666666667,2,{},deviant
107101,Traer informacion estudiante - banner,2016-02-16 20:30:40,2016-02-17 07:07:42,2016-02-17 07:07:42,19019,93,0.0,8,1,20,2,22446.8,22446.8,1230.6666666666667,2,{},deviant
107102,Traer informacion estudiante - banner,2016-02-16 22:37:28,2016-02-17 07:07:42,2016-02-17 07:07:42,19019,95,0.0,9,1,22,2,22573.6,22573.6,1357.4666666666667,2,{},deviant
107103,Traer informacion estudiante - banner,2016-02-16 23:59:19,2016-02-17 07:07:42,2016-02-17 07:07:42,19019,95,0.0,10,1,23,2,22655.45,22655.45,1439.3166666666666,2,{},deviant
106651,Radicar Solicitud Homologacion,2016-02-16 05:30:32,2016-02-17 07:07:42,2016-02-17 07:07:42,19019,92,0.10231854838709678,7,3,0,2,22692.25,1566.9,36.11666666666667,3,{},deviant
107104,Traer informacion estudiante - banner,2016-02-17 00:59:06,2016-02-17 07:07:42,2016-02-17 07:07:42,19019,95,0.0,11,1,0,2,22715.233333333334,22715.233333333334,59.1,3,{},deviant
102353,Cancelar Solicitud,2016-02-11 11:49:27,2016-02-17 07:07:42,2016-02-17 07:08:34,19019,87,0.26537298387096775,0,4,2,2,22798.25,8169.333333333333,142.11666666666667,3,{},deviant
107007,Traer informacion estudiante - banner,2016-02-17 02:23:20,2016-02-17 07:08:34,2016-02-17 07:08:34,19019,96,0.0,10,1,2,2,22799.466666666667,22799.466666666667,143.33333333333334,3,{},regular
107051,Radicar Solicitud Homologacion,2016-02-17 01:57:23,2016-02-17 07:08:34,2016-02-17 07:08:38,19019,95,0.10231854838709678,10,2,2,2,22829.366666666665,672.45,173.23333333333332,3,{},deviant
107251,Traer informacion estudiante - banner,2016-02-17 07:26:52,2016-02-17 07:26:52,2016-02-17 07:26:52,3747,99,0.0,0,1,7,2,23103.0,23103.0,446.8666666666667,3,{},deviant
107251,Radicar Solicitud Homologacion,2016-02-17 07:26:52,2016-02-17 07:26:56,2016-02-17 07:27:05,3747,99,0.10231854838709678,0,2,7,2,23103.066666666666,0.06666666666666667,446.93333333333334,3,{},deviant
107251,Cancelar Solicitud,2016-02-17 07:27:05,2016-02-17 07:27:09,2016-02-17 07:43:18,677,99,0.26537298387096775,0,3,7,2,23103.283333333333,0.21666666666666667,447.15,3,{},deviant
106203,Validar solicitud,2016-02-16 17:46:00,2016-02-17 06:46:15,2016-02-17 07:45:16,294,91,0.24168346774193547,0,3,6,2,23062.383333333335,1579.1666666666667,406.25,3,{},regular
107201,Evaluacion curso,2016-02-17 06:59:34,2016-02-17 06:59:38,2016-02-17 07:58:18,943,99,0.07787298387096774,0,6,6,2,23075.766666666666,221.75,419.6333333333333,3,{},regular
107201,Validacion final,2016-02-17 07:58:18,2016-02-17 07:58:22,2016-02-17 08:28:15,7080,99,0.010080645161290322,0,7,7,2,23134.5,58.733333333333334,478.3666666666667,3,{},regular
105755,Avanzar recepcion documentos,2016-02-16 20:52:37,2016-02-17 07:08:38,2016-02-17 09:11:09,19019,93,0.0020161290322580645,9,9,3,2,22872.5,409.9,216.36666666666667,3,{},regular
102257,Evaluacion curso,2016-02-13 16:23:58,2016-02-17 03:26:39,2016-02-17 09:14:39,22491,82,0.07787298387096774,0,5,3,2,22862.783333333333,4982.683333333333,206.65,3,{},regular
107201,Visto Bueno Cierre Proceso,2016-02-17 08:28:15,2016-02-17 08:28:57,2016-02-17 10:16:00,6889,99,0.03276209677419355,0,8,8,2,23165.083333333332,30.583333333333332,508.95,3,{},regular
107251,Notificacion estudiante cancelacion soli,2016-02-17 07:43:18,2016-02-17 10:24:16,2016-02-17 10:24:16,677,99,0.0,0,4,10,2,23280.4,177.11666666666667,624.2666666666667,3,{},deviant
106501,Notificacion estudiante cancelacion soli,2016-02-15 20:40:53,2016-02-17 10:27:46,2016-02-17 10:27:46,7080,87,0.0,0,4,10,2,23283.9,2270.883333333333,627.7666666666667,3,{},deviant
107153,Homologacion por grupo de cursos,2016-02-17 06:38:53,2016-02-17 06:58:01,2016-02-17 11:18:54,1343,99,0.5632560483870968,0,5,6,2,23055.083333333332,69.81666666666666,398.95,3,{},regular
107155,Transferir Creditos,2016-02-17 06:58:01,2016-02-17 11:18:54,2016-02-17 11:18:54,1343,99,0.0005040322580645161,1,9,7,2,23081.7,63.05,425.56666666666666,3,{},regular
107153,Evaluacion curso,2016-02-17 11:18:54,2016-02-17 11:18:58,2016-02-17 11:19:22,26757,95,0.07787298387096774,0,6,11,2,23335.1,280.01666666666665,678.9666666666667,3,{},regular
107153,Validacion final,2016-02-17 11:19:22,2016-02-17 11:19:26,2016-02-17 11:21:27,22475,94,0.010080645161290322,0,7,11,2,23335.566666666666,0.4666666666666667,679.4333333333333,3,{},regular
106851,Validar solicitud,2016-02-16 02:34:34,2016-02-17 11:24:09,2016-02-17 11:25:09,22475,90,0.24168346774193547,0,3,11,2,23340.283333333333,1972.3,684.15,3,{},regular
105653,Cancelar Solicitud,2016-02-15 02:51:36,2016-02-17 11:23:48,2016-02-17 11:40:37,7775,85,0.26537298387096775,0,3,11,2,23339.933333333334,3392.3333333333335,683.8,3,{},deviant
107154,Traer informacion estudiante - banner,2016-02-17 11:42:47,2016-02-17 11:42:47,2016-02-17 11:42:47,22829,95,0.0,0,1,11,2,23358.916666666668,23358.916666666668,702.7833333333333,3,{},regular
107051,Notificacion estudiante cancelacion soli,2016-02-17 07:08:38,2016-02-17 11:49:17,2016-02-17 11:49:17,1,98,0.0,0,3,11,2,23365.416666666668,536.05,709.2833333333333,3,{},deviant
107154,Radicar Solicitud Homologacion,2016-02-17 11:42:47,2016-02-17 12:07:24,2016-02-17 12:07:31,22829,95,0.10231854838709678,0,2,12,2,23383.533333333333,24.616666666666667,727.4,3,{},regular
106202,Revisar curso,2016-02-16 09:27:49,2016-02-17 11:34:24,2016-02-17 12:48:19,294,90,0.04788306451612903,0,4,11,2,23350.533333333333,1625.4833333333333,694.4,3,{},regular
107154,Validar solicitud,2016-02-17 12:07:31,2016-02-17 13:08:24,2016-02-17 13:09:21,22475,94,0.24168346774193547,0,3,13,2,23444.533333333333,61.0,788.4,3,{},regular
106551,Validar solicitud,2016-02-16 17:46:00,2016-02-17 11:59:08,2016-02-17 13:12:33,1707,91,0.24168346774193547,0,3,11,2,23375.266666666666,1887.3333333333333,719.1333333333333,3,{},regular
107252,Traer informacion estudiante - banner,2016-02-17 13:24:56,2016-02-17 13:24:56,2016-02-17 13:24:56,3747,95,0.0,0,1,13,2,23461.066666666666,23461.066666666666,804.9333333333333,3,{},regular
107252,Radicar Solicitud Homologacion,2016-02-17 13:24:56,2016-02-17 13:59:21,2016-02-17 13:59:24,3747,95,0.10231854838709678,0,2,13,2,23495.483333333334,34.416666666666664,839.35,3,{},regular
104351,Homologacion por grupo de cursos,2016-02-17 06:59:25,2016-02-17 09:11:09,2016-02-17 14:00:53,19019,99,0.5632560483870968,11,9,6,2,23075.616666666665,675.85,419.48333333333335,3,{},regular
107104,Radicar Solicitud Homologacion,2016-02-17 07:07:42,2016-02-17 14:00:53,2016-02-17 14:00:55,19019,98,0.10231854838709678,5,2,7,2,23083.9,368.6666666666667,427.76666666666665,3,{},deviant
107007,Radicar Solicitud Homologacion,2016-02-17 07:08:34,2016-02-17 14:00:55,2016-02-17 14:00:57,19019,98,0.10231854838709678,4,2,7,2,23084.766666666666,285.3,428.6333333333333,3,{},regular
107103,Radicar Solicitud Homologacion,2016-02-17 07:07:42,2016-02-17 14:00:57,2016-02-17 14:00:59,19019,98,0.10231854838709678,7,2,7,2,23107.633333333335,452.18333333333334,451.5,3,{},deviant
107101,Radicar Solicitud Homologacion,2016-02-17 07:07:42,2016-02-17 14:00:59,2016-02-17 14:01:02,19019,98,0.10231854838709678,9,2,7,2,23119.733333333334,672.9333333333333,463.6,3,{},deviant
107102,Radicar Solicitud Homologacion,2016-02-17 07:07:42,2016-02-17 14:01:02,2016-02-17 14:01:07,19019,98,0.10231854838709678,8,2,7,2,23119.783333333333,546.1833333333333,463.65,3,{},deviant
107007,Validar solicitud,2016-02-17 14:00:57,2016-02-17 14:01:01,2016-02-17 14:18:20,677,94,0.24168346774193547,0,3,14,2,23497.15,412.3833333333333,841.0166666666667,3,{},regular
107154,Revisar curso,2016-02-17 13:09:21,2016-02-17 13:14:11,2016-02-17 14:23:57,26757,94,0.04788306451612903,0,4,13,2,23450.316666666666,5.783333333333333,794.1833333333333,3,{},regular
107153,Visto Bueno Cierre Proceso,2016-02-17 11:21:27,2016-02-17 11:25:19,2016-02-17 14:34:01,1343,94,0.03276209677419355,0,8,11,2,23341.45,5.883333333333334,685.3166666666667,3,{},regular
107006,Revisar curso,2016-02-16 23:11:23,2016-02-17 14:46:17,2016-02-17 14:48:51,669,95,0.04788306451612903,0,3,14,2,23542.416666666668,935.75,886.2833333333333,3,{},regular
107252,Validar solicitud,2016-02-17 13:59:24,2016-02-17 14:51:50,2016-02-17 15:07:58,677,95,0.24168346774193547,0,3,14,2,23547.966666666667,52.483333333333334,891.8333333333334,3,{},regular
107253,Traer informacion estudiante - banner,2016-02-17 15:18:07,2016-02-17 15:18:07,2016-02-17 15:18:07,3747,95,0.0,0,1,15,2,23574.25,23574.25,918.1166666666667,3,{},deviant
107007,Revisar curso,2016-02-17 14:18:20,2016-02-17 14:23:57,2016-02-17 15:18:37,26757,94,0.04788306451612903,0,4,14,2,23514.533333333333,17.383333333333333,858.4,3,{},regular
107252,Revisar curso,2016-02-17 15:07:58,2016-02-17 15:21:20,2016-02-17 15:21:20,677,94,0.04788306451612903,0,4,15,2,23577.466666666667,29.5,921.3333333333334,3,{},regular
107252,Evaluacion curso,2016-02-17 15:21:20,2016-02-17 15:21:24,2016-02-17 15:33:18,7304,95,0.07787298387096774,0,5,15,2,23577.533333333333,0.06666666666666667,921.4,3,{},regular
107253,Radicar Solicitud Homologacion,2016-02-17 15:18:07,2016-02-17 15:52:32,2016-02-17 15:52:35,3747,95,0.10231854838709678,0,2,15,2,23608.666666666668,34.416666666666664,952.5333333333333,3,{},deviant
101852,Notificacion estudiante cancelacion soli,2016-02-10 11:51:00,2016-02-17 16:12:25,2016-02-17 16:12:25,677,93,0.0,0,4,16,2,23628.55,10349.416666666666,972.4166666666666,3,{},deviant
107007,Homologacion por grupo de cursos,2016-02-17 15:18:37,2016-02-17 15:18:41,2016-02-17 16:20:12,3445,95,0.5632560483870968,0,5,15,2,23574.816666666666,60.28333333333333,918.6833333333333,3,{},regular
107007,Evaluacion curso,2016-02-17 16:20:12,2016-02-17 16:20:16,2016-02-17 16:20:45,26757,94,0.07787298387096774,0,6,16,2,23636.4,61.583333333333336,980.2666666666667,3,{},regular
107007,Validacion final,2016-02-17 16:20:45,2016-02-17 16:20:49,2016-02-17 16:25:07,677,94,0.010080645161290322,0,7,16,2,23636.95,0.55,980.8166666666667,3,{},regular
107007,Visto Bueno Cierre Proceso,2016-02-17 16:25:07,2016-02-17 16:28:46,2016-02-17 16:30:48,3445,94,0.03276209677419355,0,8,16,2,23644.9,7.95,988.7666666666667,3,{},regular
107252,Recepcion de documentos,2016-02-17 15:33:18,2016-02-17 15:33:22,2016-02-17 16:38:14,22491,95,0.014868951612903226,0,6,15,2,23589.5,11.966666666666667,933.3666666666667,3,{},regular
107253,Validar solicitud,2016-02-17 15:52:35,2016-02-17 16:25:07,2016-02-17 16:41:15,677,95,0.24168346774193547,0,3,16,2,23637.85,29.183333333333334,981.7166666666667,3,{},deviant
107254,Traer informacion estudiante - banner,2016-02-17 16:58:57,2016-02-17 16:58:57,2016-02-17 16:58:57,3747,95,0.0,0,1,16,2,23675.083333333332,23675.083333333332,1018.95,3,{},deviant
107254,Radicar Solicitud Homologacion,2016-02-17 16:58:57,2016-02-17 17:29:44,2016-02-17 17:29:47,3747,95,0.10231854838709678,0,2,17,2,23705.866666666665,30.783333333333335,1049.7333333333333,3,{},deviant
107252,Homologacion por grupo de cursos,2016-02-17 16:38:14,2016-02-17 16:38:18,2016-02-17 17:45:58,3445,94,0.5632560483870968,0,7,16,2,23654.433333333334,64.93333333333334,998.3,3,{},regular
107007,Transferir Creditos,2016-02-17 16:30:48,2016-02-17 17:45:58,2016-02-17 17:45:58,3445,94,0.0005040322580645161,0,9,16,2,23654.483333333334,9.583333333333334,998.35,3,{},regular
107252,Validar solicitud / pre-homologacion,2016-02-17 17:45:58,2016-02-17 17:46:02,2016-02-17 17:48:43,677,95,0.012852822580645162,0,8,17,2,23722.166666666668,67.73333333333333,1066.0333333333333,3,{},regular
107255,Traer informacion estudiante - banner,2016-02-17 17:52:04,2016-02-17 17:52:04,2016-02-17 17:52:04,3747,95,0.0,0,1,17,2,23728.2,23728.2,1072.0666666666666,3,{},regular
107255,Radicar Solicitud Homologacion,2016-02-17 17:52:04,2016-02-17 17:52:08,2016-02-17 17:52:11,3747,95,0.10231854838709678,0,2,17,2,23728.266666666666,0.06666666666666667,1072.1333333333334,3,{},regular
107255,Validar solicitud,2016-02-17 17:52:11,2016-02-17 17:52:15,2016-02-17 18:08:28,677,95,0.24168346774193547,0,3,17,2,23728.383333333335,0.11666666666666667,1072.25,3,{},regular
107255,Revisar curso,2016-02-17 18:08:28,2016-02-17 18:08:32,2016-02-17 18:08:33,677,95,0.04788306451612903,0,4,18,2,23744.666666666668,16.283333333333335,1088.5333333333333,3,{},regular
106701,Revisar curso,2016-02-16 18:10:14,2016-02-17 17:27:00,2016-02-17 18:18:46,26757,92,0.04788306451612903,0,4,17,2,23703.133333333335,2169.9333333333334,1047.0,3,{},deviant
107255,Evaluacion curso,2016-02-17 18:08:33,2016-02-17 18:11:05,2016-02-17 18:22:44,7304,95,0.07787298387096774,0,5,18,2,23747.216666666667,2.55,1091.0833333333333,3,{},regular
107451,Traer informacion estudiante - banner,2016-02-17 18:27:07,2016-02-17 18:27:07,2016-02-17 18:27:07,8774,96,0.0,0,1,18,2,23763.25,23763.25,1107.1166666666666,3,{},deviant
107451,Radicar Solicitud Homologacion,2016-02-17 18:27:07,2016-02-17 18:27:11,2016-02-17 18:27:11,8774,96,0.10231854838709678,0,2,18,2,23763.316666666666,0.06666666666666667,1107.1833333333334,3,{},deviant
107252,Avanzar recepcion documentos,2016-02-17 17:48:43,2016-02-17 17:48:47,2016-02-17 18:39:03,22491,94,0.0020161290322580645,0,9,17,2,23724.916666666668,2.75,1068.7833333333333,3,{},regular
107451,Validar solicitud,2016-02-17 18:27:11,2016-02-17 18:27:15,2016-02-17 18:40:55,677,96,0.24168346774193547,0,3,18,2,23763.383333333335,0.06666666666666667,1107.25,3,{},deviant
107154,Homologacion por grupo de cursos,2016-02-17 14:23:57,2016-02-17 14:34:01,2016-02-17 18:54:55,1343,94,0.5632560483870968,0,5,14,2,23520.15,69.83333333333333,864.0166666666667,3,{},regular
107153,Transferir Creditos,2016-02-17 14:34:01,2016-02-17 18:54:55,2016-02-17 18:54:55,1343,94,0.0005040322580645161,1,9,14,2,23537.183333333334,195.73333333333332,881.05,3,{},regular
106203,Revisar curso,2016-02-17 07:45:16,2016-02-17 19:19:24,2016-02-17 19:19:25,294,99,0.04788306451612903,0,4,19,2,23815.533333333333,753.15,1159.4,3,{},regular
107003,Validar solicitud,2016-02-16 19:43:14,2016-02-17 19:24:33,2016-02-17 19:25:23,22475,92,0.24168346774193547,0,3,19,2,23820.683333333334,1421.4,1164.55,3,{},deviant
107601,Traer informacion estudiante - banner,2016-02-17 19:34:40,2016-02-17 19:34:40,2016-02-17 19:34:40,22377,95,0.0,0,1,19,2,23830.8,23830.8,1174.6666666666667,3,{},deviant
107451,Revisar curso,2016-02-17 18:40:55,2016-02-17 18:40:59,2016-02-17 19:35:18,26757,95,0.04788306451612903,0,4,18,2,23777.116666666665,13.733333333333333,1120.9833333333333,3,{},deviant
107154,Evaluacion curso,2016-02-17 18:54:55,2016-02-17 19:35:18,2016-02-17 19:35:48,26757,95,0.07787298387096774,0,6,18,2,23791.116666666665,270.96666666666664,1134.9833333333333,3,{},regular
107154,Validacion final,2016-02-17 19:35:48,2016-02-17 19:35:52,2016-02-17 19:39:21,22475,95,0.010080645161290322,0,7,19,2,23832.0,40.88333333333333,1175.8666666666666,3,{},regular
107255,Recepcion de documentos,2016-02-17 18:22:44,2016-02-17 18:39:03,2016-02-17 19:43:43,22491,95,0.014868951612903226,0,6,18,2,23765.166666666668,17.95,1109.0333333333333,3,{},regular
107601,Radicar Solicitud Homologacion,2016-02-17 19:34:40,2016-02-17 19:34:44,2016-02-17 20:12:48,22377,95,0.10231854838709678,0,2,19,2,23830.866666666665,0.06666666666666667,1174.7333333333333,3,{},deviant
107451,Homologacion por grupo de cursos,2016-02-17 19:35:18,2016-02-17 19:35:22,2016-02-17 20:34:28,677,95,0.5632560483870968,0,5,19,2,23831.5,54.38333333333333,1175.3666666666666,3,{},deviant
107451,Evaluacion curso,2016-02-17 20:34:28,2016-02-17 20:34:32,2016-02-17 20:35:06,26757,95,0.07787298387096774,0,6,20,2,23890.666666666668,59.166666666666664,1234.5333333333333,3,{},deviant
107451,Validar solicitud / pre-homologacion,2016-02-17 20:35:06,2016-02-17 20:36:05,2016-02-17 20:40:17,677,95,0.012852822580645162,0,7,20,2,23892.216666666667,1.55,1236.0833333333333,3,{},deviant
107255,Homologacion por grupo de cursos,2016-02-17 19:43:43,2016-02-17 19:50:31,2016-02-17 20:57:56,3445,95,0.5632560483870968,0,7,19,2,23846.65,81.48333333333333,1190.5166666666667,3,{},regular
107255,Validar solicitud / pre-homologacion,2016-02-17 20:57:56,2016-02-17 21:05:04,2016-02-17 21:07:44,677,94,0.012852822580645162,0,8,21,2,23921.2,74.55,1265.0666666666666,3,{},regular
106451,Evaluacion curso,2016-02-17 01:57:23,2016-02-17 14:01:07,2016-02-17 21:11:38,19019,95,0.07787298387096774,11,5,8,2,23166.816666666666,1043.7833333333333,510.68333333333334,3,{},deviant
105504,Cancelar Solicitud,2016-02-14 13:23:09,2016-02-17 21:11:38,2016-02-17 21:13:59,19019,78,0.26537298387096775,0,3,11,2,23339.35,4200.133333333333,683.2166666666667,3,{},deviant
107104,Validar solicitud,2016-02-17 14:00:55,2016-02-17 21:13:59,2016-02-17 21:35:00,19019,94,0.24168346774193547,6,3,14,2,23497.116666666665,413.21666666666664,840.9833333333333,3,{},deviant
107601,Validar solicitud,2016-02-17 20:12:48,2016-02-17 20:12:52,2016-02-17 21:41:12,294,95,0.24168346774193547,0,3,20,2,23869.0,38.13333333333333,1212.8666666666666,3,{},deviant
107653,Revisar curso,2016-02-17 21:47:29,2016-02-17 21:47:29,2016-02-17 21:47:30,22475,95,0.04788306451612903,0,1,21,2,23963.616666666665,23963.616666666665,1307.4833333333333,3,{},deviant
107653,Traer informacion estudiante - banner,2016-02-17 21:47:30,2016-02-17 21:47:34,2016-02-17 21:47:34,7638,95,0.0,0,2,21,2,23963.7,0.08333333333333333,1307.5666666666666,3,{},deviant
107653,Radicar Solicitud Homologacion,2016-02-17 21:47:34,2016-02-17 21:47:38,2016-02-17 21:48:23,7638,95,0.10231854838709678,0,3,21,2,23963.766666666666,0.06666666666666667,1307.6333333333334,3,{},deviant
107653,Validar solicitud,2016-02-17 21:48:23,2016-02-17 21:48:27,2016-02-17 21:48:27,22475,95,0.24168346774193547,0,4,21,2,23964.583333333332,0.8166666666666667,1308.45,3,{},deviant
107103,Validar solicitud,2016-02-17 14:00:59,2016-02-17 21:35:00,2016-02-17 21:56:01,19019,94,0.24168346774193547,5,3,15,2,23578.266666666666,470.6333333333333,922.1333333333333,3,{},deviant
106802,Validar solicitud,2016-02-17 07:02:06,2016-02-17 21:56:01,2016-02-17 22:05:19,19019,99,0.24168346774193547,11,3,15,2,23596.666666666668,1188.3833333333334,940.5333333333333,3,{},deviant
107255,Avanzar recepcion documentos,2016-02-17 21:07:44,2016-02-17 21:15:04,2016-02-17 22:05:23,22491,94,0.0020161290322580645,0,9,21,2,23931.2,10.0,1275.0666666666666,3,{},regular
107101,Validar solicitud,2016-02-17 14:01:02,2016-02-17 22:05:19,2016-02-17 22:26:26,19019,94,0.24168346774193547,4,3,16,2,23619.683333333334,499.95,963.55,3,{},deviant
107104,Revisar curso,2016-02-17 21:35:00,2016-02-17 21:35:04,2016-02-17 22:26:47,26757,94,0.04788306451612903,0,4,21,2,23951.2,454.0833333333333,1295.0666666666666,3,{},deviant
107154,Visto Bueno Cierre Proceso,2016-02-17 19:39:21,2016-02-17 19:39:59,2016-02-17 22:47:06,1343,95,0.03276209677419355,0,8,19,2,23836.116666666665,4.116666666666666,1179.9833333333333,3,{},regular
107102,Validar solicitud,2016-02-17 14:01:07,2016-02-17 22:26:26,2016-02-17 22:47:29,19019,94,0.24168346774193547,3,3,16,2,23620.85,501.06666666666666,964.7166666666667,3,{},deviant
107654,Traer informacion estudiante - banner,2016-02-17 22:26:24,2016-02-17 22:47:29,2016-02-17 22:47:29,19019,95,0.0,1,1,22,2,24002.533333333333,24002.533333333333,1346.4,3,{},deviant
107154,Transferir Creditos,2016-02-17 22:47:06,2016-02-17 22:54:14,2016-02-17 22:54:14,1343,95,0.0005040322580645161,0,9,22,2,24030.366666666665,194.25,1374.2333333333333,3,{},regular
107701,Traer informacion estudiante - banner,2016-02-17 23:09:40,2016-02-17 23:09:40,2016-02-17 23:09:40,6876,95,0.0,0,1,23,2,24045.8,24045.8,1389.6666666666667,3,{},regular
107601,Homologacion por grupo de cursos,2016-02-17 21:41:12,2016-02-17 21:41:16,2016-02-17 23:26:31,7311,94,0.5632560483870968,0,4,21,2,23957.4,88.4,1301.2666666666667,3,{},deviant
107103,Revisar curso,2016-02-17 21:56:01,2016-02-17 22:50:28,2016-02-17 23:42:13,26757,95,0.04788306451612903,0,4,22,2,24026.6,448.3333333333333,1370.4666666666667,3,{},deviant
107104,Homologacion por grupo de cursos,2016-02-17 22:26:47,2016-02-17 22:47:29,2016-02-17 23:45:31,19019,95,0.5632560483870968,1,5,22,2,24002.983333333334,51.78333333333333,1346.85,3,{},deviant
107654,Radicar Solicitud Homologacion,2016-02-17 22:47:29,2016-02-17 23:45:31,2016-02-17 23:45:31,19019,95,0.10231854838709678,1,2,23,2,24062.133333333335,59.6,1406.0,3,{},deviant
107104,Evaluacion curso,2016-02-17 23:45:31,2016-02-17 23:45:35,2016-02-17 23:46:25,26757,94,0.07787298387096774,0,6,23,2,24081.716666666667,78.73333333333333,1425.5833333333333,3,{},deviant
107701,Radicar Solicitud Homologacion,2016-02-17 23:09:40,2016-02-17 23:48:22,2016-02-17 23:48:22,6876,95,0.10231854838709678,0,2,23,2,24084.5,38.7,1428.3666666666666,3,{},regular
107253,Cancelar Solicitud,2016-02-17 16:41:15,2016-02-17 23:32:10,2016-02-17 23:48:26,677,94,0.26537298387096775,0,4,23,2,24068.3,430.45,1412.1666666666667,3,{},deviant
107104,Validar solicitud / pre-homologacion,2016-02-17 23:46:25,2016-02-17 23:46:29,2016-02-17 23:51:58,19019,94,0.012852822580645162,0,7,23,2,24082.616666666665,0.9,1426.4833333333333,3,{},deviant
107801,Traer informacion estudiante - banner,2016-02-17 23:52:40,2016-02-17 23:52:40,2016-02-17 23:52:40,19019,94,0.0,0,1,23,2,24088.8,24088.8,1432.6666666666667,3,{},regular
107653,Homologacion por grupo de cursos,2016-02-17 21:48:27,2016-02-17 21:48:31,2016-02-18 00:42:04,22475,95,0.5632560483870968,0,5,21,2,23964.65,0.06666666666666667,1308.5166666666667,3,{},deviant
107103,Homologacion por grupo de cursos,2016-02-17 23:42:13,2016-02-17 23:55:43,2016-02-18 00:54:01,19019,94,0.5632560483870968,1,5,23,2,24091.85,65.25,1435.7166666666667,3,{},deviant
107801,Radicar Solicitud Homologacion,2016-02-17 23:52:40,2016-02-18 00:54:01,2016-02-18 00:54:01,19019,94,0.10231854838709678,0,2,0,2,24114.383333333335,25.583333333333332,18.25,4,{},regular
45_CF,Traer informacion estudiante - banner,2016-02-18 00:50:56,2016-02-18 00:54:01,2016-02-18 00:55:32,19019,95,0.0,1,1,0,2,24147.066666666666,24147.066666666666,50.93333333333333,4,{},regular
107701,Validar solicitud,2016-02-17 23:48:22,2016-02-18 01:07:16,2016-02-18 01:12:58,677,94,0.24168346774193547,0,3,1,2,24163.4,78.9,67.26666666666667,4,{},regular
107253,Revisar curso,2016-02-17 23:48:26,2016-02-18 01:17:02,2016-02-18 01:17:02,677,94,0.04788306451612903,0,5,1,2,24173.166666666668,104.86666666666666,77.03333333333333,4,{},deviant
107801,Validar solicitud,2016-02-18 00:54:01,2016-02-18 01:30:46,2016-02-18 01:34:35,22475,95,0.24168346774193547,0,3,1,2,24186.9,72.51666666666667,90.76666666666667,4,{},regular
107801,Revisar curso,2016-02-18 01:34:35,2016-02-18 01:34:39,2016-02-18 01:34:39,22475,95,0.04788306451612903,0,4,1,2,24190.783333333333,3.8833333333333333,94.65,4,{},regular
107101,Revisar curso,2016-02-17 22:26:26,2016-02-18 00:46:21,2016-02-18 01:38:07,26757,95,0.04788306451612903,0,4,0,2,24142.483333333334,522.8,46.35,4,{},deviant
106203,Evaluacion curso,2016-02-17 19:19:25,2016-02-17 23:25:21,2016-02-18 01:38:33,294,94,0.07787298387096774,0,5,23,2,24061.483333333334,245.95,1405.35,3,{},regular
107254,Cancelar Solicitud,2016-02-17 17:29:47,2016-02-18 01:23:03,2016-02-18 01:39:16,677,95,0.26537298387096775,0,3,1,2,24179.183333333334,473.31666666666666,83.05,4,{},deviant
105451,Homologacion por grupo de cursos,2016-02-17 02:46:55,2016-02-17 21:58:45,2016-02-18 02:06:27,1007,97,0.5632560483870968,0,6,21,2,23974.883333333335,1350.85,1318.75,3,{},regular
107701,Validacion final,2016-02-18 01:12:58,2016-02-18 02:06:05,2016-02-18 02:09:54,677,95,0.010080645161290322,0,4,2,2,24222.216666666667,58.81666666666667,126.08333333333333,4,{},regular
107701,Homologacion por grupo de cursos,2016-02-18 02:09:54,2016-02-18 02:09:58,2016-02-18 02:13:58,3445,95,0.5632560483870968,0,5,2,2,24226.1,3.8833333333333333,129.96666666666667,4,{},regular
107102,Revisar curso,2016-02-17 22:47:29,2016-02-18 01:38:07,2016-02-18 02:29:52,26757,95,0.04788306451612903,0,4,1,2,24158.8,537.95,62.666666666666664,4,{},deviant
107801,Homologacion por grupo de cursos,2016-02-18 01:34:39,2016-02-18 01:39:11,2016-02-18 02:35:00,1343,95,0.5632560483870968,0,5,1,2,24195.316666666666,4.533333333333333,99.18333333333334,4,{},regular
107103,Evaluacion curso,2016-02-18 00:54:01,2016-02-18 02:29:52,2016-02-18 02:37:08,26757,95,0.07787298387096774,0,6,1,2,24159.766666666666,67.91666666666667,63.63333333333333,4,{},deviant
107701,Visto Bueno Cierre Proceso,2016-02-18 02:13:58,2016-02-18 02:38:02,2016-02-18 02:38:12,3445,95,0.03276209677419355,0,6,2,2,24254.166666666668,28.066666666666666,158.03333333333333,4,{},regular
107654,Validar solicitud,2016-02-17 23:45:31,2016-02-18 01:58:38,2016-02-18 03:30:38,19019,94,0.24168346774193547,0,3,1,2,24214.766666666666,152.63333333333333,118.63333333333334,4,{},deviant
101853,Notificacion estudiante cancelacion soli,2016-02-10 13:41:47,2016-02-18 03:33:16,2016-02-18 03:33:16,677,93,0.0,0,4,3,2,24309.4,10919.483333333334,213.26666666666668,4,{},deviant
107653,Evaluacion curso,2016-02-18 00:42:04,2016-02-18 00:44:45,2016-02-18 03:38:17,22438,94,0.07787298387096774,0,6,0,2,24140.883333333335,176.23333333333332,44.75,4,{},deviant
107801,Evaluacion curso,2016-02-18 02:35:00,2016-02-18 02:49:04,2016-02-18 03:44:52,1343,95,0.07787298387096774,0,6,2,2,24265.2,69.88333333333334,169.06666666666666,4,{},regular
45_CF,Radicar Solicitud Homologacion,2016-02-18 00:55:32,2016-02-18 03:30:38,2016-02-18 03:48:22,19019,95,0.10231854838709678,0,2,2,2,24258.616666666665,111.55,162.48333333333332,4,{},regular
107653,Validar solicitud / pre-homologacion,2016-02-18 03:38:17,2016-02-18 03:51:42,2016-02-18 03:51:42,22475,94,0.012852822580645162,0,7,3,2,24327.833333333332,186.95,231.7,4,{},deviant
107801,Validacion final,2016-02-18 03:44:52,2016-02-18 04:09:16,2016-02-18 04:09:16,22475,94,0.010080645161290322,0,7,4,2,24345.4,80.2,249.26666666666668,4,{},regular
107801,Visto Bueno Cierre Proceso,2016-02-18 04:09:16,2016-02-18 04:24:23,2016-02-18 04:24:23,1343,93,0.03276209677419355,0,8,4,2,24360.516666666666,15.116666666666667,264.3833333333333,4,{},regular
107253,Notificacion estudiante cancelacion soli,2016-02-18 01:17:02,2016-02-18 05:10:03,2016-02-18 05:10:03,677,95,0.0,0,6,5,2,24406.183333333334,233.01666666666668,310.05,4,{},deviant
107003,Revisar curso,2016-02-17 19:25:23,2016-02-18 05:02:07,2016-02-18 05:17:29,49,94,0.04788306451612903,0,4,5,2,24398.25,577.5666666666667,302.1166666666667,4,{},deviant
106802,Revisar curso,2016-02-17 22:05:19,2016-02-18 04:22:01,2016-02-18 05:27:19,26757,95,0.04788306451612903,0,4,4,2,24358.15,761.4833333333333,262.01666666666665,4,{},deviant
45_CF,Validar solicitud,2016-02-18 03:48:22,2016-02-18 04:51:10,2016-02-18 05:40:33,22475,94,0.24168346774193547,0,3,4,2,24387.3,128.68333333333334,291.1666666666667,4,{},regular
106203,Homologacion por grupo de cursos,2016-02-18 01:38:33,2016-02-18 04:33:15,2016-02-18 06:56:33,7311,95,0.5632560483870968,0,6,4,2,24369.383333333335,307.9,273.25,4,{},regular
45_CF,Revisar curso,2016-02-18 05:40:33,2016-02-18 06:55:37,2016-02-18 07:03:31,22475,91,0.04788306451612903,0,4,6,2,24511.75,124.45,415.6166666666667,4,{},regular
106953,Validar solicitud,2016-02-16 07:21:30,2016-02-18 07:14:28,2016-02-18 07:50:23,241,90,0.24168346774193547,0,3,7,2,24530.6,2873.0333333333333,434.46666666666664,4,{},deviant
45_CF,Homologacion por grupo de cursos,2016-02-18 07:03:31,2016-02-18 08:04:41,2016-02-18 08:09:38,1343,91,0.5632560483870968,0,5,8,2,24580.816666666666,69.06666666666666,484.68333333333334,4,{},regular
45_CF,Evaluacion curso,2016-02-18 08:09:38,2016-02-18 08:09:42,2016-02-18 08:15:19,1343,93,0.07787298387096774,0,6,8,2,24585.833333333332,5.016666666666667,489.7,4,{},regular
45_CF,Validacion final,2016-02-18 08:15:19,2016-02-18 08:15:23,2016-02-18 08:16:56,22475,93,0.010080645161290322,0,7,8,2,24591.516666666666,5.683333333333334,495.3833333333333,4,{},regular
45_CF,Visto Bueno Cierre Proceso,2016-02-18 08:16:56,2016-02-18 08:17:00,2016-02-18 08:18:07,1343,93,0.03276209677419355,0,8,8,2,24593.133333333335,1.6166666666666667,497.0,4,{},regular
106203,Validacion final,2016-02-18 06:56:33,2016-02-18 09:33:08,2016-02-18 09:33:20,294,91,0.010080645161290322,0,7,9,2,24669.266666666666,299.8833333333333,573.1333333333333,4,{},regular
106451,Homologacion por grupo de cursos,2016-02-17 21:11:38,2016-02-18 03:48:22,2016-02-18 11:04:31,19019,94,0.5632560483870968,6,6,2,2,24264.483333333334,1097.6666666666667,168.35,4,{},deviant
107755,Traer informacion estudiante - banner,2016-02-18 11:34:03,2016-02-18 11:34:03,2016-02-18 11:34:03,7836,93,0.0,0,1,11,2,24790.183333333334,24790.183333333334,694.05,4,{},deviant
101854,Notificacion estudiante cancelacion soli,2016-02-10 15:14:25,2016-02-18 11:47:09,2016-02-18 11:47:09,677,95,0.0,0,4,11,2,24803.283333333333,11320.733333333334,707.15,4,{},deviant
107101,Homologacion por grupo de cursos,2016-02-18 01:38:07,2016-02-18 11:04:31,2016-02-18 12:02:53,19019,95,0.5632560483870968,0,5,2,2,24273.4,130.91666666666666,177.26666666666668,4,{},deviant
107103,Validar solicitud / pre-homologacion,2016-02-18 02:37:08,2016-02-18 12:02:53,2016-02-18 12:02:53,19019,95,0.012852822580645162,0,7,3,2,24288.4,128.63333333333333,192.26666666666668,4,{},deviant
107804,Traer informacion estudiante - banner,2016-02-18 03:13:43,2016-02-18 12:02:53,2016-02-18 12:02:53,19019,95,0.0,4,1,3,2,24289.85,24289.85,193.71666666666667,4,{},regular
107006,Validar solicitud,2016-02-17 14:48:51,2016-02-18 12:08:32,2016-02-18 12:08:32,22475,94,0.24168346774193547,0,4,12,2,24824.666666666668,1282.25,728.5333333333333,4,{},regular
107102,Homologacion por grupo de cursos,2016-02-18 02:29:52,2016-02-18 12:02:53,2016-02-18 13:01:13,19019,95,0.5632560483870968,0,5,3,2,24316.183333333334,157.38333333333333,220.05,4,{},deviant
101901,Notificacion estudiante cancelacion soli,2016-02-10 16:06:57,2016-02-18 13:05:03,2016-02-18 13:05:03,677,96,0.0,0,4,13,2,24881.183333333334,11346.1,785.05,4,{},deviant
106851,Revisar curso,2016-02-17 11:25:09,2016-02-18 10:45:15,2016-02-18 13:09:30,22534,94,0.04788306451612903,0,4,10,2,24741.383333333335,1401.1,645.25,4,{},regular
107101,Evaluacion curso,2016-02-18 12:02:53,2016-02-18 13:07:19,2016-02-18 13:14:38,26757,92,0.07787298387096774,0,6,13,2,24883.45,610.05,787.3166666666667,4,{},deviant
106551,Revisar curso,2016-02-17 13:12:33,2016-02-18 12:09:56,2016-02-18 13:37:26,1707,94,0.04788306451612903,0,4,12,2,24826.066666666666,1450.8,729.9333333333333,4,{},regular
106202,Homologacion por grupo de cursos,2016-02-17 12:48:19,2016-02-18 11:22:22,2016-02-18 13:45:42,7311,94,0.5632560483870968,0,5,11,2,24778.5,1427.9666666666667,682.3666666666667,4,{},regular
106203,Visto Bueno Cierre Proceso,2016-02-18 09:33:20,2016-02-18 13:45:42,2016-02-18 13:55:34,7311,92,0.03276209677419355,0,8,12,2,24828.55,159.28333333333333,732.4166666666666,4,{},regular
106701,Homologacion por grupo de cursos,2016-02-17 18:18:46,2016-02-18 13:01:13,2016-02-18 13:59:36,19019,95,0.5632560483870968,6,5,4,2,24342.116666666665,638.9833333333333,245.98333333333332,4,{},deviant
1_CF,Traer informacion estudiante - banner,2016-02-18 07:21:14,2016-02-18 13:59:36,2016-02-18 14:00:37,19019,92,0.0,5,1,7,2,24537.366666666665,24537.366666666665,441.23333333333335,4,{},regular
20_CF,Traer informacion estudiante - banner,2016-02-18 07:42:56,2016-02-18 14:00:37,2016-02-18 14:01:38,19019,93,0.0,6,1,7,2,24559.066666666666,24559.066666666666,462.93333333333334,4,{},regular
107102,Evaluacion curso,2016-02-18 13:01:13,2016-02-18 13:54:59,2016-02-18 14:02:17,26757,91,0.07787298387096774,0,6,13,2,24931.116666666665,614.9333333333333,834.9833333333333,4,{},deviant
106802,Homologacion por grupo de cursos,2016-02-18 05:27:19,2016-02-18 14:01:38,2016-02-18 15:12:15,19019,91,0.5632560483870968,5,5,11,2,24809.433333333334,451.28333333333336,713.3,4,{},deviant
107805,Traer informacion estudiante - banner,2016-02-18 14:12:41,2016-02-18 15:12:15,2016-02-18 15:12:15,19019,90,0.0,0,1,14,2,24948.816666666666,24948.816666666666,852.6833333333333,4,{},regular
107804,Radicar Solicitud Homologacion,2016-02-18 12:02:53,2016-02-18 15:12:15,2016-02-18 15:12:26,19019,91,0.10231854838709678,5,2,14,2,24988.8,698.95,892.6666666666666,4,{},regular
107101,Validar solicitud / pre-homologacion,2016-02-18 13:14:38,2016-02-18 15:14:01,2016-02-18 15:14:01,19019,90,0.012852822580645162,3,7,15,2,25010.15,126.7,914.0166666666667,4,{},deviant
107755,Radicar Solicitud Homologacion,2016-02-18 11:34:03,2016-02-18 15:23:38,2016-02-18 15:30:46,7836,93,0.10231854838709678,0,2,15,2,25019.766666666666,229.58333333333334,923.6333333333333,4,{},deviant
107102,Validar solicitud / pre-homologacion,2016-02-18 14:02:17,2016-02-18 15:50:50,2016-02-18 15:50:50,19019,89,0.012852822580645162,0,7,15,2,25046.966666666667,115.85,950.8333333333334,4,{},deviant
102257,Homologacion por grupo de cursos,2016-02-17 09:14:39,2016-02-18 10:04:57,2016-02-18 16:08:01,3445,98,0.5632560483870968,0,6,10,2,24701.083333333332,1838.3,604.95,4,{},regular
104753,Notificacion estudiante cancelacion soli,2016-02-13 03:18:14,2016-02-18 16:15:36,2016-02-18 16:15:36,1,88,0.0,0,4,16,2,25071.733333333334,7987.05,975.6,4,{},deviant
101801,Cancelar Solicitud,2016-02-09 17:21:28,2016-02-18 11:34:36,2016-02-18 16:46:15,9335,90,0.26537298387096775,0,4,11,2,24790.733333333334,12615.566666666668,694.6,4,{},deviant
106451,Validar solicitud / pre-homologacion,2016-02-18 11:04:31,2016-02-18 16:43:59,2016-02-18 16:49:34,19019,92,0.012852822580645162,7,7,16,2,25100.116666666665,835.6333333333333,1003.9833333333333,4,{},deviant
107758,Traer informacion estudiante - banner,2016-02-18 17:08:57,2016-02-18 17:08:57,2016-02-18 17:08:57,9420,87,0.0,0,1,17,2,25125.083333333332,25125.083333333332,1028.95,4,{},deviant
20_CF,Radicar Solicitud Homologacion,2016-02-18 14:01:38,2016-02-18 17:31:23,2016-02-18 17:42:18,19019,89,0.10231854838709678,1,2,17,2,25147.516666666666,588.45,1051.3833333333334,4,{},regular
1_CF,Radicar Solicitud Homologacion,2016-02-18 14:00:37,2016-02-18 17:42:18,2016-02-18 17:53:10,19019,89,0.10231854838709678,2,2,17,2,25151.183333333334,613.8166666666667,1055.05,4,{},regular
107760,Traer informacion estudiante - banner,2016-02-18 18:11:45,2016-02-18 18:11:45,2016-02-18 18:11:45,19019,88,0.0,0,1,18,2,25187.883333333335,25187.883333333335,1091.75,4,{},regular
107902,Radicar Solicitud Homologacion,2016-02-18 19:02:33,2016-02-18 19:02:33,2016-02-18 19:02:33,19019,89,0.10231854838709678,0,1,19,2,25238.683333333334,25238.683333333334,1142.55,4,{},deviant
107805,Radicar Solicitud Homologacion,2016-02-18 15:12:15,2016-02-18 19:24:51,2016-02-18 19:24:57,19019,90,0.10231854838709678,1,2,19,2,25260.983333333334,312.1666666666667,1164.85,4,{},regular
107804,Validar solicitud,2016-02-18 15:12:26,2016-02-18 19:32:29,2016-02-18 19:34:46,659,90,0.24168346774193547,0,3,19,2,25268.616666666665,279.81666666666666,1172.4833333333333,4,{},regular
106802,Evaluacion curso,2016-02-18 15:12:15,2016-02-18 19:31:17,2016-02-18 19:37:19,26757,90,0.07787298387096774,0,6,19,2,25267.416666666668,457.98333333333335,1171.2833333333333,4,{},deviant
107851,Traer informacion estudiante - banner,2016-02-18 19:54:41,2016-02-18 19:54:41,2016-02-18 19:54:41,9420,89,0.0,0,1,19,2,25290.816666666666,25290.816666666666,1194.6833333333334,4,{},deviant
106701,Evaluacion curso,2016-02-18 13:59:36,2016-02-18 20:52:16,2016-02-18 20:59:37,26757,89,0.07787298387096774,0,6,20,2,25348.4,1006.2833333333333,1252.2666666666667,4,{},deviant
107758,Radicar Solicitud Homologacion,2016-02-18 17:08:57,2016-02-18 21:20:39,2016-02-18 21:22:44,9420,87,0.10231854838709678,0,2,21,2,25376.783333333333,251.7,1280.65,4,{},deviant
107654,Cancelar Solicitud,2016-02-18 03:30:38,2016-02-18 20:40:18,2016-02-18 22:50:36,19019,95,0.26537298387096775,5,4,20,2,25336.433333333334,1121.6666666666667,1240.3,4,{},deviant
107852,Traer informacion estudiante - banner,2016-02-18 21:27:09,2016-02-18 22:50:36,2016-02-18 22:50:36,19019,90,0.0,0,1,21,2,25383.283333333333,25383.283333333333,1287.15,4,{},deviant
107760,Radicar Solicitud Homologacion,2016-02-18 18:11:45,2016-02-18 22:50:36,2016-02-18 22:50:50,19019,88,0.10231854838709678,0,2,22,2,25430.566666666666,242.68333333333334,1334.4333333333334,4,{},regular
107855,Traer informacion estudiante - banner,2016-02-18 23:03:11,2016-02-18 23:03:11,2016-02-18 23:03:11,8160,91,0.0,0,1,23,2,25479.316666666666,25479.316666666666,1383.1833333333334,4,{},deviant
20_CF,Validar solicitud,2016-02-18 17:42:18,2016-02-18 22:39:00,2016-02-18 23:12:29,659,87,0.24168346774193547,0,3,22,2,25455.133333333335,307.6166666666667,1359.0,4,{},regular
106802,Validar solicitud / pre-homologacion,2016-02-18 19:37:19,2016-02-18 23:36:49,2016-02-18 23:36:49,19019,88,0.012852822580645162,0,7,23,2,25512.95,245.53333333333333,1416.8166666666666,4,{},deviant
1_CF,Validar solicitud,2016-02-18 17:53:10,2016-02-18 23:12:29,2016-02-18 23:44:56,659,87,0.24168346774193547,0,3,22,2,25470.6,319.4166666666667,1374.4666666666667,4,{},regular
107851,Radicar Solicitud Homologacion,2016-02-18 19:54:41,2016-02-18 23:48:32,2016-02-19 00:00:46,9420,89,0.10231854838709678,0,2,23,2,25524.666666666668,233.85,1428.5333333333333,4,{},deviant
108001,Traer informacion estudiante - banner,2016-02-19 00:37:59,2016-02-19 00:37:59,2016-02-19 00:37:59,7836,91,0.0,0,1,0,2,25574.116666666665,25574.116666666665,37.983333333333334,5,{},deviant
107804,Revisar curso,2016-02-18 19:34:46,2016-02-19 01:05:46,2016-02-19 01:05:48,659,88,0.04788306451612903,0,4,1,2,25601.9,333.28333333333336,65.76666666666667,5,{},regular
108001,Radicar Solicitud Homologacion,2016-02-19 00:37:59,2016-02-19 01:13:04,2016-02-19 01:13:04,7836,91,0.10231854838709678,0,2,1,2,25609.2,35.083333333333336,73.06666666666666,5,{},deviant
107851,Revisar curso,2016-02-19 00:00:46,2016-02-19 01:26:42,2016-02-19 01:26:42,677,90,0.04788306451612903,0,3,1,2,25622.833333333332,98.16666666666667,86.7,5,{},deviant
107851,Evaluacion curso,2016-02-19 01:26:42,2016-02-19 01:26:46,2016-02-19 01:34:11,7331,91,0.07787298387096774,0,4,1,2,25622.9,0.06666666666666667,86.76666666666667,5,{},deviant
107851,Validar solicitud,2016-02-19 01:34:11,2016-02-19 01:34:15,2016-02-19 01:34:15,677,91,0.24168346774193547,0,5,1,2,25630.383333333335,7.483333333333333,94.25,5,{},deviant
107851,Homologacion por grupo de cursos,2016-02-19 01:34:15,2016-02-19 01:34:19,2016-02-19 01:50:45,677,91,0.5632560483870968,0,6,1,2,25630.45,0.06666666666666667,94.31666666666666,5,{},deviant
107804,Evaluacion curso,2016-02-19 01:05:48,2016-02-19 01:51:05,2016-02-19 01:51:42,659,91,0.07787298387096774,0,5,1,2,25647.216666666667,45.31666666666667,111.08333333333333,5,{},regular
107804,Validacion final,2016-02-19 01:51:42,2016-02-19 01:51:46,2016-02-19 01:51:46,659,91,0.010080645161290322,0,6,1,2,25647.9,0.6833333333333333,111.76666666666667,5,{},regular
107851,Validar solicitud / pre-homologacion,2016-02-19 01:50:45,2016-02-19 01:50:49,2016-02-19 01:59:50,677,91,0.012852822580645162,0,7,1,2,25646.95,16.5,110.81666666666666,5,{},deviant
107852,Radicar Solicitud Homologacion,2016-02-18 22:50:36,2016-02-19 02:19:29,2016-02-19 02:19:36,19019,90,0.10231854838709678,1,2,2,2,25675.616666666665,292.3333333333333,139.48333333333332,5,{},deviant
107855,Radicar Solicitud Homologacion,2016-02-18 23:03:11,2016-02-19 02:23:56,2016-02-19 02:24:05,8160,91,0.10231854838709678,0,2,2,2,25680.066666666666,200.75,143.93333333333334,5,{},deviant
107805,Validar solicitud,2016-02-18 19:24:57,2016-02-19 02:31:12,2016-02-19 02:33:25,659,88,0.24168346774193547,0,3,2,2,25687.333333333332,426.35,151.2,5,{},regular
106701,Validar solicitud / pre-homologacion,2016-02-18 20:59:37,2016-02-19 02:46:27,2016-02-19 02:46:27,19019,89,0.012852822580645162,0,7,2,2,25702.583333333332,354.18333333333334,166.45,5,{},deviant
108052,Traer informacion estudiante - banner,2016-02-19 03:03:00,2016-02-19 03:03:00,2016-02-19 03:03:00,8824,90,0.0,0,1,3,2,25719.133333333335,25719.133333333335,183.0,5,{},regular
107758,Validar solicitud,2016-02-18 21:22:44,2016-02-19 02:54:40,2016-02-19 03:10:12,677,89,0.24168346774193547,0,3,2,2,25710.8,334.01666666666665,174.66666666666666,5,{},deviant
105451,Validacion final,2016-02-18 02:06:27,2016-02-19 03:05:28,2016-02-19 03:13:41,19019,95,0.010080645161290322,0,7,3,2,25721.6,1746.7166666666667,185.46666666666667,5,{},regular
107755,Cancelar Solicitud,2016-02-18 15:30:46,2016-02-19 03:19:43,2016-02-19 03:19:43,7836,89,0.26537298387096775,0,3,3,2,25735.85,716.0833333333334,199.71666666666667,5,{},deviant
107804,Homologacion por grupo de cursos,2016-02-19 01:51:46,2016-02-19 01:51:50,2016-02-19 03:44:18,1422,91,0.5632560483870968,0,7,1,2,25647.966666666667,0.06666666666666667,111.83333333333333,5,{},regular
4_CF,Traer informacion estudiante - banner,2016-02-19 03:45:59,2016-02-19 03:45:59,2016-02-19 03:47:32,8824,91,0.0,0,1,3,2,25762.116666666665,25762.116666666665,225.98333333333332,5,{},regular
108052,Radicar Solicitud Homologacion,2016-02-19 03:03:00,2016-02-19 03:52:44,2016-02-19 03:52:44,8824,90,0.10231854838709678,0,2,3,2,25768.866666666665,49.733333333333334,232.73333333333332,5,{},regular
100102,Notificacion estudiante cancelacion soli,2016-02-11 18:07:43,2016-02-19 04:01:27,2016-02-19 04:01:27,7071,88,0.0,0,5,4,2,25777.583333333332,10781.3,241.45,5,{},deviant
107760,Validar solicitud,2016-02-18 22:50:50,2016-02-19 04:07:04,2016-02-19 04:07:24,659,90,0.24168346774193547,0,3,4,2,25783.2,352.6333333333333,247.06666666666666,5,{},regular
107855,Validar solicitud,2016-02-19 02:24:05,2016-02-19 04:08:42,2016-02-19 04:19:13,677,90,0.24168346774193547,0,3,4,2,25784.833333333332,104.76666666666667,248.7,5,{},deviant
107852,Validar solicitud,2016-02-19 02:19:36,2016-02-19 04:19:13,2016-02-19 04:30:48,677,90,0.24168346774193547,0,3,4,2,25785.766666666666,110.15,249.63333333333333,5,{},deviant
4_CF,Radicar Solicitud Homologacion,2016-02-19 03:47:32,2016-02-19 04:44:48,2016-02-19 05:02:24,9519,91,0.10231854838709678,0,2,4,2,25820.933333333334,58.81666666666667,284.8,5,{},regular
20_CF,Revisar curso,2016-02-18 23:12:29,2016-02-19 05:05:41,2016-02-19 05:07:55,659,91,0.04788306451612903,1,4,5,2,25841.816666666666,386.68333333333334,305.68333333333334,5,{},regular
107004,Cancelar Solicitud,2016-02-16 20:07:46,2016-02-19 05:31:44,2016-02-19 05:32:21,22475,92,0.26537298387096775,0,3,5,2,25867.866666666665,3444.133333333333,331.73333333333335,5,{},deviant
107804,Visto Bueno Cierre Proceso,2016-02-19 03:44:18,2016-02-19 03:44:22,2016-02-19 05:36:10,1422,90,0.03276209677419355,0,8,3,2,25760.5,112.53333333333333,224.36666666666667,5,{},regular
107855,Revisar curso,2016-02-19 04:19:13,2016-02-19 05:39:04,2016-02-19 05:39:04,677,90,0.04788306451612903,1,4,5,2,25875.2,90.36666666666666,339.06666666666666,5,{},deviant
107758,Revisar curso,2016-02-19 03:10:12,2016-02-19 05:41:42,2016-02-19 05:41:42,677,90,0.04788306451612903,0,4,5,2,25877.833333333332,167.03333333333333,341.7,5,{},deviant
107758,Evaluacion curso,2016-02-19 05:41:42,2016-02-19 05:41:46,2016-02-19 05:41:47,7304,89,0.07787298387096774,0,5,5,2,25877.9,0.06666666666666667,341.76666666666665,5,{},deviant
107855,Evaluacion curso,2016-02-19 05:39:04,2016-02-19 05:39:08,2016-02-19 05:46:27,7331,89,0.07787298387096774,0,5,5,2,25875.266666666666,0.06666666666666667,339.1333333333333,5,{},deviant
1_CF,Revisar curso,2016-02-18 23:44:56,2016-02-19 05:47:16,2016-02-19 05:49:03,659,90,0.04788306451612903,0,4,5,2,25883.4,412.8,347.26666666666665,5,{},regular
107758,Homologacion por grupo de cursos,2016-02-19 05:41:47,2016-02-19 05:41:51,2016-02-19 05:54:55,677,89,0.5632560483870968,0,6,5,2,25877.983333333334,0.08333333333333333,341.85,5,{},deviant
107855,Homologacion por grupo de cursos,2016-02-19 05:46:27,2016-02-19 05:54:55,2016-02-19 06:11:17,677,89,0.5632560483870968,0,6,5,2,25882.65,7.383333333333334,346.51666666666665,5,{},deviant
107852,Revisar curso,2016-02-19 04:30:48,2016-02-19 06:11:17,2016-02-19 06:11:17,677,90,0.04788306451612903,0,4,5,2,25890.316666666666,104.55,354.18333333333334,5,{},deviant
107758,Validar solicitud / pre-homologacion,2016-02-19 05:54:55,2016-02-19 06:11:17,2016-02-19 06:24:19,677,89,0.012852822580645162,2,7,5,2,25891.116666666665,13.133333333333333,354.98333333333335,5,{},deviant
20_CF,Evaluacion curso,2016-02-19 05:07:55,2016-02-19 06:22:05,2016-02-19 06:24:54,659,90,0.07787298387096774,0,5,6,2,25918.216666666667,76.4,382.0833333333333,5,{},regular
20_CF,Validacion final,2016-02-19 06:24:54,2016-02-19 06:24:58,2016-02-19 06:26:10,659,88,0.010080645161290322,0,6,6,2,25921.1,2.8833333333333333,384.96666666666664,5,{},regular
20_CF,Homologacion por grupo de cursos,2016-02-19 06:26:10,2016-02-19 06:26:14,2016-02-19 06:27:37,1422,88,0.5632560483870968,0,7,6,2,25922.366666666665,1.2666666666666666,386.23333333333335,5,{},regular
20_CF,Visto Bueno Cierre Proceso,2016-02-19 06:27:37,2016-02-19 06:27:41,2016-02-19 06:28:39,1422,88,0.03276209677419355,0,8,6,2,25923.816666666666,1.45,387.68333333333334,5,{},regular
107855,Validar solicitud / pre-homologacion,2016-02-19 06:11:17,2016-02-19 06:24:19,2016-02-19 06:33:22,677,89,0.012852822580645162,2,7,6,2,25907.483333333334,24.833333333333332,371.35,5,{},deviant
1_CF,Evaluacion curso,2016-02-19 05:49:03,2016-02-19 06:34:42,2016-02-19 06:37:01,659,89,0.07787298387096774,0,5,6,2,25930.833333333332,47.43333333333333,394.7,5,{},regular
1_CF,Validacion final,2016-02-19 06:37:01,2016-02-19 06:37:05,2016-02-19 06:38:12,659,86,0.010080645161290322,0,6,6,2,25933.216666666667,2.3833333333333333,397.0833333333333,5,{},regular
1_CF,Homologacion por grupo de cursos,2016-02-19 06:38:12,2016-02-19 06:38:16,2016-02-19 06:39:34,1422,86,0.5632560483870968,0,7,6,2,25934.4,1.1833333333333333,398.26666666666665,5,{},regular
1_CF,Visto Bueno Cierre Proceso,2016-02-19 06:39:34,2016-02-19 06:39:38,2016-02-19 06:40:33,1422,86,0.03276209677419355,0,8,6,2,25935.766666666666,1.3666666666666667,399.6333333333333,5,{},regular
107654,Revisar curso,2016-02-18 22:50:36,2016-02-19 06:53:12,2016-02-19 06:53:12,19019,90,0.04788306451612903,2,5,6,2,25949.333333333332,612.9,413.2,5,{},deviant
9_CF,Traer informacion estudiante - banner,2016-02-19 07:05:44,2016-02-19 07:05:44,2016-02-19 07:07:09,8824,86,0.0,0,1,7,2,25961.866666666665,25961.866666666665,425.73333333333335,5,{},regular
9_CF,Radicar Solicitud Homologacion,2016-02-19 07:07:09,2016-02-19 07:50:37,2016-02-19 08:03:48,9519,86,0.10231854838709678,0,2,7,2,26006.75,44.88333333333333,470.6166666666667,5,{},regular
107760,Validacion final,2016-02-19 04:07:24,2016-02-19 08:28:57,2016-02-19 08:28:57,659,90,0.010080645161290322,0,4,8,2,26045.083333333332,261.8833333333333,508.95,5,{},regular
106202,Evaluacion curso,2016-02-18 13:45:42,2016-02-19 08:11:11,2016-02-19 09:10:38,294,90,0.07787298387096774,0,6,8,2,26027.316666666666,1248.8166666666666,491.18333333333334,5,{},regular
107805,Revisar curso,2016-02-19 02:33:25,2016-02-19 07:05:43,2016-02-19 09:14:17,22534,90,0.04788306451612903,0,4,7,2,25961.85,274.51666666666665,425.71666666666664,5,{},regular
107006,Revisar curso,2016-02-18 12:08:32,2016-02-19 08:35:21,2016-02-19 09:47:45,26757,91,0.04788306451612903,0,5,8,2,26051.483333333334,1226.8166666666666,515.35,5,{},regular
107760,Homologacion por grupo de cursos,2016-02-19 08:28:57,2016-02-19 08:29:01,2016-02-19 10:20:48,1422,86,0.5632560483870968,0,5,8,2,26045.15,0.06666666666666667,509.01666666666665,5,{},regular
102353,Revisar curso,2016-02-17 07:08:34,2016-02-19 12:22:42,2016-02-19 12:22:42,19019,98,0.04788306451612903,5,5,12,2,26278.833333333332,3480.5833333333335,742.7,5,{},deviant
107852,Homologacion por grupo de cursos,2016-02-19 06:11:17,2016-02-19 06:33:22,2016-02-19 13:00:45,677,89,0.5632560483870968,1,5,6,2,25907.483333333334,17.166666666666668,371.35,5,{},deviant
102257,Validacion final,2016-02-18 16:08:01,2016-02-19 13:00:45,2016-02-19 13:07:17,677,88,0.010080645161290322,0,7,8,2,26032.866666666665,1331.7833333333333,496.73333333333335,5,{},regular
22_CF,Traer informacion estudiante - banner,2016-02-19 13:11:35,2016-02-19 13:11:35,2016-02-19 13:13:01,8824,87,0.0,0,1,13,2,26327.716666666667,26327.716666666667,791.5833333333334,5,{},regular
107003,Cancelar Solicitud,2016-02-18 05:17:29,2016-02-19 13:15:26,2016-02-19 14:22:44,22829,91,0.26537298387096775,0,5,13,2,26331.566666666666,1933.3166666666666,795.4333333333333,5,{},deviant
22_CF,Radicar Solicitud Homologacion,2016-02-19 13:13:01,2016-02-19 14:33:39,2016-02-19 14:49:07,8824,87,0.10231854838709678,0,2,14,2,26409.783333333333,82.06666666666666,873.65,5,{},regular
104202,Notificacion estudiante cancelacion soli,2016-02-13 01:53:18,2016-02-19 15:06:03,2016-02-19 15:06:03,669,89,0.0,0,4,15,2,26442.183333333334,9437.466666666667,906.05,5,{},deviant
106851,Homologacion por grupo de cursos,2016-02-18 13:09:30,2016-02-19 11:08:23,2016-02-19 15:31:46,1343,90,0.5632560483870968,0,5,11,2,26204.516666666666,1463.1333333333334,668.3833333333333,5,{},regular
107805,Homologacion por grupo de cursos,2016-02-19 09:14:17,2016-02-19 10:20:48,2016-02-19 16:02:18,1422,86,0.5632560483870968,0,5,9,2,26090.483333333334,128.63333333333333,554.35,5,{},regular
107805,Evaluacion curso,2016-02-19 16:02:18,2016-02-19 16:02:22,2016-02-19 16:20:30,22534,86,0.07787298387096774,0,6,16,2,26498.5,408.01666666666665,962.3666666666667,5,{},regular
107805,Validacion final,2016-02-19 16:20:30,2016-02-19 16:20:34,2016-02-19 16:23:27,659,86,0.010080645161290322,0,7,16,2,26516.7,18.2,980.5666666666667,5,{},regular
48_CF,Traer informacion estudiante - banner,2016-02-19 17:21:01,2016-02-19 17:21:01,2016-02-19 17:22:11,8824,87,0.0,0,1,17,2,26577.15,26577.15,1041.0166666666667,5,{},regular
108053,Traer informacion estudiante - banner,2016-02-19 17:29:38,2016-02-19 17:29:38,2016-02-19 17:29:38,8824,88,0.0,0,1,17,2,26585.766666666666,26585.766666666666,1049.6333333333334,5,{},regular
107760,Visto Bueno Cierre Proceso,2016-02-19 10:20:48,2016-02-19 16:02:18,2016-02-19 17:54:05,1422,86,0.03276209677419355,1,6,10,2,26157.0,111.85,620.8666666666667,5,{},regular
106954,Cancelar Solicitud,2016-02-16 13:58:14,2016-02-19 17:46:11,2016-02-19 18:06:46,241,91,0.26537298387096775,0,3,17,2,26602.316666666666,4548.016666666666,1066.1833333333334,5,{},deviant
108053,Radicar Solicitud Homologacion,2016-02-19 17:29:38,2016-02-19 18:23:41,2016-02-19 18:23:41,8824,88,0.10231854838709678,0,2,18,2,26639.816666666666,54.05,1103.6833333333334,5,{},regular
48_CF,Radicar Solicitud Homologacion,2016-02-19 17:22:11,2016-02-19 18:18:28,2016-02-19 18:30:56,9519,87,0.10231854838709678,0,2,18,2,26634.6,57.45,1098.4666666666667,5,{},regular
102257,Visto Bueno Cierre Proceso,2016-02-19 13:07:17,2016-02-19 18:56:39,2016-02-19 19:05:11,3445,86,0.03276209677419355,0,8,18,2,26672.783333333333,639.9166666666666,1136.65,5,{},regular
105451,Visto Bueno Cierre Proceso,2016-02-19 03:13:41,2016-02-19 18:46:11,2016-02-19 19:26:37,1007,90,0.03276209677419355,0,8,18,2,26662.316666666666,940.7166666666667,1126.1833333333334,5,{},regular
107852,Cancelar curso,2016-02-19 13:00:45,2016-02-19 13:07:17,2016-02-19 19:34:40,677,86,0.0010080645161290322,1,6,13,2,26316.95,409.46666666666664,780.8166666666667,5,{},deviant
9_CF,Cancelar Solicitud,2016-02-19 08:03:48,2016-02-19 19:37:23,2016-02-19 19:40:19,659,86,0.26537298387096775,0,3,19,2,26713.516666666666,706.7666666666667,1177.3833333333334,5,{},regular
108052,Validar solicitud,2016-02-19 03:52:44,2016-02-19 19:34:40,2016-02-19 19:43:21,677,91,0.24168346774193547,0,3,14,2,26419.833333333332,650.9666666666667,883.7,5,{},regular
108054,Traer informacion estudiante - banner,2016-02-19 19:47:09,2016-02-19 19:47:09,2016-02-19 19:47:09,8824,85,0.0,0,1,19,2,26723.283333333333,26723.283333333333,1187.15,5,{},regular
106202,Validacion final,2016-02-19 09:10:38,2016-02-19 20:43:31,2016-02-19 20:43:34,294,86,0.010080645161290322,0,7,20,2,26779.65,752.3333333333334,1243.5166666666667,5,{},regular
107805,Visto Bueno Cierre Proceso,2016-02-19 16:23:27,2016-02-19 17:54:05,2016-02-19 21:05:59,1422,86,0.03276209677419355,0,8,16,2,26519.65,2.95,983.5166666666667,5,{},regular
106551,Homologacion por grupo de cursos,2016-02-18 13:37:26,2016-02-19 19:01:07,2016-02-19 21:07:41,15930,90,0.5632560483870968,0,5,19,2,26677.25,1851.1833333333334,1141.1166666666666,5,{},regular
108055,Traer informacion estudiante - banner,2016-02-19 21:15:12,2016-02-19 21:15:12,2016-02-19 21:15:12,26780,85,0.0,0,1,21,2,26811.333333333332,26811.333333333332,1275.2,5,{},regular
108054,Radicar Solicitud Homologacion,2016-02-19 19:47:09,2016-02-19 21:26:04,2016-02-19 21:26:04,8824,85,0.10231854838709678,0,2,21,2,26822.2,98.91666666666667,1286.0666666666666,5,{},regular
108055,Radicar Solicitud Homologacion,2016-02-19 21:15:12,2016-02-19 22:02:45,2016-02-19 22:04:37,26780,85,0.10231854838709678,0,2,22,2,26858.883333333335,47.55,1322.75,5,{},regular
108057,Traer informacion estudiante - banner,2016-02-19 22:17:55,2016-02-19 22:17:55,2016-02-19 22:17:55,19019,86,0.0,0,1,22,2,26874.05,26874.05,1337.9166666666667,5,{},regular
108057,Radicar Solicitud Homologacion,2016-02-19 22:17:55,2016-02-19 23:03:17,2016-02-19 23:03:38,19019,86,0.10231854838709678,0,2,23,2,26919.416666666668,45.36666666666667,1383.2833333333333,5,{},regular
108060,Traer informacion estudiante - banner,2016-02-19 23:37:47,2016-02-19 23:37:47,2016-02-19 23:37:47,8461,87,0.0,0,1,23,2,26953.916666666668,26953.916666666668,1417.7833333333333,5,{},deviant
108060,Radicar Solicitud Homologacion,2016-02-19 23:37:47,2016-02-20 00:44:08,2016-02-20 00:44:45,8461,87,0.10231854838709678,0,2,0,2,27020.266666666666,66.35,44.13333333333333,6,{},deviant
108103,Cancelar Solicitud,2016-02-20 00:52:27,2016-02-20 00:52:27,2016-02-20 00:53:59,19019,88,0.26537298387096775,0,1,0,2,27028.583333333332,27028.583333333332,52.45,6,{},deviant
108001,Cancelar Solicitud,2016-02-19 01:13:04,2016-02-20 01:33:43,2016-02-20 01:33:43,7836,91,0.26537298387096775,0,3,1,2,27069.85,1460.65,93.71666666666667,6,{},deviant
0_CF,Revisar curso,2016-02-17 01:57:21,2016-02-20 01:45:10,2016-02-20 01:46:24,19019,95,0.04788306451612903,12,4,1,2,27081.3,5129.716666666666,105.16666666666667,6,{},regular
106851,Evaluacion curso,2016-02-19 15:31:46,2016-02-20 01:57:47,2016-02-20 02:16:04,22534,86,0.07787298387096774,0,6,1,2,27093.916666666668,889.4,117.78333333333333,6,{},regular
106202,Visto Bueno Cierre Proceso,2016-02-19 20:43:34,2016-02-20 02:40:57,2016-02-20 02:50:51,7311,85,0.03276209677419355,0,8,2,2,27137.083333333332,357.43333333333334,160.95,6,{},regular
106651,Notificacion estudiante cancelacion soli,2016-02-17 07:07:42,2016-02-20 03:17:34,2016-02-20 03:17:34,22475,98,0.0,0,4,3,2,27173.7,4481.45,197.56666666666666,6,{},deviant
107006,Homologacion por grupo de cursos,2016-02-19 09:47:45,2016-02-19 22:57:50,2016-02-20 03:21:22,1343,86,0.5632560483870968,0,6,22,2,26913.966666666667,862.4833333333333,1377.8333333333333,5,{},regular
108055,Validar solicitud,2016-02-19 22:04:37,2016-02-20 03:25:54,2016-02-20 03:28:01,22475,85,0.24168346774193547,0,3,3,2,27182.033333333333,323.15,205.9,6,{},regular
107254,Notificacion estudiante cancelacion soli,2016-02-18 01:39:16,2016-02-20 03:48:04,2016-02-20 03:48:04,677,95,0.0,0,4,3,2,27204.2,3025.016666666667,228.06666666666666,6,{},deviant
108053,Validar solicitud,2016-02-19 18:23:41,2016-02-20 04:44:10,2016-02-20 04:52:53,677,87,0.24168346774193547,1,3,4,2,27260.3,620.4833333333333,284.1666666666667,6,{},regular
104651,Notificacion estudiante cancelacion soli,2016-02-14 04:56:52,2016-02-20 05:04:14,2016-02-20 05:04:14,677,78,0.0,0,4,5,2,27280.366666666665,8720.316666666668,304.23333333333335,6,{},deviant
108104,Traer informacion estudiante - banner,2016-02-20 05:41:48,2016-02-20 05:41:48,2016-02-20 05:41:48,11568,86,0.0,0,1,5,2,27317.933333333334,27317.933333333334,341.8,6,{},deviant
108057,Validar solicitud,2016-02-19 23:03:38,2016-02-20 06:00:19,2016-02-20 06:49:24,1707,86,0.24168346774193547,0,3,6,2,27336.45,417.03333333333336,360.31666666666666,6,{},regular
105202,Cancelar Solicitud,2016-02-16 05:42:34,2016-02-20 08:21:32,2016-02-20 08:21:32,8121,92,0.26537298387096775,0,4,8,2,27477.666666666668,5919.233333333334,501.53333333333336,6,{},deviant
22_CF,Validar solicitud,2016-02-19 14:49:07,2016-02-20 08:33:53,2016-02-20 08:51:56,677,87,0.24168346774193547,1,3,8,2,27490.016666666666,1080.2333333333333,513.8833333333333,6,{},regular
108104,Radicar Solicitud Homologacion,2016-02-20 05:41:48,2016-02-20 09:10:11,2016-02-20 09:10:11,11568,86,0.10231854838709678,0,2,9,2,27526.316666666666,208.38333333333333,550.1833333333333,6,{},deviant
101501,Notificacion estudiante cancelacion soli,2016-02-10 18:52:58,2016-02-20 09:53:00,2016-02-20 09:53:00,241,97,0.0,0,4,9,2,27569.133333333335,13898.95,593.0,6,{},deviant
108103,Traer informacion estudiante - banner,2016-02-20 00:53:59,2016-02-20 10:35:50,2016-02-20 10:35:50,19019,88,0.0,0,2,10,2,27611.966666666667,583.3833333333333,635.8333333333334,6,{},deviant
106551,Evaluacion curso,2016-02-19 21:07:41,2016-02-20 10:42:57,2016-02-20 11:06:00,15930,84,0.07787298387096774,0,6,10,2,27619.083333333332,941.8333333333334,642.95,6,{},regular
102351,Cancelar Solicitud,2016-02-12 19:52:21,2016-02-20 11:06:46,2016-02-20 11:06:46,22475,90,0.26537298387096775,0,4,11,2,27642.9,10994.416666666666,666.7666666666667,6,{},deviant
106953,Revisar curso,2016-02-18 07:50:23,2016-02-20 10:08:16,2016-02-20 11:15:00,241,93,0.04788306451612903,0,4,10,2,27584.4,3053.8,608.2666666666667,6,{},deviant
107654,Notificacion estudiante cancelacion soli,2016-02-19 06:53:12,2016-02-20 11:27:09,2016-02-20 11:27:09,19019,85,0.0,0,6,11,2,27663.283333333333,1713.95,687.15,6,{},deviant
108054,Validar solicitud,2016-02-19 21:26:04,2016-02-20 11:20:33,2016-02-20 11:29:17,677,85,0.24168346774193547,0,3,11,2,27656.683333333334,834.4833333333333,680.55,6,{},regular
106202,Transferir Creditos,2016-02-20 02:50:51,2016-02-20 11:44:27,2016-02-20 11:44:27,7311,88,0.0005040322580645161,0,9,11,2,27680.583333333332,543.5,704.45,6,{},regular
108201,Traer informacion estudiante - banner,2016-02-20 13:48:06,2016-02-20 13:48:06,2016-02-20 13:48:06,1995,82,0.0,0,1,13,2,27804.233333333334,27804.233333333334,828.1,6,{},deviant
108052,Revisar curso,2016-02-19 19:43:21,2016-02-20 13:59:45,2016-02-20 13:59:45,677,84,0.04788306451612903,0,4,13,2,27815.883333333335,1396.05,839.75,6,{},regular
108202,Traer informacion estudiante - banner,2016-02-20 15:53:37,2016-02-20 15:53:37,2016-02-20 15:53:37,19019,83,0.0,0,1,15,2,27929.75,27929.75,953.6166666666667,6,{},regular
108404,Traer informacion estudiante - banner,2016-02-20 16:28:35,2016-02-20 16:28:35,2016-02-20 16:28:35,9154,84,0.0,0,1,16,2,27964.716666666667,27964.716666666667,988.5833333333334,6,{},deviant
107006,Evaluacion curso,2016-02-20 03:21:22,2016-02-20 17:02:26,2016-02-20 17:02:27,669,87,0.07787298387096774,0,7,17,2,27998.566666666666,1084.6,1022.4333333333333,6,{},regular
106851,Visto Bueno Cierre Proceso,2016-02-20 02:16:04,2016-02-20 15:47:45,2016-02-20 17:30:33,1343,88,0.03276209677419355,0,7,15,2,27923.883333333335,829.9666666666667,947.75,6,{},regular
108201,Radicar Solicitud Homologacion,2016-02-20 13:48:06,2016-02-20 17:49:16,2016-02-20 18:02:29,1995,82,0.10231854838709678,0,2,17,2,28045.4,241.16666666666666,1069.2666666666667,6,{},deviant
101803,Evaluacion curso,2016-02-15 09:46:06,2016-02-20 18:11:29,2016-02-20 18:11:29,6995,87,0.07787298387096774,0,5,18,2,28067.616666666665,7705.383333333333,1091.4833333333333,6,{},regular
9_CF,Revisar curso,2016-02-19 19:40:19,2016-02-20 18:32:42,2016-02-20 18:36:00,659,84,0.04788306451612903,0,4,18,2,28088.833333333332,1375.3166666666666,1112.7,6,{},regular
44_CF,Revisar curso,2016-02-17 03:00:10,2016-02-20 18:36:49,2016-02-20 18:36:55,19019,97,0.04788306451612903,12,4,18,2,28092.95,5912.833333333333,1116.8166666666666,6,{},regular
105506,Revisar curso,2016-02-17 03:00:38,2016-02-20 19:04:50,2016-02-20 19:04:50,19019,97,0.04788306451612903,11,4,19,2,28120.966666666667,5779.233333333334,1144.8333333333333,6,{},regular
108351,Radicar Solicitud Homologacion,2016-02-20 19:10:07,2016-02-20 19:10:07,2016-02-20 19:10:09,19019,85,0.10231854838709678,0,1,19,2,28126.25,28126.25,1150.1166666666666,6,{},deviant
108202,Radicar Solicitud Homologacion,2016-02-20 15:53:37,2016-02-20 20:49:59,2016-02-20 20:50:29,19019,83,0.10231854838709678,0,2,20,2,28226.116666666665,296.3666666666667,1249.9833333333333,6,{},regular
50_CF,Revisar curso,2016-02-13 01:47:38,2016-02-20 21:11:21,2016-02-20 21:13:18,19019,89,0.04788306451612903,0,5,21,2,28247.483333333334,11243.716666666667,1271.35,6,{},regular
108404,Radicar Solicitud Homologacion,2016-02-20 16:28:35,2016-02-20 21:16:03,2016-02-20 21:16:12,9154,84,0.10231854838709678,0,2,21,2,28252.183333333334,287.46666666666664,1276.05,6,{},deviant
4_CF,Cancelar Solicitud,2016-02-19 05:02:24,2016-02-20 22:53:14,2016-02-20 22:54:20,677,90,0.26537298387096775,0,3,22,2,28349.366666666665,2528.4333333333334,1373.2333333333333,6,{},regular
108451,Traer informacion estudiante - banner,2016-02-21 02:05:51,2016-02-21 02:05:51,2016-02-21 02:05:51,9420,85,0.0,0,1,2,2,28541.983333333334,28541.983333333334,125.85,7,{},deviant
108452,Revisar curso,2016-02-21 03:44:55,2016-02-21 03:44:55,2016-02-21 04:05:41,19019,86,0.04788306451612903,0,1,3,2,28641.05,28641.05,224.91666666666666,7,{},regular
106601,Notificacion estudiante cancelacion soli,2016-02-16 08:02:06,2016-02-21 04:26:29,2016-02-21 04:26:29,18929,90,0.0,0,4,4,2,28682.616666666665,7127.083333333333,266.48333333333335,7,{},deviant
108451,Radicar Solicitud Homologacion,2016-02-21 02:05:51,2016-02-21 05:54:55,2016-02-21 05:54:55,9420,85,0.10231854838709678,0,2,5,2,28771.05,229.06666666666666,354.9166666666667,7,{},deviant
108452,Traer informacion estudiante - banner,2016-02-21 04:05:41,2016-02-21 06:20:13,2016-02-21 06:20:13,4126,86,0.0,0,2,6,2,28796.35,155.3,380.21666666666664,7,{},regular
48_CF,Cancelar Solicitud,2016-02-19 18:30:56,2016-02-21 08:10:49,2016-02-21 08:11:38,659,87,0.26537298387096775,0,3,8,2,28906.95,2272.35,490.81666666666666,7,{},regular
106851,Validacion final,2016-02-20 17:30:33,2016-02-21 10:24:20,2016-02-21 10:24:20,22475,84,0.010080645161290322,0,8,10,2,29040.466666666667,1116.5833333333333,624.3333333333334,7,{},regular
106851,Transferir Creditos,2016-02-21 10:24:20,2016-02-21 12:35:20,2016-02-21 12:35:20,1343,85,0.0005040322580645161,0,9,12,2,29171.466666666667,131.0,755.3333333333334,7,{},regular
106551,Validacion final,2016-02-20 11:06:00,2016-02-21 12:37:29,2016-02-21 12:37:29,1707,84,0.010080645161290322,0,7,12,2,29173.616666666665,1554.5333333333333,757.4833333333333,7,{},regular
108055,Revisar curso,2016-02-20 03:28:01,2016-02-21 13:46:04,2016-02-21 13:47:50,410,87,0.04788306451612903,0,4,13,2,29242.2,2060.1666666666665,826.0666666666667,7,{},regular
108551,Traer informacion estudiante - banner,2016-02-21 14:25:48,2016-02-21 14:25:48,2016-02-21 14:25:48,19019,85,0.0,0,1,14,2,29281.933333333334,29281.933333333334,865.8,7,{},regular
105401,Notificacion estudiante cancelacion soli,2016-02-16 08:26:57,2016-02-21 15:26:07,2016-02-21 15:26:07,22404,90,0.0,0,4,15,2,29342.25,7667.166666666667,926.1166666666667,7,{},deviant
108703,Traer informacion estudiante - banner,2016-02-21 16:27:46,2016-02-21 16:27:46,2016-02-21 16:27:46,19019,85,0.0,0,1,16,2,29403.9,29403.9,987.7666666666667,7,{},deviant
107006,Validacion final,2016-02-20 17:02:27,2016-02-21 16:39:31,2016-02-21 16:39:37,22475,84,0.010080645161290322,0,8,16,2,29415.65,1417.0833333333333,999.5166666666667,7,{},regular
106551,Visto Bueno Cierre Proceso,2016-02-21 12:37:29,2016-02-21 17:07:29,2016-02-21 17:23:29,15930,84,0.03276209677419355,0,8,17,2,29443.616666666665,270.0,1027.4833333333333,7,{},regular
107755,Notificacion estudiante cancelacion soli,2016-02-19 03:19:43,2016-02-21 18:11:40,2016-02-21 18:11:40,7836,90,0.0,0,4,18,2,29507.8,3771.95,1091.6666666666667,7,{},deviant
108551,Radicar Solicitud Homologacion,2016-02-21 14:25:48,2016-02-21 18:14:52,2016-02-21 18:14:52,19019,85,0.10231854838709678,0,2,18,2,29511.0,229.06666666666666,1094.8666666666666,7,{},regular
108751,Traer informacion estudiante - banner,2016-02-21 18:42:40,2016-02-21 18:42:40,2016-02-21 18:42:40,19019,84,0.0,0,1,18,2,29538.8,29538.8,1122.6666666666667,7,{},regular
107006,Visto Bueno Cierre Proceso,2016-02-21 16:39:37,2016-02-21 18:14:45,2016-02-21 19:23:59,1343,85,0.03276209677419355,0,9,18,2,29510.883333333335,95.23333333333333,1094.75,7,{},regular
108703,Radicar Solicitud Homologacion,2016-02-21 16:27:46,2016-02-21 20:16:50,2016-02-21 20:16:50,19019,85,0.10231854838709678,0,2,20,2,29632.966666666667,229.06666666666666,1216.8333333333333,7,{},deviant
108055,Homologacion por grupo de cursos,2016-02-21 13:47:50,2016-02-21 20:10:17,2016-02-21 20:57:48,1343,84,0.5632560483870968,0,5,20,2,29626.416666666668,384.21666666666664,1210.2833333333333,7,{},regular
108055,Evaluacion curso,2016-02-21 20:57:48,2016-02-21 20:57:52,2016-02-21 20:57:54,410,83,0.07787298387096774,0,6,20,2,29674.0,47.583333333333336,1257.8666666666666,7,{},regular
108055,Validacion final,2016-02-21 20:57:54,2016-02-21 20:57:58,2016-02-21 20:58:19,22475,83,0.010080645161290322,0,7,20,2,29674.1,0.1,1257.9666666666667,7,{},regular
108851,Traer informacion estudiante - banner,2016-02-21 21:23:24,2016-02-21 21:23:24,2016-02-21 21:23:24,7638,84,0.0,0,1,21,2,29699.533333333333,29699.533333333333,1283.4,7,{},deviant
108055,Visto Bueno Cierre Proceso,2016-02-21 20:58:19,2016-02-21 20:58:23,2016-02-21 21:43:43,1343,83,0.03276209677419355,0,8,20,2,29674.516666666666,0.4166666666666667,1258.3833333333334,7,{},regular
108901,Traer informacion estudiante - banner,2016-02-21 22:50:03,2016-02-21 22:50:03,2016-02-21 22:50:03,23530,84,0.0,0,1,22,2,29786.183333333334,29786.183333333334,1370.05,7,{},regular
108751,Radicar Solicitud Homologacion,2016-02-21 18:42:40,2016-02-21 23:15:30,2016-02-21 23:15:30,19019,84,0.10231854838709678,0,2,23,2,29811.633333333335,272.8333333333333,1395.5,7,{},regular
108057,Revisar curso,2016-02-20 06:49:24,2016-02-22 00:18:00,2016-02-22 01:45:29,1707,86,0.04788306451612903,0,4,0,2,29874.133333333335,2537.6833333333334,18.0,1,{},regular
108851,Radicar Solicitud Homologacion,2016-02-21 21:23:24,2016-02-22 01:56:14,2016-02-22 01:56:14,7638,84,0.10231854838709678,0,2,1,2,29972.366666666665,272.8333333333333,116.23333333333333,1,{},deviant
109205,Traer informacion estudiante - banner,2016-02-22 02:07:41,2016-02-22 02:07:41,2016-02-22 02:07:41,19019,85,0.0,0,1,2,2,29983.816666666666,29983.816666666666,127.68333333333334,1,{},regular
108901,Radicar Solicitud Homologacion,2016-02-21 22:50:03,2016-02-22 02:35:21,2016-02-22 02:55:54,23530,84,0.10231854838709678,0,2,2,2,30011.483333333334,225.3,155.35,1,{},regular
109205,Radicar Solicitud Homologacion,2016-02-22 02:07:41,2016-02-22 03:08:31,2016-02-22 03:35:03,19019,85,0.10231854838709678,0,2,3,2,30044.65,60.833333333333336,188.51666666666668,1,{},regular
109206,Traer informacion estudiante - banner,2016-02-22 04:16:41,2016-02-22 04:16:41,2016-02-22 04:16:41,5221,86,0.0,0,1,4,2,30112.816666666666,30112.816666666666,256.68333333333334,1,{},deviant
109206,Radicar Solicitud Homologacion,2016-02-22 04:16:41,2016-02-22 05:17:35,2016-02-22 05:20:35,5221,86,0.10231854838709678,0,2,5,2,30173.716666666667,60.9,317.5833333333333,1,{},deviant
109208,Traer informacion estudiante - banner,2016-02-22 05:43:53,2016-02-22 05:43:53,2016-02-22 05:43:53,8651,87,0.0,0,1,5,2,30200.016666666666,30200.016666666666,343.8833333333333,1,{},deviant
109205,Validar solicitud,2016-02-22 03:35:03,2016-02-22 06:23:51,2016-02-22 06:30:49,1707,85,0.24168346774193547,0,3,6,2,30239.983333333334,195.33333333333334,383.85,1,{},regular
108057,Homologacion por grupo de cursos,2016-02-22 01:45:29,2016-02-22 01:45:33,2016-02-22 06:32:05,15930,84,0.5632560483870968,0,5,1,2,29961.683333333334,87.55,105.55,1,{},regular
109208,Radicar Solicitud Homologacion,2016-02-22 05:43:53,2016-02-22 06:44:52,2016-02-22 06:45:00,8651,87,0.10231854838709678,0,2,6,2,30261.0,60.983333333333334,404.8666666666667,1,{},deviant
109254,Traer informacion estudiante - banner,2016-02-22 07:02:01,2016-02-22 07:02:01,2016-02-22 07:02:01,1995,88,0.0,0,1,7,2,30278.15,30278.15,422.01666666666665,1,{},deviant
109254,Radicar Solicitud Homologacion,2016-02-22 07:02:01,2016-02-22 07:50:34,2016-02-22 07:50:35,1995,88,0.10231854838709678,0,2,7,2,30326.7,48.55,470.56666666666666,1,{},deviant
108053,Revisar curso,2016-02-20 04:52:53,2016-02-22 08:44:50,2016-02-22 08:44:50,677,86,0.04788306451612903,0,4,8,2,30380.966666666667,3120.6666666666665,524.8333333333334,1,{},regular
108057,Evaluacion curso,2016-02-22 06:32:05,2016-02-22 06:32:09,2016-02-22 09:26:31,19019,87,0.07787298387096774,0,6,6,2,30248.283333333333,286.6,392.15,1,{},regular
108057,Validacion final,2016-02-22 09:26:31,2016-02-22 09:26:35,2016-02-22 09:27:53,1707,88,0.010080645161290322,0,7,9,2,30422.716666666667,174.43333333333334,566.5833333333334,1,{},regular
108057,Visto Bueno Cierre Proceso,2016-02-22 09:27:53,2016-02-22 09:27:57,2016-02-22 09:51:19,15930,88,0.03276209677419355,0,8,9,2,30424.083333333332,1.3666666666666667,567.95,1,{},regular
108057,Transferir Creditos,2016-02-22 09:51:19,2016-02-22 10:04:13,2016-02-22 10:04:13,15930,88,0.0005040322580645161,0,9,10,2,30460.35,36.266666666666666,604.2166666666667,1,{},regular
109206,Cancelar Solicitud,2016-02-22 05:20:35,2016-02-22 11:06:18,2016-02-22 11:07:02,22475,86,0.26537298387096775,0,3,11,2,30522.433333333334,348.71666666666664,666.3,1,{},deviant
109254,Cancelar Solicitud,2016-02-22 07:50:35,2016-02-22 11:28:11,2016-02-22 11:28:13,1995,88,0.26537298387096775,0,3,11,2,30544.316666666666,217.61666666666667,688.1833333333333,1,{},deviant
109205,Revisar curso,2016-02-22 06:30:49,2016-02-22 10:52:04,2016-02-22 12:19:29,1707,87,0.04788306451612903,0,4,10,2,30508.2,268.21666666666664,652.0666666666667,1,{},regular
108452,Radicar Solicitud Homologacion,2016-02-21 06:20:13,2016-02-22 13:33:20,2016-02-22 13:33:31,4126,85,0.10231854838709678,0,3,13,2,30669.466666666667,1873.1166666666666,813.3333333333334,1,{},regular
102405,Notificacion estudiante cancelacion soli,2016-02-13 02:14:19,2016-02-22 13:57:42,2016-02-22 13:57:42,22404,87,0.0,0,4,13,2,30693.833333333332,13767.383333333333,837.7,1,{},deviant
102362,Notificacion estudiante cancelacion soli,2016-02-13 03:38:26,2016-02-22 14:49:27,2016-02-22 14:49:27,677,88,0.0,0,4,14,2,30745.583333333332,13631.016666666666,889.45,1,{},deviant
108052,Evaluacion curso,2016-02-20 13:59:45,2016-02-22 09:26:31,2016-02-22 14:49:48,19019,82,0.07787298387096774,0,5,6,2,30259.85,2443.9666666666667,403.71666666666664,1,{},regular
108053,Evaluacion curso,2016-02-22 08:44:50,2016-02-22 14:49:48,2016-02-22 15:21:29,19019,88,0.07787298387096774,1,5,8,2,30381.033333333333,0.06666666666666667,524.9,1,{},regular
109208,Validar solicitud,2016-02-22 06:45:00,2016-02-22 15:21:29,2016-02-22 15:22:12,19019,87,0.24168346774193547,1,3,9,2,30416.133333333335,155.13333333333333,560.0,1,{},deviant
109209,Traer informacion estudiante - banner,2016-02-22 10:54:32,2016-02-22 15:22:12,2016-02-22 15:22:12,19019,88,0.0,2,1,10,2,30510.666666666668,30510.666666666668,654.5333333333333,1,{},regular
109213,Traer informacion estudiante - banner,2016-02-22 14:42:33,2016-02-22 15:22:12,2016-02-22 15:22:12,19019,88,0.0,3,1,14,2,30738.683333333334,30738.683333333334,882.55,1,{},deviant
109262,Traer informacion estudiante - banner,2016-02-22 15:49:56,2016-02-22 15:49:56,2016-02-22 15:49:56,8749,88,0.0,0,1,15,2,30806.066666666666,30806.066666666666,949.9333333333333,1,{},regular
109209,Radicar Solicitud Homologacion,2016-02-22 15:22:12,2016-02-22 16:14:48,2016-02-22 16:15:21,19019,87,0.10231854838709678,1,2,16,2,30830.933333333334,320.26666666666665,974.8,1,{},regular
109213,Radicar Solicitud Homologacion,2016-02-22 15:22:12,2016-02-22 16:15:21,2016-02-22 16:15:45,19019,87,0.10231854838709678,0,2,16,2,30831.283333333333,92.6,975.15,1,{},deviant
109262,Radicar Solicitud Homologacion,2016-02-22 15:49:56,2016-02-22 16:51:00,2016-02-22 16:55:13,8749,88,0.10231854838709678,0,2,16,2,30867.133333333335,61.06666666666667,1011.0,1,{},regular
109219,Traer informacion estudiante - banner,2016-02-22 16:56:42,2016-02-22 16:56:42,2016-02-22 16:56:42,19019,89,0.0,0,1,16,2,30872.833333333332,30872.833333333332,1016.7,1,{},regular
109221,Traer informacion estudiante - banner,2016-02-22 17:41:41,2016-02-22 17:41:41,2016-02-22 17:41:41,22074,90,0.0,0,1,17,2,30917.816666666666,30917.816666666666,1061.6833333333334,1,{},regular
109264,Traer informacion estudiante - banner,2016-02-22 17:43:37,2016-02-22 17:43:37,2016-02-22 17:43:37,19019,91,0.0,0,1,17,2,30919.75,30919.75,1063.6166666666666,1,{},regular
109219,Radicar Solicitud Homologacion,2016-02-22 16:56:42,2016-02-22 18:07:59,2016-02-22 18:08:12,19019,89,0.10231854838709678,0,2,18,2,30944.116666666665,71.28333333333333,1087.9833333333333,1,{},regular
28_CF,Traer informacion estudiante - banner,2016-02-22 18:42:12,2016-02-22 18:42:12,2016-02-22 18:42:33,17525,92,0.0,0,1,18,2,30978.333333333332,30978.333333333332,1122.2,1,{},regular
109221,Radicar Solicitud Homologacion,2016-02-22 17:41:41,2016-02-22 18:53:06,2016-02-22 18:53:16,22074,90,0.10231854838709678,0,2,18,2,30989.233333333334,71.41666666666667,1133.1,1,{},regular
109264,Radicar Solicitud Homologacion,2016-02-22 17:43:37,2016-02-22 18:55:10,2016-02-22 18:55:22,19019,91,0.10231854838709678,0,2,18,2,30991.3,71.55,1135.1666666666667,1,{},regular
109213,Validar solicitud,2016-02-22 16:15:45,2016-02-22 18:43:08,2016-02-22 19:02:36,7297,88,0.24168346774193547,0,3,18,2,30979.266666666666,147.98333333333332,1123.1333333333334,1,{},deviant
109209,Validar solicitud,2016-02-22 16:15:21,2016-02-22 18:41:42,2016-02-22 19:05:27,677,88,0.24168346774193547,0,3,18,2,30977.833333333332,146.9,1121.7,1,{},regular
105505,Validacion final,2016-02-16 10:03:20,2016-02-22 19:05:27,2016-02-22 19:09:53,677,90,0.010080645161290322,0,4,18,2,30978.666666666668,9203.416666666666,1122.5333333333333,1,{},regular
109208,Revisar curso,2016-02-22 15:22:12,2016-02-22 19:10:15,2016-02-22 19:10:15,19019,87,0.04788306451612903,2,4,19,2,31006.383333333335,590.25,1150.25,1,{},deviant
109301,Traer informacion estudiante - banner,2016-02-22 19:32:04,2016-02-22 19:32:04,2016-02-22 19:32:04,17525,93,0.0,0,1,19,2,31028.2,31028.2,1172.0666666666666,1,{},regular
9_CF,Evaluacion curso,2016-02-20 18:36:00,2016-02-22 19:44:34,2016-02-22 19:45:15,19019,84,0.07787298387096774,0,5,19,2,31040.7,2951.866666666667,1184.5666666666666,1,{},regular
9_CF,Homologacion por grupo de cursos,2016-02-22 19:45:15,2016-02-22 19:47:42,2016-02-22 19:48:31,1422,93,0.5632560483870968,0,6,19,2,31043.833333333332,3.1333333333333333,1187.7,1,{},regular
9_CF,Validacion final,2016-02-22 19:48:31,2016-02-22 19:48:35,2016-02-22 19:49:14,659,93,0.010080645161290322,0,7,19,2,31044.716666666667,0.8833333333333333,1188.5833333333333,1,{},regular
28_CF,Radicar Solicitud Homologacion,2016-02-22 18:42:33,2016-02-22 19:53:36,2016-02-22 20:04:59,17525,92,0.10231854838709678,0,2,19,2,31049.733333333334,71.4,1193.6,1,{},regular
108052,Homologacion por grupo de cursos,2016-02-22 14:49:48,2016-02-22 14:49:52,2016-02-22 20:25:10,3445,87,0.5632560483870968,0,6,14,2,30746.0,486.15,889.8666666666667,1,{},regular
108052,Validacion final,2016-02-22 20:25:10,2016-02-22 20:25:14,2016-02-22 20:27:10,677,93,0.010080645161290322,0,7,20,2,31081.366666666665,335.3666666666667,1225.2333333333333,1,{},regular
108104,Cancelar Solicitud,2016-02-20 09:10:11,2016-02-22 19:29:47,2016-02-22 20:49:47,11568,85,0.26537298387096775,0,3,19,2,31025.916666666668,3499.6,1169.7833333333333,1,{},deviant
109262,Validar solicitud,2016-02-22 16:55:13,2016-02-22 20:02:56,2016-02-22 20:51:40,943,88,0.24168346774193547,0,3,20,2,31059.066666666666,191.93333333333334,1202.9333333333334,1,{},regular
109301,Radicar Solicitud Homologacion,2016-02-22 19:32:04,2016-02-22 20:43:56,2016-02-22 20:52:44,17525,93,0.10231854838709678,0,2,20,2,31100.066666666666,71.86666666666666,1243.9333333333334,1,{},regular
109452,Traer informacion estudiante - banner,2016-02-22 21:08:59,2016-02-22 21:08:59,2016-02-22 21:08:59,19019,94,0.0,0,1,21,2,31125.116666666665,31125.116666666665,1268.9833333333333,1,{},deviant
108053,Homologacion por grupo de cursos,2016-02-22 15:21:29,2016-02-22 20:25:10,2016-02-22 21:15:17,3445,87,0.5632560483870968,0,6,15,2,30777.683333333334,396.65,921.55,1,{},regular
9_CF,Visto Bueno Cierre Proceso,2016-02-22 19:49:14,2016-02-22 21:15:17,2016-02-22 21:15:37,3445,93,0.03276209677419355,1,8,19,2,31045.433333333334,0.7166666666666667,1189.3,1,{},regular
108053,Validacion final,2016-02-22 21:15:17,2016-02-22 21:15:21,2016-02-22 21:16:40,677,94,0.010080645161290322,0,7,21,2,31131.483333333334,353.8,1275.35,1,{},regular
108052,Visto Bueno Cierre Proceso,2016-02-22 20:27:10,2016-02-22 21:15:37,2016-02-22 21:25:40,3445,93,0.03276209677419355,1,8,20,2,31083.366666666665,2.0,1227.2333333333333,1,{},regular
108053,Visto Bueno Cierre Proceso,2016-02-22 21:16:40,2016-02-22 21:25:40,2016-02-22 21:42:46,3445,93,0.03276209677419355,0,8,21,2,31132.866666666665,1.3833333333333333,1276.7333333333333,1,{},regular
108054,Revisar curso,2016-02-20 11:29:17,2016-02-22 21:48:19,2016-02-22 21:48:19,677,82,0.04788306451612903,0,4,21,2,31164.45,3507.766666666667,1308.3166666666666,1,{},regular
109454,Traer informacion estudiante - banner,2016-02-22 22:01:25,2016-02-22 22:01:25,2016-02-22 22:01:25,5571,92,0.0,0,1,22,2,31177.55,31177.55,1321.4166666666667,1,{},deviant
108404,Validar solicitud,2016-02-20 21:16:12,2016-02-22 22:00:09,2016-02-22 22:02:34,19019,84,0.24168346774193547,0,3,22,2,31176.283333333333,2924.1,1320.15,1,{},deviant
108202,Validar solicitud,2016-02-20 20:50:29,2016-02-22 21:36:54,2016-02-22 22:05:14,716,84,0.24168346774193547,0,3,21,2,31153.033333333333,2926.9166666666665,1296.9,1,{},regular
109502,Revisar curso,2016-02-22 22:34:26,2016-02-22 22:34:26,2016-02-22 22:34:26,22475,93,0.04788306451612903,0,1,22,2,31210.566666666666,31210.566666666666,1354.4333333333334,1,{},deviant
109219,Validar solicitud,2016-02-22 18:08:12,2016-02-22 22:08:21,2016-02-22 22:36:34,1707,91,0.24168346774193547,0,3,22,2,31184.483333333334,240.36666666666667,1328.35,1,{},regular
109221,Validar solicitud,2016-02-22 18:53:16,2016-02-22 22:52:18,2016-02-22 22:54:07,22404,92,0.24168346774193547,0,3,22,2,31228.433333333334,239.2,1372.3,1,{},regular
109454,Radicar Solicitud Homologacion,2016-02-22 22:01:25,2016-02-22 23:01:59,2016-02-22 23:02:11,5571,92,0.10231854838709678,0,2,23,2,31238.116666666665,60.56666666666667,1381.9833333333333,1,{},deviant
109452,Radicar Solicitud Homologacion,2016-02-22 21:08:59,2016-02-22 22:21:02,2016-02-22 23:02:15,19019,94,0.10231854838709678,0,2,22,2,31197.166666666668,72.05,1341.0333333333333,1,{},deviant
109205,Homologacion por grupo de cursos,2016-02-22 12:19:29,2016-02-22 16:46:19,2016-02-22 23:11:35,15930,88,0.5632560483870968,0,5,16,2,30862.45,354.25,1006.3166666666667,1,{},regular
109502,Homologacion por grupo de cursos,2016-02-22 22:34:26,2016-02-22 22:58:07,2016-02-22 23:16:53,22475,93,0.5632560483870968,0,2,22,2,31234.25,23.683333333333334,1378.1166666666666,1,{},deviant
109503,Revisar curso,2016-02-22 23:27:50,2016-02-22 23:27:50,2016-02-22 23:27:50,22475,94,0.04788306451612903,0,1,23,2,31263.966666666667,31263.966666666667,1407.8333333333333,1,{},deviant
109213,Homologacion por grupo de cursos,2016-02-22 19:02:36,2016-02-22 23:13:16,2016-02-22 23:38:52,7297,92,0.5632560483870968,0,4,23,2,31249.4,270.1333333333333,1393.2666666666667,1,{},deviant
109502,Evaluacion curso,2016-02-22 23:16:53,2016-02-22 23:38:15,2016-02-22 23:57:01,22439,93,0.07787298387096774,0,3,23,2,31274.383333333335,40.13333333333333,1418.25,1,{},deviant
109503,Homologacion por grupo de cursos,2016-02-22 23:27:50,2016-02-22 23:45:54,2016-02-23 00:04:30,22475,94,0.5632560483870968,0,2,23,2,31282.033333333333,18.066666666666666,1425.9,1,{},deviant
109264,Validar solicitud,2016-02-22 18:55:22,2016-02-22 23:02:15,2016-02-23 00:09:53,19019,92,0.24168346774193547,0,3,22,2,31232.533333333333,241.23333333333332,1376.4,1,{},regular
109209,Validacion final,2016-02-22 19:05:27,2016-02-23 00:21:54,2016-02-23 00:21:54,677,92,0.010080645161290322,1,4,0,2,31318.033333333333,340.2,21.9,2,{},regular
109503,Evaluacion curso,2016-02-23 00:04:30,2016-02-23 00:24:31,2016-02-23 00:43:07,22439,94,0.07787298387096774,0,3,0,2,31320.65,38.61666666666667,24.516666666666666,2,{},deviant
109208,Homologacion por grupo de cursos,2016-02-22 19:10:15,2016-02-23 00:09:53,2016-02-23 00:50:43,19019,92,0.5632560483870968,0,5,23,2,31286.633333333335,280.25,1430.5,1,{},deviant
28_CF,Validar solicitud,2016-02-22 20:04:59,2016-02-23 00:04:44,2016-02-23 00:53:26,2292,93,0.24168346774193547,0,3,0,2,31300.866666666665,251.13333333333333,4.733333333333333,2,{},regular
108060,Cancelar Solicitud,2016-02-20 00:44:45,2016-02-23 00:50:00,2016-02-23 00:56:28,677,87,0.26537298387096775,0,3,0,2,31346.133333333335,4325.866666666667,50.0,2,{},deviant
109301,Validar solicitud,2016-02-22 20:52:44,2016-02-23 01:02:19,2016-02-23 01:06:19,2292,93,0.24168346774193547,0,3,1,2,31358.45,258.3833333333333,62.31666666666667,2,{},regular
108054,Evaluacion curso,2016-02-22 21:48:19,2016-02-23 00:50:43,2016-02-23 01:22:18,19019,91,0.07787298387096774,0,5,23,2,31291.633333333335,127.18333333333334,1435.5,1,{},regular
109502,Traer informacion estudiante - banner,2016-02-22 23:57:01,2016-02-23 01:22:18,2016-02-23 01:22:18,19019,94,0.0,2,4,0,2,31332.7,58.31666666666667,36.56666666666667,2,{},deviant
109505,Traer informacion estudiante - banner,2016-02-23 01:32:37,2016-02-23 01:32:37,2016-02-23 01:32:37,3796,95,0.0,0,1,1,2,31388.75,31388.75,92.61666666666666,2,{},deviant
109454,Validar solicitud,2016-02-22 23:02:11,2016-02-23 01:56:02,2016-02-23 01:58:27,22475,93,0.24168346774193547,0,3,1,2,31412.166666666668,174.05,116.03333333333333,2,{},deviant
108054,Homologacion por grupo de cursos,2016-02-23 01:22:18,2016-02-23 01:22:22,2016-02-23 02:12:28,3445,94,0.5632560483870968,0,6,1,2,31378.5,86.86666666666666,82.36666666666666,2,{},regular
108054,Validacion final,2016-02-23 02:12:28,2016-02-23 02:12:32,2016-02-23 02:16:11,677,95,0.010080645161290322,0,7,2,2,31428.666666666668,50.166666666666664,132.53333333333333,2,{},regular
109262,Revisar curso,2016-02-22 20:51:40,2016-02-23 02:25:32,2016-02-23 02:25:33,943,93,0.04788306451612903,0,4,2,2,31441.666666666668,382.6,145.53333333333333,2,{},regular
108054,Visto Bueno Cierre Proceso,2016-02-23 02:16:11,2016-02-23 02:16:15,2016-02-23 02:31:06,3445,95,0.03276209677419355,0,8,2,2,31432.383333333335,3.716666666666667,136.25,2,{},regular
109552,Traer informacion estudiante - banner,2016-02-23 02:49:27,2016-02-23 02:49:27,2016-02-23 02:49:27,7682,95,0.0,0,1,2,2,31465.583333333332,31465.583333333332,169.45,2,{},regular
109213,Cancelar curso,2016-02-22 23:38:52,2016-02-23 03:45:53,2016-02-23 04:11:29,7297,94,0.0010080645161290322,0,5,3,2,31522.016666666666,272.6166666666667,225.88333333333333,2,{},deviant
109505,Radicar Solicitud Homologacion,2016-02-23 01:32:37,2016-02-23 04:21:09,2016-02-23 04:21:09,3796,95,0.10231854838709678,0,2,4,2,31557.283333333333,168.53333333333333,261.15,2,{},deviant
108201,Cancelar Solicitud,2016-02-20 18:02:29,2016-02-23 04:23:23,2016-02-23 04:23:27,1995,84,0.26537298387096775,0,3,4,2,31559.516666666666,3514.116666666667,263.3833333333333,2,{},deviant
109552,Radicar Solicitud Homologacion,2016-02-23 02:49:27,2016-02-23 04:31:23,2016-02-23 04:34:35,7682,95,0.10231854838709678,0,2,4,2,31567.516666666666,101.93333333333334,271.3833333333333,2,{},regular
109555,Traer informacion estudiante - banner,2016-02-23 04:44:17,2016-02-23 04:44:17,2016-02-23 04:44:17,7775,95,0.0,0,1,4,2,31580.416666666668,31580.416666666668,284.28333333333336,2,{},regular
108451,Validar solicitud,2016-02-21 05:54:55,2016-02-23 03:53:05,2016-02-23 04:53:05,677,85,0.24168346774193547,0,3,3,2,31529.216666666667,2758.1666666666665,233.08333333333334,2,{},deviant
109555,Radicar Solicitud Homologacion,2016-02-23 04:44:17,2016-02-23 06:24:58,2016-02-23 06:25:03,7775,95,0.10231854838709678,0,2,6,2,31681.1,100.68333333333334,384.96666666666664,2,{},regular
109219,Revisar curso,2016-02-22 22:36:34,2016-02-23 05:09:15,2016-02-23 06:36:32,1707,93,0.04788306451612903,0,4,5,2,31605.383333333335,420.9,309.25,2,{},regular
109205,Evaluacion curso,2016-02-22 23:11:35,2016-02-23 02:00:46,2016-02-23 06:47:49,19019,93,0.07787298387096774,0,6,2,2,31416.9,554.45,120.76666666666667,2,{},regular
109503,Traer informacion estudiante - banner,2016-02-23 00:43:07,2016-02-23 06:47:49,2016-02-23 06:47:49,19019,94,0.0,2,4,2,2,31420.216666666667,99.56666666666666,124.08333333333333,2,{},deviant
22_CF,Revisar curso,2016-02-20 08:51:56,2016-02-23 07:07:18,2016-02-23 07:09:12,677,85,0.04788306451612903,0,4,7,2,31723.433333333334,4233.416666666667,427.3,2,{},regular
109221,Validacion final,2016-02-22 22:54:07,2016-02-23 07:14:58,2016-02-23 07:14:58,22404,93,0.010080645161290322,0,4,7,2,31731.1,502.6666666666667,434.96666666666664,2,{},regular
101802,Notificacion estudiante cancelacion soli,2016-02-11 03:01:04,2016-02-23 07:40:13,2016-02-23 07:40:13,677,96,0.0,0,4,7,2,31756.35,17569.566666666666,460.21666666666664,2,{},deviant
108202,Revisar curso,2016-02-22 22:05:14,2016-02-23 08:19:30,2016-02-23 08:19:30,716,92,0.04788306451612903,0,4,8,2,31795.633333333335,642.6,499.5,2,{},regular
108202,Homologacion por grupo de cursos,2016-02-23 08:19:30,2016-02-23 08:52:29,2016-02-23 08:52:51,12548,94,0.5632560483870968,0,5,8,2,31828.616666666665,32.983333333333334,532.4833333333333,2,{},regular
108202,Evaluacion curso,2016-02-23 08:52:51,2016-02-23 08:52:55,2016-02-23 08:53:11,716,94,0.07787298387096774,0,6,8,2,31829.05,0.43333333333333335,532.9166666666666,2,{},regular
108202,Validacion final,2016-02-23 08:53:11,2016-02-23 08:53:15,2016-02-23 08:53:16,716,94,0.010080645161290322,0,7,8,2,31829.383333333335,0.3333333333333333,533.25,2,{},regular
108202,Visto Bueno Cierre Proceso,2016-02-23 08:53:16,2016-02-23 08:53:20,2016-02-23 08:53:24,12548,94,0.03276209677419355,0,8,8,2,31829.466666666667,0.08333333333333333,533.3333333333334,2,{},regular
108202,Transferir creditos homologables,2016-02-23 08:53:24,2016-02-23 08:53:28,2016-02-23 08:53:28,12548,94,0.0010080645161290322,0,9,8,2,31829.6,0.13333333333333333,533.4666666666667,2,{},regular
109602,Traer informacion estudiante - banner,2016-02-23 09:03:57,2016-02-23 09:03:57,2016-02-23 09:03:57,15345,94,0.0,0,1,9,2,31840.083333333332,31840.083333333332,543.95,2,{},deviant
109205,Validacion final,2016-02-23 06:47:49,2016-02-23 09:57:50,2016-02-23 09:57:50,1707,95,0.010080645161290322,0,7,9,2,31893.966666666667,477.06666666666666,597.8333333333334,2,{},regular
109452,Validar solicitud,2016-02-22 23:02:15,2016-02-23 06:47:49,2016-02-23 10:35:41,19019,93,0.24168346774193547,1,3,2,2,31468.733333333334,271.56666666666666,172.6,2,{},deviant
109502,Radicar Solicitud Homologacion,2016-02-23 01:22:18,2016-02-23 10:35:41,2016-02-23 10:35:47,19019,94,0.10231854838709678,0,5,3,2,31504.7,172.0,208.56666666666666,2,{},deviant
109602,Radicar Solicitud Homologacion,2016-02-23 09:03:57,2016-02-23 10:43:56,2016-02-23 10:43:56,15345,94,0.10231854838709678,0,2,10,2,31940.066666666666,99.98333333333333,643.9333333333333,2,{},deviant
109454,Revisar curso,2016-02-23 01:58:27,2016-02-23 10:52:00,2016-02-23 10:52:00,22475,95,0.04788306451612903,0,4,10,2,31948.133333333335,535.9666666666667,652.0,2,{},deviant
109254,Notificacion estudiante cancelacion soli,2016-02-22 11:28:13,2016-02-23 10:58:10,2016-02-23 10:58:10,1995,88,0.0,0,4,10,2,31954.3,1409.9833333333333,658.1666666666666,2,{},deviant
107003,Notificacion estudiante cancelacion soli,2016-02-19 14:22:44,2016-02-23 11:04:25,2016-02-23 11:04:25,22829,87,0.0,0,6,11,2,31960.55,5628.983333333334,664.4166666666666,2,{},deviant
109208,Evaluacion curso,2016-02-23 00:50:43,2016-02-23 10:35:47,2016-02-23 11:16:16,19019,94,0.07787298387096774,2,6,5,2,31639.283333333333,352.65,343.15,2,{},deviant
108404,Revisar curso,2016-02-22 22:02:34,2016-02-23 11:16:16,2016-02-23 11:16:16,19019,92,0.04788306451612903,0,4,7,2,31757.416666666668,581.1333333333333,461.28333333333336,2,{},deviant
109209,Homologacion por grupo de cursos,2016-02-23 00:21:54,2016-02-23 11:03:41,2016-02-23 11:20:46,3445,94,0.5632560483870968,0,5,11,2,31959.816666666666,641.7833333333333,663.6833333333333,2,{},regular
6_CF,Traer informacion estudiante - banner,2016-02-23 11:20:53,2016-02-23 11:20:53,2016-02-23 11:22:15,19019,93,0.0,0,1,11,2,31977.016666666666,31977.016666666666,680.8833333333333,2,{},regular
11_CF,Traer informacion estudiante - banner,2016-02-23 11:43:00,2016-02-23 11:43:00,2016-02-23 11:44:22,19019,94,0.0,0,1,11,2,31999.133333333335,31999.133333333335,703.0,2,{},regular
109264,Revisar curso,2016-02-23 00:09:53,2016-02-23 11:50:41,2016-02-23 11:50:42,19019,94,0.04788306451612903,2,4,11,2,32006.816666666666,774.2833333333333,710.6833333333333,2,{},regular
28_CF,Revisar curso,2016-02-23 00:53:26,2016-02-23 12:23:19,2016-02-23 12:35:56,2292,94,0.04788306451612903,0,4,12,2,32039.45,738.5833333333334,743.3166666666667,2,{},regular
109262,Evaluacion curso,2016-02-23 02:25:33,2016-02-23 12:46:09,2016-02-23 12:49:22,7314,95,0.07787298387096774,0,5,12,2,32062.283333333333,620.6166666666667,766.15,2,{},regular
109301,Revisar curso,2016-02-23 01:06:19,2016-02-23 13:23:05,2016-02-23 13:23:05,2292,94,0.04788306451612903,0,4,13,2,32099.216666666667,740.7666666666667,803.0833333333334,2,{},regular
108901,Validar solicitud,2016-02-22 02:55:54,2016-02-23 13:25:17,2016-02-23 13:28:43,22404,85,0.24168346774193547,0,3,13,2,32101.416666666668,2089.9333333333334,805.2833333333333,2,{},regular
6_CF,Radicar Solicitud Homologacion,2016-02-23 11:22:15,2016-02-23 13:02:31,2016-02-23 13:28:50,19019,93,0.10231854838709678,0,2,13,2,32078.65,101.63333333333334,782.5166666666667,2,{},regular
109205,Visto Bueno Cierre Proceso,2016-02-23 09:57:50,2016-02-23 13:25:23,2016-02-23 13:36:10,15930,94,0.03276209677419355,0,8,13,2,32101.516666666666,207.55,805.3833333333333,2,{},regular
11_CF,Radicar Solicitud Homologacion,2016-02-23 11:44:22,2016-02-23 13:28:50,2016-02-23 13:57:44,19019,94,0.10231854838709678,0,2,13,2,32102.8,103.66666666666667,806.6666666666666,2,{},regular
108404,Homologacion por grupo de cursos,2016-02-23 11:16:16,2016-02-23 14:02:15,2016-02-23 14:18:04,19019,92,0.5632560483870968,0,5,14,2,32138.383333333335,380.96666666666664,842.25,2,{},deviant
108404,Evaluacion curso,2016-02-23 14:18:04,2016-02-23 14:18:08,2016-02-23 14:35:19,7299,93,0.07787298387096774,0,6,14,2,32154.266666666666,15.883333333333333,858.1333333333333,2,{},deviant
108404,Validar solicitud / pre-homologacion,2016-02-23 14:35:19,2016-02-23 14:35:23,2016-02-23 14:35:23,19019,93,0.012852822580645162,0,7,14,2,32171.516666666666,17.25,875.3833333333333,2,{},deviant
108103,Radicar Solicitud Homologacion,2016-02-20 10:35:50,2016-02-23 14:55:30,2016-02-23 14:55:30,19019,84,0.10231854838709678,0,3,14,2,32191.633333333335,4579.666666666667,895.5,2,{},deviant
101551,Validar solicitud / pre-homologacion,2016-02-13 18:00:15,2016-02-23 16:20:25,2016-02-23 16:20:25,19019,83,0.012852822580645162,0,5,16,2,32276.55,14300.166666666666,980.4166666666666,2,{},deviant
48_CF,Revisar curso,2016-02-21 08:11:38,2016-02-23 16:54:08,2016-02-23 17:07:31,659,85,0.04788306451612903,0,4,16,2,32310.266666666666,3403.3166666666666,1014.1333333333333,2,{},regular
15_CF,Traer informacion estudiante - banner,2016-02-23 17:11:02,2016-02-23 17:11:02,2016-02-23 17:12:13,19019,92,0.0,0,1,17,2,32327.166666666668,32327.166666666668,1031.0333333333333,2,{},regular
18_CF,Traer informacion estudiante - banner,2016-02-23 18:14:11,2016-02-23 18:14:11,2016-02-23 18:15:22,19019,93,0.0,0,1,18,2,32390.316666666666,32390.316666666666,1094.1833333333334,2,{},regular
15_CF,Radicar Solicitud Homologacion,2016-02-23 17:12:13,2016-02-23 18:50:29,2016-02-23 19:15:56,19019,92,0.10231854838709678,0,2,18,2,32426.616666666665,99.45,1130.4833333333333,2,{},regular
19_CF,Traer informacion estudiante - banner,2016-02-23 19:15:07,2016-02-23 19:15:56,2016-02-23 19:17:20,19019,94,0.0,0,1,19,2,32451.25,32451.25,1155.1166666666666,2,{},regular
109503,Radicar Solicitud Homologacion,2016-02-23 06:47:49,2016-02-23 19:48:02,2016-02-23 19:48:05,19019,95,0.10231854838709678,3,5,19,2,32484.166666666668,1063.95,1188.0333333333333,2,{},deviant
108551,Validar solicitud,2016-02-21 18:14:52,2016-02-23 19:51:34,2016-02-23 20:03:44,677,83,0.24168346774193547,0,3,19,2,32487.7,2976.7,1191.5666666666666,2,{},regular
18_CF,Radicar Solicitud Homologacion,2016-02-23 18:15:22,2016-02-23 19:55:38,2016-02-23 20:21:25,19019,93,0.10231854838709678,0,2,19,2,32491.766666666666,101.45,1195.6333333333334,2,{},regular
24_CF,Traer informacion estudiante - banner,2016-02-23 20:04:18,2016-02-23 20:21:25,2016-02-23 20:22:48,19019,95,0.0,0,1,20,2,32500.433333333334,32500.433333333334,1204.3,2,{},regular
101552,Validar solicitud / pre-homologacion,2016-02-13 20:28:46,2016-02-23 20:22:48,2016-02-23 20:22:48,19019,81,0.012852822580645162,0,5,20,2,32512.6,14387.7,1216.4666666666667,2,{},deviant
27_CF,Traer informacion estudiante - banner,2016-02-23 20:24:09,2016-02-23 20:24:09,2016-02-23 20:25:32,19019,95,0.0,0,1,20,2,32520.283333333333,32520.283333333333,1224.15,2,{},regular
109208,Validar solicitud / pre-homologacion,2016-02-23 11:16:16,2016-02-23 20:40:50,2016-02-23 20:41:10,19019,92,0.012852822580645162,1,7,20,2,32536.966666666667,897.6833333333333,1240.8333333333333,2,{},deviant
109219,Homologacion por grupo de cursos,2016-02-23 06:36:32,2016-02-23 18:49:18,2016-02-23 20:55:42,15930,95,0.5632560483870968,0,5,18,2,32425.433333333334,820.05,1129.3,2,{},regular
33_CF,Traer informacion estudiante - banner,2016-02-23 21:32:35,2016-02-23 21:32:35,2016-02-23 21:33:43,19019,95,0.0,0,1,21,2,32588.716666666667,32588.716666666667,1292.5833333333333,2,{},regular
19_CF,Radicar Solicitud Homologacion,2016-02-23 19:17:20,2016-02-23 21:57:14,2016-02-23 22:20:27,19019,94,0.10231854838709678,0,2,21,2,32613.366666666665,162.11666666666667,1317.2333333333333,2,{},regular
109502,Validar solicitud,2016-02-23 10:35:47,2016-02-23 22:48:33,2016-02-23 22:48:33,22475,94,0.24168346774193547,0,6,22,2,32664.683333333334,1159.9833333333333,1368.55,2,{},deviant
109221,Homologacion por grupo de cursos,2016-02-23 07:14:58,2016-02-23 23:22:07,2016-02-23 23:25:14,4560,95,0.5632560483870968,0,5,23,2,32698.25,967.15,1402.1166666666666,2,{},regular
24_CF,Radicar Solicitud Homologacion,2016-02-23 20:22:48,2016-02-23 23:05:46,2016-02-23 23:28:34,19019,95,0.10231854838709678,1,2,23,2,32681.9,181.46666666666667,1385.7666666666667,2,{},regular
34_CF,Traer informacion estudiante - banner,2016-02-23 23:11:44,2016-02-23 23:28:34,2016-02-23 23:29:41,19019,96,0.0,0,1,23,2,32687.866666666665,32687.866666666665,1391.7333333333333,2,{},regular
27_CF,Radicar Solicitud Homologacion,2016-02-23 20:25:32,2016-02-23 23:29:41,2016-02-23 23:52:25,19019,95,0.10231854838709678,0,2,23,2,32690.2,169.91666666666666,1394.0666666666666,2,{},regular
33_CF,Radicar Solicitud Homologacion,2016-02-23 21:33:43,2016-02-23 23:52:25,2016-02-24 00:13:44,19019,95,0.10231854838709678,0,2,23,2,32694.216666666667,105.5,1398.0833333333333,2,{},regular
37_CF,Traer informacion estudiante - banner,2016-02-23 23:53:31,2016-02-24 00:13:44,2016-02-24 00:14:08,19019,97,0.0,0,1,23,2,32729.65,32729.65,1433.5166666666667,2,{},regular
43_CF,Traer informacion estudiante - banner,2016-02-24 00:29:09,2016-02-24 00:29:09,2016-02-24 00:29:33,19019,98,0.0,0,1,0,2,32765.283333333333,32765.283333333333,29.15,3,{},regular
43_CF,Radicar Solicitud Homologacion,2016-02-24 00:29:33,2016-02-24 00:48:40,2016-02-24 00:58:33,19019,98,0.10231854838709678,0,2,0,2,32784.8,19.516666666666666,48.666666666666664,3,{},regular
109209,Visto Bueno Cierre Proceso,2016-02-23 11:20:46,2016-02-24 00:46:10,2016-02-24 01:03:15,3445,92,0.03276209677419355,0,6,0,2,32782.3,822.4833333333333,46.166666666666664,3,{},regular
34_CF,Radicar Solicitud Homologacion,2016-02-23 23:29:41,2016-02-24 01:13:49,2016-02-24 01:34:28,19019,96,0.10231854838709678,2,2,1,2,32809.95,122.08333333333333,73.81666666666666,3,{},regular
37_CF,Radicar Solicitud Homologacion,2016-02-24 00:14:08,2016-02-24 01:34:28,2016-02-24 01:42:32,19019,97,0.10231854838709678,0,2,1,2,32814.95,85.3,78.81666666666666,3,{},regular
43_CF,Validar solicitud,2016-02-24 00:58:33,2016-02-24 01:42:32,2016-02-24 02:12:04,19019,98,0.24168346774193547,0,3,1,2,32827.916666666664,43.11666666666667,91.78333333333333,3,{},regular
43_CF,Homologacion por grupo de cursos,2016-02-24 02:12:04,2016-02-24 02:12:08,2016-02-24 02:13:37,1007,97,0.5632560483870968,0,4,2,2,32868.26666666667,40.35,132.13333333333333,3,{},regular
43_CF,Validacion final,2016-02-24 02:13:37,2016-02-24 02:13:41,2016-02-24 02:14:41,19019,97,0.010080645161290322,0,5,2,2,32869.816666666666,1.55,133.68333333333334,3,{},regular
43_CF,Visto Bueno Cierre Proceso,2016-02-24 02:14:41,2016-02-24 02:14:45,2016-02-24 02:14:55,1007,97,0.03276209677419355,0,6,2,2,32870.88333333333,1.0666666666666667,134.75,3,{},regular
43_CF,Transferir Creditos,2016-02-24 02:14:55,2016-02-24 02:14:59,2016-02-24 02:16:17,1007,97,0.0005040322580645161,0,7,2,2,32871.11666666667,0.23333333333333334,134.98333333333332,3,{},regular
43_CF,Transferir creditos homologables,2016-02-24 02:16:17,2016-02-24 02:16:21,2016-02-24 02:17:24,1007,97,0.0010080645161290322,0,8,2,2,32872.48333333333,1.3666666666666667,136.35,3,{},regular
51_CF,Traer informacion estudiante - banner,2016-02-24 03:06:13,2016-02-24 03:06:13,2016-02-24 03:06:35,19019,97,0.0,0,1,3,2,32922.35,32922.35,186.21666666666667,3,{},regular
109206,Notificacion estudiante cancelacion soli,2016-02-22 11:07:02,2016-02-24 03:16:44,2016-02-24 03:16:44,22475,88,0.0,0,4,3,2,32932.86666666667,2410.4333333333334,196.73333333333332,3,{},deviant
51_CF,Radicar Solicitud Homologacion,2016-02-24 03:06:35,2016-02-24 03:26:32,2016-02-24 03:34:07,19019,97,0.10231854838709678,0,2,3,2,32942.666666666664,20.316666666666666,206.53333333333333,3,{},regular
53_CF,Traer informacion estudiante - banner,2016-02-24 03:41:29,2016-02-24 03:41:29,2016-02-24 03:41:51,19019,97,0.0,0,1,3,2,32957.61666666667,32957.61666666667,221.48333333333332,3,{},regular
106953,Homologacion por grupo de cursos,2016-02-20 11:15:00,2016-02-24 01:36:18,2016-02-24 03:48:38,7573,83,0.5632560483870968,0,5,1,2,32832.433333333334,5248.033333333334,96.3,3,{},deviant
51_CF,Validar solicitud,2016-02-24 03:34:07,2016-02-24 04:00:19,2016-02-24 04:25:42,19019,96,0.24168346774193547,0,3,4,2,32976.45,33.78333333333333,240.31666666666666,3,{},regular
51_CF,Homologacion por grupo de cursos,2016-02-24 04:25:42,2016-02-24 04:25:46,2016-02-24 04:26:52,1007,97,0.5632560483870968,0,4,4,2,33001.9,25.45,265.76666666666665,3,{},regular
53_CF,Radicar Solicitud Homologacion,2016-02-24 03:41:51,2016-02-24 04:25:42,2016-02-24 04:33:09,19019,97,0.10231854838709678,0,2,4,2,32977.933333333334,20.316666666666666,241.8,3,{},regular
51_CF,Validacion final,2016-02-24 04:26:52,2016-02-24 04:33:09,2016-02-24 04:33:43,19019,97,0.010080645161290322,0,5,4,2,33003.066666666666,1.1666666666666667,266.93333333333334,3,{},regular
51_CF,Visto Bueno Cierre Proceso,2016-02-24 04:33:43,2016-02-24 04:33:47,2016-02-24 04:33:51,1007,97,0.03276209677419355,0,6,4,2,33009.916666666664,6.85,273.78333333333336,3,{},regular
51_CF,Transferir Creditos,2016-02-24 04:33:51,2016-02-24 04:33:55,2016-02-24 04:34:53,1007,97,0.0005040322580645161,0,7,4,2,33010.05,0.13333333333333333,273.9166666666667,3,{},regular
51_CF,Transferir creditos homologables,2016-02-24 04:34:53,2016-02-24 04:34:57,2016-02-24 04:35:45,1007,97,0.0010080645161290322,0,8,4,2,33011.083333333336,1.0333333333333334,274.95,3,{},regular
53_CF,Validar solicitud,2016-02-24 04:33:09,2016-02-24 04:58:44,2016-02-24 05:23:35,19019,97,0.24168346774193547,1,3,4,2,33034.86666666667,56.93333333333333,298.73333333333335,3,{},regular
53_CF,Homologacion por grupo de cursos,2016-02-24 05:23:35,2016-02-24 05:23:39,2016-02-24 05:24:36,1007,96,0.5632560483870968,0,4,5,2,33059.78333333333,24.916666666666668,323.65,3,{},regular
37_CF,Validar solicitud,2016-02-24 01:42:32,2016-02-24 05:23:35,2016-02-24 05:49:34,19019,97,0.24168346774193547,1,3,5,2,33059.7,244.75,323.56666666666666,3,{},regular
53_CF,Validacion final,2016-02-24 05:24:36,2016-02-24 05:49:34,2016-02-24 05:50:02,19019,96,0.010080645161290322,0,5,5,2,33060.8,1.0166666666666666,324.6666666666667,3,{},regular
53_CF,Visto Bueno Cierre Proceso,2016-02-24 05:50:02,2016-02-24 05:50:06,2016-02-24 05:50:08,1007,96,0.03276209677419355,0,6,5,2,33086.23333333333,25.433333333333334,350.1,3,{},regular
53_CF,Transferir Creditos,2016-02-24 05:50:08,2016-02-24 05:50:12,2016-02-24 05:51:03,1007,96,0.0005040322580645161,0,7,5,2,33086.333333333336,0.1,350.2,3,{},regular
53_CF,Transferir creditos homologables,2016-02-24 05:51:03,2016-02-24 05:51:07,2016-02-24 05:51:49,1007,96,0.0010080645161290322,0,8,5,2,33087.25,0.9166666666666666,351.1166666666667,3,{},regular
108751,Validar solicitud,2016-02-21 23:15:30,2016-02-24 07:12:51,2016-02-24 07:30:13,716,84,0.24168346774193547,0,3,7,2,33168.98333333333,3357.35,432.85,3,{},regular
109262,Homologacion por grupo de cursos,2016-02-23 12:49:22,2016-02-24 08:08:09,2016-02-24 08:13:16,26767,94,0.5632560483870968,0,6,8,2,33224.28333333333,1162.0,488.15,3,{},regular
37_CF,Homologacion por grupo de cursos,2016-02-24 05:49:34,2016-02-24 08:40:41,2016-02-24 08:41:41,1007,96,0.5632560483870968,0,4,8,2,33256.816666666666,197.11666666666667,520.6833333333333,3,{},regular
109552,Validar solicitud,2016-02-23 04:34:35,2016-02-24 09:10:54,2016-02-24 09:11:41,22404,94,0.24168346774193547,0,3,9,2,33287.03333333333,1719.5166666666667,550.9,3,{},regular
37_CF,Validacion final,2016-02-24 08:41:41,2016-02-24 09:29:22,2016-02-24 09:30:00,19019,95,0.010080645161290322,0,5,9,2,33305.5,48.68333333333333,569.3666666666667,3,{},regular
37_CF,Visto Bueno Cierre Proceso,2016-02-24 09:30:00,2016-02-24 09:30:04,2016-02-24 09:30:10,1007,95,0.03276209677419355,0,6,9,2,33306.2,0.7,570.0666666666667,3,{},regular
37_CF,Transferir Creditos,2016-02-24 09:30:10,2016-02-24 09:30:14,2016-02-24 09:31:03,1007,95,0.0005040322580645161,0,7,9,2,33306.36666666667,0.16666666666666666,570.2333333333333,3,{},regular
37_CF,Transferir creditos homologables,2016-02-24 09:31:03,2016-02-24 09:31:07,2016-02-24 09:31:49,1007,95,0.0010080645161290322,0,8,9,2,33307.25,0.8833333333333333,571.1166666666667,3,{},regular
54_CF,Traer informacion estudiante - banner,2016-02-24 09:44:57,2016-02-24 09:44:57,2016-02-24 09:45:18,19019,95,0.0,0,1,9,2,33321.083333333336,33321.083333333336,584.95,3,{},regular
109454,Homologacion por grupo de cursos,2016-02-23 10:52:00,2016-02-24 09:35:42,2016-02-24 09:52:58,22475,94,0.5632560483870968,0,5,9,2,33311.833333333336,1363.7,575.7,3,{},deviant
54_CF,Radicar Solicitud Homologacion,2016-02-24 09:45:18,2016-02-24 10:05:33,2016-02-24 10:11:56,19019,95,0.10231854838709678,0,2,10,2,33341.683333333334,20.6,605.55,3,{},regular
109264,Evaluacion curso,2016-02-23 11:50:42,2016-02-24 10:20:52,2016-02-24 10:34:00,19019,94,0.07787298387096774,0,5,10,2,33357.0,1350.1833333333334,620.8666666666667,3,{},regular
28_CF,Evaluacion curso,2016-02-23 12:35:56,2016-02-24 10:43:00,2016-02-24 10:52:37,2292,94,0.07787298387096774,0,5,10,2,33379.13333333333,1339.6833333333334,643.0,3,{},regular
54_CF,Validar solicitud,2016-02-24 10:11:56,2016-02-24 10:34:37,2016-02-24 10:55:35,19019,95,0.24168346774193547,0,3,10,2,33370.75,29.066666666666666,634.6166666666667,3,{},regular
55_CF,Traer informacion estudiante - banner,2016-02-24 10:52:31,2016-02-24 10:55:35,2016-02-24 10:55:57,19019,96,0.0,0,1,10,2,33388.65,33388.65,652.5166666666667,3,{},regular
54_CF,Homologacion por grupo de cursos,2016-02-24 10:55:35,2016-02-24 10:55:39,2016-02-24 10:56:01,1007,96,0.5632560483870968,0,4,10,2,33391.78333333333,21.033333333333335,655.65,3,{},regular
54_CF,Validacion final,2016-02-24 10:56:01,2016-02-24 10:56:05,2016-02-24 10:56:12,19019,96,0.010080645161290322,0,5,10,2,33392.21666666667,0.43333333333333335,656.0833333333334,3,{},regular
54_CF,Visto Bueno Cierre Proceso,2016-02-24 10:56:12,2016-02-24 10:56:16,2016-02-24 10:56:16,1007,96,0.03276209677419355,0,6,10,2,33392.4,0.18333333333333332,656.2666666666667,3,{},regular
54_CF,Transferir Creditos,2016-02-24 10:56:16,2016-02-24 10:56:20,2016-02-24 10:56:46,1007,96,0.0005040322580645161,0,7,10,2,33392.46666666667,0.06666666666666667,656.3333333333334,3,{},regular
54_CF,Transferir creditos homologables,2016-02-24 10:56:46,2016-02-24 10:56:50,2016-02-24 10:57:11,1007,96,0.0010080645161290322,0,8,10,2,33392.96666666667,0.5,656.8333333333334,3,{},regular
109555,Validar solicitud,2016-02-23 06:25:03,2016-02-24 10:02:37,2016-02-24 11:16:40,7080,95,0.24168346774193547,0,3,10,2,33338.75,1657.65,602.6166666666667,3,{},regular
33_CF,Validar solicitud,2016-02-24 00:13:44,2016-02-24 10:56:53,2016-02-24 11:38:46,19019,97,0.24168346774193547,1,3,10,2,33393.01666666667,698.8,656.8833333333333,3,{},regular
55_CF,Radicar Solicitud Homologacion,2016-02-24 10:55:57,2016-02-24 11:38:46,2016-02-24 11:44:42,19019,96,0.10231854838709678,0,2,11,2,33410.8,22.15,674.6666666666666,3,{},regular
22_CF,Evaluacion curso,2016-02-23 07:09:12,2016-02-24 12:01:12,2016-02-24 12:03:36,19019,95,0.07787298387096774,2,5,12,2,33457.333333333336,1733.9,721.2,3,{},regular
22_CF,Homologacion por grupo de cursos,2016-02-24 12:03:36,2016-02-24 12:03:40,2016-02-24 12:04:39,3445,95,0.5632560483870968,0,6,12,2,33459.8,2.466666666666667,723.6666666666666,3,{},regular
22_CF,Validacion final,2016-02-24 12:04:39,2016-02-24 12:04:43,2016-02-24 12:05:43,677,95,0.010080645161290322,0,7,12,2,33460.85,1.05,724.7166666666667,3,{},regular
22_CF,Visto Bueno Cierre Proceso,2016-02-24 12:05:43,2016-02-24 12:05:47,2016-02-24 12:06:43,3445,95,0.03276209677419355,0,8,12,2,33461.916666666664,1.0666666666666667,725.7833333333333,3,{},regular
109301,Evaluacion curso,2016-02-23 13:23:05,2016-02-24 12:12:16,2016-02-24 12:12:16,2292,94,0.07787298387096774,0,5,12,2,33468.4,1369.1833333333334,732.2666666666667,3,{},regular
34_CF,Validar solicitud,2016-02-24 01:34:28,2016-02-24 12:10:24,2016-02-24 12:27:03,19019,97,0.24168346774193547,2,3,12,2,33466.53333333333,656.5833333333334,730.4,3,{},regular
55_CF,Validar solicitud,2016-02-24 11:44:42,2016-02-24 12:27:03,2016-02-24 12:46:49,19019,95,0.24168346774193547,0,3,12,2,33475.083333333336,64.28333333333333,738.95,3,{},regular
55_CF,Homologacion por grupo de cursos,2016-02-24 12:46:49,2016-02-24 12:46:53,2016-02-24 12:47:10,1007,94,0.5632560483870968,0,4,12,2,33503.01666666667,27.933333333333334,766.8833333333333,3,{},regular
55_CF,Validacion final,2016-02-24 12:47:10,2016-02-24 12:47:14,2016-02-24 12:47:20,19019,94,0.010080645161290322,0,5,12,2,33503.36666666667,0.35,767.2333333333333,3,{},regular
55_CF,Visto Bueno Cierre Proceso,2016-02-24 12:47:20,2016-02-24 12:47:24,2016-02-24 12:47:24,1007,94,0.03276209677419355,0,6,12,2,33503.53333333333,0.16666666666666666,767.4,3,{},regular
55_CF,Transferir Creditos,2016-02-24 12:47:24,2016-02-24 12:47:28,2016-02-24 12:47:49,1007,94,0.0005040322580645161,0,7,12,2,33503.6,0.06666666666666667,767.4666666666667,3,{},regular
55_CF,Transferir creditos homologables,2016-02-24 12:47:49,2016-02-24 12:47:53,2016-02-24 12:48:10,1007,94,0.0010080645161290322,0,8,12,2,33504.01666666667,0.4166666666666667,767.8833333333333,3,{},regular
109219,Evaluacion curso,2016-02-23 20:55:42,2016-02-24 12:37:34,2016-02-24 13:00:41,1707,94,0.07787298387096774,0,6,12,2,33493.7,1068.2666666666667,757.5666666666667,3,{},regular
109603,Traer informacion estudiante - banner,2016-02-24 13:43:58,2016-02-24 13:43:58,2016-02-24 13:43:58,19019,94,0.0,0,1,13,2,33560.1,33560.1,823.9666666666667,3,{},regular
109603,Radicar Solicitud Homologacion,2016-02-24 13:43:58,2016-02-24 14:06:31,2016-02-24 14:06:31,19019,94,0.10231854838709678,0,2,14,2,33582.65,22.55,846.5166666666667,3,{},regular
109603,Validar solicitud,2016-02-24 14:06:31,2016-02-24 14:36:32,2016-02-24 14:37:20,19019,94,0.24168346774193547,0,3,14,2,33612.666666666664,30.016666666666666,876.5333333333333,3,{},regular
109603,Homologacion por grupo de cursos,2016-02-24 14:37:20,2016-02-24 14:37:24,2016-02-24 14:37:26,1007,94,0.5632560483870968,0,4,14,2,33613.53333333333,0.8666666666666667,877.4,3,{},regular
109603,Validacion final,2016-02-24 14:37:26,2016-02-24 14:37:30,2016-02-24 14:37:31,19019,94,0.010080645161290322,0,5,14,2,33613.63333333333,0.1,877.5,3,{},regular
109603,Visto Bueno Cierre Proceso,2016-02-24 14:37:31,2016-02-24 14:37:35,2016-02-24 14:37:35,1007,94,0.03276209677419355,0,6,14,2,33613.71666666667,0.08333333333333333,877.5833333333334,3,{},regular
109603,Transferir Creditos,2016-02-24 14:37:35,2016-02-24 14:37:39,2016-02-24 14:37:39,1007,94,0.0005040322580645161,0,7,14,2,33613.78333333333,0.06666666666666667,877.65,3,{},regular
109603,Transferir creditos homologables,2016-02-24 14:37:39,2016-02-24 14:37:43,2016-02-24 14:37:43,1007,94,0.0010080645161290322,0,8,14,2,33613.85,0.06666666666666667,877.7166666666667,3,{},regular
109753,Validacion final,2016-02-24 15:45:11,2016-02-24 15:45:11,2016-02-24 15:45:11,19019,94,0.010080645161290322,0,1,15,2,33681.316666666666,33681.316666666666,945.1833333333333,3,{},regular
109753,Homologacion por grupo de cursos,2016-02-24 15:45:11,2016-02-24 16:00:07,2016-02-24 16:37:48,1007,94,0.5632560483870968,0,2,16,2,33696.25,14.933333333333334,960.1166666666667,3,{},regular
109754,Traer informacion estudiante - banner,2016-02-24 17:13:47,2016-02-24 17:13:47,2016-02-24 17:13:47,2981,95,0.0,0,1,17,2,33769.916666666664,33769.916666666664,1033.7833333333333,3,{},deviant
109753,Visto Bueno Cierre Proceso,2016-02-24 16:37:48,2016-02-24 16:37:52,2016-02-24 17:15:33,1007,94,0.03276209677419355,0,3,16,2,33734.0,37.75,997.8666666666667,3,{},regular
109753,Traer informacion estudiante - banner,2016-02-24 17:15:33,2016-02-24 17:15:37,2016-02-24 17:15:37,19019,95,0.0,0,4,17,2,33771.75,37.75,1035.6166666666666,3,{},regular
109753,Radicar Solicitud Homologacion,2016-02-24 17:15:37,2016-02-24 17:15:41,2016-02-24 17:15:59,19019,95,0.10231854838709678,0,5,17,2,33771.816666666666,0.06666666666666667,1035.6833333333334,3,{},regular
109753,Validar solicitud,2016-02-24 17:15:59,2016-02-24 17:16:03,2016-02-24 17:16:03,19019,95,0.24168346774193547,0,6,17,2,33772.183333333334,0.36666666666666664,1036.05,3,{},regular
109753,Transferir Creditos,2016-02-24 17:16:03,2016-02-24 17:16:07,2016-02-24 17:16:07,1007,95,0.0005040322580645161,0,7,17,2,33772.25,0.06666666666666667,1036.1166666666666,3,{},regular
109753,Transferir creditos homologables,2016-02-24 17:16:07,2016-02-24 17:16:11,2016-02-24 17:16:11,1007,95,0.0010080645161290322,0,8,17,2,33772.316666666666,0.06666666666666667,1036.1833333333334,3,{},regular
109602,Validar solicitud,2016-02-23 10:43:56,2016-02-24 15:35:43,2016-02-24 17:38:31,18929,94,0.24168346774193547,0,3,15,2,33671.85,1731.7833333333333,935.7166666666667,3,{},deviant
109755,Traer informacion estudiante - banner,2016-02-24 17:39:01,2016-02-24 17:39:01,2016-02-24 17:39:01,19019,95,0.0,0,1,17,2,33795.15,33795.15,1059.0166666666667,3,{},regular
109754,Radicar Solicitud Homologacion,2016-02-24 17:13:47,2016-02-24 17:39:28,2016-02-24 17:39:56,2981,95,0.10231854838709678,0,2,17,2,33795.6,25.683333333333334,1059.4666666666667,3,{},deviant
102353,Notificacion estudiante cancelacion soli,2016-02-19 12:22:42,2016-02-24 17:56:08,2016-02-24 17:56:08,19019,86,0.0,0,6,17,2,33812.26666666667,7533.433333333333,1076.1333333333334,3,{},deviant
109221,Visto Bueno Cierre Proceso,2016-02-23 23:25:14,2016-02-24 18:07:12,2016-02-24 18:10:19,4560,96,0.03276209677419355,0,6,18,2,33823.333333333336,1125.0833333333333,1087.2,3,{},regular
109755,Radicar Solicitud Homologacion,2016-02-24 17:39:01,2016-02-24 18:00:41,2016-02-24 18:39:00,19019,95,0.10231854838709678,0,2,18,2,33816.816666666666,21.666666666666668,1080.6833333333334,3,{},regular
109758,Traer informacion estudiante - banner,2016-02-24 18:50:57,2016-02-24 18:50:57,2016-02-24 18:50:57,2981,95,0.0,0,1,18,2,33867.083333333336,33867.083333333336,1130.95,3,{},deviant
109758,Radicar Solicitud Homologacion,2016-02-24 18:50:57,2016-02-24 19:12:37,2016-02-24 19:12:46,2981,95,0.10231854838709678,0,2,19,2,33888.75,21.666666666666668,1152.6166666666666,3,{},deviant
109755,Validar solicitud,2016-02-24 18:39:00,2016-02-24 19:08:10,2016-02-24 19:42:34,1707,94,0.24168346774193547,0,3,19,2,33884.3,67.48333333333333,1148.1666666666667,3,{},regular
110251,Traer informacion estudiante - banner,2016-02-24 19:47:35,2016-02-24 19:47:35,2016-02-24 19:47:35,22829,96,0.0,0,1,19,2,33923.71666666667,33923.71666666667,1187.5833333333333,3,{},regular
109758,Validar solicitud,2016-02-24 19:12:46,2016-02-24 19:38:52,2016-02-24 20:00:05,677,95,0.24168346774193547,0,3,19,2,33915.0,26.25,1178.8666666666666,3,{},deviant
109758,Homologacion por grupo de cursos,2016-02-24 20:00:05,2016-02-24 20:00:09,2016-02-24 20:00:11,677,96,0.5632560483870968,0,4,20,2,33936.28333333333,21.283333333333335,1200.15,3,{},deviant
109758,Cancelar curso,2016-02-24 20:00:11,2016-02-24 20:00:15,2016-02-24 20:00:17,677,96,0.0010080645161290322,0,5,20,2,33936.38333333333,0.1,1200.25,3,{},deviant
110251,Radicar Solicitud Homologacion,2016-02-24 19:47:35,2016-02-24 20:06:04,2016-02-24 20:06:11,22829,96,0.10231854838709678,0,2,20,2,33942.2,18.483333333333334,1206.0666666666666,3,{},regular
109755,Revisar curso,2016-02-24 19:42:34,2016-02-24 19:42:38,2016-02-24 20:12:02,1707,95,0.04788306451612903,0,4,19,2,33918.76666666667,34.46666666666667,1182.6333333333334,3,{},regular
110251,Validar solicitud,2016-02-24 20:06:11,2016-02-24 20:25:39,2016-02-24 20:26:47,22475,95,0.24168346774193547,0,3,20,2,33961.78333333333,19.583333333333332,1225.65,3,{},regular
110251,Revisar curso,2016-02-24 20:26:47,2016-02-24 20:26:51,2016-02-24 20:33:55,49,95,0.04788306451612903,0,4,20,2,33962.98333333333,1.2,1226.85,3,{},regular
33_CF,Homologacion por grupo de cursos,2016-02-24 11:38:46,2016-02-24 20:41:15,2016-02-24 20:41:39,1007,95,0.5632560483870968,0,4,20,2,33977.38333333333,584.3666666666667,1241.25,3,{},regular
109454,Evaluacion curso,2016-02-24 09:52:58,2016-02-24 20:26:13,2016-02-24 20:43:28,22439,95,0.07787298387096774,0,6,20,2,33962.35,650.5166666666667,1226.2166666666667,3,{},deviant
34_CF,Homologacion por grupo de cursos,2016-02-24 12:27:03,2016-02-24 21:26:04,2016-02-24 21:26:59,1007,94,0.5632560483870968,0,4,21,2,34022.2,555.6666666666666,1286.0666666666666,3,{},regular
109262,Validacion final,2016-02-24 08:13:16,2016-02-24 21:27:14,2016-02-24 21:27:14,943,95,0.010080645161290322,0,7,21,2,34023.36666666667,799.0833333333334,1287.2333333333333,3,{},regular
11_CF,Validar solicitud,2016-02-23 13:57:44,2016-02-24 21:04:12,2016-02-24 21:49:17,19019,93,0.24168346774193547,0,3,21,2,34000.333333333336,1897.5333333333333,1264.2,3,{},regular
110452,Traer informacion estudiante - banner,2016-02-24 21:11:53,2016-02-24 21:49:17,2016-02-24 21:49:17,19019,96,0.0,0,1,21,2,34008.01666666667,34008.01666666667,1271.8833333333334,3,{},regular
110454,Traer informacion estudiante - banner,2016-02-24 22:01:49,2016-02-24 22:01:49,2016-02-24 22:01:49,7144,97,0.0,0,1,22,2,34057.95,34057.95,1321.8166666666666,3,{},deviant
109754,Cancelar Solicitud,2016-02-24 17:39:56,2016-02-24 22:12:27,2016-02-24 22:12:35,2981,95,0.26537298387096775,0,3,22,2,34068.583333333336,272.98333333333335,1332.45,3,{},deviant
110452,Radicar Solicitud Homologacion,2016-02-24 21:49:17,2016-02-24 22:19:17,2016-02-24 22:28:19,19019,96,0.10231854838709678,0,2,22,2,34075.416666666664,67.4,1339.2833333333333,3,{},regular
110454,Radicar Solicitud Homologacion,2016-02-24 22:01:49,2016-02-24 22:31:52,2016-02-24 22:33:31,7144,97,0.10231854838709678,0,2,22,2,34088.0,30.05,1351.8666666666666,3,{},deviant
110456,Traer informacion estudiante - banner,2016-02-24 22:42:58,2016-02-24 22:42:58,2016-02-24 22:42:58,7144,98,0.0,0,1,22,2,34099.1,34099.1,1362.9666666666667,3,{},deviant
105653,Notificacion estudiante cancelacion soli,2016-02-17 11:40:37,2016-02-24 23:05:12,2016-02-24 23:05:12,7775,94,0.0,0,4,23,2,34121.333333333336,10781.4,1385.2,3,{},deviant
110456,Radicar Solicitud Homologacion,2016-02-24 22:42:58,2016-02-24 23:11:53,2016-02-24 23:23:06,7144,98,0.10231854838709678,0,2,23,2,34128.01666666667,28.916666666666668,1391.8833333333334,3,{},deviant
110251,Homologacion por grupo de cursos,2016-02-24 20:33:55,2016-02-24 20:33:59,2016-02-24 23:49:43,1343,95,0.5632560483870968,0,5,20,2,33970.11666666667,7.133333333333334,1233.9833333333333,3,{},regular
109755,Homologacion por grupo de cursos,2016-02-24 20:12:02,2016-02-24 20:12:06,2016-02-25 00:00:32,15930,95,0.5632560483870968,0,5,20,2,33948.23333333333,29.466666666666665,1212.1,3,{},regular
109502,Validar solicitud / pre-homologacion,2016-02-23 22:48:33,2016-02-25 00:09:55,2016-02-25 00:09:55,22475,95,0.012852822580645162,0,7,0,2,34186.05,1521.3666666666666,9.916666666666666,4,{},deviant
110503,Traer informacion estudiante - banner,2016-02-25 00:13:10,2016-02-25 00:13:10,2016-02-25 00:13:10,8033,97,0.0,0,1,0,2,34189.3,34189.3,13.166666666666666,4,{},deviant
28_CF,Homologacion por grupo de cursos,2016-02-24 10:52:37,2016-02-25 00:15:06,2016-02-25 00:16:52,7387,96,0.5632560483870968,0,6,0,2,34191.23333333333,812.1,15.1,4,{},regular
109219,Validacion final,2016-02-24 13:00:41,2016-02-25 00:19:30,2016-02-25 00:19:30,1707,93,0.010080645161290322,0,7,0,2,34195.63333333333,701.9333333333333,19.5,4,{},regular
109301,Homologacion por grupo de cursos,2016-02-24 12:12:16,2016-02-25 01:53:14,2016-02-25 01:57:14,7387,94,0.5632560483870968,0,6,1,2,34289.36666666667,820.9666666666667,113.23333333333333,4,{},regular
109505,Validar solicitud,2016-02-23 04:21:09,2016-02-25 00:22:38,2016-02-25 02:06:38,18929,94,0.24168346774193547,0,3,0,2,34198.76666666667,2641.483333333333,22.633333333333333,4,{},deviant
110251,Evaluacion curso,2016-02-24 23:49:43,2016-02-24 23:49:47,2016-02-25 02:41:21,49,97,0.07787298387096774,0,6,23,2,34165.916666666664,195.8,1429.7833333333333,3,{},regular
110503,Radicar Solicitud Homologacion,2016-02-25 00:13:10,2016-02-25 02:38:22,2016-02-25 02:47:52,8033,97,0.10231854838709678,0,2,2,2,34334.5,145.2,158.36666666666667,4,{},deviant
109755,Evaluacion curso,2016-02-25 00:00:32,2016-02-25 00:00:36,2016-02-25 02:55:01,19019,97,0.07787298387096774,0,6,0,2,34176.73333333333,228.5,0.6,4,{},regular
109755,Validacion final,2016-02-25 02:55:01,2016-02-25 02:55:05,2016-02-25 02:56:22,1707,99,0.010080645161290322,0,7,2,2,34351.21666666667,174.48333333333332,175.08333333333334,4,{},regular
110251,Visto Bueno Cierre Proceso,2016-02-25 02:41:21,2016-02-25 02:41:25,2016-02-25 03:00:27,1343,99,0.03276209677419355,0,7,2,2,34337.55,171.63333333333333,161.41666666666666,4,{},regular
110251,Validacion final,2016-02-25 03:00:27,2016-02-25 03:00:31,2016-02-25 03:00:31,22475,99,0.010080645161290322,0,8,3,2,34356.65,19.1,180.51666666666668,4,{},regular
110251,Transferir Creditos,2016-02-25 03:00:31,2016-02-25 03:18:25,2016-02-25 03:18:25,1343,99,0.0005040322580645161,0,9,3,2,34374.55,17.9,198.41666666666666,4,{},regular
109755,Visto Bueno Cierre Proceso,2016-02-25 02:56:22,2016-02-25 02:56:26,2016-02-25 03:19:44,15930,99,0.03276209677419355,0,8,2,2,34352.566666666666,1.35,176.43333333333334,4,{},regular
109221,Transferir Creditos,2016-02-24 18:10:19,2016-02-25 03:23:06,2016-02-25 03:23:06,4560,94,0.0005040322580645161,0,7,3,2,34379.23333333333,555.9,203.1,4,{},regular
109264,Recepcion de documentos,2016-02-24 10:34:00,2016-02-25 02:55:01,2016-02-25 03:43:59,19019,95,0.014868951612903226,0,6,0,2,34197.35,840.35,21.216666666666665,4,{},regular
110452,Validar solicitud,2016-02-24 22:28:19,2016-02-25 03:43:59,2016-02-25 03:45:26,19019,97,0.24168346774193547,0,3,1,2,34236.26666666667,160.85,60.13333333333333,4,{},regular
110462,Traer informacion estudiante - banner,2016-02-25 01:23:43,2016-02-25 03:45:26,2016-02-25 03:45:26,19019,98,0.0,2,1,1,2,34259.85,34259.85,83.71666666666667,4,{},regular
8_CF,Traer informacion estudiante - banner,2016-02-25 01:47:14,2016-02-25 03:45:26,2016-02-25 03:46:30,19019,99,0.0,3,1,1,2,34283.36666666667,34283.36666666667,107.23333333333333,4,{},regular
33_CF,Validacion final,2016-02-24 20:41:39,2016-02-25 03:46:30,2016-02-25 03:47:28,19019,95,0.010080645161290322,0,5,1,2,34286.316666666666,308.93333333333334,110.18333333333334,4,{},regular
109262,Visto Bueno Cierre Proceso,2016-02-24 21:27:14,2016-02-25 04:08:38,2016-02-25 04:10:30,26767,96,0.03276209677419355,0,8,4,2,34424.76666666667,401.4,248.63333333333333,4,{},regular
109454,Validar solicitud / pre-homologacion,2016-02-24 20:43:28,2016-02-25 04:17:17,2016-02-25 04:17:17,22475,95,0.012852822580645162,0,7,4,2,34433.416666666664,471.06666666666666,257.28333333333336,4,{},deviant
6_CF,Validar solicitud,2016-02-23 13:28:50,2016-02-25 03:47:28,2016-02-25 04:34:29,19019,94,0.24168346774193547,1,3,2,2,34302.21666666667,2223.5666666666666,126.08333333333333,4,{},regular
42_CF,Traer informacion estudiante - banner,2016-02-25 03:04:52,2016-02-25 04:34:29,2016-02-25 04:35:31,19019,100,0.0,5,1,3,2,34361.0,34361.0,184.86666666666667,4,{},regular
110464,Traer informacion estudiante - banner,2016-02-25 03:56:44,2016-02-25 04:35:31,2016-02-25 04:35:31,19019,98,0.0,1,1,3,2,34412.86666666667,34412.86666666667,236.73333333333332,4,{},regular
34_CF,Validacion final,2016-02-24 21:26:59,2016-02-25 04:35:31,2016-02-25 04:36:25,19019,96,0.010080645161290322,1,5,4,2,34450.01666666667,427.81666666666666,273.8833333333333,4,{},regular
110452,Revisar curso,2016-02-25 03:45:26,2016-02-25 06:02:17,2016-02-25 06:02:56,659,97,0.04788306451612903,0,4,6,2,34538.416666666664,302.15,362.28333333333336,4,{},regular
33_CF,Visto Bueno Cierre Proceso,2016-02-25 03:47:28,2016-02-25 06:14:54,2016-02-25 06:15:20,1007,97,0.03276209677419355,0,6,6,2,34551.03333333333,264.71666666666664,374.9,4,{},regular
110552,Cancelar Solicitud,2016-02-25 06:23:23,2016-02-25 06:23:23,2016-02-25 06:23:31,19916,97,0.26537298387096775,0,1,6,2,34559.51666666667,34559.51666666667,383.3833333333333,4,{},deviant
110452,Evaluacion curso,2016-02-25 06:02:56,2016-02-25 06:03:00,2016-02-25 06:23:56,659,96,0.07787298387096774,0,5,6,2,34539.13333333333,0.7166666666666667,363.0,4,{},regular
8_CF,Radicar Solicitud Homologacion,2016-02-25 03:46:30,2016-02-25 06:07:20,2016-02-25 06:25:10,19019,97,0.10231854838709678,3,2,6,2,34543.46666666667,260.1,367.3333333333333,4,{},regular
110462,Radicar Solicitud Homologacion,2016-02-25 03:45:26,2016-02-25 06:25:10,2016-02-25 06:25:10,19019,97,0.10231854838709678,4,2,6,2,34546.21666666667,286.3666666666667,370.0833333333333,4,{},regular
109552,Revisar curso,2016-02-24 09:11:41,2016-02-25 05:39:24,2016-02-25 06:26:53,241,95,0.04788306451612903,0,4,5,2,34515.53333333333,1228.5,339.4,4,{},regular
109555,Revisar curso,2016-02-24 11:16:40,2016-02-25 06:53:02,2016-02-25 06:53:05,7080,95,0.04788306451612903,0,4,6,2,34589.166666666664,1250.4166666666667,413.03333333333336,4,{},regular
110464,Radicar Solicitud Homologacion,2016-02-25 04:35:31,2016-02-25 07:16:10,2016-02-25 07:17:07,19019,96,0.10231854838709678,1,2,7,2,34612.3,199.43333333333334,436.1666666666667,4,{},regular
108851,Cancelar Solicitud,2016-02-22 01:56:14,2016-02-25 07:31:08,2016-02-25 07:31:08,22475,84,0.26537298387096775,0,3,7,2,34627.26666666667,4654.9,451.1333333333333,4,{},deviant
106953,Cancelar curso,2016-02-24 03:48:38,2016-02-25 05:26:45,2016-02-25 07:39:05,7573,97,0.0010080645161290322,0,6,5,2,34502.88333333333,1670.45,326.75,4,{},deviant
42_CF,Radicar Solicitud Homologacion,2016-02-25 04:35:31,2016-02-25 07:29:40,2016-02-25 07:47:37,19019,96,0.10231854838709678,2,2,7,2,34625.8,264.8,449.6666666666667,4,{},regular
109219,Visto Bueno Cierre Proceso,2016-02-25 00:19:30,2016-02-25 08:05:05,2016-02-25 08:21:05,15930,97,0.03276209677419355,0,8,8,2,34661.21666666667,465.5833333333333,485.0833333333333,4,{},regular
15_CF,Validar solicitud,2016-02-23 19:15:56,2016-02-25 07:47:37,2016-02-25 08:37:42,19019,94,0.24168346774193547,1,3,7,2,34626.35,2199.733333333333,450.21666666666664,4,{},regular
110452,Homologacion por grupo de cursos,2016-02-25 06:23:56,2016-02-25 06:24:00,2016-02-25 08:47:58,1007,97,0.5632560483870968,0,6,6,2,34560.13333333333,21.0,384.0,4,{},regular
34_CF,Visto Bueno Cierre Proceso,2016-02-25 04:36:25,2016-02-25 08:47:58,2016-02-25 08:48:15,1007,96,0.03276209677419355,0,6,7,2,34654.88333333333,204.86666666666667,478.75,4,{},regular
33_CF,Transferir Creditos,2016-02-25 06:15:20,2016-02-25 08:48:15,2016-02-25 08:49:37,1007,96,0.0005040322580645161,0,7,7,2,34655.166666666664,104.13333333333334,479.03333333333336,4,{},regular
108703,Cancelar Solicitud,2016-02-21 20:16:50,2016-02-25 05:38:59,2016-02-25 09:22:59,294,83,0.26537298387096775,0,3,5,2,34515.11666666667,4882.15,338.98333333333335,4,{},deviant
18_CF,Validar solicitud,2016-02-23 20:21:25,2016-02-25 09:00:00,2016-02-25 09:45:23,19019,95,0.24168346774193547,2,3,9,2,34716.13333333333,2224.366666666667,540.0,4,{},regular
110454,Cancelar Solicitud,2016-02-24 22:33:31,2016-02-25 09:45:23,2016-02-25 09:53:15,19019,97,0.26537298387096775,0,3,9,2,34730.46666666667,642.4666666666667,554.3333333333334,4,{},deviant
110452,Validacion final,2016-02-25 08:47:58,2016-02-25 09:53:15,2016-02-25 09:53:15,19019,95,0.010080645161290322,0,7,9,2,34736.76666666667,176.63333333333333,560.6333333333333,4,{},regular
110503,Cancelar Solicitud,2016-02-25 02:47:52,2016-02-25 08:40:52,2016-02-25 10:04:38,1707,99,0.26537298387096775,0,3,8,2,34697.0,362.5,520.8666666666667,4,{},deviant
8_CF,Validar solicitud,2016-02-25 06:25:10,2016-02-25 09:26:10,2016-02-25 10:08:01,22475,97,0.24168346774193547,0,3,9,2,34742.3,198.83333333333334,566.1666666666666,4,{},regular
110462,Validar solicitud,2016-02-25 06:25:10,2016-02-25 10:08:01,2016-02-25 10:08:01,22475,97,0.24168346774193547,0,3,9,2,34745.666666666664,199.45,569.5333333333333,4,{},regular
110456,Cancelar Solicitud,2016-02-24 23:23:06,2016-02-25 10:09:31,2016-02-25 10:16:23,19019,97,0.26537298387096775,0,3,10,2,34785.65,657.6333333333333,609.5166666666667,4,{},deviant
110465,Traer informacion estudiante - banner,2016-02-25 10:34:32,2016-02-25 10:34:32,2016-02-25 10:34:32,19916,96,0.0,0,1,10,2,34810.666666666664,34810.666666666664,634.5333333333333,4,{},deviant
33_CF,Transferir creditos homologables,2016-02-25 08:49:37,2016-02-25 10:49:37,2016-02-25 10:50:32,1007,95,0.0010080645161290322,0,8,10,2,34825.75,170.58333333333334,649.6166666666667,4,{},regular
110464,Validar solicitud,2016-02-25 07:17:07,2016-02-25 10:50:38,2016-02-25 10:50:41,22475,97,0.24168346774193547,0,3,10,2,34826.76666666667,214.46666666666667,650.6333333333333,4,{},regular
34_CF,Transferir Creditos,2016-02-25 08:48:15,2016-02-25 10:50:32,2016-02-25 10:51:52,1007,95,0.0005040322580645161,1,7,10,2,34826.55,171.66666666666666,650.4166666666666,4,{},regular
110552,Notificacion estudiante cancelacion soli,2016-02-25 06:23:31,2016-02-25 10:54:58,2016-02-25 10:54:58,19916,97,0.0,0,2,10,2,34831.1,271.5833333333333,654.9666666666667,4,{},deviant
110466,Traer informacion estudiante - banner,2016-02-25 11:33:47,2016-02-25 11:33:47,2016-02-25 11:33:47,19916,96,0.0,0,1,11,2,34869.916666666664,34869.916666666664,693.7833333333333,4,{},deviant
42_CF,Validar solicitud,2016-02-25 07:47:37,2016-02-25 12:15:42,2016-02-25 13:02:23,22475,96,0.24168346774193547,0,3,12,2,34911.833333333336,286.03333333333336,735.7,4,{},regular
28_CF,Validacion final,2016-02-25 00:16:52,2016-02-25 13:24:46,2016-02-25 13:26:30,2292,97,0.010080645161290322,0,7,13,2,34980.9,789.6666666666666,804.7666666666667,4,{},regular
110452,Visto Bueno Cierre Proceso,2016-02-25 09:53:15,2016-02-25 11:28:40,2016-02-25 13:31:08,1007,95,0.03276209677419355,0,8,11,2,34864.8,128.03333333333333,688.6666666666666,4,{},regular
110465,Radicar Solicitud Homologacion,2016-02-25 10:34:32,2016-02-25 13:31:16,2016-02-25 13:31:19,19916,96,0.10231854838709678,0,2,13,2,34987.4,176.73333333333332,811.2666666666667,4,{},deviant
34_CF,Transferir creditos homologables,2016-02-25 10:51:52,2016-02-25 13:31:08,2016-02-25 13:32:02,1007,95,0.0010080645161290322,0,8,13,2,34962.28333333333,135.73333333333332,786.15,4,{},regular
110551,Traer informacion estudiante - banner,2016-02-25 13:36:47,2016-02-25 13:36:47,2016-02-25 13:36:47,19019,96,0.0,0,1,13,2,34992.916666666664,34992.916666666664,816.7833333333333,4,{},regular
105651,Cancelar Solicitud,2016-02-16 20:28:38,2016-02-25 13:22:22,2016-02-25 13:53:21,7080,92,0.26537298387096775,0,4,13,2,34978.5,12554.733333333334,802.3666666666667,4,{},deviant
8_CF,Revisar curso,2016-02-25 10:08:01,2016-02-25 14:08:41,2016-02-25 14:12:08,22475,95,0.04788306451612903,1,4,14,2,35024.816666666666,282.51666666666665,848.6833333333333,4,{},regular
110462,Revisar curso,2016-02-25 10:08:01,2016-02-25 14:12:08,2016-02-25 14:12:08,22475,95,0.04788306451612903,0,4,14,2,35027.416666666664,281.75,851.2833333333333,4,{},regular
110602,Traer informacion estudiante - banner,2016-02-25 14:30:37,2016-02-25 14:30:37,2016-02-25 14:30:37,13544,97,0.0,0,1,14,2,35046.75,35046.75,870.6166666666667,4,{},deviant
110466,Radicar Solicitud Homologacion,2016-02-25 11:33:47,2016-02-25 15:00:56,2016-02-25 15:00:59,19916,96,0.10231854838709678,0,2,15,2,35077.066666666666,207.15,900.9333333333333,4,{},deviant
110452,Transferir Creditos,2016-02-25 13:31:08,2016-02-25 15:02:24,2016-02-25 15:02:24,1007,96,0.0005040322580645161,1,9,15,2,35078.53333333333,213.73333333333332,902.4,4,{},regular
109301,Validacion final,2016-02-25 01:57:14,2016-02-25 15:07:08,2016-02-25 15:07:08,2292,99,0.010080645161290322,0,7,15,2,35083.26666666667,793.9,907.1333333333333,4,{},regular
110464,Revisar curso,2016-02-25 10:50:41,2016-02-25 16:10:10,2016-02-25 16:10:10,22475,95,0.04788306451612903,0,4,16,2,35146.3,319.53333333333336,970.1666666666666,4,{},regular
109602,Homologacion por grupo de cursos,2016-02-24 17:38:31,2016-02-25 13:56:10,2016-02-25 16:36:15,18929,94,0.5632560483870968,0,4,13,2,35012.3,1340.45,836.1666666666666,4,{},deviant
110602,Radicar Solicitud Homologacion,2016-02-25 14:30:37,2016-02-25 16:55:49,2016-02-25 16:55:49,13544,97,0.10231854838709678,0,2,16,2,35191.95,145.2,1015.8166666666667,4,{},deviant
4_CF,Revisar curso,2016-02-20 22:54:20,2016-02-25 17:11:57,2016-02-25 17:17:30,677,84,0.04788306451612903,0,4,17,2,35208.083333333336,6858.716666666666,1031.95,4,{},regular
110603,Traer informacion estudiante - banner,2016-02-25 17:19:31,2016-02-25 17:19:31,2016-02-25 17:19:31,13544,96,0.0,0,1,17,2,35215.65,35215.65,1039.5166666666667,4,{},deviant
109452,Cancelar Solicitud,2016-02-23 10:35:41,2016-02-25 14:24:59,2016-02-25 19:03:45,19019,94,0.26537298387096775,3,4,14,2,35041.11666666667,3572.383333333333,864.9833333333333,4,{},deviant
110606,Traer informacion estudiante - banner,2016-02-25 19:22:35,2016-02-25 19:22:35,2016-02-25 19:22:35,13544,97,0.0,0,1,19,2,35338.71666666667,35338.71666666667,1162.5833333333333,4,{},deviant
42_CF,Revisar curso,2016-02-25 13:02:23,2016-02-25 19:38:50,2016-02-25 19:42:12,22475,96,0.04788306451612903,0,4,19,2,35354.96666666667,443.1333333333333,1178.8333333333333,4,{},regular
110602,Validar solicitud,2016-02-25 16:55:49,2016-02-25 19:50:53,2016-02-25 19:50:53,22404,95,0.24168346774193547,0,3,19,2,35367.01666666667,175.06666666666666,1190.8833333333334,4,{},deviant
110603,Radicar Solicitud Homologacion,2016-02-25 17:19:31,2016-02-25 20:01:59,2016-02-25 20:01:59,13544,96,0.10231854838709678,0,2,20,2,35378.11666666667,162.46666666666667,1201.9833333333333,4,{},deviant
110607,Traer informacion estudiante - banner,2016-02-25 20:16:13,2016-02-25 20:16:13,2016-02-25 20:16:13,13544,98,0.0,0,1,20,2,35392.35,35392.35,1216.2166666666667,4,{},deviant
110465,Cancelar Solicitud,2016-02-25 13:31:19,2016-02-25 20:43:19,2016-02-25 20:43:19,19916,96,0.26537298387096775,0,3,20,2,35419.45,432.05,1243.3166666666666,4,{},deviant
110608,Traer informacion estudiante - banner,2016-02-25 21:04:19,2016-02-25 21:04:19,2016-02-25 21:04:19,13544,99,0.0,0,1,21,2,35440.45,35440.45,1264.3166666666666,4,{},deviant
28_CF,Visto Bueno Cierre Proceso,2016-02-25 13:26:30,2016-02-25 21:54:32,2016-02-25 21:55:38,7387,96,0.03276209677419355,0,8,21,2,35490.666666666664,509.76666666666665,1314.5333333333333,4,{},regular
110606,Radicar Solicitud Homologacion,2016-02-25 19:22:35,2016-02-25 21:57:51,2016-02-25 21:57:51,13544,97,0.10231854838709678,0,2,21,2,35493.98333333333,155.26666666666668,1317.85,4,{},deviant
110609,Traer informacion estudiante - banner,2016-02-25 22:06:30,2016-02-25 22:06:30,2016-02-25 22:06:30,13544,99,0.0,0,1,22,2,35502.63333333333,35502.63333333333,1326.5,4,{},deviant
110607,Radicar Solicitud Homologacion,2016-02-25 20:16:13,2016-02-25 22:44:26,2016-02-25 22:44:26,13544,98,0.10231854838709678,0,2,22,2,35540.566666666666,148.21666666666667,1364.4333333333334,4,{},deviant
110611,Traer informacion estudiante - banner,2016-02-25 22:56:44,2016-02-25 22:56:44,2016-02-25 22:56:44,13544,100,0.0,0,1,22,2,35552.86666666667,35552.86666666667,1376.7333333333333,4,{},deviant
110602,Homologacion por grupo de cursos,2016-02-25 19:50:53,2016-02-25 22:56:53,2016-02-25 22:56:53,22404,97,0.5632560483870968,0,4,22,2,35553.01666666667,186.0,1376.8833333333334,4,{},deviant
109301,Visto Bueno Cierre Proceso,2016-02-25 15:07:08,2016-02-25 22:58:36,2016-02-25 23:02:36,7387,96,0.03276209677419355,0,8,22,2,35554.73333333333,471.46666666666664,1378.6,4,{},regular
110603,Validar solicitud,2016-02-25 20:01:59,2016-02-25 23:11:06,2016-02-25 23:11:06,22404,97,0.24168346774193547,0,3,23,2,35567.23333333333,189.11666666666667,1391.1,4,{},deviant
110464,Homologacion por grupo de cursos,2016-02-25 16:10:10,2016-02-25 20:23:42,2016-02-25 23:34:25,1343,96,0.5632560483870968,0,5,20,2,35399.833333333336,253.53333333333333,1223.7,4,{},regular
110701,Traer informacion estudiante - banner,2016-02-25 23:41:16,2016-02-25 23:41:16,2016-02-25 23:41:16,11829,100,0.0,0,1,23,2,35597.4,35597.4,1421.2666666666667,4,{},regular
110608,Radicar Solicitud Homologacion,2016-02-25 21:04:19,2016-02-25 23:51:45,2016-02-25 23:51:45,13544,99,0.10231854838709678,0,2,23,2,35607.88333333333,167.43333333333334,1431.75,4,{},deviant
109555,Evaluacion curso,2016-02-25 06:53:05,2016-02-25 22:58:57,2016-02-25 23:51:46,22485,97,0.07787298387096774,0,5,22,2,35555.083333333336,965.9166666666666,1378.95,4,{},regular
110602,Revisar curso,2016-02-25 22:56:53,2016-02-26 00:40:32,2016-02-26 00:40:32,22404,100,0.04788306451612903,0,5,0,2,35656.666666666664,103.65,40.53333333333333,5,{},deviant
110602,Cancelar curso,2016-02-26 00:40:32,2016-02-26 00:40:36,2016-02-26 00:40:36,22404,100,0.0010080645161290322,0,6,0,2,35656.73333333333,0.06666666666666667,40.6,5,{},deviant
110466,Cancelar Solicitud,2016-02-25 15:00:59,2016-02-26 00:29:57,2016-02-26 00:41:53,7297,97,0.26537298387096775,0,3,0,2,35646.083333333336,569.0166666666667,29.95,5,{},deviant
110609,Radicar Solicitud Homologacion,2016-02-25 22:06:30,2016-02-26 00:53:56,2016-02-26 00:53:56,13544,99,0.10231854838709678,0,2,0,2,35670.066666666666,167.43333333333334,53.93333333333333,5,{},deviant
110552,Traer informacion estudiante - banner,2016-02-25 10:54:58,2016-02-26 00:58:58,2016-02-26 00:58:58,19916,95,0.0,0,3,0,2,35675.1,844.0,58.96666666666667,5,{},deviant
109503,Validar solicitud,2016-02-23 19:48:05,2016-02-26 01:00:36,2016-02-26 01:00:36,22475,94,0.24168346774193547,0,6,1,2,35676.73333333333,3192.5666666666666,60.6,5,{},deviant
110701,Radicar Solicitud Homologacion,2016-02-25 23:41:16,2016-02-26 01:14:26,2016-02-26 01:14:26,11829,100,0.10231854838709678,0,2,1,2,35690.566666666666,93.16666666666667,74.43333333333334,5,{},regular
110701,Validar solicitud,2016-02-26 01:14:26,2016-02-26 01:14:30,2016-02-26 01:14:30,22475,99,0.24168346774193547,0,3,1,2,35690.63333333333,0.06666666666666667,74.5,5,{},regular
110606,Validar solicitud,2016-02-25 21:57:51,2016-02-26 01:15:06,2016-02-26 01:15:06,22404,98,0.24168346774193547,0,3,1,2,35691.23333333333,197.25,75.1,5,{},deviant
109264,Homologacion por grupo de cursos,2016-02-25 03:43:59,2016-02-25 19:03:45,2016-02-26 01:16:33,19019,97,0.5632560483870968,6,7,14,2,35071.566666666666,874.2166666666667,895.4333333333333,4,{},regular
110701,Revisar curso,2016-02-26 01:14:30,2016-02-26 01:14:34,2016-02-26 01:17:58,26757,99,0.04788306451612903,0,4,1,2,35690.7,0.06666666666666667,74.56666666666666,5,{},regular
110551,Radicar Solicitud Homologacion,2016-02-25 13:36:47,2016-02-26 01:16:33,2016-02-26 01:31:11,19019,96,0.10231854838709678,0,2,16,2,35155.38333333333,162.46666666666667,979.25,4,{},regular
110611,Radicar Solicitud Homologacion,2016-02-25 22:56:44,2016-02-26 01:36:22,2016-02-26 01:36:22,13544,100,0.10231854838709678,0,2,1,2,35712.5,159.63333333333333,96.36666666666666,5,{},deviant
8_CF,Evaluacion curso,2016-02-25 14:12:08,2016-02-26 01:31:11,2016-02-26 01:36:31,19019,96,0.07787298387096774,0,5,16,2,35160.4,135.58333333333334,984.2666666666667,4,{},regular
110606,Homologacion por grupo de cursos,2016-02-26 01:15:06,2016-02-26 01:38:18,2016-02-26 01:38:18,22404,99,0.5632560483870968,0,4,1,2,35714.433333333334,23.2,98.3,5,{},deviant
110606,Revisar curso,2016-02-26 01:38:18,2016-02-26 01:38:22,2016-02-26 01:38:22,22404,99,0.04788306451612903,0,5,1,2,35714.5,0.06666666666666667,98.36666666666666,5,{},deviant
110606,Cancelar curso,2016-02-26 01:38:22,2016-02-26 01:38:26,2016-02-26 01:38:26,22404,99,0.0010080645161290322,0,6,1,2,35714.566666666666,0.06666666666666667,98.43333333333334,5,{},deviant
110607,Validar solicitud,2016-02-25 22:44:26,2016-02-26 01:49:44,2016-02-26 01:49:44,22404,99,0.24168346774193547,0,3,1,2,35725.86666666667,185.3,109.73333333333333,5,{},deviant
3_CF,Traer informacion estudiante - banner,2016-02-26 01:49:20,2016-02-26 01:49:20,2016-02-26 01:51:14,11829,99,0.0,0,1,1,2,35725.46666666667,35725.46666666667,109.33333333333333,5,{},regular
11_CF,Homologacion por grupo de cursos,2016-02-24 21:49:17,2016-02-26 02:02:36,2016-02-26 02:04:26,1007,96,0.5632560483870968,0,4,2,2,35738.73333333333,1738.4,122.6,5,{},regular
110551,Validar solicitud,2016-02-26 01:31:11,2016-02-26 02:24:17,2016-02-26 02:28:20,677,99,0.24168346774193547,0,3,2,2,35760.416666666664,605.0333333333333,144.28333333333333,5,{},regular
110607,Homologacion por grupo de cursos,2016-02-26 01:49:44,2016-02-26 02:33:59,2016-02-26 02:33:59,22404,99,0.5632560483870968,0,4,2,2,35770.11666666667,44.25,153.98333333333332,5,{},deviant
110607,Revisar curso,2016-02-26 02:33:59,2016-02-26 02:34:03,2016-02-26 02:34:03,22404,99,0.04788306451612903,0,5,2,2,35770.183333333334,0.06666666666666667,154.05,5,{},deviant
110607,Cancelar curso,2016-02-26 02:34:03,2016-02-26 02:34:07,2016-02-26 02:34:07,22404,99,0.0010080645161290322,0,6,2,2,35770.25,0.06666666666666667,154.11666666666667,5,{},deviant
110609,Validar solicitud,2016-02-26 00:53:56,2016-02-26 02:39:40,2016-02-26 02:39:40,22404,99,0.24168346774193547,0,3,2,2,35775.8,105.73333333333333,159.66666666666666,5,{},deviant
3_CF,Radicar Solicitud Homologacion,2016-02-26 01:51:14,2016-02-26 02:23:51,2016-02-26 02:44:06,11829,99,0.10231854838709678,0,2,2,2,35759.98333333333,34.516666666666666,143.85,5,{},regular
110464,Evaluacion curso,2016-02-25 23:34:25,2016-02-25 23:34:29,2016-02-26 02:45:02,1343,99,0.07787298387096774,0,6,23,2,35590.61666666667,190.78333333333333,1414.4833333333333,4,{},regular
110464,Validacion final,2016-02-26 02:45:02,2016-02-26 02:45:06,2016-02-26 02:45:15,22475,98,0.010080645161290322,0,7,2,2,35781.23333333333,190.61666666666667,165.1,5,{},regular
110462,Evaluacion curso,2016-02-25 14:12:08,2016-02-26 01:36:31,2016-02-26 03:00:31,19019,96,0.07787298387096774,0,5,16,2,35162.03333333333,134.61666666666667,985.9,4,{},regular
110551,Revisar curso,2016-02-26 02:28:20,2016-02-26 03:00:38,2016-02-26 03:00:38,677,99,0.04788306451612903,0,4,3,2,35796.76666666667,36.35,180.63333333333333,5,{},regular
110608,Validar solicitud,2016-02-25 23:51:45,2016-02-26 03:10:11,2016-02-26 03:10:11,22404,100,0.24168346774193547,0,3,3,2,35806.316666666666,198.43333333333334,190.18333333333334,5,{},deviant
110611,Validar solicitud,2016-02-26 01:36:22,2016-02-26 03:17:31,2016-02-26 03:17:31,22404,99,0.24168346774193547,0,3,3,2,35813.65,101.15,197.51666666666668,5,{},deviant
109552,Homologacion por grupo de cursos,2016-02-25 06:26:53,2016-02-26 02:25:01,2016-02-26 03:37:17,4560,97,0.5632560483870968,0,5,2,2,35761.15,1245.6166666666666,145.01666666666668,5,{},regular
19_CF,Validar solicitud,2016-02-23 22:20:27,2016-02-26 03:00:31,2016-02-26 03:39:30,19019,95,0.24168346774193547,0,3,18,2,35314.21666666667,2700.85,1138.0833333333333,4,{},regular
24_CF,Validar solicitud,2016-02-23 23:28:34,2016-02-26 03:39:30,2016-02-26 04:15:32,19019,96,0.24168346774193547,3,3,20,2,35407.95,2726.05,1231.8166666666666,4,{},regular
110608,Homologacion por grupo de cursos,2016-02-26 03:10:11,2016-02-26 04:28:36,2016-02-26 04:28:36,22404,98,0.5632560483870968,0,4,4,2,35884.73333333333,78.41666666666667,268.6,5,{},deviant
110608,Revisar curso,2016-02-26 04:28:36,2016-02-26 04:28:40,2016-02-26 04:28:40,22404,98,0.04788306451612903,0,5,4,2,35884.8,0.06666666666666667,268.6666666666667,5,{},deviant
110608,Cancelar curso,2016-02-26 04:28:40,2016-02-26 04:28:44,2016-02-26 04:28:44,22404,98,0.0010080645161290322,0,6,4,2,35884.86666666667,0.06666666666666667,268.73333333333335,5,{},deviant
110609,Homologacion por grupo de cursos,2016-02-26 02:39:40,2016-02-26 04:35:48,2016-02-26 04:35:48,22404,98,0.5632560483870968,0,4,4,2,35891.933333333334,116.13333333333334,275.8,5,{},deviant
110609,Revisar curso,2016-02-26 04:35:48,2016-02-26 04:35:52,2016-02-26 04:35:52,22404,97,0.04788306451612903,0,5,4,2,35892.0,0.06666666666666667,275.8666666666667,5,{},deviant
110609,Cancelar curso,2016-02-26 04:35:52,2016-02-26 04:35:56,2016-02-26 04:35:56,22404,97,0.0010080645161290322,0,6,4,2,35892.066666666666,0.06666666666666667,275.93333333333334,5,{},deviant
27_CF,Validar solicitud,2016-02-23 23:52:25,2016-02-26 04:15:32,2016-02-26 04:51:22,19019,96,0.24168346774193547,1,3,21,2,35488.46666666667,2798.266666666667,1312.3333333333333,4,{},regular
42_CF,Evaluacion curso,2016-02-25 19:42:12,2016-02-26 04:51:22,2016-02-26 04:55:54,19019,97,0.07787298387096774,4,5,23,2,35607.683333333334,252.71666666666667,1431.55,4,{},regular
110611,Homologacion por grupo de cursos,2016-02-26 03:17:31,2016-02-26 05:10:24,2016-02-26 05:10:24,22404,98,0.5632560483870968,0,4,5,2,35926.53333333333,112.88333333333334,310.4,5,{},deviant
110611,Revisar curso,2016-02-26 05:10:24,2016-02-26 05:10:28,2016-02-26 05:10:28,22404,96,0.04788306451612903,0,5,5,2,35926.6,0.06666666666666667,310.46666666666664,5,{},deviant
110611,Cancelar curso,2016-02-26 05:10:28,2016-02-26 05:10:32,2016-02-26 05:10:32,22404,96,0.0010080645161290322,0,6,5,2,35926.666666666664,0.06666666666666667,310.53333333333336,5,{},deviant
49_CF,Traer informacion estudiante - banner,2016-02-26 05:12:57,2016-02-26 05:12:57,2016-02-26 05:14:38,11829,96,0.0,0,1,5,2,35929.083333333336,35929.083333333336,312.95,5,{},regular
110701,Homologacion por grupo de cursos,2016-02-26 01:17:58,2016-02-26 02:45:02,2016-02-26 05:52:12,1343,99,0.5632560483870968,0,5,1,2,35694.166666666664,3.466666666666667,78.03333333333333,5,{},regular
110701,Evaluacion curso,2016-02-26 05:52:12,2016-02-26 05:52:16,2016-02-26 05:52:51,26757,96,0.07787298387096774,0,6,5,2,35968.4,274.23333333333335,352.26666666666665,5,{},regular
110701,Validacion final,2016-02-26 05:52:51,2016-02-26 05:52:55,2016-02-26 05:53:56,22475,96,0.010080645161290322,0,7,5,2,35969.05,0.65,352.9166666666667,5,{},regular
110851,Traer informacion estudiante - banner,2016-02-26 05:54:07,2016-02-26 05:54:07,2016-02-26 05:54:07,6723,97,0.0,0,1,5,2,35970.25,35970.25,354.1166666666667,5,{},regular
8_CF,Homologacion por grupo de cursos,2016-02-26 01:36:31,2016-02-26 05:52:12,2016-02-26 05:57:15,1343,99,0.5632560483870968,1,6,1,2,35712.71666666667,552.3166666666667,96.58333333333333,5,{},regular
110464,Visto Bueno Cierre Proceso,2016-02-26 02:45:15,2016-02-26 05:57:15,2016-02-26 05:57:15,1343,98,0.03276209677419355,1,8,2,2,35781.45,0.21666666666666667,165.31666666666666,5,{},regular
8_CF,Validacion final,2016-02-26 05:57:15,2016-02-26 05:57:19,2016-02-26 05:59:47,22475,97,0.010080645161290322,0,7,5,2,35973.45,260.73333333333335,357.31666666666666,5,{},regular
49_CF,Radicar Solicitud Homologacion,2016-02-26 05:14:38,2016-02-26 05:52:34,2016-02-26 06:10:49,11829,96,0.10231854838709678,0,2,5,2,35968.7,39.61666666666667,352.56666666666666,5,{},regular
110851,Radicar Solicitud Homologacion,2016-02-26 05:54:07,2016-02-26 06:30:14,2016-02-26 06:30:14,6723,97,0.10231854838709678,0,2,6,2,36006.36666666667,36.11666666666667,390.23333333333335,5,{},regular
110462,Homologacion por grupo de cursos,2016-02-26 03:00:31,2016-02-26 05:57:15,2016-02-26 09:08:24,1343,98,0.5632560483870968,2,6,3,2,35796.71666666667,634.6833333333333,180.58333333333334,5,{},regular
110462,Validacion final,2016-02-26 09:08:24,2016-02-26 09:08:28,2016-02-26 09:08:28,22475,96,0.010080645161290322,0,7,9,2,36164.6,367.8833333333333,548.4666666666667,5,{},regular
42_CF,Homologacion por grupo de cursos,2016-02-26 04:55:54,2016-02-26 09:08:24,2016-02-26 09:12:19,1343,96,0.5632560483870968,3,6,4,2,35912.1,304.4166666666667,295.96666666666664,5,{},regular
42_CF,Validacion final,2016-02-26 09:12:19,2016-02-26 09:12:23,2016-02-26 09:14:28,22475,96,0.010080645161290322,0,7,9,2,36168.51666666667,256.4166666666667,552.3833333333333,5,{},regular
110551,Evaluacion curso,2016-02-26 03:00:38,2016-02-26 04:55:54,2016-02-26 09:15:54,19019,98,0.07787298387096774,3,5,3,2,35796.833333333336,0.06666666666666667,180.7,5,{},regular
110853,Traer informacion estudiante - banner,2016-02-26 10:46:15,2016-02-26 10:46:15,2016-02-26 10:46:15,6723,97,0.0,0,1,10,2,36262.38333333333,36262.38333333333,646.25,5,{},deviant
110603,Cancelar Solicitud,2016-02-25 23:11:06,2016-02-26 10:16:46,2016-02-26 10:48:46,13544,99,0.26537298387096775,0,4,10,2,36232.9,665.6666666666666,616.7666666666667,5,{},deviant
110853,Radicar Solicitud Homologacion,2016-02-26 10:46:15,2016-02-26 11:45:47,2016-02-26 11:45:47,6723,97,0.10231854838709678,0,2,11,2,36321.916666666664,59.53333333333333,705.7833333333333,5,{},deviant
109264,Validar solicitud / pre-homologacion,2016-02-26 01:16:33,2016-02-26 09:15:54,2016-02-26 11:53:25,19019,99,0.012852822580645162,7,8,7,2,36046.2,974.6333333333333,430.06666666666666,5,{},regular
48_CF,Evaluacion curso,2016-02-23 17:07:31,2016-02-26 11:53:25,2016-02-26 11:56:58,19019,91,0.07787298387096774,0,5,7,2,36084.95,3774.6833333333334,468.81666666666666,5,{},regular
110854,Traer informacion estudiante - banner,2016-02-26 12:01:34,2016-02-26 12:01:34,2016-02-26 12:01:34,6723,98,0.0,0,1,12,2,36337.7,36337.7,721.5666666666667,5,{},deviant
110701,Visto Bueno Cierre Proceso,2016-02-26 05:53:56,2016-02-26 09:12:19,2016-02-26 12:14:27,1343,96,0.03276209677419355,3,8,5,2,35970.13333333333,1.0833333333333333,354.0,5,{},regular
8_CF,Visto Bueno Cierre Proceso,2016-02-26 05:59:47,2016-02-26 12:14:27,2016-02-26 12:15:47,1343,96,0.03276209677419355,2,8,5,2,35975.98333333333,2.533333333333333,359.85,5,{},regular
109552,Evaluacion curso,2016-02-26 03:37:17,2016-02-26 12:40:28,2016-02-26 12:46:49,241,98,0.07787298387096774,0,6,12,2,36376.6,615.45,760.4666666666667,5,{},regular
110854,Radicar Solicitud Homologacion,2016-02-26 12:01:34,2016-02-26 13:11:31,2016-02-26 13:11:31,6723,98,0.10231854838709678,0,2,13,2,36407.65,69.95,791.5166666666667,5,{},deviant
110551,Homologacion por grupo de cursos,2016-02-26 09:15:54,2016-02-26 09:15:58,2016-02-26 13:47:58,3445,96,0.5632560483870968,0,6,9,2,36172.1,375.26666666666665,555.9666666666667,5,{},regular
110551,Validacion final,2016-02-26 13:47:58,2016-02-26 13:48:02,2016-02-26 13:52:15,677,96,0.010080645161290322,0,7,13,2,36444.166666666664,272.06666666666666,828.0333333333333,5,{},regular
110551,Visto Bueno Cierre Proceso,2016-02-26 13:52:15,2016-02-26 13:52:19,2016-02-26 14:00:05,3445,96,0.03276209677419355,0,8,13,2,36448.45,4.283333333333333,832.3166666666667,5,{},regular
110462,Visto Bueno Cierre Proceso,2016-02-26 09:08:28,2016-02-26 12:15:47,2016-02-26 14:02:56,1343,96,0.03276209677419355,2,8,9,2,36164.666666683326,0.06666668333333334,548.5333333333333,5,{},regular
42_CF,Visto Bueno Cierre Proceso,2016-02-26 09:14:28,2016-02-26 14:02:56,2016-02-26 14:04:09,1343,96,0.03276209677419355,2,8,9,2,36170.666666666664,2.15,554.5333333333333,5,{},regular
109555,Homologacion por grupo de cursos,2016-02-25 23:51:46,2016-02-26 12:31:28,2016-02-26 14:18:29,6889,100,0.5632560483870968,0,6,12,2,36367.6,812.5166666666667,751.4666666666667,5,{},regular
110901,Traer informacion estudiante - banner,2016-02-26 15:16:35,2016-02-26 15:16:35,2016-02-26 15:16:35,24536,94,0.0,0,1,15,2,36532.71666666667,36532.71666666667,916.5833333333334,5,{},deviant
3_CF,Validar solicitud,2016-02-26 02:44:06,2016-02-26 15:03:50,2016-02-26 15:27:37,22475,98,0.24168346774193547,0,3,15,2,36519.96666666667,759.9833333333333,903.8333333333334,5,{},regular
110901,Radicar Solicitud Homologacion,2016-02-26 15:16:35,2016-02-26 15:39:10,2016-02-26 15:39:10,24536,94,0.10231854838709678,0,2,15,2,36555.3,22.583333333333332,939.1666666666666,5,{},deviant
108001,Notificacion estudiante cancelacion soli,2016-02-20 01:33:43,2016-02-26 15:59:58,2016-02-26 15:59:58,7836,88,0.0,0,4,15,2,36576.1,9506.25,959.9666666666667,5,{},deviant
110951,Traer informacion estudiante - banner,2016-02-26 16:05:37,2016-02-26 16:05:37,2016-02-26 16:05:37,24536,94,0.0,0,1,16,2,36581.75,36581.75,965.6166666666667,5,{},deviant
108104,Notificacion estudiante cancelacion soli,2016-02-22 20:49:47,2016-02-26 16:08:04,2016-02-26 16:08:04,11568,93,0.0,0,4,16,2,36584.2,5558.283333333334,968.0666666666667,5,{},deviant
108452,Validar solicitud,2016-02-22 13:33:31,2016-02-26 16:11:19,2016-02-26 16:11:19,22475,88,0.24168346774193547,0,4,16,2,36587.45,5917.983333333334,971.3166666666667,5,{},regular
110952,Traer informacion estudiante - banner,2016-02-26 16:26:44,2016-02-26 16:26:44,2016-02-26 16:26:44,341,94,0.0,0,1,16,2,36602.86666666667,36602.86666666667,986.7333333333333,5,{},deviant
110951,Radicar Solicitud Homologacion,2016-02-26 16:05:37,2016-02-26 16:28:12,2016-02-26 16:28:12,24536,94,0.10231854838709678,0,2,16,2,36604.333333333336,22.583333333333332,988.2,5,{},deviant
110603,Revisar curso,2016-02-26 10:48:46,2016-02-26 16:33:46,2016-02-26 16:33:46,22404,97,0.04788306451612903,0,5,16,2,36609.9,377.0,993.7666666666667,5,{},deviant
49_CF,Validar solicitud,2016-02-26 06:10:49,2016-02-26 16:21:17,2016-02-26 16:42:33,22475,96,0.24168346774193547,0,3,16,2,36597.416666666664,628.7166666666667,981.2833333333333,5,{},regular
110851,Validar solicitud,2016-02-26 06:30:14,2016-02-26 16:42:36,2016-02-26 16:43:32,677,96,0.24168346774193547,0,3,16,2,36618.73333333333,612.3666666666667,1002.6,5,{},regular
110952,Radicar Solicitud Homologacion,2016-02-26 16:26:44,2016-02-26 16:44:34,2016-02-26 16:44:34,341,94,0.10231854838709678,0,2,16,2,36620.7,17.833333333333332,1004.5666666666667,5,{},deviant
107004,Notificacion estudiante cancelacion soli,2016-02-19 05:32:21,2016-02-26 16:49:59,2016-02-26 16:49:59,22475,90,0.0,0,4,16,2,36626.11666666667,10758.25,1009.9833333333333,5,{},deviant
110953,Traer informacion estudiante - banner,2016-02-26 17:34:39,2016-02-26 17:34:39,2016-02-26 17:34:39,24536,94,0.0,0,1,17,2,36670.78333333333,36670.78333333333,1054.65,5,{},deviant
110953,Radicar Solicitud Homologacion,2016-02-26 17:34:39,2016-02-26 17:57:14,2016-02-26 17:57:14,24536,94,0.10231854838709678,0,2,17,2,36693.36666666667,22.583333333333332,1077.2333333333333,5,{},deviant
109264,Validacion final,2016-02-26 11:53:25,2016-02-26 15:56:47,2016-02-26 19:10:09,19019,97,0.010080645161290322,1,9,15,2,36572.916666666664,526.7166666666667,956.7833333333333,5,{},regular
111202,Traer informacion estudiante - banner,2016-02-26 19:20:03,2016-02-26 19:20:03,2016-02-26 19:20:03,11706,94,0.0,0,1,19,2,36776.183333333334,36776.183333333334,1160.05,5,{},deviant
111205,Traer informacion estudiante - banner,2016-02-26 19:32:55,2016-02-26 19:32:55,2016-02-26 19:32:55,19019,95,0.0,0,1,19,2,36789.05,36789.05,1172.9166666666667,5,{},regular
111202,Radicar Solicitud Homologacion,2016-02-26 19:20:03,2016-02-26 19:49:28,2016-02-26 19:49:32,11706,94,0.10231854838709678,0,2,19,2,36805.6,29.416666666666668,1189.4666666666667,5,{},deviant
111205,Radicar Solicitud Homologacion,2016-02-26 19:32:55,2016-02-26 20:00:31,2016-02-26 20:07:38,19019,95,0.10231854838709678,0,2,20,2,36816.65,27.6,1200.5166666666667,5,{},regular
109552,Validacion final,2016-02-26 12:46:49,2016-02-26 20:25:10,2016-02-26 20:27:18,22404,96,0.010080645161290322,0,7,20,2,36841.3,464.7,1225.1666666666667,5,{},regular
109754,Notificacion estudiante cancelacion soli,2016-02-24 22:12:35,2016-02-26 20:30:54,2016-02-26 20:30:54,2981,97,0.0,0,4,20,2,36847.03333333333,2778.45,1230.9,5,{},deviant
6_CF,Homologacion por grupo de cursos,2016-02-25 04:34:29,2016-02-26 20:37:37,2016-02-26 20:38:48,1007,96,0.5632560483870968,0,4,20,2,36853.75,2551.5333333333333,1237.6166666666666,5,{},regular
109555,Validacion final,2016-02-26 14:18:29,2016-02-26 20:40:26,2016-02-26 20:40:29,7080,93,0.010080645161290322,0,7,20,2,36856.566666666666,488.96666666666664,1240.4333333333334,5,{},regular
111209,Traer informacion estudiante - banner,2016-02-26 21:33:38,2016-02-26 21:33:38,2016-02-26 21:33:38,5221,95,0.0,0,1,21,2,36909.76666666667,36909.76666666667,1293.6333333333334,5,{},regular
111209,Radicar Solicitud Homologacion,2016-02-26 21:33:38,2016-02-26 22:01:14,2016-02-26 22:01:19,5221,95,0.10231854838709678,0,2,22,2,36937.36666666667,27.6,1321.2333333333333,5,{},regular
109552,Visto Bueno Cierre Proceso,2016-02-26 20:27:18,2016-02-26 22:21:18,2016-02-26 22:37:34,4560,95,0.03276209677419355,0,8,22,2,36957.433333333334,116.13333333333334,1341.3,5,{},regular
109552,Transferir Creditos,2016-02-26 22:37:34,2016-02-26 22:58:44,2016-02-26 22:58:44,4560,95,0.0005040322580645161,0,9,22,2,36994.86666666667,37.43333333333333,1378.7333333333333,5,{},regular
111256,Notificacion estudiante cancelacion soli,2016-02-26 23:07:17,2016-02-26 23:07:17,2016-02-26 23:07:17,19019,95,0.0,0,1,23,2,37003.416666666664,37003.416666666664,1387.2833333333333,5,{},deviant
109555,Visto Bueno Cierre Proceso,2016-02-26 20:40:29,2016-02-26 23:03:15,2016-02-26 23:57:21,6889,94,0.03276209677419355,0,8,23,2,36999.38333333333,142.81666666666666,1383.25,5,{},regular
18_CF,Homologacion por grupo de cursos,2016-02-25 09:45:23,2016-02-27 00:30:11,2016-02-27 00:30:41,1007,95,0.5632560483870968,0,4,0,2,37086.316666666666,2370.1833333333334,30.183333333333334,6,{},regular
109505,Homologacion por grupo de cursos,2016-02-25 02:06:38,2016-02-26 21:34:18,2016-02-27 00:35:41,957,99,0.5632560483870968,0,4,21,2,36910.433333333334,2711.6666666666665,1294.3,5,{},deviant
111202,Validar solicitud,2016-02-26 19:49:32,2016-02-27 00:48:49,2016-02-27 00:57:21,22404,95,0.24168346774193547,0,3,0,2,37104.95,299.35,48.81666666666667,6,{},deviant
109555,Transferir Creditos,2016-02-26 23:57:21,2016-02-27 00:59:03,2016-02-27 00:59:03,6889,95,0.0005040322580645161,0,9,0,2,37115.183333333334,115.8,59.05,6,{},regular
49_CF,Revisar curso,2016-02-26 16:42:33,2016-02-27 01:13:04,2016-02-27 01:15:08,26757,94,0.04788306451612903,0,4,1,2,37129.2,531.7833333333333,73.06666666666666,6,{},regular
111205,Validar solicitud,2016-02-26 20:07:38,2016-02-27 01:06:55,2016-02-27 01:50:30,1707,95,0.24168346774193547,0,3,1,2,37123.05,306.4,66.91666666666667,6,{},regular
110503,Notificacion estudiante cancelacion soli,2016-02-25 10:04:38,2016-02-27 02:29:28,2016-02-27 02:29:28,1707,95,0.0,0,4,2,2,37205.6,2508.6,149.46666666666667,6,{},deviant
3_CF,Revisar curso,2016-02-26 15:27:37,2016-02-27 03:21:57,2016-02-27 03:24:11,26757,94,0.04788306451612903,0,4,3,2,37258.083333333336,738.1166666666667,201.95,6,{},regular
111314,Traer informacion estudiante - banner,2016-02-27 03:26:31,2016-02-27 03:26:31,2016-02-27 03:26:31,7144,93,0.0,0,1,3,2,37262.65,37262.65,206.51666666666668,6,{},deviant
111256,Traer informacion estudiante - banner,2016-02-26 23:07:17,2016-02-27 03:38:55,2016-02-27 03:38:55,9404,95,0.0,0,2,3,2,37275.05,271.6333333333333,218.91666666666666,6,{},deviant
108901,Revisar curso,2016-02-23 13:28:43,2016-02-27 04:28:35,2016-02-27 04:28:37,943,94,0.04788306451612903,0,4,4,2,37324.71666666667,5223.3,268.5833333333333,6,{},regular
111209,Validar solicitud,2016-02-26 22:01:19,2016-02-27 04:43:45,2016-02-27 04:44:34,22475,95,0.24168346774193547,0,3,4,2,37339.88333333333,402.51666666666665,283.75,6,{},regular
110853,Validar solicitud,2016-02-26 11:45:47,2016-02-27 05:35:05,2016-02-27 05:35:54,677,97,0.24168346774193547,0,3,5,2,37391.21666666667,1069.3,335.0833333333333,6,{},deviant
15_CF,Homologacion por grupo de cursos,2016-02-25 08:37:42,2016-02-27 05:42:59,2016-02-27 05:43:18,1007,95,0.5632560483870968,2,4,5,2,37399.11666666667,2772.766666666667,342.98333333333335,6,{},regular
111314,Radicar Solicitud Homologacion,2016-02-27 03:26:31,2016-02-27 06:03:03,2016-02-27 06:03:08,7144,93,0.10231854838709678,0,2,6,2,37419.183333333334,156.53333333333333,363.05,6,{},deviant
110552,Radicar Solicitud Homologacion,2016-02-26 00:58:58,2016-02-27 06:56:42,2016-02-27 06:56:42,19916,99,0.10231854838709678,0,4,6,2,37472.833333333336,1797.7333333333333,416.7,6,{},deviant
105504,Notificacion estudiante cancelacion soli,2016-02-17 21:13:59,2016-02-27 09:09:48,2016-02-27 09:09:48,19019,94,0.0,5,4,9,2,37605.933333333334,14266.583333333334,549.8,6,{},deviant
110851,Validacion final,2016-02-26 16:43:32,2016-02-27 09:24:44,2016-02-27 09:24:44,677,94,0.010080645161290322,0,4,9,2,37620.86666666667,1002.1333333333333,564.7333333333333,6,{},regular
11_CF,Validacion final,2016-02-26 02:04:26,2016-02-27 10:13:37,2016-02-27 10:15:19,19019,99,0.010080645161290322,4,5,10,2,37669.75,1931.0166666666667,613.6166666666667,6,{},regular
111351,Traer informacion estudiante - banner,2016-02-27 12:54:40,2016-02-27 12:54:40,2016-02-27 12:54:40,19019,92,0.0,0,1,12,2,37830.8,37830.8,774.6666666666666,6,{},regular
110952,Cancelar Solicitud,2016-02-26 16:44:34,2016-02-27 13:27:25,2016-02-27 13:38:22,669,94,0.26537298387096775,0,3,13,2,37863.55,1242.85,807.4166666666666,6,{},deviant
110854,Validar solicitud,2016-02-26 13:11:31,2016-02-27 14:09:33,2016-02-27 14:10:30,677,96,0.24168346774193547,0,3,14,2,37905.683333333334,1498.0333333333333,849.55,6,{},deviant
110951,Cancelar Solicitud,2016-02-26 16:28:12,2016-02-27 13:33:30,2016-02-27 14:30:15,294,94,0.26537298387096775,0,3,13,2,37869.63333333333,1265.3,813.5,6,{},deviant
111264,Traer informacion estudiante - banner,2016-02-27 15:04:22,2016-02-27 15:04:22,2016-02-27 15:04:22,3747,93,0.0,0,1,15,2,37960.5,37960.5,904.3666666666667,6,{},regular
4_CF,Evaluacion curso,2016-02-25 17:17:30,2016-02-27 15:28:21,2016-02-27 15:28:47,19019,95,0.07787298387096774,4,5,15,2,37984.48333333333,2776.4,928.35,6,{},regular
110901,Cancelar Solicitud,2016-02-26 15:39:10,2016-02-27 14:35:33,2016-02-27 15:32:16,294,94,0.26537298387096775,0,3,14,2,37931.683333333334,1376.3833333333334,875.55,6,{},deviant
111351,Radicar Solicitud Homologacion,2016-02-27 12:54:40,2016-02-27 15:38:12,2016-02-27 15:55:31,19019,92,0.10231854838709678,0,2,15,2,37994.333333333336,163.53333333333333,938.2,6,{},regular
111401,Traer informacion estudiante - banner,2016-02-27 15:52:50,2016-02-27 15:55:31,2016-02-27 15:55:31,19019,94,0.0,0,1,15,2,38008.96666666667,38008.96666666667,952.8333333333334,6,{},deviant
109503,Validar solicitud / pre-homologacion,2016-02-26 01:00:36,2016-02-27 16:02:30,2016-02-27 16:02:30,22475,99,0.012852822580645162,0,7,16,2,38018.63333333333,2341.9,962.5,6,{},deviant
110953,Cancelar Solicitud,2016-02-26 17:57:14,2016-02-27 15:49:23,2016-02-27 16:46:08,294,94,0.26537298387096775,0,3,15,2,38005.51666666667,1312.15,949.3833333333333,6,{},deviant
106954,Notificacion estudiante cancelacion soli,2016-02-19 18:06:46,2016-02-27 16:47:01,2016-02-27 16:47:01,241,87,0.0,0,4,16,2,38063.15,11460.833333333334,1007.0166666666667,6,{},deviant
111501,Cancelar Solicitud,2016-02-27 16:39:49,2016-02-27 16:39:49,2016-02-27 16:47:49,677,94,0.26537298387096775,0,1,16,2,38055.95,38055.95,999.8166666666667,6,{},deviant
111264,Radicar Solicitud Homologacion,2016-02-27 15:04:22,2016-02-27 17:33:23,2016-02-27 17:33:31,3747,93,0.10231854838709678,0,2,17,2,38109.51666666667,149.01666666666668,1053.3833333333334,6,{},regular
21_CF,Traer informacion estudiante - banner,2016-02-27 18:53:16,2016-02-27 18:53:16,2016-02-27 18:53:43,4126,94,0.0,0,1,18,2,38189.4,38189.4,1133.2666666666667,6,{},regular
0_CF,Evaluacion curso,2016-02-20 01:46:24,2016-02-27 19:21:25,2016-02-27 19:23:32,7299,88,0.07787298387096774,0,5,19,2,38217.55,11136.25,1161.4166666666667,6,{},regular
111453,Traer informacion estudiante - banner,2016-02-27 19:52:59,2016-02-27 19:52:59,2016-02-27 19:52:59,4126,95,0.0,0,1,19,2,38249.11666666667,38249.11666666667,1192.9833333333333,6,{},regular
110603,Notificacion estudiante cancelacion soli,2016-02-26 16:33:46,2016-02-27 20:08:44,2016-02-27 20:08:44,13544,94,0.0,0,6,20,2,38264.86666666667,1654.9666666666667,1208.7333333333333,6,{},deviant
110465,Notificacion estudiante cancelacion soli,2016-02-25 20:43:19,2016-02-27 20:33:18,2016-02-27 20:33:18,19916,98,0.0,0,4,20,2,38289.433333333334,2869.983333333333,1233.3,6,{},deviant
21_CF,Radicar Solicitud Homologacion,2016-02-27 18:53:43,2016-02-27 21:16:08,2016-02-27 21:21:30,4126,94,0.10231854838709678,0,2,21,2,38332.26666666667,142.86666666666667,1276.1333333333334,6,{},regular
111453,Radicar Solicitud Homologacion,2016-02-27 19:52:59,2016-02-27 22:08:55,2016-02-27 22:08:55,4126,95,0.10231854838709678,0,2,22,2,38385.05,135.93333333333334,1328.9166666666667,6,{},regular
111501,Traer informacion estudiante - banner,2016-02-27 16:47:49,2016-02-27 22:54:32,2016-02-27 22:54:32,2981,93,0.0,0,2,22,2,38430.666666666664,374.71666666666664,1374.5333333333333,6,{},deviant
111401,Radicar Solicitud Homologacion,2016-02-27 15:55:31,2016-02-27 18:13:54,2016-02-27 23:05:54,19019,94,0.10231854838709678,0,2,18,2,38150.03333333333,141.06666666666666,1093.9,6,{},deviant
111454,Traer informacion estudiante - banner,2016-02-28 00:41:11,2016-02-28 00:41:11,2016-02-28 00:41:11,4126,94,0.0,0,1,0,2,38537.316666666666,38537.316666666666,41.18333333333333,7,{},regular
31_CF,Traer informacion estudiante - banner,2016-02-28 02:09:44,2016-02-28 02:09:44,2016-02-28 02:10:18,4126,95,0.0,0,1,2,2,38625.86666666667,38625.86666666667,129.73333333333332,7,{},regular
111702,Radicar Solicitud Homologacion,2016-02-28 03:39:13,2016-02-28 03:39:13,2016-02-28 03:39:13,19019,96,0.10231854838709678,0,1,3,2,38715.35,38715.35,219.21666666666667,7,{},deviant
6_CF,Validacion final,2016-02-26 20:38:48,2016-02-28 04:15:02,2016-02-28 04:17:40,19019,94,0.010080645161290322,0,5,4,2,38751.166666666664,1897.4166666666667,255.03333333333333,7,{},regular
108201,Notificacion estudiante cancelacion soli,2016-02-23 04:23:27,2016-02-28 04:52:18,2016-02-28 04:52:18,1995,94,0.0,0,4,4,2,38788.433333333334,7228.916666666667,292.3,7,{},deviant
110466,Notificacion estudiante cancelacion soli,2016-02-26 00:41:53,2016-02-28 05:04:42,2016-02-28 05:04:42,7297,99,0.0,0,4,5,2,38800.833333333336,3154.75,304.7,7,{},deviant
111454,Radicar Solicitud Homologacion,2016-02-28 00:41:11,2016-02-28 05:05:30,2016-02-28 05:05:30,4126,94,0.10231854838709678,0,2,5,2,38801.63333333333,264.31666666666666,305.5,7,{},regular
110454,Notificacion estudiante cancelacion soli,2016-02-25 09:53:15,2016-02-28 06:29:15,2016-02-28 06:29:15,19019,95,0.0,1,4,6,2,38885.38333333333,4154.916666666667,389.25,7,{},deviant
111551,Traer informacion estudiante - banner,2016-02-28 06:37:20,2016-02-28 06:37:20,2016-02-28 06:37:20,19214,93,0.0,0,1,6,2,38893.46666666667,38893.46666666667,397.3333333333333,7,{},deviant
49_CF,Homologacion por grupo de cursos,2016-02-27 01:15:08,2016-02-28 06:57:19,2016-02-28 06:58:00,1343,93,0.5632560483870968,0,5,6,2,38913.45,1784.25,417.31666666666666,7,{},regular
31_CF,Radicar Solicitud Homologacion,2016-02-28 02:10:18,2016-02-28 06:38:40,2016-02-28 06:58:31,4126,95,0.10231854838709678,0,2,6,2,38894.8,268.93333333333334,398.6666666666667,7,{},regular
49_CF,Evaluacion curso,2016-02-28 06:58:00,2016-02-28 06:58:04,2016-02-28 07:01:51,26757,93,0.07787298387096774,0,6,6,2,38914.2,0.75,418.06666666666666,7,{},regular
49_CF,Validacion final,2016-02-28 07:01:51,2016-02-28 07:01:55,2016-02-28 07:02:55,22475,93,0.010080645161290322,0,7,7,2,38918.05,3.85,421.9166666666667,7,{},regular
49_CF,Visto Bueno Cierre Proceso,2016-02-28 07:02:55,2016-02-28 07:02:59,2016-02-28 07:03:49,1343,93,0.03276209677419355,0,8,7,2,38919.11666666667,1.0666666666666667,422.98333333333335,7,{},regular
111651,Traer informacion estudiante - banner,2016-02-28 07:32:39,2016-02-28 07:32:39,2016-02-28 07:32:39,11861,93,0.0,0,1,7,2,38948.78333333333,38948.78333333333,452.65,7,{},deviant
19_CF,Homologacion por grupo de cursos,2016-02-26 03:39:30,2016-02-28 09:02:28,2016-02-28 09:03:08,1007,98,0.5632560483870968,0,4,9,2,39038.6,3724.383333333333,542.4666666666667,7,{},regular
110456,Notificacion estudiante cancelacion soli,2016-02-25 10:16:23,2016-02-28 09:44:18,2016-02-28 09:44:18,19019,95,0.0,0,4,9,2,39080.433333333334,4294.783333333334,584.3,7,{},deviant
24_CF,Homologacion por grupo de cursos,2016-02-26 04:15:32,2016-02-28 09:58:43,2016-02-28 09:59:11,1007,98,0.5632560483870968,0,4,9,2,39094.85,3686.9,598.7166666666667,7,{},regular
50_CF,Evaluacion curso,2016-02-20 21:13:18,2016-02-28 10:34:57,2016-02-28 10:35:26,163,84,0.07787298387096774,0,6,10,2,39131.083333333336,10883.6,634.95,7,{},regular
111202,Revisar curso,2016-02-27 00:57:21,2016-02-28 10:54:42,2016-02-28 10:54:43,22404,94,0.04788306451612903,0,4,10,2,39150.833333333336,2045.8833333333334,654.7,7,{},deviant
27_CF,Homologacion por grupo de cursos,2016-02-26 04:51:22,2016-02-28 11:20:51,2016-02-28 11:21:15,1007,96,0.5632560483870968,0,4,11,2,39176.98333333333,3688.516666666667,680.85,7,{},regular
111651,Radicar Solicitud Homologacion,2016-02-28 07:32:39,2016-02-28 11:52:56,2016-02-28 11:53:09,11861,93,0.10231854838709678,0,2,11,2,39209.066666666666,260.28333333333336,712.9333333333333,7,{},deviant
111551,Radicar Solicitud Homologacion,2016-02-28 06:37:20,2016-02-28 10:57:37,2016-02-28 12:25:37,19214,93,0.10231854838709678,0,2,10,2,39153.75,260.28333333333336,657.6166666666667,7,{},deviant
111205,Revisar curso,2016-02-27 01:50:30,2016-02-28 11:58:32,2016-02-28 12:27:55,1707,93,0.04788306451612903,0,4,11,2,39214.666666666664,2091.616666666667,718.5333333333333,7,{},regular
108451,Homologacion por grupo de cursos,2016-02-23 04:53:05,2016-02-28 13:51:14,2016-02-28 13:51:14,677,95,0.5632560483870968,0,4,13,2,39327.36666666667,7798.15,831.2333333333333,7,{},deviant
111654,Traer informacion estudiante - banner,2016-02-28 14:27:12,2016-02-28 14:27:12,2016-02-28 14:27:12,22560,93,0.0,0,1,14,2,39363.333333333336,39363.333333333336,867.2,7,{},deviant
111655,Traer informacion estudiante - banner,2016-02-28 15:30:19,2016-02-28 15:30:19,2016-02-28 15:30:19,11611,94,0.0,0,1,15,2,39426.45,39426.45,930.3166666666667,7,{},deviant
3_CF,Homologacion por grupo de cursos,2016-02-27 03:24:11,2016-02-28 16:50:36,2016-02-28 16:51:19,1343,92,0.5632560483870968,0,5,16,2,39506.73333333333,2248.65,1010.6,7,{},regular
3_CF,Evaluacion curso,2016-02-28 16:51:19,2016-02-28 16:51:23,2016-02-28 16:54:54,26757,94,0.07787298387096774,0,6,16,2,39507.51666666667,0.7833333333333333,1011.3833333333333,7,{},regular
111751,Traer informacion estudiante - banner,2016-02-28 16:55:37,2016-02-28 16:55:37,2016-02-28 16:55:37,1959,95,0.0,0,1,16,2,39511.75,39511.75,1015.6166666666667,7,{},deviant
3_CF,Validacion final,2016-02-28 16:54:54,2016-02-28 16:54:58,2016-02-28 16:55:51,22475,94,0.010080645161290322,0,7,16,2,39511.1,3.5833333333333335,1014.9666666666667,7,{},regular
3_CF,Visto Bueno Cierre Proceso,2016-02-28 16:55:51,2016-02-28 16:55:55,2016-02-28 16:56:44,1343,95,0.03276209677419355,0,8,16,2,39512.05,0.95,1015.9166666666666,7,{},regular
108751,Revisar curso,2016-02-24 07:30:13,2016-02-28 17:43:59,2016-02-28 17:43:59,716,95,0.04788306451612903,0,4,17,2,39560.11666666667,6391.133333333333,1063.9833333333333,7,{},regular
111801,Traer informacion estudiante - banner,2016-02-28 19:13:03,2016-02-28 19:13:03,2016-02-28 19:13:03,8223,95,0.0,0,1,19,2,39649.183333333334,39649.183333333334,1153.05,7,{},deviant
111654,Radicar Solicitud Homologacion,2016-02-28 14:27:12,2016-02-28 18:47:29,2016-02-28 19:17:50,22560,93,0.10231854838709678,0,2,18,2,39623.61666666667,260.28333333333336,1127.4833333333333,7,{},deviant
111202,Homologacion por grupo de cursos,2016-02-28 10:54:43,2016-02-28 15:29:08,2016-02-28 19:32:16,22404,92,0.5632560483870968,0,5,15,2,39425.26666666667,274.43333333333334,929.1333333333333,7,{},deviant
111655,Radicar Solicitud Homologacion,2016-02-28 15:30:19,2016-02-28 20:00:47,2016-02-28 20:00:59,11611,94,0.10231854838709678,0,2,20,2,39696.916666666664,270.46666666666664,1200.7833333333333,7,{},deviant
111853,Radicar Solicitud Homologacion,2016-02-28 20:21:12,2016-02-28 20:21:12,2016-02-28 20:21:12,19019,96,0.10231854838709678,0,1,20,2,39717.333333333336,39717.333333333336,1221.2,7,{},deviant
111951,Traer informacion estudiante - banner,2016-02-28 20:33:33,2016-02-28 20:33:33,2016-02-28 20:33:33,8365,96,0.0,0,1,20,2,39729.683333333334,39729.683333333334,1233.55,7,{},regular
111751,Radicar Solicitud Homologacion,2016-02-28 16:55:37,2016-02-28 21:34:44,2016-02-28 21:34:44,1959,95,0.10231854838709678,0,2,21,2,39790.86666666667,279.1166666666667,1294.7333333333333,7,{},deviant
111205,Homologacion por grupo de cursos,2016-02-28 12:27:55,2016-02-28 17:01:19,2016-02-28 22:28:31,15930,92,0.5632560483870968,0,5,17,2,39517.45,302.78333333333336,1021.3166666666667,7,{},regular
6_CF,Visto Bueno Cierre Proceso,2016-02-28 04:17:40,2016-02-28 22:38:35,2016-02-28 22:39:18,1007,95,0.03276209677419355,0,6,22,2,39854.71666666667,1103.55,1358.5833333333333,7,{},regular
112001,Traer informacion estudiante - banner,2016-02-28 22:46:36,2016-02-28 22:46:36,2016-02-28 22:46:36,1795,97,0.0,0,1,22,2,39862.73333333333,39862.73333333333,1366.6,7,{},deviant
111202,Evaluacion curso,2016-02-28 19:32:16,2016-02-28 19:32:20,2016-02-28 23:35:26,22404,95,0.07787298387096774,0,6,19,2,39668.46666666667,243.2,1172.3333333333333,7,{},deviant
111202,Validar solicitud / pre-homologacion,2016-02-28 23:35:26,2016-02-28 23:35:30,2016-02-28 23:35:30,22404,97,0.012852822580645162,0,7,23,2,39911.63333333333,243.16666666666666,1415.5,7,{},deviant
111801,Radicar Solicitud Homologacion,2016-02-28 19:13:03,2016-02-29 00:39:17,2016-02-29 00:39:17,8223,95,0.10231854838709678,0,2,0,2,39975.416666666664,326.23333333333335,39.28333333333333,1,{},deviant
111951,Radicar Solicitud Homologacion,2016-02-28 20:33:33,2016-02-29 02:04:19,2016-02-29 02:13:46,8365,96,0.10231854838709678,0,2,2,2,40060.45,330.76666666666665,124.31666666666666,1,{},regular
112102,Traer informacion estudiante - banner,2016-02-29 02:50:13,2016-02-29 02:50:13,2016-02-29 02:50:13,2981,97,0.0,0,1,2,2,40106.35,40106.35,170.21666666666667,1,{},regular
111205,Evaluacion curso,2016-02-28 22:28:31,2016-02-28 22:28:35,2016-02-29 03:15:36,19019,96,0.07787298387096774,0,6,22,2,39844.71666666667,327.26666666666665,1348.5833333333333,7,{},regular
111205,Validacion final,2016-02-29 03:15:36,2016-02-29 03:15:40,2016-02-29 03:15:40,1707,97,0.010080645161290322,0,7,3,2,40131.8,287.0833333333333,195.66666666666666,1,{},regular
111205,Visto Bueno Cierre Proceso,2016-02-29 03:15:40,2016-02-29 03:15:44,2016-02-29 03:26:31,15930,97,0.03276209677419355,0,8,3,2,40131.86666666667,0.06666666666666667,195.73333333333332,1,{},regular
111205,Transferir Creditos,2016-02-29 03:26:31,2016-02-29 03:26:35,2016-02-29 03:26:35,15930,97,0.0005040322580645161,0,9,3,2,40142.71666666667,10.85,206.58333333333334,1,{},regular
112102,Radicar Solicitud Homologacion,2016-02-29 02:50:13,2016-02-29 03:40:23,2016-02-29 03:40:23,2981,97,0.10231854838709678,0,2,3,2,40156.51666666667,50.166666666666664,220.38333333333333,1,{},regular
108103,Notificacion estudiante cancelacion soli,2016-02-23 14:55:30,2016-02-29 03:59:26,2016-02-29 03:59:26,19019,92,0.0,0,4,3,2,40175.566666666666,7983.933333333333,239.43333333333334,1,{},deviant
44_CF,Evaluacion curso,2016-02-20 18:36:55,2016-02-29 04:06:04,2016-02-29 04:09:54,7299,84,0.07787298387096774,0,5,4,2,40182.2,12089.25,246.06666666666666,1,{},regular
112001,Radicar Solicitud Homologacion,2016-02-28 22:46:36,2016-02-29 03:33:36,2016-02-29 04:17:54,1795,97,0.10231854838709678,0,2,3,2,40149.73333333333,287.0,213.6,1,{},deviant
112351,Traer informacion estudiante - banner,2016-02-29 05:20:57,2016-02-29 05:20:57,2016-02-29 05:20:57,19422,96,0.0,0,1,5,2,40257.083333333336,40257.083333333336,320.95,1,{},regular
105506,Evaluacion curso,2016-02-20 19:04:50,2016-02-29 04:51:19,2016-02-29 05:55:19,7299,84,0.07787298387096774,0,5,4,2,40227.45,12106.483333333334,291.31666666666666,1,{},regular
111351,Validar solicitud,2016-02-27 15:55:31,2016-02-29 05:28:04,2016-02-29 05:55:41,1707,94,0.24168346774193547,0,3,5,2,40264.2,2269.866666666667,328.06666666666666,1,{},regular
112102,Validar solicitud,2016-02-29 03:40:23,2016-02-29 05:46:41,2016-02-29 06:03:33,677,96,0.24168346774193547,0,3,5,2,40282.816666666666,126.3,346.68333333333334,1,{},regular
112351,Radicar Solicitud Homologacion,2016-02-29 05:20:57,2016-02-29 05:53:56,2016-02-29 06:11:08,19422,96,0.10231854838709678,0,2,5,2,40290.066666666666,32.983333333333334,353.93333333333334,1,{},regular
110851,Homologacion por grupo de cursos,2016-02-27 09:24:44,2016-02-29 06:11:04,2016-02-29 06:19:12,3445,91,0.5632560483870968,0,5,6,2,40307.2,2686.3333333333335,371.06666666666666,1,{},regular
110851,Visto Bueno Cierre Proceso,2016-02-29 06:19:12,2016-02-29 06:19:16,2016-02-29 06:27:23,3445,96,0.03276209677419355,0,6,6,2,40315.4,8.2,379.26666666666665,1,{},regular
11_CF,Visto Bueno Cierre Proceso,2016-02-27 10:15:19,2016-02-29 07:05:38,2016-02-29 07:06:04,1007,91,0.03276209677419355,0,6,7,2,40361.76666666667,2692.016666666667,425.6333333333333,1,{},regular
112351,Validar solicitud,2016-02-29 06:11:08,2016-02-29 07:32:12,2016-02-29 07:34:22,659,96,0.24168346774193547,0,3,7,2,40388.333333333336,98.26666666666667,452.2,1,{},regular
111264,Validar solicitud,2016-02-27 17:33:31,2016-02-29 06:50:48,2016-02-29 07:34:42,677,93,0.24168346774193547,0,3,6,2,40346.933333333334,2237.4166666666665,410.8,1,{},regular
111351,Revisar curso,2016-02-29 05:55:41,2016-02-29 07:12:19,2016-02-29 07:41:40,1707,96,0.04788306451612903,0,4,7,2,40368.45,104.25,432.31666666666666,1,{},regular
112354,Traer informacion estudiante - banner,2016-02-29 08:31:52,2016-02-29 08:31:52,2016-02-29 08:31:52,22829,96,0.0,0,1,8,2,40448.0,40448.0,511.8666666666667,1,{},regular
112102,Revisar curso,2016-02-29 06:03:33,2016-02-29 08:52:36,2016-02-29 08:52:36,677,96,0.04788306451612903,0,4,8,2,40468.73333333333,185.91666666666666,532.6,1,{},regular
111264,Revisar curso,2016-02-29 07:34:42,2016-02-29 08:54:05,2016-02-29 08:54:05,677,95,0.04788306451612903,0,4,8,2,40470.21666666667,123.28333333333333,534.0833333333334,1,{},regular
112351,Revisar curso,2016-02-29 07:34:22,2016-02-29 09:24:00,2016-02-29 09:24:00,659,95,0.04788306451612903,0,4,9,2,40500.13333333333,111.8,564.0,1,{},regular
112354,Radicar Solicitud Homologacion,2016-02-29 08:31:52,2016-02-29 09:34:13,2016-02-29 09:34:15,22829,96,0.10231854838709678,0,2,9,2,40510.35,62.35,574.2166666666667,1,{},regular
21_CF,Validar solicitud,2016-02-27 21:21:30,2016-02-29 10:05:53,2016-02-29 10:30:16,19019,93,0.24168346774193547,0,3,10,2,40542.01666666667,2209.75,605.8833333333333,1,{},regular
111264,Evaluacion curso,2016-02-29 08:54:05,2016-02-29 08:54:09,2016-02-29 10:45:17,677,96,0.07787298387096774,0,5,8,2,40470.28333333333,0.06666666666666667,534.15,1,{},regular
111453,Validar solicitud,2016-02-27 22:08:55,2016-02-29 10:54:02,2016-02-29 10:58:02,19019,93,0.24168346774193547,0,3,10,2,40590.166666666664,2205.116666666667,654.0333333333333,1,{},regular
112351,Evaluacion curso,2016-02-29 09:24:00,2016-02-29 11:10:39,2016-02-29 11:15:15,659,96,0.07787298387096774,0,5,11,2,40606.78333333333,106.65,670.65,1,{},regular
112301,Traer informacion estudiante - banner,2016-02-29 11:18:34,2016-02-29 11:18:34,2016-02-29 11:18:34,3796,97,0.0,0,1,11,2,40614.7,40614.7,678.5666666666667,1,{},regular
111351,Homologacion por grupo de cursos,2016-02-29 07:41:40,2016-02-29 07:41:44,2016-02-29 11:30:06,15930,95,0.5632560483870968,0,5,7,2,40397.86666666667,29.416666666666668,461.73333333333335,1,{},regular
111401,Validar solicitud,2016-02-27 23:05:54,2016-02-29 12:03:33,2016-02-29 12:03:33,19019,93,0.24168346774193547,0,3,12,2,40659.683333333334,2509.65,723.55,1,{},deviant
111401,Homologacion por grupo de cursos,2016-02-29 12:03:33,2016-02-29 12:03:37,2016-02-29 12:27:37,1007,97,0.5632560483870968,0,4,12,2,40659.75,0.06666666666666667,723.6166666666667,1,{},deviant
112301,Radicar Solicitud Homologacion,2016-02-29 11:18:34,2016-02-29 12:31:16,2016-02-29 12:31:21,3796,97,0.10231854838709678,0,2,12,2,40687.4,72.7,751.2666666666667,1,{},regular
112354,Validar solicitud,2016-02-29 09:34:15,2016-02-29 12:41:44,2016-02-29 12:44:12,22475,96,0.24168346774193547,0,3,12,2,40697.86666666667,187.51666666666668,761.7333333333333,1,{},regular
111264,Homologacion por grupo de cursos,2016-02-29 10:45:17,2016-02-29 10:45:21,2016-02-29 12:45:01,3445,96,0.5632560483870968,0,6,10,2,40581.48333333333,111.2,645.35,1,{},regular
111264,Validacion final,2016-02-29 12:45:01,2016-02-29 12:45:05,2016-02-29 12:45:05,677,96,0.010080645161290322,0,7,12,2,40701.21666666667,119.73333333333333,765.0833333333334,1,{},regular
11_CF,Transferir Creditos,2016-02-29 07:06:04,2016-02-29 12:46:50,2016-02-29 12:47:31,1007,95,0.0005040322580645161,0,7,12,2,40702.96666666667,341.2,766.8333333333334,1,{},regular
111264,Visto Bueno Cierre Proceso,2016-02-29 12:45:05,2016-02-29 12:45:09,2016-02-29 12:53:39,3445,96,0.03276209677419355,0,8,12,2,40701.28333333333,0.06666666666666667,765.15,1,{},regular
111264,Transferir Creditos,2016-02-29 12:53:39,2016-02-29 13:04:19,2016-02-29 13:04:19,3445,96,0.0005040322580645161,0,9,13,2,40720.45,19.166666666666668,784.3166666666667,1,{},regular
112102,Evaluacion curso,2016-02-29 08:52:36,2016-02-29 11:30:49,2016-02-29 13:09:44,7304,96,0.07787298387096774,0,5,11,2,40626.95,158.21666666666667,690.8166666666667,1,{},regular
112351,Homologacion por grupo de cursos,2016-02-29 11:15:15,2016-02-29 13:02:44,2016-02-29 13:11:08,1422,96,0.5632560483870968,0,6,13,2,40718.86666666667,112.08333333333333,782.7333333333333,1,{},regular
21_CF,Revisar curso,2016-02-29 10:30:16,2016-02-29 13:31:02,2016-02-29 13:31:50,19019,96,0.04788306451612903,0,4,13,2,40747.166666666664,205.15,811.0333333333333,1,{},regular
21_CF,Homologacion por grupo de cursos,2016-02-29 13:31:50,2016-02-29 13:31:54,2016-02-29 13:33:39,1007,95,0.5632560483870968,0,5,13,2,40748.03333333333,0.8666666666666667,811.9,1,{},regular
21_CF,Evaluacion curso,2016-02-29 13:33:39,2016-02-29 13:33:43,2016-02-29 13:36:20,19019,95,0.07787298387096774,0,6,13,2,40749.85,1.8166666666666667,813.7166666666667,1,{},regular
21_CF,Validacion final,2016-02-29 13:36:20,2016-02-29 13:36:24,2016-02-29 13:36:59,19019,95,0.010080645161290322,0,7,13,2,40752.53333333333,2.683333333333333,816.4,1,{},regular
21_CF,Visto Bueno Cierre Proceso,2016-02-29 13:36:59,2016-02-29 13:37:03,2016-02-29 13:37:25,1007,95,0.03276209677419355,0,8,13,2,40753.183333333334,0.65,817.05,1,{},regular
11_CF,Transferir creditos homologables,2016-02-29 12:47:31,2016-02-29 13:43:41,2016-02-29 13:44:24,1007,96,0.0010080645161290322,0,8,13,2,40759.816666666666,56.85,823.6833333333333,1,{},regular
111209,Validacion final,2016-02-27 04:44:34,2016-02-29 14:15:19,2016-02-29 14:15:19,22475,93,0.010080645161290322,0,4,14,2,40791.45,3451.5666666666666,855.3166666666667,1,{},regular
112357,Traer informacion estudiante - banner,2016-02-29 14:19:43,2016-02-29 14:19:43,2016-02-29 14:19:43,2506,94,0.0,0,1,14,2,40795.85,40795.85,859.7166666666667,1,{},regular
111351,Evaluacion curso,2016-02-29 11:30:06,2016-02-29 11:30:10,2016-02-29 14:33:40,1707,97,0.07787298387096774,0,6,11,2,40626.3,228.43333333333334,690.1666666666666,1,{},regular
111351,Validacion final,2016-02-29 14:33:40,2016-02-29 14:33:44,2016-02-29 14:33:45,1707,94,0.010080645161290322,0,7,14,2,40809.86666666667,183.56666666666666,873.7333333333333,1,{},regular
112351,Validacion final,2016-02-29 13:11:08,2016-02-29 14:40:26,2016-02-29 14:40:26,659,95,0.010080645161290322,0,7,14,2,40816.566666666666,97.7,880.4333333333333,1,{},regular
111351,Visto Bueno Cierre Proceso,2016-02-29 14:33:45,2016-02-29 14:33:49,2016-02-29 14:49:19,15930,94,0.03276209677419355,0,8,14,2,40809.95,0.08333333333333333,873.8166666666667,1,{},regular
112357,Radicar Solicitud Homologacion,2016-02-29 14:19:43,2016-02-29 15:21:04,2016-02-29 15:21:13,2506,94,0.10231854838709678,0,2,15,2,40857.2,61.35,921.0666666666667,1,{},regular
6_CF,Transferir Creditos,2016-02-28 22:39:18,2016-02-29 15:35:09,2016-02-29 15:40:00,1007,96,0.0005040322580645161,0,7,15,2,40871.28333333333,1016.5666666666667,935.15,1,{},regular
112301,Validar solicitud,2016-02-29 12:31:21,2016-02-29 15:38:22,2016-02-29 15:45:40,18929,96,0.24168346774193547,0,3,15,2,40874.5,187.1,938.3666666666667,1,{},regular
111314,Cancelar Solicitud,2016-02-27 06:03:08,2016-02-29 15:40:28,2016-02-29 15:47:04,19019,93,0.26537298387096775,0,3,15,2,40876.6,3457.4166666666665,940.4666666666667,1,{},deviant
48_CF,Validacion final,2016-02-26 11:56:58,2016-02-29 15:47:18,2016-02-29 15:49:34,659,97,0.010080645161290322,0,6,15,2,40883.433333333334,4798.483333333334,947.3,1,{},regular
112351,Visto Bueno Cierre Proceso,2016-02-29 14:40:26,2016-02-29 15:46:41,2016-02-29 15:50:28,1422,94,0.03276209677419355,0,8,15,2,40882.816666666666,66.25,946.6833333333333,1,{},regular
111453,Revisar curso,2016-02-29 10:58:02,2016-02-29 16:10:38,2016-02-29 16:10:38,19019,96,0.04788306451612903,0,4,16,2,40906.76666666667,316.6,970.6333333333333,1,{},regular
111453,Homologacion por grupo de cursos,2016-02-29 16:10:38,2016-02-29 16:10:42,2016-02-29 16:12:53,1007,92,0.5632560483870968,0,5,16,2,40906.833333333336,0.06666666666666667,970.7,1,{},regular
111453,Evaluacion curso,2016-02-29 16:12:53,2016-02-29 16:12:57,2016-02-29 16:12:57,19019,92,0.07787298387096774,0,6,16,2,40909.083333333336,2.25,972.95,1,{},regular
111453,Validacion final,2016-02-29 16:12:57,2016-02-29 16:13:01,2016-02-29 16:13:01,19019,92,0.010080645161290322,0,7,16,2,40909.15,0.06666666666666667,973.0166666666667,1,{},regular
111453,Visto Bueno Cierre Proceso,2016-02-29 16:13:01,2016-02-29 16:13:05,2016-02-29 16:15:16,1007,92,0.03276209677419355,0,8,16,2,40909.21666666667,0.06666666666666667,973.0833333333334,1,{},regular
112360,Traer informacion estudiante - banner,2016-02-29 16:28:47,2016-02-29 16:28:47,2016-02-29 16:28:47,2506,92,0.0,0,1,16,2,40924.916666666664,40924.916666666664,988.7833333333333,1,{},deviant
112354,Revisar curso,2016-02-29 12:44:12,2016-02-29 16:33:25,2016-02-29 16:34:13,26757,96,0.04788306451612903,0,4,16,2,40929.55,231.68333333333334,993.4166666666666,1,{},regular
111209,Homologacion por grupo de cursos,2016-02-29 14:15:19,2016-02-29 14:15:23,2016-02-29 17:19:37,1343,93,0.5632560483870968,0,5,14,2,40791.51666666667,0.06666666666666667,855.3833333333333,1,{},regular
112102,Homologacion por grupo de cursos,2016-02-29 13:09:44,2016-02-29 15:31:16,2016-02-29 17:25:59,3445,95,0.5632560483870968,0,6,15,2,40867.4,240.45,931.2666666666667,1,{},regular
112360,Radicar Solicitud Homologacion,2016-02-29 16:28:47,2016-02-29 17:40:29,2016-02-29 17:40:42,2506,92,0.10231854838709678,0,2,17,2,40996.61666666667,71.7,1060.4833333333333,1,{},deviant
112361,Traer informacion estudiante - banner,2016-02-29 17:51:12,2016-02-29 17:51:12,2016-02-29 17:51:12,2506,93,0.0,0,1,17,2,41007.333333333336,41007.333333333336,1071.2,1,{},regular
112303,Traer informacion estudiante - banner,2016-02-29 18:47:38,2016-02-29 18:47:38,2016-02-29 18:47:38,2506,94,0.0,0,1,18,2,41063.76666666667,41063.76666666667,1127.6333333333334,1,{},regular
112357,Validar solicitud,2016-02-29 15:21:13,2016-02-29 18:22:17,2016-02-29 18:49:18,1707,93,0.24168346774193547,0,3,18,2,41038.416666666664,181.21666666666667,1102.2833333333333,1,{},regular
112361,Radicar Solicitud Homologacion,2016-02-29 17:51:12,2016-02-29 18:52:58,2016-02-29 18:53:00,2506,93,0.10231854838709678,0,2,18,2,41069.1,61.766666666666666,1132.9666666666667,1,{},regular
112102,Validacion final,2016-02-29 17:25:59,2016-02-29 19:23:58,2016-02-29 19:33:04,677,92,0.010080645161290322,0,7,19,2,41100.1,232.7,1163.9666666666667,1,{},regular
112303,Radicar Solicitud Homologacion,2016-02-29 18:47:38,2016-02-29 19:48:59,2016-02-29 19:49:02,2506,94,0.10231854838709678,0,2,19,2,41125.11666666667,61.35,1188.9833333333333,1,{},regular
112363,Traer informacion estudiante - banner,2016-02-29 20:06:27,2016-02-29 20:06:27,2016-02-29 20:06:27,19019,95,0.0,0,1,20,2,41142.583333333336,41142.583333333336,1206.45,1,{},regular
112354,Evaluacion curso,2016-02-29 16:34:13,2016-02-29 20:20:02,2016-02-29 20:20:03,26757,92,0.07787298387096774,0,5,20,2,41156.166666666664,226.61666666666667,1220.0333333333333,1,{},regular
111209,Visto Bueno Cierre Proceso,2016-02-29 17:19:37,2016-02-29 17:19:41,2016-02-29 20:23:55,1343,92,0.03276209677419355,0,6,17,2,40975.816666666666,184.3,1039.6833333333334,1,{},regular
112305,Traer informacion estudiante - banner,2016-02-29 20:29:31,2016-02-29 20:29:31,2016-02-29 20:29:31,1378,95,0.0,0,1,20,2,41165.65,41165.65,1229.5166666666667,1,{},deviant
112301,Revisar curso,2016-02-29 15:45:40,2016-02-29 20:43:07,2016-02-29 20:43:07,18929,93,0.04788306451612903,0,4,20,2,41179.25,304.75,1243.1166666666666,1,{},regular
112102,Visto Bueno Cierre Proceso,2016-02-29 19:33:04,2016-02-29 20:52:58,2016-02-29 20:59:39,3445,94,0.03276209677419355,0,8,20,2,41189.1,89.0,1252.9666666666667,1,{},regular
112363,Radicar Solicitud Homologacion,2016-02-29 20:06:27,2016-02-29 21:08:35,2016-02-29 21:08:48,19019,95,0.10231854838709678,0,2,21,2,41204.71666666667,62.13333333333333,1268.5833333333333,1,{},regular
112305,Radicar Solicitud Homologacion,2016-02-29 20:29:31,2016-02-29 21:19:49,2016-02-29 21:20:12,1378,95,0.10231854838709678,0,2,21,2,41215.95,50.3,1279.8166666666666,1,{},deviant
112307,Traer informacion estudiante - banner,2016-02-29 21:44:33,2016-02-29 21:44:33,2016-02-29 21:44:33,1378,96,0.0,0,1,21,2,41240.683333333334,41240.683333333334,1304.55,1,{},regular
112102,Transferir Creditos,2016-02-29 20:59:39,2016-02-29 21:45:19,2016-02-29 21:45:19,3445,95,0.0005040322580645161,0,9,21,2,41241.45,52.35,1305.3166666666666,1,{},regular
112361,Validar solicitud,2016-02-29 18:53:00,2016-02-29 21:56:36,2016-02-29 22:23:10,1707,94,0.24168346774193547,0,3,21,2,41252.73333333333,183.63333333333333,1316.6,1,{},regular
112307,Radicar Solicitud Homologacion,2016-02-29 21:44:33,2016-02-29 22:35:02,2016-02-29 22:35:03,1378,96,0.10231854838709678,0,2,22,2,41291.166666666664,50.483333333333334,1355.0333333333333,1,{},regular
112303,Validar solicitud,2016-02-29 19:49:02,2016-02-29 22:50:30,2016-02-29 23:16:59,1707,94,0.24168346774193547,0,3,22,2,41306.63333333333,181.51666666666668,1370.5,1,{},regular
112401,Traer informacion estudiante - banner,2016-02-29 23:26:53,2016-02-29 23:26:53,2016-02-29 23:26:53,19019,96,0.0,0,1,23,2,41343.01666666667,41343.01666666667,1406.8833333333334,1,{},regular
112308,Traer informacion estudiante - banner,2016-02-29 23:30:54,2016-02-29 23:30:54,2016-02-29 23:30:54,1378,97,0.0,0,1,23,2,41347.03333333333,41347.03333333333,1410.9,1,{},deviant
112363,Validar solicitud,2016-02-29 21:08:48,2016-02-29 23:57:53,2016-03-01 00:03:34,18929,95,0.24168346774193547,0,3,23,2,41374.01666666667,169.3,1437.8833333333334,1,{},regular
112357,Revisar curso,2016-02-29 18:49:18,2016-02-29 23:35:44,2016-03-01 00:04:56,1707,94,0.04788306451612903,0,4,23,2,41351.86666666667,313.45,1415.7333333333333,1,{},regular
108551,Revisar curso,2016-02-23 20:03:44,2016-03-01 00:08:33,2016-03-01 00:08:33,677,94,0.04788306451612903,0,4,0,3,41384.683333333334,8896.983333333334,8.55,2,{},regular
112401,Radicar Solicitud Homologacion,2016-02-29 23:26:53,2016-03-01 00:17:22,2016-03-01 00:17:22,19019,96,0.10231854838709678,0,2,0,3,41393.5,50.483333333333334,17.366666666666667,2,{},regular
112308,Radicar Solicitud Homologacion,2016-02-29 23:30:54,2016-03-01 00:21:36,2016-03-01 00:21:36,1378,97,0.10231854838709678,0,2,0,3,41397.73333333333,50.7,21.6,2,{},deviant
112354,Validacion final,2016-02-29 20:20:03,2016-03-01 00:23:55,2016-03-01 00:24:18,22475,95,0.010080645161290322,0,6,0,3,41400.05,243.88333333333333,23.916666666666668,2,{},regular
4_CF,Homologacion por grupo de cursos,2016-02-27 15:28:47,2016-03-01 00:45:14,2016-03-01 00:48:21,3445,93,0.5632560483870968,0,6,0,3,41421.36666666667,3436.883333333333,45.233333333333334,2,{},regular
112309,Traer informacion estudiante - banner,2016-03-01 00:54:52,2016-03-01 00:54:52,2016-03-01 00:54:52,1378,98,0.0,0,1,0,3,41431.0,41431.0,54.86666666666667,2,{},regular
112307,Validar solicitud,2016-02-29 22:35:03,2016-03-01 00:42:09,2016-03-01 00:55:03,677,95,0.24168346774193547,0,3,0,3,41418.28333333333,127.11666666666666,42.15,2,{},regular
112305,Cancelar Solicitud,2016-02-29 21:20:12,2016-03-01 01:27:26,2016-03-01 01:27:28,1378,95,0.26537298387096775,0,3,1,3,41463.566666666666,247.61666666666667,87.43333333333334,2,{},deviant
101803,Homologacion por grupo de cursos,2016-02-20 18:11:29,2016-03-01 01:16:10,2016-03-01 01:36:10,3445,84,0.5632560483870968,0,6,1,3,41452.3,13384.683333333332,76.16666666666667,2,{},regular
112310,Traer informacion estudiante - banner,2016-03-01 02:05:20,2016-03-01 02:05:20,2016-03-01 02:05:20,1378,99,0.0,0,1,2,3,41501.46666666667,41501.46666666667,125.33333333333333,2,{},regular
112309,Radicar Solicitud Homologacion,2016-03-01 00:54:52,2016-03-01 02:42:52,2016-03-01 02:42:52,1378,98,0.10231854838709678,0,2,2,3,41539.0,108.0,162.86666666666667,2,{},regular
112360,Cancelar Solicitud,2016-02-29 17:40:42,2016-03-01 01:55:48,2016-03-01 02:54:40,2506,92,0.26537298387096775,0,3,1,3,41491.933333333334,495.31666666666666,115.8,2,{},deviant
112361,Revisar curso,2016-02-29 22:23:10,2016-03-01 02:44:09,2016-03-01 03:13:20,1707,95,0.04788306451612903,0,4,2,3,41540.28333333333,287.55,164.15,2,{},regular
29_CF,Traer informacion estudiante - banner,2016-03-01 03:23:26,2016-03-01 03:23:26,2016-03-01 03:25:17,1378,100,0.0,0,1,3,3,41579.566666666666,41579.566666666666,203.43333333333334,2,{},regular
108060,Notificacion estudiante cancelacion soli,2016-02-23 00:56:28,2016-03-01 03:28:33,2016-03-01 03:28:33,677,94,0.0,0,4,3,3,41584.683333333334,10238.55,208.55,2,{},deviant
112310,Radicar Solicitud Homologacion,2016-03-01 02:05:20,2016-03-01 03:55:26,2016-03-01 03:55:26,1378,99,0.10231854838709678,0,2,3,3,41611.566666666666,110.1,235.43333333333334,2,{},regular
112303,Revisar curso,2016-02-29 23:16:59,2016-03-01 03:35:47,2016-03-01 04:05:02,1707,95,0.04788306451612903,0,4,3,3,41591.916666666664,285.28333333333336,215.78333333333333,2,{},regular
112401,Validar solicitud,2016-03-01 00:17:22,2016-03-01 03:52:08,2016-03-01 04:15:51,677,97,0.24168346774193547,0,3,3,3,41608.26666666667,214.76666666666668,232.13333333333333,2,{},regular
6_CF,Transferir creditos homologables,2016-02-29 15:40:00,2016-03-01 04:15:43,2016-03-01 04:17:08,1007,93,0.0010080645161290322,0,8,4,3,41631.85,760.5666666666667,255.71666666666667,2,{},regular
112301,Evaluacion curso,2016-02-29 20:43:07,2016-03-01 01:05:00,2016-03-01 04:43:19,19019,95,0.07787298387096774,0,5,1,3,41441.13333333333,261.8833333333333,65.0,2,{},regular
29_CF,Radicar Solicitud Homologacion,2016-03-01 03:25:17,2016-03-01 05:17:30,2016-03-01 05:52:09,1378,100,0.10231854838709678,0,2,5,3,41693.63333333333,114.06666666666666,317.5,2,{},regular
112307,Revisar curso,2016-03-01 00:55:03,2016-03-01 05:59:48,2016-03-01 05:59:48,677,98,0.04788306451612903,0,4,5,3,41735.933333333334,317.65,359.8,2,{},regular
111454,Validar solicitud,2016-02-28 05:05:30,2016-03-01 07:43:35,2016-03-01 07:47:35,19019,93,0.24168346774193547,0,3,7,3,41839.71666666667,3038.0833333333335,463.5833333333333,2,{},regular
112354,Homologacion por grupo de cursos,2016-03-01 00:24:18,2016-03-01 05:14:50,2016-03-01 07:55:23,1343,97,0.5632560483870968,0,7,5,3,41690.96666666667,290.9166666666667,314.8333333333333,2,{},regular
112363,Revisar curso,2016-03-01 00:03:34,2016-03-01 07:08:38,2016-03-01 09:20:58,18929,97,0.04788306451612903,0,4,7,3,41804.76666666667,430.75,428.6333333333333,2,{},regular
112311,Traer informacion estudiante - banner,2016-03-01 09:23:13,2016-03-01 09:23:13,2016-03-01 09:23:13,1378,99,0.0,0,1,9,3,41939.35,41939.35,563.2166666666667,2,{},regular
105505,Revisar curso,2016-02-22 19:09:53,2016-03-01 10:11:04,2016-03-01 10:11:04,677,92,0.04788306451612903,0,5,10,3,41987.2,11008.533333333333,611.0666666666667,2,{},regular
112308,Cancelar Solicitud,2016-03-01 00:21:36,2016-03-01 10:34:37,2016-03-01 10:34:37,1378,97,0.26537298387096775,0,3,10,3,42010.75,613.0166666666667,634.6166666666667,2,{},deviant
4_CF,Validacion final,2016-03-01 00:48:21,2016-03-01 12:06:49,2016-03-01 12:09:13,677,97,0.010080645161290322,0,7,12,3,42102.95,681.5833333333334,726.8166666666667,2,{},regular
4_CF,Visto Bueno Cierre Proceso,2016-03-01 12:09:13,2016-03-01 12:09:17,2016-03-01 12:10:52,3445,99,0.03276209677419355,0,8,12,3,42105.416666666664,2.466666666666667,729.2833333333333,2,{},regular
112311,Radicar Solicitud Homologacion,2016-03-01 09:23:13,2016-03-01 12:24:53,2016-03-01 12:24:53,1378,99,0.10231854838709678,0,2,12,3,42121.01666666667,181.66666666666666,744.8833333333333,2,{},regular
112357,Homologacion por grupo de cursos,2016-03-01 00:04:56,2016-03-01 08:57:40,2016-03-01 12:45:52,15930,97,0.5632560483870968,0,5,8,3,41913.8,561.9333333333333,537.6666666666666,2,{},regular
112312,Traer informacion estudiante - banner,2016-03-01 13:01:56,2016-03-01 13:01:56,2016-03-01 13:01:56,1378,99,0.0,0,1,13,3,42158.066666666666,42158.066666666666,781.9333333333333,2,{},regular
112501,Traer informacion estudiante - banner,2016-03-01 13:44:04,2016-03-01 13:44:04,2016-03-01 13:44:04,11568,100,0.0,0,1,13,3,42200.2,42200.2,824.0666666666667,2,{},regular
112301,Homologacion por grupo de cursos,2016-03-01 04:43:19,2016-03-01 10:08:40,2016-03-01 13:49:25,957,98,0.5632560483870968,0,6,10,3,41984.8,543.6666666666666,608.6666666666666,2,{},regular
112503,Traer informacion estudiante - banner,2016-03-01 14:26:06,2016-03-01 14:26:06,2016-03-01 14:26:06,12093,101,0.0,0,1,14,3,42242.23333333333,42242.23333333333,866.1,2,{},deviant
111501,Radicar Solicitud Homologacion,2016-02-27 22:54:32,2016-03-01 14:35:26,2016-03-01 14:35:26,2981,93,0.10231854838709678,0,3,14,3,42251.566666666666,3820.9,875.4333333333333,2,{},deviant
111551,Validar solicitud,2016-02-28 12:25:37,2016-03-01 14:16:09,2016-03-01 14:44:16,448,92,0.24168346774193547,0,3,14,3,42232.28333333333,3078.5333333333333,856.15,2,{},deviant
112354,Visto Bueno Cierre Proceso,2016-03-01 07:55:23,2016-03-01 12:20:45,2016-03-01 15:00:05,1343,98,0.03276209677419355,0,8,12,3,42116.88333333333,425.9166666666667,740.75,2,{},regular
112001,Validar solicitud,2016-02-29 04:17:54,2016-03-01 15:19:48,2016-03-01 15:34:47,677,95,0.24168346774193547,0,3,15,3,42295.933333333334,2146.2,919.8,2,{},deviant
112361,Homologacion por grupo de cursos,2016-03-01 03:13:20,2016-03-01 12:45:52,2016-03-01 16:34:03,15930,99,0.5632560483870968,0,5,10,3,42027.2,486.9166666666667,651.0666666666667,2,{},regular
112451,Traer informacion estudiante - banner,2016-03-01 17:03:10,2016-03-01 17:03:10,2016-03-01 17:03:10,15356,102,0.0,0,1,17,3,42399.3,42399.3,1023.1666666666666,2,{},deviant
31_CF,Radicar Solicitud Homologacion,2016-02-28 06:58:31,2016-03-01 17:16:35,2016-03-01 17:46:16,19019,93,0.10231854838709678,0,3,17,3,42412.71666666667,3517.9166666666665,1036.5833333333333,2,{},regular
112303,Homologacion por grupo de cursos,2016-03-01 04:05:02,2016-03-01 16:34:03,2016-03-01 18:14:53,15930,99,0.5632560483870968,0,5,11,3,42069.5,477.5833333333333,693.3666666666667,2,{},regular
111256,Radicar Solicitud Homologacion,2016-02-27 03:38:55,2016-03-01 18:19:33,2016-03-01 18:19:36,9404,93,0.10231854838709678,0,3,18,3,42475.683333333334,5200.633333333333,1099.55,2,{},deviant
112505,Traer informacion estudiante - banner,2016-03-01 18:49:20,2016-03-01 18:49:20,2016-03-01 18:49:20,15356,103,0.0,0,1,18,3,42505.46666666667,42505.46666666667,1129.3333333333333,2,{},deviant
112354,Transferir Creditos,2016-03-01 15:00:05,2016-03-01 19:15:16,2016-03-01 19:15:16,1343,101,0.0005040322580645161,0,9,19,3,42531.4,414.51666666666665,1155.2666666666667,2,{},regular
112505,Radicar Solicitud Homologacion,2016-03-01 18:49:20,2016-03-01 19:49:07,2016-03-01 19:49:12,15356,103,0.10231854838709678,0,2,19,3,42565.25,59.78333333333333,1189.1166666666666,2,{},deviant
18_CF,Validacion final,2016-02-27 00:30:41,2016-03-01 19:54:54,2016-03-01 19:57:15,19019,95,0.010080645161290322,0,5,19,3,42571.03333333333,5484.716666666666,1194.9,2,{},regular
112503,Radicar Solicitud Homologacion,2016-03-01 14:26:06,2016-03-01 18:46:05,2016-03-01 20:09:14,12093,101,0.10231854838709678,0,2,18,3,42502.21666666667,259.98333333333335,1126.0833333333333,2,{},deviant
112509,Traer informacion estudiante - banner,2016-03-01 20:15:19,2016-03-01 20:15:19,2016-03-01 20:15:19,15352,103,0.0,0,1,20,3,42591.45,42591.45,1215.3166666666666,2,{},deviant
112451,Radicar Solicitud Homologacion,2016-03-01 17:03:10,2016-03-01 20:15:14,2016-03-01 20:15:30,15356,102,0.10231854838709678,0,2,20,3,42591.36666666667,192.06666666666666,1215.2333333333333,2,{},deviant
112307,Evaluacion curso,2016-03-01 05:59:48,2016-03-01 18:44:15,2016-03-01 20:23:08,7304,98,0.07787298387096774,0,5,18,3,42500.38333333333,764.45,1124.25,2,{},regular
19_CF,Validacion final,2016-02-28 09:03:08,2016-03-01 20:19:25,2016-03-01 20:24:28,19019,93,0.010080645161290322,0,5,20,3,42595.55,3556.95,1219.4166666666667,2,{},regular
112312,Radicar Solicitud Homologacion,2016-03-01 13:01:56,2016-03-01 20:35:21,2016-03-01 20:35:21,1378,99,0.10231854838709678,0,2,20,3,42611.48333333333,453.4166666666667,1235.35,2,{},regular
112511,Traer informacion estudiante - banner,2016-03-01 20:59:09,2016-03-01 20:59:09,2016-03-01 20:59:09,15352,104,0.0,0,1,20,3,42635.28333333333,42635.28333333333,1259.15,2,{},deviant
112509,Radicar Solicitud Homologacion,2016-03-01 20:15:19,2016-03-01 21:15:06,2016-03-01 21:15:11,15352,103,0.10231854838709678,0,2,21,3,42651.23333333333,59.78333333333333,1275.1,2,{},deviant
112501,Radicar Solicitud Homologacion,2016-03-01 13:44:04,2016-03-01 21:24:16,2016-03-01 21:24:43,11568,100,0.10231854838709678,0,2,21,3,42660.4,460.2,1284.2666666666667,2,{},regular
111951,Validar solicitud,2016-02-29 02:13:46,2016-03-01 21:04:10,2016-03-01 21:28:19,1707,96,0.24168346774193547,0,3,21,3,42640.3,2579.85,1264.1666666666667,2,{},regular
24_CF,Validacion final,2016-02-28 09:59:11,2016-03-01 21:29:33,2016-03-01 21:34:46,19019,92,0.010080645161290322,0,5,21,3,42665.683333333334,3570.8333333333335,1289.55,2,{},regular
112512,Traer informacion estudiante - banner,2016-03-01 21:39:15,2016-03-01 21:39:15,2016-03-01 21:39:15,15352,105,0.0,0,1,21,3,42675.38333333333,42675.38333333333,1299.25,2,{},deviant
112401,Revisar curso,2016-03-01 04:15:51,2016-03-01 22:29:20,2016-03-01 22:29:20,677,99,0.04788306451612903,0,4,22,3,42725.46666666667,1117.2,1349.3333333333333,2,{},regular
112601,Notificacion estudiante cancelacion soli,2016-03-01 22:33:10,2016-03-01 22:33:10,2016-03-01 22:33:10,22475,106,0.0,0,1,22,3,42729.3,42729.3,1353.1666666666667,2,{},deviant
112511,Radicar Solicitud Homologacion,2016-03-01 20:59:09,2016-03-01 23:03:52,2016-03-01 23:03:55,15352,104,0.10231854838709678,0,2,23,3,42760.0,124.71666666666667,1383.8666666666666,2,{},deviant
112652,Traer informacion estudiante - banner,2016-03-01 23:15:38,2016-03-01 23:15:38,2016-03-01 23:15:38,12062,107,0.0,0,1,23,3,42771.76666666667,42771.76666666667,1395.6333333333334,2,{},deviant
27_CF,Validacion final,2016-02-28 11:21:15,2016-03-01 23:18:45,2016-03-01 23:23:49,19019,92,0.010080645161290322,0,5,23,3,42774.88333333333,3597.9,1398.75,2,{},regular
112512,Radicar Solicitud Homologacion,2016-03-01 21:39:15,2016-03-01 23:46:25,2016-03-01 23:46:29,15352,105,0.10231854838709678,0,2,23,3,42802.55,127.16666666666667,1426.4166666666667,2,{},deviant
112603,Traer informacion estudiante - banner,2016-03-02 01:01:50,2016-03-02 01:01:50,2016-03-02 01:01:50,19019,108,0.0,0,1,1,3,42877.96666666667,42877.96666666667,61.833333333333336,3,{},regular
112603,Radicar Solicitud Homologacion,2016-03-02 01:01:50,2016-03-02 01:13:08,2016-03-02 01:13:19,19019,108,0.10231854838709678,0,2,1,3,42889.26666666667,11.3,73.13333333333334,3,{},regular
112603,Validar solicitud,2016-03-02 01:13:19,2016-03-02 01:22:07,2016-03-02 01:24:59,19019,108,0.24168346774193547,0,3,1,3,42898.25,8.983333333333333,82.11666666666666,3,{},regular
112603,Revisar curso,2016-03-02 01:24:59,2016-03-02 01:25:03,2016-03-02 01:25:03,19019,108,0.04788306451612903,0,4,1,3,42901.183333333334,2.933333333333333,85.05,3,{},regular
112652,Radicar Solicitud Homologacion,2016-03-01 23:15:38,2016-03-02 01:27:48,2016-03-02 01:30:08,12062,107,0.10231854838709678,0,2,1,3,42903.933333333334,132.16666666666666,87.8,3,{},deviant
112702,Traer informacion estudiante - banner,2016-03-02 02:04:20,2016-03-02 02:04:20,2016-03-02 02:04:20,15352,109,0.0,0,1,2,3,42940.46666666667,42940.46666666667,124.33333333333333,3,{},deviant
48_CF,Homologacion por grupo de cursos,2016-02-29 15:49:34,2016-03-02 02:08:36,2016-03-02 02:09:29,1422,93,0.5632560483870968,0,7,2,3,42944.73333333333,2061.3,128.6,3,{},regular
48_CF,Visto Bueno Cierre Proceso,2016-03-02 02:09:29,2016-03-02 02:09:33,2016-03-02 02:10:34,3445,109,0.03276209677419355,0,8,2,3,42945.683333333334,0.95,129.55,3,{},regular
112702,Radicar Solicitud Homologacion,2016-03-02 02:04:20,2016-03-02 02:13:35,2016-03-02 02:14:23,15352,109,0.10231854838709678,0,2,2,3,42949.71666666667,9.25,133.58333333333334,3,{},deviant
111654,Validar solicitud,2016-02-28 19:17:50,2016-03-02 01:28:48,2016-03-02 02:17:20,261,95,0.24168346774193547,0,3,1,3,42904.933333333334,3281.3166666666666,88.8,3,{},deviant
112603,Evaluacion curso,2016-03-02 01:25:03,2016-03-02 01:25:07,2016-03-02 02:19:58,19019,108,0.07787298387096774,0,5,1,3,42901.25,0.06666666666666667,85.11666666666666,3,{},regular
111655,Validar solicitud,2016-02-28 20:00:59,2016-03-02 02:19:58,2016-03-02 02:39:14,19019,95,0.24168346774193547,0,3,1,3,42917.166666666664,3220.25,101.03333333333333,3,{},deviant
15_CF,Validacion final,2016-02-27 05:43:18,2016-03-02 02:46:35,2016-03-02 02:49:31,19019,93,0.010080645161290322,0,5,2,3,42982.71666666667,5583.6,166.58333333333334,3,{},regular
112702,Validar solicitud,2016-03-02 02:14:23,2016-03-02 02:14:27,2016-03-02 04:22:27,18929,108,0.24168346774193547,0,3,2,3,42950.583333333336,0.8666666666666667,134.45,3,{},deviant
112301,Validacion final,2016-03-01 13:49:25,2016-03-02 04:22:27,2016-03-02 04:24:39,18929,100,0.010080645161290322,0,7,3,3,43007.9,1023.1,191.76666666666668,3,{},regular
112604,Traer informacion estudiante - banner,2016-03-02 04:43:36,2016-03-02 04:43:36,2016-03-02 04:43:36,7854,109,0.0,0,1,4,3,43099.73333333333,43099.73333333333,283.6,3,{},deviant
112303,Evaluacion curso,2016-03-01 18:14:53,2016-03-02 04:17:22,2016-03-02 04:56:22,15930,102,0.07787298387096774,0,6,4,3,43073.5,1004.0,257.3666666666667,3,{},regular
112604,Radicar Solicitud Homologacion,2016-03-02 04:43:36,2016-03-02 05:07:28,2016-03-02 05:07:32,7854,109,0.10231854838709678,0,2,5,3,43123.6,23.866666666666667,307.46666666666664,3,{},deviant
112601,Traer informacion estudiante - banner,2016-03-01 22:33:10,2016-03-02 05:26:20,2016-03-02 05:26:20,10176,106,0.0,0,2,5,3,43142.46666666667,413.1666666666667,326.3333333333333,3,{},deviant
112603,Homologacion por grupo de cursos,2016-03-02 02:19:58,2016-03-02 02:20:02,2016-03-02 05:30:20,7324,108,0.5632560483870968,0,6,2,3,42956.166666666664,54.916666666666664,140.03333333333333,3,{},regular
112703,Traer informacion estudiante - banner,2016-03-02 05:36:19,2016-03-02 05:36:19,2016-03-02 05:36:19,10176,110,0.0,0,1,5,3,43152.45,43152.45,336.31666666666666,3,{},deviant
112361,Evaluacion curso,2016-03-01 16:34:03,2016-03-02 02:50:22,2016-03-02 05:46:18,19019,101,0.07787298387096774,0,6,2,3,42986.5,959.3,170.36666666666667,3,{},regular
112703,Radicar Solicitud Homologacion,2016-03-02 05:36:19,2016-03-02 05:48:09,2016-03-02 05:48:22,10176,110,0.10231854838709678,0,2,5,3,43164.28333333333,11.833333333333334,348.15,3,{},deviant
112702,Homologacion por grupo de cursos,2016-03-02 04:22:27,2016-03-02 04:22:31,2016-03-02 05:52:33,957,108,0.5632560483870968,0,4,4,3,43078.65,128.06666666666666,262.51666666666665,3,{},deviant
112505,Validar solicitud,2016-03-01 19:49:12,2016-03-02 05:18:24,2016-03-02 05:58:15,18929,102,0.24168346774193547,0,3,5,3,43134.53333333333,569.2833333333333,318.4,3,{},deviant
112703,Validar solicitud,2016-03-02 05:48:22,2016-03-02 06:30:59,2016-03-02 06:32:20,22475,110,0.24168346774193547,0,3,6,3,43207.11666666667,42.833333333333336,390.98333333333335,3,{},deviant
112703,Revisar curso,2016-03-02 06:32:20,2016-03-02 06:32:24,2016-03-02 06:32:25,22475,109,0.04788306451612903,0,4,6,3,43208.53333333333,1.4166666666666667,392.4,3,{},deviant
112703,Homologacion por grupo de cursos,2016-03-02 06:32:25,2016-03-02 06:32:29,2016-03-02 06:34:21,22475,109,0.5632560483870968,0,5,6,3,43208.61666666667,0.08333333333333333,392.48333333333335,3,{},deviant
112703,Evaluacion curso,2016-03-02 06:34:21,2016-03-02 06:34:25,2016-03-02 06:36:06,22476,109,0.07787298387096774,0,6,6,3,43210.55,1.9333333333333333,394.4166666666667,3,{},deviant
112703,Validar solicitud / pre-homologacion,2016-03-02 06:36:06,2016-03-02 06:36:10,2016-03-02 06:36:19,22475,109,0.012852822580645162,0,7,6,3,43212.3,1.75,396.1666666666667,3,{},deviant
112606,Cancelar Solicitud,2016-03-02 07:15:50,2016-03-02 07:15:50,2016-03-02 07:44:09,22404,109,0.26537298387096775,0,1,7,3,43251.96666666667,43251.96666666667,435.8333333333333,3,{},deviant
112357,Evaluacion curso,2016-03-01 12:45:52,2016-03-02 05:46:18,2016-03-02 08:42:11,19019,98,0.07787298387096774,0,6,4,3,43057.833333333336,1144.0333333333333,241.7,3,{},regular
112606,Validar solicitud,2016-03-02 07:44:09,2016-03-02 08:16:02,2016-03-02 08:44:21,22404,109,0.24168346774193547,0,2,8,3,43312.166666666664,60.2,496.03333333333336,3,{},deviant
112603,Validacion final,2016-03-02 05:30:20,2016-03-02 08:42:11,2016-03-02 08:47:45,19019,109,0.010080645161290322,1,7,5,3,43146.53333333333,190.36666666666667,330.4,3,{},regular
112309,Validar solicitud,2016-03-01 02:42:52,2016-03-02 08:58:38,2016-03-02 09:22:17,677,99,0.24168346774193547,0,3,8,3,43354.76666666667,1815.7666666666667,538.6333333333333,3,{},regular
112310,Validar solicitud,2016-03-01 03:55:26,2016-03-02 09:22:17,2016-03-02 09:45:57,677,99,0.24168346774193547,0,3,9,3,43364.0,1752.4333333333334,547.8666666666667,3,{},regular
112363,Homologacion por grupo de cursos,2016-03-01 09:20:58,2016-03-02 06:18:43,2016-03-02 10:01:04,957,98,0.5632560483870968,0,5,6,3,43194.85,1390.0833333333333,378.71666666666664,3,{},regular
112603,Visto Bueno Cierre Proceso,2016-03-02 08:47:45,2016-03-02 08:47:49,2016-03-02 10:57:41,7324,109,0.03276209677419355,0,8,8,3,43343.95,197.41666666666666,527.8166666666667,3,{},regular
112606,Traer informacion estudiante - banner,2016-03-02 08:44:21,2016-03-02 11:06:43,2016-03-02 11:06:43,11692,109,0.0,0,3,11,3,43482.85,170.68333333333334,666.7166666666667,3,{},deviant
112509,Validar solicitud,2016-03-01 21:15:11,2016-03-02 11:34:18,2016-03-02 12:13:51,18929,104,0.24168346774193547,0,3,11,3,43510.433333333334,859.2,694.3,3,{},deviant
112705,Traer informacion estudiante - banner,2016-03-02 12:50:02,2016-03-02 12:50:02,2016-03-02 12:50:02,11692,109,0.0,0,1,12,3,43586.166666666664,43586.166666666664,770.0333333333333,3,{},deviant
112301,Visto Bueno Cierre Proceso,2016-03-02 04:24:39,2016-03-02 12:52:50,2016-03-02 12:53:02,957,108,0.03276209677419355,0,8,12,3,43588.96666666667,581.0666666666667,772.8333333333334,3,{},regular
112705,Radicar Solicitud Homologacion,2016-03-02 12:50:02,2016-03-02 13:00:36,2016-03-02 13:00:36,11692,109,0.10231854838709678,0,2,13,3,43596.73333333333,10.566666666666666,780.6,3,{},deviant
112706,Traer informacion estudiante - banner,2016-03-02 14:18:47,2016-03-02 14:18:47,2016-03-02 14:18:47,13014,109,0.0,0,1,14,3,43674.916666666664,43674.916666666664,858.7833333333333,3,{},deviant
112652,Validar solicitud,2016-03-02 01:30:08,2016-03-02 12:59:51,2016-03-02 14:24:54,186,108,0.24168346774193547,0,3,12,3,43595.98333333333,692.05,779.85,3,{},deviant
112303,Validacion final,2016-03-02 04:56:22,2016-03-02 14:26:57,2016-03-02 14:43:47,1707,109,0.010080645161290322,0,7,14,3,43683.083333333336,609.5833333333334,866.95,3,{},regular
112752,Traer informacion estudiante - banner,2016-03-02 14:50:47,2016-03-02 14:50:47,2016-03-02 14:50:47,11692,110,0.0,0,1,14,3,43706.916666666664,43706.916666666664,890.7833333333333,3,{},deviant
112361,Validacion final,2016-03-02 05:46:18,2016-03-02 14:43:47,2016-03-02 14:51:21,1707,110,0.010080645161290322,0,7,14,3,43688.63333333333,702.1333333333333,872.5,3,{},regular
112752,Radicar Solicitud Homologacion,2016-03-02 14:50:47,2016-03-02 14:59:22,2016-03-02 14:59:25,11692,110,0.10231854838709678,0,2,14,3,43715.5,8.583333333333334,899.3666666666667,3,{},deviant
112706,Radicar Solicitud Homologacion,2016-03-02 14:18:47,2016-03-02 14:28:02,2016-03-02 15:29:35,13014,109,0.10231854838709678,0,2,14,3,43684.166666666664,9.25,868.0333333333333,3,{},deviant
112753,Traer informacion estudiante - banner,2016-03-02 16:07:13,2016-03-02 16:07:13,2016-03-02 16:07:13,11692,111,0.0,0,1,16,3,43783.35,43783.35,967.2166666666667,3,{},deviant
112705,Cancelar Solicitud,2016-03-02 13:00:36,2016-03-02 15:34:03,2016-03-02 16:18:03,22404,108,0.26537298387096775,0,3,15,3,43750.183333333334,153.45,934.05,3,{},deviant
112753,Radicar Solicitud Homologacion,2016-03-02 16:07:13,2016-03-02 16:18:17,2016-03-02 16:18:21,11692,111,0.10231854838709678,0,2,16,3,43794.416666666664,11.066666666666666,978.2833333333333,3,{},deviant
112801,Traer informacion estudiante - banner,2016-03-02 16:55:09,2016-03-02 16:55:09,2016-03-02 16:55:09,10176,112,0.0,0,1,16,3,43831.28333333333,43831.28333333333,1015.15,3,{},deviant
112801,Radicar Solicitud Homologacion,2016-03-02 16:55:09,2016-03-02 17:05:54,2016-03-02 17:06:15,10176,112,0.10231854838709678,0,2,17,3,43842.03333333333,10.75,1025.9,3,{},deviant
112505,Homologacion por grupo de cursos,2016-03-02 05:58:15,2016-03-02 14:01:33,2016-03-02 17:10:07,18929,109,0.5632560483870968,0,4,14,3,43657.683333333334,523.15,841.55,3,{},deviant
112307,Homologacion por grupo de cursos,2016-03-01 20:23:08,2016-03-02 15:17:42,2016-03-02 17:12:22,3445,103,0.5632560483870968,0,6,15,3,43733.833333333336,1233.45,917.7,3,{},regular
112752,Cancelar Solicitud,2016-03-02 14:59:25,2016-03-02 17:09:18,2016-03-02 17:52:52,22404,110,0.26537298387096775,0,3,17,3,43845.433333333334,129.93333333333334,1029.3,3,{},deviant
112802,Traer informacion estudiante - banner,2016-03-02 18:31:07,2016-03-02 18:31:07,2016-03-02 18:31:07,10176,112,0.0,0,1,18,3,43927.25,43927.25,1111.1166666666666,3,{},deviant
112606,Radicar Solicitud Homologacion,2016-03-02 11:06:43,2016-03-02 18:32:19,2016-03-02 18:32:19,11692,108,0.10231854838709678,0,4,18,3,43928.45,445.6,1112.3166666666666,3,{},deviant
112802,Radicar Solicitud Homologacion,2016-03-02 18:31:07,2016-03-02 18:38:52,2016-03-02 18:44:45,10176,112,0.10231854838709678,0,2,18,3,43935.0,7.75,1118.8666666666666,3,{},deviant
112361,Visto Bueno Cierre Proceso,2016-03-02 14:51:21,2016-03-02 18:37:26,2016-03-02 18:52:54,15930,110,0.03276209677419355,0,8,18,3,43933.566666666666,244.93333333333334,1117.4333333333334,3,{},regular
112802,Validar solicitud,2016-03-02 18:44:45,2016-03-02 18:49:40,2016-03-02 18:53:10,22475,112,0.24168346774193547,0,3,18,3,43945.8,10.8,1129.6666666666667,3,{},deviant
112802,Revisar curso,2016-03-02 18:53:10,2016-03-02 18:53:14,2016-03-02 18:53:14,22475,111,0.04788306451612903,0,4,18,3,43949.36666666667,3.566666666666667,1133.2333333333333,3,{},deviant
112706,Cancelar Solicitud,2016-03-02 15:29:35,2016-03-02 18:22:24,2016-03-02 19:00:50,241,110,0.26537298387096775,0,3,18,3,43918.53333333333,234.36666666666667,1102.4,3,{},deviant
112303,Visto Bueno Cierre Proceso,2016-03-02 14:43:47,2016-03-02 18:52:54,2016-03-02 19:08:38,15930,109,0.03276209677419355,0,8,18,3,43947.96666666667,264.8833333333333,1131.8333333333333,3,{},regular
29_CF,Validar solicitud,2016-03-01 05:52:09,2016-03-02 19:30:47,2016-03-02 20:12:54,677,98,0.24168346774193547,0,3,19,3,43986.916666666664,2293.2833333333333,1170.7833333333333,3,{},regular
112852,Revisar curso,2016-03-02 20:26:34,2016-03-02 20:26:34,2016-03-02 20:48:44,943,111,0.04788306451612903,0,1,20,3,44042.7,44042.7,1226.5666666666666,3,{},deviant
112363,Evaluacion curso,2016-03-02 10:01:04,2016-03-02 21:14:26,2016-03-02 21:22:53,19019,109,0.07787298387096774,0,6,21,3,44090.566666666666,895.7166666666667,1274.4333333333334,3,{},regular
113001,Traer informacion estudiante - banner,2016-03-02 21:26:01,2016-03-02 21:26:01,2016-03-02 21:26:01,2463,112,0.0,0,1,21,3,44102.15,44102.15,1286.0166666666667,3,{},deviant
112802,Evaluacion curso,2016-03-02 18:53:14,2016-03-02 18:53:18,2016-03-02 21:26:35,22439,111,0.07787298387096774,0,5,18,3,43949.433333333334,0.06666666666666667,1133.3,3,{},deviant
113001,Radicar Solicitud Homologacion,2016-03-02 21:26:01,2016-03-02 21:32:36,2016-03-02 21:32:36,2463,112,0.10231854838709678,0,2,21,3,44108.73333333333,6.583333333333333,1292.6,3,{},deviant
112604,Cancelar Solicitud,2016-03-02 05:07:32,2016-03-02 21:37:41,2016-03-02 21:39:46,19019,109,0.26537298387096775,1,3,21,3,44113.816666666666,990.2166666666667,1297.6833333333334,3,{},deviant
112852,Homologacion por grupo de cursos,2016-03-02 20:48:44,2016-03-02 20:55:27,2016-03-02 21:44:43,22475,111,0.5632560483870968,0,2,20,3,44071.583333333336,28.883333333333333,1255.45,3,{},deviant
112852,Traer informacion estudiante - banner,2016-03-02 21:44:43,2016-03-02 21:44:47,2016-03-02 21:44:47,19019,112,0.0,0,3,21,3,44120.916666666664,49.333333333333336,1304.7833333333333,3,{},deviant
112852,Radicar Solicitud Homologacion,2016-03-02 21:44:47,2016-03-02 21:44:51,2016-03-02 21:44:51,19019,112,0.10231854838709678,0,4,21,3,44120.98333333333,0.06666666666666667,1304.85,3,{},deviant
112357,Validacion final,2016-03-02 08:42:11,2016-03-02 21:45:20,2016-03-02 21:52:59,1707,109,0.010080645161290322,0,7,21,3,44121.46666666667,1063.6333333333334,1305.3333333333333,3,{},regular
15_CF,Visto Bueno Cierre Proceso,2016-03-02 02:49:31,2016-03-02 22:16:01,2016-03-02 22:16:50,1007,108,0.03276209677419355,0,6,22,3,44152.15,1169.4333333333334,1336.0166666666667,3,{},regular
18_CF,Visto Bueno Cierre Proceso,2016-03-01 19:57:15,2016-03-02 22:18:57,2016-03-02 22:20:00,1007,102,0.03276209677419355,0,6,22,3,44155.083333333336,1584.05,1338.95,3,{},regular
112753,Cancelar Solicitud,2016-03-02 16:18:21,2016-03-02 21:53:48,2016-03-02 22:37:11,22404,111,0.26537298387096775,0,3,21,3,44129.933333333334,335.51666666666665,1313.8,3,{},deviant
113001,Cancelar Solicitud,2016-03-02 21:32:36,2016-03-02 21:51:59,2016-03-02 22:55:59,241,112,0.26537298387096775,0,3,21,3,44128.11666666667,19.383333333333333,1311.9833333333333,3,{},deviant
113151,Traer informacion estudiante - banner,2016-03-02 23:35:47,2016-03-02 23:35:47,2016-03-02 23:35:47,7717,113,0.0,0,1,23,3,44231.916666666664,44231.916666666664,1415.7833333333333,3,{},deviant
113151,Radicar Solicitud Homologacion,2016-03-02 23:35:47,2016-03-02 23:42:51,2016-03-02 23:42:51,7717,113,0.10231854838709678,0,2,23,3,44238.98333333333,7.066666666666666,1422.85,3,{},deviant
112652,Homologacion por grupo de cursos,2016-03-02 14:24:54,2016-03-02 23:39:30,2016-03-02 23:55:30,186,109,0.5632560483870968,0,4,23,3,44235.63333333333,639.65,1419.5,3,{},deviant
112802,Homologacion por grupo de cursos,2016-03-02 21:26:35,2016-03-02 21:44:43,2016-03-03 00:25:13,22475,112,0.5632560483870968,0,6,21,3,44102.78333333333,153.35,1286.65,3,{},deviant
112852,Validar solicitud,2016-03-02 21:44:51,2016-03-03 00:25:13,2016-03-03 00:25:13,22475,112,0.24168346774193547,0,5,21,3,44121.05,0.06666666666666667,1304.9166666666667,3,{},deviant
111651,Cancelar Solicitud,2016-02-28 11:53:09,2016-03-03 00:25:13,2016-03-03 00:25:57,22475,92,0.26537298387096775,0,3,21,3,44124.05,4914.983333333334,1307.9166666666667,3,{},deviant
113301,Traer informacion estudiante - banner,2016-03-03 00:26:03,2016-03-03 00:26:03,2016-03-03 00:26:03,19019,113,0.0,0,1,0,3,44282.183333333334,44282.183333333334,26.05,4,{},deviant
112801,Cancelar Solicitud,2016-03-02 17:06:15,2016-03-03 00:25:57,2016-03-03 00:26:30,22475,112,0.26537298387096775,0,3,23,3,44198.76666666667,356.73333333333335,1382.6333333333334,3,{},deviant
112802,Validar solicitud / pre-homologacion,2016-03-03 00:25:13,2016-03-03 00:26:30,2016-03-03 00:33:43,22475,112,0.012852822580645162,3,7,0,3,44281.416666666664,178.63333333333333,25.283333333333335,4,{},deviant
112852,Evaluacion curso,2016-03-03 00:25:13,2016-03-03 00:25:17,2016-03-03 00:52:23,943,112,0.07787298387096774,0,6,0,3,44281.416666666664,160.36666666666667,25.283333333333335,4,{},deviant
112852,Validar solicitud / pre-homologacion,2016-03-03 00:52:23,2016-03-03 00:52:27,2016-03-03 00:52:27,22475,112,0.012852822580645162,0,7,0,3,44308.583333333336,27.166666666666668,52.45,4,{},deviant
15_CF,Transferir Creditos,2016-03-02 22:16:50,2016-03-03 01:10:59,2016-03-03 01:13:02,1007,112,0.0005040322580645161,0,7,1,3,44327.11666666667,174.96666666666667,70.98333333333333,4,{},regular
113451,Traer informacion estudiante - banner,2016-03-03 01:32:22,2016-03-03 01:32:22,2016-03-03 01:32:22,8727,112,0.0,0,1,1,3,44348.5,44348.5,92.36666666666666,4,{},deviant
113151,Radicar Solicitud Homologacion,2016-03-02 23:42:51,2016-03-03 00:17:12,2016-03-03 01:38:47,7717,113,0.10231854838709678,0,3,0,3,44273.333333333336,34.35,17.2,4,{},deviant
112509,Homologacion por grupo de cursos,2016-03-02 12:13:51,2016-03-03 00:13:29,2016-03-03 02:05:17,18929,108,0.5632560483870968,0,4,0,3,44269.61666666667,759.1833333333333,13.483333333333333,4,{},deviant
18_CF,Transferir Creditos,2016-03-02 22:20:00,2016-03-03 02:21:03,2016-03-03 02:22:34,1007,112,0.0005040322580645161,0,7,2,3,44397.183333333334,242.1,141.05,4,{},regular
113451,Radicar Solicitud Homologacion,2016-03-03 01:32:22,2016-03-03 02:28:46,2016-03-03 02:28:46,8727,112,0.10231854838709678,0,2,2,3,44404.9,56.4,148.76666666666668,4,{},deviant
15_CF,Transferir creditos homologables,2016-03-03 01:13:02,2016-03-03 02:44:11,2016-03-03 02:45:55,1007,111,0.0010080645161290322,0,8,2,3,44420.316666666666,93.2,164.18333333333334,4,{},regular
112363,Validacion final,2016-03-02 21:22:53,2016-03-03 02:59:37,2016-03-03 03:09:19,18929,111,0.010080645161290322,0,7,2,3,44435.75,345.18333333333334,179.61666666666667,4,{},regular
113301,Radicar Solicitud Homologacion,2016-03-03 00:26:03,2016-03-03 01:08:54,2016-03-03 03:25:06,19019,113,0.10231854838709678,0,2,1,3,44325.03333333333,42.85,68.9,4,{},deviant
112307,Validacion final,2016-03-02 17:12:22,2016-03-03 03:21:46,2016-03-03 03:30:51,677,111,0.010080645161290322,0,7,3,3,44457.9,724.0666666666667,201.76666666666668,4,{},regular
112357,Visto Bueno Cierre Proceso,2016-03-02 21:52:59,2016-03-03 03:25:58,2016-03-03 03:41:25,15930,112,0.03276209677419355,0,8,3,3,44462.1,340.6333333333333,205.96666666666667,4,{},regular
113301,Cancelar Solicitud,2016-03-03 03:25:06,2016-03-03 04:37:54,2016-03-03 04:37:54,19019,110,0.26537298387096775,0,3,4,3,44534.03333333333,209.0,277.9,4,{},deviant
111801,Cancelar Solicitud,2016-02-29 00:39:17,2016-03-03 04:31:45,2016-03-03 04:45:50,241,96,0.26537298387096775,0,3,4,3,44527.88333333333,4552.466666666666,271.75,4,{},deviant
18_CF,Transferir creditos homologables,2016-03-03 02:22:34,2016-03-03 04:48:41,2016-03-03 04:50:17,1007,111,0.0010080645161290322,0,8,4,3,44544.816666666666,147.63333333333333,288.68333333333334,4,{},regular
113501,Traer informacion estudiante - banner,2016-03-03 05:21:16,2016-03-03 05:21:16,2016-03-03 05:21:16,13559,109,0.0,0,1,5,3,44577.4,44577.4,321.26666666666665,4,{},deviant
113451,Cancelar Solicitud,2016-03-03 02:28:46,2016-03-03 05:22:39,2016-03-03 05:23:24,19019,111,0.26537298387096775,0,3,5,3,44578.78333333333,173.88333333333333,322.65,4,{},deviant
113701,Traer informacion estudiante - banner,2016-03-03 05:54:07,2016-03-03 05:54:07,2016-03-03 05:54:07,19019,110,0.0,0,1,5,3,44610.25,44610.25,354.1166666666667,4,{},deviant
113151,Radicar Solicitud Homologacion,2016-03-03 01:38:47,2016-03-03 05:36:22,2016-03-03 05:57:57,7717,112,0.10231854838709678,0,4,5,3,44592.5,319.1666666666667,336.3666666666667,4,{},deviant
113151,Validar solicitud,2016-03-03 05:57:57,2016-03-03 05:58:01,2016-03-03 05:58:01,19019,110,0.24168346774193547,0,5,5,3,44614.15,21.65,358.01666666666665,4,{},deviant
112401,Evaluacion curso,2016-03-01 22:29:20,2016-03-03 02:30:25,2016-03-03 06:06:40,7304,105,0.07787298387096774,0,5,2,3,44406.55,1681.0833333333333,150.41666666666666,4,{},regular
113701,Radicar Solicitud Homologacion,2016-03-03 05:54:07,2016-03-03 06:34:43,2016-03-03 06:34:43,19019,110,0.10231854838709678,0,2,6,3,44650.85,40.6,394.71666666666664,4,{},deviant
113501,Radicar Solicitud Homologacion,2016-03-03 05:21:16,2016-03-03 06:05:52,2016-03-03 06:36:19,13559,109,0.10231854838709678,0,2,6,3,44622.0,44.6,365.8666666666667,4,{},deviant
113501,Validar solicitud,2016-03-03 06:36:19,2016-03-03 06:36:23,2016-03-03 06:45:55,22404,110,0.24168346774193547,0,3,6,3,44652.51666666667,30.516666666666666,396.3833333333333,4,{},deviant
112363,Visto Bueno Cierre Proceso,2016-03-03 03:09:19,2016-03-03 06:07:14,2016-03-03 07:19:05,957,110,0.03276209677419355,0,8,6,3,44623.36666666667,187.61666666666667,367.23333333333335,4,{},regular
112451,Validar solicitud,2016-03-01 20:15:30,2016-03-03 06:12:54,2016-03-03 08:26:37,18929,103,0.24168346774193547,0,3,6,3,44629.03333333333,2037.6666666666667,372.9,4,{},deviant
113752,Traer informacion estudiante - banner,2016-03-03 08:40:35,2016-03-03 08:40:35,2016-03-03 08:40:35,8428,110,0.0,0,1,8,3,44776.71666666667,44776.71666666667,520.5833333333334,4,{},deviant
113501,Homologacion por grupo de cursos,2016-03-03 06:45:55,2016-03-03 06:45:59,2016-03-03 08:47:31,22404,110,0.5632560483870968,0,4,6,3,44662.11666666667,9.6,405.98333333333335,4,{},deviant
112307,Visto Bueno Cierre Proceso,2016-03-03 03:30:51,2016-03-03 08:47:10,2016-03-03 08:53:50,3445,110,0.03276209677419355,0,8,8,3,44783.3,325.4,527.1666666666666,4,{},regular
113701,Cancelar Solicitud,2016-03-03 06:34:43,2016-03-03 06:55:32,2016-03-03 09:41:53,19019,110,0.26537298387096775,0,3,6,3,44671.666666666664,20.816666666666666,415.53333333333336,4,{},deviant
113151,Cancelar Solicitud,2016-03-03 05:58:01,2016-03-03 09:41:53,2016-03-03 09:41:53,19019,110,0.26537298387096775,0,6,8,3,44785.566666666666,171.41666666666666,529.4333333333333,4,{},deviant
113752,Radicar Solicitud Homologacion,2016-03-03 08:40:35,2016-03-03 09:47:17,2016-03-03 09:47:17,8428,110,0.10231854838709678,0,2,9,3,44843.416666666664,66.7,587.2833333333333,4,{},deviant
113001,Notificacion estudiante cancelacion soli,2016-03-02 22:55:59,2016-03-03 10:36:06,2016-03-03 10:36:06,241,112,0.0,0,4,10,3,44892.23333333333,764.1166666666667,636.1,4,{},deviant
113752,Validar solicitud,2016-03-03 09:47:17,2016-03-03 10:44:38,2016-03-03 10:45:28,19019,108,0.24168346774193547,0,3,10,3,44900.76666666667,57.35,644.6333333333333,4,{},deviant
111751,Cancelar Solicitud,2016-02-28 21:34:44,2016-03-03 11:46:08,2016-03-03 11:50:08,677,96,0.26537298387096775,0,3,11,3,44962.26666666667,5171.4,706.1333333333333,4,{},deviant
112512,Validar solicitud,2016-03-01 23:46:29,2016-03-03 10:59:39,2016-03-03 12:07:32,18929,107,0.24168346774193547,0,3,10,3,44915.78333333333,2113.233333333333,659.65,4,{},deviant
113753,Traer informacion estudiante - banner,2016-03-03 12:18:57,2016-03-03 12:18:57,2016-03-03 12:18:57,8428,108,0.0,0,1,12,3,44995.083333333336,44995.083333333336,738.95,4,{},regular
113853,Traer informacion estudiante - banner,2016-03-03 12:48:25,2016-03-03 12:48:25,2016-03-03 12:48:25,14126,109,0.0,0,1,12,3,45024.55,45024.55,768.4166666666666,4,{},deviant
112310,Revisar curso,2016-03-02 09:45:57,2016-03-03 13:15:51,2016-03-03 13:15:51,677,109,0.04788306451612903,0,4,13,3,45051.98333333333,1687.9833333333333,795.85,4,{},regular
112309,Revisar curso,2016-03-02 09:22:17,2016-03-03 13:39:18,2016-03-03 13:39:18,677,109,0.04788306451612903,1,4,13,3,45075.433333333334,1720.6666666666667,819.3,4,{},regular
113854,Traer informacion estudiante - banner,2016-03-03 13:41:42,2016-03-03 13:41:42,2016-03-03 13:41:42,19422,110,0.0,0,1,13,3,45077.833333333336,45077.833333333336,821.7,4,{},regular
113753,Radicar Solicitud Homologacion,2016-03-03 12:18:57,2016-03-03 13:54:42,2016-03-03 13:54:42,8428,108,0.10231854838709678,0,2,13,3,45090.833333333336,95.75,834.7,4,{},regular
113853,Radicar Solicitud Homologacion,2016-03-03 12:48:25,2016-03-03 14:18:16,2016-03-03 14:18:32,14126,109,0.10231854838709678,0,2,14,3,45114.4,89.85,858.2666666666667,4,{},deviant
109452,Notificacion estudiante cancelacion soli,2016-02-25 19:03:45,2016-03-03 14:30:54,2016-03-03 14:30:54,19019,96,0.0,5,5,14,3,45127.03333333333,10085.916666666666,870.9,4,{},deviant
112503,Validar solicitud,2016-03-01 20:09:14,2016-03-03 14:33:03,2016-03-03 14:41:03,186,102,0.24168346774193547,0,3,14,3,45129.183333333334,2626.9666666666667,873.05,4,{},deviant
29_CF,Revisar curso,2016-03-02 20:12:54,2016-03-03 14:44:06,2016-03-03 14:46:26,677,110,0.04788306451612903,0,4,14,3,45140.23333333333,1153.3166666666666,884.1,4,{},regular
113854,Radicar Solicitud Homologacion,2016-03-03 13:41:42,2016-03-03 15:05:46,2016-03-03 15:05:48,19422,110,0.10231854838709678,0,2,15,3,45161.9,84.06666666666666,905.7666666666667,4,{},regular
113753,Validar solicitud,2016-03-03 13:54:42,2016-03-03 15:21:42,2016-03-03 15:22:36,19019,110,0.24168346774193547,0,3,15,3,45177.833333333336,87.0,921.7,4,{},regular
14_CF,Traer informacion estudiante - banner,2016-03-03 15:49:26,2016-03-03 15:49:26,2016-03-03 15:50:19,19422,110,0.0,0,1,15,3,45205.566666666666,45205.566666666666,949.4333333333333,4,{},regular
113854,Validar solicitud,2016-03-03 15:05:48,2016-03-03 16:24:37,2016-03-03 16:26:45,659,109,0.24168346774193547,0,3,16,3,45240.75,78.85,984.6166666666667,4,{},regular
16_CF,Traer informacion estudiante - banner,2016-03-03 16:58:00,2016-03-03 16:58:00,2016-03-03 16:58:52,19422,111,0.0,0,1,16,3,45274.13333333333,45274.13333333333,1018.0,4,{},regular
113853,Validar solicitud,2016-03-03 14:18:32,2016-03-03 15:39:45,2016-03-03 17:10:59,6767,110,0.24168346774193547,0,3,15,3,45195.88333333333,81.48333333333333,939.75,4,{},deviant
14_CF,Radicar Solicitud Homologacion,2016-03-03 15:50:19,2016-03-03 17:04:18,2016-03-03 17:18:02,19422,110,0.10231854838709678,0,2,17,3,45280.433333333334,74.86666666666666,1024.3,4,{},regular
113854,Revisar curso,2016-03-03 16:26:45,2016-03-03 17:21:46,2016-03-03 17:21:46,659,110,0.04788306451612903,0,4,17,3,45297.9,57.15,1041.7666666666667,4,{},regular
113854,Evaluacion curso,2016-03-03 17:21:46,2016-03-03 17:21:50,2016-03-03 17:26:24,659,111,0.07787298387096774,0,5,17,3,45297.96666666667,0.06666666666666667,1041.8333333333333,4,{},regular
113854,Homologacion por grupo de cursos,2016-03-03 17:26:24,2016-03-03 17:26:28,2016-03-03 17:34:49,1422,111,0.5632560483870968,0,6,17,3,45302.6,4.633333333333334,1046.4666666666667,4,{},regular
113854,Validacion final,2016-03-03 17:34:49,2016-03-03 17:34:53,2016-03-03 17:34:53,659,111,0.010080645161290322,0,7,17,3,45311.01666666667,8.416666666666666,1054.8833333333334,4,{},regular
113753,Validar solicitud / pre-homologacion,2016-03-03 15:22:36,2016-03-03 17:36:17,2016-03-03 17:36:17,19019,109,0.012852822580645162,0,4,17,3,45312.416666666664,134.58333333333334,1056.2833333333333,4,{},regular
113854,Visto Bueno Cierre Proceso,2016-03-03 17:34:53,2016-03-03 17:34:57,2016-03-03 17:38:43,1422,111,0.03276209677419355,0,8,17,3,45311.083333333336,0.06666666666666667,1054.95,4,{},regular
114002,Traer informacion estudiante - banner,2016-03-03 18:00:59,2016-03-03 18:00:59,2016-03-03 18:00:59,10176,111,0.0,0,1,18,3,45337.11666666667,45337.11666666667,1080.9833333333333,4,{},deviant
16_CF,Radicar Solicitud Homologacion,2016-03-03 16:58:52,2016-03-03 18:07:26,2016-03-03 18:20:18,19422,111,0.10231854838709678,0,2,18,3,45343.566666666666,69.43333333333334,1087.4333333333334,4,{},regular
50_CF,Validar solicitud / pre-homologacion,2016-02-28 10:35:26,2016-03-03 18:24:05,2016-03-03 18:26:15,19019,92,0.012852822580645162,0,7,18,3,45360.21666666667,6229.133333333333,1104.0833333333333,4,{},regular
113853,Homologacion por grupo de cursos,2016-03-03 17:10:59,2016-03-03 18:18:06,2016-03-03 18:45:55,6767,111,0.5632560483870968,0,4,18,3,45354.23333333333,158.35,1098.1,4,{},deviant
112752,Notificacion estudiante cancelacion soli,2016-03-02 17:52:52,2016-03-03 18:46:50,2016-03-03 18:46:50,22404,111,0.0,0,4,18,3,45382.96666666667,1537.5333333333333,1126.8333333333333,4,{},deviant
14_CF,Validar solicitud,2016-03-03 17:18:02,2016-03-03 18:16:13,2016-03-03 18:49:27,659,111,0.24168346774193547,0,3,18,3,45352.35,71.91666666666667,1096.2166666666667,4,{},regular
112706,Notificacion estudiante cancelacion soli,2016-03-02 19:00:50,2016-03-03 19:02:20,2016-03-03 19:02:20,241,111,0.0,0,4,19,3,45398.46666666667,1479.9333333333334,1142.3333333333333,4,{},deviant
114003,Traer informacion estudiante - banner,2016-03-03 19:12:58,2016-03-03 19:12:58,2016-03-03 19:12:58,11613,109,0.0,0,1,19,3,45409.1,45409.1,1152.9666666666667,4,{},deviant
114002,Radicar Solicitud Homologacion,2016-03-03 18:00:59,2016-03-03 19:19:23,2016-03-03 19:19:23,10176,111,0.10231854838709678,0,2,19,3,45415.51666666667,78.4,1159.3833333333334,4,{},deviant
16_CF,Validar solicitud,2016-03-03 18:20:18,2016-03-03 18:59:02,2016-03-03 19:32:25,659,111,0.24168346774193547,0,3,18,3,45395.166666666664,51.6,1139.0333333333333,4,{},regular
114007,Traer informacion estudiante - banner,2016-03-03 19:37:43,2016-03-03 19:37:43,2016-03-03 19:37:43,11613,110,0.0,0,1,19,3,45433.85,45433.85,1177.7166666666667,4,{},regular
14_CF,Revisar curso,2016-03-03 18:49:27,2016-03-03 19:40:53,2016-03-03 19:42:42,659,109,0.04788306451612903,0,4,19,3,45437.01666666667,84.66666666666667,1180.8833333333334,4,{},regular
14_CF,Evaluacion curso,2016-03-03 19:42:42,2016-03-03 19:42:46,2016-03-03 19:44:38,659,110,0.07787298387096774,0,5,19,3,45438.9,1.8833333333333333,1182.7666666666667,4,{},regular
14_CF,Homologacion por grupo de cursos,2016-03-03 19:44:38,2016-03-03 19:44:42,2016-03-03 19:46:13,1422,110,0.5632560483870968,0,6,19,3,45440.833333333336,1.9333333333333333,1184.7,4,{},regular
14_CF,Validacion final,2016-03-03 19:46:13,2016-03-03 19:46:17,2016-03-03 19:47:13,659,110,0.010080645161290322,0,7,19,3,45442.416666666664,1.5833333333333333,1186.2833333333333,4,{},regular
14_CF,Visto Bueno Cierre Proceso,2016-03-03 19:47:13,2016-03-03 19:47:17,2016-03-03 19:48:12,1422,110,0.03276209677419355,0,8,19,3,45443.416666666664,1.0,1187.2833333333333,4,{},regular
16_CF,Revisar curso,2016-03-03 19:32:25,2016-03-03 19:50:10,2016-03-03 19:51:45,659,109,0.04788306451612903,0,4,19,3,45446.3,51.13333333333333,1190.1666666666667,4,{},regular
16_CF,Evaluacion curso,2016-03-03 19:51:45,2016-03-03 19:51:49,2016-03-03 19:53:31,659,109,0.07787298387096774,0,5,19,3,45447.95,1.65,1191.8166666666666,4,{},regular
16_CF,Homologacion por grupo de cursos,2016-03-03 19:53:31,2016-03-03 19:53:35,2016-03-03 19:54:59,1422,109,0.5632560483870968,0,6,19,3,45449.71666666667,1.7666666666666666,1193.5833333333333,4,{},regular
16_CF,Validacion final,2016-03-03 19:54:59,2016-03-03 19:55:03,2016-03-03 19:55:56,659,109,0.010080645161290322,0,7,19,3,45451.183333333334,1.4666666666666666,1195.05,4,{},regular
16_CF,Visto Bueno Cierre Proceso,2016-03-03 19:55:56,2016-03-03 19:56:00,2016-03-03 19:56:52,1422,109,0.03276209677419355,0,8,19,3,45452.13333333333,0.95,1196.0,4,{},regular
113753,Recepcion de documentos,2016-03-03 17:36:17,2016-03-03 19:11:37,2016-03-03 20:02:06,19019,111,0.014868951612903226,0,5,19,3,45407.75,95.33333333333333,1151.6166666666666,4,{},regular
113301,Notificacion estudiante cancelacion soli,2016-03-03 04:37:54,2016-03-03 20:02:06,2016-03-03 20:02:06,19019,109,0.0,0,4,19,3,45422.2,888.1666666666666,1166.0666666666666,4,{},deviant
114002,Validar solicitud,2016-03-03 19:19:23,2016-03-03 20:17:27,2016-03-03 20:20:51,22475,109,0.24168346774193547,0,3,20,3,45473.583333333336,58.06666666666667,1217.45,4,{},deviant
114003,Radicar Solicitud Homologacion,2016-03-03 19:12:58,2016-03-03 20:24:59,2016-03-03 20:24:59,11613,109,0.10231854838709678,0,2,20,3,45481.11666666667,72.01666666666667,1224.9833333333333,4,{},deviant
113953,Traer informacion estudiante - banner,2016-03-03 20:34:25,2016-03-03 20:34:25,2016-03-03 20:34:25,19019,108,0.0,0,1,20,3,45490.55,45490.55,1234.4166666666667,4,{},deviant
114007,Radicar Solicitud Homologacion,2016-03-03 19:37:43,2016-03-03 20:51:42,2016-03-03 20:51:42,11613,110,0.10231854838709678,0,2,20,3,45507.833333333336,73.98333333333333,1251.7,4,{},regular
112606,Notificacion estudiante cancelacion soli,2016-03-02 18:32:19,2016-03-03 20:55:14,2016-03-03 20:55:14,22404,112,0.0,0,5,20,3,45511.36666666667,1582.9166666666667,1255.2333333333333,4,{},deviant
114002,Revisar curso,2016-03-03 20:20:51,2016-03-03 21:17:57,2016-03-03 21:17:57,22475,107,0.04788306451612903,0,4,21,3,45534.083333333336,60.5,1277.95,4,{},deviant
114002,Homologacion por grupo de cursos,2016-03-03 21:17:57,2016-03-03 21:18:01,2016-03-03 21:35:13,22475,107,0.5632560483870968,0,5,21,3,45534.15,0.06666666666666667,1278.0166666666667,4,{},deviant
113753,Avanzar recepcion documentos,2016-03-03 20:02:06,2016-03-03 20:46:02,2016-03-03 21:36:30,19019,108,0.0020161290322580645,1,6,20,3,45502.166666666664,94.41666666666667,1246.0333333333333,4,{},regular
114102,Traer informacion estudiante - banner,2016-03-03 21:46:28,2016-03-03 21:46:28,2016-03-03 21:46:28,19019,108,0.0,0,1,21,3,45562.6,45562.6,1306.4666666666667,4,{},deviant
114002,Evaluacion curso,2016-03-03 21:35:13,2016-03-03 21:35:17,2016-03-03 21:52:23,22439,107,0.07787298387096774,0,6,21,3,45551.416666666664,17.266666666666666,1295.2833333333333,4,{},deviant
114002,Validar solicitud / pre-homologacion,2016-03-03 21:52:23,2016-03-03 21:52:27,2016-03-03 21:52:32,22475,108,0.012852822580645162,0,7,21,3,45568.583333333336,17.166666666666668,1312.45,4,{},deviant
114007,Validar solicitud,2016-03-03 20:51:42,2016-03-03 21:50:47,2016-03-03 22:00:55,19019,108,0.24168346774193547,0,3,21,3,45566.916666666664,59.083333333333336,1310.7833333333333,4,{},regular
114152,Traer informacion estudiante - banner,2016-03-03 22:55:25,2016-03-03 22:55:25,2016-03-03 22:55:25,26759,108,0.0,0,1,22,3,45631.55,45631.55,1375.4166666666667,4,{},deviant
112705,Notificacion estudiante cancelacion soli,2016-03-02 16:18:03,2016-03-03 23:19:28,2016-03-03 23:19:28,22404,111,0.0,0,4,23,3,45655.6,1905.4166666666667,1399.4666666666667,4,{},deviant
113753,Homologacion por grupo de cursos,2016-03-03 21:36:30,2016-03-03 21:36:34,2016-03-03 23:22:08,1007,107,0.5632560483870968,0,7,21,3,45552.7,50.53333333333333,1296.5666666666666,4,{},regular
114153,Traer informacion estudiante - banner,2016-03-03 23:49:41,2016-03-03 23:49:41,2016-03-03 23:49:41,26344,108,0.0,0,1,23,3,45685.816666666666,45685.816666666666,1429.6833333333334,4,{},deviant
114003,Cancelar Solicitud,2016-03-03 20:24:59,2016-03-03 23:59:50,2016-03-03 23:59:50,11613,107,0.26537298387096775,0,3,23,3,45695.96666666667,214.85,1439.8333333333333,4,{},deviant
113753,Visto Bueno Cierre Proceso,2016-03-03 23:22:08,2016-03-03 23:22:12,2016-03-04 00:18:49,1007,107,0.03276209677419355,0,8,23,3,45658.333333333336,105.63333333333334,1402.2,4,{},regular
114152,Radicar Solicitud Homologacion,2016-03-03 22:55:25,2016-03-04 00:38:01,2016-03-04 00:38:01,26759,108,0.10231854838709678,0,2,0,3,45734.15,102.6,38.016666666666666,5,{},deviant
113953,Radicar Solicitud Homologacion,2016-03-03 20:34:25,2016-03-03 22:10:10,2016-03-04 00:38:38,19019,108,0.10231854838709678,0,2,22,3,45586.3,95.75,1330.1666666666667,4,{},deviant
113752,Cancelar Solicitud,2016-03-03 10:45:28,2016-03-04 00:38:38,2016-03-04 00:59:06,19019,107,0.26537298387096775,0,4,22,3,45610.7,709.9333333333333,1354.5666666666666,4,{},deviant
114152,Validar solicitud,2016-03-04 00:38:01,2016-03-04 00:55:17,2016-03-04 01:27:17,22404,108,0.24168346774193547,0,3,0,3,45751.416666666664,17.266666666666666,55.28333333333333,5,{},deviant
114153,Radicar Solicitud Homologacion,2016-03-03 23:49:41,2016-03-04 01:32:17,2016-03-04 01:36:00,26344,108,0.10231854838709678,0,2,1,3,45788.416666666664,102.6,92.28333333333333,5,{},deviant
114351,Traer informacion estudiante - banner,2016-03-04 01:43:32,2016-03-04 01:43:32,2016-03-04 01:43:32,11387,109,0.0,0,1,1,3,45799.666666666664,45799.666666666664,103.53333333333333,5,{},deviant
114351,Radicar Solicitud Homologacion,2016-03-04 01:43:32,2016-03-04 02:00:48,2016-03-04 02:01:04,11387,109,0.10231854838709678,0,2,2,3,45816.933333333334,17.266666666666666,120.8,5,{},deviant
112601,Radicar Solicitud Homologacion,2016-03-02 05:26:20,2016-03-04 02:03:30,2016-03-04 02:03:59,10176,109,0.10231854838709678,0,3,2,3,45819.63333333333,2677.1666666666665,123.5,5,{},deviant
114153,Validar solicitud,2016-03-04 01:36:00,2016-03-04 02:17:43,2016-03-04 02:22:47,294,108,0.24168346774193547,0,3,2,3,45833.85,45.43333333333333,137.71666666666667,5,{},deviant
114501,Traer informacion estudiante - banner,2016-03-04 02:52:57,2016-03-04 02:52:57,2016-03-04 02:52:57,13559,110,0.0,0,1,2,3,45869.083333333336,45869.083333333336,172.95,5,{},deviant
113953,Cancelar Solicitud,2016-03-04 00:38:38,2016-03-04 03:48:06,2016-03-04 03:49:19,677,108,0.26537298387096775,0,3,3,3,45924.23333333333,337.93333333333334,228.1,5,{},deviant
29_CF,Evaluacion curso,2016-03-03 14:46:26,2016-03-04 03:52:57,2016-03-04 04:00:11,6995,109,0.07787298387096774,0,5,3,3,45929.083333333336,788.85,232.95,5,{},regular
114102,Radicar Solicitud Homologacion,2016-03-03 21:46:28,2016-03-04 00:59:06,2016-03-04 04:06:00,19019,108,0.10231854838709678,0,2,22,3,45624.916666666664,62.31666666666667,1368.7833333333333,4,{},deviant
114007,Revisar curso,2016-03-03 22:00:55,2016-03-04 04:06:00,2016-03-04 04:06:01,19019,107,0.04788306451612903,0,4,23,3,45664.7,97.78333333333333,1408.5666666666666,4,{},regular
113753,Validacion final,2016-03-04 00:18:49,2016-03-04 04:06:01,2016-03-04 04:06:01,19019,108,0.010080645161290322,3,9,0,3,45715.01666666667,56.68333333333333,18.883333333333333,5,{},regular
113752,Revisar curso,2016-03-04 00:59:06,2016-03-04 04:06:01,2016-03-04 04:06:02,19019,108,0.04788306451612903,3,5,1,3,45803.3,192.6,107.16666666666667,5,{},deviant
114153,Homologacion por grupo de cursos,2016-03-04 02:22:47,2016-03-04 02:22:51,2016-03-04 04:07:51,7311,109,0.5632560483870968,0,4,2,3,45838.98333333333,5.133333333333334,142.85,5,{},deviant
19_CF,Visto Bueno Cierre Proceso,2016-03-01 20:24:28,2016-03-04 04:20:14,2016-03-04 04:21:49,1007,103,0.03276209677419355,0,6,4,3,45956.36666666667,3360.8166666666666,260.23333333333335,5,{},regular
114501,Radicar Solicitud Homologacion,2016-03-04 02:52:57,2016-03-04 04:27:29,2016-03-04 04:29:28,13559,110,0.10231854838709678,0,2,4,3,45963.61666666667,94.53333333333333,267.48333333333335,5,{},deviant
114502,Traer informacion estudiante - banner,2016-03-04 05:22:00,2016-03-04 05:22:00,2016-03-04 05:22:00,2154,109,0.0,0,1,5,3,46018.13333333333,46018.13333333333,322.0,5,{},deviant
114102,Validar solicitud,2016-03-04 04:06:00,2016-03-04 04:06:04,2016-03-04 05:22:04,19019,110,0.24168346774193547,3,3,4,3,45942.2,317.28333333333336,246.06666666666666,5,{},deviant
24_CF,Visto Bueno Cierre Proceso,2016-03-01 21:34:46,2016-03-04 05:36:45,2016-03-04 05:38:16,1007,104,0.03276209677419355,0,6,5,3,46032.88333333333,3367.2,336.75,5,{},regular
114152,Homologacion por grupo de cursos,2016-03-04 01:27:17,2016-03-04 01:27:21,2016-03-04 05:51:21,4560,108,0.5632560483870968,0,4,1,3,45783.48333333333,32.06666666666667,87.35,5,{},deviant
114503,Traer informacion estudiante - banner,2016-03-04 05:59:21,2016-03-04 05:59:21,2016-03-04 05:59:21,2154,109,0.0,0,1,5,3,46055.48333333333,46055.48333333333,359.35,5,{},deviant
114502,Radicar Solicitud Homologacion,2016-03-04 05:22:00,2016-03-04 06:02:44,2016-03-04 06:03:06,2154,109,0.10231854838709678,0,2,6,3,46058.86666666667,40.733333333333334,362.73333333333335,5,{},deviant
114503,Radicar Solicitud Homologacion,2016-03-04 05:59:21,2016-03-04 06:16:37,2016-03-04 06:17:10,2154,109,0.10231854838709678,0,2,6,3,46072.75,17.266666666666666,376.6166666666667,5,{},deviant
110853,Cancelar Solicitud,2016-02-27 05:35:54,2016-03-04 04:35:47,2016-03-04 06:30:19,6723,93,0.26537298387096775,0,4,4,3,45971.916666666664,8580.7,275.78333333333336,5,{},deviant
112401,Homologacion por grupo de cursos,2016-03-03 06:06:40,2016-03-04 02:51:30,2016-03-04 06:36:59,3445,110,0.5632560483870968,0,6,2,3,45867.63333333333,1461.0833333333333,171.5,5,{},regular
114552,Traer informacion estudiante - banner,2016-03-04 07:14:43,2016-03-04 07:14:43,2016-03-04 07:14:43,3815,110,0.0,0,1,7,3,46130.85,46130.85,434.71666666666664,5,{},deviant
27_CF,Visto Bueno Cierre Proceso,2016-03-01 23:23:49,2016-03-04 07:52:26,2016-03-04 07:53:41,1007,107,0.03276209677419355,0,6,7,3,46168.566666666666,3393.6833333333334,472.43333333333334,5,{},regular
114751,Traer informacion estudiante - banner,2016-03-04 08:18:05,2016-03-04 08:18:05,2016-03-04 08:18:05,6572,111,0.0,0,1,8,3,46194.21666666667,46194.21666666667,498.0833333333333,5,{},deviant
114751,Radicar Solicitud Homologacion,2016-03-04 08:18:05,2016-03-04 08:18:09,2016-03-04 08:26:09,6572,111,0.10231854838709678,0,2,8,3,46194.28333333333,0.06666666666666667,498.15,5,{},deviant
114552,Radicar Solicitud Homologacion,2016-03-04 07:14:43,2016-03-04 07:14:47,2016-03-04 08:30:47,3815,110,0.10231854838709678,0,2,7,3,46130.916666666664,0.06666666666666667,434.78333333333336,5,{},deviant
114007,Evaluacion curso,2016-03-04 04:06:01,2016-03-04 05:22:04,2016-03-04 08:36:52,19019,110,0.07787298387096774,2,5,4,3,45942.21666666667,277.51666666666665,246.08333333333334,5,{},regular
113451,Notificacion estudiante cancelacion soli,2016-03-03 05:23:24,2016-03-04 08:36:52,2016-03-04 08:36:52,19019,109,0.0,0,4,4,3,45982.8,1404.0166666666667,286.6666666666667,5,{},deviant
113151,Notificacion estudiante cancelacion soli,2016-03-03 09:41:53,2016-03-04 08:36:52,2016-03-04 08:36:52,19019,108,0.0,0,7,5,3,46007.28333333333,1221.7166666666667,311.15,5,{},deviant
112310,Evaluacion curso,2016-03-03 13:15:51,2016-03-04 08:55:50,2016-03-04 08:56:30,6995,109,0.07787298387096774,0,5,8,3,46231.96666666667,1179.9833333333333,535.8333333333334,5,{},regular
114802,Traer informacion estudiante - banner,2016-03-04 08:56:47,2016-03-04 08:56:47,2016-03-04 08:56:47,7143,110,0.0,0,1,8,3,46232.916666666664,46232.916666666664,536.7833333333333,5,{},deviant
114802,Radicar Solicitud Homologacion,2016-03-04 08:56:47,2016-03-04 08:56:51,2016-03-04 09:13:29,7143,110,0.10231854838709678,0,2,8,3,46232.98333333333,0.06666666666666667,536.85,5,{},deviant
114102,Homologacion por grupo de cursos,2016-03-04 05:22:04,2016-03-04 08:36:52,2016-03-04 09:24:56,19019,109,0.5632560483870968,3,4,5,3,46018.26666666667,76.06666666666666,322.1333333333333,5,{},deviant
113701,Notificacion estudiante cancelacion soli,2016-03-03 09:41:53,2016-03-04 09:24:56,2016-03-04 09:24:56,19019,108,0.0,1,4,8,3,46185.816666666666,1514.15,489.68333333333334,5,{},deviant
112305,Notificacion estudiante cancelacion soli,2016-03-01 01:27:28,2016-03-04 09:29:52,2016-03-04 09:29:52,1378,98,0.0,0,4,9,3,46266.0,4802.433333333333,569.8666666666667,5,{},deviant
114854,Traer informacion estudiante - banner,2016-03-04 10:38:25,2016-03-04 10:38:25,2016-03-04 10:38:25,9489,108,0.0,0,1,10,3,46334.55,46334.55,638.4166666666666,5,{},deviant
114854,Radicar Solicitud Homologacion,2016-03-04 10:38:25,2016-03-04 10:38:29,2016-03-04 11:18:12,9489,108,0.10231854838709678,0,2,10,3,46334.61666666667,0.06666666666666667,638.4833333333333,5,{},deviant
114901,Traer informacion estudiante - banner,2016-03-04 12:01:27,2016-03-04 12:01:27,2016-03-04 12:01:27,8428,109,0.0,0,1,12,3,46417.583333333336,46417.583333333336,721.45,5,{},deviant
112309,Evaluacion curso,2016-03-03 13:39:18,2016-03-04 09:36:13,2016-03-04 12:16:33,22491,109,0.07787298387096774,0,5,9,3,46272.35,1196.9166666666667,576.2166666666667,5,{},regular
114901,Radicar Solicitud Homologacion,2016-03-04 12:01:27,2016-03-04 12:01:31,2016-03-04 12:33:29,8428,109,0.10231854838709678,0,2,12,3,46417.65,0.06666666666666667,721.5166666666667,5,{},deviant
114854,Cancelar Solicitud,2016-03-04 11:18:12,2016-03-04 11:56:30,2016-03-04 12:35:01,241,108,0.26537298387096775,0,3,11,3,46412.63333333333,78.01666666666667,716.5,5,{},deviant
115001,Traer informacion estudiante - banner,2016-03-04 13:05:06,2016-03-04 13:05:06,2016-03-04 13:05:06,12935,110,0.0,0,1,13,3,46481.23333333333,46481.23333333333,785.1,5,{},deviant
115001,Radicar Solicitud Homologacion,2016-03-04 13:05:06,2016-03-04 13:05:10,2016-03-04 13:05:44,12935,110,0.10231854838709678,0,2,13,3,46481.3,0.06666666666666667,785.1666666666666,5,{},deviant
114351,Validar solicitud,2016-03-04 02:01:04,2016-03-04 12:06:32,2016-03-04 13:09:41,677,109,0.24168346774193547,0,3,12,3,46422.666666666664,605.7333333333333,726.5333333333333,5,{},deviant
29_CF,Homologacion por grupo de cursos,2016-03-04 04:00:11,2016-03-04 13:43:09,2016-03-04 13:48:11,3445,110,0.5632560483870968,0,6,13,3,46519.28333333333,590.2,823.15,5,{},regular
112753,Notificacion estudiante cancelacion soli,2016-03-02 22:37:11,2016-03-04 14:06:57,2016-03-04 14:06:57,22404,112,0.0,0,4,14,3,46543.083333333336,2413.15,846.95,5,{},deviant
115002,Traer informacion estudiante - banner,2016-03-04 14:47:10,2016-03-04 14:47:10,2016-03-04 14:47:10,10280,110,0.0,0,1,14,3,46583.3,46583.3,887.1666666666666,5,{},deviant
115002,Radicar Solicitud Homologacion,2016-03-04 14:47:10,2016-03-04 14:47:14,2016-03-04 14:47:27,10280,110,0.10231854838709678,0,2,14,3,46583.36666666667,0.06666666666666667,887.2333333333333,5,{},deviant
114007,Homologacion por grupo de cursos,2016-03-04 08:36:52,2016-03-04 09:24:56,2016-03-04 15:18:01,19019,111,0.5632560483870968,4,6,8,3,46213.066666666666,270.85,516.9333333333333,5,{},regular
112311,Validar solicitud,2016-03-01 12:24:53,2016-03-04 15:18:01,2016-03-04 15:18:01,19019,98,0.24168346774193547,0,3,10,3,46329.083333333336,4208.066666666667,632.95,5,{},regular
114901,Validar solicitud,2016-03-04 12:33:29,2016-03-04 15:18:01,2016-03-04 15:18:01,19019,109,0.24168346774193547,1,3,12,3,46449.683333333334,32.03333333333333,753.55,5,{},deviant
114802,Validar solicitud,2016-03-04 09:13:29,2016-03-04 15:18:01,2016-03-04 15:35:18,19019,110,0.24168346774193547,2,3,12,3,46464.066666666666,231.08333333333334,767.9333333333333,5,{},deviant
115003,Traer informacion estudiante - banner,2016-03-04 15:49:30,2016-03-04 15:49:30,2016-03-04 15:49:30,10280,111,0.0,0,1,15,3,46645.63333333333,46645.63333333333,949.5,5,{},deviant
115003,Radicar Solicitud Homologacion,2016-03-04 15:49:30,2016-03-04 16:04:05,2016-03-04 16:04:09,10280,111,0.10231854838709678,0,2,16,3,46660.21666666667,14.583333333333334,964.0833333333334,5,{},deviant
115001,Validar solicitud,2016-03-04 13:05:44,2016-03-04 16:02:04,2016-03-04 16:41:11,18929,110,0.24168346774193547,0,3,16,3,46658.2,176.9,962.0666666666667,5,{},deviant
115005,Traer informacion estudiante - banner,2016-03-04 16:53:37,2016-03-04 16:53:37,2016-03-04 16:53:37,12935,112,0.0,0,1,16,3,46709.75,46709.75,1013.6166666666667,5,{},deviant
110952,Notificacion estudiante cancelacion soli,2016-02-27 13:38:22,2016-03-04 17:16:10,2016-03-04 17:16:10,669,92,0.0,0,4,17,3,46732.3,8868.75,1036.1666666666667,5,{},deviant
115005,Radicar Solicitud Homologacion,2016-03-04 16:53:37,2016-03-04 17:22:45,2016-03-04 17:22:49,12935,112,0.10231854838709678,0,2,17,3,46738.88333333333,29.133333333333333,1042.75,5,{},deviant
114503,Validar solicitud,2016-03-04 06:17:10,2016-03-04 16:22:38,2016-03-04 17:38:14,186,109,0.24168346774193547,0,3,16,3,46678.76666666667,606.0166666666667,982.6333333333333,5,{},deviant
112451,Homologacion por grupo de cursos,2016-03-03 08:26:37,2016-03-04 17:44:47,2016-03-04 17:44:47,18929,109,0.5632560483870968,0,4,17,3,46760.916666666664,2131.883333333333,1064.7833333333333,5,{},deviant
114007,Validacion final,2016-03-04 15:18:01,2016-03-04 15:35:18,2016-03-04 18:04:50,19019,110,0.010080645161290322,3,7,15,3,46614.21666666667,401.15,918.0833333333334,5,{},regular
114007,Visto Bueno Cierre Proceso,2016-03-04 18:04:50,2016-03-04 18:04:54,2016-03-04 18:13:37,19019,110,0.03276209677419355,0,8,18,3,46781.03333333333,166.81666666666666,1084.9,5,{},regular
114007,Transferir Creditos,2016-03-04 18:13:37,2016-03-04 18:13:41,2016-03-04 18:13:41,19019,110,0.0005040322580645161,0,9,18,3,46789.816666666666,8.783333333333333,1093.6833333333334,5,{},regular
29_CF,Validacion final,2016-03-04 13:48:11,2016-03-04 18:13:43,2016-03-04 18:16:09,677,110,0.010080645161290322,0,7,18,3,46789.85,270.56666666666666,1093.7166666666667,5,{},regular
114351,Homologacion por grupo de cursos,2016-03-04 13:09:41,2016-03-04 18:26:50,2016-03-04 18:26:51,677,110,0.5632560483870968,0,4,18,3,46802.96666666667,380.3,1106.8333333333333,5,{},deviant
29_CF,Visto Bueno Cierre Proceso,2016-03-04 18:16:09,2016-03-04 18:53:39,2016-03-04 18:55:05,3445,109,0.03276209677419355,0,8,18,3,46829.78333333333,39.93333333333333,1133.65,5,{},regular
115006,Traer informacion estudiante - banner,2016-03-04 19:06:59,2016-03-04 19:06:59,2016-03-04 19:06:59,12935,108,0.0,0,1,19,3,46843.11666666667,46843.11666666667,1146.9833333333333,5,{},deviant
115001,Homologacion por grupo de cursos,2016-03-04 16:41:11,2016-03-04 16:41:15,2016-03-04 19:15:35,957,111,0.5632560483870968,0,4,16,3,46697.38333333333,39.18333333333333,1001.25,5,{},deviant
111314,Notificacion estudiante cancelacion soli,2016-02-29 15:47:04,2016-03-04 19:16:26,2016-03-04 19:16:26,19019,93,0.0,0,4,19,3,46852.566666666666,5975.966666666666,1156.4333333333334,5,{},deviant
112310,Homologacion por grupo de cursos,2016-03-04 08:56:30,2016-03-04 18:59:19,2016-03-04 19:44:16,3445,109,0.5632560483870968,0,6,18,3,46835.45,603.4833333333333,1139.3166666666666,5,{},regular
110951,Notificacion estudiante cancelacion soli,2016-02-27 14:30:15,2016-03-04 19:48:14,2016-03-04 19:48:14,294,92,0.0,0,4,19,3,46884.36666666667,9014.733333333334,1188.2333333333333,5,{},deviant
114901,Homologacion por grupo de cursos,2016-03-04 15:18:01,2016-03-04 15:18:05,2016-03-04 20:01:35,1007,110,0.5632560483870968,0,4,15,3,46614.21666666667,164.53333333333333,918.0833333333334,5,{},deviant
112401,Validacion final,2016-03-04 06:36:59,2016-03-04 20:02:11,2016-03-04 20:10:45,677,109,0.010080645161290322,0,7,20,3,46898.316666666666,1030.6833333333334,1202.1833333333334,5,{},regular
115006,Radicar Solicitud Homologacion,2016-03-04 19:06:59,2016-03-04 21:03:00,2016-03-04 21:03:04,12935,108,0.10231854838709678,0,2,21,3,46959.13333333333,116.01666666666667,1263.0,5,{},deviant
114952,Traer informacion estudiante - banner,2016-03-04 21:04:50,2016-03-04 21:04:50,2016-03-04 21:04:50,11342,105,0.0,0,1,21,3,46960.96666666667,46960.96666666667,1264.8333333333333,5,{},deviant
110953,Notificacion estudiante cancelacion soli,2016-02-27 16:46:08,2016-03-04 21:27:44,2016-03-04 21:27:44,294,94,0.0,0,4,21,3,46983.86666666667,8978.35,1287.7333333333333,5,{},deviant
114952,Radicar Solicitud Homologacion,2016-03-04 21:04:50,2016-03-04 21:36:21,2016-03-04 21:36:30,11342,105,0.10231854838709678,0,2,21,3,46992.48333333333,31.516666666666666,1296.35,5,{},deviant
114953,Traer informacion estudiante - banner,2016-03-04 22:19:11,2016-03-04 22:19:11,2016-03-04 22:19:11,7862,105,0.0,0,1,22,3,47035.316666666666,47035.316666666666,1339.1833333333334,5,{},deviant
114502,Validar solicitud,2016-03-04 06:03:06,2016-03-04 21:11:16,2016-03-04 22:27:23,186,109,0.24168346774193547,0,3,21,3,46967.4,908.5333333333333,1271.2666666666667,5,{},deviant
110901,Notificacion estudiante cancelacion soli,2016-02-27 15:32:16,2016-03-04 22:37:20,2016-03-04 22:37:20,294,93,0.0,0,4,22,3,47053.46666666667,9121.783333333333,1357.3333333333333,5,{},deviant
114955,Traer informacion estudiante - banner,2016-03-04 22:43:51,2016-03-04 22:43:51,2016-03-04 22:43:51,7862,105,0.0,0,1,22,3,47059.98333333333,47059.98333333333,1363.85,5,{},deviant
114953,Radicar Solicitud Homologacion,2016-03-04 22:19:11,2016-03-04 23:05:30,2016-03-04 23:05:48,7862,105,0.10231854838709678,0,2,23,3,47081.63333333333,46.31666666666667,1385.5,5,{},deviant
110854,Cancelar Solicitud,2016-02-27 14:10:30,2016-03-04 21:39:56,2016-03-04 23:34:28,6723,92,0.26537298387096775,0,4,21,3,46996.066666666666,9090.383333333333,1299.9333333333334,5,{},deviant
114955,Radicar Solicitud Homologacion,2016-03-04 22:43:51,2016-03-04 23:42:04,2016-03-04 23:42:07,7862,105,0.10231854838709678,0,2,23,3,47118.2,58.21666666666667,1422.0666666666666,5,{},deviant
114802,Homologacion por grupo de cursos,2016-03-04 15:35:18,2016-03-04 20:01:35,2016-03-05 00:43:36,1007,110,0.5632560483870968,0,4,17,3,46733.65,269.5833333333333,1037.5166666666667,5,{},deviant
112309,Homologacion por grupo de cursos,2016-03-04 12:16:33,2016-03-04 22:05:39,2016-03-05 01:01:05,3445,109,0.5632560483870968,0,6,22,3,47021.78333333333,749.4333333333333,1325.65,5,{},regular
112801,Notificacion estudiante cancelacion soli,2016-03-03 00:26:30,2016-03-05 01:21:45,2016-03-05 01:21:45,22475,113,0.0,1,4,1,3,47217.88333333333,3019.116666666667,81.75,6,{},deviant
112310,Validacion final,2016-03-04 19:44:16,2016-03-05 01:05:48,2016-03-05 01:33:26,677,106,0.010080645161290322,0,7,1,3,47201.933333333334,366.48333333333335,65.8,6,{},regular
115054,Traer informacion estudiante - banner,2016-03-05 01:54:13,2016-03-05 01:54:13,2016-03-05 01:54:13,8688,104,0.0,0,1,1,3,47250.35,47250.35,114.21666666666667,6,{},deviant
112512,Homologacion por grupo de cursos,2016-03-03 12:07:32,2016-03-05 00:38:33,2016-03-05 02:01:43,18929,107,0.5632560483870968,0,4,0,3,47174.683333333334,2258.9,38.55,6,{},deviant
112401,Visto Bueno Cierre Proceso,2016-03-04 20:10:45,2016-03-05 02:04:18,2016-03-05 02:04:56,3445,104,0.03276209677419355,0,8,2,3,47260.433333333334,362.1166666666667,124.3,6,{},regular
115055,Traer informacion estudiante - banner,2016-03-05 02:25:28,2016-03-05 02:25:28,2016-03-05 02:25:28,8688,104,0.0,0,1,2,3,47281.6,47281.6,145.46666666666667,6,{},deviant
115003,Validar solicitud,2016-03-04 16:04:09,2016-03-05 02:01:43,2016-03-05 02:41:12,18929,111,0.24168346774193547,0,3,1,3,47235.03333333333,574.8166666666667,98.9,6,{},deviant
115054,Radicar Solicitud Homologacion,2016-03-05 01:54:13,2016-03-05 03:17:06,2016-03-05 03:17:06,8688,104,0.10231854838709678,0,2,3,3,47333.23333333333,82.88333333333334,197.1,6,{},deviant
115061,Traer informacion estudiante - banner,2016-03-05 03:39:48,2016-03-05 03:39:48,2016-03-05 03:39:48,11515,105,0.0,0,1,3,3,47355.933333333334,47355.933333333334,219.8,6,{},deviant
115055,Radicar Solicitud Homologacion,2016-03-05 02:25:28,2016-03-05 03:48:21,2016-03-05 03:48:21,8688,104,0.10231854838709678,0,2,3,3,47364.48333333333,82.88333333333334,228.35,6,{},deviant
112001,Homologacion por grupo de cursos,2016-03-01 15:34:47,2016-03-05 03:55:28,2016-03-05 04:12:06,3445,101,0.5632560483870968,0,4,3,3,47371.6,5075.666666666667,235.46666666666667,6,{},deviant
115202,Traer informacion estudiante - banner,2016-03-05 04:56:25,2016-03-05 04:56:25,2016-03-05 04:56:25,22950,105,0.0,0,1,4,3,47432.55,47432.55,296.4166666666667,6,{},deviant
115061,Radicar Solicitud Homologacion,2016-03-05 03:39:48,2016-03-05 05:02:05,2016-03-05 05:18:05,11515,105,0.10231854838709678,0,2,5,3,47438.21666666667,82.28333333333333,302.0833333333333,6,{},deviant
114503,Homologacion por grupo de cursos,2016-03-04 17:38:14,2016-03-05 05:26:47,2016-03-05 05:27:00,186,111,0.5632560483870968,0,4,5,3,47462.916666666664,784.15,326.78333333333336,6,{},deviant
112501,Validar solicitud,2016-03-01 21:24:43,2016-03-05 05:24:22,2016-03-05 05:35:54,7320,104,0.24168346774193547,0,3,5,3,47460.5,4800.1,324.3666666666667,6,{},regular
112312,Validar solicitud,2016-03-01 20:35:21,2016-03-05 05:32:57,2016-03-05 05:42:36,19019,103,0.24168346774193547,0,3,5,3,47469.083333333336,4857.6,332.95,6,{},regular
115202,Radicar Solicitud Homologacion,2016-03-05 04:56:25,2016-03-05 06:18:42,2016-03-05 07:12:20,22950,105,0.10231854838709678,0,2,6,3,47514.833333333336,82.28333333333333,378.7,6,{},deviant
114552,Cancelar Solicitud,2016-03-04 08:30:47,2016-03-05 07:47:48,2016-03-05 07:51:48,6694,111,0.26537298387096775,0,3,7,3,47603.933333333334,1473.0166666666667,467.8,6,{},deviant
114751,Cancelar Solicitud,2016-03-04 08:26:09,2016-03-05 07:51:58,2016-03-05 07:52:05,6572,111,0.26537298387096775,0,3,7,3,47608.1,1413.8166666666666,471.96666666666664,6,{},deviant
112310,Visto Bueno Cierre Proceso,2016-03-05 01:33:26,2016-03-05 08:07:58,2016-03-05 08:24:36,3445,103,0.03276209677419355,0,8,8,3,47624.1,422.1666666666667,487.96666666666664,6,{},regular
115252,Traer informacion estudiante - banner,2016-03-05 08:44:38,2016-03-05 08:44:38,2016-03-05 08:44:38,6572,104,0.0,0,1,8,3,47660.76666666667,47660.76666666667,524.6333333333333,6,{},deviant
114854,Notificacion estudiante cancelacion soli,2016-03-04 12:35:01,2016-03-05 08:46:11,2016-03-05 08:46:11,241,109,0.0,0,4,8,3,47662.316666666666,1249.6833333333334,526.1833333333333,6,{},deviant
112503,Homologacion por grupo de cursos,2016-03-03 14:41:03,2016-03-05 08:32:24,2016-03-05 08:48:02,186,109,0.5632560483870968,0,4,8,3,47648.53333333333,2519.35,512.4,6,{},deviant
114952,Validar solicitud,2016-03-04 21:36:30,2016-03-05 08:44:11,2016-03-05 09:22:02,18929,104,0.24168346774193547,0,3,8,3,47660.316666666666,667.8333333333334,524.1833333333333,6,{},deviant
112401,Transferir Creditos,2016-03-05 02:04:56,2016-03-05 09:42:37,2016-03-05 09:42:37,3445,103,0.0005040322580645161,0,9,9,3,47718.75,458.31666666666666,582.6166666666667,6,{},regular
115252,Radicar Solicitud Homologacion,2016-03-05 08:44:38,2016-03-05 10:04:24,2016-03-05 10:04:35,6572,104,0.10231854838709678,0,2,10,3,47740.53333333333,79.76666666666667,604.4,6,{},deviant
115005,Validar solicitud,2016-03-04 17:22:49,2016-03-05 09:51:22,2016-03-05 10:30:41,18929,111,0.24168346774193547,0,3,9,3,47727.5,988.6166666666667,591.3666666666667,6,{},deviant
114003,Notificacion estudiante cancelacion soli,2016-03-03 23:59:50,2016-03-05 13:35:52,2016-03-05 13:35:52,11613,108,0.0,0,4,13,3,47952.0,2256.0333333333333,815.8666666666667,6,{},deviant
115002,Cancelar Solicitud,2016-03-04 14:47:27,2016-03-05 14:07:25,2016-03-05 14:07:48,10280,110,0.26537298387096775,0,3,14,3,47983.55,1400.1833333333334,847.4166666666666,6,{},deviant
112511,Cancelar Solicitud,2016-03-01 23:03:55,2016-03-05 14:35:18,2016-03-05 15:20:21,18929,106,0.26537298387096775,0,3,14,3,48011.433333333334,5251.433333333333,875.3,6,{},deviant
115253,Traer informacion estudiante - banner,2016-03-05 16:42:43,2016-03-05 16:42:43,2016-03-05 16:42:43,6572,101,0.0,0,1,16,3,48138.85,48138.85,1002.7166666666667,6,{},deviant
112309,Validacion final,2016-03-05 01:01:05,2016-03-05 17:33:48,2016-03-05 17:40:22,677,104,0.010080645161290322,0,7,17,3,48189.933333333334,1168.15,1053.8,6,{},regular
111951,Revisar curso,2016-03-01 21:28:19,2016-03-05 17:22:50,2016-03-05 17:52:08,1707,104,0.04788306451612903,0,4,17,3,48178.96666666667,5538.666666666667,1042.8333333333333,6,{},regular
114502,Homologacion por grupo de cursos,2016-03-04 22:27:23,2016-03-05 17:59:14,2016-03-05 18:03:06,26788,105,0.5632560483870968,0,4,17,3,48215.36666666667,1247.9666666666667,1079.2333333333333,6,{},deviant
114953,Validar solicitud,2016-03-04 23:05:48,2016-03-05 18:02:15,2016-03-05 18:07:41,1707,105,0.24168346774193547,0,3,18,3,48218.38333333333,1136.75,1082.25,6,{},deviant
115253,Radicar Solicitud Homologacion,2016-03-05 16:42:43,2016-03-05 18:27:51,2016-03-05 18:28:02,6572,101,0.10231854838709678,0,2,18,3,48243.98333333333,105.13333333333334,1107.85,6,{},deviant
115254,Traer informacion estudiante - banner,2016-03-05 18:47:36,2016-03-05 18:47:36,2016-03-05 18:47:36,4457,101,0.0,0,1,18,3,48263.73333333333,48263.73333333333,1127.6,6,{},deviant
114955,Validar solicitud,2016-03-04 23:42:07,2016-03-05 20:07:24,2016-03-05 20:12:43,1707,105,0.24168346774193547,0,3,20,3,48343.53333333333,1225.3333333333333,1207.4,6,{},deviant
115307,Traer informacion estudiante - banner,2016-03-05 20:13:16,2016-03-05 20:13:16,2016-03-05 20:13:16,8032,102,0.0,0,1,20,3,48349.4,48349.4,1213.2666666666667,6,{},deviant
112360,Notificacion estudiante cancelacion soli,2016-03-01 02:54:40,2016-03-05 20:23:32,2016-03-05 20:23:32,2506,99,0.0,0,4,20,3,48359.666666666664,6867.733333333334,1223.5333333333333,6,{},deviant
113752,Notificacion estudiante cancelacion soli,2016-03-04 04:06:02,2016-03-05 20:32:14,2016-03-05 20:32:14,19019,109,0.0,0,6,20,3,48368.36666666667,2565.0666666666666,1232.2333333333333,6,{},deviant
115254,Radicar Solicitud Homologacion,2016-03-05 18:47:36,2016-03-05 20:32:44,2016-03-05 20:32:51,4457,101,0.10231854838709678,0,2,20,3,48368.86666666667,105.13333333333334,1232.7333333333333,6,{},deviant
115308,Traer informacion estudiante - banner,2016-03-05 20:36:52,2016-03-05 20:36:52,2016-03-05 20:36:52,7819,101,0.0,0,1,20,3,48373.0,48373.0,1236.8666666666666,6,{},deviant
115307,Radicar Solicitud Homologacion,2016-03-05 20:13:16,2016-03-05 21:52:31,2016-03-05 21:52:37,8032,102,0.10231854838709678,0,2,21,3,48448.65,99.25,1312.5166666666667,6,{},deviant
112604,Notificacion estudiante cancelacion soli,2016-03-02 21:39:46,2016-03-05 22:07:54,2016-03-05 22:07:54,19019,112,0.0,0,4,22,3,48464.03333333333,4350.216666666666,1327.9,6,{},deviant
115308,Radicar Solicitud Homologacion,2016-03-05 20:36:52,2016-03-05 22:22:00,2016-03-05 22:22:13,7819,101,0.10231854838709678,0,2,22,3,48478.13333333333,105.13333333333334,1342.0,6,{},deviant
115309,Traer informacion estudiante - banner,2016-03-05 23:00:46,2016-03-05 23:00:46,2016-03-05 23:00:46,12532,101,0.0,0,1,23,3,48516.9,48516.9,1380.7666666666667,6,{},deviant
27_CF,Transferir Creditos,2016-03-04 07:53:41,2016-03-05 23:32:59,2016-03-05 23:34:27,1007,110,0.0005040322580645161,0,7,23,3,48549.11666666667,2380.55,1412.9833333333333,6,{},regular
115310,Traer informacion estudiante - banner,2016-03-06 00:08:06,2016-03-06 00:08:06,2016-03-06 00:08:06,12532,102,0.0,0,1,0,3,48584.23333333333,48584.23333333333,8.1,7,{},deviant
115309,Radicar Solicitud Homologacion,2016-03-05 23:00:46,2016-03-06 00:45:54,2016-03-06 00:46:02,12532,101,0.10231854838709678,0,2,0,3,48622.03333333333,105.13333333333334,45.9,7,{},deviant
115311,Traer informacion estudiante - banner,2016-03-06 01:07:57,2016-03-06 01:07:57,2016-03-06 01:07:57,12532,103,0.0,0,1,1,3,48644.083333333336,48644.083333333336,67.95,7,{},deviant
115401,Traer informacion estudiante - banner,2016-03-06 02:30:07,2016-03-06 02:30:07,2016-03-06 02:30:07,4867,104,0.0,0,1,2,3,48726.25,48726.25,150.11666666666667,7,{},deviant
19_CF,Transferir Creditos,2016-03-04 04:21:49,2016-03-06 04:09:47,2016-03-06 04:12:12,1007,108,0.0005040322580645161,0,7,4,3,48825.916666666664,2869.55,249.78333333333333,7,{},regular
115310,Radicar Solicitud Homologacion,2016-03-06 00:08:06,2016-03-06 05:05:42,2016-03-06 05:05:44,12532,102,0.10231854838709678,0,2,5,3,48881.833333333336,297.6,305.7,7,{},deviant
108901,Revisar curso,2016-02-27 04:28:37,2016-03-06 05:11:01,2016-03-06 05:26:59,659,93,0.04788306451612903,0,5,5,3,48887.15,11562.433333333332,311.01666666666665,7,{},regular
24_CF,Transferir Creditos,2016-03-04 05:38:16,2016-03-06 05:28:41,2016-03-06 05:30:55,1007,109,0.0005040322580645161,0,7,5,3,48904.816666666666,2871.9333333333334,328.68333333333334,7,{},regular
115311,Radicar Solicitud Homologacion,2016-03-06 01:07:57,2016-03-06 06:09:51,2016-03-06 06:09:51,12532,103,0.10231854838709678,0,2,6,3,48945.98333333333,301.9,369.85,7,{},deviant
112309,Visto Bueno Cierre Proceso,2016-03-05 17:40:22,2016-03-06 06:37:37,2016-03-06 06:46:08,3445,101,0.03276209677419355,0,8,6,3,48973.75,783.8166666666667,397.6166666666667,7,{},regular
115401,Radicar Solicitud Homologacion,2016-03-06 02:30:07,2016-03-06 07:36:21,2016-03-06 07:36:46,4867,104,0.10231854838709678,0,2,7,3,49032.48333333333,306.23333333333335,456.35,7,{},deviant
115552,Traer informacion estudiante - banner,2016-03-06 11:20:31,2016-03-06 11:20:31,2016-03-06 11:20:31,11197,104,0.0,0,1,11,3,49256.65,49256.65,680.5166666666667,7,{},deviant
111654,Homologacion por grupo de cursos,2016-03-02 02:17:20,2016-03-06 09:06:50,2016-03-06 13:19:40,308,108,0.5632560483870968,0,4,9,3,49122.96666666667,6218.033333333334,546.8333333333334,7,{},deviant
115309,Validar solicitud,2016-03-06 00:46:02,2016-03-06 14:02:31,2016-03-06 14:02:31,19019,102,0.24168346774193547,0,3,14,3,49418.65,796.6166666666667,842.5166666666667,7,{},deviant
115552,Radicar Solicitud Homologacion,2016-03-06 11:20:31,2016-03-06 17:25:31,2016-03-06 17:25:31,11197,104,0.10231854838709678,0,2,17,3,49621.65,365.0,1045.5166666666667,7,{},deviant
111655,Revisar curso,2016-03-02 02:39:14,2016-03-06 17:35:57,2016-03-06 17:40:33,49,108,0.04788306451612903,0,4,17,3,49632.083333333336,6714.916666666667,1055.95,7,{},deviant
115554,Traer informacion estudiante - banner,2016-03-06 18:21:37,2016-03-06 18:21:37,2016-03-06 18:21:37,8856,104,0.0,0,1,18,3,49677.75,49677.75,1101.6166666666666,7,{},deviant
115558,Traer informacion estudiante - banner,2016-03-06 20:03:41,2016-03-06 20:03:41,2016-03-06 20:03:41,7143,105,0.0,0,1,20,3,49779.816666666666,49779.816666666666,1203.6833333333334,7,{},deviant
111501,Notificacion estudiante cancelacion soli,2016-03-01 14:35:26,2016-03-06 20:44:18,2016-03-06 20:44:18,677,101,0.0,0,4,20,3,49820.433333333334,7568.866666666667,1244.3,7,{},deviant
115701,Traer informacion estudiante - banner,2016-03-06 21:17:25,2016-03-06 21:17:25,2016-03-06 21:17:25,2981,105,0.0,0,1,21,3,49853.55,49853.55,1277.4166666666667,7,{},deviant
105506,Homologacion por grupo de cursos,2016-02-29 05:55:19,2016-03-06 20:12:50,2016-03-06 21:22:39,1007,96,0.5632560483870968,0,6,20,3,49788.96666666667,9561.516666666666,1212.8333333333333,7,{},regular
44_CF,Homologacion por grupo de cursos,2016-02-29 04:09:54,2016-03-06 21:22:39,2016-03-06 21:22:58,1007,95,0.5632560483870968,0,6,21,3,49850.333333333336,9668.133333333333,1274.2,7,{},regular
115851,Traer informacion estudiante - banner,2016-03-06 21:34:29,2016-03-06 21:34:29,2016-03-06 21:34:29,11515,106,0.0,0,1,21,3,49870.61666666667,49870.61666666667,1294.4833333333333,7,{},deviant
115252,Validar solicitud,2016-03-05 10:04:35,2016-03-06 21:25:47,2016-03-06 21:42:35,1707,101,0.24168346774193547,0,3,21,3,49861.916666666664,2121.383333333333,1285.7833333333333,7,{},deviant
115801,Traer informacion estudiante - banner,2016-03-06 22:49:59,2016-03-06 22:49:59,2016-03-06 22:49:59,15315,107,0.0,0,1,22,3,49946.11666666667,49946.11666666667,1369.9833333333333,7,{},deviant
115554,Radicar Solicitud Homologacion,2016-03-06 18:21:37,2016-03-06 23:27:51,2016-03-06 23:27:51,8856,104,0.10231854838709678,0,2,23,3,49983.98333333333,306.23333333333335,1407.85,7,{},deviant
108851,Notificacion estudiante cancelacion soli,2016-02-25 07:31:08,2016-03-07 01:08:22,2016-03-07 01:08:22,22475,97,0.0,0,4,1,3,50084.5,15457.233333333334,68.36666666666666,1,{},deviant
115558,Radicar Solicitud Homologacion,2016-03-06 20:03:41,2016-03-07 01:14:16,2016-03-07 01:16:08,7143,105,0.10231854838709678,0,2,1,3,50090.4,310.5833333333333,74.26666666666667,1,{},deviant
116051,Traer informacion estudiante - banner,2016-03-07 01:51:56,2016-03-07 01:51:56,2016-03-07 01:51:56,19019,107,0.0,0,1,1,3,50128.066666666666,50128.066666666666,111.93333333333334,1,{},deviant
108751,Homologacion por grupo de cursos,2016-02-28 17:43:59,2016-03-07 02:30:07,2016-03-07 02:30:29,12548,94,0.5632560483870968,0,5,2,3,50166.25,10606.133333333333,150.11666666666667,1,{},regular
116051,Radicar Solicitud Homologacion,2016-03-07 01:51:56,2016-03-07 02:45:09,2016-03-07 02:45:09,19019,107,0.10231854838709678,0,2,2,3,50181.28333333333,53.21666666666667,165.15,1,{},deviant
115851,Radicar Solicitud Homologacion,2016-03-06 21:34:29,2016-03-07 02:54:26,2016-03-07 02:54:26,11515,106,0.10231854838709678,0,2,2,3,50190.566666666666,319.95,174.43333333333334,1,{},deviant
115951,Traer informacion estudiante - banner,2016-03-07 03:09:37,2016-03-07 03:09:37,2016-03-07 03:09:37,8022,108,0.0,0,1,3,3,50205.75,50205.75,189.61666666666667,1,{},deviant
115701,Radicar Solicitud Homologacion,2016-03-06 21:17:25,2016-03-07 03:27:27,2016-03-07 03:27:27,2981,105,0.10231854838709678,0,2,3,3,50223.583333333336,370.03333333333336,207.45,1,{},deviant
115003,Homologacion por grupo de cursos,2016-03-05 02:41:12,2016-03-07 02:47:19,2016-03-07 03:51:29,18929,104,0.5632560483870968,0,4,2,3,50183.45,2948.4166666666665,167.31666666666666,1,{},deviant
116201,Traer informacion estudiante - banner,2016-03-07 03:59:26,2016-03-07 03:59:26,2016-03-07 03:59:26,3003,108,0.0,0,1,3,3,50255.566666666666,50255.566666666666,239.43333333333334,1,{},deviant
115951,Radicar Solicitud Homologacion,2016-03-07 03:09:37,2016-03-07 04:02:40,2016-03-07 04:02:40,8022,108,0.10231854838709678,0,2,4,3,50258.8,53.05,242.66666666666666,1,{},deviant
115801,Radicar Solicitud Homologacion,2016-03-06 22:49:59,2016-03-07 04:09:23,2016-03-07 04:09:23,15315,107,0.10231854838709678,0,2,4,3,50265.51666666667,319.4,249.38333333333333,1,{},deviant
114501,Cancelar Solicitud,2016-03-04 04:29:28,2016-03-07 04:19:37,2016-03-07 04:28:04,22404,108,0.26537298387096775,0,3,4,3,50275.75,4312.133333333333,259.6166666666667,1,{},deviant
113953,Notificacion estudiante cancelacion soli,2016-03-04 03:49:19,2016-03-07 04:30:36,2016-03-07 04:30:36,677,110,0.0,0,4,4,3,50286.73333333333,4362.5,270.6,1,{},deviant
116301,Traer informacion estudiante - banner,2016-03-07 04:59:14,2016-03-07 04:59:14,2016-03-07 04:59:14,19019,108,0.0,0,1,4,3,50315.36666666667,50315.36666666667,299.23333333333335,1,{},deviant
116301,Radicar Solicitud Homologacion,2016-03-07 04:59:14,2016-03-07 05:02:29,2016-03-07 05:02:29,19019,108,0.10231854838709678,0,2,5,3,50318.61666666667,3.25,302.48333333333335,1,{},deviant
116201,Radicar Solicitud Homologacion,2016-03-07 03:59:26,2016-03-07 04:52:57,2016-03-07 05:18:39,22491,108,0.10231854838709678,0,2,4,3,50309.083333333336,53.516666666666666,292.95,1,{},deviant
116302,Traer informacion estudiante - banner,2016-03-07 06:13:16,2016-03-07 06:13:16,2016-03-07 06:13:16,11858,109,0.0,0,1,6,3,50389.4,50389.4,373.26666666666665,1,{},deviant
101801,Notificacion estudiante cancelacion soli,2016-02-18 16:46:15,2016-03-07 06:28:21,2016-03-07 06:28:21,9335,87,0.0,0,5,6,3,50404.48333333333,25613.75,388.35,1,{},deviant
116303,Traer informacion estudiante - banner,2016-03-07 06:31:44,2016-03-07 06:31:44,2016-03-07 06:31:44,11858,109,0.0,0,1,6,3,50407.86666666667,50407.86666666667,391.73333333333335,1,{},deviant
116302,Radicar Solicitud Homologacion,2016-03-07 06:13:16,2016-03-07 07:06:37,2016-03-07 07:06:43,11858,109,0.10231854838709678,0,2,7,3,50442.75,53.35,426.6166666666667,1,{},deviant
116303,Radicar Solicitud Homologacion,2016-03-07 06:31:44,2016-03-07 07:24:47,2016-03-07 07:24:51,11858,109,0.10231854838709678,0,2,7,3,50460.916666666664,53.05,444.78333333333336,1,{},deviant
115951,Validar solicitud,2016-03-07 04:02:40,2016-03-07 06:23:35,2016-03-07 07:32:12,677,108,0.24168346774193547,0,3,6,3,50399.71666666667,140.91666666666666,383.5833333333333,1,{},deviant
116301,Validar solicitud,2016-03-07 05:02:29,2016-03-07 05:27:12,2016-03-07 07:37:55,19019,108,0.24168346774193547,0,3,5,3,50343.333333333336,24.716666666666665,327.2,1,{},deviant
116201,Validar solicitud,2016-03-07 05:18:39,2016-03-07 07:41:55,2016-03-07 08:14:36,677,108,0.24168346774193547,0,3,7,3,50478.05,168.96666666666667,461.9166666666667,1,{},deviant
115253,Validar solicitud,2016-03-05 18:28:02,2016-03-07 07:58:39,2016-03-07 08:15:17,1707,100,0.24168346774193547,0,3,7,3,50494.78333333333,2250.8,478.65,1,{},deviant
116051,Cancelar Solicitud,2016-03-07 02:45:09,2016-03-07 07:37:55,2016-03-07 09:25:25,19019,107,0.26537298387096775,0,3,7,3,50470.15,288.8666666666667,454.01666666666665,1,{},deviant
116303,Validar solicitud,2016-03-07 07:24:51,2016-03-07 09:43:54,2016-03-07 09:46:03,1707,109,0.24168346774193547,0,3,9,3,50600.03333333333,139.11666666666667,583.9,1,{},deviant
116253,Traer informacion estudiante - banner,2016-03-07 10:01:21,2016-03-07 10:01:21,2016-03-07 10:01:21,6572,110,0.0,0,1,10,3,50617.48333333333,50617.48333333333,601.35,1,{},deviant
115254,Validar solicitud,2016-03-05 20:32:51,2016-03-07 10:03:28,2016-03-07 10:05:10,1707,100,0.24168346774193547,0,3,10,3,50619.6,2250.733333333333,603.4666666666667,1,{},deviant
115254,Homologacion por grupo de cursos,2016-03-07 10:05:10,2016-03-07 10:05:14,2016-03-07 10:06:03,15930,110,0.5632560483870968,0,4,10,3,50621.36666666667,1.7666666666666666,605.2333333333333,1,{},deviant
116253,Radicar Solicitud Homologacion,2016-03-07 10:01:21,2016-03-07 10:55:01,2016-03-07 10:55:07,6572,110,0.10231854838709678,0,2,10,3,50671.15,53.666666666666664,655.0166666666667,1,{},deviant
116254,Traer informacion estudiante - banner,2016-03-07 11:21:12,2016-03-07 11:21:12,2016-03-07 11:21:12,6572,110,0.0,0,1,11,3,50697.333333333336,50697.333333333336,681.2,1,{},deviant
116255,Traer informacion estudiante - banner,2016-03-07 11:47:03,2016-03-07 11:47:03,2016-03-07 11:47:03,6572,111,0.0,0,1,11,3,50723.183333333334,50723.183333333334,707.05,1,{},deviant
116302,Cancelar Solicitud,2016-03-07 07:06:43,2016-03-07 11:47:42,2016-03-07 11:55:36,1707,109,0.26537298387096775,0,3,11,3,50723.833333333336,281.0833333333333,707.7,1,{},deviant
115307,Validar solicitud,2016-03-05 21:52:37,2016-03-07 11:17:44,2016-03-07 12:05:21,22404,101,0.24168346774193547,0,3,11,3,50693.86666666667,2245.2166666666667,677.7333333333333,1,{},deviant
116254,Radicar Solicitud Homologacion,2016-03-07 11:21:12,2016-03-07 12:26:42,2016-03-07 12:26:46,6572,110,0.10231854838709678,0,2,12,3,50762.833333333336,65.5,746.7,1,{},deviant
116301,Homologacion por grupo de cursos,2016-03-07 07:37:55,2016-03-07 09:25:25,2016-03-07 12:41:52,19019,109,0.5632560483870968,1,4,8,3,50510.15,166.81666666666666,494.01666666666665,1,{},deviant
115054,Cancelar Solicitud,2016-03-05 03:17:06,2016-03-07 12:41:52,2016-03-07 12:45:29,19019,104,0.26537298387096775,0,3,11,3,50695.95,3362.7166666666667,679.8166666666667,1,{},deviant
111454,Revisar curso,2016-03-01 07:47:35,2016-03-07 12:45:29,2016-03-07 12:45:29,19019,98,0.04788306451612903,0,4,11,3,50704.51666666667,8864.8,688.3833333333333,1,{},regular
115055,Cancelar Solicitud,2016-03-05 03:48:21,2016-03-07 12:45:29,2016-03-07 12:47:19,19019,105,0.26537298387096775,0,3,11,3,50720.833333333336,3356.35,704.7,1,{},deviant
116255,Radicar Solicitud Homologacion,2016-03-07 11:47:03,2016-03-07 12:52:55,2016-03-07 12:52:58,6572,111,0.10231854838709678,0,2,12,3,50789.05,65.86666666666666,772.9166666666666,1,{},deviant
115951,Homologacion por grupo de cursos,2016-03-07 07:32:12,2016-03-07 10:48:08,2016-03-07 12:56:43,3445,109,0.5632560483870968,0,4,10,3,50664.26666666667,264.55,648.1333333333333,1,{},deviant
115308,Validar solicitud,2016-03-05 22:22:13,2016-03-07 11:52:50,2016-03-07 13:01:13,920,100,0.24168346774193547,0,3,11,3,50728.96666666667,2250.8333333333335,712.8333333333334,1,{},deviant
116303,Homologacion por grupo de cursos,2016-03-07 09:46:03,2016-03-07 13:00:32,2016-03-07 13:21:07,15930,109,0.5632560483870968,0,4,13,3,50796.666666666664,196.63333333333333,780.5333333333333,1,{},deviant
116304,Traer informacion estudiante - banner,2016-03-07 13:23:08,2016-03-07 13:23:08,2016-03-07 13:23:08,7137,109,0.0,0,1,13,3,50819.26666666667,50819.26666666667,803.1333333333333,1,{},deviant
116201,Homologacion por grupo de cursos,2016-03-07 08:14:36,2016-03-07 12:56:43,2016-03-07 13:29:28,3445,109,0.5632560483870968,0,4,11,3,50707.916666666664,229.86666666666667,691.7833333333333,1,{},deviant
116305,Traer informacion estudiante - banner,2016-03-07 13:34:49,2016-03-07 13:34:49,2016-03-07 13:34:49,9187,109,0.0,0,1,13,3,50830.95,50830.95,814.8166666666667,1,{},deviant
115061,Cancelar Solicitud,2016-03-05 05:18:05,2016-03-07 14:33:19,2016-03-07 14:34:25,1707,105,0.26537298387096775,0,3,14,3,50889.45,3451.233333333333,873.3166666666667,1,{},deviant
114952,Homologacion por grupo de cursos,2016-03-05 09:22:02,2016-03-07 12:04:47,2016-03-07 14:39:09,957,102,0.5632560483870968,0,4,12,3,50740.916666666664,3080.6,724.7833333333333,1,{},deviant
116304,Radicar Solicitud Homologacion,2016-03-07 13:23:08,2016-03-07 14:39:37,2016-03-07 14:40:11,7137,109,0.10231854838709678,0,2,14,3,50895.75,76.48333333333333,879.6166666666667,1,{},deviant
116305,Radicar Solicitud Homologacion,2016-03-07 13:34:49,2016-03-07 14:40:48,2016-03-07 14:40:48,9187,109,0.10231854838709678,0,2,14,3,50896.933333333334,65.98333333333333,880.8,1,{},deviant
116307,Traer informacion estudiante - banner,2016-03-07 14:54:21,2016-03-07 14:54:21,2016-03-07 14:54:21,9187,109,0.0,0,1,14,3,50910.48333333333,50910.48333333333,894.35,1,{},deviant
115307,Homologacion por grupo de cursos,2016-03-07 12:05:21,2016-03-07 14:39:10,2016-03-07 15:21:54,22404,111,0.5632560483870968,0,4,14,3,50895.3,201.43333333333334,879.1666666666666,1,{},deviant
116307,Radicar Solicitud Homologacion,2016-03-07 14:54:21,2016-03-07 15:47:42,2016-03-07 15:47:42,9187,109,0.10231854838709678,0,2,15,3,50963.833333333336,53.35,947.7,1,{},deviant
116254,Validar solicitud,2016-03-07 12:26:46,2016-03-07 16:11:26,2016-03-07 16:11:57,1707,111,0.24168346774193547,0,3,16,3,50987.566666666666,224.73333333333332,971.4333333333333,1,{},deviant
116253,Cancelar Solicitud,2016-03-07 10:55:07,2016-03-07 16:18:24,2016-03-07 16:18:26,6572,109,0.26537298387096775,0,3,16,3,50994.53333333333,323.3833333333333,978.4,1,{},deviant
116255,Validar solicitud,2016-03-07 12:52:58,2016-03-07 16:40:23,2016-03-07 16:40:48,1707,110,0.24168346774193547,0,3,16,3,51016.51666666667,227.46666666666667,1000.3833333333333,1,{},deviant
115202,Cancelar Solicitud,2016-03-05 07:12:20,2016-03-07 16:34:02,2016-03-07 16:48:23,22404,104,0.26537298387096775,0,3,16,3,51010.166666666664,3495.3333333333335,994.0333333333333,1,{},deviant
116308,Traer informacion estudiante - banner,2016-03-07 17:07:42,2016-03-07 17:07:42,2016-03-07 17:07:42,9187,109,0.0,0,1,17,3,51043.833333333336,51043.833333333336,1027.7,1,{},deviant
112311,Revisar curso,2016-03-04 15:18:01,2016-03-07 17:34:24,2016-03-07 17:34:24,19019,110,0.04788306451612903,2,4,17,3,51070.53333333333,4741.45,1054.4,1,{},regular
116308,Radicar Solicitud Homologacion,2016-03-07 17:07:42,2016-03-07 18:01:31,2016-03-07 18:01:31,9187,109,0.10231854838709678,0,2,18,3,51097.65,53.81666666666667,1081.5166666666667,1,{},deviant
116309,Traer informacion estudiante - banner,2016-03-07 18:11:51,2016-03-07 18:11:51,2016-03-07 18:11:51,2045,110,0.0,0,1,18,3,51107.98333333333,51107.98333333333,1091.85,1,{},deviant
108452,Cancelar Solicitud,2016-02-26 16:11:19,2016-03-07 17:50:14,2016-03-07 18:38:55,4126,93,0.26537298387096775,0,5,17,3,51086.36666666667,14498.916666666666,1070.2333333333333,1,{},regular
116264,Traer informacion estudiante - banner,2016-03-07 18:40:38,2016-03-07 18:40:38,2016-03-07 18:40:38,22529,111,0.0,0,1,18,3,51136.76666666667,51136.76666666667,1120.6333333333334,1,{},deviant
116309,Radicar Solicitud Homologacion,2016-03-07 18:11:51,2016-03-07 19:05:58,2016-03-07 19:05:58,2045,110,0.10231854838709678,0,2,19,3,51162.1,54.11666666666667,1145.9666666666667,1,{},deviant
19_CF,Transferir creditos homologables,2016-03-06 04:12:12,2016-03-07 19:19:18,2016-03-07 19:21:08,1007,104,0.0010080645161290322,0,8,19,3,51175.433333333334,2349.516666666667,1159.3,1,{},regular
116264,Radicar Solicitud Homologacion,2016-03-07 18:40:38,2016-03-07 19:35:04,2016-03-07 19:35:46,22529,111,0.10231854838709678,0,2,19,3,51191.2,54.43333333333333,1175.0666666666666,1,{},deviant
116312,Traer informacion estudiante - banner,2016-03-07 19:54:54,2016-03-07 19:54:54,2016-03-07 19:54:54,15315,111,0.0,0,1,19,3,51211.03333333333,51211.03333333333,1194.9,1,{},deviant
116304,Validar solicitud,2016-03-07 14:40:11,2016-03-07 18:42:07,2016-03-07 20:00:28,677,108,0.24168346774193547,0,3,18,3,51138.25,242.5,1122.1166666666666,1,{},deviant
108451,Cancelar curso,2016-02-28 13:51:14,2016-03-07 20:00:28,2016-03-07 20:00:28,677,92,0.0010080645161290322,0,5,19,3,51168.05,11840.683333333332,1151.9166666666667,1,{},deviant
116308,Validar solicitud,2016-03-07 18:01:31,2016-03-07 20:26:10,2016-03-07 20:31:19,1707,109,0.24168346774193547,0,3,20,3,51242.3,144.65,1226.1666666666667,1,{},deviant
116307,Cancelar Solicitud,2016-03-07 15:47:42,2016-03-07 20:35:05,2016-03-07 20:35:05,9187,108,0.26537298387096775,0,3,20,3,51251.21666666667,287.3833333333333,1235.0833333333333,1,{},deviant
24_CF,Transferir creditos homologables,2016-03-06 05:30:55,2016-03-07 20:39:12,2016-03-07 20:41:08,1007,104,0.0010080645161290322,0,8,20,3,51255.333333333336,2350.516666666667,1239.2,1,{},regular
116312,Radicar Solicitud Homologacion,2016-03-07 19:54:54,2016-03-07 21:00:46,2016-03-07 21:00:59,15315,111,0.10231854838709678,0,2,21,3,51276.9,65.86666666666666,1260.7666666666667,1,{},deviant
115006,Cancelar Solicitud,2016-03-04 21:03:04,2016-03-07 19:30:08,2016-03-07 21:13:27,18929,104,0.26537298387096775,0,3,19,3,51186.26666666667,4227.133333333333,1170.1333333333334,1,{},deviant
116309,Validar solicitud,2016-03-07 19:05:58,2016-03-07 21:31:17,2016-03-07 21:33:01,22475,111,0.24168346774193547,0,3,21,3,51307.416666666664,145.31666666666666,1291.2833333333333,1,{},deviant
116305,Cancelar Solicitud,2016-03-07 14:40:48,2016-03-07 21:29:48,2016-03-07 21:34:54,1707,108,0.26537298387096775,0,3,21,3,51305.933333333334,409.0,1289.8,1,{},deviant
115308,Homologacion por grupo de cursos,2016-03-07 13:01:13,2016-03-07 19:28:02,2016-03-07 22:12:08,26758,109,0.5632560483870968,0,4,19,3,51184.166666666664,455.2,1168.0333333333333,1,{},deviant
116264,Validar solicitud,2016-03-07 19:35:46,2016-03-07 22:15:59,2016-03-07 23:01:05,6767,110,0.24168346774193547,0,3,22,3,51352.11666666667,160.91666666666666,1335.9833333333333,1,{},deviant
116254,Homologacion por grupo de cursos,2016-03-07 16:11:57,2016-03-07 21:53:31,2016-03-07 23:14:01,15930,108,0.5632560483870968,0,4,21,3,51329.65,342.0833333333333,1313.5166666666667,1,{},deviant
112308,Notificacion estudiante cancelacion soli,2016-03-01 10:34:37,2016-03-08 00:11:36,2016-03-08 00:11:36,1378,99,0.0,0,4,0,3,51467.73333333333,9456.983333333334,11.6,2,{},deviant
116267,Traer informacion estudiante - banner,2016-03-08 00:19:07,2016-03-08 00:19:07,2016-03-08 00:19:07,22529,107,0.0,0,1,0,3,51475.25,51475.25,19.116666666666667,2,{},deviant
116352,Traer informacion estudiante - banner,2016-03-08 00:30:46,2016-03-08 00:30:46,2016-03-08 00:30:46,19811,108,0.0,0,1,0,3,51486.9,51486.9,30.766666666666666,2,{},deviant
116255,Homologacion por grupo de cursos,2016-03-07 16:40:48,2016-03-07 23:14:01,2016-03-08 00:34:27,15930,108,0.5632560483870968,0,4,22,3,51358.76666666667,342.25,1342.6333333333334,1,{},deviant
116308,Homologacion por grupo de cursos,2016-03-07 20:31:19,2016-03-08 00:34:27,2016-03-08 01:11:45,15930,110,0.5632560483870968,0,4,0,3,51468.11666666667,225.81666666666666,11.983333333333333,2,{},deviant
111551,Homologacion por grupo de cursos,2016-03-01 14:44:16,2016-03-07 23:37:03,2016-03-08 01:36:06,7177,101,0.5632560483870968,0,4,23,3,51433.183333333334,9200.9,1417.05,1,{},deviant
27_CF,Transferir creditos homologables,2016-03-05 23:34:27,2016-03-08 01:57:15,2016-03-08 01:59:22,1007,101,0.0010080645161290322,0,8,1,3,51573.38333333333,3024.266666666667,117.25,2,{},regular
116401,Traer informacion estudiante - banner,2016-03-08 02:12:21,2016-03-08 02:12:21,2016-03-08 02:12:21,10176,105,0.0,0,1,2,3,51588.48333333333,51588.48333333333,132.35,2,{},deviant
116304,Homologacion por grupo de cursos,2016-03-07 20:00:28,2016-03-08 02:16:24,2016-03-08 02:25:01,3445,111,0.5632560483870968,0,4,2,3,51592.53333333333,454.28333333333336,136.4,2,{},deviant
116309,Homologacion por grupo de cursos,2016-03-07 21:33:01,2016-03-08 01:14:23,2016-03-08 02:55:50,1343,109,0.5632560483870968,0,4,1,3,51530.51666666667,223.1,74.38333333333334,2,{},deviant
116264,Homologacion por grupo de cursos,2016-03-07 23:01:05,2016-03-08 03:16:33,2016-03-08 04:16:33,6954,108,0.5632560483870968,0,4,3,3,51652.683333333334,300.56666666666666,196.55,2,{},deviant
115005,Homologacion por grupo de cursos,2016-03-05 10:30:41,2016-03-08 03:06:54,2016-03-08 04:31:01,957,101,0.5632560483870968,0,4,3,3,51643.03333333333,3915.5333333333333,186.9,2,{},deviant
116312,Cancelar Solicitud,2016-03-07 21:00:59,2016-03-08 04:32:02,2016-03-08 04:41:33,6694,109,0.26537298387096775,0,3,4,3,51728.166666666664,451.26666666666665,272.03333333333336,2,{},deviant
116402,Notificacion estudiante cancelacion soli,2016-03-08 05:08:17,2016-03-08 05:08:17,2016-03-08 05:08:17,22475,102,0.0,0,1,5,3,51764.416666666664,51764.416666666664,308.28333333333336,2,{},deviant
116267,Radicar Solicitud Homologacion,2016-03-08 00:19:07,2016-03-08 05:26:13,2016-03-08 05:26:29,22529,107,0.10231854838709678,0,2,5,3,51782.35,307.1,326.21666666666664,2,{},deviant
116401,Radicar Solicitud Homologacion,2016-03-08 02:12:21,2016-03-08 05:35:18,2016-03-08 05:35:18,10176,105,0.10231854838709678,0,2,5,3,51791.433333333334,202.95,335.3,2,{},deviant
116352,Radicar Solicitud Homologacion,2016-03-08 00:30:46,2016-03-08 05:43:01,2016-03-08 05:43:01,19811,108,0.10231854838709678,0,2,5,3,51799.15,312.25,343.01666666666665,2,{},deviant
116455,Traer informacion estudiante - banner,2016-03-08 08:23:16,2016-03-08 08:23:16,2016-03-08 08:23:16,7573,103,0.0,0,1,8,3,51959.4,51959.4,503.26666666666665,2,{},deviant
116455,Radicar Solicitud Homologacion,2016-03-08 08:23:16,2016-03-08 10:25:34,2016-03-08 10:25:42,7573,103,0.10231854838709678,0,2,10,3,52081.7,122.3,625.5666666666667,2,{},deviant
110853,Revisar curso,2016-03-04 06:30:19,2016-03-08 11:06:17,2016-03-08 11:06:17,677,109,0.04788306451612903,0,5,11,3,52122.416666666664,6150.5,666.2833333333333,2,{},deviant
116456,Traer informacion estudiante - banner,2016-03-08 11:18:45,2016-03-08 11:18:45,2016-03-08 11:18:45,2735,104,0.0,0,1,11,3,52134.88333333333,52134.88333333333,678.75,2,{},deviant
116402,Traer informacion estudiante - banner,2016-03-08 05:08:17,2016-03-08 11:38:53,2016-03-08 11:38:53,10176,102,0.0,0,2,11,3,52155.01666666667,390.6,698.8833333333333,2,{},deviant
116411,Traer informacion estudiante - banner,2016-03-08 12:06:45,2016-03-08 12:06:45,2016-03-08 12:06:45,22940,105,0.0,0,1,12,3,52182.88333333333,52182.88333333333,726.75,2,{},deviant
108703,Notificacion estudiante cancelacion soli,2016-02-25 09:22:59,2016-03-08 12:09:55,2016-03-08 12:09:55,294,95,0.0,0,4,12,3,52186.05,17670.933333333334,729.9166666666666,2,{},deviant
115310,Validar solicitud,2016-03-06 05:05:44,2016-03-08 12:19:27,2016-03-08 12:19:27,19019,104,0.24168346774193547,0,3,12,3,52195.583333333336,3313.75,739.45,2,{},deviant
116457,Traer informacion estudiante - banner,2016-03-08 13:04:28,2016-03-08 13:04:28,2016-03-08 13:04:28,12532,105,0.0,0,1,13,3,52240.6,52240.6,784.4666666666667,2,{},deviant
116456,Radicar Solicitud Homologacion,2016-03-08 11:18:45,2016-03-08 13:23:28,2016-03-08 13:25:06,2735,104,0.10231854838709678,0,2,13,3,52259.6,124.71666666666667,803.4666666666667,2,{},deviant
116411,Radicar Solicitud Homologacion,2016-03-08 12:06:45,2016-03-08 14:13:55,2016-03-08 14:14:10,22940,105,0.10231854838709678,0,2,14,3,52310.05,127.16666666666667,853.9166666666666,2,{},deviant
116459,Traer informacion estudiante - banner,2016-03-08 14:58:33,2016-03-08 14:58:33,2016-03-08 14:58:33,10176,106,0.0,0,1,14,3,52354.683333333334,52354.683333333334,898.55,2,{},deviant
116457,Radicar Solicitud Homologacion,2016-03-08 13:04:28,2016-03-08 15:11:38,2016-03-08 15:11:41,12532,105,0.10231854838709678,0,2,15,3,52367.76666666667,127.16666666666667,911.6333333333333,2,{},deviant
115401,Validar solicitud,2016-03-06 07:36:46,2016-03-08 15:36:14,2016-03-08 15:36:14,22475,103,0.24168346774193547,0,3,15,3,52392.36666666667,3359.883333333333,936.2333333333333,2,{},deviant
116461,Traer informacion estudiante - banner,2016-03-08 15:47:38,2016-03-08 15:47:38,2016-03-08 15:47:38,10176,107,0.0,0,1,15,3,52403.76666666667,52403.76666666667,947.6333333333333,2,{},deviant
115558,Validar solicitud,2016-03-07 01:16:08,2016-03-08 16:19:02,2016-03-08 16:34:29,19019,106,0.24168346774193547,0,3,16,3,52435.166666666664,2344.766666666667,979.0333333333333,2,{},deviant
116463,Traer informacion estudiante - banner,2016-03-08 16:50:13,2016-03-08 16:50:13,2016-03-08 16:50:13,9761,108,0.0,0,1,16,3,52466.35,52466.35,1010.2166666666667,2,{},deviant
31_CF,Revisar curso,2016-03-01 17:46:16,2016-03-08 16:41:12,2016-03-08 17:37:36,7775,102,0.04788306451612903,0,4,16,3,52457.333333333336,10044.616666666667,1001.2,2,{},regular
116464,Traer informacion estudiante - banner,2016-03-08 17:54:09,2016-03-08 17:54:09,2016-03-08 17:54:09,11557,109,0.0,0,1,17,3,52530.28333333333,52530.28333333333,1074.15,2,{},deviant
111256,Cancelar Solicitud,2016-03-01 18:19:36,2016-03-08 18:15:48,2016-03-08 18:15:48,19019,102,0.26537298387096775,0,4,18,3,52551.933333333334,10076.25,1095.8,2,{},deviant
116459,Radicar Solicitud Homologacion,2016-03-08 14:58:33,2016-03-08 18:25:14,2016-03-08 18:25:14,10176,106,0.10231854838709678,0,2,18,3,52561.36666666667,206.68333333333334,1105.2333333333333,2,{},deviant
116051,Notificacion estudiante cancelacion soli,2016-03-07 09:25:25,2016-03-08 18:53:38,2016-03-08 18:53:38,19019,109,0.0,1,4,18,3,52589.76666666667,2119.616666666667,1133.6333333333334,2,{},deviant
116465,Traer informacion estudiante - banner,2016-03-08 19:00:13,2016-03-08 19:00:13,2016-03-08 19:00:13,8428,108,0.0,0,1,19,3,52596.35,52596.35,1140.2166666666667,2,{},deviant
116461,Radicar Solicitud Homologacion,2016-03-08 15:47:38,2016-03-08 19:18:06,2016-03-08 19:18:06,10176,107,0.10231854838709678,0,2,19,3,52614.23333333333,210.46666666666667,1158.1,2,{},deviant
114953,Homologacion por grupo de cursos,2016-03-05 18:07:41,2016-03-08 14:27:40,2016-03-08 19:38:28,15930,100,0.5632560483870968,0,4,14,3,52323.8,4105.416666666667,867.6666666666666,2,{},deviant
116501,Traer informacion estudiante - banner,2016-03-08 19:48:10,2016-03-08 19:48:10,2016-03-08 19:48:10,17379,108,0.0,0,1,19,3,52644.3,52644.3,1188.1666666666667,2,{},deviant
116463,Radicar Solicitud Homologacion,2016-03-08 16:50:13,2016-03-08 20:24:31,2016-03-08 20:24:52,9761,108,0.10231854838709678,0,2,20,3,52680.65,214.3,1224.5166666666667,2,{},deviant
116465,Radicar Solicitud Homologacion,2016-03-08 19:00:13,2016-03-08 20:26:54,2016-03-08 20:26:57,8428,108,0.10231854838709678,0,2,20,3,52683.03333333333,86.68333333333334,1226.9,2,{},deviant
116601,Traer informacion estudiante - banner,2016-03-08 20:59:09,2016-03-08 20:59:09,2016-03-08 20:59:09,19019,109,0.0,0,1,20,3,52715.28333333333,52715.28333333333,1259.15,2,{},deviant
116501,Radicar Solicitud Homologacion,2016-03-08 19:48:10,2016-03-08 21:14:51,2016-03-08 21:14:51,17379,108,0.10231854838709678,0,2,21,3,52730.98333333333,86.68333333333334,1274.85,2,{},deviant
116464,Radicar Solicitud Homologacion,2016-03-08 17:54:09,2016-03-08 21:32:20,2016-03-08 21:32:26,11557,109,0.10231854838709678,0,2,21,3,52748.46666666667,218.18333333333334,1292.3333333333333,2,{},deviant
112311,Evaluacion curso,2016-03-07 17:34:24,2016-03-08 20:53:09,2016-03-08 21:45:09,4067,109,0.07787298387096774,0,5,20,3,52709.28333333333,1638.75,1253.15,2,{},regular
108551,Evaluacion curso,2016-03-01 00:08:33,2016-03-08 18:40:00,2016-03-08 21:48:03,7331,97,0.07787298387096774,0,5,18,3,52576.13333333333,11191.45,1120.0,2,{},regular
116551,Traer informacion estudiante - banner,2016-03-08 21:51:12,2016-03-08 21:51:12,2016-03-08 21:51:12,5714,110,0.0,0,1,21,3,52767.333333333336,52767.333333333336,1311.2,2,{},deviant
116601,Radicar Solicitud Homologacion,2016-03-08 20:59:09,2016-03-08 21:50:35,2016-03-08 22:14:35,19019,109,0.10231854838709678,0,2,21,3,52766.71666666667,51.43333333333333,1310.5833333333333,2,{},deviant
116602,Traer informacion estudiante - banner,2016-03-08 22:37:55,2016-03-08 22:37:55,2016-03-08 22:37:55,19019,111,0.0,0,1,22,3,52814.05,52814.05,1357.9166666666667,2,{},deviant
116302,Notificacion estudiante cancelacion soli,2016-03-07 11:55:36,2016-03-08 22:48:04,2016-03-08 22:48:04,1707,111,0.0,0,4,22,3,52824.2,2100.366666666667,1368.0666666666666,2,{},deviant
114955,Homologacion por grupo de cursos,2016-03-05 20:12:43,2016-03-08 19:38:28,2016-03-08 23:18:28,15930,101,0.5632560483870968,0,4,18,3,52566.98333333333,4223.45,1110.85,2,{},deviant
116604,Traer informacion estudiante - banner,2016-03-08 23:53:50,2016-03-08 23:53:50,2016-03-08 23:53:50,22592,110,0.0,0,1,23,3,52889.96666666667,52889.96666666667,1433.8333333333333,2,{},deviant
115253,Cancelar Solicitud,2016-03-07 08:15:17,2016-03-09 00:17:29,2016-03-09 00:35:31,6572,109,0.26537298387096775,0,4,0,3,52913.61666666667,2418.8333333333335,17.483333333333334,3,{},deviant
116607,Traer informacion estudiante - banner,2016-03-09 00:46:25,2016-03-09 00:46:25,2016-03-09 00:46:25,4745,111,0.0,0,1,0,3,52942.55,52942.55,46.416666666666664,3,{},deviant
116607,Radicar Solicitud Homologacion,2016-03-09 00:46:25,2016-03-09 00:55:32,2016-03-09 00:57:48,4745,111,0.10231854838709678,0,2,0,3,52951.666666666664,9.116666666666667,55.53333333333333,3,{},deviant
116551,Radicar Solicitud Homologacion,2016-03-08 21:51:12,2016-03-09 01:21:34,2016-03-09 01:21:34,5714,110,0.10231854838709678,0,2,1,3,52977.7,210.36666666666667,81.56666666666666,3,{},deviant
116607,Validar solicitud,2016-03-09 00:57:48,2016-03-09 01:01:46,2016-03-09 01:50:37,677,111,0.24168346774193547,0,3,1,3,52957.9,6.233333333333333,61.766666666666666,3,{},deviant
116607,Homologacion por grupo de cursos,2016-03-09 01:50:37,2016-03-09 01:50:41,2016-03-09 01:50:42,677,111,0.5632560483870968,0,4,1,3,53006.816666666666,48.916666666666664,110.68333333333334,3,{},deviant
116604,Radicar Solicitud Homologacion,2016-03-08 23:53:50,2016-03-09 02:13:48,2016-03-09 02:14:04,22592,110,0.10231854838709678,0,2,2,3,53029.933333333334,139.96666666666667,133.8,3,{},deviant
116602,Radicar Solicitud Homologacion,2016-03-08 22:37:55,2016-03-09 02:24:02,2016-03-09 02:24:02,19019,111,0.10231854838709678,0,2,2,3,53040.166666666664,226.11666666666667,144.03333333333333,3,{},deviant
116801,Traer informacion estudiante - banner,2016-03-09 02:31:57,2016-03-09 02:31:57,2016-03-09 02:31:57,3695,111,0.0,0,1,2,3,53048.083333333336,53048.083333333336,151.95,3,{},deviant
116801,Radicar Solicitud Homologacion,2016-03-09 02:31:57,2016-03-09 02:41:04,2016-03-09 02:41:16,3695,111,0.10231854838709678,0,2,2,3,53057.2,9.116666666666667,161.06666666666666,3,{},deviant
116801,Validar solicitud,2016-03-09 02:41:16,2016-03-09 02:45:14,2016-03-09 02:50:59,49,111,0.24168346774193547,0,3,2,3,53061.36666666667,4.166666666666667,165.23333333333332,3,{},deviant
116801,Homologacion por grupo de cursos,2016-03-09 02:50:59,2016-03-09 02:51:03,2016-03-09 03:41:22,2541,111,0.5632560483870968,0,4,2,3,53067.183333333334,5.816666666666666,171.05,3,{},deviant
116901,Traer informacion estudiante - banner,2016-03-09 03:49:44,2016-03-09 03:49:44,2016-03-09 03:49:44,19019,111,0.0,0,1,3,3,53125.86666666667,53125.86666666667,229.73333333333332,3,{},deviant
116901,Radicar Solicitud Homologacion,2016-03-09 03:49:44,2016-03-09 03:58:51,2016-03-09 03:58:51,19019,111,0.10231854838709678,0,2,3,3,53134.98333333333,9.116666666666667,238.85,3,{},deviant
116905,Traer informacion estudiante - banner,2016-03-09 06:24:57,2016-03-09 06:24:57,2016-03-09 06:24:57,19019,112,0.0,0,1,6,3,53281.083333333336,53281.083333333336,384.95,3,{},deviant
116905,Radicar Solicitud Homologacion,2016-03-09 06:24:57,2016-03-09 06:32:42,2016-03-09 06:32:51,19019,112,0.10231854838709678,0,2,6,3,53288.833333333336,7.75,392.7,3,{},deviant
116905,Validar solicitud,2016-03-09 06:32:51,2016-03-09 06:32:55,2016-03-09 06:32:55,19019,112,0.24168346774193547,0,3,6,3,53289.05,0.21666666666666667,392.9166666666667,3,{},deviant
116901,Validar solicitud,2016-03-09 03:58:51,2016-03-09 04:02:49,2016-03-09 06:33:19,261,111,0.24168346774193547,0,3,4,3,53138.95,3.966666666666667,242.81666666666666,3,{},deviant
116901,Homologacion por grupo de cursos,2016-03-09 06:33:19,2016-03-09 06:33:23,2016-03-09 06:42:31,7355,112,0.5632560483870968,0,4,6,3,53289.51666666667,150.56666666666666,393.3833333333333,3,{},deviant
116253,Notificacion estudiante cancelacion soli,2016-03-07 16:18:26,2016-03-09 06:52:55,2016-03-09 06:52:55,6572,108,0.0,0,4,6,3,53309.05,2314.516666666667,412.9166666666667,3,{},deviant
116905,Homologacion por grupo de cursos,2016-03-09 06:32:55,2016-03-09 06:32:59,2016-03-09 07:12:43,1007,112,0.5632560483870968,0,4,6,3,53289.11666666667,0.06666666666666667,392.98333333333335,3,{},deviant
116906,Traer informacion estudiante - banner,2016-03-09 07:30:47,2016-03-09 07:30:47,2016-03-09 07:30:47,8416,110,0.0,0,1,7,3,53346.916666666664,53346.916666666664,450.78333333333336,3,{},deviant
116906,Radicar Solicitud Homologacion,2016-03-09 07:30:47,2016-03-09 07:40:37,2016-03-09 07:40:37,8416,110,0.10231854838709678,0,2,7,3,53356.75,9.833333333333334,460.6166666666667,3,{},deviant
116906,Validar solicitud,2016-03-09 07:40:37,2016-03-09 07:46:13,2016-03-09 08:29:02,677,110,0.24168346774193547,0,3,7,3,53362.35,5.6,466.21666666666664,3,{},deviant
116906,Homologacion por grupo de cursos,2016-03-09 08:29:02,2016-03-09 08:29:06,2016-03-09 08:29:07,677,110,0.5632560483870968,0,4,8,3,53405.23333333333,42.88333333333333,509.1,3,{},deviant
116307,Notificacion estudiante cancelacion soli,2016-03-07 20:35:05,2016-03-09 09:58:34,2016-03-09 09:58:34,9187,110,0.0,0,4,9,3,53494.7,2243.483333333333,598.5666666666667,3,{},deviant
116914,Cancelar Solicitud,2016-03-09 11:08:07,2016-03-09 11:08:07,2016-03-09 11:36:26,19019,109,0.26537298387096775,0,1,11,3,53564.25,53564.25,668.1166666666667,3,{},deviant
116910,Traer informacion estudiante - banner,2016-03-09 11:53:21,2016-03-09 11:53:21,2016-03-09 11:53:21,19019,110,0.0,0,1,11,3,53609.48333333333,53609.48333333333,713.35,3,{},deviant
116914,Traer informacion estudiante - banner,2016-03-09 11:36:26,2016-03-09 12:01:52,2016-03-09 12:01:52,19019,109,0.0,0,2,12,3,53618.0,53.75,721.8666666666667,3,{},deviant
116910,Radicar Solicitud Homologacion,2016-03-09 11:53:21,2016-03-09 12:03:11,2016-03-09 12:03:14,19019,110,0.10231854838709678,0,2,12,3,53619.316666666666,9.833333333333334,723.1833333333333,3,{},deviant
116910,Validar solicitud,2016-03-09 12:03:14,2016-03-09 12:08:50,2016-03-09 12:08:50,19019,110,0.24168346774193547,0,3,12,3,53624.96666666667,5.65,728.8333333333334,3,{},deviant
116910,Homologacion por grupo de cursos,2016-03-09 12:08:50,2016-03-09 12:08:54,2016-03-09 12:48:08,1007,110,0.5632560483870968,0,4,12,3,53625.03333333333,0.06666666666666667,728.9,3,{},deviant
116911,Traer informacion estudiante - banner,2016-03-09 12:59:51,2016-03-09 12:59:51,2016-03-09 12:59:51,19019,110,0.0,0,1,12,3,53675.98333333333,53675.98333333333,779.85,3,{},deviant
115552,Validar solicitud,2016-03-06 17:25:31,2016-03-09 13:02:47,2016-03-09 13:03:51,19019,103,0.24168346774193547,0,3,13,3,53678.916666666664,4057.266666666667,782.7833333333333,3,{},deviant
116911,Radicar Solicitud Homologacion,2016-03-09 12:59:51,2016-03-09 13:09:41,2016-03-09 14:14:25,19019,110,0.10231854838709678,0,2,13,3,53685.816666666666,9.833333333333334,789.6833333333333,3,{},deviant
116912,Traer informacion estudiante - banner,2016-03-09 14:19:25,2016-03-09 14:19:25,2016-03-09 14:19:25,19019,111,0.0,0,1,14,3,53755.55,53755.55,859.4166666666666,3,{},deviant
116912,Radicar Solicitud Homologacion,2016-03-09 14:19:25,2016-03-09 14:31:40,2016-03-09 14:31:43,19019,111,0.10231854838709678,0,2,14,3,53767.8,12.25,871.6666666666666,3,{},deviant
116914,Radicar Solicitud Homologacion,2016-03-09 12:01:52,2016-03-09 14:41:32,2016-03-09 14:41:32,19019,110,0.10231854838709678,0,3,14,3,53777.666666666664,159.66666666666666,881.5333333333333,3,{},deviant
116604,Validar solicitud,2016-03-09 02:14:04,2016-03-09 14:37:16,2016-03-09 14:41:33,261,110,0.24168346774193547,0,3,14,3,53773.4,743.4666666666667,877.2666666666667,3,{},deviant
116913,Traer informacion estudiante - banner,2016-03-09 14:52:32,2016-03-09 14:52:32,2016-03-09 14:52:32,19019,112,0.0,0,1,14,3,53788.666666666664,53788.666666666664,892.5333333333333,3,{},deviant
116913,Radicar Solicitud Homologacion,2016-03-09 14:52:32,2016-03-09 15:03:57,2016-03-09 15:03:59,19019,112,0.10231854838709678,0,2,15,3,53800.083333333336,11.416666666666666,903.95,3,{},deviant
115701,Radicar Solicitud Homologacion,2016-03-07 03:27:27,2016-03-09 14:30:18,2016-03-09 15:14:09,2981,108,0.10231854838709678,0,3,14,3,53766.433333333334,3542.85,870.3,3,{},deviant
116953,Traer informacion estudiante - banner,2016-03-09 15:23:56,2016-03-09 15:23:56,2016-03-09 15:23:56,19019,113,0.0,0,1,15,3,53820.066666666666,53820.066666666666,923.9333333333333,3,{},deviant
116912,Validar solicitud,2016-03-09 14:31:43,2016-03-09 15:31:48,2016-03-09 15:31:48,19019,111,0.24168346774193547,0,3,15,3,53827.933333333334,60.13333333333333,931.8,3,{},deviant
112311,Homologacion por grupo de cursos,2016-03-08 21:45:09,2016-03-09 13:34:02,2016-03-09 15:32:30,1007,109,0.5632560483870968,0,6,13,3,53710.166666666664,1000.8833333333333,814.0333333333333,3,{},regular
116953,Radicar Solicitud Homologacion,2016-03-09 15:23:56,2016-03-09 15:34:32,2016-03-09 15:34:46,19019,113,0.10231854838709678,0,2,15,3,53830.666666666664,10.6,934.5333333333333,3,{},deviant
116465,Validar solicitud,2016-03-08 20:26:57,2016-03-09 15:41:24,2016-03-09 15:45:58,19019,108,0.24168346774193547,0,3,15,3,53837.53333333333,1154.5,941.4,3,{},deviant
116913,Validar solicitud,2016-03-09 15:03:59,2016-03-09 16:02:37,2016-03-09 16:02:38,19019,112,0.24168346774193547,0,3,16,3,53858.75,58.666666666666664,962.6166666666667,3,{},deviant
116953,Validar solicitud,2016-03-09 15:34:46,2016-03-09 16:31:57,2016-03-09 16:38:39,22404,113,0.24168346774193547,0,3,16,3,53888.083333333336,57.416666666666664,991.95,3,{},deviant
116920,Traer informacion estudiante - banner,2016-03-09 16:41:24,2016-03-09 16:41:24,2016-03-09 16:41:24,7781,114,0.0,0,1,16,3,53897.53333333333,53897.53333333333,1001.4,3,{},deviant
116920,Radicar Solicitud Homologacion,2016-03-09 16:41:24,2016-03-09 16:51:11,2016-03-09 16:51:33,7781,114,0.10231854838709678,0,2,16,3,53907.316666666666,9.783333333333333,1011.1833333333333,3,{},deviant
115252,Cancelar Solicitud,2016-03-06 21:42:35,2016-03-09 16:36:51,2016-03-09 16:55:05,6572,106,0.26537298387096775,0,4,16,3,53892.98333333333,4031.0666666666666,996.85,3,{},deviant
50_CF,Notificacion estudiante cancelacion soli,2016-03-03 18:26:15,2016-03-09 16:58:55,2016-03-09 16:59:51,12532,111,0.0,0,8,16,3,53915.05,8554.833333333334,1018.9166666666666,3,{},regular
116925,Traer informacion estudiante - banner,2016-03-09 17:31:14,2016-03-09 17:31:14,2016-03-09 17:31:14,8774,114,0.0,0,1,17,3,53947.36666666667,53947.36666666667,1051.2333333333333,3,{},deviant
116925,Radicar Solicitud Homologacion,2016-03-09 17:31:14,2016-03-09 17:41:01,2016-03-09 17:42:24,8774,114,0.10231854838709678,0,2,17,3,53957.15,9.783333333333333,1061.0166666666667,3,{},deviant
116911,Cancelar Solicitud,2016-03-09 14:14:25,2016-03-09 17:50:24,2016-03-09 17:58:24,22404,110,0.26537298387096775,0,3,17,3,53966.53333333333,280.71666666666664,1070.4,3,{},deviant
105505,Evaluacion curso,2016-03-01 10:11:04,2016-03-09 17:59:36,2016-03-09 17:59:36,3445,99,0.07787298387096774,0,6,17,3,53975.73333333333,11988.533333333333,1079.6,3,{},regular
116926,Traer informacion estudiante - banner,2016-03-09 18:38:55,2016-03-09 18:38:55,2016-03-09 18:38:55,1378,115,0.0,0,1,18,3,54015.05,54015.05,1118.9166666666667,3,{},deviant
116551,Validar solicitud,2016-03-09 01:21:34,2016-03-09 18:42:38,2016-03-09 18:42:58,659,111,0.24168346774193547,0,3,18,3,54018.76666666667,1041.0666666666666,1122.6333333333334,3,{},deviant
116926,Radicar Solicitud Homologacion,2016-03-09 18:38:55,2016-03-09 18:47:20,2016-03-09 18:47:26,1378,115,0.10231854838709678,0,2,18,3,54023.46666666667,8.416666666666666,1127.3333333333333,3,{},deviant
116925,Validar solicitud,2016-03-09 17:42:24,2016-03-09 18:38:06,2016-03-09 19:15:12,677,114,0.24168346774193547,0,3,18,3,54014.23333333333,57.083333333333336,1118.1,3,{},deviant
116926,Validar solicitud,2016-03-09 18:47:26,2016-03-09 19:30:03,2016-03-09 19:36:51,19019,115,0.24168346774193547,0,3,19,3,54066.183333333334,42.71666666666667,1170.05,3,{},deviant
116927,Traer informacion estudiante - banner,2016-03-09 19:52:56,2016-03-09 19:52:56,2016-03-09 19:52:56,1378,116,0.0,0,1,19,3,54089.066666666666,54089.066666666666,1192.9333333333334,3,{},deviant
116912,Homologacion por grupo de cursos,2016-03-09 15:31:48,2016-03-09 15:32:30,2016-03-09 19:58:37,1007,113,0.5632560483870968,0,4,15,3,53828.0,0.06666666666666667,931.8666666666667,3,{},deviant
116927,Radicar Solicitud Homologacion,2016-03-09 19:52:56,2016-03-09 20:04:10,2016-03-09 20:04:14,1378,116,0.10231854838709678,0,2,20,3,54100.3,11.233333333333333,1204.1666666666667,3,{},deviant
116928,Traer informacion estudiante - banner,2016-03-09 21:00:31,2016-03-09 21:00:31,2016-03-09 21:00:31,1378,116,0.0,0,1,21,3,54156.65,54156.65,1260.5166666666667,3,{},deviant
116928,Radicar Solicitud Homologacion,2016-03-09 21:00:31,2016-03-09 21:11:45,2016-03-09 21:11:47,1378,116,0.10231854838709678,0,2,21,3,54167.88333333333,11.233333333333333,1271.75,3,{},deviant
116925,Homologacion por grupo de cursos,2016-03-09 19:15:12,2016-03-09 19:15:16,2016-03-09 21:23:23,3445,115,0.5632560483870968,0,4,19,3,54051.4,37.166666666666664,1155.2666666666667,3,{},deviant
117053,Traer informacion estudiante - banner,2016-03-09 21:37:00,2016-03-09 21:37:00,2016-03-09 21:37:00,9890,116,0.0,0,1,21,3,54193.13333333333,54193.13333333333,1297.0,3,{},deviant
117053,Radicar Solicitud Homologacion,2016-03-09 21:37:00,2016-03-09 21:45:10,2016-03-09 21:45:10,9890,116,0.10231854838709678,0,2,21,3,54201.3,8.166666666666666,1305.1666666666667,3,{},deviant
116913,Homologacion por grupo de cursos,2016-03-09 16:02:38,2016-03-09 19:58:37,2016-03-09 21:55:21,1007,113,0.5632560483870968,0,4,16,3,53858.833333333336,0.08333333333333333,962.7,3,{},deviant
116926,Homologacion por grupo de cursos,2016-03-09 19:36:51,2016-03-09 21:55:21,2016-03-09 22:23:47,1007,115,0.5632560483870968,1,4,19,3,54073.05,6.866666666666666,1176.9166666666667,3,{},deviant
117053,Validar solicitud,2016-03-09 21:45:10,2016-03-09 22:37:53,2016-03-09 22:41:09,22404,116,0.24168346774193547,0,3,22,3,54254.01666666667,52.71666666666667,1357.8833333333334,3,{},deviant
116927,Validar solicitud,2016-03-09 20:04:14,2016-03-09 22:23:21,2016-03-09 23:01:08,677,115,0.24168346774193547,0,3,22,3,54239.48333333333,139.18333333333334,1343.35,3,{},deviant
115851,Cancelar Solicitud,2016-03-07 02:54:26,2016-03-09 23:06:07,2016-03-09 23:07:17,1707,107,0.26537298387096775,0,3,23,3,54282.25,4091.6833333333334,1386.1166666666666,3,{},deviant
116927,Homologacion por grupo de cursos,2016-03-09 23:01:08,2016-03-09 23:01:12,2016-03-09 23:07:35,3445,114,0.5632560483870968,0,4,23,3,54277.333333333336,37.85,1381.2,3,{},deviant
117151,Traer informacion estudiante - banner,2016-03-09 23:09:28,2016-03-09 23:09:28,2016-03-09 23:09:28,11387,114,0.0,0,1,23,3,54285.6,54285.6,1389.4666666666667,3,{},deviant
117151,Radicar Solicitud Homologacion,2016-03-09 23:09:28,2016-03-09 23:15:52,2016-03-09 23:15:52,11387,114,0.10231854838709678,0,2,23,3,54292.0,6.4,1395.8666666666666,3,{},deviant
112311,Validacion final,2016-03-09 15:32:30,2016-03-09 23:12:02,2016-03-09 23:23:30,19019,113,0.010080645161290322,0,7,23,3,54288.166666666664,578.0,1392.0333333333333,3,{},regular
115311,Cancelar Solicitud,2016-03-06 06:09:51,2016-03-09 23:26:17,2016-03-09 23:26:17,19019,104,0.26537298387096775,0,3,23,3,54302.416666666664,5356.433333333333,1406.2833333333333,3,{},deviant
116920,Cancelar Solicitud,2016-03-09 16:51:33,2016-03-09 23:40:39,2016-03-09 23:40:42,7781,114,0.26537298387096775,0,3,23,3,54316.78333333333,409.46666666666664,1420.65,3,{},deviant
116928,Validar solicitud,2016-03-09 21:11:47,2016-03-09 23:29:53,2016-03-10 00:07:42,677,116,0.24168346774193547,0,3,23,3,54306.01666666667,138.13333333333333,1409.8833333333334,3,{},deviant
116928,Homologacion por grupo de cursos,2016-03-10 00:07:42,2016-03-10 00:07:46,2016-03-10 00:14:03,3445,114,0.5632560483870968,0,4,0,3,54343.9,37.88333333333333,7.766666666666667,4,{},deviant
110854,Revisar curso,2016-03-04 23:34:28,2016-03-10 00:14:55,2016-03-10 00:14:55,677,105,0.04788306451612903,0,5,0,3,54351.05,7354.983333333334,14.916666666666666,4,{},deviant
116456,Validar solicitud,2016-03-08 13:25:06,2016-03-10 00:14:30,2016-03-10 00:14:56,2292,105,0.24168346774193547,0,3,0,3,54350.63333333333,2091.0333333333333,14.5,4,{},deviant
117053,Homologacion por grupo de cursos,2016-03-09 22:41:09,2016-03-09 22:41:13,2016-03-10 00:27:41,22404,114,0.5632560483870968,0,4,22,3,54257.35,3.3333333333333335,1361.2166666666667,3,{},deviant
117253,Traer informacion estudiante - banner,2016-03-10 01:21:11,2016-03-10 01:21:11,2016-03-10 01:21:11,6723,113,0.0,0,1,1,3,54417.316666666666,54417.316666666666,81.18333333333334,4,{},deviant
116305,Notificacion estudiante cancelacion soli,2016-03-07 21:34:54,2016-03-10 01:25:25,2016-03-10 01:25:25,1707,109,0.0,0,4,1,3,54421.55,3115.616666666667,85.41666666666667,4,{},deviant
117151,Cancelar Solicitud,2016-03-09 23:15:52,2016-03-10 01:28:32,2016-03-10 01:31:07,677,114,0.26537298387096775,0,3,1,3,54424.666666666664,132.66666666666666,88.53333333333333,4,{},deviant
117253,Radicar Solicitud Homologacion,2016-03-10 01:21:11,2016-03-10 02:28:35,2016-03-10 02:28:41,6723,113,0.10231854838709678,0,2,2,3,54484.71666666667,67.4,148.58333333333334,4,{},deviant
116411,Validar solicitud,2016-03-08 14:14:10,2016-03-10 01:24:36,2016-03-10 02:36:43,18929,105,0.24168346774193547,0,3,1,3,54420.73333333333,2110.6833333333334,84.6,4,{},deviant
112311,Visto Bueno Cierre Proceso,2016-03-09 23:23:30,2016-03-10 01:53:24,2016-03-10 02:48:24,1007,114,0.03276209677419355,0,8,1,3,54449.53333333333,161.36666666666667,113.4,4,{},regular
115801,Cancelar Solicitud,2016-03-07 04:09:23,2016-03-10 03:01:36,2016-03-10 03:01:36,6694,108,0.26537298387096775,0,3,3,3,54517.73333333333,4252.216666666666,181.6,4,{},deviant
117258,Traer informacion estudiante - banner,2016-03-10 03:16:24,2016-03-10 03:16:24,2016-03-10 03:16:24,8268,112,0.0,0,1,3,3,54532.53333333333,54532.53333333333,196.4,4,{},deviant
116464,Validar solicitud,2016-03-08 21:32:26,2016-03-10 02:49:39,2016-03-10 03:16:53,186,109,0.24168346774193547,0,3,2,3,54505.78333333333,1757.3166666666666,169.65,4,{},deviant
117263,Traer informacion estudiante - banner,2016-03-10 04:08:11,2016-03-10 04:08:11,2016-03-10 04:08:11,19019,113,0.0,0,1,4,3,54584.316666666666,54584.316666666666,248.18333333333334,4,{},deviant
117253,Validar solicitud,2016-03-10 02:28:41,2016-03-10 03:41:35,2016-03-10 04:16:10,677,112,0.24168346774193547,0,3,3,3,54557.71666666667,73.0,221.58333333333334,4,{},deviant
117258,Radicar Solicitud Homologacion,2016-03-10 03:16:24,2016-03-10 04:33:43,2016-03-10 04:55:36,8268,112,0.10231854838709678,0,2,4,3,54609.85,77.31666666666666,273.71666666666664,4,{},deviant
116604,Homologacion por grupo de cursos,2016-03-09 14:41:33,2016-03-10 02:21:05,2016-03-10 05:04:12,7355,111,0.5632560483870968,0,4,2,3,54477.21666666667,703.8166666666667,141.08333333333334,4,{},deviant
117263,Radicar Solicitud Homologacion,2016-03-10 04:08:11,2016-03-10 05:19:30,2016-03-10 05:27:04,19019,113,0.10231854838709678,0,2,5,3,54655.63333333333,71.31666666666666,319.5,4,{},deviant
101803,Validacion final,2016-03-01 01:36:10,2016-03-10 05:14:10,2016-03-10 05:34:10,677,98,0.010080645161290322,0,7,5,3,54650.3,13198.0,314.1666666666667,4,{},regular
117265,Traer informacion estudiante - banner,2016-03-10 06:06:17,2016-03-10 06:06:17,2016-03-10 06:06:17,19019,113,0.0,0,1,6,3,54702.416666666664,54702.416666666664,366.28333333333336,4,{},deviant
117253,Homologacion por grupo de cursos,2016-03-10 04:16:10,2016-03-10 06:28:40,2016-03-10 06:50:33,3445,113,0.5632560483870968,0,4,6,3,54724.8,167.08333333333334,388.6666666666667,4,{},deviant
115309,Cancelar Solicitud,2016-03-06 14:02:31,2016-03-10 06:55:10,2016-03-10 06:55:36,12532,103,0.26537298387096775,0,4,6,3,54751.3,5332.65,415.1666666666667,4,{},deviant
117258,Validar solicitud,2016-03-10 04:55:36,2016-03-10 07:12:37,2016-03-10 07:38:34,18929,113,0.24168346774193547,0,3,7,3,54768.75,158.9,432.6166666666667,4,{},deviant
117351,Traer informacion estudiante - banner,2016-03-10 07:55:37,2016-03-10 07:55:37,2016-03-10 07:55:37,23530,113,0.0,0,1,7,3,54811.75,54811.75,475.6166666666667,4,{},deviant
116602,Radicar Solicitud Homologacion,2016-03-09 02:24:02,2016-03-10 07:11:04,2016-03-10 08:48:39,19019,110,0.10231854838709678,0,3,7,3,54767.2,1727.0333333333333,431.06666666666666,4,{},deviant
117265,Radicar Solicitud Homologacion,2016-03-10 06:06:17,2016-03-10 08:48:39,2016-03-10 08:55:38,19019,113,0.10231854838709678,0,2,7,3,54769.816666666666,67.4,433.68333333333334,4,{},deviant
117351,Radicar Solicitud Homologacion,2016-03-10 07:55:37,2016-03-10 08:47:01,2016-03-10 08:59:01,23530,113,0.10231854838709678,0,2,8,3,54863.15,51.4,527.0166666666667,4,{},deviant
116457,Validar solicitud,2016-03-08 15:11:41,2016-03-10 08:55:38,2016-03-10 09:01:37,19019,106,0.24168346774193547,0,3,8,3,54861.85,2494.0833333333335,525.7166666666667,4,{},deviant
112601,Cancelar Solicitud,2016-03-04 02:03:59,2016-03-10 09:22:14,2016-03-10 09:22:14,22475,109,0.26537298387096775,0,4,9,3,54898.36666666667,9078.733333333334,562.2333333333333,4,{},deviant
117263,Validar solicitud,2016-03-10 05:27:04,2016-03-10 07:07:00,2016-03-10 09:29:25,261,112,0.24168346774193547,0,3,7,3,54763.13333333333,107.5,427.0,4,{},deviant
117351,Validar solicitud,2016-03-10 08:59:01,2016-03-10 09:13:31,2016-03-10 09:29:27,22404,113,0.24168346774193547,0,3,9,3,54889.65,26.5,553.5166666666667,4,{},deviant
117258,Homologacion por grupo de cursos,2016-03-10 07:38:34,2016-03-10 09:55:57,2016-03-10 09:55:57,18929,112,0.5632560483870968,0,4,9,3,54932.083333333336,163.33333333333334,595.95,4,{},deviant
116465,Homologacion por grupo de cursos,2016-03-09 15:45:58,2016-03-10 09:22:03,2016-03-10 10:10:23,1007,113,0.5632560483870968,0,4,9,3,54898.183333333334,1060.65,562.05,4,{},deviant
116953,Cancelar Solicitud,2016-03-09 16:38:39,2016-03-10 09:19:49,2016-03-10 10:36:47,19019,113,0.26537298387096775,0,4,9,3,54895.95,1007.8666666666667,559.8166666666667,4,{},deviant
117553,Cancelar Solicitud,2016-03-10 09:54:02,2016-03-10 10:36:47,2016-03-10 10:39:55,19019,113,0.26537298387096775,0,1,9,3,54930.166666666664,54930.166666666664,594.0333333333333,4,{},deviant
117351,Homologacion por grupo de cursos,2016-03-10 09:29:27,2016-03-10 09:44:01,2016-03-10 10:44:04,4560,112,0.5632560483870968,0,4,9,3,54920.15,30.5,584.0166666666667,4,{},deviant
117265,Validar solicitud,2016-03-10 08:55:38,2016-03-10 09:37:21,2016-03-10 11:56:04,261,113,0.24168346774193547,0,3,9,3,54913.48333333333,143.66666666666666,577.35,4,{},deviant
117806,Radicar Solicitud Homologacion,2016-03-10 12:33:14,2016-03-10 12:33:14,2016-03-10 12:33:14,19019,111,0.10231854838709678,0,1,12,3,55089.36666666667,55089.36666666667,753.2333333333333,4,{},deviant
117263,Homologacion por grupo de cursos,2016-03-10 09:29:25,2016-03-10 11:27:53,2016-03-10 12:45:43,308,112,0.5632560483870968,0,4,11,3,55024.01666666667,260.8833333333333,687.8833333333333,4,{},deviant
116551,Homologacion por grupo de cursos,2016-03-09 18:42:58,2016-03-10 10:07:53,2016-03-10 13:12:30,1422,115,0.5632560483870968,0,4,10,3,54944.01666666667,925.25,607.8833333333333,4,{},deviant
116461,Validar solicitud,2016-03-08 19:18:06,2016-03-10 13:24:46,2016-03-10 13:25:09,22475,108,0.24168346774193547,0,3,13,3,55140.9,2526.6666666666665,804.7666666666667,4,{},deviant
117265,Homologacion por grupo de cursos,2016-03-10 11:56:04,2016-03-10 13:26:54,2016-03-10 13:30:30,7355,110,0.5632560483870968,0,4,13,3,55143.03333333333,229.55,806.9,4,{},deviant
117553,Traer informacion estudiante - banner,2016-03-10 10:39:55,2016-03-10 13:45:51,2016-03-10 13:45:51,19019,111,0.0,0,2,13,3,55161.98333333333,231.81666666666666,825.85,4,{},deviant
117753,Traer informacion estudiante - banner,2016-03-10 14:05:29,2016-03-10 14:05:29,2016-03-10 14:05:29,19019,108,0.0,0,1,14,3,55181.61666666667,55181.61666666667,845.4833333333333,4,{},deviant
116463,Validar solicitud,2016-03-08 20:24:52,2016-03-10 14:53:26,2016-03-10 14:57:01,1707,108,0.24168346774193547,0,3,14,3,55229.566666666666,2548.9166666666665,893.4333333333333,4,{},deviant
117851,Traer informacion estudiante - banner,2016-03-10 14:58:30,2016-03-10 14:58:30,2016-03-10 14:58:30,23842,109,0.0,0,1,14,3,55234.63333333333,55234.63333333333,898.5,4,{},deviant
116914,Notificacion estudiante cancelacion soli,2016-03-09 14:41:32,2016-03-10 15:36:38,2016-03-10 15:36:38,19019,111,0.0,0,4,15,3,55272.76666666667,1495.1,936.6333333333333,4,{},deviant
0_CF,Homologacion por grupo de cursos,2016-02-27 19:23:32,2016-03-10 16:00:26,2016-03-10 16:03:43,1007,94,0.5632560483870968,0,6,16,3,55296.566666666666,17079.016666666666,960.4333333333333,4,{},regular
117951,Traer informacion estudiante - banner,2016-03-10 16:14:47,2016-03-10 16:14:47,2016-03-10 16:14:47,7717,109,0.0,0,1,16,3,55310.916666666664,55310.916666666664,974.7833333333333,4,{},deviant
116501,Cancelar Solicitud,2016-03-08 21:14:51,2016-03-10 15:30:28,2016-03-10 16:38:28,18929,109,0.26537298387096775,0,3,15,3,55266.6,2535.616666666667,930.4666666666667,4,{},deviant
117851,Radicar Solicitud Homologacion,2016-03-10 14:58:30,2016-03-10 16:28:21,2016-03-10 16:42:22,23842,109,0.10231854838709678,0,2,16,3,55324.48333333333,89.85,988.35,4,{},deviant
117753,Radicar Solicitud Homologacion,2016-03-10 14:05:29,2016-03-10 15:41:14,2016-03-10 16:43:54,19019,108,0.10231854838709678,0,2,15,3,55277.36666666667,95.75,941.2333333333333,4,{},deviant
117903,Traer informacion estudiante - banner,2016-03-10 16:44:13,2016-03-10 16:44:13,2016-03-10 16:44:13,3815,110,0.0,0,1,16,3,55340.35,55340.35,1004.2166666666667,4,{},deviant
115554,Cancelar Solicitud,2016-03-06 23:27:51,2016-03-10 17:40:31,2016-03-10 17:40:31,8856,107,0.26537298387096775,0,3,17,3,55396.65,5412.666666666667,1060.5166666666667,4,{},deviant
118151,Cancelar Solicitud,2016-03-10 17:40:15,2016-03-10 17:40:15,2016-03-10 17:52:03,677,111,0.26537298387096775,0,1,17,3,55396.38333333333,55396.38333333333,1060.25,4,{},deviant
117951,Radicar Solicitud Homologacion,2016-03-10 16:14:47,2016-03-10 17:26:48,2016-03-10 17:54:48,7717,109,0.10231854838709678,0,2,17,3,55382.933333333334,72.01666666666667,1046.8,4,{},deviant
117903,Radicar Solicitud Homologacion,2016-03-10 16:44:13,2016-03-10 17:58:12,2016-03-10 17:58:12,3815,110,0.10231854838709678,0,2,17,3,55414.333333333336,73.98333333333333,1078.2,4,{},deviant
117903,Validar solicitud,2016-03-10 17:58:12,2016-03-10 18:48:08,2016-03-10 19:05:27,677,111,0.24168346774193547,0,3,18,3,55464.26666666667,49.93333333333333,1128.1333333333334,4,{},deviant
117903,Homologacion por grupo de cursos,2016-03-10 19:05:27,2016-03-10 19:29:23,2016-03-10 19:29:23,677,111,0.5632560483870968,0,4,19,3,55505.51666666667,41.25,1169.3833333333334,4,{},deviant
118153,Traer informacion estudiante - banner,2016-03-10 19:43:03,2016-03-10 19:43:03,2016-03-10 19:43:03,6851,111,0.0,0,1,19,3,55519.183333333334,55519.183333333334,1183.05,4,{},deviant
116601,Cancelar Solicitud,2016-03-08 22:14:35,2016-03-10 16:43:54,2016-03-10 19:44:17,19019,110,0.26537298387096775,0,3,15,3,55295.95,2529.233333333333,959.8166666666667,4,{},deviant
118151,Traer informacion estudiante - banner,2016-03-10 17:52:03,2016-03-10 20:22:19,2016-03-10 20:22:19,3108,111,0.0,0,2,20,3,55558.45,162.06666666666666,1222.3166666666666,4,{},deviant
117851,Cancelar Solicitud,2016-03-10 16:42:22,2016-03-10 20:36:01,2016-03-10 20:36:59,7320,109,0.26537298387096775,0,3,20,3,55572.15,247.66666666666666,1236.0166666666667,4,{},deviant
118153,Radicar Solicitud Homologacion,2016-03-10 19:43:03,2016-03-10 20:51:37,2016-03-10 20:51:37,6851,111,0.10231854838709678,0,2,20,3,55587.75,68.56666666666666,1251.6166666666666,4,{},deviant
117753,Cancelar Solicitud,2016-03-10 16:43:54,2016-03-10 20:55:27,2016-03-10 20:55:38,22475,109,0.26537298387096775,0,3,20,3,55591.583333333336,314.21666666666664,1255.45,4,{},deviant
117951,Cancelar Solicitud,2016-03-10 17:54:48,2016-03-10 21:00:41,2016-03-10 21:02:23,22475,111,0.26537298387096775,0,3,21,3,55596.816666666666,213.88333333333333,1260.6833333333334,4,{},deviant
105651,Revisar curso,2016-02-25 13:53:21,2016-03-10 21:29:50,2016-03-10 21:29:50,7080,96,0.04788306451612903,0,5,21,3,55625.96666666667,20647.466666666667,1289.8333333333333,4,{},deviant
118153,Validar solicitud,2016-03-10 20:51:37,2016-03-10 21:44:33,2016-03-10 21:45:48,186,111,0.24168346774193547,0,3,21,3,55640.683333333334,52.93333333333333,1304.55,4,{},deviant
118251,Traer informacion estudiante - banner,2016-03-10 21:54:36,2016-03-10 21:54:36,2016-03-10 21:54:36,5858,112,0.0,0,1,21,3,55650.73333333333,55650.73333333333,1314.6,4,{},deviant
118202,Traer informacion estudiante - banner,2016-03-10 22:47:41,2016-03-10 22:47:41,2016-03-10 22:47:41,15315,113,0.0,0,1,22,3,55703.816666666666,55703.816666666666,1367.6833333333334,4,{},deviant
116267,Validar solicitud,2016-03-08 05:26:29,2016-03-10 22:03:38,2016-03-10 22:48:23,6767,102,0.24168346774193547,0,3,22,3,55659.76666666667,3877.4166666666665,1323.6333333333334,4,{},deviant
118251,Radicar Solicitud Homologacion,2016-03-10 21:54:36,2016-03-10 23:07:26,2016-03-10 23:09:51,5858,112,0.10231854838709678,0,2,23,3,55723.566666666666,72.83333333333333,1387.4333333333334,4,{},deviant
116352,Validar solicitud,2016-03-08 05:43:01,2016-03-10 22:47:08,2016-03-10 23:13:51,22404,102,0.24168346774193547,0,3,22,3,55703.26666666667,3904.116666666667,1367.1333333333334,4,{},deviant
118202,Radicar Solicitud Homologacion,2016-03-10 22:47:41,2016-03-10 23:30:32,2016-03-10 23:30:50,15315,113,0.10231854838709678,0,2,23,3,55746.666666666664,42.85,1410.5333333333333,4,{},deviant
118202,Validar solicitud,2016-03-10 23:30:50,2016-03-10 23:39:56,2016-03-10 23:40:21,6694,113,0.24168346774193547,0,3,23,3,55756.066666666666,9.4,1419.9333333333334,4,{},deviant
118251,Validar solicitud,2016-03-10 23:09:51,2016-03-10 23:50:31,2016-03-10 23:50:31,22475,113,0.24168346774193547,0,3,23,3,55766.65,43.083333333333336,1430.5166666666667,4,{},deviant
118203,Traer informacion estudiante - banner,2016-03-10 23:55:54,2016-03-10 23:55:54,2016-03-10 23:55:54,5858,114,0.0,0,1,23,3,55772.03333333333,55772.03333333333,1435.9,4,{},deviant
115253,Notificacion estudiante cancelacion soli,2016-03-09 00:35:31,2016-03-11 00:35:46,2016-03-11 00:35:46,6572,110,0.0,0,5,0,3,55811.9,2898.2833333333333,35.766666666666666,5,{},deviant
118203,Radicar Solicitud Homologacion,2016-03-10 23:55:54,2016-03-11 00:48:55,2016-03-11 00:49:12,5858,114,0.10231854838709678,0,2,0,3,55825.05,53.016666666666666,48.916666666666664,5,{},deviant
118151,Radicar Solicitud Homologacion,2016-03-10 20:22:19,2016-03-11 01:40:36,2016-03-11 01:40:36,3108,111,0.10231854838709678,0,3,1,3,55876.73333333333,318.28333333333336,100.6,5,{},deviant
118205,Traer informacion estudiante - banner,2016-03-11 01:54:12,2016-03-11 01:54:12,2016-03-11 01:54:12,19019,114,0.0,0,1,1,3,55890.333333333336,55890.333333333336,114.2,5,{},deviant
118205,Radicar Solicitud Homologacion,2016-03-11 01:54:12,2016-03-11 01:54:16,2016-03-11 01:54:21,19019,114,0.10231854838709678,0,2,1,3,55890.4,0.06666666666666667,114.26666666666667,5,{},deviant
117553,Radicar Solicitud Homologacion,2016-03-10 13:45:51,2016-03-11 02:00:08,2016-03-11 02:00:08,19019,107,0.10231854838709678,0,3,2,3,55896.26666666667,734.2833333333333,120.13333333333334,5,{},deviant
118153,Recepcion de documentos,2016-03-10 21:45:48,2016-03-10 22:39:42,2016-03-11 02:22:26,186,111,0.014868951612903226,0,4,22,3,55695.833333333336,55.15,1359.7,4,{},deviant
118203,Cancelar Solicitud,2016-03-11 00:49:12,2016-03-11 03:02:31,2016-03-11 03:02:46,22475,113,0.26537298387096775,0,3,3,3,55958.65,133.6,182.51666666666668,5,{},deviant
115202,Notificacion estudiante cancelacion soli,2016-03-07 16:48:23,2016-03-11 04:13:59,2016-03-11 04:13:59,22404,108,0.0,0,4,4,3,56030.11666666667,5019.95,253.98333333333332,5,{},deviant
118207,Traer informacion estudiante - banner,2016-03-11 04:18:47,2016-03-11 04:18:47,2016-03-11 04:18:47,9336,114,0.0,0,1,4,3,56034.916666666664,56034.916666666664,258.78333333333336,5,{},deviant
118207,Radicar Solicitud Homologacion,2016-03-11 04:18:47,2016-03-11 04:37:42,2016-03-11 04:37:49,9336,114,0.10231854838709678,0,2,4,3,56053.833333333336,18.916666666666668,277.7,5,{},deviant
116459,Validar solicitud,2016-03-08 18:25:14,2016-03-11 05:09:37,2016-03-11 05:09:56,22475,108,0.24168346774193547,0,3,5,3,56085.75,3524.383333333333,309.6166666666667,5,{},deviant
118153,Homologacion por grupo de cursos,2016-03-11 02:22:26,2016-03-11 02:22:30,2016-03-11 06:19:40,26788,114,0.5632560483870968,0,5,2,3,55918.63333333333,222.8,142.5,5,{},deviant
118205,Validar solicitud,2016-03-11 01:54:21,2016-03-11 05:21:20,2016-03-11 06:37:48,22534,114,0.24168346774193547,0,3,5,3,56097.46666666667,207.06666666666666,321.3333333333333,5,{},deviant
117151,Notificacion estudiante cancelacion soli,2016-03-10 01:31:07,2016-03-11 07:34:56,2016-03-11 07:34:56,677,112,0.0,0,4,7,3,56231.066666666666,1806.4,454.93333333333334,5,{},deviant
115054,Notificacion estudiante cancelacion soli,2016-03-07 12:45:29,2016-03-11 07:44:29,2016-03-11 07:44:29,19019,110,0.0,2,4,7,3,56240.61666666667,5544.666666666667,464.48333333333335,5,{},deviant
115055,Notificacion estudiante cancelacion soli,2016-03-07 12:47:19,2016-03-11 07:46:23,2016-03-11 07:46:23,19019,110,0.0,0,4,7,3,56242.51666666667,5521.683333333333,466.3833333333333,5,{},deviant
115061,Notificacion estudiante cancelacion soli,2016-03-07 14:34:25,2016-03-11 08:08:03,2016-03-11 08:08:03,1707,109,0.0,0,4,8,3,56264.183333333334,5374.733333333334,488.05,5,{},deviant
118209,Traer informacion estudiante - banner,2016-03-11 08:20:29,2016-03-11 08:20:29,2016-03-11 08:20:29,2465,110,0.0,0,1,8,3,56276.61666666667,56276.61666666667,500.48333333333335,5,{},deviant
118209,Radicar Solicitud Homologacion,2016-03-11 08:20:29,2016-03-11 08:44:40,2016-03-11 08:48:31,2465,110,0.10231854838709678,0,2,8,3,56300.8,24.183333333333334,524.6666666666666,5,{},deviant
118205,Homologacion por grupo de cursos,2016-03-11 06:37:48,2016-03-11 06:37:52,2016-03-11 09:36:15,7177,113,0.5632560483870968,0,4,6,3,56174.0,76.53333333333333,397.8666666666667,5,{},deviant
116911,Notificacion estudiante cancelacion soli,2016-03-09 17:58:24,2016-03-11 09:54:07,2016-03-11 09:54:07,22404,114,0.0,0,4,9,3,56370.25,2403.7166666666667,594.1166666666667,5,{},deviant
118251,Cancelar Solicitud,2016-03-10 23:50:31,2016-03-11 10:32:53,2016-03-11 10:45:40,5858,113,0.26537298387096775,0,4,10,3,56409.01666666667,642.3666666666667,632.8833333333333,5,{},deviant
118202,Cancelar Solicitud,2016-03-10 23:40:21,2016-03-11 09:05:17,2016-03-11 11:07:38,15315,113,0.26537298387096775,0,4,9,3,56321.416666666664,565.35,545.2833333333333,5,{},deviant
112501,Revisar curso,2016-03-05 05:35:54,2016-03-11 11:09:32,2016-03-11 11:12:25,7297,104,0.04788306451612903,0,4,11,3,56445.666666666664,8985.166666666666,669.5333333333333,5,{},regular
114552,Notificacion estudiante cancelacion soli,2016-03-05 07:51:48,2016-03-11 12:22:21,2016-03-11 12:22:21,6694,104,0.0,0,4,12,3,56518.48333333333,8914.55,742.35,5,{},deviant
114751,Notificacion estudiante cancelacion soli,2016-03-05 07:52:05,2016-03-11 12:26:08,2016-03-11 12:26:08,6572,104,0.0,0,4,12,3,56522.26666666667,8914.166666666666,746.1333333333333,5,{},deviant
116456,Homologacion por grupo de cursos,2016-03-10 00:14:56,2016-03-11 11:34:07,2016-03-11 12:42:25,7387,113,0.5632560483870968,0,4,11,3,56470.25,2119.616666666667,694.1166666666667,5,{},deviant
118253,Traer informacion estudiante - banner,2016-03-11 12:43:49,2016-03-11 12:43:49,2016-03-11 12:43:49,23842,106,0.0,0,1,12,3,56539.95,56539.95,763.8166666666667,5,{},deviant
118253,Radicar Solicitud Homologacion,2016-03-11 12:43:49,2016-03-11 12:53:35,2016-03-11 13:02:10,23842,106,0.10231854838709678,0,2,12,3,56549.71666666667,9.766666666666667,773.5833333333334,5,{},deviant
112312,Revisar curso,2016-03-05 05:42:36,2016-03-11 13:33:51,2016-03-11 13:33:51,19019,104,0.04788306451612903,0,4,13,3,56589.98333333333,9120.9,813.85,5,{},regular
116464,Homologacion por grupo de cursos,2016-03-10 03:16:53,2016-03-11 14:15:34,2016-03-11 15:07:34,6971,112,0.5632560483870968,0,4,14,3,56631.7,2125.9166666666665,855.5666666666667,5,{},deviant
118352,Traer informacion estudiante - banner,2016-03-11 16:03:22,2016-03-11 16:03:22,2016-03-11 16:03:22,11760,106,0.0,0,1,16,3,56739.5,56739.5,963.3666666666667,5,{},deviant
118207,Validar solicitud,2016-03-11 04:37:49,2016-03-11 16:28:16,2016-03-11 16:35:30,677,114,0.24168346774193547,0,3,16,3,56764.4,710.5666666666667,988.2666666666667,5,{},deviant
118402,Traer informacion estudiante - banner,2016-03-11 17:11:52,2016-03-11 17:11:52,2016-03-11 17:11:52,19019,107,0.0,0,1,17,3,56808.0,56808.0,1031.8666666666666,5,{},deviant
118403,Traer informacion estudiante - banner,2016-03-11 17:56:49,2016-03-11 17:56:49,2016-03-11 17:56:49,22950,108,0.0,0,1,17,3,56852.95,56852.95,1076.8166666666666,5,{},deviant
118253,Validar solicitud,2016-03-11 13:02:10,2016-03-11 17:41:10,2016-03-11 17:57:03,7320,106,0.24168346774193547,0,3,17,3,56837.3,287.5833333333333,1061.1666666666667,5,{},deviant
118403,Radicar Solicitud Homologacion,2016-03-11 17:56:49,2016-03-11 17:56:53,2016-03-11 18:24:53,22950,108,0.10231854838709678,0,2,17,3,56853.01666666667,0.06666666666666667,1076.8833333333334,5,{},deviant
118402,Radicar Solicitud Homologacion,2016-03-11 17:11:52,2016-03-11 17:20:12,2016-03-11 18:44:12,19019,107,0.10231854838709678,0,2,17,3,56816.333333333336,8.333333333333334,1040.2,5,{},deviant
115002,Notificacion estudiante cancelacion soli,2016-03-05 14:07:48,2016-03-11 19:14:09,2016-03-11 19:14:09,10280,100,0.0,0,4,19,3,56930.28333333333,8946.733333333334,1154.15,5,{},deviant
116920,Notificacion estudiante cancelacion soli,2016-03-09 23:40:42,2016-03-11 19:34:19,2016-03-11 19:34:19,7781,114,0.0,0,4,19,3,56950.45,2633.6666666666665,1174.3166666666666,5,{},deviant
118451,Traer informacion estudiante - banner,2016-03-11 19:38:41,2016-03-11 19:38:41,2016-03-11 19:38:41,3108,107,0.0,0,1,19,3,56954.816666666666,56954.816666666666,1178.6833333333334,5,{},deviant
118352,Radicar Solicitud Homologacion,2016-03-11 16:03:22,2016-03-11 16:13:08,2016-03-11 19:38:51,11760,106,0.10231854838709678,0,2,16,3,56749.26666666667,9.766666666666667,973.1333333333333,5,{},deviant
118253,Homologacion por grupo de cursos,2016-03-11 17:57:03,2016-03-11 18:21:49,2016-03-11 20:05:49,6952,108,0.5632560483870968,0,4,18,3,56877.95,40.65,1101.8166666666666,5,{},deviant
118451,Radicar Solicitud Homologacion,2016-03-11 19:38:41,2016-03-11 20:07:10,2016-03-11 20:07:32,3108,107,0.10231854838709678,0,2,20,3,56983.3,28.483333333333334,1207.1666666666667,5,{},deviant
118901,Cancelar Solicitud,2016-03-11 21:22:51,2016-03-11 21:22:51,2016-03-11 21:22:51,19019,107,0.26537298387096775,0,1,21,3,57058.98333333333,57058.98333333333,1282.85,5,{},deviant
119053,Traer informacion estudiante - banner,2016-03-11 22:19:16,2016-03-11 22:19:16,2016-03-11 22:19:16,19019,108,0.0,0,1,22,3,57115.4,57115.4,1339.2666666666667,5,{},deviant
119054,Traer informacion estudiante - banner,2016-03-11 22:59:59,2016-03-11 22:59:59,2016-03-11 22:59:59,7717,109,0.0,0,1,22,3,57156.11666666667,57156.11666666667,1379.9833333333333,5,{},deviant
119054,Radicar Solicitud Homologacion,2016-03-11 22:59:59,2016-03-11 23:00:03,2016-03-11 23:00:03,7717,109,0.10231854838709678,0,2,23,3,57156.183333333334,0.06666666666666667,1380.05,5,{},deviant
119053,Radicar Solicitud Homologacion,2016-03-11 22:19:16,2016-03-11 22:26:10,2016-03-11 23:35:07,19019,108,0.10231854838709678,0,2,22,3,57122.3,6.9,1346.1666666666667,5,{},deviant
119153,Traer informacion estudiante - banner,2016-03-11 23:48:52,2016-03-11 23:48:52,2016-03-11 23:48:52,19019,110,0.0,0,1,23,3,57205.0,57205.0,1428.8666666666666,5,{},deviant
116402,Radicar Solicitud Homologacion,2016-03-08 11:38:53,2016-03-12 00:16:21,2016-03-12 00:16:21,10176,104,0.10231854838709678,0,3,0,3,57232.48333333333,5077.466666666666,16.35,6,{},deviant
119153,Radicar Solicitud Homologacion,2016-03-11 23:48:52,2016-03-11 23:53:00,2016-03-12 01:18:32,19019,110,0.10231854838709678,0,2,23,3,57209.13333333333,4.133333333333334,1433.0,5,{},deviant
119451,Traer informacion estudiante - banner,2016-03-12 01:00:25,2016-03-12 01:18:32,2016-03-12 01:18:32,19019,111,0.0,0,1,1,3,57276.55,57276.55,60.416666666666664,6,{},deviant
119403,Traer informacion estudiante - banner,2016-03-12 01:44:58,2016-03-12 01:44:58,2016-03-12 01:44:58,22950,112,0.0,0,1,1,3,57321.1,57321.1,104.96666666666667,6,{},deviant
118901,Notificacion estudiante cancelacion soli,2016-03-11 21:22:51,2016-03-12 01:56:43,2016-03-12 01:56:43,19019,107,0.0,0,2,1,3,57332.85,273.8666666666667,116.71666666666667,6,{},deviant
118352,Validar solicitud,2016-03-11 19:38:51,2016-03-12 02:06:27,2016-03-12 02:07:08,22475,107,0.24168346774193547,0,3,2,3,57342.583333333336,593.3166666666667,126.45,6,{},deviant
116455,Cancelar Solicitud,2016-03-08 10:25:42,2016-03-12 01:20:56,2016-03-12 02:08:22,241,103,0.26537298387096775,0,3,1,3,57297.066666666666,5215.366666666667,80.93333333333334,6,{},deviant
118207,Homologacion por grupo de cursos,2016-03-11 16:35:30,2016-03-11 23:58:07,2016-03-12 02:16:43,3445,106,0.5632560483870968,0,4,23,3,57214.25,449.85,1438.1166666666666,5,{},deviant
116411,Homologacion por grupo de cursos,2016-03-10 02:36:43,2016-03-12 01:17:20,2016-03-12 02:47:22,957,112,0.5632560483870968,0,4,1,3,57293.46666666667,2872.733333333333,77.33333333333333,6,{},deviant
119403,Radicar Solicitud Homologacion,2016-03-12 01:44:58,2016-03-12 04:10:35,2016-03-12 04:22:35,22950,112,0.10231854838709678,0,2,4,3,57466.71666666667,145.61666666666667,250.58333333333334,6,{},deviant
119451,Radicar Solicitud Homologacion,2016-03-12 01:18:32,2016-03-12 03:06:14,2016-03-12 04:47:05,19019,111,0.10231854838709678,0,2,3,3,57402.36666666667,125.81666666666666,186.23333333333332,6,{},deviant
119404,Traer informacion estudiante - banner,2016-03-12 05:08:25,2016-03-12 05:08:25,2016-03-12 05:08:25,22950,111,0.0,0,1,5,3,57524.55,57524.55,308.4166666666667,6,{},deviant
118451,Validar solicitud,2016-03-11 20:07:32,2016-03-12 05:09:53,2016-03-12 05:12:26,677,106,0.24168346774193547,0,3,5,3,57526.01666666667,542.7166666666667,309.8833333333333,6,{},deviant
117951,Notificacion estudiante cancelacion soli,2016-03-10 21:02:23,2016-03-12 05:18:29,2016-03-12 05:18:29,22475,111,0.0,0,4,5,3,57534.61666666667,1937.8,318.48333333333335,6,{},deviant
119656,Traer informacion estudiante - banner,2016-03-12 06:04:01,2016-03-12 06:04:01,2016-03-12 06:04:01,19019,111,0.0,0,1,6,3,57580.15,57580.15,364.01666666666665,6,{},deviant
119656,Radicar Solicitud Homologacion,2016-03-12 06:04:01,2016-03-12 06:55:13,2016-03-12 06:55:13,19019,111,0.10231854838709678,0,2,6,3,57631.35,51.2,415.21666666666664,6,{},deviant
118151,Notificacion estudiante cancelacion soli,2016-03-11 01:40:36,2016-03-12 07:06:35,2016-03-12 07:06:35,677,113,0.0,0,4,7,3,57642.71666666667,1765.9833333333333,426.5833333333333,6,{},deviant
117851,Notificacion estudiante cancelacion soli,2016-03-10 20:36:59,2016-03-12 07:08:40,2016-03-12 07:08:40,7320,111,0.0,0,4,7,3,57644.8,2072.65,428.6666666666667,6,{},deviant
119404,Radicar Solicitud Homologacion,2016-03-12 05:08:25,2016-03-12 05:59:37,2016-03-12 07:09:28,22950,111,0.10231854838709678,0,2,5,3,57575.75,51.2,359.6166666666667,6,{},deviant
116461,Homologacion por grupo de cursos,2016-03-10 13:25:09,2016-03-12 07:32:51,2016-03-12 07:48:27,22475,108,0.5632560483870968,0,4,7,3,57668.98333333333,2528.0833333333335,452.85,6,{},deviant
117753,Notificacion estudiante cancelacion soli,2016-03-10 20:55:38,2016-03-12 08:11:35,2016-03-12 08:11:35,22475,111,0.0,0,4,8,3,57707.71666666667,2116.133333333333,491.5833333333333,6,{},deviant
111801,Notificacion estudiante cancelacion soli,2016-03-03 04:45:50,2016-03-12 11:06:20,2016-03-12 11:06:20,241,109,0.0,0,4,11,3,57882.46666666667,13354.583333333334,666.3333333333334,6,{},deviant
116463,Homologacion por grupo de cursos,2016-03-10 14:57:01,2016-03-12 09:17:24,2016-03-12 11:25:39,15930,108,0.5632560483870968,0,4,9,3,57773.53333333333,2543.9666666666667,557.4,6,{},deviant
119802,Traer informacion estudiante - banner,2016-03-12 14:03:10,2016-03-12 14:03:10,2016-03-12 14:03:10,11611,106,0.0,0,1,14,3,58059.3,58059.3,843.1666666666666,6,{},deviant
119802,Radicar Solicitud Homologacion,2016-03-12 14:03:10,2016-03-12 16:13:06,2016-03-12 16:13:06,11611,106,0.10231854838709678,0,2,16,3,58189.23333333333,129.93333333333334,973.1,6,{},deviant
119953,Traer informacion estudiante - banner,2016-03-12 16:16:09,2016-03-12 16:16:09,2016-03-12 16:16:09,19019,107,0.0,0,1,16,3,58192.28333333333,58192.28333333333,976.15,6,{},deviant
116312,Notificacion estudiante cancelacion soli,2016-03-08 04:41:33,2016-03-12 17:12:43,2016-03-12 17:12:43,6694,101,0.0,0,4,17,3,58248.85,6520.683333333333,1032.7166666666667,6,{},deviant
115558,Homologacion por grupo de cursos,2016-03-08 16:34:29,2016-03-12 13:11:48,2016-03-12 17:53:48,1007,107,0.5632560483870968,0,4,13,3,58007.933333333334,5572.766666666666,791.8,6,{},deviant
119953,Radicar Solicitud Homologacion,2016-03-12 16:16:09,2016-03-12 18:20:30,2016-03-12 18:20:45,19019,107,0.10231854838709678,0,2,18,3,58316.63333333333,124.35,1100.5,6,{},deviant
116401,Notificacion estudiante cancelacion soli,2016-03-08 05:35:18,2016-03-12 18:38:46,2016-03-12 18:38:46,22475,102,0.0,0,3,18,3,58334.9,6543.466666666666,1118.7666666666667,6,{},deviant
118403,Cancelar Solicitud,2016-03-11 18:24:53,2016-03-12 21:13:46,2016-03-12 21:16:22,22950,108,0.26537298387096775,0,3,21,3,58489.9,1636.8833333333334,1273.7666666666667,6,{},deviant
119955,Traer informacion estudiante - banner,2016-03-12 22:10:39,2016-03-12 22:10:39,2016-03-12 22:10:39,19019,106,0.0,0,1,22,3,58546.78333333333,58546.78333333333,1330.65,6,{},deviant
119054,Cancelar Solicitud,2016-03-11 23:00:03,2016-03-12 22:14:12,2016-03-12 22:14:27,19019,109,0.26537298387096775,0,3,22,3,58550.333333333336,1394.15,1334.2,6,{},deviant
119901,Traer informacion estudiante - banner,2016-03-12 22:47:01,2016-03-12 22:47:01,2016-03-12 22:47:01,19019,107,0.0,0,1,22,3,58583.15,58583.15,1367.0166666666667,6,{},deviant
119955,Radicar Solicitud Homologacion,2016-03-12 22:10:39,2016-03-12 23:27:29,2016-03-12 23:27:37,19019,106,0.10231854838709678,0,2,23,3,58623.61666666667,76.83333333333333,1407.4833333333333,6,{},deviant
119902,Traer informacion estudiante - banner,2016-03-12 23:33:24,2016-03-12 23:33:24,2016-03-12 23:33:24,19019,108,0.0,0,1,23,3,58629.53333333333,58629.53333333333,1413.4,6,{},deviant
114501,Notificacion estudiante cancelacion soli,2016-03-07 04:28:04,2016-03-12 23:50:49,2016-03-12 23:50:49,22404,108,0.0,0,4,23,3,58646.95,8371.2,1430.8166666666666,6,{},deviant
119901,Radicar Solicitud Homologacion,2016-03-12 22:47:01,2016-03-12 23:58:31,2016-03-13 00:06:24,19019,107,0.10231854838709678,0,2,23,3,58654.65,71.5,1438.5166666666667,6,{},deviant
118202,Notificacion estudiante cancelacion soli,2016-03-11 11:07:38,2016-03-13 00:24:10,2016-03-13 00:24:10,15315,108,0.0,0,5,0,3,58680.3,2358.883333333333,24.166666666666668,7,{},deviant
119902,Radicar Solicitud Homologacion,2016-03-12 23:33:24,2016-03-13 00:39:41,2016-03-13 00:40:00,19019,108,0.10231854838709678,0,2,0,3,58695.816666666666,66.28333333333333,39.68333333333333,7,{},deviant
117553,Notificacion estudiante cancelacion soli,2016-03-11 02:00:08,2016-03-13 01:37:05,2016-03-13 01:37:05,19019,114,0.0,0,4,1,3,58753.21666666667,2856.95,97.08333333333333,7,{},deviant
118402,Notificacion estudiante cancelacion soli,2016-03-11 18:44:12,2016-03-13 01:56:46,2016-03-13 01:56:46,1,108,0.0,0,3,1,3,58772.9,1956.5666666666666,116.76666666666667,7,{},deviant
118251,Notificacion estudiante cancelacion soli,2016-03-11 10:45:40,2016-03-13 02:52:40,2016-03-13 02:52:40,5858,108,0.0,0,5,2,3,58828.8,2419.7833333333333,172.66666666666666,7,{},deviant
119053,Cancelar Solicitud,2016-03-11 23:35:07,2016-03-13 01:28:42,2016-03-13 03:22:03,186,109,0.26537298387096775,0,3,1,3,58744.833333333336,1622.5333333333333,88.7,7,{},deviant
120201,Traer informacion estudiante - banner,2016-03-13 04:48:04,2016-03-13 04:48:04,2016-03-13 04:48:04,19019,104,0.0,0,1,4,3,58944.2,58944.2,288.06666666666666,7,{},deviant
118209,Cancelar Solicitud,2016-03-11 08:48:31,2016-03-13 04:52:34,2016-03-13 04:59:32,19019,110,0.26537298387096775,0,3,4,3,58948.7,2647.9,292.56666666666666,7,{},deviant
120101,Traer informacion estudiante - banner,2016-03-13 07:13:19,2016-03-13 07:13:19,2016-03-13 07:13:19,19019,105,0.0,0,1,7,3,59089.45,59089.45,433.31666666666666,7,{},deviant
119153,Validar solicitud,2016-03-12 01:18:32,2016-03-13 08:10:27,2016-03-13 08:34:35,186,111,0.24168346774193547,0,3,8,3,59146.583333333336,1937.45,490.45,7,{},deviant
116267,Homologacion por grupo de cursos,2016-03-10 22:48:23,2016-03-13 09:26:29,2016-03-13 09:50:29,6954,113,0.5632560483870968,0,4,9,3,59222.61666666667,3562.85,566.4833333333333,7,{},deviant
120201,Radicar Solicitud Homologacion,2016-03-13 04:48:04,2016-03-13 09:54:18,2016-03-13 10:00:05,19019,104,0.10231854838709678,0,2,9,3,59250.433333333334,306.23333333333335,594.3,7,{},deviant
116953,Notificacion estudiante cancelacion soli,2016-03-10 10:36:47,2016-03-13 10:52:34,2016-03-13 10:52:34,19019,111,0.0,1,5,10,3,59308.7,4412.75,652.5666666666667,7,{},deviant
105506,Validacion final,2016-03-06 21:22:39,2016-03-13 11:22:36,2016-03-13 11:22:36,19019,105,0.010080645161290322,0,7,11,3,59338.73333333333,9549.766666666666,682.6,7,{},regular
120151,Traer informacion estudiante - banner,2016-03-13 11:48:12,2016-03-13 11:48:12,2016-03-13 11:48:12,19019,104,0.0,0,1,11,3,59364.333333333336,59364.333333333336,708.2,7,{},deviant
120101,Radicar Solicitud Homologacion,2016-03-13 07:13:19,2016-03-13 12:23:54,2016-03-13 12:23:54,19019,105,0.10231854838709678,0,2,12,3,59400.03333333333,310.5833333333333,743.9,7,{},deviant
116352,Homologacion por grupo de cursos,2016-03-10 23:13:51,2016-03-13 10:56:13,2016-03-13 12:41:05,4560,113,0.5632560483870968,0,4,10,3,59312.35,3609.0833333333335,656.2166666666667,7,{},deviant
120303,Traer informacion estudiante - banner,2016-03-13 12:47:26,2016-03-13 12:47:26,2016-03-13 12:47:26,19019,104,0.0,0,1,12,3,59423.566666666666,59423.566666666666,767.4333333333333,7,{},deviant
119902,Validar solicitud,2016-03-13 00:40:00,2016-03-13 13:51:30,2016-03-13 14:02:31,2292,106,0.24168346774193547,0,3,13,3,59487.63333333333,791.8166666666667,831.5,7,{},deviant
118203,Notificacion estudiante cancelacion soli,2016-03-11 03:02:46,2016-03-13 14:11:38,2016-03-13 14:11:38,22475,114,0.0,0,4,14,3,59507.76666666667,3549.116666666667,851.6333333333333,7,{},deviant
44_CF,Validacion final,2016-03-06 21:22:58,2016-03-13 14:34:16,2016-03-13 14:39:46,19019,105,0.010080645161290322,0,7,14,3,59530.4,9680.066666666668,874.2666666666667,7,{},regular
120351,Homologacion por grupo de cursos,2016-03-13 13:54:45,2016-03-13 13:54:45,2016-03-13 15:03:25,957,105,0.5632560483870968,0,1,13,3,59490.88333333333,59490.88333333333,834.75,7,{},deviant
108901,Evaluacion curso,2016-03-06 05:26:59,2016-03-13 16:28:39,2016-03-13 16:34:55,943,104,0.07787298387096774,0,6,16,3,59644.78333333333,10757.633333333333,988.65,7,{},regular
120151,Radicar Solicitud Homologacion,2016-03-13 11:48:12,2016-03-13 17:53:12,2016-03-13 17:53:12,19019,104,0.10231854838709678,0,2,17,3,59729.333333333336,365.0,1073.2,7,{},deviant
120359,Cancelar Solicitud,2016-03-13 18:02:24,2016-03-13 18:02:24,2016-03-13 18:03:07,22475,105,0.26537298387096775,0,1,18,3,59738.53333333333,59738.53333333333,1082.4,7,{},deviant
120303,Radicar Solicitud Homologacion,2016-03-13 12:47:26,2016-03-13 17:53:40,2016-03-13 18:04:49,19019,104,0.10231854838709678,0,2,17,3,59729.8,306.23333333333335,1073.6666666666667,7,{},deviant
120351,Traer informacion estudiante - banner,2016-03-13 15:03:25,2016-03-13 18:04:49,2016-03-13 18:04:49,19019,104,0.0,0,2,18,3,59737.083333333336,246.2,1080.95,7,{},deviant
120353,Traer informacion estudiante - banner,2016-03-13 19:19:27,2016-03-13 19:19:27,2016-03-13 19:19:27,19019,106,0.0,0,1,19,3,59815.583333333336,59815.583333333336,1159.45,7,{},deviant
119656,Validar solicitud,2016-03-12 06:55:13,2016-03-13 19:33:51,2016-03-13 19:33:57,22475,111,0.24168346774193547,0,3,19,3,59829.98333333333,2198.633333333333,1173.85,7,{},deviant
120355,Traer informacion estudiante - banner,2016-03-13 20:01:53,2016-03-13 20:01:53,2016-03-13 20:01:53,19019,107,0.0,0,1,20,3,59858.01666666667,59858.01666666667,1201.8833333333334,7,{},deviant
119404,Validar solicitud,2016-03-12 07:09:28,2016-03-13 20:01:42,2016-03-13 20:16:25,22404,109,0.24168346774193547,0,3,20,3,59857.833333333336,2282.0833333333335,1201.7,7,{},deviant
111951,Homologacion por grupo de cursos,2016-03-05 17:52:08,2016-03-13 18:38:13,2016-03-13 20:19:06,15930,101,0.5632560483870968,0,5,18,3,59774.35,11595.383333333333,1118.2166666666667,7,{},regular
115006,Notificacion estudiante cancelacion soli,2016-03-07 21:13:27,2016-03-13 20:35:31,2016-03-13 20:35:31,18929,109,0.0,0,4,20,3,59891.65,8705.383333333333,1235.5166666666667,7,{},deviant
120356,Notificacion estudiante cancelacion soli,2016-03-13 20:45:19,2016-03-13 20:45:19,2016-03-13 20:45:19,22475,107,0.0,0,1,20,3,59901.45,59901.45,1245.3166666666666,7,{},deviant
120357,Notificacion estudiante cancelacion soli,2016-03-13 22:23:29,2016-03-13 22:23:29,2016-03-13 22:23:29,22475,108,0.0,0,1,22,3,59999.61666666667,59999.61666666667,1343.4833333333333,7,{},deviant
120362,Traer informacion estudiante - banner,2016-03-13 23:09:02,2016-03-13 23:09:02,2016-03-13 23:09:02,6572,109,0.0,0,1,23,3,60045.166666666664,60045.166666666664,1389.0333333333333,7,{},deviant
111454,Evaluacion curso,2016-03-07 12:45:29,2016-03-14 01:00:11,2016-03-14 01:13:34,4067,110,0.07787298387096774,0,5,1,3,60156.316666666666,9451.8,60.18333333333333,1,{},regular
116459,Homologacion por grupo de cursos,2016-03-11 05:09:56,2016-03-14 00:15:25,2016-03-14 01:37:30,22475,114,0.5632560483870968,0,4,0,3,60111.55,4025.8,15.416666666666666,1,{},deviant
111655,Homologacion por grupo de cursos,2016-03-06 17:40:33,2016-03-13 23:09:08,2016-03-14 01:58:35,19019,103,0.5632560483870968,0,5,23,3,60045.26666666667,10413.183333333332,1389.1333333333334,7,{},deviant
120364,Traer informacion estudiante - banner,2016-03-13 23:28:13,2016-03-14 01:58:35,2016-03-14 01:58:35,19019,110,0.0,0,1,23,3,60064.35,60064.35,1408.2166666666667,7,{},deviant
120801,Traer informacion estudiante - banner,2016-03-14 01:09:57,2016-03-14 01:58:35,2016-03-14 01:58:35,19019,111,0.0,1,1,1,3,60166.083333333336,60166.083333333336,69.95,1,{},deviant
120353,Radicar Solicitud Homologacion,2016-03-13 19:19:27,2016-03-14 01:58:35,2016-03-14 01:58:42,19019,106,0.10231854838709678,0,2,1,3,60190.7,375.1166666666667,94.56666666666666,1,{},deviant
118451,Homologacion por grupo de cursos,2016-03-12 05:12:26,2016-03-14 00:10:41,2016-03-14 02:15:04,3445,111,0.5632560483870968,0,4,0,3,60106.816666666666,2580.8,10.683333333333334,1,{},deviant
120751,Traer informacion estudiante - banner,2016-03-14 02:17:04,2016-03-14 02:17:04,2016-03-14 02:17:04,19019,110,0.0,0,1,2,3,60233.2,60233.2,137.06666666666666,1,{},deviant
120355,Radicar Solicitud Homologacion,2016-03-13 20:01:53,2016-03-14 02:25:09,2016-03-14 02:25:14,19019,107,0.10231854838709678,0,2,2,3,60241.28333333333,383.26666666666665,145.15,1,{},deviant
120801,Radicar Solicitud Homologacion,2016-03-14 01:58:35,2016-03-14 02:50:50,2016-03-14 02:50:50,19019,110,0.10231854838709678,1,2,2,3,60266.96666666667,100.88333333333334,170.83333333333334,1,{},deviant
120751,Radicar Solicitud Homologacion,2016-03-14 02:17:04,2016-03-14 03:11:11,2016-03-14 03:11:11,19019,110,0.10231854838709678,0,2,3,3,60287.316666666666,54.11666666666667,191.18333333333334,1,{},deviant
118352,Homologacion por grupo de cursos,2016-03-12 02:07:08,2016-03-14 03:31:23,2016-03-14 04:14:42,22475,112,0.5632560483870968,0,4,3,3,60307.51666666667,2964.9333333333334,211.38333333333333,1,{},deviant
120362,Radicar Solicitud Homologacion,2016-03-13 23:09:02,2016-03-14 04:37:22,2016-03-14 04:37:27,6572,109,0.10231854838709678,0,2,4,3,60373.5,328.3333333333333,277.3666666666667,1,{},deviant
120851,Traer informacion estudiante - banner,2016-03-14 05:28:32,2016-03-14 05:28:32,2016-03-14 05:28:32,19019,110,0.0,0,1,5,3,60424.666666666664,60424.666666666664,328.53333333333336,1,{},deviant
120364,Radicar Solicitud Homologacion,2016-03-14 01:58:35,2016-03-14 06:01:45,2016-03-14 06:01:48,19019,110,0.10231854838709678,2,2,6,3,60457.88333333333,393.53333333333336,361.75,1,{},deviant
120356,Traer informacion estudiante - banner,2016-03-13 20:45:19,2016-03-14 06:02:37,2016-03-14 06:02:37,19019,107,0.0,0,2,6,3,60458.75,557.3,362.6166666666667,1,{},deviant
120851,Radicar Solicitud Homologacion,2016-03-14 05:28:32,2016-03-14 06:22:39,2016-03-14 06:22:39,19019,110,0.10231854838709678,0,2,6,3,60478.78333333333,54.11666666666667,382.65,1,{},deviant
120359,Notificacion estudiante cancelacion soli,2016-03-13 18:03:07,2016-03-14 07:44:13,2016-03-14 07:44:13,22475,105,0.0,0,2,7,3,60560.35,821.8166666666667,464.21666666666664,1,{},deviant
120357,Traer informacion estudiante - banner,2016-03-13 22:23:29,2016-03-14 07:47:33,2016-03-14 07:47:33,19019,108,0.0,0,2,7,3,60563.683333333334,564.0666666666667,467.55,1,{},deviant
120801,Cancelar Solicitud,2016-03-14 02:50:50,2016-03-14 07:47:07,2016-03-14 08:01:43,22404,110,0.26537298387096775,0,3,7,3,60563.25,296.28333333333336,467.1166666666667,1,{},deviant
120751,Notificacion estudiante cancelacion soli,2016-03-14 03:11:11,2016-03-14 08:11:17,2016-03-14 08:11:17,1,110,0.0,0,3,8,3,60587.416666666664,300.1,491.28333333333336,1,{},deviant
108751,Evaluacion curso,2016-03-07 02:30:29,2016-03-14 08:29:28,2016-03-14 08:29:45,716,107,0.07787298387096774,0,6,8,3,60605.6,10439.35,509.46666666666664,1,{},regular
115701,Validar solicitud,2016-03-09 15:14:09,2016-03-14 08:43:16,2016-03-14 08:51:30,677,112,0.24168346774193547,0,4,8,3,60619.4,6852.966666666666,523.2666666666667,1,{},deviant
120851,Notificacion estudiante cancelacion soli,2016-03-14 06:22:39,2016-03-14 11:22:45,2016-03-14 11:22:45,1,110,0.0,0,3,11,3,60778.88333333333,300.1,682.75,1,{},deviant
119153,Homologacion por grupo de cursos,2016-03-13 08:34:35,2016-03-14 10:29:53,2016-03-14 11:40:52,186,105,0.5632560483870968,0,4,10,3,60726.01666666667,1579.4333333333334,629.8833333333333,1,{},deviant
115552,Homologacion por grupo de cursos,2016-03-09 13:03:51,2016-03-14 12:14:54,2016-03-14 12:14:55,19019,110,0.5632560483870968,0,4,12,3,60831.03333333333,7152.116666666667,734.9,1,{},deviant
115252,Notificacion estudiante cancelacion soli,2016-03-09 16:55:05,2016-03-14 12:18:41,2016-03-14 12:18:41,6572,114,0.0,0,5,12,3,60834.816666666666,6941.833333333333,738.6833333333333,1,{},deviant
120901,Traer informacion estudiante - banner,2016-03-14 12:54:08,2016-03-14 12:54:08,2016-03-14 12:54:08,19019,106,0.0,0,1,12,3,60870.26666666667,60870.26666666667,774.1333333333333,1,{},deviant
120901,Radicar Solicitud Homologacion,2016-03-14 12:54:08,2016-03-14 13:47:04,2016-03-14 13:47:04,19019,106,0.10231854838709678,0,2,13,3,60923.2,52.93333333333333,827.0666666666667,1,{},deviant
119901,Cancelar Solicitud,2016-03-13 00:06:24,2016-03-14 14:06:10,2016-03-14 14:12:39,19019,107,0.26537298387096775,0,3,14,3,60942.3,2287.65,846.1666666666666,1,{},deviant
120951,Traer informacion estudiante - banner,2016-03-14 14:16:03,2016-03-14 14:16:03,2016-03-14 14:16:03,19019,107,0.0,0,1,14,3,60952.183333333334,60952.183333333334,856.05,1,{},deviant
119656,Homologacion por grupo de cursos,2016-03-13 19:33:57,2016-03-14 13:09:49,2016-03-14 14:51:49,22475,106,0.5632560483870968,0,4,13,3,60885.95,1055.9666666666667,789.8166666666667,1,{},deviant
120951,Radicar Solicitud Homologacion,2016-03-14 14:16:03,2016-03-14 15:20:51,2016-03-14 15:20:51,19019,107,0.10231854838709678,0,2,15,3,61016.98333333333,64.8,920.85,1,{},deviant
120901,Validar solicitud,2016-03-14 13:47:04,2016-03-14 16:06:36,2016-03-14 16:12:15,677,106,0.24168346774193547,0,3,16,3,61062.73333333333,139.53333333333333,966.6,1,{},deviant
119404,Homologacion por grupo de cursos,2016-03-13 20:16:25,2016-03-14 13:51:55,2016-03-14 16:28:51,4560,107,0.5632560483870968,0,4,13,3,60928.05,1070.2166666666667,831.9166666666666,1,{},deviant
120952,Traer informacion estudiante - banner,2016-03-14 16:56:09,2016-03-14 16:56:09,2016-03-14 16:56:09,19019,106,0.0,0,1,16,3,61112.28333333333,61112.28333333333,1016.15,1,{},deviant
119802,Validar solicitud,2016-03-12 16:13:06,2016-03-14 17:13:13,2016-03-14 17:21:13,19019,106,0.24168346774193547,0,3,17,3,61129.35,2940.116666666667,1033.2166666666667,1,{},deviant
121101,Traer informacion estudiante - banner,2016-03-14 17:43:03,2016-03-14 17:43:03,2016-03-14 17:43:03,19019,107,0.0,0,1,17,3,61159.183333333334,61159.183333333334,1063.05,1,{},deviant
120952,Radicar Solicitud Homologacion,2016-03-14 16:56:09,2016-03-14 17:49:05,2016-03-14 17:49:05,19019,106,0.10231854838709678,0,2,17,3,61165.21666666667,52.93333333333333,1069.0833333333333,1,{},deviant
110853,Notificacion estudiante cancelacion soli,2016-03-08 11:06:17,2016-03-14 17:51:17,2016-03-14 17:51:17,6723,103,0.0,0,6,17,3,61167.416666666664,9045.0,1071.2833333333333,1,{},deviant
121101,Radicar Solicitud Homologacion,2016-03-14 17:43:03,2016-03-14 18:36:16,2016-03-14 18:36:16,19019,107,0.10231854838709678,0,2,18,3,61212.4,53.21666666666667,1116.2666666666667,1,{},deviant
112312,Evaluacion curso,2016-03-11 13:33:51,2016-03-14 17:54:52,2016-03-14 18:54:58,163,106,0.07787298387096774,0,5,17,3,61171.0,4581.016666666666,1074.8666666666666,1,{},regular
120951,Validar solicitud,2016-03-14 15:20:51,2016-03-14 18:47:42,2016-03-14 18:59:42,677,106,0.24168346774193547,0,3,18,3,61223.833333333336,206.85,1127.7,1,{},deviant
121151,Traer informacion estudiante - banner,2016-03-14 19:35:16,2016-03-14 19:35:16,2016-03-14 19:35:16,19019,107,0.0,0,1,19,3,61271.4,61271.4,1175.2666666666667,1,{},deviant
120901,Homologacion por grupo de cursos,2016-03-14 16:12:15,2016-03-14 19:45:16,2016-03-14 19:45:19,677,106,0.5632560483870968,0,4,19,3,61281.4,218.66666666666666,1185.2666666666667,1,{},deviant
111651,Notificacion estudiante cancelacion soli,2016-03-03 00:25:57,2016-03-14 19:54:51,2016-03-14 19:54:51,22475,112,0.0,2,4,19,3,61290.98333333333,17166.933333333334,1194.85,1,{},deviant
120952,Validar solicitud,2016-03-14 17:49:05,2016-03-14 20:09:57,2016-03-14 20:21:57,677,107,0.24168346774193547,0,3,20,3,61306.083333333336,140.86666666666667,1209.95,1,{},deviant
119902,Homologacion por grupo de cursos,2016-03-13 14:02:31,2016-03-14 19:44:39,2016-03-14 20:39:37,2292,105,0.5632560483870968,0,4,19,3,61280.78333333333,1793.15,1184.65,1,{},deviant
121151,Radicar Solicitud Homologacion,2016-03-14 19:35:16,2016-03-14 20:28:29,2016-03-14 20:40:26,19019,107,0.10231854838709678,0,2,20,3,61324.61666666667,53.21666666666667,1228.4833333333333,1,{},deviant
121202,Traer informacion estudiante - banner,2016-03-14 21:06:55,2016-03-14 21:06:55,2016-03-14 21:06:55,19019,105,0.0,0,1,21,3,61363.05,61363.05,1266.9166666666667,1,{},deviant
121206,Traer informacion estudiante - banner,2016-03-14 21:25:41,2016-03-14 21:25:41,2016-03-14 21:25:41,19019,106,0.0,0,1,21,3,61381.816666666666,61381.816666666666,1285.6833333333334,1,{},deviant
121202,Radicar Solicitud Homologacion,2016-03-14 21:06:55,2016-03-14 21:59:34,2016-03-14 21:59:37,19019,105,0.10231854838709678,0,2,21,3,61415.7,52.65,1319.5666666666666,1,{},deviant
121206,Radicar Solicitud Homologacion,2016-03-14 21:25:41,2016-03-14 22:18:37,2016-03-14 22:21:08,19019,106,0.10231854838709678,0,2,22,3,61434.75,52.93333333333333,1338.6166666666666,1,{},deviant
121251,Traer informacion estudiante - banner,2016-03-14 23:19:21,2016-03-14 23:19:21,2016-03-14 23:19:21,19019,107,0.0,0,1,23,3,61495.48333333333,61495.48333333333,1399.35,1,{},deviant
121260,Validar solicitud,2016-03-14 23:24:54,2016-03-14 23:24:54,2016-03-14 23:35:08,659,108,0.24168346774193547,0,1,23,3,61501.03333333333,61501.03333333333,1404.9,1,{},deviant
119802,Homologacion por grupo de cursos,2016-03-14 17:21:13,2016-03-14 23:29:59,2016-03-14 23:35:57,19019,106,0.5632560483870968,0,4,23,3,61506.11666666667,376.76666666666665,1409.9833333333333,1,{},deviant
120952,Homologacion por grupo de cursos,2016-03-14 20:21:57,2016-03-14 23:35:24,2016-03-14 23:58:30,3445,105,0.5632560483870968,0,4,23,3,61511.53333333333,205.45,1415.4,1,{},deviant
120951,Homologacion por grupo de cursos,2016-03-14 18:59:42,2016-03-15 00:01:36,2016-03-15 00:01:36,677,106,0.5632560483870968,0,4,0,3,61537.73333333333,313.9,1.6,2,{},deviant
116602,Notificacion estudiante cancelacion soli,2016-03-10 08:48:39,2016-03-15 00:11:37,2016-03-15 00:11:37,1,113,0.0,0,4,0,3,61547.75,6780.55,11.616666666666667,2,{},deviant
121251,Radicar Solicitud Homologacion,2016-03-14 23:19:21,2016-03-15 00:12:06,2016-03-15 00:17:36,19019,107,0.10231854838709678,0,2,0,3,61548.23333333333,52.75,12.1,2,{},deviant
121260,Traer informacion estudiante - banner,2016-03-14 23:35:08,2016-03-15 00:17:36,2016-03-15 00:17:36,19019,108,0.0,0,2,0,3,61552.166666666664,51.13333333333333,16.033333333333335,2,{},deviant
121202,Validar solicitud,2016-03-14 21:59:37,2016-03-15 00:19:07,2016-03-15 00:21:28,22475,106,0.24168346774193547,0,3,0,3,61555.25,139.55,19.116666666666667,2,{},deviant
121258,Traer informacion estudiante - banner,2016-03-15 00:57:20,2016-03-15 00:57:20,2016-03-15 00:57:20,19019,105,0.0,0,1,0,3,61593.46666666667,61593.46666666667,57.333333333333336,2,{},deviant
121101,Cancelar Solicitud,2016-03-14 18:36:16,2016-03-14 22:16:04,2016-03-15 01:18:59,294,106,0.26537298387096775,0,3,22,3,61432.2,219.8,1336.0666666666666,1,{},deviant
112511,Notificacion estudiante cancelacion soli,2016-03-05 15:20:21,2016-03-15 01:23:04,2016-03-15 01:23:04,18929,100,0.0,0,4,1,3,61619.2,13607.766666666666,83.06666666666666,2,{},deviant
119451,Notificacion estudiante cancelacion soli,2016-03-12 04:47:05,2016-03-15 01:38:07,2016-03-15 01:38:07,1,110,0.0,0,3,1,3,61634.25,4231.883333333333,98.11666666666666,2,{},deviant
121151,Cancelar Solicitud,2016-03-14 20:40:26,2016-03-15 01:27:05,2016-03-15 02:55:07,241,104,0.26537298387096775,0,3,1,3,61623.21666666667,298.6,87.08333333333333,2,{},deviant
121258,Radicar Solicitud Homologacion,2016-03-15 00:57:20,2016-03-15 03:00:43,2016-03-15 03:01:09,19019,105,0.10231854838709678,0,2,3,3,61716.85,123.38333333333334,180.71666666666667,2,{},deviant
121206,Notificacion estudiante cancelacion soli,2016-03-14 22:21:08,2016-03-15 03:01:54,2016-03-15 03:01:54,22475,106,0.0,0,3,3,3,61718.03333333333,283.28333333333336,181.9,2,{},deviant
121260,Radicar Solicitud Homologacion,2016-03-15 00:17:36,2016-03-15 03:28:03,2016-03-15 03:28:03,19019,104,0.10231854838709678,0,3,3,3,61744.183333333334,192.01666666666668,208.05,2,{},deviant
112501,Revisar curso,2016-03-11 11:12:25,2016-03-15 03:20:58,2016-03-15 03:39:32,7320,108,0.04788306451612903,0,5,3,3,61737.1,5291.433333333333,200.96666666666667,2,{},regular
120351,Radicar Solicitud Homologacion,2016-03-13 18:04:49,2016-03-15 04:07:10,2016-03-15 04:07:13,19019,105,0.10231854838709678,0,3,4,3,61783.3,2046.2166666666667,247.16666666666666,2,{},deviant
119403,Cancelar Solicitud,2016-03-12 04:22:35,2016-03-15 03:53:37,2016-03-15 04:20:07,22404,110,0.26537298387096775,0,3,3,3,61769.75,4303.033333333334,233.61666666666667,2,{},deviant
115401,Homologacion por grupo de cursos,2016-03-08 15:36:14,2016-03-15 03:58:30,2016-03-15 05:56:44,1343,106,0.5632560483870968,0,4,3,3,61774.63333333333,9382.266666666666,238.5,2,{},deviant
121202,Homologacion por grupo de cursos,2016-03-15 00:21:28,2016-03-15 05:58:58,2016-03-15 06:00:32,19019,104,0.5632560483870968,0,4,5,3,61895.1,339.85,358.96666666666664,2,{},deviant
121259,Traer informacion estudiante - banner,2016-03-15 06:33:54,2016-03-15 06:33:54,2016-03-15 06:33:54,19019,102,0.0,0,1,6,3,61930.03333333333,61930.03333333333,393.9,2,{},deviant
121401,Traer informacion estudiante - banner,2016-03-15 08:09:23,2016-03-15 08:09:23,2016-03-15 08:09:23,19019,103,0.0,0,1,8,3,62025.51666666667,62025.51666666667,489.3833333333333,2,{},deviant
121259,Radicar Solicitud Homologacion,2016-03-15 06:33:54,2016-03-15 08:33:50,2016-03-15 08:34:15,19019,102,0.10231854838709678,0,2,8,3,62049.96666666667,119.93333333333334,513.8333333333334,2,{},deviant
119955,Cancelar Solicitud,2016-03-12 23:27:37,2016-03-15 08:36:29,2016-03-15 08:36:31,19019,107,0.26537298387096775,0,3,8,3,62052.61666666667,3429.0,516.4833333333333,2,{},deviant
121401,Radicar Solicitud Homologacion,2016-03-15 08:09:23,2016-03-15 10:11:41,2016-03-15 10:11:41,19019,103,0.10231854838709678,0,2,10,3,62147.816666666666,122.3,611.6833333333333,2,{},deviant
121251,Cancelar Solicitud,2016-03-15 00:17:36,2016-03-15 11:27:36,2016-03-15 11:27:36,22404,104,0.26537298387096775,0,3,11,3,62223.73333333333,675.5,687.6,2,{},deviant
121406,Traer informacion estudiante - banner,2016-03-15 12:25:31,2016-03-15 12:25:31,2016-03-15 12:25:31,10176,104,0.0,0,1,12,3,62281.65,62281.65,745.5166666666667,2,{},deviant
111751,Notificacion estudiante cancelacion soli,2016-03-03 11:50:08,2016-03-15 12:40:06,2016-03-15 12:40:06,677,107,0.0,0,4,12,3,62296.23333333333,17333.966666666667,760.1,2,{},deviant
119953,Cancelar Solicitud,2016-03-12 18:20:45,2016-03-15 12:53:23,2016-03-15 12:53:29,19019,105,0.26537298387096775,0,3,12,3,62309.51666666667,3992.883333333333,773.3833333333333,2,{},deviant
120364,Cancelar Solicitud,2016-03-14 06:01:48,2016-03-15 13:55:58,2016-03-15 13:59:17,22404,110,0.26537298387096775,0,3,13,3,62372.1,1914.2166666666667,835.9666666666667,2,{},deviant
121451,Traer informacion estudiante - banner,2016-03-15 14:11:46,2016-03-15 14:11:46,2016-03-15 14:11:46,19019,104,0.0,0,1,14,3,62387.9,62387.9,851.7666666666667,2,{},deviant
121601,Traer informacion estudiante - banner,2016-03-15 14:28:27,2016-03-15 14:28:27,2016-03-15 14:28:27,19019,105,0.0,0,1,14,3,62404.583333333336,62404.583333333336,868.45,2,{},deviant
121406,Radicar Solicitud Homologacion,2016-03-15 12:25:31,2016-03-15 14:30:14,2016-03-15 14:30:14,10176,104,0.10231854838709678,0,2,14,3,62406.36666666667,124.71666666666667,870.2333333333333,2,{},deviant
112312,Homologacion por grupo de cursos,2016-03-14 18:54:58,2016-03-15 14:06:22,2016-03-15 15:55:11,1007,106,0.5632560483870968,0,6,14,3,62382.5,1211.5,846.3666666666667,2,{},regular
121451,Radicar Solicitud Homologacion,2016-03-15 14:11:46,2016-03-15 17:31:02,2016-03-15 17:36:43,19019,104,0.10231854838709678,0,2,17,3,62587.166666666664,199.26666666666668,1051.0333333333333,2,{},deviant
121601,Radicar Solicitud Homologacion,2016-03-15 14:28:27,2016-03-15 17:51:24,2016-03-15 17:51:24,19019,105,0.10231854838709678,0,2,17,3,62607.53333333333,202.95,1071.4,2,{},deviant
120201,Validar solicitud,2016-03-13 10:00:05,2016-03-15 18:05:50,2016-03-15 18:08:02,22404,104,0.24168346774193547,0,3,18,3,62621.96666666667,3371.5333333333333,1085.8333333333333,2,{},deviant
121551,Traer informacion estudiante - banner,2016-03-15 18:33:26,2016-03-15 18:33:26,2016-03-15 18:33:26,19019,106,0.0,0,1,18,3,62649.566666666666,62649.566666666666,1113.4333333333334,2,{},deviant
120801,Notificacion estudiante cancelacion soli,2016-03-14 08:01:43,2016-03-15 19:04:30,2016-03-15 19:04:30,22404,110,0.0,0,4,19,3,62680.63333333333,2117.383333333333,1144.5,2,{},deviant
121755,Traer informacion estudiante - banner,2016-03-15 20:19:33,2016-03-15 20:19:33,2016-03-15 20:19:33,19019,106,0.0,0,1,20,3,62755.683333333334,62755.683333333334,1219.55,2,{},deviant
121551,Radicar Solicitud Homologacion,2016-03-15 18:33:26,2016-03-15 20:39:09,2016-03-15 20:39:09,19019,106,0.10231854838709678,0,2,20,3,62775.28333333333,125.71666666666667,1239.15,2,{},deviant
121260,Homologacion por grupo de cursos,2016-03-15 03:28:03,2016-03-15 17:57:28,2016-03-15 20:41:28,659,103,0.5632560483870968,0,4,17,3,62613.6,869.4166666666666,1077.4666666666667,2,{},deviant
121852,Traer informacion estudiante - banner,2016-03-15 20:52:12,2016-03-15 20:52:12,2016-03-15 20:52:12,19019,106,0.0,0,1,20,3,62788.333333333336,62788.333333333336,1252.2,2,{},deviant
116457,Cancelar Solicitud,2016-03-10 09:01:37,2016-03-15 19:58:40,2016-03-15 21:02:55,12532,113,0.26537298387096775,0,4,19,3,62734.8,7872.95,1198.6666666666667,2,{},deviant
120362,Validar solicitud,2016-03-14 04:37:27,2016-03-15 21:04:34,2016-03-15 21:20:08,677,109,0.24168346774193547,0,3,21,3,62800.7,2427.2,1264.5666666666666,2,{},deviant
122001,Traer informacion estudiante - banner,2016-03-15 21:28:09,2016-03-15 21:28:09,2016-03-15 21:28:09,19019,107,0.0,0,1,21,3,62824.28333333333,62824.28333333333,1288.15,2,{},deviant
121755,Radicar Solicitud Homologacion,2016-03-15 20:19:33,2016-03-15 22:25:16,2016-03-15 22:25:17,19019,106,0.10231854838709678,0,2,22,3,62881.4,125.71666666666667,1345.2666666666667,2,{},deviant
121852,Radicar Solicitud Homologacion,2016-03-15 20:52:12,2016-03-15 23:01:51,2016-03-15 23:30:37,19019,106,0.10231854838709678,0,2,23,3,62917.98333333333,129.65,1381.85,2,{},deviant
122102,Traer informacion estudiante - banner,2016-03-15 23:21:58,2016-03-15 23:30:37,2016-03-15 23:30:37,19019,108,0.0,0,1,23,3,62938.1,62938.1,1401.9666666666667,2,{},deviant
122001,Radicar Solicitud Homologacion,2016-03-15 21:28:09,2016-03-15 23:40:19,2016-03-15 23:40:19,19019,107,0.10231854838709678,0,2,23,3,62956.45,132.16666666666666,1420.3166666666666,2,{},deviant
112312,Validacion final,2016-03-15 15:55:11,2016-03-16 01:16:27,2016-03-16 01:24:40,19019,105,0.010080645161290322,0,7,1,3,63052.583333333336,670.0833333333334,76.45,3,{},regular
122102,Radicar Solicitud Homologacion,2016-03-15 23:30:37,2016-03-16 01:42:12,2016-03-16 01:42:15,19019,108,0.10231854838709678,0,2,1,3,63078.333333333336,140.23333333333332,102.2,3,{},deviant
112312,Visto Bueno Cierre Proceso,2016-03-16 01:24:40,2016-03-16 02:47:46,2016-03-16 03:28:16,1007,108,0.03276209677419355,0,8,2,3,63143.9,91.31666666666666,167.76666666666668,3,{},regular
118901,Traer informacion estudiante - banner,2016-03-12 01:56:43,2016-03-16 03:51:30,2016-03-16 03:51:30,19019,112,0.0,0,3,3,3,63207.63333333333,5874.783333333334,231.5,3,{},deviant
122054,Traer informacion estudiante - banner,2016-03-16 04:35:57,2016-03-16 04:35:57,2016-03-16 04:35:57,19019,108,0.0,0,1,4,3,63252.083333333336,63252.083333333336,275.95,3,{},deviant
122054,Radicar Solicitud Homologacion,2016-03-16 04:35:57,2016-03-16 04:47:15,2016-03-16 04:49:39,19019,108,0.10231854838709678,0,2,4,3,63263.38333333333,11.3,287.25,3,{},deviant
122054,Cancelar Solicitud,2016-03-16 04:49:39,2016-03-16 07:32:02,2016-03-16 07:32:06,22475,108,0.26537298387096775,0,3,7,3,63428.166666666664,164.78333333333333,452.03333333333336,3,{},deviant
122055,Traer informacion estudiante - banner,2016-03-16 09:15:02,2016-03-16 09:15:02,2016-03-16 09:15:02,19019,109,0.0,0,1,9,3,63531.166666666664,63531.166666666664,555.0333333333333,3,{},deviant
122055,Radicar Solicitud Homologacion,2016-03-16 09:15:02,2016-03-16 09:25:36,2016-03-16 09:34:05,19019,109,0.10231854838709678,0,2,9,3,63541.73333333333,10.566666666666666,565.6,3,{},deviant
122055,Validar solicitud,2016-03-16 09:34:05,2016-03-16 09:41:18,2016-03-16 10:37:47,677,109,0.24168346774193547,0,3,9,3,63557.433333333334,15.7,581.3,3,{},deviant
122154,Traer informacion estudiante - banner,2016-03-16 11:04:18,2016-03-16 11:04:18,2016-03-16 11:04:18,19019,110,0.0,0,1,11,3,63640.433333333334,63640.433333333334,664.3,3,{},deviant
122154,Radicar Solicitud Homologacion,2016-03-16 11:04:18,2016-03-16 11:13:24,2016-03-16 11:13:28,19019,110,0.10231854838709678,0,2,11,3,63649.53333333333,9.1,673.4,3,{},deviant
116501,Notificacion estudiante cancelacion soli,2016-03-10 16:38:28,2016-03-16 11:28:56,2016-03-16 11:28:56,18929,109,0.0,0,4,11,3,63665.066666666666,8398.466666666667,688.9333333333333,3,{},deviant
122055,Homologacion por grupo de cursos,2016-03-16 10:37:47,2016-03-16 10:37:51,2016-03-16 12:40:54,677,109,0.5632560483870968,0,4,10,3,63613.98333333333,56.55,637.85,3,{},deviant
121258,Validar solicitud,2016-03-15 03:01:09,2016-03-16 12:40:54,2016-03-16 12:46:24,677,103,0.24168346774193547,0,3,12,3,63729.53333333333,2012.6833333333334,753.4,3,{},deviant
110854,Notificacion estudiante cancelacion soli,2016-03-10 00:14:55,2016-03-16 13:11:47,2016-03-16 13:11:47,6723,113,0.0,0,6,13,3,63767.916666666664,9416.866666666667,791.7833333333333,3,{},deviant
122154,Cancelar Solicitud,2016-03-16 11:13:28,2016-03-16 13:32:43,2016-03-16 13:32:44,22475,110,0.26537298387096775,0,3,13,3,63788.85,139.31666666666666,812.7166666666667,3,{},deviant
120151,Validar solicitud,2016-03-13 17:53:12,2016-03-16 13:37:01,2016-03-16 13:40:01,18929,104,0.24168346774193547,0,3,13,3,63793.15,4063.8166666666666,817.0166666666667,3,{},deviant
122102,Validar solicitud,2016-03-16 01:42:15,2016-03-16 13:36:36,2016-03-16 14:09:04,19019,108,0.24168346774193547,0,3,13,3,63792.73333333333,714.4,816.6,3,{},deviant
122155,Traer informacion estudiante - banner,2016-03-16 17:19:29,2016-03-16 17:19:29,2016-03-16 17:19:29,19019,108,0.0,0,1,17,3,64015.61666666667,64015.61666666667,1039.4833333333333,3,{},deviant
122155,Radicar Solicitud Homologacion,2016-03-16 17:19:29,2016-03-16 17:30:47,2016-03-16 18:03:36,19019,108,0.10231854838709678,0,2,17,3,64026.916666666664,11.3,1050.7833333333333,3,{},deviant
122155,Validar solicitud,2016-03-16 18:03:36,2016-03-16 18:12:24,2016-03-16 18:14:14,22475,108,0.24168346774193547,0,3,18,3,64068.53333333333,41.61666666666667,1092.4,3,{},deviant
121259,Validar solicitud,2016-03-15 08:34:15,2016-03-16 18:39:02,2016-03-16 18:41:15,19019,103,0.24168346774193547,0,3,18,3,64095.166666666664,2045.2,1119.0333333333333,3,{},deviant
122304,Traer informacion estudiante - banner,2016-03-16 18:59:15,2016-03-16 18:59:15,2016-03-16 18:59:15,19019,109,0.0,0,1,18,3,64115.38333333333,64115.38333333333,1139.25,3,{},deviant
122304,Radicar Solicitud Homologacion,2016-03-16 18:59:15,2016-03-16 19:09:02,2016-03-16 19:09:31,19019,109,0.10231854838709678,0,2,19,3,64125.166666666664,9.783333333333333,1149.0333333333333,3,{},deviant
122155,Homologacion por grupo de cursos,2016-03-16 18:14:14,2016-03-16 18:14:18,2016-03-16 19:12:27,22475,108,0.5632560483870968,0,4,18,3,64070.433333333334,1.9,1094.3,3,{},deviant
122252,Traer informacion estudiante - banner,2016-03-16 19:29:57,2016-03-16 19:29:57,2016-03-16 19:29:57,19019,109,0.0,0,1,19,3,64146.083333333336,64146.083333333336,1169.95,3,{},deviant
122252,Radicar Solicitud Homologacion,2016-03-16 19:29:57,2016-03-16 19:40:31,2016-03-16 19:41:02,19019,109,0.10231854838709678,0,2,19,3,64156.65,10.566666666666666,1180.5166666666667,3,{},deviant
122308,Traer informacion estudiante - banner,2016-03-16 20:39:52,2016-03-16 20:39:52,2016-03-16 20:39:52,19019,110,0.0,0,1,20,3,64216.0,64216.0,1239.8666666666666,3,{},deviant
122308,Radicar Solicitud Homologacion,2016-03-16 20:39:52,2016-03-16 20:48:58,2016-03-16 20:49:13,19019,110,0.10231854838709678,0,2,20,3,64225.1,9.1,1248.9666666666667,3,{},deviant
121401,Validar solicitud,2016-03-15 10:11:41,2016-03-16 20:37:22,2016-03-16 20:49:22,920,103,0.24168346774193547,0,3,20,3,64213.5,2065.6833333333334,1237.3666666666666,3,{},deviant
122252,Cancelar Solicitud,2016-03-16 19:41:02,2016-03-16 22:23:45,2016-03-16 22:27:48,19019,109,0.26537298387096775,0,3,22,3,64319.88333333333,163.23333333333332,1343.75,3,{},deviant
116601,Notificacion estudiante cancelacion soli,2016-03-10 19:44:17,2016-03-16 22:39:46,2016-03-16 22:39:46,19019,111,0.0,0,4,22,3,64335.9,9039.95,1359.7666666666667,3,{},deviant
122652,Traer informacion estudiante - banner,2016-03-16 22:50:01,2016-03-16 22:50:01,2016-03-16 22:50:01,19019,110,0.0,0,1,22,3,64346.15,64346.15,1370.0166666666667,3,{},deviant
122652,Radicar Solicitud Homologacion,2016-03-16 22:50:01,2016-03-16 22:59:07,2016-03-16 23:16:21,19019,110,0.10231854838709678,0,2,22,3,64355.25,9.1,1379.1166666666666,3,{},deviant
122308,Cancelar Solicitud,2016-03-16 20:49:13,2016-03-16 23:16:21,2016-03-16 23:17:19,19019,110,0.26537298387096775,0,3,23,3,64364.6,139.5,1388.4666666666667,3,{},deviant
122304,Cancelar Solicitud,2016-03-16 19:09:31,2016-03-16 21:28:38,2016-03-16 23:27:28,1707,109,0.26537298387096775,0,3,21,3,64264.76666666667,139.6,1288.6333333333334,3,{},deviant
122951,Traer informacion estudiante - banner,2016-03-17 01:27:44,2016-03-17 01:27:44,2016-03-17 01:27:44,15315,114,0.0,0,1,1,3,64503.86666666667,64503.86666666667,87.73333333333333,4,{},deviant
122951,Radicar Solicitud Homologacion,2016-03-17 01:27:44,2016-03-17 02:20:45,2016-03-17 02:20:45,15315,114,0.10231854838709678,0,2,2,3,64556.88333333333,53.016666666666666,140.75,4,{},deviant
122102,Homologacion por grupo de cursos,2016-03-16 14:09:04,2016-03-16 23:49:41,2016-03-17 02:32:41,19019,107,0.5632560483870968,0,4,23,3,64405.816666666666,613.0833333333334,1429.6833333333334,3,{},deviant
122653,Traer informacion estudiante - banner,2016-03-17 00:00:09,2016-03-17 02:32:41,2016-03-17 02:32:41,19019,111,0.0,0,1,0,3,64416.28333333333,64416.28333333333,0.15,4,{},deviant
122702,Notificacion estudiante cancelacion soli,2016-03-17 00:21:26,2016-03-17 02:32:41,2016-03-17 02:32:41,19019,112,0.0,1,1,0,3,64437.566666666666,64437.566666666666,21.433333333333334,4,{},deviant
122757,Traer informacion estudiante - banner,2016-03-17 01:20:46,2016-03-17 02:32:41,2016-03-17 02:32:41,19019,113,0.0,2,1,1,3,64496.9,64496.9,80.76666666666667,4,{},deviant
122951,Validar solicitud,2016-03-17 02:20:45,2016-03-17 02:36:25,2016-03-17 02:40:10,6694,114,0.24168346774193547,0,3,2,3,64572.55,15.666666666666666,156.41666666666666,4,{},deviant
122652,Cancelar Solicitud,2016-03-16 23:16:21,2016-03-17 01:35:36,2016-03-17 03:10:21,186,110,0.26537298387096775,0,3,1,3,64511.73333333333,156.48333333333332,95.6,4,{},deviant
122757,Radicar Solicitud Homologacion,2016-03-17 02:32:41,2016-03-17 03:30:47,2016-03-17 03:31:06,19019,113,0.10231854838709678,0,2,3,3,64626.916666666664,130.01666666666668,210.78333333333333,4,{},deviant
122653,Radicar Solicitud Homologacion,2016-03-17 02:32:41,2016-03-17 03:36:35,2016-03-17 03:54:22,19019,113,0.10231854838709678,2,2,3,3,64632.71666666667,216.43333333333334,216.58333333333334,4,{},deviant
122757,Validar solicitud,2016-03-17 03:31:06,2016-03-17 04:07:57,2016-03-17 04:08:06,19019,113,0.24168346774193547,0,3,4,3,64664.083333333336,37.166666666666664,247.95,4,{},deviant
122757,Homologacion por grupo de cursos,2016-03-17 04:08:06,2016-03-17 04:29:52,2016-03-17 04:32:55,1007,113,0.5632560483870968,0,4,4,3,64686.0,21.916666666666668,269.8666666666667,4,{},deviant
122702,Traer informacion estudiante - banner,2016-03-17 02:32:41,2016-03-17 04:46:31,2016-03-17 04:46:31,19019,113,0.0,1,2,4,3,64702.65,265.0833333333333,286.51666666666665,4,{},deviant
120356,Radicar Solicitud Homologacion,2016-03-14 06:02:37,2016-03-17 05:16:04,2016-03-17 05:16:04,19019,110,0.10231854838709678,0,3,5,3,64732.2,4273.45,316.06666666666666,4,{},deviant
108452,Evaluacion curso,2016-03-07 18:38:55,2016-03-17 06:37:54,2016-03-17 07:03:37,19019,110,0.07787298387096774,0,6,6,3,64814.03333333333,13727.666666666666,397.9,4,{},regular
120357,Radicar Solicitud Homologacion,2016-03-14 07:47:33,2016-03-17 07:03:37,2016-03-17 07:03:37,19019,110,0.10231854838709678,0,3,6,3,64820.083333333336,4256.4,403.95,4,{},deviant
121406,Validar solicitud,2016-03-15 14:30:14,2016-03-17 07:39:14,2016-03-17 07:47:14,22475,105,0.24168346774193547,0,3,7,3,64875.36666666667,2469.0,459.23333333333335,4,{},deviant
122653,Cancelar Solicitud,2016-03-17 03:54:22,2016-03-17 07:05:43,2016-03-17 08:39:55,186,113,0.26537298387096775,0,3,7,3,64841.85,209.13333333333333,425.71666666666664,4,{},deviant
105505,Homologacion por grupo de cursos,2016-03-09 17:59:36,2016-03-17 08:49:46,2016-03-17 08:54:09,3445,114,0.5632560483870968,0,7,8,3,64945.9,10970.166666666666,529.7666666666667,4,{},regular
123201,Traer informacion estudiante - banner,2016-03-17 09:16:51,2016-03-17 09:16:51,2016-03-17 09:16:51,19019,113,0.0,0,1,9,3,64972.98333333333,64972.98333333333,556.85,4,{},deviant
122702,Radicar Solicitud Homologacion,2016-03-17 04:46:31,2016-03-17 09:37:58,2016-03-17 09:38:25,19019,112,0.10231854838709678,0,3,9,3,64994.1,291.45,577.9666666666667,4,{},deviant
123201,Radicar Solicitud Homologacion,2016-03-17 09:16:51,2016-03-17 10:24:15,2016-03-17 10:24:15,19019,113,0.10231854838709678,0,2,10,3,65040.38333333333,67.4,624.25,4,{},deviant
122054,Notificacion estudiante cancelacion soli,2016-03-16 07:32:06,2016-03-17 11:10:17,2016-03-17 11:10:17,22475,108,0.0,0,4,11,3,65086.416666666664,1658.25,670.2833333333333,4,{},deviant
121852,Validar solicitud,2016-03-15 23:30:37,2016-03-17 11:06:14,2016-03-17 11:11:23,2292,108,0.24168346774193547,0,3,11,3,65082.36666666667,2164.383333333333,666.2333333333333,4,{},deviant
122001,Validar solicitud,2016-03-15 23:40:19,2016-03-17 11:37:05,2016-03-17 11:37:05,6400,108,0.24168346774193547,0,3,11,3,65113.21666666667,2156.766666666667,697.0833333333334,4,{},deviant
120101,Cancelar Solicitud,2016-03-13 12:23:54,2016-03-17 12:30:18,2016-03-17 12:31:12,22404,104,0.26537298387096775,0,3,12,3,65166.433333333334,5766.4,750.3,4,{},deviant
121258,Homologacion por grupo de cursos,2016-03-16 12:46:24,2016-03-17 11:20:27,2016-03-17 12:49:53,3445,108,0.5632560483870968,0,4,11,3,65096.583333333336,1367.05,680.45,4,{},deviant
112501,Recepcion de documentos,2016-03-15 03:39:32,2016-03-17 10:42:48,2016-03-17 14:35:44,19019,103,0.014868951612903226,0,6,10,3,65058.933333333334,3321.8333333333335,642.8,4,{},regular
120303,Cancelar Solicitud,2016-03-13 18:04:49,2016-03-17 14:35:44,2016-03-17 14:48:27,19019,105,0.26537298387096775,1,3,12,3,65139.95,5410.15,723.8166666666667,4,{},deviant
120355,Notificacion estudiante cancelacion soli,2016-03-14 02:25:14,2016-03-17 14:59:41,2016-03-17 14:59:41,22475,110,0.0,0,3,14,3,65315.816666666666,5074.533333333334,899.6833333333333,4,{},deviant
122951,Cancelar Solicitud,2016-03-17 02:40:10,2016-03-17 14:48:27,2016-03-17 15:00:49,19019,113,0.26537298387096775,0,4,12,3,65178.6,606.05,762.4666666666667,4,{},deviant
123351,Traer informacion estudiante - banner,2016-03-17 12:51:52,2016-03-17 15:00:49,2016-03-17 15:00:49,19019,112,0.0,2,1,12,3,65188.0,65188.0,771.8666666666667,4,{},deviant
123401,Traer informacion estudiante - banner,2016-03-17 13:25:05,2016-03-17 15:00:49,2016-03-17 15:00:49,19019,113,0.0,3,1,13,3,65221.21666666667,65221.21666666667,805.0833333333334,4,{},deviant
122154,Notificacion estudiante cancelacion soli,2016-03-16 13:32:44,2016-03-17 15:31:45,2016-03-17 15:31:45,22475,107,0.0,0,4,15,3,65347.88333333333,1559.0333333333333,931.75,4,{},deviant
123401,Radicar Solicitud Homologacion,2016-03-17 15:00:49,2016-03-17 15:58:55,2016-03-17 16:03:27,19019,113,0.10231854838709678,0,2,15,3,65375.05,153.83333333333334,958.9166666666666,4,{},deviant
123351,Radicar Solicitud Homologacion,2016-03-17 15:00:49,2016-03-17 16:03:27,2016-03-17 16:03:27,19019,113,0.10231854838709678,1,2,16,3,65377.933333333334,189.93333333333334,961.8,4,{},deviant
123201,Cancelar Solicitud,2016-03-17 10:24:15,2016-03-17 13:55:45,2016-03-17 16:11:02,294,113,0.26537298387096775,0,3,13,3,65251.88333333333,211.5,835.75,4,{},deviant
121101,Notificacion estudiante cancelacion soli,2016-03-15 01:18:59,2016-03-17 16:11:02,2016-03-17 16:11:02,294,105,0.0,0,4,14,3,65301.26666666667,3869.0666666666666,885.1333333333333,4,{},deviant
123351,Validar solicitud,2016-03-17 16:03:27,2016-03-17 16:37:24,2016-03-17 16:40:57,22404,112,0.24168346774193547,0,3,16,3,65413.53333333333,35.6,997.4,4,{},deviant
123706,Traer informacion estudiante - banner,2016-03-17 16:41:11,2016-03-17 16:41:11,2016-03-17 16:41:11,2465,112,0.0,0,1,16,3,65417.316666666666,65417.316666666666,1001.1833333333333,4,{},deviant
123351,Homologacion por grupo de cursos,2016-03-17 16:40:57,2016-03-17 17:04:44,2016-03-17 17:09:10,22404,111,0.5632560483870968,0,4,17,3,65440.86666666667,27.333333333333332,1024.7333333333333,4,{},deviant
123706,Radicar Solicitud Homologacion,2016-03-17 16:41:11,2016-03-17 17:54:01,2016-03-17 17:54:01,2465,112,0.10231854838709678,0,2,17,3,65490.15,72.83333333333333,1074.0166666666667,4,{},deviant
121259,Homologacion por grupo de cursos,2016-03-16 18:41:15,2016-03-17 16:59:01,2016-03-17 18:15:15,1007,108,0.5632560483870968,0,4,16,3,65435.15,1339.9833333333333,1019.0166666666667,4,{},deviant
123707,Traer informacion estudiante - banner,2016-03-17 18:43:52,2016-03-17 18:43:52,2016-03-17 18:43:52,955,111,0.0,0,1,18,3,65540.0,65540.0,1123.8666666666666,4,{},deviant
123401,Cancelar Solicitud,2016-03-17 16:03:27,2016-03-17 19:04:54,2016-03-17 19:05:22,19019,112,0.26537298387096775,1,3,19,3,65561.03333333334,185.98333333333332,1144.9,4,{},deviant
121451,Validar solicitud,2016-03-15 17:36:43,2016-03-17 19:30:11,2016-03-17 19:32:29,22404,105,0.24168346774193547,0,3,19,3,65586.31666666667,2999.15,1170.1833333333334,4,{},deviant
123709,Traer informacion estudiante - banner,2016-03-17 19:43:53,2016-03-17 19:43:53,2016-03-17 19:43:53,19019,112,0.0,0,1,19,3,65600.01666666666,65600.01666666666,1183.8833333333334,4,{},deviant
121401,Homologacion por grupo de cursos,2016-03-16 20:49:22,2016-03-17 19:46:30,2016-03-17 19:54:30,19019,110,0.5632560483870968,0,4,19,3,65602.63333333333,1389.1333333333334,1186.5,4,{},deviant
123707,Radicar Solicitud Homologacion,2016-03-17 18:43:52,2016-03-17 20:02:16,2016-03-17 20:02:20,955,111,0.10231854838709678,0,2,20,3,65618.4,78.4,1202.2666666666667,4,{},deviant
123709,Radicar Solicitud Homologacion,2016-03-17 19:43:53,2016-03-17 20:56:43,2016-03-17 20:56:50,19019,112,0.10231854838709678,0,2,20,3,65672.85,72.83333333333333,1256.7166666666667,4,{},deviant
123612,Traer informacion estudiante - banner,2016-03-17 21:22:43,2016-03-17 21:22:43,2016-03-17 21:22:43,23530,112,0.0,0,1,21,3,65698.85,65698.85,1282.7166666666667,4,{},deviant
115310,Cancelar Solicitud,2016-03-08 12:19:27,2016-03-17 21:50:53,2016-03-17 21:51:16,12532,104,0.26537298387096775,0,4,21,3,65727.01666666666,13531.433333333332,1310.8833333333334,4,{},deviant
123613,Traer informacion estudiante - banner,2016-03-17 21:57:07,2016-03-17 21:57:07,2016-03-17 21:57:07,19019,113,0.0,0,1,21,3,65733.25,65733.25,1317.1166666666666,4,{},deviant
120353,Cancelar Solicitud,2016-03-14 01:58:42,2016-03-17 21:57:25,2016-03-17 21:57:28,22475,110,0.26537298387096775,0,3,21,3,65733.55,5542.85,1317.4166666666667,4,{},deviant
115851,Notificacion estudiante cancelacion soli,2016-03-09 23:07:17,2016-03-17 22:12:57,2016-03-17 22:12:57,1707,114,0.0,0,4,22,3,65749.08333333333,11466.833333333334,1332.95,4,{},deviant
31_CF,Evaluacion curso,2016-03-08 17:37:36,2016-03-17 22:14:43,2016-03-17 22:20:25,4067,108,0.07787298387096774,0,5,22,3,65750.85,13293.516666666666,1334.7166666666667,4,{},regular
123709,Validar solicitud,2016-03-17 20:56:50,2016-03-17 21:58:15,2016-03-17 22:38:35,677,111,0.24168346774193547,0,3,21,3,65734.38333333333,61.53333333333333,1318.25,4,{},deviant
123706,Cancelar Solicitud,2016-03-17 17:54:01,2016-03-17 22:29:17,2016-03-17 22:45:17,19019,111,0.26537298387096775,0,3,22,3,65765.41666666667,275.26666666666665,1349.2833333333333,4,{},deviant
123614,Traer informacion estudiante - banner,2016-03-17 22:35:35,2016-03-17 22:45:17,2016-03-17 22:45:17,19019,113,0.0,0,1,22,3,65771.71666666666,65771.71666666666,1355.5833333333333,4,{},deviant
123612,Radicar Solicitud Homologacion,2016-03-17 21:22:43,2016-03-17 22:35:33,2016-03-17 22:55:21,23530,112,0.10231854838709678,0,2,22,3,65771.68333333333,72.83333333333333,1355.55,4,{},deviant
123613,Radicar Solicitud Homologacion,2016-03-17 21:57:07,2016-03-17 23:04:31,2016-03-17 23:06:04,19019,113,0.10231854838709678,0,2,23,3,65800.65,67.4,1384.5166666666667,4,{},deviant
123614,Radicar Solicitud Homologacion,2016-03-17 22:45:17,2016-03-17 23:43:48,2016-03-17 23:51:48,19019,113,0.10231854838709678,0,2,23,3,65839.93333333333,68.21666666666667,1423.8,4,{},deviant
123707,Cancelar Solicitud,2016-03-17 20:02:20,2016-03-17 23:50:53,2016-03-17 23:52:54,22475,111,0.26537298387096775,0,3,23,3,65847.01666666666,228.61666666666667,1430.8833333333334,4,{},deviant
123615,Traer informacion estudiante - banner,2016-03-17 23:54:01,2016-03-17 23:54:01,2016-03-17 23:54:01,19019,114,0.0,0,1,23,3,65850.15,65850.15,1434.0166666666667,4,{},deviant
122308,Notificacion estudiante cancelacion soli,2016-03-16 23:17:19,2016-03-17 23:57:18,2016-03-17 23:57:18,19019,110,0.0,0,4,23,3,65853.43333333333,1488.8333333333333,1437.3,4,{},deviant
123613,Validar solicitud,2016-03-17 23:06:04,2016-03-17 23:56:02,2016-03-17 23:58:51,22475,113,0.24168346774193547,0,3,23,3,65852.16666666667,51.516666666666666,1436.0333333333333,4,{},deviant
123613,Homologacion por grupo de cursos,2016-03-17 23:58:51,2016-03-18 00:19:26,2016-03-18 00:20:35,22475,113,0.5632560483870968,0,4,0,3,65875.56666666667,23.4,19.433333333333334,5,{},deviant
123615,Radicar Solicitud Homologacion,2016-03-17 23:54:01,2016-03-18 00:47:02,2016-03-18 00:55:02,19019,114,0.10231854838709678,0,2,0,3,65903.16666666667,53.016666666666666,47.03333333333333,5,{},deviant
123615,Validar solicitud,2016-03-18 00:55:02,2016-03-18 00:55:06,2016-03-18 00:56:42,22475,112,0.24168346774193547,0,3,0,3,65911.23333333334,8.066666666666666,55.1,5,{},deviant
122252,Notificacion estudiante cancelacion soli,2016-03-16 22:27:48,2016-03-18 00:58:30,2016-03-18 00:58:30,19019,110,0.0,0,4,0,3,65914.63333333333,1594.75,58.5,5,{},deviant
123751,Traer informacion estudiante - banner,2016-03-18 01:03:49,2016-03-18 01:03:49,2016-03-18 01:03:49,19019,112,0.0,0,1,1,3,65919.95,65919.95,63.81666666666667,5,{},deviant
122304,Notificacion estudiante cancelacion soli,2016-03-16 23:27:28,2016-03-18 01:04:49,2016-03-18 01:04:49,1707,110,0.0,0,4,1,3,65920.95,1656.1833333333334,64.81666666666666,5,{},deviant
123751,Radicar Solicitud Homologacion,2016-03-18 01:03:49,2016-03-18 01:11:36,2016-03-18 01:11:36,1,112,0.10231854838709678,0,2,1,3,65927.73333333334,7.783333333333333,71.6,5,{},deviant
123709,Homologacion por grupo de cursos,2016-03-17 22:38:35,2016-03-17 23:09:31,2016-03-18 01:12:27,677,113,0.5632560483870968,0,4,23,3,65805.65,71.26666666666667,1389.5166666666667,4,{},deviant
123615,Homologacion por grupo de cursos,2016-03-18 00:56:42,2016-03-18 00:56:46,2016-03-18 01:31:09,22475,112,0.5632560483870968,0,4,0,3,65912.9,1.6666666666666667,56.766666666666666,5,{},deviant
123612,Cancelar Solicitud,2016-03-17 22:55:21,2016-03-18 02:30:52,2016-03-18 02:32:54,22404,113,0.26537298387096775,0,3,2,3,66007.0,235.31666666666666,150.86666666666667,5,{},deviant
123614,Cancelar Solicitud,2016-03-17 23:51:48,2016-03-18 02:44:01,2016-03-18 02:45:49,22475,113,0.26537298387096775,0,3,2,3,66020.15,180.21666666666667,164.01666666666668,5,{},deviant
108551,Homologacion por grupo de cursos,2016-03-08 21:48:03,2016-03-18 00:50:20,2016-03-18 04:09:18,3445,109,0.5632560483870968,0,6,0,3,65906.46666666666,13330.333333333334,50.333333333333336,5,{},regular
119053,Notificacion estudiante cancelacion soli,2016-03-13 03:22:03,2016-03-18 04:32:45,2016-03-18 04:32:45,186,103,0.0,0,4,4,3,66128.88333333333,7384.05,272.75,5,{},deviant
123752,Traer informacion estudiante - banner,2016-03-18 05:11:10,2016-03-18 05:11:10,2016-03-18 05:11:10,19019,109,0.0,0,1,5,3,66167.3,66167.3,311.1666666666667,5,{},deviant
123752,Radicar Solicitud Homologacion,2016-03-18 05:11:10,2016-03-18 05:16:41,2016-03-18 05:16:41,1,109,0.10231854838709678,0,2,5,3,66172.81666666667,5.516666666666667,316.68333333333334,5,{},deviant
123753,Traer informacion estudiante - banner,2016-03-18 08:11:29,2016-03-18 08:11:29,2016-03-18 08:11:29,19019,110,0.0,0,1,8,3,66347.61666666667,66347.61666666667,491.48333333333335,5,{},deviant
123753,Radicar Solicitud Homologacion,2016-03-18 08:11:29,2016-03-18 08:15:37,2016-03-18 08:15:37,1,110,0.10231854838709678,0,2,8,3,66351.75,4.133333333333334,495.6166666666667,5,{},deviant
123758,Traer informacion estudiante - banner,2016-03-18 09:31:48,2016-03-18 09:31:48,2016-03-18 09:31:48,11174,111,0.0,0,1,9,3,66427.93333333333,66427.93333333333,571.8,5,{},deviant
121206,Cancelar Solicitud,2016-03-15 03:01:54,2016-03-18 09:33:45,2016-03-18 09:33:45,22475,103,0.26537298387096775,0,4,9,3,66429.88333333333,4711.85,573.75,5,{},deviant
123758,Radicar Solicitud Homologacion,2016-03-18 09:31:48,2016-03-18 09:34:35,2016-03-18 09:34:35,1,111,0.10231854838709678,0,2,9,3,66430.71666666666,2.783333333333333,574.5833333333334,5,{},deviant
123752,Validar solicitud,2016-03-18 05:16:41,2016-03-18 09:50:33,2016-03-18 09:50:34,677,109,0.24168346774193547,0,3,9,3,66446.68333333333,273.8666666666667,590.55,5,{},deviant
123751,Validar solicitud,2016-03-18 01:11:36,2016-03-18 10:08:14,2016-03-18 10:08:14,677,111,0.24168346774193547,0,3,10,3,66464.36666666667,536.6333333333333,608.2333333333333,5,{},deviant
122652,Notificacion estudiante cancelacion soli,2016-03-17 03:10:21,2016-03-18 10:18:01,2016-03-18 10:18:01,186,113,0.0,0,4,10,3,66474.15,1962.4166666666667,618.0166666666667,5,{},deviant
123766,Traer informacion estudiante - banner,2016-03-18 10:46:28,2016-03-18 10:46:28,2016-03-18 10:46:28,12532,110,0.0,0,1,10,3,66502.6,66502.6,646.4666666666667,5,{},deviant
123752,Homologacion por grupo de cursos,2016-03-18 09:50:34,2016-03-18 10:19:55,2016-03-18 10:57:02,3445,110,0.5632560483870968,0,4,10,3,66476.05,29.366666666666667,619.9166666666666,5,{},deviant
123766,Radicar Solicitud Homologacion,2016-03-18 10:46:28,2016-03-18 11:10:39,2016-03-18 11:10:39,1,110,0.10231854838709678,0,2,11,3,66526.78333333334,24.183333333333334,670.65,5,{},deviant
120359,Traer informacion estudiante - banner,2016-03-14 07:44:13,2016-03-18 11:18:52,2016-03-18 11:18:52,19019,110,0.0,0,3,11,3,66535.0,5974.65,678.8666666666667,5,{},deviant
121151,Notificacion estudiante cancelacion soli,2016-03-15 02:55:07,2016-03-18 11:34:40,2016-03-18 11:34:40,241,103,0.0,0,4,11,3,66550.8,4927.583333333333,694.6666666666666,5,{},deviant
123767,Traer informacion estudiante - banner,2016-03-18 11:55:45,2016-03-18 11:55:45,2016-03-18 11:55:45,19019,109,0.0,0,1,11,3,66571.88333333333,66571.88333333333,715.75,5,{},deviant
123767,Radicar Solicitud Homologacion,2016-03-18 11:55:45,2016-03-18 12:21:20,2016-03-18 12:21:20,1,109,0.10231854838709678,0,2,12,3,66597.46666666666,25.583333333333332,741.3333333333334,5,{},deviant
123753,Validar solicitud,2016-03-18 08:15:37,2016-03-18 12:47:48,2016-03-18 12:47:50,677,110,0.24168346774193547,0,3,12,3,66623.93333333333,272.18333333333334,767.8,5,{},deviant
123769,Traer informacion estudiante - banner,2016-03-18 13:15:32,2016-03-18 13:15:32,2016-03-18 13:15:32,19019,110,0.0,0,1,13,3,66651.66666666667,66651.66666666667,795.5333333333333,5,{},deviant
123769,Radicar Solicitud Homologacion,2016-03-18 13:15:32,2016-03-18 13:39:43,2016-03-18 13:39:43,1,110,0.10231854838709678,0,2,13,3,66675.85,24.183333333333334,819.7166666666667,5,{},deviant
123771,Traer informacion estudiante - banner,2016-03-18 13:42:35,2016-03-18 13:42:35,2016-03-18 13:42:35,19019,111,0.0,0,1,13,3,66678.71666666666,66678.71666666666,822.5833333333334,5,{},deviant
123771,Radicar Solicitud Homologacion,2016-03-18 13:42:35,2016-03-18 14:05:25,2016-03-18 14:05:25,1,111,0.10231854838709678,0,2,14,3,66701.55,22.833333333333332,845.4166666666666,5,{},deviant
123758,Validar solicitud,2016-03-18 09:34:35,2016-03-18 14:07:02,2016-03-18 14:07:06,19019,110,0.24168346774193547,0,3,14,3,66703.16666666667,272.45,847.0333333333333,5,{},deviant
123902,Traer informacion estudiante - banner,2016-03-18 14:38:13,2016-03-18 14:38:13,2016-03-18 14:38:13,19019,112,0.0,0,1,14,3,66734.35,66734.35,878.2166666666667,5,{},deviant
123902,Radicar Solicitud Homologacion,2016-03-18 14:38:13,2016-03-18 14:59:43,2016-03-18 14:59:59,19019,112,0.10231854838709678,0,2,14,3,66755.85,21.5,899.7166666666667,5,{},deviant
122702,Cancelar Solicitud,2016-03-17 09:38:25,2016-03-18 15:40:48,2016-03-18 15:40:48,19019,113,0.26537298387096775,0,4,15,3,66796.93333333333,1802.8333333333333,940.8,5,{},deviant
123753,Homologacion por grupo de cursos,2016-03-18 12:47:50,2016-03-18 15:32:18,2016-03-18 16:09:20,3445,109,0.5632560483870968,0,4,15,3,66788.43333333333,164.5,932.3,5,{},deviant
112501,Homologacion por grupo de cursos,2016-03-17 14:35:44,2016-03-18 11:12:22,2016-03-18 16:21:19,6952,113,0.5632560483870968,0,7,11,3,66528.5,1469.5666666666666,672.3666666666667,5,{},regular
122653,Notificacion estudiante cancelacion soli,2016-03-17 08:39:55,2016-03-18 18:18:50,2016-03-18 18:18:50,186,112,0.0,0,4,18,3,66954.96666666666,2113.116666666667,1098.8333333333333,5,{},deviant
123758,Homologacion por grupo de cursos,2016-03-18 14:07:06,2016-03-18 16:41:36,2016-03-18 18:36:56,19019,111,0.5632560483870968,0,4,16,3,66857.73333333334,154.56666666666666,1001.6,5,{},deviant
123903,Traer informacion estudiante - banner,2016-03-18 16:56:37,2016-03-18 18:36:56,2016-03-18 18:36:56,19019,111,0.0,0,1,16,3,66872.75,66872.75,1016.6166666666667,5,{},deviant
123904,Traer informacion estudiante - banner,2016-03-18 17:42:20,2016-03-18 18:36:56,2016-03-18 18:36:56,19019,112,0.0,1,1,17,3,66918.46666666666,66918.46666666666,1062.3333333333333,5,{},deviant
123904,Radicar Solicitud Homologacion,2016-03-18 18:36:56,2016-03-18 18:37:00,2016-03-18 18:37:02,19019,110,0.10231854838709678,0,2,18,3,66973.13333333333,54.666666666666664,1117.0,5,{},deviant
123903,Radicar Solicitud Homologacion,2016-03-18 18:36:56,2016-03-18 18:37:18,2016-03-18 18:37:21,19019,110,0.10231854838709678,1,2,18,3,66973.43333333333,100.68333333333334,1117.3,5,{},deviant
123905,Traer informacion estudiante - banner,2016-03-18 19:19:00,2016-03-18 19:19:00,2016-03-18 19:19:00,19019,111,0.0,0,1,19,3,67015.13333333333,67015.13333333333,1159.0,5,{},deviant
123905,Radicar Solicitud Homologacion,2016-03-18 19:19:00,2016-03-18 19:21:47,2016-03-18 19:21:51,19019,111,0.10231854838709678,0,2,19,3,67017.91666666667,2.783333333333333,1161.7833333333333,5,{},deviant
123906,Traer informacion estudiante - banner,2016-03-18 19:47:29,2016-03-18 19:47:29,2016-03-18 19:47:29,19019,112,0.0,0,1,19,3,67043.61666666667,67043.61666666667,1187.4833333333333,5,{},deviant
123906,Radicar Solicitud Homologacion,2016-03-18 19:47:29,2016-03-18 19:48:57,2016-03-18 19:48:57,19019,112,0.10231854838709678,0,2,19,3,67045.08333333333,1.4666666666666666,1188.95,5,{},deviant
123766,Validar solicitud,2016-03-18 11:10:39,2016-03-18 20:10:33,2016-03-18 20:10:51,19019,109,0.24168346774193547,0,3,20,3,67066.68333333333,539.9,1210.55,5,{},deviant
123956,Traer informacion estudiante - banner,2016-03-18 20:38:04,2016-03-18 20:38:04,2016-03-18 20:38:04,19019,113,0.0,0,1,20,3,67094.2,67094.2,1238.0666666666666,5,{},deviant
123956,Radicar Solicitud Homologacion,2016-03-18 20:38:04,2016-03-18 20:38:08,2016-03-18 20:38:19,19019,113,0.10231854838709678,0,2,20,3,67094.26666666666,0.06666666666666667,1238.1333333333334,5,{},deviant
121852,Homologacion por grupo de cursos,2016-03-17 11:11:23,2016-03-18 23:05:30,2016-03-18 23:16:35,7387,112,0.5632560483870968,0,4,23,3,67241.63333333333,2159.266666666667,1385.5,5,{},deviant
112501,Evaluacion curso,2016-03-18 16:21:19,2016-03-18 20:21:42,2016-03-18 23:43:31,7297,110,0.07787298387096774,0,8,20,3,67077.83333333333,549.3333333333334,1221.7,5,{},regular
123961,Traer informacion estudiante - banner,2016-03-18 23:43:59,2016-03-18 23:43:59,2016-03-18 23:43:59,19019,113,0.0,0,1,23,3,67280.11666666667,67280.11666666667,1423.9833333333333,5,{},deviant
123961,Radicar Solicitud Homologacion,2016-03-18 23:43:59,2016-03-18 23:44:09,2016-03-19 00:08:07,19019,113,0.10231854838709678,0,2,23,3,67280.28333333334,0.16666666666666666,1424.15,5,{},deviant
123767,Validar solicitud,2016-03-18 12:21:20,2016-03-19 00:10:39,2016-03-19 00:11:07,2292,109,0.24168346774193547,0,3,0,3,67306.78333333334,709.3166666666667,10.65,6,{},deviant
123906,Validar solicitud,2016-03-18 19:48:57,2016-03-19 00:17:48,2016-03-19 00:18:11,22404,112,0.24168346774193547,0,3,0,3,67313.93333333333,268.85,17.8,6,{},deviant
123769,Validar solicitud,2016-03-18 13:39:43,2016-03-19 01:29:12,2016-03-19 01:29:13,2292,110,0.24168346774193547,0,3,1,3,67385.33333333333,709.4833333333333,89.2,6,{},deviant
121406,Homologacion por grupo de cursos,2016-03-17 07:47:14,2016-03-19 01:35:36,2016-03-19 01:39:36,22475,112,0.5632560483870968,0,4,1,3,67391.73333333334,2516.366666666667,95.6,6,{},deviant
123771,Validar solicitud,2016-03-18 14:05:25,2016-03-19 01:55:06,2016-03-19 01:55:07,22475,111,0.24168346774193547,0,3,1,3,67411.23333333334,709.6833333333333,115.1,6,{},deviant
123766,Homologacion por grupo de cursos,2016-03-18 20:10:51,2016-03-19 00:21:25,2016-03-19 02:16:20,19019,112,0.5632560483870968,0,4,0,3,67317.55,250.86666666666667,21.416666666666668,6,{},deviant
101803,Visto Bueno Cierre Proceso,2016-03-10 05:34:10,2016-03-19 02:41:07,2016-03-19 02:41:07,3445,112,0.03276209677419355,0,8,2,3,67457.25,12806.95,161.11666666666667,6,{},regular
123201,Notificacion estudiante cancelacion soli,2016-03-17 16:11:02,2016-03-19 03:08:57,2016-03-19 03:08:57,294,112,0.0,1,4,3,3,67485.08333333333,2233.2,188.95,6,{},deviant
115701,Homologacion por grupo de cursos,2016-03-14 08:51:30,2016-03-19 04:26:50,2016-03-19 04:43:53,3445,109,0.5632560483870968,0,5,4,3,67562.96666666666,6943.566666666667,266.8333333333333,6,{},deviant
118403,Notificacion estudiante cancelacion soli,2016-03-12 21:16:22,2016-03-19 06:07:48,2016-03-19 06:07:48,22950,105,0.0,0,4,6,3,67663.93333333333,9174.033333333333,367.8,6,{},deviant
112501,Evaluacion curso,2016-03-18 23:43:31,2016-03-19 02:16:20,2016-03-19 07:05:45,19019,112,0.07787298387096774,0,9,0,3,67325.76666666666,247.93333333333334,29.633333333333333,6,{},regular
119054,Notificacion estudiante cancelacion soli,2016-03-12 22:14:27,2016-03-19 07:05:45,2016-03-19 07:05:45,19019,106,0.0,0,4,2,3,67447.33333333333,8897.0,151.2,6,{},deviant
123962,Traer informacion estudiante - banner,2016-03-19 02:51:36,2016-03-19 07:05:45,2016-03-19 07:05:45,19019,111,0.0,1,1,2,3,67467.73333333334,67467.73333333334,171.6,6,{},deviant
123963,Traer informacion estudiante - banner,2016-03-19 03:42:00,2016-03-19 07:05:45,2016-03-19 07:05:45,19019,111,0.0,2,1,3,3,67518.13333333333,67518.13333333333,222.0,6,{},deviant
123401,Notificacion estudiante cancelacion soli,2016-03-17 19:05:22,2016-03-19 07:05:45,2016-03-19 07:05:45,19019,111,0.0,0,4,4,3,67556.38333333333,1995.35,260.25,6,{},deviant
123964,Traer informacion estudiante - banner,2016-03-19 04:24:33,2016-03-19 07:05:45,2016-03-19 07:05:45,19019,112,0.0,4,1,4,3,67560.68333333333,67560.68333333333,264.55,6,{},deviant
122951,Notificacion estudiante cancelacion soli,2016-03-17 15:00:49,2016-03-19 07:05:45,2016-03-19 07:05:45,19019,113,0.0,2,5,4,3,67577.95,2399.35,281.81666666666666,6,{},deviant
118209,Notificacion estudiante cancelacion soli,2016-03-13 04:59:32,2016-03-19 07:05:45,2016-03-19 07:05:45,19019,104,0.0,0,4,6,3,67677.25,8728.55,381.1166666666667,6,{},deviant
123962,Radicar Solicitud Homologacion,2016-03-19 07:05:45,2016-03-19 08:02:06,2016-03-19 08:26:19,19019,108,0.10231854838709678,5,2,8,3,67778.23333333334,310.5,482.1,6,{},deviant
123963,Radicar Solicitud Homologacion,2016-03-19 07:05:45,2016-03-19 08:26:19,2016-03-19 08:54:23,19019,108,0.10231854838709678,4,2,8,3,67778.23333333334,260.1,482.1,6,{},deviant
123964,Radicar Solicitud Homologacion,2016-03-19 07:05:45,2016-03-19 08:54:23,2016-03-19 08:59:10,19019,107,0.10231854838709678,2,2,8,3,67779.35,218.66666666666666,483.21666666666664,6,{},deviant
121551,Cancelar Solicitud,2016-03-15 20:39:09,2016-03-19 09:24:31,2016-03-19 09:24:31,19019,106,0.26537298387096775,0,3,9,3,67860.65,5085.366666666667,564.5166666666667,6,{},deviant
123707,Notificacion estudiante cancelacion soli,2016-03-17 23:52:54,2016-03-19 09:47:00,2016-03-19 09:47:00,22475,113,0.0,0,4,9,3,67883.13333333333,2036.1166666666666,587.0,6,{},deviant
115309,Notificacion estudiante cancelacion soli,2016-03-10 06:55:36,2016-03-19 11:07:13,2016-03-19 11:07:13,12532,112,0.0,0,5,11,3,67963.35,13212.05,667.2166666666667,6,{},deviant
119901,Notificacion estudiante cancelacion soli,2016-03-14 14:12:39,2016-03-19 12:23:56,2016-03-19 12:23:56,19019,106,0.0,0,4,12,3,68040.06666666667,7097.766666666666,743.9333333333333,6,{},deviant
121755,Cancelar Solicitud,2016-03-15 22:25:17,2016-03-19 12:33:36,2016-03-19 14:01:36,241,107,0.26537298387096775,0,3,12,3,68049.73333333334,5168.333333333333,753.6,6,{},deviant
123706,Notificacion estudiante cancelacion soli,2016-03-17 22:45:17,2016-03-19 14:54:13,2016-03-19 14:54:13,19019,113,0.0,1,4,14,3,68190.35,2424.9333333333334,894.2166666666667,6,{},deviant
124152,Traer informacion estudiante - banner,2016-03-19 15:51:54,2016-03-19 15:51:54,2016-03-19 15:51:54,19019,102,0.0,0,1,15,3,68248.03333333334,68248.03333333334,951.9,6,{},deviant
111454,Homologacion por grupo de cursos,2016-03-14 01:13:34,2016-03-19 15:26:41,2016-03-19 17:41:09,1007,111,0.5632560483870968,0,6,15,3,68222.81666666667,8066.5,926.6833333333333,6,{},regular
124152,Radicar Solicitud Homologacion,2016-03-19 15:51:54,2016-03-19 18:25:28,2016-03-19 18:45:24,19019,102,0.10231854838709678,0,2,18,3,68401.6,153.56666666666666,1105.4666666666667,6,{},deviant
123614,Notificacion estudiante cancelacion soli,2016-03-18 02:45:49,2016-03-19 19:07:19,2016-03-19 19:07:19,22475,109,0.0,0,4,19,3,68443.45,2423.3,1147.3166666666666,6,{},deviant
124156,Traer informacion estudiante - banner,2016-03-19 19:47:24,2016-03-19 19:47:24,2016-03-19 19:47:24,19019,102,0.0,0,1,19,3,68483.53333333334,68483.53333333334,1187.4,6,{},deviant
123903,Cancelar Solicitud,2016-03-18 18:37:21,2016-03-19 20:06:54,2016-03-19 20:07:00,19019,110,0.26537298387096775,0,3,20,3,68503.03333333334,1529.6,1206.9,6,{},deviant
123904,Cancelar Solicitud,2016-03-18 18:37:02,2016-03-19 20:12:48,2016-03-19 20:12:51,19019,110,0.26537298387096775,0,3,20,3,68508.93333333333,1535.8,1212.8,6,{},deviant
123956,Cancelar Solicitud,2016-03-18 20:38:19,2016-03-19 20:15:53,2016-03-19 20:15:57,19019,113,0.26537298387096775,0,3,20,3,68512.01666666666,1417.75,1215.8833333333334,6,{},deviant
121451,Homologacion por grupo de cursos,2016-03-17 19:32:29,2016-03-19 20:15:22,2016-03-19 20:29:20,22404,111,0.5632560483870968,0,4,20,3,68511.5,2925.1833333333334,1215.3666666666666,6,{},deviant
124158,Traer informacion estudiante - banner,2016-03-19 20:47:02,2016-03-19 20:47:02,2016-03-19 20:47:02,19019,102,0.0,0,1,20,3,68543.16666666667,68543.16666666667,1247.0333333333333,6,{},deviant
123612,Notificacion estudiante cancelacion soli,2016-03-18 02:32:54,2016-03-19 21:21:05,2016-03-19 21:21:05,22404,109,0.0,0,4,21,3,68577.21666666666,2570.2166666666667,1281.0833333333333,6,{},deviant
124156,Radicar Solicitud Homologacion,2016-03-19 19:47:24,2016-03-19 21:26:39,2016-03-19 21:26:39,19019,102,0.10231854838709678,0,2,21,3,68582.78333333334,99.25,1286.65,6,{},deviant
123905,Cancelar Solicitud,2016-03-18 19:21:51,2016-03-19 21:36:48,2016-03-19 21:36:57,19019,111,0.26537298387096775,0,3,21,3,68592.93333333333,1575.0166666666667,1296.8,6,{},deviant
115311,Notificacion estudiante cancelacion soli,2016-03-09 23:26:17,2016-03-19 21:56:43,2016-03-19 21:56:43,19019,114,0.0,0,4,21,3,68612.85,14310.433333333332,1316.7166666666667,6,{},deviant
124158,Radicar Solicitud Homologacion,2016-03-19 20:47:02,2016-03-19 22:26:17,2016-03-19 22:26:17,19019,102,0.10231854838709678,0,2,22,3,68642.41666666667,99.25,1346.2833333333333,6,{},deviant
115801,Notificacion estudiante cancelacion soli,2016-03-10 03:01:36,2016-03-19 22:36:30,2016-03-19 22:36:30,6694,111,0.0,0,4,22,3,68652.63333333333,14134.9,1356.5,6,{},deviant
124301,Traer informacion estudiante - banner,2016-03-20 00:43:20,2016-03-20 00:43:20,2016-03-20 00:43:20,19019,100,0.0,0,1,0,3,68779.46666666666,68779.46666666666,43.333333333333336,7,{},deviant
124405,Traer informacion estudiante - banner,2016-03-20 01:26:29,2016-03-20 01:26:29,2016-03-20 01:26:29,19019,101,0.0,0,1,1,3,68822.61666666667,68822.61666666667,86.48333333333333,7,{},deviant
124301,Radicar Solicitud Homologacion,2016-03-20 00:43:20,2016-03-20 05:32:26,2016-03-20 05:32:26,19019,100,0.10231854838709678,0,2,5,3,69068.56666666667,289.1,332.43333333333334,7,{},deviant
124405,Radicar Solicitud Homologacion,2016-03-20 01:26:29,2016-03-20 06:19:49,2016-03-20 06:19:49,19019,101,0.10231854838709678,0,2,6,3,69115.95,293.3333333333333,379.81666666666666,7,{},deviant
121601,Notificacion estudiante cancelacion soli,2016-03-15 17:51:24,2016-03-20 06:54:41,2016-03-20 06:54:41,1,105,0.0,0,3,6,3,69150.81666666667,6543.283333333334,414.68333333333334,7,{},deviant
123906,Homologacion por grupo de cursos,2016-03-19 00:18:11,2016-03-20 07:29:35,2016-03-20 09:01:11,4560,113,0.5632560483870968,0,4,7,3,69185.71666666666,1871.7833333333333,449.5833333333333,7,{},deviant
123902,Cancelar Solicitud,2016-03-18 14:59:59,2016-03-20 11:18:53,2016-03-20 11:21:05,19019,112,0.26537298387096775,0,3,11,3,69415.01666666666,2659.1666666666665,678.8833333333333,7,{},deviant
118901,Radicar Solicitud Homologacion,2016-03-16 03:51:30,2016-03-20 11:35:34,2016-03-20 11:35:34,19019,107,0.10231854838709678,0,4,11,3,69431.7,6224.066666666667,695.5666666666667,7,{},deviant
119955,Notificacion estudiante cancelacion soli,2016-03-15 08:36:31,2016-03-20 14:58:48,2016-03-20 14:58:48,19019,103,0.0,0,4,14,3,69634.93333333333,7582.316666666667,898.8,7,{},deviant
124501,Traer informacion estudiante - banner,2016-03-20 15:10:35,2016-03-20 15:10:35,2016-03-20 15:10:35,15315,98,0.0,0,1,15,3,69646.71666666666,69646.71666666666,910.5833333333334,7,{},deviant
124651,Traer informacion estudiante - banner,2016-03-20 15:48:41,2016-03-20 15:48:41,2016-03-20 15:48:41,19019,99,0.0,0,1,15,3,69684.81666666667,69684.81666666667,948.6833333333333,7,{},deviant
105506,Visto Bueno Cierre Proceso,2016-03-13 11:22:36,2016-03-20 16:03:23,2016-03-20 16:09:12,1007,103,0.03276209677419355,0,8,16,3,69699.51666666666,10360.783333333333,963.3833333333333,7,{},regular
111951,Evaluacion curso,2016-03-13 20:19:06,2016-03-20 17:42:04,2016-03-20 18:21:05,15930,107,0.07787298387096774,0,6,17,3,69798.2,10023.85,1062.0666666666666,7,{},regular
124702,Traer informacion estudiante - banner,2016-03-20 18:24:09,2016-03-20 18:24:09,2016-03-20 18:24:09,19019,99,0.0,0,1,18,3,69840.28333333334,69840.28333333334,1104.15,7,{},deviant
124501,Radicar Solicitud Homologacion,2016-03-20 15:10:35,2016-03-20 19:51:18,2016-03-20 19:51:18,15315,98,0.10231854838709678,0,2,19,3,69927.43333333333,280.71666666666664,1191.3,7,{},deviant
124651,Radicar Solicitud Homologacion,2016-03-20 15:48:41,2016-03-20 20:33:35,2016-03-20 20:33:35,19019,99,0.10231854838709678,0,2,20,3,69969.71666666666,284.9,1233.5833333333333,7,{},deviant
123964,Validar solicitud,2016-03-19 08:59:10,2016-03-20 22:02:03,2016-03-20 22:02:03,22404,105,0.24168346774193547,0,3,22,3,70058.18333333333,2278.8333333333335,1322.05,7,{},deviant
44_CF,Visto Bueno Cierre Proceso,2016-03-13 14:39:46,2016-03-20 22:40:37,2016-03-20 22:41:08,1007,104,0.03276209677419355,0,8,22,3,70096.75,10566.35,1360.6166666666666,7,{},regular
124702,Radicar Solicitud Homologacion,2016-03-20 18:24:09,2016-03-20 23:09:03,2016-03-20 23:09:12,19019,99,0.10231854838709678,0,2,23,3,70125.18333333333,284.9,1389.05,7,{},deviant
124703,Traer informacion estudiante - banner,2016-03-20 23:36:37,2016-03-20 23:36:37,2016-03-20 23:36:37,19019,99,0.0,0,1,23,3,70152.75,70152.75,1416.6166666666666,7,{},deviant
124704,Traer informacion estudiante - banner,2016-03-21 01:08:42,2016-03-21 01:08:42,2016-03-21 01:08:42,19019,100,0.0,0,1,1,3,70244.83333333333,70244.83333333333,68.7,1,{},deviant
124704,Radicar Solicitud Homologacion,2016-03-21 01:08:42,2016-03-21 02:00:04,2016-03-21 02:00:17,19019,100,0.10231854838709678,0,2,2,3,70296.2,51.36666666666667,120.06666666666666,1,{},deviant
124564,Traer informacion estudiante - banner,2016-03-21 02:22:59,2016-03-21 02:22:59,2016-03-21 02:22:59,19019,101,0.0,0,1,2,3,70319.11666666667,70319.11666666667,142.98333333333332,1,{},deviant
124564,Radicar Solicitud Homologacion,2016-03-21 02:22:59,2016-03-21 03:14:36,2016-03-21 03:42:36,19019,101,0.10231854838709678,0,2,3,3,70370.73333333334,51.61666666666667,194.6,1,{},deviant
124703,Radicar Solicitud Homologacion,2016-03-20 23:36:37,2016-03-21 04:21:31,2016-03-21 04:25:47,19019,99,0.10231854838709678,0,2,4,3,70437.65,284.9,261.51666666666665,1,{},deviant
124572,Traer informacion estudiante - banner,2016-03-21 04:34:09,2016-03-21 04:34:09,2016-03-21 04:34:09,19019,102,0.0,0,1,4,3,70450.28333333334,70450.28333333334,274.15,1,{},deviant
124572,Radicar Solicitud Homologacion,2016-03-21 04:34:09,2016-03-21 05:26:01,2016-03-21 05:28:05,19019,102,0.10231854838709678,0,2,5,3,70502.15,51.86666666666667,326.01666666666665,1,{},deviant
124712,Traer informacion estudiante - banner,2016-03-21 06:07:14,2016-03-21 06:07:14,2016-03-21 06:07:14,19019,103,0.0,0,1,6,3,70543.36666666667,70543.36666666667,367.23333333333335,1,{},deviant
124704,Cancelar Solicitud,2016-03-21 02:00:17,2016-03-21 06:24:07,2016-03-21 06:25:50,19019,100,0.26537298387096775,0,3,6,3,70560.25,264.05,384.1166666666667,1,{},deviant
124712,Radicar Solicitud Homologacion,2016-03-21 06:07:14,2016-03-21 06:59:21,2016-03-21 06:59:23,19019,103,0.10231854838709678,0,2,6,3,70595.48333333334,52.11666666666667,419.35,1,{},deviant
119953,Notificacion estudiante cancelacion soli,2016-03-15 12:53:29,2016-03-21 07:05:06,2016-03-21 07:05:06,19019,103,0.0,0,4,7,3,70601.23333333334,8291.716666666667,425.1,1,{},deviant
108751,Validacion final,2016-03-14 08:29:45,2016-03-21 07:30:44,2016-03-21 07:30:45,716,109,0.010080645161290322,0,7,7,3,70626.86666666667,10021.266666666666,450.73333333333335,1,{},regular
123751,Cancelar Solicitud,2016-03-18 10:08:14,2016-03-21 07:57:52,2016-03-21 07:57:57,677,110,0.26537298387096775,0,4,7,3,70654.0,4189.633333333333,477.8666666666667,1,{},deviant
111655,Evaluacion curso,2016-03-14 01:58:35,2016-03-21 07:45:21,2016-03-21 08:00:16,19019,110,0.07787298387096774,3,6,7,3,70641.48333333334,10596.216666666667,465.35,1,{},deviant
116402,Cancelar Solicitud,2016-03-12 00:16:21,2016-03-21 08:27:03,2016-03-21 08:27:03,22475,110,0.26537298387096775,0,4,8,3,70683.18333333333,13450.7,507.05,1,{},deviant
123961,Cancelar Solicitud,2016-03-19 00:08:07,2016-03-21 09:19:52,2016-03-21 09:19:59,22475,113,0.26537298387096775,0,3,9,3,70736.0,3455.7166666666667,559.8666666666667,1,{},deviant
124564,Cancelar Solicitud,2016-03-21 03:42:36,2016-03-21 08:09:53,2016-03-21 09:20:48,241,101,0.26537298387096775,0,3,8,3,70666.01666666666,295.28333333333336,489.8833333333333,1,{},deviant
124713,Traer informacion estudiante - banner,2016-03-21 09:27:53,2016-03-21 09:27:53,2016-03-21 09:27:53,19019,102,0.0,0,1,9,3,70744.01666666666,70744.01666666666,567.8833333333333,1,{},deviant
124712,Validar solicitud,2016-03-21 06:59:23,2016-03-21 09:15:52,2016-03-21 09:33:33,920,103,0.24168346774193547,0,3,9,3,70732.0,136.51666666666668,555.8666666666667,1,{},deviant
124572,Cancelar Solicitud,2016-03-21 05:28:05,2016-03-21 09:58:51,2016-03-21 09:58:55,19019,102,0.26537298387096775,0,3,9,3,70774.98333333334,272.8333333333333,598.85,1,{},deviant
119403,Notificacion estudiante cancelacion soli,2016-03-15 04:20:07,2016-03-21 10:14:39,2016-03-21 10:14:39,22404,103,0.0,0,4,10,3,70790.78333333334,9021.033333333333,614.65,1,{},deviant
124713,Radicar Solicitud Homologacion,2016-03-21 09:27:53,2016-03-21 10:19:16,2016-03-21 10:19:18,19019,102,0.10231854838709678,0,2,10,3,70795.4,51.38333333333333,619.2666666666667,1,{},deviant
124852,Traer informacion estudiante - banner,2016-03-21 11:54:15,2016-03-21 11:54:15,2016-03-21 11:54:15,19019,102,0.0,0,1,11,3,70890.38333333333,70890.38333333333,714.25,1,{},deviant
123964,Homologacion por grupo de cursos,2016-03-20 22:02:03,2016-03-21 11:45:47,2016-03-21 12:17:47,22404,99,0.5632560483870968,0,4,11,3,70881.91666666667,823.7333333333333,705.7833333333333,1,{},deviant
120151,Homologacion por grupo de cursos,2016-03-16 13:40:01,2016-03-21 11:40:12,2016-03-21 12:47:13,957,107,0.5632560483870968,0,4,11,3,70876.33333333333,7083.183333333333,700.2,1,{},deviant
124713,Validar solicitud,2016-03-21 10:19:18,2016-03-21 12:31:57,2016-03-21 12:49:36,920,101,0.24168346774193547,0,3,12,3,70928.08333333333,132.68333333333334,751.95,1,{},deviant
124852,Radicar Solicitud Homologacion,2016-03-21 11:54:15,2016-03-21 12:57:32,2016-03-21 12:57:37,19019,102,0.10231854838709678,0,2,12,3,70953.66666666667,63.28333333333333,777.5333333333333,1,{},deviant
124712,Homologacion por grupo de cursos,2016-03-21 09:33:33,2016-03-21 12:49:36,2016-03-21 13:01:36,920,102,0.5632560483870968,0,4,12,3,70937.16666666667,205.16666666666666,761.0333333333333,1,{},deviant
121251,Notificacion estudiante cancelacion soli,2016-03-15 11:27:36,2016-03-21 14:06:22,2016-03-21 14:06:22,22404,103,0.0,0,4,14,3,71022.5,8798.766666666666,846.3666666666667,1,{},deviant
124781,Traer informacion estudiante - banner,2016-03-21 14:10:28,2016-03-21 14:10:28,2016-03-21 14:10:28,19019,99,0.0,0,1,14,3,71026.6,71026.6,850.4666666666667,1,{},deviant
124787,Traer informacion estudiante - banner,2016-03-21 14:57:15,2016-03-21 14:57:15,2016-03-21 14:57:15,19019,100,0.0,0,1,14,3,71073.38333333333,71073.38333333333,897.25,1,{},deviant
124781,Radicar Solicitud Homologacion,2016-03-21 14:10:28,2016-03-21 15:01:36,2016-03-21 15:16:29,19019,99,0.10231854838709678,0,2,15,3,71077.73333333334,51.13333333333333,901.6,1,{},deviant
124852,Validar solicitud,2016-03-21 12:57:37,2016-03-21 15:53:43,2016-03-21 15:55:23,2292,100,0.24168346774193547,0,3,15,3,71129.85,176.18333333333334,953.7166666666667,1,{},deviant
124787,Radicar Solicitud Homologacion,2016-03-21 14:57:15,2016-03-21 15:48:37,2016-03-21 15:57:32,19019,100,0.10231854838709678,0,2,15,3,71124.75,51.36666666666667,948.6166666666667,1,{},deviant
124713,Homologacion por grupo de cursos,2016-03-21 12:49:36,2016-03-21 15:51:56,2016-03-21 16:03:54,920,100,0.5632560483870968,1,4,15,3,71128.06666666667,199.98333333333332,951.9333333333333,1,{},deviant
120351,Validar solicitud,2016-03-15 04:07:13,2016-03-21 16:04:05,2016-03-21 16:04:05,18929,103,0.24168346774193547,0,4,16,3,71140.21666666666,9356.916666666666,964.0833333333334,1,{},deviant
124860,Traer informacion estudiante - banner,2016-03-21 16:42:16,2016-03-21 16:42:16,2016-03-21 16:42:16,19019,99,0.0,0,1,16,3,71178.4,71178.4,1002.2666666666667,1,{},deviant
124781,Validar solicitud,2016-03-21 15:16:29,2016-03-21 17:28:02,2016-03-21 17:32:02,22404,100,0.24168346774193547,0,3,17,3,71224.16666666667,146.43333333333334,1048.0333333333333,1,{},deviant
124860,Radicar Solicitud Homologacion,2016-03-21 16:42:16,2016-03-21 17:33:24,2016-03-21 17:33:28,19019,99,0.10231854838709678,0,2,17,3,71229.53333333334,51.13333333333333,1053.4,1,{},deviant
123962,Cancelar Solicitud,2016-03-19 08:26:19,2016-03-21 17:45:36,2016-03-21 17:45:48,19019,105,0.26537298387096775,2,3,17,3,71241.73333333334,3463.5,1065.6,1,{},deviant
124861,Traer informacion estudiante - banner,2016-03-21 17:52:54,2016-03-21 17:52:54,2016-03-21 17:52:54,19019,100,0.0,0,1,17,3,71249.03333333334,71249.03333333334,1072.9,1,{},deviant
124787,Validar solicitud,2016-03-21 15:57:32,2016-03-21 18:09:12,2016-03-21 18:13:12,19019,100,0.24168346774193547,0,3,18,3,71265.33333333333,140.58333333333334,1089.2,1,{},deviant
123963,Cancelar Solicitud,2016-03-19 08:54:23,2016-03-21 18:13:40,2016-03-21 18:13:42,19019,105,0.26537298387096775,1,3,18,3,71269.8,3491.5666666666666,1093.6666666666667,1,{},deviant
116455,Notificacion estudiante cancelacion soli,2016-03-12 02:08:22,2016-03-21 18:43:02,2016-03-21 18:43:02,241,112,0.0,0,4,18,3,71299.16666666667,14002.1,1123.0333333333333,1,{},deviant
124861,Radicar Solicitud Homologacion,2016-03-21 17:52:54,2016-03-21 18:44:16,2016-03-21 18:44:22,19019,100,0.10231854838709678,0,2,18,3,71300.4,51.36666666666667,1124.2666666666667,1,{},deviant
124908,Traer informacion estudiante - banner,2016-03-21 19:06:06,2016-03-21 19:06:06,2016-03-21 19:06:06,19019,100,0.0,0,1,19,3,71322.23333333334,71322.23333333334,1146.1,1,{},deviant
124908,Radicar Solicitud Homologacion,2016-03-21 19:06:06,2016-03-21 19:57:28,2016-03-21 20:10:11,19019,100,0.10231854838709678,0,2,19,3,71373.6,51.36666666666667,1197.4666666666667,1,{},deviant
124953,Traer informacion estudiante - banner,2016-03-21 20:07:20,2016-03-21 20:10:11,2016-03-21 20:10:11,19019,101,0.0,0,1,20,3,71383.46666666666,71383.46666666666,1207.3333333333333,1,{},deviant
124852,Homologacion por grupo de cursos,2016-03-21 15:55:23,2016-03-21 19:57:58,2016-03-21 20:25:14,2292,100,0.5632560483870968,0,4,19,3,71374.1,244.25,1197.9666666666667,1,{},deviant
120201,Homologacion por grupo de cursos,2016-03-15 18:08:02,2016-03-21 20:28:40,2016-03-21 21:06:08,22404,105,0.5632560483870968,0,4,20,3,71404.8,8782.833333333334,1228.6666666666667,1,{},deviant
124953,Radicar Solicitud Homologacion,2016-03-21 20:10:11,2016-03-21 21:01:03,2016-03-21 21:13:03,19019,101,0.10231854838709678,0,2,21,3,71437.18333333333,53.71666666666667,1261.05,1,{},deviant
124787,Homologacion por grupo de cursos,2016-03-21 18:13:12,2016-03-21 21:13:50,2016-03-21 21:29:50,1007,100,0.5632560483870968,0,4,21,3,71449.96666666666,184.63333333333333,1273.8333333333333,1,{},deviant
125214,Traer informacion estudiante - banner,2016-03-21 21:37:06,2016-03-21 21:37:06,2016-03-21 21:37:06,19019,99,0.0,0,1,21,3,71473.23333333334,71473.23333333334,1297.1,1,{},deviant
124860,Cancelar Solicitud,2016-03-21 17:33:28,2016-03-21 21:53:54,2016-03-21 21:58:26,19019,99,0.26537298387096775,0,3,21,3,71490.03333333334,260.5,1313.9,1,{},deviant
124781,Homologacion por grupo de cursos,2016-03-21 17:32:02,2016-03-21 20:32:16,2016-03-21 22:21:49,4560,99,0.5632560483870968,0,4,20,3,71408.4,184.23333333333332,1232.2666666666667,1,{},deviant
124908,Validar solicitud,2016-03-21 20:10:11,2016-03-21 22:22:09,2016-03-21 22:24:20,6400,101,0.24168346774193547,0,3,22,3,71518.28333333334,144.68333333333334,1342.15,1,{},deviant
125214,Radicar Solicitud Homologacion,2016-03-21 21:37:06,2016-03-21 22:40:08,2016-03-21 22:40:18,19019,99,0.10231854838709678,0,2,22,3,71536.26666666666,63.03333333333333,1360.1333333333334,1,{},deviant
124861,Cancelar Solicitud,2016-03-21 18:44:22,2016-03-21 23:07:31,2016-03-21 23:11:58,19019,99,0.26537298387096775,0,3,23,3,71563.65,263.25,1387.5166666666667,1,{},deviant
125219,Traer informacion estudiante - banner,2016-03-21 23:18:10,2016-03-21 23:18:10,2016-03-21 23:18:10,19019,99,0.0,0,1,23,3,71574.3,71574.3,1398.1666666666667,1,{},deviant
125304,Traer informacion estudiante - banner,2016-03-21 23:40:04,2016-03-21 23:40:04,2016-03-21 23:40:04,19019,100,0.0,0,1,23,3,71596.2,71596.2,1420.0666666666666,1,{},deviant
124953,Validar solicitud,2016-03-21 21:13:03,2016-03-21 23:36:29,2016-03-21 23:40:29,22475,99,0.24168346774193547,0,3,23,3,71592.61666666667,155.43333333333334,1416.4833333333333,1,{},deviant
125219,Radicar Solicitud Homologacion,2016-03-21 23:18:10,2016-03-22 00:21:12,2016-03-22 00:21:28,19019,99,0.10231854838709678,0,2,0,3,71637.33333333333,63.03333333333333,21.2,2,{},deviant
125304,Radicar Solicitud Homologacion,2016-03-21 23:40:04,2016-03-22 00:42:48,2016-03-22 01:07:36,19019,100,0.10231854838709678,0,2,0,3,71658.93333333333,62.733333333333334,42.8,2,{},deviant
108901,Homologacion por grupo de cursos,2016-03-13 16:34:55,2016-03-21 22:21:49,2016-03-22 01:24:12,4560,104,0.5632560483870968,0,7,21,3,71488.78333333334,11844.0,1312.65,1,{},regular
124908,Homologacion por grupo de cursos,2016-03-21 22:24:20,2016-03-22 01:43:14,2016-03-22 02:10:39,19019,98,0.5632560483870968,0,4,1,3,71719.36666666667,201.08333333333334,103.23333333333333,2,{},deviant
125351,Traer informacion estudiante - banner,2016-03-22 03:23:21,2016-03-22 03:23:21,2016-03-22 03:23:21,19019,100,0.0,0,1,3,3,71819.48333333334,71819.48333333334,203.35,2,{},deviant
124953,Homologacion por grupo de cursos,2016-03-21 23:40:29,2016-03-22 03:28:01,2016-03-22 03:52:01,22475,100,0.5632560483870968,0,4,3,3,71824.15,231.53333333333333,208.01666666666668,2,{},deviant
125401,Traer informacion estudiante - banner,2016-03-22 04:12:08,2016-03-22 04:12:08,2016-03-22 04:12:08,19019,100,0.0,0,1,4,3,71868.26666666666,71868.26666666666,252.13333333333333,2,{},deviant
125402,Traer informacion estudiante - banner,2016-03-22 04:33:01,2016-03-22 04:33:01,2016-03-22 04:33:01,19019,101,0.0,0,1,4,3,71889.15,71889.15,273.01666666666665,2,{},deviant
125351,Radicar Solicitud Homologacion,2016-03-22 03:23:21,2016-03-22 05:18:39,2016-03-22 05:18:39,19019,100,0.10231854838709678,0,2,5,3,71934.78333333334,115.3,318.65,2,{},deviant
125214,Notificacion estudiante cancelacion soli,2016-03-21 22:40:18,2016-03-22 05:34:29,2016-03-22 05:34:29,1,98,0.0,0,3,5,3,71950.61666666667,414.35,334.48333333333335,2,{},deviant
125401,Radicar Solicitud Homologacion,2016-03-22 04:12:08,2016-03-22 06:07:26,2016-03-22 06:07:26,19019,100,0.10231854838709678,0,2,6,3,71983.56666666667,115.3,367.43333333333334,2,{},deviant
125402,Radicar Solicitud Homologacion,2016-03-22 04:33:01,2016-03-22 06:30:37,2016-03-22 06:30:37,19019,101,0.10231854838709678,0,2,6,3,72006.75,117.6,390.6166666666667,2,{},deviant
124156,Cancelar Solicitud,2016-03-19 21:26:39,2016-03-22 06:50:16,2016-03-22 06:58:46,19019,101,0.26537298387096775,0,3,6,3,72026.4,3443.616666666667,410.26666666666665,2,{},deviant
124158,Cancelar Solicitud,2016-03-19 22:26:17,2016-03-22 07:56:39,2016-03-22 08:05:08,19019,100,0.26537298387096775,0,3,7,3,72092.78333333334,3450.366666666667,476.65,2,{},deviant
125555,Traer informacion estudiante - banner,2016-03-22 08:02:23,2016-03-22 08:05:08,2016-03-22 08:05:08,19019,101,0.0,0,1,8,3,72098.51666666666,72098.51666666666,482.3833333333333,2,{},deviant
125555,Radicar Solicitud Homologacion,2016-03-22 08:05:08,2016-03-22 10:00:04,2016-03-22 10:00:04,19019,101,0.10231854838709678,0,2,10,3,72216.2,117.68333333333334,600.0666666666667,2,{},deviant
124301,Validar solicitud,2016-03-20 05:32:26,2016-03-22 11:35:25,2016-03-22 11:35:25,920,101,0.24168346774193547,0,3,11,3,72311.55,3242.983333333333,695.4166666666666,2,{},deviant
124704,Notificacion estudiante cancelacion soli,2016-03-21 06:25:50,2016-03-22 13:03:27,2016-03-22 13:03:27,19019,103,0.0,0,4,13,3,72399.58333333333,1839.3333333333333,783.45,2,{},deviant
124152,Cancelar Solicitud,2016-03-19 18:45:24,2016-03-22 13:11:40,2016-03-22 13:12:00,22475,102,0.26537298387096775,0,3,13,3,72407.8,4006.2,791.6666666666666,2,{},deviant
125559,Traer informacion estudiante - banner,2016-03-22 13:13:30,2016-03-22 13:13:30,2016-03-22 13:13:30,19019,101,0.0,0,1,13,3,72409.63333333333,72409.63333333333,793.5,2,{},deviant
125569,Traer informacion estudiante - banner,2016-03-22 14:14:45,2016-03-22 14:14:45,2016-03-22 14:14:45,19019,102,0.0,0,1,14,3,72470.88333333333,72470.88333333333,854.75,2,{},deviant
124564,Notificacion estudiante cancelacion soli,2016-03-21 09:20:48,2016-03-22 15:32:12,2016-03-22 15:32:12,241,101,0.0,0,4,15,3,72548.33333333333,1882.3166666666666,932.2,2,{},deviant
125559,Radicar Solicitud Homologacion,2016-03-22 13:13:30,2016-03-22 15:11:06,2016-03-22 15:51:02,19019,101,0.10231854838709678,0,2,15,3,72527.23333333334,117.6,911.1,2,{},deviant
125651,Traer informacion estudiante - banner,2016-03-22 15:30:36,2016-03-22 15:51:02,2016-03-22 15:51:02,19019,103,0.0,0,1,15,3,72546.73333333334,72546.73333333334,930.6,2,{},deviant
125569,Radicar Solicitud Homologacion,2016-03-22 14:14:45,2016-03-22 16:14:41,2016-03-22 16:14:41,19019,102,0.10231854838709678,0,2,16,3,72590.81666666667,119.93333333333334,974.6833333333333,2,{},deviant
124572,Notificacion estudiante cancelacion soli,2016-03-21 09:58:55,2016-03-22 17:18:31,2016-03-22 17:18:31,19019,102,0.0,0,4,17,3,72654.65,1879.6666666666667,1038.5166666666667,2,{},deviant
115554,Notificacion estudiante cancelacion soli,2016-03-10 17:40:31,2016-03-22 17:20:48,2016-03-22 17:20:48,8856,111,0.0,0,4,17,3,72656.93333333333,17260.283333333333,1040.8,2,{},deviant
116401,Cancelar Solicitud,2016-03-12 18:38:46,2016-03-22 17:48:21,2016-03-22 17:48:21,22475,105,0.26537298387096775,0,4,17,3,72684.48333333334,14349.583333333334,1068.35,2,{},deviant
125651,Radicar Solicitud Homologacion,2016-03-22 15:51:02,2016-03-22 17:49:51,2016-03-22 17:49:51,19019,102,0.10231854838709678,0,2,17,3,72685.98333333334,139.25,1069.85,2,{},deviant
125703,Traer informacion estudiante - banner,2016-03-22 18:44:48,2016-03-22 18:44:48,2016-03-22 18:44:48,19019,100,0.0,0,1,18,3,72740.93333333333,72740.93333333333,1124.8,2,{},deviant
125219,Notificacion estudiante cancelacion soli,2016-03-22 00:21:28,2016-03-22 19:32:21,2016-03-22 19:32:21,1,100,0.0,0,3,19,3,72788.48333333334,1151.15,1172.35,2,{},deviant
125304,Cancelar Solicitud,2016-03-22 01:07:36,2016-03-22 19:35:34,2016-03-22 19:41:36,7080,100,0.26537298387096775,0,3,19,3,72791.7,1132.7666666666667,1175.5666666666666,2,{},deviant
125706,Traer informacion estudiante - banner,2016-03-22 19:51:51,2016-03-22 19:51:51,2016-03-22 19:51:51,19019,100,0.0,0,1,19,3,72807.98333333334,72807.98333333334,1191.85,2,{},deviant
125703,Radicar Solicitud Homologacion,2016-03-22 18:44:48,2016-03-22 20:40:06,2016-03-22 21:10:53,19019,100,0.10231854838709678,0,2,20,3,72856.23333333334,115.3,1240.1,2,{},deviant
125706,Radicar Solicitud Homologacion,2016-03-22 19:51:51,2016-03-22 21:47:09,2016-03-22 21:47:31,19019,100,0.10231854838709678,0,2,21,3,72923.28333333334,115.3,1307.15,2,{},deviant
122001,Cancelar Solicitud,2016-03-17 11:37:05,2016-03-22 22:00:33,2016-03-22 22:06:26,19019,112,0.26537298387096775,0,4,22,3,72936.68333333333,7823.466666666666,1320.55,2,{},deviant
125714,Traer informacion estudiante - banner,2016-03-22 22:18:41,2016-03-22 22:18:41,2016-03-22 22:18:41,19019,101,0.0,0,1,22,3,72954.81666666667,72954.81666666667,1338.6833333333334,2,{},deviant
125717,Traer informacion estudiante - banner,2016-03-22 23:34:11,2016-03-22 23:34:11,2016-03-22 23:34:11,19019,102,0.0,0,1,23,3,73030.31666666667,73030.31666666667,1414.1833333333334,2,{},deviant
125714,Radicar Solicitud Homologacion,2016-03-22 22:18:41,2016-03-23 00:16:17,2016-03-23 00:16:33,19019,101,0.10231854838709678,0,2,0,3,73072.41666666667,117.6,16.283333333333335,3,{},deviant
120364,Notificacion estudiante cancelacion soli,2016-03-15 13:59:17,2016-03-23 01:11:59,2016-03-23 01:11:59,22404,103,0.0,0,4,1,3,73128.11666666667,10756.016666666666,71.98333333333333,3,{},deviant
125717,Radicar Solicitud Homologacion,2016-03-22 23:34:11,2016-03-23 01:34:07,2016-03-23 01:36:14,19019,102,0.10231854838709678,0,2,1,3,73150.25,119.93333333333334,94.11666666666666,3,{},deviant
125718,Traer informacion estudiante - banner,2016-03-23 02:44:46,2016-03-23 02:44:46,2016-03-23 02:44:46,19019,102,0.0,0,1,2,3,73220.9,73220.9,164.76666666666668,3,{},deviant
125718,Radicar Solicitud Homologacion,2016-03-23 02:44:46,2016-03-23 03:00:38,2016-03-23 03:00:43,19019,102,0.10231854838709678,0,2,3,3,73236.76666666666,15.866666666666667,180.63333333333333,3,{},deviant
125718,Validar solicitud,2016-03-23 03:00:43,2016-03-23 03:18:49,2016-03-23 03:25:30,6400,102,0.24168346774193547,0,3,3,3,73254.95,18.183333333333334,198.81666666666666,3,{},deviant
125718,Homologacion por grupo de cursos,2016-03-23 03:25:30,2016-03-23 03:25:34,2016-03-23 04:45:38,19019,102,0.5632560483870968,0,4,3,3,73261.7,6.75,205.56666666666666,3,{},deviant
124860,Notificacion estudiante cancelacion soli,2016-03-21 21:58:26,2016-03-23 08:52:09,2016-03-23 08:52:09,19019,99,0.0,0,4,8,3,73588.28333333334,2098.25,532.15,3,{},deviant
124861,Notificacion estudiante cancelacion soli,2016-03-21 23:11:58,2016-03-23 10:20:36,2016-03-23 10:20:36,19019,98,0.0,0,4,10,3,73676.73333333334,2113.0833333333335,620.6,3,{},deviant
125714,Validar solicitud,2016-03-23 00:16:33,2016-03-23 11:38:25,2016-03-23 11:38:48,6400,102,0.24168346774193547,0,3,11,3,73754.55,682.1333333333333,698.4166666666666,3,{},deviant
120362,Cancelar Solicitud,2016-03-15 21:20:08,2016-03-23 10:24:07,2016-03-23 11:39:41,6572,106,0.26537298387096775,0,4,10,3,73680.25,10879.55,624.1166666666667,3,{},deviant
125722,Traer informacion estudiante - banner,2016-03-23 14:13:09,2016-03-23 14:13:09,2016-03-23 14:13:09,19019,100,0.0,0,1,14,3,73909.28333333334,73909.28333333334,853.15,3,{},deviant
125722,Radicar Solicitud Homologacion,2016-03-23 14:13:09,2016-03-23 14:30:37,2016-03-23 14:54:37,19019,100,0.10231854838709678,0,2,14,3,73926.75,17.466666666666665,870.6166666666667,3,{},deviant
125801,Traer informacion estudiante - banner,2016-03-23 14:34:28,2016-03-23 14:54:37,2016-03-23 14:54:37,19019,101,0.0,0,1,14,3,73930.6,73930.6,874.4666666666667,3,{},deviant
125801,Radicar Solicitud Homologacion,2016-03-23 14:54:37,2016-03-23 15:10:32,2016-03-23 15:10:32,19019,101,0.10231854838709678,0,2,15,3,73966.66666666667,36.06666666666667,910.5333333333333,3,{},deviant
125802,Traer informacion estudiante - banner,2016-03-23 16:19:51,2016-03-23 16:19:51,2016-03-23 16:19:51,19019,102,0.0,0,1,16,3,74035.98333333334,74035.98333333334,979.85,3,{},deviant
125802,Radicar Solicitud Homologacion,2016-03-23 16:19:51,2016-03-23 16:35:43,2016-03-23 16:35:43,19019,102,0.10231854838709678,0,2,16,3,74051.85,15.866666666666667,995.7166666666667,3,{},deviant
125803,Traer informacion estudiante - banner,2016-03-23 17:31:34,2016-03-23 17:31:34,2016-03-23 17:31:34,19019,103,0.0,0,1,17,3,74107.7,74107.7,1051.5666666666666,3,{},deviant
125722,Cancelar Solicitud,2016-03-23 14:54:37,2016-03-23 17:33:52,2016-03-23 17:46:16,241,101,0.26537298387096775,0,3,17,3,74110.0,183.25,1053.8666666666666,3,{},deviant
125801,Cancelar Solicitud,2016-03-23 15:10:32,2016-03-23 17:44:47,2016-03-23 17:54:25,19019,101,0.26537298387096775,0,3,17,3,74120.91666666667,154.25,1064.7833333333333,3,{},deviant
125803,Radicar Solicitud Homologacion,2016-03-23 17:31:34,2016-03-23 17:54:25,2016-03-23 17:54:25,19019,103,0.10231854838709678,0,2,17,3,74122.78333333334,15.083333333333334,1066.65,3,{},deviant
125809,Traer informacion estudiante - banner,2016-03-23 17:46:56,2016-03-23 17:54:25,2016-03-23 17:54:25,19019,104,0.0,1,1,17,3,74123.06666666667,74123.06666666667,1066.9333333333334,3,{},deviant
125809,Radicar Solicitud Homologacion,2016-03-23 17:54:25,2016-03-23 18:08:03,2016-03-23 18:08:41,19019,104,0.10231854838709678,0,2,18,3,74144.18333333333,21.116666666666667,1088.05,3,{},deviant
125812,Traer informacion estudiante - banner,2016-03-23 18:39:46,2016-03-23 18:39:46,2016-03-23 18:39:46,19019,105,0.0,0,1,18,3,74175.9,74175.9,1119.7666666666667,3,{},deviant
125812,Radicar Solicitud Homologacion,2016-03-23 18:39:46,2016-03-23 18:53:18,2016-03-23 18:53:33,19019,105,0.10231854838709678,0,2,18,3,74189.43333333333,13.533333333333333,1133.3,3,{},deviant
125802,Cancelar Solicitud,2016-03-23 16:35:43,2016-03-23 19:16:20,2016-03-23 19:25:59,19019,102,0.26537298387096775,0,3,19,3,74212.46666666666,160.61666666666667,1156.3333333333333,3,{},deviant
125953,Traer informacion estudiante - banner,2016-03-23 20:19:32,2016-03-23 20:19:32,2016-03-23 20:19:32,19019,106,0.0,0,1,20,3,74275.66666666667,74275.66666666667,1219.5333333333333,3,{},deviant
125953,Radicar Solicitud Homologacion,2016-03-23 20:19:32,2016-03-23 20:32:19,2016-03-23 20:32:27,19019,106,0.10231854838709678,0,2,20,3,74288.45,12.783333333333333,1232.3166666666666,3,{},deviant
125803,Cancelar Solicitud,2016-03-23 17:54:25,2016-03-23 20:34:22,2016-03-23 20:44:01,19019,104,0.26537298387096775,1,3,20,3,74290.5,167.71666666666667,1234.3666666666666,3,{},deviant
125809,Cancelar Solicitud,2016-03-23 18:08:41,2016-03-23 20:43:36,2016-03-23 20:44:15,677,104,0.26537298387096775,0,3,20,3,74299.73333333334,155.55,1243.6,3,{},deviant
125957,Traer informacion estudiante - banner,2016-03-23 20:49:13,2016-03-23 20:49:13,2016-03-23 20:49:13,19019,107,0.0,0,1,20,3,74305.35,74305.35,1249.2166666666667,3,{},deviant
125957,Radicar Solicitud Homologacion,2016-03-23 20:49:13,2016-03-23 21:01:15,2016-03-23 21:01:20,19019,107,0.10231854838709678,0,2,21,3,74317.38333333333,12.033333333333333,1261.25,3,{},deviant
125714,Homologacion por grupo de cursos,2016-03-23 11:38:48,2016-03-23 21:02:39,2016-03-23 21:17:49,19019,99,0.5632560483870968,0,4,21,3,74318.78333333334,564.2333333333333,1262.65,3,{},deviant
125958,Traer informacion estudiante - banner,2016-03-23 21:43:35,2016-03-23 21:43:35,2016-03-23 21:43:35,19019,107,0.0,0,1,21,3,74359.71666666666,74359.71666666666,1303.5833333333333,3,{},deviant
125958,Radicar Solicitud Homologacion,2016-03-23 21:43:35,2016-03-23 21:54:46,2016-03-23 21:54:54,19019,107,0.10231854838709678,0,2,21,3,74370.9,11.183333333333334,1314.7666666666667,3,{},deviant
125812,Cancelar Solicitud,2016-03-23 18:53:33,2016-03-23 21:34:58,2016-03-23 22:00:21,186,105,0.26537298387096775,0,3,21,3,74351.1,161.66666666666666,1294.9666666666667,3,{},deviant
124405,Cancelar Solicitud,2016-03-20 06:19:49,2016-03-23 22:04:07,2016-03-23 22:04:07,19019,101,0.26537298387096775,0,3,22,3,74380.25,5264.3,1324.1166666666666,3,{},deviant
124703,Cancelar Solicitud,2016-03-21 04:25:47,2016-03-23 22:41:57,2016-03-23 22:42:04,19019,101,0.26537298387096775,0,3,22,3,74418.08333333333,3980.4333333333334,1361.95,3,{},deviant
125959,Traer informacion estudiante - banner,2016-03-23 22:50:41,2016-03-23 22:50:41,2016-03-23 22:50:41,19019,108,0.0,0,1,22,3,74426.81666666667,74426.81666666667,1370.6833333333334,3,{},deviant
125959,Radicar Solicitud Homologacion,2016-03-23 22:50:41,2016-03-23 23:01:59,2016-03-23 23:02:07,19019,108,0.10231854838709678,0,2,23,3,74438.11666666667,11.3,1381.9833333333333,3,{},deviant
125959,Validar solicitud,2016-03-23 23:02:07,2016-03-23 23:10:55,2016-03-23 23:13:04,22404,108,0.24168346774193547,0,3,23,3,74447.05,8.933333333333334,1390.9166666666667,3,{},deviant
125953,Cancelar Solicitud,2016-03-23 20:32:27,2016-03-23 23:14:11,2016-03-23 23:14:52,19019,106,0.26537298387096775,0,3,23,3,74450.31666666667,161.86666666666667,1394.1833333333334,3,{},deviant
125957,Cancelar Solicitud,2016-03-23 21:01:20,2016-03-23 23:43:23,2016-03-23 23:43:52,19019,107,0.26537298387096775,0,3,23,3,74479.51666666666,162.13333333333333,1423.3833333333334,3,{},deviant
125962,Traer informacion estudiante - banner,2016-03-23 23:52:37,2016-03-23 23:52:37,2016-03-23 23:52:37,19019,109,0.0,0,1,23,3,74488.75,74488.75,1432.6166666666666,3,{},deviant
125959,Homologacion por grupo de cursos,2016-03-23 23:13:04,2016-03-23 23:13:08,2016-03-24 00:07:04,22404,108,0.5632560483870968,0,4,23,3,74449.26666666666,2.216666666666667,1393.1333333333334,3,{},deviant
125962,Radicar Solicitud Homologacion,2016-03-23 23:52:37,2016-03-24 00:02:24,2016-03-24 00:15:01,19019,109,0.10231854838709678,0,2,0,3,74498.53333333334,9.783333333333333,2.4,4,{},deviant
125958,Cancelar Solicitud,2016-03-23 21:54:54,2016-03-24 00:15:01,2016-03-24 00:15:20,19019,107,0.26537298387096775,0,3,0,3,74509.91666666667,139.01666666666668,13.783333333333333,4,{},deviant
126151,Validar solicitud,2016-03-24 00:43:43,2016-03-24 00:43:43,2016-03-24 00:43:43,6400,109,0.24168346774193547,0,1,0,3,74539.85,74539.85,43.71666666666667,4,{},deviant
126201,Traer informacion estudiante - banner,2016-03-24 01:39:38,2016-03-24 01:39:38,2016-03-24 01:39:38,19019,110,0.0,0,1,1,3,74595.76666666666,74595.76666666666,99.63333333333334,4,{},deviant
126151,Cancelar Solicitud,2016-03-24 00:43:43,2016-03-24 02:32:23,2016-03-24 02:34:18,6400,109,0.26537298387096775,0,2,2,3,74648.51666666666,108.66666666666667,152.38333333333333,4,{},deviant
126451,Traer informacion estudiante - banner,2016-03-24 02:39:48,2016-03-24 02:39:48,2016-03-24 02:39:48,19019,111,0.0,0,1,2,3,74655.93333333333,74655.93333333333,159.8,4,{},deviant
125962,Cancelar Solicitud,2016-03-24 00:15:01,2016-03-24 02:40:24,2016-03-24 02:40:27,22475,108,0.26537298387096775,0,3,2,3,74656.53333333334,158.0,160.4,4,{},deviant
126201,Radicar Solicitud Homologacion,2016-03-24 01:39:38,2016-03-24 03:03:42,2016-03-24 03:43:42,19019,110,0.10231854838709678,0,2,3,3,74679.83333333333,84.06666666666666,183.7,4,{},deviant
126451,Radicar Solicitud Homologacion,2016-03-24 02:39:48,2016-03-24 03:58:12,2016-03-24 04:01:45,19019,111,0.10231854838709678,0,2,3,3,74734.33333333333,78.4,238.2,4,{},deviant
126151,Traer informacion estudiante - banner,2016-03-24 02:34:18,2016-03-24 05:08:34,2016-03-24 05:08:34,19019,110,0.0,0,3,5,3,74804.7,156.18333333333334,308.56666666666666,4,{},deviant
126504,Traer informacion estudiante - banner,2016-03-24 05:37:21,2016-03-24 05:37:21,2016-03-24 05:37:21,19019,112,0.0,0,1,5,3,74833.48333333334,74833.48333333334,337.35,4,{},deviant
126504,Radicar Solicitud Homologacion,2016-03-24 05:37:21,2016-03-24 06:50:11,2016-03-24 07:11:22,19019,112,0.10231854838709678,0,2,6,3,74906.31666666667,72.83333333333333,410.18333333333334,4,{},deviant
126201,Cancelar Solicitud,2016-03-24 03:43:42,2016-03-24 07:36:40,2016-03-24 07:36:40,19019,111,0.26537298387096775,0,3,7,3,74952.8,272.96666666666664,456.6666666666667,4,{},deviant
125706,Validar solicitud,2016-03-22 21:47:31,2016-03-24 07:06:35,2016-03-24 07:47:02,241,100,0.24168346774193547,0,3,7,3,74922.71666666666,1999.4333333333334,426.5833333333333,4,{},deviant
126451,Cancelar Solicitud,2016-03-24 04:01:45,2016-03-24 07:50:18,2016-03-24 08:06:40,18929,111,0.26537298387096775,0,3,7,3,74966.43333333333,232.1,470.3,4,{},deviant
126504,Validar solicitud,2016-03-24 07:11:22,2016-03-24 08:01:15,2016-03-24 08:13:33,186,112,0.24168346774193547,0,3,8,3,74977.38333333333,71.06666666666666,481.25,4,{},deviant
123767,Cancelar Solicitud,2016-03-19 00:11:07,2016-03-24 09:03:24,2016-03-24 09:03:53,2292,113,0.26537298387096775,0,4,9,3,75039.53333333334,7732.75,543.4,4,{},deviant
126504,Homologacion por grupo de cursos,2016-03-24 08:13:33,2016-03-24 08:48:07,2016-03-24 09:07:13,26788,112,0.5632560483870968,0,4,8,3,75024.25,46.86666666666667,528.1166666666667,4,{},deviant
123769,Cancelar Solicitud,2016-03-19 01:29:13,2016-03-24 09:08:21,2016-03-24 09:09:15,2292,113,0.26537298387096775,0,4,9,3,75044.48333333334,7659.15,548.35,4,{},deviant
124501,Cancelar Solicitud,2016-03-20 19:51:18,2016-03-24 09:34:24,2016-03-24 09:35:36,6694,99,0.26537298387096775,0,3,9,3,75070.53333333334,5143.1,574.4,4,{},deviant
123771,Cancelar Solicitud,2016-03-19 01:55:07,2016-03-24 09:45:35,2016-03-24 09:45:40,22475,112,0.26537298387096775,0,4,9,3,75081.71666666666,7670.483333333334,585.5833333333334,4,{},deviant
126506,Traer informacion estudiante - banner,2016-03-24 10:03:46,2016-03-24 10:03:46,2016-03-24 10:03:46,19019,112,0.0,0,1,10,3,75099.9,75099.9,603.7666666666667,4,{},deviant
126457,Traer informacion estudiante - banner,2016-03-24 10:33:16,2016-03-24 10:33:16,2016-03-24 10:33:16,19019,113,0.0,0,1,10,3,75129.4,75129.4,633.2666666666667,4,{},deviant
126506,Radicar Solicitud Homologacion,2016-03-24 10:03:46,2016-03-24 11:16:36,2016-03-24 11:24:44,19019,112,0.10231854838709678,0,2,11,3,75172.73333333334,72.83333333333333,676.6,4,{},deviant
126457,Radicar Solicitud Homologacion,2016-03-24 10:33:16,2016-03-24 11:40:40,2016-03-24 12:07:50,19019,113,0.10231854838709678,0,2,11,3,75196.8,67.4,700.6666666666666,4,{},deviant
124651,Cancelar Solicitud,2016-03-20 20:33:35,2016-03-24 10:52:28,2016-03-24 12:35:41,294,99,0.26537298387096775,0,3,10,3,75148.6,5178.883333333333,652.4666666666667,4,{},deviant
125717,Cancelar Solicitud,2016-03-23 01:36:14,2016-03-24 12:45:28,2016-03-24 12:55:50,19019,101,0.26537298387096775,0,3,12,3,75261.6,2111.35,765.4666666666667,4,{},deviant
124702,Cancelar Solicitud,2016-03-20 23:09:12,2016-03-24 13:21:07,2016-03-24 13:25:22,19019,98,0.26537298387096775,0,3,13,3,75297.25,5172.066666666667,801.1166666666667,4,{},deviant
126513,Traer informacion estudiante - banner,2016-03-24 14:15:37,2016-03-24 14:15:37,2016-03-24 14:15:37,2512,114,0.0,0,1,14,3,75351.75,75351.75,855.6166666666667,4,{},deviant
126506,Notificacion estudiante cancelacion soli,2016-03-24 11:24:44,2016-03-24 14:47:44,2016-03-24 14:47:44,22475,113,0.0,0,3,14,3,75383.86666666667,211.13333333333333,887.7333333333333,4,{},deviant
126457,Cancelar Solicitud,2016-03-24 12:07:50,2016-03-24 15:26:43,2016-03-24 15:27:30,22475,113,0.26537298387096775,0,3,15,3,75422.85,226.05,926.7166666666667,4,{},deviant
126513,Radicar Solicitud Homologacion,2016-03-24 14:15:37,2016-03-24 15:17:41,2016-03-24 15:55:01,2512,114,0.10231854838709678,0,2,15,3,75413.81666666667,62.06666666666667,917.6833333333333,4,{},deviant
126151,Radicar Solicitud Homologacion,2016-03-24 05:08:34,2016-03-24 16:31:21,2016-03-24 16:31:21,19019,111,0.10231854838709678,0,4,16,3,75487.48333333334,682.7833333333333,991.35,4,{},deviant
126460,Traer informacion estudiante - banner,2016-03-24 17:05:08,2016-03-24 17:05:08,2016-03-24 17:05:08,19019,115,0.0,0,1,17,3,75521.26666666666,75521.26666666666,1025.1333333333334,4,{},deviant
0_CF,Validacion final,2016-03-10 16:03:43,2016-03-24 17:11:28,2016-03-24 17:12:28,19019,108,0.010080645161290322,1,7,17,3,75527.6,20231.033333333333,1031.4666666666667,4,{},regular
126513,Radicar Solicitud Homologacion,2016-03-24 15:55:01,2016-03-24 17:11:14,2016-03-24 17:19:28,2512,114,0.10231854838709678,0,3,17,3,75527.36666666667,113.55,1031.2333333333333,4,{},deviant
126518,Traer informacion estudiante - banner,2016-03-24 17:25:00,2016-03-24 17:25:00,2016-03-24 17:25:00,19019,116,0.0,0,1,17,3,75541.13333333333,75541.13333333333,1045.0,4,{},deviant
126460,Radicar Solicitud Homologacion,2016-03-24 17:05:08,2016-03-24 18:01:58,2016-03-24 18:02:09,19019,115,0.10231854838709678,0,2,18,3,75578.1,56.833333333333336,1081.9666666666667,4,{},deviant
126518,Radicar Solicitud Homologacion,2016-03-24 17:25:00,2016-03-24 18:16:42,2016-03-24 18:16:48,19019,116,0.10231854838709678,0,2,18,3,75592.83333333333,51.7,1096.7,4,{},deviant
126651,Traer informacion estudiante - banner,2016-03-24 18:27:34,2016-03-24 18:27:34,2016-03-24 18:27:34,2512,117,0.0,0,1,18,3,75603.7,75603.7,1107.5666666666666,4,{},deviant
126460,Validar solicitud,2016-03-24 18:02:09,2016-03-24 18:33:07,2016-03-24 18:34:56,19019,116,0.24168346774193547,0,3,18,3,75609.25,31.15,1113.1166666666666,4,{},deviant
126460,Homologacion por grupo de cursos,2016-03-24 18:34:56,2016-03-24 18:37:57,2016-03-24 18:40:17,1007,117,0.5632560483870968,0,4,18,3,75614.08333333333,4.833333333333333,1117.95,4,{},deviant
126518,Validar solicitud,2016-03-24 18:16:48,2016-03-24 18:42:58,2016-03-24 18:45:51,186,116,0.24168346774193547,0,3,18,3,75619.1,26.266666666666666,1122.9666666666667,4,{},deviant
126518,Homologacion por grupo de cursos,2016-03-24 18:45:51,2016-03-24 18:48:40,2016-03-24 18:57:59,186,116,0.5632560483870968,0,4,18,3,75624.8,5.7,1128.6666666666667,4,{},deviant
125722,Notificacion estudiante cancelacion soli,2016-03-23 17:46:16,2016-03-24 19:04:38,2016-03-24 19:04:38,241,103,0.0,0,4,19,3,75640.76666666666,1530.7666666666667,1144.6333333333334,4,{},deviant
126651,Radicar Solicitud Homologacion,2016-03-24 18:27:34,2016-03-24 19:14:15,2016-03-24 19:14:15,2512,117,0.10231854838709678,0,2,19,3,75650.38333333333,46.68333333333333,1154.25,4,{},deviant
126861,Traer informacion estudiante - banner,2016-03-24 19:33:06,2016-03-24 19:33:06,2016-03-24 19:33:06,19019,115,0.0,0,1,19,3,75669.23333333334,75669.23333333334,1173.1,4,{},deviant
125801,Notificacion estudiante cancelacion soli,2016-03-23 17:54:25,2016-03-24 19:54:57,2016-03-24 19:54:57,19019,104,0.0,2,4,19,3,75691.08333333333,1570.1666666666667,1194.95,4,{},deviant
126861,Radicar Solicitud Homologacion,2016-03-24 19:33:06,2016-03-24 20:29:56,2016-03-24 20:30:18,19019,115,0.10231854838709678,0,2,20,3,75726.06666666667,56.833333333333336,1229.9333333333334,4,{},deviant
126861,Validar solicitud,2016-03-24 20:30:18,2016-03-24 21:07:11,2016-03-24 21:07:11,186,114,0.24168346774193547,0,3,21,3,75763.31666666667,37.25,1267.1833333333334,4,{},deviant
126951,Traer informacion estudiante - banner,2016-03-24 21:18:12,2016-03-24 21:18:12,2016-03-24 21:18:12,19019,115,0.0,0,1,21,3,75774.33333333333,75774.33333333333,1278.2,4,{},deviant
126952,Traer informacion estudiante - banner,2016-03-24 21:26:46,2016-03-24 21:26:46,2016-03-24 21:26:46,19019,116,0.0,0,1,21,3,75782.9,75782.9,1286.7666666666667,4,{},deviant
125802,Notificacion estudiante cancelacion soli,2016-03-23 19:25:59,2016-03-24 22:05:59,2016-03-24 22:05:59,19019,105,0.0,0,4,22,3,75822.11666666667,1609.65,1325.9833333333333,4,{},deviant
126951,Radicar Solicitud Homologacion,2016-03-24 21:18:12,2016-03-24 22:15:02,2016-03-24 22:15:02,19019,115,0.10231854838709678,0,2,22,3,75831.16666666667,56.833333333333336,1335.0333333333333,4,{},deviant
126952,Radicar Solicitud Homologacion,2016-03-24 21:26:46,2016-03-24 22:18:28,2016-03-24 22:18:28,19019,116,0.10231854838709678,0,2,22,3,75834.6,51.7,1338.4666666666667,4,{},deviant
125803,Notificacion estudiante cancelacion soli,2016-03-23 20:44:01,2016-03-24 22:24:52,2016-03-24 22:24:52,19019,106,0.0,0,4,22,3,75841.0,1550.5,1344.8666666666666,4,{},deviant
126651,Notificacion estudiante cancelacion soli,2016-03-24 19:14:15,2016-03-24 22:27:33,2016-03-24 22:27:33,1,114,0.0,0,3,22,3,75843.68333333333,193.3,1347.55,4,{},deviant
127151,Traer informacion estudiante - banner,2016-03-24 22:41:11,2016-03-24 22:41:11,2016-03-24 22:41:11,22950,114,0.0,0,1,22,3,75857.31666666667,75857.31666666667,1361.1833333333334,4,{},deviant
125809,Notificacion estudiante cancelacion soli,2016-03-23 20:44:15,2016-03-24 23:12:00,2016-03-24 23:12:00,677,106,0.0,0,4,23,3,75888.13333333333,1588.4,1392.0,4,{},deviant
127151,Radicar Solicitud Homologacion,2016-03-24 22:41:11,2016-03-24 23:43:15,2016-03-24 23:43:15,22950,114,0.10231854838709678,0,2,23,3,75919.38333333333,62.06666666666667,1423.25,4,{},deviant
127305,Traer informacion estudiante - banner,2016-03-25 00:43:09,2016-03-25 00:43:09,2016-03-25 00:43:09,19019,114,0.0,0,1,0,3,75979.28333333334,75979.28333333334,43.15,5,{},deviant
127305,Radicar Solicitud Homologacion,2016-03-25 00:43:09,2016-03-25 00:43:13,2016-03-25 00:50:43,19019,114,0.10231854838709678,0,2,0,3,75979.35,0.06666666666666667,43.21666666666667,5,{},deviant
125812,Notificacion estudiante cancelacion soli,2016-03-23 22:00:21,2016-03-25 01:07:40,2016-03-25 01:07:40,186,107,0.0,0,4,1,3,76003.8,1652.7,67.66666666666667,5,{},deviant
125953,Notificacion estudiante cancelacion soli,2016-03-23 23:14:52,2016-03-25 01:19:53,2016-03-25 01:19:53,19019,108,0.0,0,4,1,3,76016.01666666666,1565.7,79.88333333333334,5,{},deviant
126952,Cancelar Solicitud,2016-03-24 22:18:28,2016-03-25 01:30:29,2016-03-25 01:39:37,241,115,0.26537298387096775,0,3,1,3,76026.61666666667,192.01666666666668,90.48333333333333,5,{},deviant
126951,Cancelar Solicitud,2016-03-24 22:15:02,2016-03-25 01:39:37,2016-03-25 01:48:37,241,115,0.26537298387096775,0,3,1,3,76026.66666666667,195.5,90.53333333333333,5,{},deviant
125957,Notificacion estudiante cancelacion soli,2016-03-23 23:43:52,2016-03-25 01:59:51,2016-03-25 01:59:51,19019,108,0.0,0,4,1,3,76055.98333333334,1576.4666666666667,119.85,5,{},deviant
127401,Notificacion estudiante cancelacion soli,2016-03-25 02:11:14,2016-03-25 02:11:14,2016-03-25 02:11:14,695,112,0.0,0,1,2,3,76067.36666666667,76067.36666666667,131.23333333333332,5,{},deviant
116457,Notificacion estudiante cancelacion soli,2016-03-15 21:02:55,2016-03-25 03:16:59,2016-03-25 03:16:59,12532,106,0.0,0,5,3,3,76133.11666666667,13398.316666666668,196.98333333333332,5,{},deviant
127402,Notificacion estudiante cancelacion soli,2016-03-25 03:18:13,2016-03-25 03:18:13,2016-03-25 03:18:13,695,112,0.0,0,1,3,3,76134.35,76134.35,198.21666666666667,5,{},deviant
127401,Traer informacion estudiante - banner,2016-03-25 02:11:14,2016-03-25 03:21:33,2016-03-25 03:21:33,19019,112,0.0,0,2,3,3,76137.68333333333,70.31666666666666,201.55,5,{},deviant
127151,Cancelar Solicitud,2016-03-24 23:43:15,2016-03-25 03:10:53,2016-03-25 03:52:15,22404,113,0.26537298387096775,0,3,3,3,76127.01666666666,207.63333333333333,190.88333333333333,5,{},deviant
127603,Traer informacion estudiante - banner,2016-03-25 03:55:00,2016-03-25 03:55:00,2016-03-25 03:55:00,19019,113,0.0,0,1,3,3,76171.13333333333,76171.13333333333,235.0,5,{},deviant
127603,Radicar Solicitud Homologacion,2016-03-25 03:55:00,2016-03-25 03:55:10,2016-03-25 03:55:10,19019,113,0.10231854838709678,0,2,3,3,76171.3,0.16666666666666666,235.16666666666666,5,{},deviant
127402,Traer informacion estudiante - banner,2016-03-25 03:18:13,2016-03-25 04:13:22,2016-03-25 04:13:22,19019,112,0.0,0,2,4,3,76189.5,55.15,253.36666666666667,5,{},deviant
105505,Visto Bueno Cierre Proceso,2016-03-17 08:54:09,2016-03-25 04:24:40,2016-03-25 04:24:50,3445,112,0.03276209677419355,0,8,4,3,76200.8,11254.9,264.6666666666667,5,{},regular
127752,Traer informacion estudiante - banner,2016-03-25 04:57:31,2016-03-25 04:57:31,2016-03-25 04:57:31,19019,113,0.0,0,1,4,3,76233.65,76233.65,297.51666666666665,5,{},deviant
127752,Radicar Solicitud Homologacion,2016-03-25 04:57:31,2016-03-25 04:57:41,2016-03-25 04:57:47,19019,113,0.10231854838709678,0,2,4,3,76233.81666666667,0.16666666666666666,297.68333333333334,5,{},deviant
123962,Notificacion estudiante cancelacion soli,2016-03-21 17:45:48,2016-03-25 06:45:26,2016-03-25 06:45:26,19019,99,0.0,0,4,6,3,76341.56666666667,5099.833333333333,405.43333333333334,5,{},deviant
123963,Notificacion estudiante cancelacion soli,2016-03-21 18:13:42,2016-03-25 07:05:29,2016-03-25 07:05:29,19019,100,0.0,0,4,7,3,76361.61666666667,5091.816666666667,425.48333333333335,5,{},deviant
127753,Traer informacion estudiante - banner,2016-03-25 07:09:16,2016-03-25 07:09:16,2016-03-25 07:09:16,19019,112,0.0,0,1,7,3,76365.4,76365.4,429.26666666666665,5,{},deviant
127753,Radicar Solicitud Homologacion,2016-03-25 07:09:16,2016-03-25 07:10:44,2016-03-25 07:10:48,19019,112,0.10231854838709678,0,2,7,3,76366.86666666667,1.4666666666666666,430.73333333333335,5,{},deviant
125958,Notificacion estudiante cancelacion soli,2016-03-24 00:15:20,2016-03-25 07:18:16,2016-03-25 07:18:16,19019,108,0.0,0,4,7,3,76374.4,1864.4833333333333,438.26666666666665,5,{},deviant
127703,Traer informacion estudiante - banner,2016-03-25 08:33:16,2016-03-25 08:33:16,2016-03-25 08:33:16,19019,112,0.0,0,1,8,3,76449.4,76449.4,513.2666666666667,5,{},deviant
127703,Radicar Solicitud Homologacion,2016-03-25 08:33:16,2016-03-25 08:34:44,2016-03-25 08:36:36,19019,112,0.10231854838709678,0,2,8,3,76450.86666666667,1.4666666666666666,514.7333333333333,5,{},deviant
126861,Cancelar Solicitud,2016-03-24 21:07:11,2016-03-25 08:49:49,2016-03-25 09:17:49,19019,114,0.26537298387096775,0,4,8,3,76465.95,702.6333333333333,529.8166666666667,5,{},deviant
127752,Validar solicitud,2016-03-25 04:57:47,2016-03-25 09:24:59,2016-03-25 09:28:51,19019,113,0.24168346774193547,0,3,9,3,76501.11666666667,267.3,564.9833333333333,5,{},deviant
127752,Homologacion por grupo de cursos,2016-03-25 09:28:51,2016-03-25 09:28:55,2016-03-25 09:34:24,1007,112,0.5632560483870968,0,4,9,3,76505.05,3.933333333333333,568.9166666666666,5,{},deviant
125962,Notificacion estudiante cancelacion soli,2016-03-24 02:40:27,2016-03-25 09:59:38,2016-03-25 09:59:38,22475,111,0.0,0,4,9,3,76535.76666666666,1879.2333333333333,599.6333333333333,5,{},deviant
127753,Validar solicitud,2016-03-25 07:10:48,2016-03-25 11:39:39,2016-03-25 11:43:19,19019,112,0.24168346774193547,0,3,11,3,76635.78333333334,268.9166666666667,699.65,5,{},deviant
127753,Homologacion por grupo de cursos,2016-03-25 11:43:19,2016-03-25 11:55:00,2016-03-25 12:07:00,1007,110,0.5632560483870968,0,4,11,3,76651.13333333333,15.35,715.0,5,{},deviant
126513,Cancelar Solicitud,2016-03-24 17:19:28,2016-03-25 12:33:19,2016-03-25 12:33:57,19019,115,0.26537298387096775,0,4,12,3,76689.45,1162.0833333333333,753.3166666666667,5,{},deviant
127704,Traer informacion estudiante - banner,2016-03-25 12:51:02,2016-03-25 12:51:02,2016-03-25 12:51:02,19019,110,0.0,0,1,12,3,76707.16666666667,76707.16666666667,771.0333333333333,5,{},deviant
127704,Radicar Solicitud Homologacion,2016-03-25 12:51:02,2016-03-25 12:55:10,2016-03-25 12:56:58,19019,110,0.10231854838709678,0,2,12,3,76711.3,4.133333333333334,775.1666666666666,5,{},deviant
123751,Notificacion estudiante cancelacion soli,2016-03-21 07:57:57,2016-03-25 14:42:11,2016-03-25 14:42:11,677,102,0.0,0,5,14,3,76818.31666666667,6164.316666666667,882.1833333333333,5,{},deviant
127707,Traer informacion estudiante - banner,2016-03-25 15:42:15,2016-03-25 15:42:15,2016-03-25 15:42:15,19019,110,0.0,0,1,15,3,76878.38333333333,76878.38333333333,942.25,5,{},deviant
127707,Radicar Solicitud Homologacion,2016-03-25 15:42:15,2016-03-25 15:46:23,2016-03-25 15:47:42,19019,110,0.10231854838709678,0,2,15,3,76882.51666666666,4.133333333333334,946.3833333333333,5,{},deviant
127866,Traer informacion estudiante - banner,2016-03-25 16:29:21,2016-03-25 16:29:21,2016-03-25 16:29:21,19019,111,0.0,0,1,16,3,76925.48333333334,76925.48333333334,989.35,5,{},deviant
127866,Radicar Solicitud Homologacion,2016-03-25 16:29:21,2016-03-25 16:32:08,2016-03-25 16:32:08,19019,111,0.10231854838709678,0,2,16,3,76928.26666666666,2.783333333333333,992.1333333333333,5,{},deviant
126201,Notificacion estudiante cancelacion soli,2016-03-24 07:36:40,2016-03-25 17:39:04,2016-03-25 17:39:04,19019,112,0.0,0,4,17,3,76995.2,2042.4,1059.0666666666666,5,{},deviant
127869,Traer informacion estudiante - banner,2016-03-25 18:02:50,2016-03-25 18:02:50,2016-03-25 18:02:50,9711,111,0.0,0,1,18,3,77018.96666666666,77018.96666666666,1082.8333333333333,5,{},deviant
127869,Radicar Solicitud Homologacion,2016-03-25 18:02:50,2016-03-25 18:05:37,2016-03-25 18:05:50,9711,111,0.10231854838709678,0,2,18,3,77021.75,2.783333333333333,1085.6166666666666,5,{},deviant
126451,Notificacion estudiante cancelacion soli,2016-03-24 08:06:40,2016-03-25 18:11:13,2016-03-25 18:11:13,18929,112,0.0,0,4,18,3,77027.35,2060.9166666666665,1091.2166666666667,5,{},deviant
125351,Cancelar Solicitud,2016-03-22 05:18:39,2016-03-25 18:28:51,2016-03-25 18:28:51,19019,101,0.26537298387096775,0,3,18,3,77044.98333333334,5110.2,1108.85,5,{},deviant
123961,Notificacion estudiante cancelacion soli,2016-03-21 09:19:59,2016-03-25 18:38:54,2016-03-25 18:38:54,22475,101,0.0,0,4,18,3,77055.03333333334,6319.033333333334,1118.9,5,{},deviant
125706,Homologacion por grupo de cursos,2016-03-24 07:47:02,2016-03-25 18:46:46,2016-03-25 19:05:09,241,112,0.5632560483870968,0,4,18,3,77062.9,2140.1833333333334,1126.7666666666667,5,{},deviant
125401,Cancelar Solicitud,2016-03-22 06:07:26,2016-03-25 19:16:57,2016-03-25 19:16:57,19019,100,0.26537298387096775,0,3,19,3,77093.08333333333,5109.516666666666,1156.95,5,{},deviant
127951,Traer informacion estudiante - banner,2016-03-25 20:09:18,2016-03-25 20:09:18,2016-03-25 20:09:18,19019,109,0.0,0,1,20,3,77145.43333333333,77145.43333333333,1209.3,5,{},deviant
127951,Radicar Solicitud Homologacion,2016-03-25 20:09:18,2016-03-25 20:14:49,2016-03-25 20:15:25,19019,109,0.10231854838709678,0,2,20,3,77150.95,5.516666666666667,1214.8166666666666,5,{},deviant
125402,Cancelar Solicitud,2016-03-22 06:30:37,2016-03-25 20:15:25,2016-03-25 20:15:25,19019,100,0.26537298387096775,0,3,20,3,77150.98333333334,5144.233333333334,1214.85,5,{},deviant
127866,Validar solicitud,2016-03-25 16:32:08,2016-03-25 21:02:39,2016-03-25 21:02:47,659,111,0.24168346774193547,0,3,21,3,77198.78333333334,270.51666666666665,1262.65,5,{},deviant
128451,Traer informacion estudiante - banner,2016-03-25 22:08:39,2016-03-25 22:08:39,2016-03-25 22:08:39,19019,110,0.0,0,1,22,3,77264.78333333334,77264.78333333334,1328.65,5,{},deviant
128451,Radicar Solicitud Homologacion,2016-03-25 22:08:39,2016-03-25 22:12:47,2016-03-25 22:12:47,19019,110,0.10231854838709678,0,2,22,3,77268.91666666667,4.133333333333334,1332.7833333333333,5,{},deviant
125555,Cancelar Solicitud,2016-03-22 10:00:04,2016-03-25 22:31:54,2016-03-25 22:31:57,19019,101,0.26537298387096775,0,3,22,3,77288.03333333334,5071.833333333333,1351.9,5,{},deviant
128951,Traer informacion estudiante - banner,2016-03-25 22:43:58,2016-03-25 22:43:58,2016-03-25 22:43:58,19019,111,0.0,0,1,22,3,77300.1,77300.1,1363.9666666666667,5,{},deviant
128951,Radicar Solicitud Homologacion,2016-03-25 22:43:58,2016-03-25 22:46:45,2016-03-25 22:54:29,19019,111,0.10231854838709678,0,2,22,3,77302.88333333333,2.783333333333333,1366.75,5,{},deviant
123956,Notificacion estudiante cancelacion soli,2016-03-19 20:15:57,2016-03-26 00:06:31,2016-03-26 00:06:31,19019,102,0.0,0,4,0,3,77382.65,8870.633333333333,6.516666666666667,6,{},deviant
126506,Cancelar Solicitud,2016-03-24 14:47:44,2016-03-26 00:10:17,2016-03-26 00:10:17,22475,114,0.26537298387096775,0,4,0,3,77386.41666666667,2002.55,10.283333333333333,6,{},deviant
127401,Radicar Solicitud Homologacion,2016-03-25 03:21:33,2016-03-26 00:35:33,2016-03-26 00:35:33,19019,112,0.10231854838709678,0,3,0,3,77411.68333333333,1274.0,35.55,6,{},deviant
127402,Radicar Solicitud Homologacion,2016-03-25 04:13:22,2016-03-26 00:58:05,2016-03-26 00:58:05,19019,113,0.10231854838709678,0,3,0,3,77434.21666666666,1244.7166666666667,58.083333333333336,6,{},deviant
108751,Visto Bueno Cierre Proceso,2016-03-21 07:30:45,2016-03-26 01:06:06,2016-03-26 01:06:09,12548,102,0.03276209677419355,0,8,1,3,77442.23333333334,6815.366666666667,66.1,6,{},regular
126457,Notificacion estudiante cancelacion soli,2016-03-24 15:27:30,2016-03-26 01:19:30,2016-03-26 01:19:30,22475,114,0.0,0,4,1,3,77455.63333333333,2032.7833333333333,79.5,6,{},deviant
128853,Traer informacion estudiante - banner,2016-03-26 01:46:24,2016-03-26 01:46:24,2016-03-26 01:46:24,19019,109,0.0,0,1,1,3,77482.53333333334,77482.53333333334,106.4,6,{},deviant
128860,Traer informacion estudiante - banner,2016-03-26 02:35:30,2016-03-26 02:35:30,2016-03-26 02:35:30,19019,110,0.0,0,1,2,3,77531.63333333333,77531.63333333333,155.5,6,{},deviant
123903,Notificacion estudiante cancelacion soli,2016-03-19 20:07:00,2016-03-26 02:41:46,2016-03-26 02:41:46,19019,102,0.0,0,4,2,3,77537.9,9034.866666666667,161.76666666666668,6,{},deviant
128853,Radicar Solicitud Homologacion,2016-03-26 01:46:24,2016-03-26 02:47:33,2016-03-26 02:48:27,19019,109,0.10231854838709678,0,2,2,3,77543.68333333333,61.15,167.55,6,{},deviant
123904,Notificacion estudiante cancelacion soli,2016-03-19 20:12:51,2016-03-26 02:50:11,2016-03-26 02:50:11,19019,102,0.0,0,4,2,3,77546.31666666667,9037.383333333333,170.18333333333334,6,{},deviant
127305,Cancelar Solicitud,2016-03-25 00:50:43,2016-03-26 03:24:02,2016-03-26 03:24:02,19019,114,0.26537298387096775,0,3,3,3,77580.16666666667,1600.8166666666666,204.03333333333333,6,{},deviant
128860,Radicar Solicitud Homologacion,2016-03-26 02:35:30,2016-03-26 03:31:38,2016-03-26 03:31:42,19019,110,0.10231854838709678,0,2,3,3,77587.76666666666,56.13333333333333,211.63333333333333,6,{},deviant
123905,Notificacion estudiante cancelacion soli,2016-03-19 21:36:57,2016-03-26 04:57:17,2016-03-26 04:57:17,19019,101,0.0,0,4,4,3,77673.41666666667,9080.483333333334,297.28333333333336,6,{},deviant
125559,Cancelar Solicitud,2016-03-22 15:51:02,2016-03-26 05:36:35,2016-03-26 05:36:50,19019,102,0.26537298387096775,1,3,5,3,77712.71666666666,5185.483333333334,336.5833333333333,6,{},deviant
129002,Traer informacion estudiante - banner,2016-03-26 06:11:13,2016-03-26 06:11:13,2016-03-26 06:11:13,4701,108,0.0,0,1,6,3,77747.35,77747.35,371.21666666666664,6,{},deviant
127603,Cancelar Solicitud,2016-03-25 03:55:10,2016-03-26 06:22:20,2016-03-26 06:22:56,19019,113,0.26537298387096775,0,3,6,3,77758.46666666666,1587.1666666666667,382.3333333333333,6,{},deviant
125569,Cancelar Solicitud,2016-03-22 16:14:41,2016-03-26 06:34:49,2016-03-26 06:34:49,19019,102,0.26537298387096775,0,3,6,3,77770.95,5180.133333333333,394.81666666666666,6,{},deviant
129002,Radicar Solicitud Homologacion,2016-03-26 06:11:13,2016-03-26 07:17:30,2016-03-26 07:17:43,4701,108,0.10231854838709678,0,2,7,3,77813.63333333333,66.28333333333333,437.5,6,{},deviant
126151,Notificacion estudiante cancelacion soli,2016-03-24 16:31:21,2016-03-26 07:33:37,2016-03-26 07:33:37,6400,114,0.0,0,5,7,3,77829.75,2342.266666666667,453.6166666666667,6,{},deviant
125651,Notificacion estudiante cancelacion soli,2016-03-22 17:49:51,2016-03-26 07:34:37,2016-03-26 07:34:37,1,99,0.0,0,3,7,3,77830.75,5144.766666666666,454.6166666666667,6,{},deviant
120356,Cancelar Solicitud,2016-03-17 05:16:04,2016-03-26 10:06:27,2016-03-26 10:06:27,22475,112,0.26537298387096775,0,4,10,3,77982.58333333333,13250.383333333333,606.45,6,{},deviant
129052,Traer informacion estudiante - banner,2016-03-26 10:18:22,2016-03-26 10:18:22,2016-03-26 10:18:22,19019,106,0.0,0,1,10,3,77994.5,77994.5,618.3666666666667,6,{},deviant
125703,Cancelar Solicitud,2016-03-22 21:10:53,2016-03-26 10:20:24,2016-03-26 10:20:38,19019,100,0.26537298387096775,0,3,10,3,77996.53333333334,5140.3,620.4,6,{},deviant
127703,Cancelar Solicitud,2016-03-25 08:36:36,2016-03-26 10:57:39,2016-03-26 10:58:23,22475,112,0.26537298387096775,0,3,10,3,78033.78333333334,1582.9166666666667,657.65,6,{},deviant
120357,Cancelar Solicitud,2016-03-17 07:03:37,2016-03-26 11:06:35,2016-03-26 11:06:35,22475,112,0.26537298387096775,0,4,11,3,78042.71666666666,13222.633333333333,666.5833333333334,6,{},deviant
129052,Radicar Solicitud Homologacion,2016-03-26 10:18:22,2016-03-26 11:35:12,2016-03-26 11:35:12,19019,106,0.10231854838709678,0,2,11,3,78071.33333333333,76.83333333333333,695.2,6,{},deviant
129254,Traer informacion estudiante - banner,2016-03-26 13:06:11,2016-03-26 13:06:11,2016-03-26 13:06:11,19019,106,0.0,0,1,13,3,78162.31666666667,78162.31666666667,786.1833333333333,6,{},deviant
123902,Notificacion estudiante cancelacion soli,2016-03-20 11:21:05,2016-03-26 13:15:39,2016-03-26 13:15:39,19019,99,0.0,0,4,13,3,78171.78333333334,8756.766666666666,795.65,6,{},deviant
129254,Radicar Solicitud Homologacion,2016-03-26 13:06:11,2016-03-26 14:23:01,2016-03-26 14:23:01,19019,106,0.10231854838709678,0,2,14,3,78239.15,76.83333333333333,863.0166666666667,6,{},deviant
126952,Notificacion estudiante cancelacion soli,2016-03-25 01:39:37,2016-03-26 14:31:26,2016-03-26 14:31:26,241,112,0.0,1,4,14,3,78247.56666666667,2220.95,871.4333333333333,6,{},deviant
126951,Notificacion estudiante cancelacion soli,2016-03-25 01:48:37,2016-03-26 14:33:24,2016-03-26 14:33:24,241,112,0.0,0,4,14,3,78249.53333333334,2222.866666666667,873.4,6,{},deviant
127704,Cancelar Solicitud,2016-03-25 12:56:58,2016-03-26 15:05:50,2016-03-26 15:06:25,22475,110,0.26537298387096775,0,3,15,3,78281.96666666666,1570.6666666666667,905.8333333333334,6,{},deviant
129262,Traer informacion estudiante - banner,2016-03-26 15:33:06,2016-03-26 15:33:06,2016-03-26 15:33:06,19019,104,0.0,0,1,15,3,78309.23333333334,78309.23333333334,933.1,6,{},deviant
127151,Notificacion estudiante cancelacion soli,2016-03-25 03:52:15,2016-03-26 16:32:46,2016-03-26 16:32:46,22404,112,0.0,0,4,16,3,78368.9,2241.883333333333,992.7666666666667,6,{},deviant
129262,Radicar Solicitud Homologacion,2016-03-26 15:33:06,2016-03-26 17:00:55,2016-03-26 17:00:55,19019,104,0.10231854838709678,0,2,17,3,78397.05,87.81666666666666,1020.9166666666666,6,{},deviant
127707,Cancelar Solicitud,2016-03-25 15:47:42,2016-03-26 17:56:34,2016-03-26 17:56:47,22475,110,0.26537298387096775,0,3,17,3,78452.7,1570.1833333333334,1076.5666666666666,6,{},deviant
127869,Cancelar Solicitud,2016-03-25 18:05:50,2016-03-26 20:20:47,2016-03-26 20:24:06,9711,111,0.26537298387096775,0,3,20,3,78596.91666666667,1575.1666666666667,1220.7833333333333,6,{},deviant
127951,Cancelar Solicitud,2016-03-25 20:15:25,2016-03-26 22:18:13,2016-03-26 22:20:25,19019,109,0.26537298387096775,1,3,22,3,78714.35,1563.4,1338.2166666666667,6,{},deviant
128451,Cancelar Solicitud,2016-03-25 22:12:47,2016-03-27 00:21:39,2016-03-27 00:21:39,19019,110,0.26537298387096775,0,3,0,3,78837.78333333334,1568.8666666666666,21.65,7,{},deviant
128951,Cancelar Solicitud,2016-03-25 22:54:29,2016-03-27 01:09:26,2016-03-27 01:09:41,669,111,0.26537298387096775,0,3,1,3,78885.56666666667,1582.6833333333334,69.43333333333334,7,{},deviant
126861,Notificacion estudiante cancelacion soli,2016-03-25 09:17:49,2016-03-27 03:05:00,2016-03-27 03:05:00,19019,112,0.0,0,5,3,3,79001.13333333333,2535.1833333333334,185.0,7,{},deviant
120359,Radicar Solicitud Homologacion,2016-03-18 11:18:52,2016-03-27 10:25:33,2016-03-27 10:25:33,19019,109,0.10231854838709678,0,4,10,3,79441.68333333333,12906.683333333332,625.55,7,{},deviant
124156,Notificacion estudiante cancelacion soli,2016-03-22 06:58:46,2016-03-27 12:50:15,2016-03-27 12:50:15,19019,100,0.0,0,4,12,3,79586.38333333333,7559.983333333334,770.25,7,{},deviant
124158,Notificacion estudiante cancelacion soli,2016-03-22 08:05:08,2016-03-27 13:50:09,2016-03-27 13:50:09,19019,101,0.0,1,4,13,3,79646.28333333334,7553.5,830.15,7,{},deviant
120355,Cancelar Solicitud,2016-03-17 14:59:41,2016-03-27 18:36:22,2016-03-27 18:36:22,22475,113,0.26537298387096775,0,4,18,3,79932.5,14616.683333333332,1116.3666666666666,7,{},deviant
111655,Validar solicitud / pre-homologacion,2016-03-21 08:00:16,2016-03-27 16:44:49,2016-03-27 19:14:44,19019,102,0.012852822580645162,0,7,16,3,79820.95,9179.466666666667,1004.8166666666667,7,{},deviant
120303,Validar solicitud,2016-03-17 14:48:27,2016-03-27 19:05:11,2016-03-27 19:17:54,6400,113,0.24168346774193547,0,4,19,3,79961.31666666667,14821.366666666667,1145.1833333333334,7,{},deviant
129002,Validar solicitud,2016-03-26 07:17:43,2016-03-27 20:07:33,2016-03-27 20:09:45,19019,108,0.24168346774193547,0,3,20,3,80023.68333333333,2210.05,1207.55,7,{},deviant
126513,Notificacion estudiante cancelacion soli,2016-03-25 12:33:57,2016-03-27 22:35:04,2016-03-27 22:35:04,19019,109,0.0,0,5,22,3,80171.2,3481.75,1355.0666666666666,7,{},deviant
127866,Cancelar Solicitud,2016-03-25 21:02:47,2016-03-28 02:24:45,2016-03-28 02:30:54,659,109,0.26537298387096775,0,4,2,3,80400.88333333333,3202.1,144.75,1,{},deviant
129254,Validar solicitud,2016-03-26 14:23:01,2016-03-28 03:28:24,2016-03-28 03:28:52,19019,105,0.24168346774193547,0,3,3,3,80464.53333333334,2225.383333333333,208.4,1,{},deviant
129254,Homologacion por grupo de cursos,2016-03-28 03:28:52,2016-03-28 03:36:13,2016-03-28 03:40:34,1007,96,0.5632560483870968,0,4,3,3,80472.35,7.816666666666666,216.21666666666667,1,{},deviant
129262,Validar solicitud,2016-03-26 17:00:55,2016-03-28 06:15:44,2016-03-28 06:16:27,19019,103,0.24168346774193547,0,3,6,3,80631.86666666667,2234.8166666666666,375.73333333333335,1,{},deviant
129262,Homologacion por grupo de cursos,2016-03-28 06:16:27,2016-03-28 06:38:05,2016-03-28 06:42:11,1007,95,0.5632560483870968,0,4,6,3,80654.21666666666,22.35,398.0833333333333,1,{},deviant
124152,Notificacion estudiante cancelacion soli,2016-03-22 13:12:00,2016-03-28 06:49:59,2016-03-28 06:49:59,22475,100,0.0,0,4,6,3,80666.11666666667,8258.316666666668,409.98333333333335,1,{},deviant
128853,Cancelar Solicitud,2016-03-26 02:48:27,2016-03-28 12:05:07,2016-03-28 12:10:57,19019,109,0.26537298387096775,0,3,12,3,80981.25,3437.5666666666666,725.1166666666667,1,{},deviant
128860,Cancelar Solicitud,2016-03-26 03:31:42,2016-03-28 13:01:28,2016-03-28 13:01:55,19019,108,0.26537298387096775,0,3,13,3,81037.6,3449.8333333333335,781.4666666666667,1,{},deviant
120353,Notificacion estudiante cancelacion soli,2016-03-17 21:57:28,2016-03-28 14:23:00,2016-03-28 14:23:00,22475,113,0.0,0,4,14,3,81119.13333333333,15385.583333333334,863.0,1,{},deviant
108551,Validacion final,2016-03-18 04:09:18,2016-03-28 16:19:08,2016-03-28 16:21:30,677,109,0.010080645161290322,0,7,16,3,81235.26666666666,15328.8,979.1333333333333,1,{},regular
121551,Notificacion estudiante cancelacion soli,2016-03-19 09:24:31,2016-03-28 17:52:38,2016-03-28 17:52:38,19019,105,0.0,0,4,17,3,81328.76666666666,13468.116666666667,1072.6333333333334,1,{},deviant
129052,Cancelar Solicitud,2016-03-26 11:35:12,2016-03-28 20:56:47,2016-03-28 20:56:59,669,105,0.26537298387096775,0,3,20,3,81512.91666666667,3441.5833333333335,1256.7833333333333,1,{},deviant
121755,Notificacion estudiante cancelacion soli,2016-03-19 14:01:36,2016-03-28 23:17:34,2016-03-28 23:17:34,241,102,0.0,0,4,23,3,81653.7,13603.966666666667,1397.5666666666666,1,{},deviant
111951,Validacion final,2016-03-20 18:21:05,2016-03-29 02:06:33,2016-03-29 02:23:18,1707,98,0.010080645161290322,0,7,2,3,81822.68333333333,12024.483333333334,126.55,2,{},regular
111454,Validacion final,2016-03-19 17:41:09,2016-03-29 03:43:45,2016-03-29 03:43:45,19019,102,0.010080645161290322,0,7,3,3,81919.88333333333,13697.066666666668,223.75,2,{},regular
108452,Validacion final,2016-03-17 07:03:37,2016-03-29 21:07:32,2016-03-29 21:07:58,22475,112,0.010080645161290322,0,7,21,3,82963.66666666667,18149.633333333335,1267.5333333333333,2,{},regular
125717,Notificacion estudiante cancelacion soli,2016-03-24 12:55:50,2016-03-29 21:43:32,2016-03-29 21:43:32,19019,113,0.0,0,4,21,3,82999.66666666667,7738.066666666667,1303.5333333333333,2,{},deviant
125304,Notificacion estudiante cancelacion soli,2016-03-22 19:41:36,2016-03-29 22:38:36,2016-03-29 22:38:36,7080,99,0.0,0,4,22,3,83054.73333333334,10263.033333333333,1358.6,2,{},deviant
120101,Notificacion estudiante cancelacion soli,2016-03-17 12:31:12,2016-03-30 01:09:43,2016-03-30 01:09:43,22404,112,0.0,0,4,1,3,83205.85,18039.416666666668,69.71666666666667,3,{},deviant
129002,Cancelar Solicitud,2016-03-27 20:09:45,2016-03-30 19:57:49,2016-03-30 20:00:04,19019,97,0.26537298387096775,0,4,19,3,84333.95,4310.266666666666,1197.8166666666666,3,{},deviant
123769,Notificacion estudiante cancelacion soli,2016-03-24 09:09:15,2016-03-30 20:25:46,2016-03-30 20:25:46,2292,111,0.0,0,5,20,3,84361.9,9317.416666666666,1225.7666666666667,3,{},deviant
123771,Notificacion estudiante cancelacion soli,2016-03-24 09:45:40,2016-03-30 21:04:57,2016-03-30 21:04:57,22475,111,0.0,0,5,21,3,84401.08333333333,9319.366666666667,1264.95,3,{},deviant
123767,Notificacion estudiante cancelacion soli,2016-03-24 09:03:53,2016-03-31 02:58:20,2016-03-31 02:58:20,2292,112,0.0,0,5,2,3,84754.46666666666,9714.933333333332,178.33333333333334,4,{},deviant
108901,Validacion final,2016-03-22 01:24:12,2016-03-31 07:28:08,2016-03-31 07:33:51,22404,100,0.010080645161290322,0,8,7,3,85024.26666666666,13535.483333333334,448.1333333333333,4,{},regular
108751,Transferir creditos homologables,2016-03-26 01:06:09,2016-03-31 09:51:41,2016-03-31 09:51:41,12548,109,0.0010080645161290322,0,9,9,3,85167.81666666667,7725.583333333333,591.6833333333333,4,{},regular
31_CF,Avanzar recepcion documentos,2016-03-17 22:20:25,2016-03-31 11:43:29,2016-03-31 11:44:52,1007,112,0.0020161290322580645,0,6,11,3,85279.61666666667,19528.766666666666,703.4833333333333,4,{},regular
124703,Notificacion estudiante cancelacion soli,2016-03-23 22:42:04,2016-03-31 13:27:47,2016-03-31 13:27:47,19019,107,0.0,0,4,13,3,85383.91666666667,10965.833333333334,807.7833333333333,4,{},deviant
127866,Notificacion estudiante cancelacion soli,2016-03-28 02:30:54,2016-03-31 18:29:21,2016-03-31 18:29:21,659,96,0.0,0,5,18,3,85685.48333333334,5284.6,1109.35,4,{},deviant
124301,Cancelar Solicitud,2016-03-22 11:35:25,2016-03-31 19:25:14,2016-03-31 19:26:48,19019,101,0.26537298387096775,0,4,19,3,85741.36666666667,13429.816666666668,1165.2333333333333,4,{},deviant
127402,Cancelar Solicitud,2016-03-26 00:58:05,2016-03-31 23:20:40,2016-03-31 23:20:40,695,109,0.26537298387096775,0,4,23,3,85976.8,8542.583333333334,1400.6666666666667,4,{},deviant
127401,Cancelar Solicitud,2016-03-26 00:35:33,2016-03-31 23:29:53,2016-03-31 23:29:53,695,109,0.26537298387096775,0,4,23,3,85986.01666666666,8574.333333333334,1409.8833333333334,4,{},deviant
128451,Notificacion estudiante cancelacion soli,2016-03-27 00:21:39,2016-04-01 01:49:00,2016-04-01 01:49:00,19019,103,0.0,0,4,1,4,86125.13333333333,7287.35,109.0,5,{},deviant
128853,Notificacion estudiante cancelacion soli,2016-03-28 12:10:57,2016-04-01 02:29:23,2016-04-01 02:29:23,19019,93,0.0,0,4,2,4,86165.51666666666,5184.266666666666,149.38333333333333,5,{},deviant
128951,Notificacion estudiante cancelacion soli,2016-03-27 01:09:41,2016-04-01 02:45:23,2016-04-01 02:45:23,669,103,0.0,0,4,2,4,86181.51666666666,7295.95,165.38333333333333,5,{},deviant
128860,Notificacion estudiante cancelacion soli,2016-03-28 13:01:55,2016-04-01 03:34:37,2016-04-01 03:34:37,19019,93,0.0,0,4,3,4,86230.75,5193.15,214.61666666666667,5,{},deviant
122001,Notificacion estudiante cancelacion soli,2016-03-22 22:06:26,2016-04-01 04:31:22,2016-04-01 04:31:22,19019,100,0.0,0,5,4,4,86287.5,13350.816666666668,271.3666666666667,5,{},deviant
127305,Notificacion estudiante cancelacion soli,2016-03-26 03:24:02,2016-04-01 09:42:43,2016-04-01 09:42:43,19019,108,0.0,0,4,9,4,86598.85,9018.683333333332,582.7166666666667,5,{},deviant
129052,Notificacion estudiante cancelacion soli,2016-03-28 20:56:59,2016-04-01 10:51:40,2016-04-01 10:51:40,669,91,0.0,0,4,10,4,86667.8,5154.883333333333,651.6666666666666,5,{},deviant
127603,Notificacion estudiante cancelacion soli,2016-03-26 06:22:56,2016-04-01 12:42:38,2016-04-01 12:42:38,19019,108,0.0,0,4,12,4,86778.76666666666,9020.3,762.6333333333333,5,{},deviant
127703,Notificacion estudiante cancelacion soli,2016-03-26 10:58:23,2016-04-01 17:35:43,2016-04-01 17:35:43,22475,106,0.0,0,4,17,4,87071.85,9038.066666666668,1055.7166666666667,5,{},deviant
127704,Notificacion estudiante cancelacion soli,2016-03-26 15:06:25,2016-04-01 22:11:06,2016-04-01 22:11:06,22475,103,0.0,0,4,22,4,87347.23333333334,9065.266666666666,1331.1,5,{},deviant
127707,Notificacion estudiante cancelacion soli,2016-03-26 17:56:47,2016-04-02 01:01:28,2016-04-02 01:01:28,22475,103,0.0,0,4,1,4,87517.6,9064.9,61.46666666666667,6,{},deviant
127869,Notificacion estudiante cancelacion soli,2016-03-26 20:24:06,2016-04-02 03:27:37,2016-04-02 03:27:37,9711,103,0.0,0,4,3,4,87663.75,9066.833333333334,207.61666666666667,6,{},deviant
127951,Notificacion estudiante cancelacion soli,2016-03-26 22:20:25,2016-04-02 05:26:14,2016-04-02 05:26:14,19019,103,0.0,0,4,5,4,87782.36666666667,9068.016666666666,326.23333333333335,6,{},deviant
125351,Notificacion estudiante cancelacion soli,2016-03-25 18:28:51,2016-04-02 14:01:04,2016-04-02 14:01:04,19019,110,0.0,0,4,14,4,88297.2,11252.216666666667,841.0666666666667,6,{},deviant
125401,Notificacion estudiante cancelacion soli,2016-03-25 19:16:57,2016-04-02 14:57:11,2016-04-02 14:57:11,19019,108,0.0,0,4,14,4,88353.31666666667,11260.233333333334,897.1833333333333,6,{},deviant
125402,Notificacion estudiante cancelacion soli,2016-03-25 20:15:25,2016-04-02 16:05:51,2016-04-02 16:05:51,19019,109,0.0,0,4,16,4,88421.98333333334,11271.0,965.85,6,{},deviant
125555,Notificacion estudiante cancelacion soli,2016-03-25 22:31:57,2016-04-02 17:40:13,2016-04-02 17:40:13,19019,110,0.0,0,4,17,4,88516.35,11228.316666666668,1060.2166666666667,6,{},deviant
124405,Notificacion estudiante cancelacion soli,2016-03-23 22:04:07,2016-04-02 20:08:09,2016-04-02 20:08:09,19019,107,0.0,0,4,20,4,88664.28333333334,14284.033333333333,1208.15,6,{},deviant
125569,Validar solicitud,2016-03-26 06:34:49,2016-04-03 03:32:22,2016-04-03 03:32:22,920,108,0.24168346774193547,0,4,3,4,89108.5,11337.55,212.36666666666667,7,{},deviant
120362,Notificacion estudiante cancelacion soli,2016-03-23 11:39:41,2016-04-03 15:27:01,2016-04-03 15:27:01,6572,99,0.0,0,5,15,4,89823.15,16142.9,927.0166666666667,7,{},deviant
115310,Notificacion estudiante cancelacion soli,2016-03-17 21:51:16,2016-04-03 22:28:24,2016-04-03 22:28:24,12532,112,0.0,0,5,22,4,90244.53333333334,24517.516666666666,1348.4,7,{},deviant
108551,Visto Bueno Cierre Proceso,2016-03-28 16:21:30,2016-04-04 00:41:44,2016-04-04 00:50:15,3445,92,0.03276209677419355,0,8,0,4,90377.86666666667,9142.6,41.733333333333334,1,{},regular
125559,Notificacion estudiante cancelacion soli,2016-03-26 05:36:50,2016-04-04 14:25:36,2016-04-04 14:25:36,19019,107,0.0,0,4,14,4,91201.73333333334,13489.016666666666,865.6,1,{},deviant
129002,Notificacion estudiante cancelacion soli,2016-03-30 20:00:04,2016-04-04 17:14:38,2016-04-04 17:14:38,19019,87,0.0,0,5,17,4,91370.76666666666,7036.816666666667,1034.6333333333334,1,{},deviant
125703,Notificacion estudiante cancelacion soli,2016-03-26 10:20:38,2016-04-04 19:02:14,2016-04-04 19:02:14,19019,106,0.0,0,4,19,4,91478.36666666667,13481.833333333334,1142.2333333333333,1,{},deviant
0_CF,Visto Bueno Cierre Proceso,2016-03-24 17:12:28,2016-04-05 02:57:13,2016-04-05 02:58:00,1007,115,0.03276209677419355,0,8,2,4,91953.35,16425.75,177.21666666666667,2,{},regular
124501,Notificacion estudiante cancelacion soli,2016-03-24 09:35:36,2016-04-05 08:11:08,2016-04-05 08:11:08,6694,111,0.0,0,4,8,4,92267.26666666666,17196.733333333334,491.1333333333333,2,{},deviant
111454,Visto Bueno Cierre Proceso,2016-03-29 03:43:45,2016-04-05 08:18:00,2016-04-05 10:20:28,1007,90,0.03276209677419355,0,8,8,4,92274.13333333333,10354.25,498.0,2,{},regular
124651,Notificacion estudiante cancelacion soli,2016-03-24 12:35:41,2016-04-05 11:13:57,2016-04-05 11:13:57,294,113,0.0,0,4,11,4,92450.08333333333,17301.483333333334,673.95,2,{},deviant
124702,Notificacion estudiante cancelacion soli,2016-03-24 13:25:22,2016-04-05 12:02:23,2016-04-05 12:02:23,19019,113,0.0,0,4,12,4,92498.51666666666,17201.266666666666,722.3833333333333,2,{},deviant
111951,Visto Bueno Cierre Proceso,2016-03-29 02:23:18,2016-04-05 22:08:49,2016-04-05 22:24:37,15930,90,0.03276209677419355,0,8,22,4,93104.95,11282.266666666666,1328.8166666666666,2,{},regular
105651,Notificacion estudiante cancelacion soli,2016-03-10 21:29:50,2016-04-06 03:29:39,2016-04-06 03:29:39,7080,111,0.0,0,6,3,4,93425.78333333334,37799.816666666666,209.65,3,{},deviant
108901,Visto Bueno Cierre Proceso,2016-03-31 07:33:51,2016-04-10 11:53:11,2016-04-10 12:45:29,4560,84,0.03276209677419355,0,9,11,4,99689.31666666667,14665.05,713.1833333333333,7,{},regular
125569,Notificacion estudiante cancelacion soli,2016-04-03 03:32:22,2016-04-13 09:31:16,2016-04-13 09:31:16,19019,61,0.0,0,5,9,4,103867.4,14758.9,571.2666666666667,3,{},deviant
120303,Notificacion estudiante cancelacion soli,2016-03-27 19:17:54,2016-04-13 16:59:07,2016-04-13 16:59:07,19019,97,0.0,0,5,16,4,104315.25,24353.933333333334,1019.1166666666667,3,{},deviant
108452,Notificacion estudiante cancelacion soli,2016-03-29 21:07:58,2016-04-15 07:36:14,2016-04-15 07:36:14,4126,90,0.0,0,8,7,4,106632.36666666667,23668.7,456.23333333333335,5,{},regular
124301,Notificacion estudiante cancelacion soli,2016-03-31 19:26:48,2016-04-18 07:38:54,2016-04-18 07:38:54,19019,81,0.0,0,5,7,4,110955.03333333334,25213.666666666668,458.9,1,{},deviant
31_CF,Validacion final,2016-03-31 11:44:52,2016-04-18 11:09:46,2016-04-18 11:10:32,19019,83,0.010080645161290322,0,7,11,4,111165.9,25886.283333333333,669.7666666666667,1,{},regular
31_CF,Visto Bueno Cierre Proceso,2016-04-18 11:10:32,2016-05-01 02:33:45,2016-05-01 02:34:16,12548,43,0.03276209677419355,0,8,2,5,129369.88333333333,18203.983333333334,153.75,7,{},regular
