caseid,task,arrive:timestamp,start:timestamp,time:timestamp,role,open_cases,st_tsk_wip,queue,Qty_Completed,Qty_for_MRB,activity_duration,event_nr,hour,lifecycle:transition,month,timesincecasestart,timesincelastevent,timesincemidnight,weekday,attrib_trace,label
Case178,Round Grinding,2012-01-02 00:18:14,2012-01-02 00:18:14,2012-01-02 05:08:14,ID4445,12,0.4379336931380108,0,2.0,0.0,299.0,1,0,complete,1,18.233333333333334,18.233333333333334,18.233333333333334,271.56666666666666,"{'Part_Desc_': 'Cable Head', 'Report_Type': 'D', 'Rework': 'missing', 'Work_Order_Qty': 250.0}",deviant
0_CF,Turn & Mill. & Screw Assem,2012-01-02 01:30:25,2012-01-02 01:30:25,2012-01-02 06:02:31,ID4932,13,0,0,1.0,0.0,1.0,1,1,complete,1,90.41666666666667,90.41666666666667,90.41666666666667,272.1,"{'Part_Desc_': 'Barrel', 'Report_Type': 'S', 'Rework': 'missing', 'Work_Order_Qty': 1.0}",deviant
Case178,Round Grinding,2012-01-02 05:08:14,2012-01-02 08:04:53,2012-01-02 09:04:53,ID4355,16,0.4379336931380108,0,2.0,0.0,299.0,2,8,complete,1,484.8833333333333,466.65,484.8833333333333,212.36666666666667,"{'Part_Desc_': 'Cable Head', 'Report_Type': 'D', 'Rework': 'missing', 'Work_Order_Qty': 250.0}",deviant
1_CF,Turn & Mill. & Screw Assem,2012-01-02 02:04:12,2012-01-02 06:02:31,2012-01-02 10:13:38,ID4932,14,0,0,1.0,0.0,1.0,1,2,complete,1,124.2,124.2,124.2,251.11666666666667,"{'Part_Desc_': 'Barrel', 'Report_Type': 'S', 'Rework': 'missing', 'Work_Order_Qty': 1.0}",deviant
Case187,Lapping,2012-01-02 10:24:15,2012-01-02 10:24:15,2012-01-02 12:54:15,ID4882,22,0.12336160370084812,0,2.0,0.0,361.0,1,10,complete,1,624.25,624.25,624.25,200.06666666666666,"{'Part_Desc_': 'Cable Head', 'Report_Type': 'D', 'Rework': 'missing', 'Work_Order_Qty': 200.0}",deviant
Case178,Grinding Rework,2012-01-02 09:04:53,2012-01-02 12:34:26,2012-01-02 13:30:26,ID4872,20,0.01233616037008481,0,2.0,0.0,299.0,3,12,complete,1,754.4333333333333,269.55,754.4333333333333,163.0,"{'Part_Desc_': 'Cable Head', 'Report_Type': 'D', 'Rework': 'missing', 'Work_Order_Qty': 250.0}",deviant
4_CF,Turn & Mill. & Screw Assem,2012-01-02 03:43:16,2012-01-02 10:13:38,2012-01-02 13:58:04,ID4932,15,0,1,1.0,0.0,1.0,1,3,complete,1,223.26666666666668,223.26666666666668,223.26666666666668,224.43333333333334,"{'Part_Desc_': 'Barrel', 'Report_Type': 'S', 'Rework': 'missing', 'Work_Order_Qty': 1.0}",deviant
Case263,Turning & Milling,2012-01-02 13:24:22,2012-01-02 13:24:22,2012-01-02 15:24:22,ID4219,25,0.6491904394757132,0,18.0,0.0,31.000000000000004,1,13,complete,1,804.3666666666667,804.3666666666667,804.3666666666667,192.65,"{'Part_Desc_': 'Compound Dies', 'Report_Type': 'S', 'Rework': 'missing', 'Work_Order_Qty': 18.0}",regular
Case238,Turning & Milling,2012-01-02 09:32:06,2012-01-02 09:32:06,2012-01-02 15:32:06,ID4794,21,0.6491904394757132,0,54.0,0.0,643.0,1,9,complete,1,572.1,572.1,572.1,223.88333333333333,"{'Part_Desc_': 'Electrical Contact', 'Report_Type': 'S', 'Rework': 'missing', 'Work_Order_Qty': 320.0}",regular
Case254,Laser Marking,2012-01-02 15:02:18,2012-01-02 15:02:18,2012-01-02 17:02:18,ID0998,27,0.06090979182729375,0,225.0,0.0,1.0,1,15,complete,1,902.3,902.3,902.3,184.7,"{'Part_Desc_': 'Spur Gear', 'Report_Type': 'D', 'Rework': 'missing', 'Work_Order_Qty': 225.0}",regular
9_CF,Turn & Mill. & Screw Assem,2012-01-02 04:40:09,2012-01-02 13:58:04,2012-01-02 17:11:37,ID4932,16,0,2,1.0,0.0,1.0,1,4,complete,1,280.15,280.15,280.15,193.55,"{'Part_Desc_': 'Barrel', 'Report_Type': 'S', 'Rework': 'missing', 'Work_Order_Qty': 1.0}",deviant
Case187,Round Grinding,2012-01-02 12:54:15,2012-01-02 15:47:10,2012-01-02 18:11:10,ID4385,24,0.4379336931380108,0,2.0,0.0,361.0,2,15,complete,1,947.1666666666666,322.9166666666667,947.1666666666666,154.73333333333332,"{'Part_Desc_': 'Cable Head', 'Report_Type': 'D', 'Rework': 'missing', 'Work_Order_Qty': 200.0}",deviant
Case188,Lapping,2012-01-02 17:42:37,2012-01-02 17:42:37,2012-01-02 18:12:37,ID4882,29,0.12336160370084812,0,2.0,0.0,244.0,1,17,complete,1,1062.6166666666666,1062.6166666666666,1062.6166666666666,177.86666666666667,"{'Part_Desc_': 'Punch Holder', 'Report_Type': 'D', 'Rework': 'missing', 'Work_Order_Qty': 350.0}",deviant
Case153,Round Grinding,2012-01-02 18:11:48,2012-01-02 18:11:48,2012-01-02 19:01:48,ID4528,30,0.4379336931380108,0,4.0,0.0,59.99999999999999,1,18,complete,1,1091.8,1091.8,1091.8,186.16666666666666,"{'Part_Desc_': 'Housing', 'Report_Type': 'S', 'Rework': 'missing', 'Work_Order_Qty': 45.99999999999999}",regular
12_CF,Turn & Mill. & Screw Assem,2012-01-02 05:28:46,2012-01-02 17:11:37,2012-01-02 20:15:37,ID4932,17,0,3,1.0,0.0,1.0,1,5,complete,1,328.76666666666665,328.76666666666665,328.76666666666665,184.0,"{'Part_Desc_': 'Barrel', 'Report_Type': 'S', 'Rework': 'missing', 'Work_Order_Qty': 1.0}",deviant
Case236,Round Grinding,2012-01-02 20:41:09,2012-01-02 20:41:09,2012-01-02 21:26:09,ID4528,32,0.4379336931380108,0,20.0,0.0,60.0,1,20,complete,1,1241.15,1241.15,1241.15,179.88333333333333,"{'Part_Desc_': 'Spur Gear', 'Report_Type': 'S', 'Rework': 'missing', 'Work_Order_Qty': 20.0}",regular
Case246,Turning & Milling,2012-01-02 14:48:02,2012-01-02 14:48:02,2012-01-02 21:48:02,ID4641,26,0.6491904394757132,0,14.0,0.0,75.0,1,14,complete,1,888.0333333333333,888.0333333333333,888.0333333333333,180.56666666666666,"{'Part_Desc_': 'other', 'Report_Type': 'D', 'Rework': 'missing', 'Work_Order_Qty': 36.0}",regular
Case254,Flat Grinding,2012-01-02 17:02:18,2012-01-02 20:03:35,2012-01-02 22:03:35,ID0998,28,0.02467232074016962,0,225.0,0.0,1.0,2,20,complete,1,1203.5833333333333,301.28333333333336,1203.5833333333333,127.86666666666666,"{'Part_Desc_': 'Spur Gear', 'Report_Type': 'D', 'Rework': 'missing', 'Work_Order_Qty': 225.0}",regular
Case274,Turning & Milling,2012-01-02 16:37:02,2012-01-02 16:37:02,2012-01-02 22:19:02,ID4219,28,0.6491904394757132,0,3.0,0.0,60.0,1,16,complete,1,997.0333333333333,997.0333333333333,997.0333333333333,183.11666666666667,"{'Part_Desc_': 'Spur Gear', 'Report_Type': 'S', 'Rework': 'missing', 'Work_Order_Qty': 3.0}",regular
Case185,Turning & Milling,2012-01-02 21:06:40,2012-01-02 21:06:40,2012-01-02 22:21:40,ID4132,33,0.6491904394757132,0,7.0,0.0,60.0,1,21,complete,1,1266.6666666666667,1266.6666666666667,1266.6666666666667,156.01666666666668,"{'Part_Desc_': 'Cable Head', 'Report_Type': 'D', 'Rework': 'missing', 'Work_Order_Qty': 17.0}",deviant
Case255,Turning,2012-01-02 11:38:20,2012-01-02 11:38:20,2012-01-02 22:38:20,ID0997,23,0,0,40.0,0.0,59.99999999999999,1,11,complete,1,698.3333333333334,698.3333333333334,698.3333333333334,209.16666666666666,"{'Part_Desc_': 'other', 'Report_Type': 'D', 'Rework': 'missing', 'Work_Order_Qty': 40.0}",regular
Case153,Round Grinding,2012-01-02 19:01:48,2012-01-02 21:56:27,2012-01-02 22:51:27,ID4528,30,0.4379336931380108,0,4.0,0.0,59.99999999999999,2,21,complete,1,1316.45,224.65,1316.45,128.66666666666666,"{'Part_Desc_': 'Housing', 'Report_Type': 'S', 'Rework': 'missing', 'Work_Order_Qty': 45.99999999999999}",regular
15_CF,Turn & Mill. & Screw Assem,2012-01-02 06:53:14,2012-01-02 20:15:37,2012-01-02 23:03:59,ID4932,18,0,3,1.0,0.0,1.0,1,6,complete,1,413.23333333333335,413.23333333333335,413.23333333333335,168.36666666666667,"{'Part_Desc_': 'Barrel', 'Report_Type': 'S', 'Rework': 'missing', 'Work_Order_Qty': 1.0}",deviant
Case178,Grinding Rework,2012-01-02 13:30:26,2012-01-02 17:57:02,2012-01-02 23:19:02,ID4872,25,0.01233616037008481,0,2.0,0.0,299.0,4,17,complete,1,1077.0333333333333,322.6,1077.0333333333333,117.68333333333334,"{'Part_Desc_': 'Cable Head', 'Report_Type': 'D', 'Rework': 'missing', 'Work_Order_Qty': 250.0}",deviant
Case188,Laser Marking,2012-01-02 18:12:37,2012-01-02 22:03:35,2012-01-02 23:48:35,ID0998,30,0.06090979182729375,0,2.0,0.0,244.0,2,21,complete,1,1267.8,205.18333333333334,1267.8,123.9,"{'Part_Desc_': 'Punch Holder', 'Report_Type': 'D', 'Rework': 'missing', 'Work_Order_Qty': 350.0}",deviant
Case199,Lapping,2012-01-02 22:43:37,2012-01-02 22:43:37,2012-01-02 23:58:37,ID4882,34,0.12336160370084812,0,1.0,0.0,75.0,1,22,complete,1,1363.6166666666666,1363.6166666666666,1363.6166666666666,130.01666666666668,"{'Part_Desc_': 'Cable Head', 'Report_Type': 'D', 'Rework': 'missing', 'Work_Order_Qty': 180.0}",regular
Case187,Round Grinding,2012-01-02 18:11:10,2012-01-02 21:58:56,2012-01-03 00:18:56,ID4355,29,0.4379336931380108,0,2.0,0.0,361.0,3,21,complete,1,1318.9333333333334,371.76666666666665,1318.9333333333334,117.73333333333333,"{'Part_Desc_': 'Cable Head', 'Report_Type': 'D', 'Rework': 'missing', 'Work_Order_Qty': 200.0}",deviant
Case237,Turning & Milling Q.C.,2012-01-02 23:41:10,2012-01-02 23:41:10,2012-01-03 00:56:10,ID4618,35,0.17424826522744796,0,131.0,0.0,75.0,1,23,complete,1,1421.1666666666667,1421.1666666666667,1421.1666666666667,160.3,"{'Part_Desc_': 'Fastener', 'Report_Type': 'D', 'Rework': 'missing', 'Work_Order_Qty': 313.0}",regular
Case238,Turning & Milling,2012-01-02 15:32:06,2012-01-02 18:16:26,2012-01-03 01:16:26,ID4529,27,0.6491904394757132,0,54.0,0.0,643.0,2,18,complete,1,1096.4333333333334,524.3333333333334,1096.4333333333334,130.73333333333332,"{'Part_Desc_': 'Electrical Contact', 'Report_Type': 'S', 'Rework': 'missing', 'Work_Order_Qty': 320.0}",regular
21_CF,Turn & Mill. & Screw Assem,2012-01-02 07:27:21,2012-01-02 23:03:59,2012-01-03 02:00:18,ID4932,19,0,4,1.0,0.0,1.0,1,7,complete,1,447.35,447.35,447.35,176.31666666666666,"{'Part_Desc_': 'Barrel', 'Report_Type': 'S', 'Rework': 'missing', 'Work_Order_Qty': 1.0}",deviant
Case236,Round Grinding,2012-01-02 21:26:09,2012-01-03 00:18:22,2012-01-03 02:03:22,ID4528,33,0.4379336931380108,0,20.0,0.0,60.0,2,0,complete,1,1458.3666666666666,217.21666666666667,18.366666666666667,169.35,"{'Part_Desc_': 'Spur Gear', 'Report_Type': 'S', 'Rework': 'missing', 'Work_Order_Qty': 20.0}",regular
Case274,Turning & Milling Q.C.,2012-01-02 22:19:02,2012-01-03 01:11:10,2012-01-03 02:46:10,ID4287,33,0.17424826522744796,0,3.0,0.0,60.0,2,1,complete,1,1511.1666666666667,514.1333333333333,71.16666666666667,151.8,"{'Part_Desc_': 'Spur Gear', 'Report_Type': 'S', 'Rework': 'missing', 'Work_Order_Qty': 3.0}",regular
Case255,Turning Q.C.,2012-01-02 22:38:20,2012-01-03 01:39:42,2012-01-03 02:54:42,ID4618,33,0,0,40.0,0.0,59.99999999999999,2,1,complete,1,1539.7,841.3666666666667,99.7,151.4,"{'Part_Desc_': 'other', 'Report_Type': 'D', 'Rework': 'missing', 'Work_Order_Qty': 40.0}",regular
Case185,Grinding Rework,2012-01-02 22:21:40,2012-01-03 02:03:22,2012-01-03 03:35:22,ID4528,33,0.01233616037008481,0,7.0,0.0,60.0,2,1,complete,1,1512.7833333333333,246.11666666666667,72.78333333333333,155.85,"{'Part_Desc_': 'Cable Head', 'Report_Type': 'D', 'Rework': 'missing', 'Work_Order_Qty': 17.0}",deviant
Case254,Flat Grinding,2012-01-02 22:03:35,2012-01-03 02:22:11,2012-01-03 03:41:11,ID0998,33,0.02467232074016962,1,225.0,0.0,1.0,3,2,complete,1,1582.1833333333334,378.6,142.18333333333334,138.18333333333334,"{'Part_Desc_': 'Spur Gear', 'Report_Type': 'D', 'Rework': 'missing', 'Work_Order_Qty': 225.0}",regular
Case153,Final Inspection Q.C.,2012-01-02 22:51:27,2012-01-03 03:13:30,2012-01-03 03:50:30,ID4287,34,0.2027756360832691,0,4.0,0.0,59.99999999999999,3,3,complete,1,1633.5,317.05,193.5,129.7,"{'Part_Desc_': 'Housing', 'Report_Type': 'S', 'Rework': 'missing', 'Work_Order_Qty': 45.99999999999999}",regular
Case263,Turning & Milling,2012-01-02 15:24:22,2012-01-02 22:19:02,2012-01-03 04:25:02,ID4219,27,0.6491904394757132,0,18.0,0.0,31.000000000000004,2,18,complete,1,1089.6666666666667,285.3,1089.6666666666667,113.9,"{'Part_Desc_': 'Compound Dies', 'Report_Type': 'S', 'Rework': 'missing', 'Work_Order_Qty': 18.0}",regular
23_CF,Turn & Mill. & Screw Assem,2012-01-02 08:31:22,2012-01-03 02:00:18,2012-01-03 05:52:46,ID4932,20,0,5,1.0,0.0,1.0,1,8,complete,1,511.3666666666667,511.3666666666667,511.3666666666667,232.46666666666667,"{'Part_Desc_': 'Barrel', 'Report_Type': 'S', 'Rework': 'missing', 'Work_Order_Qty': 1.0}",deviant
Case238,Turning & Milling,2012-01-03 01:16:26,2012-01-03 04:50:54,2012-01-03 06:50:54,ID4529,36,0.6491904394757132,0,54.0,0.0,643.0,3,4,complete,1,1730.9,634.4666666666667,290.9,121.13333333333334,"{'Part_Desc_': 'Electrical Contact', 'Report_Type': 'S', 'Rework': 'missing', 'Work_Order_Qty': 320.0}",regular
Case236,Turning & Milling Q.C.,2012-01-03 02:03:22,2012-01-03 06:15:05,2012-01-03 07:09:05,ID4618,37,0.17424826522744796,0,20.0,0.0,60.0,3,6,complete,1,1815.0833333333333,356.71666666666664,375.0833333333333,154.33333333333334,"{'Part_Desc_': 'Spur Gear', 'Report_Type': 'S', 'Rework': 'missing', 'Work_Order_Qty': 20.0}",regular
Case199,Lapping,2012-01-02 23:58:37,2012-01-03 02:49:01,2012-01-03 07:15:01,ID4882,35,0.12336160370084812,0,1.0,0.0,75.0,2,2,complete,1,1609.0166666666667,245.4,169.01666666666668,110.71666666666667,"{'Part_Desc_': 'Cable Head', 'Report_Type': 'D', 'Rework': 'missing', 'Work_Order_Qty': 180.0}",regular
Case255,Laser Marking,2012-01-03 02:54:42,2012-01-03 06:55:55,2012-01-03 07:40:55,ID0998,38,0.06090979182729375,0,40.0,0.0,59.99999999999999,3,6,complete,1,1855.9166666666667,316.21666666666664,415.9166666666667,126.18333333333334,"{'Part_Desc_': 'other', 'Report_Type': 'D', 'Rework': 'missing', 'Work_Order_Qty': 40.0}",regular
Case246,Turning & Milling,2012-01-02 21:48:02,2012-01-03 00:21:16,2012-01-03 08:01:16,ID3846,33,0.6491904394757132,0,14.0,0.0,75.0,2,0,complete,1,1461.2666666666667,573.2333333333333,21.266666666666666,153.36666666666667,"{'Part_Desc_': 'other', 'Report_Type': 'D', 'Rework': 'missing', 'Work_Order_Qty': 36.0}",regular
Case185,Packing,2012-01-03 03:35:22,2012-01-03 07:47:24,2012-01-03 08:47:24,ID4820,39,0.03932151117964534,0,7.0,0.0,60.0,3,7,complete,1,1907.4,394.6166666666667,467.4,139.7,"{'Part_Desc_': 'Cable Head', 'Report_Type': 'D', 'Rework': 'missing', 'Work_Order_Qty': 17.0}",deviant
0_CF,Turning & Milling,2012-01-02 06:02:31,2012-01-03 05:52:46,2012-01-03 09:08:32,ID4932,17,0.6491904394757132,4,1.0,0.0,1.0,2,9,complete,1,549.1333333333333,458.71666666666664,549.1333333333333,195.76666666666668,"{'Part_Desc_': 'Barrel', 'Report_Type': 'S', 'Rework': 'missing', 'Work_Order_Qty': 1.0}",deviant
Case188,Lapping,2012-01-02 23:48:35,2012-01-03 07:15:01,2012-01-03 09:55:01,ID4882,35,0.12336160370084812,0,2.0,0.0,244.0,3,3,complete,1,1667.85,400.05,227.85,117.75,"{'Part_Desc_': 'Punch Holder', 'Report_Type': 'D', 'Rework': 'missing', 'Work_Order_Qty': 350.0}",deviant
Case274,Turning & Milling,2012-01-03 02:46:10,2012-01-03 06:48:43,2012-01-03 10:01:43,ID4219,38,0.6491904394757132,0,3.0,0.0,60.0,3,6,complete,1,1848.7166666666667,337.55,408.71666666666664,132.53333333333333,"{'Part_Desc_': 'Spur Gear', 'Report_Type': 'S', 'Rework': 'missing', 'Work_Order_Qty': 3.0}",regular
Case237,Turning & Milling,2012-01-03 00:56:10,2012-01-03 04:01:45,2012-01-03 10:01:45,ID4167,36,0.6491904394757132,0,131.0,0.0,75.0,2,4,complete,1,1681.75,260.5833333333333,241.75,137.98333333333332,"{'Part_Desc_': 'Fastener', 'Report_Type': 'D', 'Rework': 'missing', 'Work_Order_Qty': 313.0}",regular
Case153,Final Inspection Q.C.,2012-01-03 03:50:30,2012-01-03 09:39:38,2012-01-03 10:14:38,ID4287,39,0.2027756360832691,0,4.0,0.0,59.99999999999999,4,9,complete,1,2019.6333333333334,386.1333333333333,579.6333333333333,127.36666666666666,"{'Part_Desc_': 'Housing', 'Report_Type': 'S', 'Rework': 'missing', 'Work_Order_Qty': 45.99999999999999}",regular
Case263,Turning & Milling,2012-01-03 04:25:02,2012-01-03 10:01:43,2012-01-03 12:20:43,ID4219,39,0.6491904394757132,0,18.0,0.0,31.000000000000004,3,8,complete,1,1923.85,834.1833333333333,483.85,114.23333333333333,"{'Part_Desc_': 'Compound Dies', 'Report_Type': 'S', 'Rework': 'missing', 'Work_Order_Qty': 18.0}",regular
Case255,Final Inspection Q.C.,2012-01-03 07:40:55,2012-01-03 12:51:22,2012-01-03 13:51:22,ID4618,43,0.2027756360832691,0,40.0,0.0,59.99999999999999,4,12,complete,1,2211.366666666667,355.45,771.3666666666667,129.56666666666666,"{'Part_Desc_': 'other', 'Report_Type': 'D', 'Rework': 'missing', 'Work_Order_Qty': 40.0}",regular
22_CF,Turn & Mill. & Screw Assem,2012-01-03 10:24:07,2012-01-03 10:24:07,2012-01-03 13:56:40,ID4641,46,0,0,1.0,0.0,1.0,1,10,complete,1,2064.116666666667,2064.116666666667,624.1166666666667,212.55,"{'Part_Desc_': 'Barrel', 'Report_Type': 'S', 'Rework': 'missing', 'Work_Order_Qty': 1.0}",deviant
0_CF,Turning & Milling,2012-01-03 09:08:32,2012-01-03 12:05:59,2012-01-03 14:31:02,ID4132,44,0.6491904394757132,0,1.0,0.0,1.0,3,12,complete,1,2165.983333333333,1616.85,725.9833333333333,145.05,"{'Part_Desc_': 'Barrel', 'Report_Type': 'S', 'Rework': 'missing', 'Work_Order_Qty': 1.0}",deviant
Case199,Lapping,2012-01-03 07:15:01,2012-01-03 11:24:19,2012-01-03 14:34:19,ID0998,43,0.12336160370084812,0,1.0,0.0,75.0,3,11,complete,1,2124.3166666666666,515.3,684.3166666666667,120.63333333333334,"{'Part_Desc_': 'Cable Head', 'Report_Type': 'D', 'Rework': 'missing', 'Work_Order_Qty': 180.0}",regular
Case178,Lapping,2012-01-02 23:19:02,2012-01-03 09:55:01,2012-01-03 14:54:01,ID4882,34,0.12336160370084812,0,2.0,0.0,299.0,5,4,complete,1,1714.9833333333333,637.95,274.98333333333335,116.73333333333333,"{'Part_Desc_': 'Cable Head', 'Report_Type': 'D', 'Rework': 'missing', 'Work_Order_Qty': 250.0}",deviant
Case185,Packing,2012-01-03 08:47:24,2012-01-03 14:10:51,2012-01-03 15:10:51,ID4820,44,0.03932151117964534,0,7.0,0.0,60.0,4,14,complete,1,2290.85,383.45,850.85,129.06666666666666,"{'Part_Desc_': 'Cable Head', 'Report_Type': 'D', 'Rework': 'missing', 'Work_Order_Qty': 17.0}",deviant
Case246,Turning & Milling,2012-01-03 08:01:16,2012-01-03 13:56:40,2012-01-03 15:11:40,ID4641,43,0.6491904394757132,0,14.0,0.0,75.0,3,11,complete,1,2136.0833333333335,674.8166666666667,696.0833333333334,130.7,"{'Part_Desc_': 'other', 'Report_Type': 'D', 'Rework': 'missing', 'Work_Order_Qty': 36.0}",regular
Case237,Turning & Milling Q.C.,2012-01-03 10:01:45,2012-01-03 14:13:12,2012-01-03 15:28:12,ID4618,45,0.17424826522744796,0,131.0,0.0,75.0,3,14,complete,1,2293.2,611.45,853.2,120.93333333333334,"{'Part_Desc_': 'Fastener', 'Report_Type': 'D', 'Rework': 'missing', 'Work_Order_Qty': 313.0}",regular
Case187,Round Grinding,2012-01-03 00:18:56,2012-01-03 05:18:09,2012-01-03 16:05:09,ID4445,35,0.4379336931380108,0,2.0,0.0,361.0,4,5,complete,1,1758.15,439.21666666666664,318.15,133.68333333333334,"{'Part_Desc_': 'Cable Head', 'Report_Type': 'D', 'Rework': 'missing', 'Work_Order_Qty': 200.0}",deviant
Case188,Lapping,2012-01-03 09:55:01,2012-01-03 15:12:03,2012-01-03 16:12:03,ID0998,45,0.12336160370084812,0,2.0,0.0,244.0,4,15,complete,1,2352.05,684.2,912.05,118.38333333333334,"{'Part_Desc_': 'Punch Holder', 'Report_Type': 'D', 'Rework': 'missing', 'Work_Order_Qty': 350.0}",deviant
Case254,Flat Grinding,2012-01-03 03:41:11,2012-01-03 14:54:01,2012-01-03 16:20:01,ID4882,39,0.02467232074016962,0,225.0,0.0,1.0,4,9,complete,1,2005.05,422.8666666666667,565.05,139.88333333333333,"{'Part_Desc_': 'Spur Gear', 'Report_Type': 'D', 'Rework': 'missing', 'Work_Order_Qty': 225.0}",regular
Case274,Turning & Milling,2012-01-03 10:01:43,2012-01-03 15:12:34,2012-01-03 16:50:34,ID4219,45,0.6491904394757132,1,3.0,0.0,60.0,4,15,complete,1,2352.5666666666666,503.85,912.5666666666667,120.03333333333333,"{'Part_Desc_': 'Spur Gear', 'Report_Type': 'S', 'Rework': 'missing', 'Work_Order_Qty': 3.0}",regular
Case219,Lapping,2012-01-03 16:15:20,2012-01-03 16:15:20,2012-01-03 17:24:20,ID0998,48,0.12336160370084812,0,14.0,0.0,334.0,1,16,complete,1,2415.3333333333335,2415.3333333333335,975.3333333333334,144.7,"{'Part_Desc_': 'Cable Head', 'Report_Type': 'D', 'Rework': 'missing', 'Work_Order_Qty': 29.999999999999996}",regular
Case236,Round Grinding,2012-01-03 07:09:05,2012-01-03 12:43:20,2012-01-03 17:33:20,ID4872,43,0.4379336931380108,0,20.0,0.0,60.0,4,12,complete,1,2203.3333333333335,388.25,763.3333333333334,146.55,"{'Part_Desc_': 'Spur Gear', 'Report_Type': 'S', 'Rework': 'missing', 'Work_Order_Qty': 20.0}",regular
Case277,Milling,2012-01-02 12:48:23,2012-01-03 09:08:32,2012-01-03 17:38:32,ID4932,24,0,6,1.0,0.0,31.0,1,12,complete,1,768.3833333333333,768.3833333333333,768.3833333333333,215.21666666666667,"{'Part_Desc_': 'Cable Head', 'Report_Type': 'D', 'Rework': 'missing', 'Work_Order_Qty': 3.0}",regular
Case263,Turning & Milling Q.C.,2012-01-03 12:20:43,2012-01-03 16:54:13,2012-01-03 17:54:13,ID4287,47,0.17424826522744796,0,18.0,0.0,31.000000000000004,4,16,complete,1,2454.2166666666667,530.3666666666667,1014.2166666666667,110.43333333333334,"{'Part_Desc_': 'Compound Dies', 'Report_Type': 'S', 'Rework': 'missing', 'Work_Order_Qty': 18.0}",regular
Case153,Packing,2012-01-03 10:14:38,2012-01-03 16:58:44,2012-01-03 17:58:44,ID4820,45,0.03932151117964534,0,4.0,0.0,59.99999999999999,5,16,complete,1,2458.733333333333,439.1,1018.7333333333333,120.1,"{'Part_Desc_': 'Housing', 'Report_Type': 'S', 'Rework': 'missing', 'Work_Order_Qty': 45.99999999999999}",regular
Case222,Packing,2012-01-03 17:30:01,2012-01-03 17:58:44,2012-01-03 18:58:44,ID4820,49,0.03932151117964534,0,1.0,0.0,60.00000000000001,1,17,complete,1,2490.016666666667,2490.016666666667,1050.0166666666667,176.48333333333332,"{'Part_Desc_': 'other', 'Report_Type': 'D', 'Rework': 'missing', 'Work_Order_Qty': 100.0}",regular
Case201,Round Grinding,2012-01-03 18:40:30,2012-01-03 18:40:30,2012-01-03 19:55:30,ID4493,49,0.4379336931380108,0,2.0,0.0,247.0,1,18,complete,1,2560.5,2560.5,1120.5,134.61666666666667,"{'Part_Desc_': 'Wheel Shaft', 'Report_Type': 'D', 'Rework': 'missing', 'Work_Order_Qty': 20.0}",regular
0_CF,Turning & Milling Q.C.,2012-01-03 14:31:02,2012-01-03 18:08:23,2012-01-03 20:11:19,ID4287,47,0.17424826522744796,0,1.0,0.0,1.0,4,18,complete,1,2528.383333333333,362.4,1088.3833333333334,122.93333333333334,"{'Part_Desc_': 'Barrel', 'Report_Type': 'S', 'Rework': 'missing', 'Work_Order_Qty': 1.0}",deviant
Case233,other,2012-01-03 15:05:57,2012-01-03 15:11:40,2012-01-03 20:11:40,ID4641,49,0.0,0,9.0,0.0,270.0,1,15,complete,1,2345.95,2345.95,905.95,196.96666666666667,"{'Part_Desc_': 'Ballnut', 'Report_Type': 'D', 'Rework': 'missing', 'Work_Order_Qty': 24.0}",regular
1_CF,Turning & Milling,2012-01-02 10:13:38,2012-01-03 17:38:32,2012-01-03 20:22:29,ID4932,21,0.6491904394757132,7,1.0,0.0,1.0,2,13,complete,1,792.5666666666667,668.3666666666667,792.5666666666667,163.95,"{'Part_Desc_': 'Barrel', 'Report_Type': 'S', 'Rework': 'missing', 'Work_Order_Qty': 1.0}",deviant
Case255,Packing,2012-01-03 13:51:22,2012-01-03 19:46:52,2012-01-03 20:46:52,ID4820,47,0.03932151117964534,0,40.0,0.0,59.99999999999999,5,19,complete,1,2626.866666666667,415.5,1186.8666666666666,121.45,"{'Part_Desc_': 'other', 'Report_Type': 'D', 'Rework': 'missing', 'Work_Order_Qty': 40.0}",regular
Case210,Turning & Milling,2012-01-03 14:51:12,2012-01-03 14:51:12,2012-01-03 20:51:12,ID4529,48,0.6491904394757132,0,21.0,0.0,234.00000000000003,1,14,complete,1,2331.2,2331.2,891.2,192.25,"{'Part_Desc_': 'Spur Gear', 'Report_Type': 'D', 'Rework': 'missing', 'Work_Order_Qty': 85.0}",regular
Case266,Turning & Milling Q.C.,2012-01-03 19:15:29,2012-01-03 19:15:29,2012-01-03 20:55:29,ID4163,49,0.17424826522744796,0,131.0,0.0,230.00000000000003,1,19,complete,1,2595.483333333333,2595.483333333333,1155.4833333333333,151.86666666666667,"{'Part_Desc_': 'Cable Head', 'Report_Type': 'D', 'Rework': 'missing', 'Work_Order_Qty': 153.0}",regular
Case277,Turning & Milling Q.C.,2012-01-03 17:38:32,2012-01-03 20:25:02,2012-01-03 21:40:02,ID4493,49,0.17424826522744796,0,1.0,0.0,31.0,2,20,complete,1,2665.0333333333333,1896.65,1225.0333333333333,110.51666666666667,"{'Part_Desc_': 'Cable Head', 'Report_Type': 'D', 'Rework': 'missing', 'Work_Order_Qty': 3.0}",regular
Case185,Final Inspection Q.C.,2012-01-03 15:10:51,2012-01-03 21:27:27,2012-01-03 22:10:27,ID4287,49,0.2027756360832691,0,7.0,0.0,60.0,5,21,complete,1,2727.45,436.6,1287.45,119.28333333333333,"{'Part_Desc_': 'Cable Head', 'Report_Type': 'D', 'Rework': 'missing', 'Work_Order_Qty': 17.0}",deviant
Case238,Turning & Milling,2012-01-03 06:50:54,2012-01-03 11:23:15,2012-01-03 22:23:15,ID4794,42,0.6491904394757132,0,54.0,0.0,643.0,4,11,complete,1,2123.25,392.35,683.25,117.91666666666667,"{'Part_Desc_': 'Electrical Contact', 'Report_Type': 'S', 'Rework': 'missing', 'Work_Order_Qty': 320.0}",regular
Case188,Turning & Milling Q.C.,2012-01-03 16:12:03,2012-01-03 22:25:47,2012-01-03 22:29:47,ID4618,47,0.17424826522744796,0,2.0,0.0,244.0,5,22,complete,1,2785.7833333333333,433.73333333333335,1345.7833333333333,119.4,"{'Part_Desc_': 'Punch Holder', 'Report_Type': 'D', 'Rework': 'missing', 'Work_Order_Qty': 350.0}",deviant
Case199,Lapping,2012-01-03 14:34:19,2012-01-03 20:05:34,2012-01-03 22:41:34,ID0998,47,0.12336160370084812,0,1.0,0.0,75.0,4,20,complete,1,2645.5666666666666,521.25,1205.5666666666666,128.03333333333333,"{'Part_Desc_': 'Cable Head', 'Report_Type': 'D', 'Rework': 'missing', 'Work_Order_Qty': 180.0}",regular
4_CF,Turning & Milling,2012-01-02 13:58:04,2012-01-03 20:22:29,2012-01-03 22:54:52,ID4932,25,0.6491904394757132,8,1.0,0.0,1.0,2,16,complete,1,1007.1833333333333,783.9166666666666,1007.1833333333333,152.38333333333333,"{'Part_Desc_': 'Barrel', 'Report_Type': 'S', 'Rework': 'missing', 'Work_Order_Qty': 1.0}",deviant
22_CF,Turning & Milling,2012-01-03 13:56:40,2012-01-03 20:51:12,2012-01-03 23:15:14,ID4529,47,0.6491904394757132,0,1.0,0.0,1.0,2,17,complete,1,2477.983333333333,413.8666666666667,1037.9833333333333,144.03333333333333,"{'Part_Desc_': 'Barrel', 'Report_Type': 'S', 'Rework': 'missing', 'Work_Order_Qty': 1.0}",deviant
Case254,Final Inspection Q.C.,2012-01-03 16:20:01,2012-01-03 22:48:49,2012-01-03 23:19:49,ID4618,48,0.2027756360832691,0,225.0,0.0,1.0,5,22,complete,1,2808.8166666666666,803.7666666666667,1368.8166666666666,130.36666666666667,"{'Part_Desc_': 'Spur Gear', 'Report_Type': 'D', 'Rework': 'missing', 'Work_Order_Qty': 225.0}",regular
Case228,Turning & Milling,2012-01-03 22:20:05,2012-01-03 22:20:05,2012-01-03 23:36:05,ID0997,51,0.6491904394757132,0,9.0,0.0,59.99999999999999,1,22,complete,1,2780.0833333333335,2780.0833333333335,1340.0833333333333,170.3,"{'Part_Desc_': 'Ballnut', 'Report_Type': 'D', 'Rework': 'missing', 'Work_Order_Qty': 10.0}",regular
Case274,Turning & Milling Q.C.,2012-01-03 16:50:34,2012-01-03 22:53:03,2012-01-03 23:37:03,ID4287,48,0.17424826522744796,0,3.0,0.0,60.0,5,22,complete,1,2813.05,460.48333333333335,1373.05,106.9,"{'Part_Desc_': 'Spur Gear', 'Report_Type': 'S', 'Rework': 'missing', 'Work_Order_Qty': 3.0}",regular
Case271,Turning & Milling,2012-01-02 19:41:07,2012-01-03 22:54:52,2012-01-03 23:47:52,ID4932,31,0.6491904394757132,7,1.0,0.0,492.00000000000006,1,19,complete,1,1181.1166666666666,1181.1166666666666,1181.1166666666666,176.31666666666666,"{'Part_Desc_': 'Cable Head', 'Report_Type': 'S', 'Rework': 'missing', 'Work_Order_Qty': 150.0}",regular
Case201,Turning & Milling Q.C.,2012-01-03 19:55:30,2012-01-03 23:03:17,2012-01-04 00:18:17,ID4493,49,0.17424826522744796,0,2.0,0.0,247.0,2,23,complete,1,2823.2833333333333,262.78333333333336,1383.2833333333333,89.91666666666667,"{'Part_Desc_': 'Wheel Shaft', 'Report_Type': 'D', 'Rework': 'missing', 'Work_Order_Qty': 20.0}",regular
Case210,Turning & Milling,2012-01-03 20:51:12,2012-01-04 00:01:29,2012-01-04 00:51:29,ID4794,48,0.6491904394757132,0,21.0,0.0,234.00000000000003,2,0,complete,1,2881.483333333333,550.2833333333333,1.4833333333333334,169.9,"{'Part_Desc_': 'Spur Gear', 'Report_Type': 'D', 'Rework': 'missing', 'Work_Order_Qty': 85.0}",regular
Case263,Turning & Milling,2012-01-03 17:54:13,2012-01-03 23:18:23,2012-01-04 00:57:23,ID4219,49,0.6491904394757132,0,18.0,0.0,31.000000000000004,5,23,complete,1,2838.383333333333,384.1666666666667,1398.3833333333334,106.6,"{'Part_Desc_': 'Compound Dies', 'Report_Type': 'S', 'Rework': 'missing', 'Work_Order_Qty': 18.0}",regular
1_CF,Turning & Milling,2012-01-03 20:22:29,2012-01-03 23:17:55,2012-01-04 01:16:49,ID4132,49,0.6491904394757132,0,1.0,0.0,1.0,3,23,complete,1,2837.9166666666665,2045.35,1397.9166666666667,118.9,"{'Part_Desc_': 'Barrel', 'Report_Type': 'S', 'Rework': 'missing', 'Work_Order_Qty': 1.0}",deviant
Case227,Packing,2012-01-04 00:32:16,2012-01-04 00:32:16,2012-01-04 01:32:16,ID4820,53,0.03932151117964534,0,10.0,0.0,56.00000000000001,1,0,complete,1,2912.266666666667,2912.266666666667,32.266666666666666,235.43333333333334,"{'Part_Desc_': 'Gauge', 'Report_Type': 'D', 'Rework': 'missing', 'Work_Order_Qty': 10.0}",regular
9_CF,Turning & Milling,2012-01-02 17:11:37,2012-01-03 23:47:52,2012-01-04 01:50:27,ID4932,28,0.6491904394757132,8,1.0,0.0,1.0,2,19,complete,1,1197.6666666666667,917.5166666666667,1197.6666666666667,122.58333333333333,"{'Part_Desc_': 'Barrel', 'Report_Type': 'S', 'Rework': 'missing', 'Work_Order_Qty': 1.0}",deviant
Case266,Turning & Milling,2012-01-03 20:55:29,2012-01-04 00:05:29,2012-01-04 01:59:29,ID4429,48,0.6491904394757132,0,131.0,0.0,230.00000000000003,2,0,complete,1,2885.483333333333,290.0,5.483333333333333,147.38333333333333,"{'Part_Desc_': 'Cable Head', 'Report_Type': 'D', 'Rework': 'missing', 'Work_Order_Qty': 153.0}",regular
0_CF,Turning & Milling Q.C.,2012-01-03 20:11:19,2012-01-04 00:57:23,2012-01-04 03:10:07,ID4219,49,0.17424826522744796,0,1.0,0.0,1.0,5,0,complete,1,2924.55,396.1666666666667,44.55,132.73333333333332,"{'Part_Desc_': 'Barrel', 'Report_Type': 'S', 'Rework': 'missing', 'Work_Order_Qty': 1.0}",deviant
Case238,Turning & Milling,2012-01-03 22:23:15,2012-01-04 03:27:40,2012-01-04 03:36:40,ID4167,51,0.6491904394757132,0,54.0,0.0,643.0,5,3,complete,1,3087.6666666666665,964.4166666666666,207.66666666666666,129.0,"{'Part_Desc_': 'Electrical Contact', 'Report_Type': 'S', 'Rework': 'missing', 'Work_Order_Qty': 320.0}",regular
Case233,other,2012-01-03 20:11:40,2012-01-03 23:17:02,2012-01-04 03:46:02,ID3846,49,0.0,0,9.0,0.0,270.0,2,23,complete,1,2837.0333333333333,491.0833333333333,1397.0333333333333,133.1,"{'Part_Desc_': 'Ballnut', 'Report_Type': 'D', 'Rework': 'missing', 'Work_Order_Qty': 24.0}",regular
4_CF,Turning & Milling,2012-01-03 22:54:52,2012-01-04 01:51:24,2012-01-04 04:20:19,ID4132,51,0.6491904394757132,0,1.0,0.0,1.0,3,1,complete,1,2991.4,1984.2166666666667,111.4,148.91666666666666,"{'Part_Desc_': 'Barrel', 'Report_Type': 'S', 'Rework': 'missing', 'Work_Order_Qty': 1.0}",deviant
12_CF,Turning & Milling,2012-01-02 20:15:37,2012-01-04 01:50:27,2012-01-04 04:39:30,ID4932,31,0.6491904394757132,9,1.0,0.0,1.0,2,22,complete,1,1376.0166666666667,1047.25,1376.0166666666667,169.05,"{'Part_Desc_': 'Barrel', 'Report_Type': 'S', 'Rework': 'missing', 'Work_Order_Qty': 1.0}",deviant
Case208,Turning & Milling,2012-01-03 21:20:43,2012-01-03 21:20:43,2012-01-04 04:42:43,ID4641,50,0.6491904394757132,0,2.0,0.0,132.0,1,21,complete,1,2720.7166666666667,2720.7166666666667,1280.7166666666667,179.13333333333333,"{'Part_Desc_': 'Cable Head', 'Report_Type': 'S', 'Rework': 'missing', 'Work_Order_Qty': 13.0}",regular
Case265,Turning,2012-01-03 23:30:21,2012-01-03 23:36:05,2012-01-04 04:43:05,ID0997,52,0,0,8.0,0.0,75.0,1,23,complete,1,2850.35,2850.35,1410.35,161.98333333333332,"{'Part_Desc_': 'O-Ring', 'Report_Type': 'S', 'Rework': 'missing', 'Work_Order_Qty': 9.0}",regular
Case201,Turning,2012-01-04 00:18:17,2012-01-04 04:53:01,2012-01-04 04:54:01,ID4219,52,0,0,2.0,0.0,247.0,3,4,complete,1,3173.016666666667,349.73333333333335,293.01666666666665,124.35,"{'Part_Desc_': 'Wheel Shaft', 'Report_Type': 'D', 'Rework': 'missing', 'Work_Order_Qty': 20.0}",regular
Case199,Lapping,2012-01-03 22:41:34,2012-01-04 05:04:25,2012-01-04 05:29:25,ID4882,51,0.12336160370084812,0,1.0,0.0,75.0,5,5,complete,1,3184.4166666666665,538.85,304.4166666666667,138.01666666666668,"{'Part_Desc_': 'Cable Head', 'Report_Type': 'D', 'Rework': 'missing', 'Work_Order_Qty': 180.0}",regular
Case228,Turning & Milling,2012-01-03 23:36:05,2012-01-04 04:43:05,2012-01-04 05:43:05,ID0997,52,0.6491904394757132,1,9.0,0.0,59.99999999999999,2,2,complete,1,3039.5333333333333,259.45,159.53333333333333,170.35,"{'Part_Desc_': 'Ballnut', 'Report_Type': 'D', 'Rework': 'missing', 'Work_Order_Qty': 10.0}",regular
Case178,Lapping,2012-01-03 14:54:01,2012-01-03 22:41:34,2012-01-04 05:48:34,ID0998,48,0.12336160370084812,0,2.0,0.0,299.0,6,20,complete,1,2653.116666666667,938.1333333333333,1213.1166666666666,121.86666666666666,"{'Part_Desc_': 'Cable Head', 'Report_Type': 'D', 'Rework': 'missing', 'Work_Order_Qty': 250.0}",deviant
22_CF,Turning & Milling,2012-01-03 23:15:14,2012-01-04 03:42:05,2012-01-04 06:14:18,ID4163,51,0.6491904394757132,0,1.0,0.0,1.0,3,3,complete,1,3102.0833333333335,624.1,222.08333333333334,152.21666666666667,"{'Part_Desc_': 'Barrel', 'Report_Type': 'S', 'Rework': 'missing', 'Work_Order_Qty': 1.0}",deviant
Case219,Lapping,2012-01-03 17:24:20,2012-01-04 05:48:34,2012-01-04 06:16:34,ID0998,48,0.12336160370084812,0,14.0,0.0,334.0,2,20,complete,1,2683.7833333333333,268.45,1243.7833333333333,165.63333333333333,"{'Part_Desc_': 'Cable Head', 'Report_Type': 'D', 'Rework': 'missing', 'Work_Order_Qty': 29.999999999999996}",regular
Case187,Round Grinding,2012-01-03 16:05:09,2012-01-03 21:41:17,2012-01-04 06:38:17,ID4385,47,0.4379336931380108,0,2.0,0.0,361.0,5,21,complete,1,2741.2833333333333,983.1333333333333,1301.2833333333333,132.26666666666668,"{'Part_Desc_': 'Cable Head', 'Report_Type': 'D', 'Rework': 'missing', 'Work_Order_Qty': 200.0}",deviant
Case254,Packing,2012-01-03 23:19:49,2012-01-04 05:39:37,2012-01-04 06:39:37,ID4820,51,0.03932151117964534,0,225.0,0.0,1.0,6,5,complete,1,3219.616666666667,410.8,339.6166666666667,141.88333333333333,"{'Part_Desc_': 'Spur Gear', 'Report_Type': 'D', 'Rework': 'missing', 'Work_Order_Qty': 225.0}",regular
9_CF,Turning & Milling,2012-01-04 01:50:27,2012-01-04 04:52:56,2012-01-04 07:14:51,ID4132,54,0.6491904394757132,0,1.0,0.0,1.0,3,4,complete,1,3172.9333333333334,1975.2666666666667,292.93333333333334,141.91666666666666,"{'Part_Desc_': 'Barrel', 'Report_Type': 'S', 'Rework': 'missing', 'Work_Order_Qty': 1.0}",deviant
Case236,Round Grinding,2012-01-03 17:33:20,2012-01-03 23:54:27,2012-01-04 07:34:27,ID4528,49,0.4379336931380108,0,20.0,0.0,60.0,5,23,complete,1,2874.45,671.1166666666667,1434.45,133.55,"{'Part_Desc_': 'Spur Gear', 'Report_Type': 'S', 'Rework': 'missing', 'Work_Order_Qty': 20.0}",regular
Case185,Turning & Milling Q.C.,2012-01-03 22:10:27,2012-01-04 04:27:26,2012-01-04 07:37:26,ID4287,50,0.17424826522744796,0,7.0,0.0,60.0,6,4,complete,1,3147.4333333333334,419.98333333333335,267.43333333333334,127.65,"{'Part_Desc_': 'Cable Head', 'Report_Type': 'D', 'Rework': 'missing', 'Work_Order_Qty': 17.0}",deviant
Case177,Lapping,2012-01-03 20:59:43,2012-01-04 06:16:34,2012-01-04 08:21:34,ID0998,49,0.12336160370084812,2,1.0,0.0,230.0,1,20,complete,1,2699.7166666666667,2699.7166666666667,1259.7166666666667,227.31666666666666,"{'Part_Desc_': 'Cable Head', 'Report_Type': 'D', 'Rework': 'missing', 'Work_Order_Qty': 151.0}",regular
Case277,Lapping,2012-01-03 21:40:02,2012-01-04 07:34:27,2012-01-04 08:28:27,ID4528,50,0.12336160370084812,0,1.0,0.0,31.0,3,1,complete,1,2973.0833333333335,308.05,93.08333333333333,145.2,"{'Part_Desc_': 'Cable Head', 'Report_Type': 'D', 'Rework': 'missing', 'Work_Order_Qty': 3.0}",regular
Case203,Turning & Milling Q.C.,2012-01-04 07:15:26,2012-01-04 07:15:26,2012-01-04 08:58:26,ID4618,59,0.17424826522744796,0,5.0,0.0,13.0,1,7,complete,1,3315.4333333333334,3315.4333333333334,435.43333333333334,198.75,"{'Part_Desc_': 'Gauge', 'Report_Type': 'D', 'Rework': 'missing', 'Work_Order_Qty': 5.0}",regular
Case215,Turning & Milling,2012-01-04 03:12:09,2012-01-04 05:43:05,2012-01-04 09:44:05,ID0997,55,0.6491904394757132,1,108.0,0.0,75.0,1,3,complete,1,3072.15,3072.15,192.15,224.75,"{'Part_Desc_': 'Ballnut', 'Report_Type': 'S', 'Rework': 'missing', 'Work_Order_Qty': 108.00000000000001}",regular
1_CF,Turning & Milling Q.C.,2012-01-04 01:16:49,2012-01-04 07:37:26,2012-01-04 09:45:02,ID4287,53,0.17424826522744796,0,1.0,0.0,1.0,4,5,complete,1,3191.6666666666665,353.75,311.6666666666667,127.6,"{'Part_Desc_': 'Barrel', 'Report_Type': 'S', 'Rework': 'missing', 'Work_Order_Qty': 1.0}",deviant
Case211,Turning & Milling Q.C.,2012-01-04 09:47:21,2012-01-04 09:47:21,2012-01-04 10:05:21,ID4618,61,0.17424826522744796,0,67.0,0.0,60.00000000000001,1,9,complete,1,3467.35,3467.35,587.35,194.03333333333333,"{'Part_Desc_': 'Spur Gear', 'Report_Type': 'D', 'Rework': 'missing', 'Work_Order_Qty': 84.0}",regular
Case206,Turning & Milling Q.C.,2012-01-04 10:16:23,2012-01-04 10:16:23,2012-01-04 10:21:23,ID4618,62,0.17424826522744796,0,6.0,0.0,100.0,1,10,complete,1,3496.383333333333,3496.383333333333,616.3833333333333,193.28333333333333,"{'Part_Desc_': 'Cutting Wheel', 'Report_Type': 'D', 'Rework': 'missing', 'Work_Order_Qty': 21.0}",regular
12_CF,Turning & Milling,2012-01-04 04:39:30,2012-01-04 07:50:15,2012-01-04 10:22:51,ID4132,55,0.6491904394757132,0,1.0,0.0,1.0,3,7,complete,1,3350.25,1974.2333333333333,470.25,152.6,"{'Part_Desc_': 'Barrel', 'Report_Type': 'S', 'Rework': 'missing', 'Work_Order_Qty': 1.0}",deviant
Case225,Grinding Rework,2012-01-04 01:40:00,2012-01-04 01:40:00,2012-01-04 10:35:00,ID4872,54,0.01233616037008481,0,20.0,0.0,75.0,1,1,complete,1,2980.0,2980.0,100.0,237.78333333333333,"{'Part_Desc_': 'Cable Head', 'Report_Type': 'D', 'Rework': 'missing', 'Work_Order_Qty': 185.00000000000003}",deviant
Case267,Turning & Milling,2012-01-04 04:53:02,2012-01-04 04:53:02,2012-01-04 10:37:02,ID4167,56,0.6491904394757132,0,9.0,0.0,193.00000000000003,1,4,complete,1,3173.0333333333333,3173.0333333333333,293.03333333333336,226.53333333333333,"{'Part_Desc_': 'Punch Holder', 'Report_Type': 'S', 'Rework': 'missing', 'Work_Order_Qty': 350.0}",deviant
Case227,Final Inspection Q.C.,2012-01-04 01:32:16,2012-01-04 09:45:02,2012-01-04 10:41:02,ID4287,53,0.2027756360832691,0,10.0,0.0,56.00000000000001,2,5,complete,1,3200.6666666666665,288.4,320.6666666666667,190.11666666666667,"{'Part_Desc_': 'Gauge', 'Report_Type': 'D', 'Rework': 'missing', 'Work_Order_Qty': 10.0}",regular
Case274,Flat Grinding,2012-01-03 23:37:03,2012-01-04 10:35:00,2012-01-04 11:15:00,ID4872,52,0.02467232074016962,0,3.0,0.0,60.0,6,6,complete,1,3240.7833333333333,427.73333333333335,360.78333333333336,125.75,"{'Part_Desc_': 'Spur Gear', 'Report_Type': 'S', 'Rework': 'missing', 'Work_Order_Qty': 3.0}",regular
Case219,Round Grinding,2012-01-04 06:16:34,2012-01-04 10:36:56,2012-01-04 11:28:56,ID4355,58,0.4379336931380108,0,14.0,0.0,334.0,3,10,complete,1,3516.9333333333334,833.15,636.9333333333333,169.98333333333332,"{'Part_Desc_': 'Cable Head', 'Report_Type': 'D', 'Rework': 'missing', 'Work_Order_Qty': 29.999999999999996}",regular
Case199,Round Grinding,2012-01-04 05:29:25,2012-01-04 11:35:40,2012-01-04 11:43:40,ID4445,56,0.4379336931380108,0,1.0,0.0,75.0,6,11,complete,1,3575.6666666666665,391.25,695.6666666666666,148.1,"{'Part_Desc_': 'Cable Head', 'Report_Type': 'D', 'Rework': 'missing', 'Work_Order_Qty': 180.0}",regular
Case238,Turning & Milling,2012-01-04 03:36:40,2012-01-04 10:37:02,2012-01-04 11:51:02,ID4167,55,0.6491904394757132,0,54.0,0.0,643.0,6,8,complete,1,3402.883333333333,315.21666666666664,522.8833333333333,132.26666666666668,"{'Part_Desc_': 'Electrical Contact', 'Report_Type': 'S', 'Rework': 'missing', 'Work_Order_Qty': 320.0}",regular
Case263,Turning & Milling,2012-01-04 00:57:23,2012-01-04 06:30:19,2012-01-04 11:51:19,ID4219,53,0.6491904394757132,1,18.0,0.0,31.000000000000004,6,6,complete,1,3270.3166666666666,431.93333333333334,390.31666666666666,118.73333333333333,"{'Part_Desc_': 'Compound Dies', 'Report_Type': 'S', 'Rework': 'missing', 'Work_Order_Qty': 18.0}",regular
Case251,Turning & Milling,2012-01-04 11:30:55,2012-01-04 11:30:55,2012-01-04 12:41:55,ID4429,62,0.6491904394757132,0,5.0,0.0,15.0,1,11,complete,1,3570.9166666666665,3570.9166666666665,690.9166666666666,198.15,"{'Part_Desc_': 'Cable Head', 'Report_Type': 'S', 'Rework': 'missing', 'Work_Order_Qty': 5.0}",deviant
Case254,Final Inspection Q.C.,2012-01-04 06:39:37,2012-01-04 12:42:36,2012-01-04 12:43:36,ID4618,58,0.2027756360832691,0,225.0,0.0,1.0,7,12,complete,1,3642.6,422.98333333333335,762.6,141.93333333333334,"{'Part_Desc_': 'Spur Gear', 'Report_Type': 'D', 'Rework': 'missing', 'Work_Order_Qty': 225.0}",regular
Case177,Round Grinding,2012-01-04 08:21:34,2012-01-04 11:20:02,2012-01-04 13:07:02,ID4385,60,0.4379336931380108,0,1.0,0.0,230.0,2,11,complete,1,3560.0333333333333,860.3166666666667,680.0333333333333,188.61666666666667,"{'Part_Desc_': 'Cable Head', 'Report_Type': 'D', 'Rework': 'missing', 'Work_Order_Qty': 151.0}",regular
Case250,Milling,2012-01-03 00:21:10,2012-01-04 04:39:30,2012-01-04 13:09:30,ID4932,36,0,8,32.0,0.0,60.0,1,0,complete,1,1461.1666666666667,1461.1666666666667,21.166666666666668,244.95,"{'Part_Desc_': 'Barrel', 'Report_Type': 'S', 'Rework': 'missing', 'Work_Order_Qty': 32.0}",regular
Case203,Laser Marking,2012-01-04 08:58:26,2012-01-04 12:33:07,2012-01-04 13:23:07,ID0998,60,0.06090979182729375,0,5.0,0.0,13.0,2,12,complete,1,3633.116666666667,317.68333333333334,753.1166666666667,169.21666666666667,"{'Part_Desc_': 'Gauge', 'Report_Type': 'D', 'Rework': 'missing', 'Work_Order_Qty': 5.0}",regular
Case163,Packing,2012-01-04 12:28:39,2012-01-04 12:28:39,2012-01-04 13:28:39,ID4491,63,0.03932151117964534,0,8.0,0.0,60.0,1,12,complete,1,3628.65,3628.65,748.65,209.16666666666666,"{'Part_Desc_': 'Clamp', 'Report_Type': 'D', 'Rework': 'missing', 'Work_Order_Qty': 150.0}",regular
0_CF,Flat Grinding,2012-01-04 03:10:07,2012-01-04 11:51:19,2012-01-04 14:02:31,ID4219,54,0.02467232074016962,0,1.0,0.0,1.0,6,8,complete,1,3401.95,477.4,521.95,131.2,"{'Part_Desc_': 'Barrel', 'Report_Type': 'S', 'Rework': 'missing', 'Work_Order_Qty': 1.0}",deviant
Case206,Laser Marking,2012-01-04 10:21:23,2012-01-04 13:52:01,2012-01-04 14:03:01,ID0998,62,0.06090979182729375,0,6.0,0.0,100.0,2,13,complete,1,3712.016666666667,215.63333333333333,832.0166666666667,163.73333333333332,"{'Part_Desc_': 'Cutting Wheel', 'Report_Type': 'D', 'Rework': 'missing', 'Work_Order_Qty': 21.0}",regular
Case236,Round Grinding,2012-01-04 07:34:27,2012-01-04 13:21:53,2012-01-04 14:05:53,ID4528,59,0.4379336931380108,1,20.0,0.0,60.0,6,13,complete,1,3681.883333333333,807.4333333333333,801.8833333333333,140.58333333333334,"{'Part_Desc_': 'Spur Gear', 'Report_Type': 'S', 'Rework': 'missing', 'Work_Order_Qty': 20.0}",regular
Case208,Turning & Milling,2012-01-04 04:42:43,2012-01-04 07:51:01,2012-01-04 14:27:01,ID3846,55,0.6491904394757132,0,2.0,0.0,132.0,2,7,complete,1,3351.016666666667,630.3,471.01666666666665,151.81666666666666,"{'Part_Desc_': 'Cable Head', 'Report_Type': 'S', 'Rework': 'missing', 'Work_Order_Qty': 13.0}",regular
Case155,Turning,2012-01-04 06:10:19,2012-01-04 09:44:05,2012-01-04 14:29:05,ID0997,58,0,0,48.0,0.0,60.0,1,6,complete,1,3250.3166666666666,3250.3166666666666,370.31666666666666,203.45,"{'Part_Desc_': 'Ballnut', 'Report_Type': 'S', 'Rework': 'missing', 'Work_Order_Qty': 48.0}",regular
Case210,Turning & Milling,2012-01-04 00:51:29,2012-01-04 05:08:29,2012-01-04 14:35:29,ID4794,53,0.6491904394757132,0,21.0,0.0,234.00000000000003,3,5,complete,1,3188.483333333333,307.0,308.48333333333335,159.45,"{'Part_Desc_': 'Spur Gear', 'Report_Type': 'D', 'Rework': 'missing', 'Work_Order_Qty': 85.0}",regular
Case178,Grinding Rework,2012-01-04 05:48:34,2012-01-04 11:15:29,2012-01-04 15:05:29,ID4872,57,0.01233616037008481,0,2.0,0.0,299.0,7,11,complete,1,3555.483333333333,902.3666666666667,675.4833333333333,141.66666666666666,"{'Part_Desc_': 'Cable Head', 'Report_Type': 'D', 'Rework': 'missing', 'Work_Order_Qty': 250.0}",deviant
Case265,Turning,2012-01-04 04:43:05,2012-01-04 14:29:05,2012-01-04 15:21:05,ID0997,55,0,2,8.0,0.0,75.0,2,8,complete,1,3369.5666666666666,519.2166666666667,489.56666666666666,145.06666666666666,"{'Part_Desc_': 'O-Ring', 'Report_Type': 'S', 'Rework': 'missing', 'Work_Order_Qty': 9.0}",regular
Case277,Round Grinding,2012-01-04 08:28:27,2012-01-04 14:05:53,2012-01-04 15:35:53,ID4528,60,0.4379336931380108,0,1.0,0.0,31.0,4,13,complete,1,3692.25,719.1666666666666,812.25,143.76666666666668,"{'Part_Desc_': 'Cable Head', 'Report_Type': 'D', 'Rework': 'missing', 'Work_Order_Qty': 3.0}",regular
Case207,Turning & Milling,2012-01-04 14:24:02,2012-01-04 14:24:02,2012-01-04 15:39:02,ID4429,64,0.6491904394757132,0,56.0,0.0,60.00000000000001,1,14,complete,1,3744.0333333333333,3744.0333333333333,864.0333333333333,199.45,"{'Part_Desc_': 'Flange', 'Report_Type': 'S', 'Rework': 'missing', 'Work_Order_Qty': 125.0}",regular
Case230,Turning & Milling,2012-01-04 05:46:17,2012-01-04 14:35:29,2012-01-04 15:46:29,ID4794,57,0.6491904394757132,0,15.000000000000002,5.0,230.0,1,5,complete,1,3226.2833333333333,3226.2833333333333,346.28333333333336,199.08333333333334,"{'Part_Desc_': 'Spur Gear', 'Report_Type': 'B', 'Rework': 'missing', 'Work_Order_Qty': 105.00000000000001}",regular
Case185,Turning & Milling Q.C.,2012-01-04 07:37:26,2012-01-04 13:35:27,2012-01-04 15:49:27,ID4287,59,0.17424826522744796,2,7.0,0.0,60.0,7,13,complete,1,3695.45,548.0166666666667,815.45,126.43333333333334,"{'Part_Desc_': 'Cable Head', 'Report_Type': 'D', 'Rework': 'missing', 'Work_Order_Qty': 17.0}",deviant
Case187,Round Grinding,2012-01-04 06:38:17,2012-01-04 12:00:48,2012-01-04 16:05:48,ID4355,58,0.4379336931380108,0,2.0,0.0,361.0,6,12,complete,1,3600.8,859.5166666666667,720.8,142.25,"{'Part_Desc_': 'Cable Head', 'Report_Type': 'D', 'Rework': 'missing', 'Work_Order_Qty': 200.0}",deviant
Case225,Laser Marking,2012-01-04 10:35:00,2012-01-04 15:05:29,2012-01-04 16:20:29,ID4872,62,0.06090979182729375,1,20.0,0.0,75.0,2,14,complete,1,3736.2,756.2,856.2,190.26666666666668,"{'Part_Desc_': 'Cable Head', 'Report_Type': 'D', 'Rework': 'missing', 'Work_Order_Qty': 185.00000000000003}",deviant
Case228,Turning & Milling,2012-01-04 05:43:05,2012-01-04 15:21:05,2012-01-04 16:21:05,ID0997,56,0.6491904394757132,1,9.0,0.0,59.99999999999999,3,9,complete,1,3475.266666666667,435.73333333333335,595.2666666666667,144.01666666666668,"{'Part_Desc_': 'Ballnut', 'Report_Type': 'D', 'Rework': 'missing', 'Work_Order_Qty': 10.0}",regular
2_CF,Milling,2012-01-03 01:39:51,2012-01-04 13:09:30,2012-01-04 16:40:47,ID4932,37,0,9,1.0,0.0,509.9999874830246,1,1,complete,1,1539.85,1539.85,99.85,211.28333333333333,"{'Part_Desc_': 'Barrel', 'Report_Type': 'S', 'Rework': 'missing', 'Work_Order_Qty': 31.999999225139618}",deviant
Case211,Laser Marking,2012-01-04 10:05:21,2012-01-04 16:05:48,2012-01-04 16:56:48,ID4355,61,0.06090979182729375,0,67.0,0.0,60.00000000000001,2,13,complete,1,3694.1,226.75,814.1,169.1,"{'Part_Desc_': 'Spur Gear', 'Report_Type': 'D', 'Rework': 'missing', 'Work_Order_Qty': 84.0}",regular
Case182,Turning & Milling Q.C.,2012-01-04 17:05:36,2012-01-04 17:05:36,2012-01-04 17:08:36,ID4618,66,0.17424826522744796,0,1.0,0.0,100.0,1,17,complete,1,3905.6,3905.6,1025.6,181.4,"{'Part_Desc_': 'Ballnut', 'Report_Type': 'D', 'Rework': 'missing', 'Work_Order_Qty': 400.0}",deviant
Case201,Turning,2012-01-04 04:54:01,2012-01-04 14:02:31,2012-01-04 17:42:31,ID4219,56,0,0,2.0,0.0,247.0,4,11,complete,1,3555.7166666666667,382.7,675.7166666666667,126.21666666666667,"{'Part_Desc_': 'Wheel Shaft', 'Report_Type': 'D', 'Rework': 'missing', 'Work_Order_Qty': 20.0}",regular
Case233,other,2012-01-04 03:46:02,2012-01-04 14:27:01,2012-01-04 17:43:01,ID3846,55,0.0,0,9.0,0.0,270.0,3,7,complete,1,3357.6833333333334,520.65,477.68333333333334,135.51666666666668,"{'Part_Desc_': 'Ballnut', 'Report_Type': 'D', 'Rework': 'missing', 'Work_Order_Qty': 24.0}",regular
4_CF,Turning & Milling,2012-01-04 04:20:19,2012-01-04 15:46:29,2012-01-04 18:04:39,ID4794,55,0.6491904394757132,0,1.0,0.0,1.0,4,8,complete,1,3374.55,383.15,494.55,138.16666666666666,"{'Part_Desc_': 'Barrel', 'Report_Type': 'S', 'Rework': 'missing', 'Work_Order_Qty': 1.0}",deviant
Case219,Round Grinding,2012-01-04 11:28:56,2012-01-04 17:18:00,2012-01-04 18:08:00,ID4385,61,0.4379336931380108,0,14.0,0.0,334.0,4,17,complete,1,3918.0,401.06666666666666,1038.0,159.46666666666667,"{'Part_Desc_': 'Cable Head', 'Report_Type': 'D', 'Rework': 'missing', 'Work_Order_Qty': 29.999999999999996}",regular
Case274,Lapping,2012-01-04 11:15:00,2012-01-04 17:22:21,2012-01-04 18:22:21,ID4872,61,0.12336160370084812,0,3.0,0.0,60.0,7,17,complete,1,3922.35,681.5666666666667,1042.35,132.38333333333333,"{'Part_Desc_': 'Spur Gear', 'Report_Type': 'S', 'Rework': 'missing', 'Work_Order_Qty': 3.0}",regular
Case163,Final Inspection Q.C.,2012-01-04 13:28:39,2012-01-04 16:56:31,2012-01-04 18:42:31,ID4287,63,0.2027756360832691,0,8.0,0.0,60.0,2,16,complete,1,3896.516666666667,267.8666666666667,1016.5166666666667,162.65,"{'Part_Desc_': 'Clamp', 'Report_Type': 'D', 'Rework': 'missing', 'Work_Order_Qty': 150.0}",regular
Case215,Turning & Milling,2012-01-04 09:44:05,2012-01-04 16:21:05,2012-01-04 18:46:05,ID0997,60,0.6491904394757132,2,108.0,0.0,75.0,2,12,complete,1,3655.766666666667,583.6166666666667,775.7666666666667,162.96666666666667,"{'Part_Desc_': 'Ballnut', 'Report_Type': 'S', 'Rework': 'missing', 'Work_Order_Qty': 108.00000000000001}",regular
Case238,Turning & Milling Q.C.,2012-01-04 11:51:02,2012-01-04 17:26:55,2012-01-04 18:53:55,ID4618,62,0.17424826522744796,0,54.0,0.0,643.0,7,17,complete,1,3926.9166666666665,524.0333333333333,1046.9166666666667,127.88333333333334,"{'Part_Desc_': 'Electrical Contact', 'Report_Type': 'S', 'Rework': 'missing', 'Work_Order_Qty': 320.0}",regular
Case177,Round Grinding,2012-01-04 13:07:02,2012-01-04 18:08:00,2012-01-04 18:56:00,ID4385,62,0.4379336931380108,0,1.0,0.0,230.0,3,17,complete,1,3943.05,383.01666666666665,1063.05,161.31666666666666,"{'Part_Desc_': 'Cable Head', 'Report_Type': 'D', 'Rework': 'missing', 'Work_Order_Qty': 151.0}",regular
15_CF,Turning & Milling,2012-01-02 23:03:59,2012-01-04 16:40:47,2012-01-04 19:00:24,ID4932,34,0.6491904394757132,9,1.0,0.0,1.0,2,1,complete,1,1546.3666666666666,1133.1333333333334,106.36666666666666,139.61666666666667,"{'Part_Desc_': 'Barrel', 'Report_Type': 'S', 'Rework': 'missing', 'Work_Order_Qty': 1.0}",deviant
Case253,Turning & Milling,2012-01-04 15:38:25,2012-01-04 15:38:25,2012-01-04 19:06:25,ID4641,65,0.6491904394757132,0,13.0,0.0,156.0,1,15,complete,1,3818.4166666666665,3818.4166666666665,938.4166666666666,190.9,"{'Part_Desc_': 'other', 'Report_Type': 'S', 'Rework': 'missing', 'Work_Order_Qty': 16.0}",regular
Case260,Turning & Milling,2012-01-04 16:40:11,2012-01-04 16:40:11,2012-01-04 19:10:11,ID4529,65,0.6491904394757132,0,18.0,0.0,241.00000000000003,1,16,complete,1,3880.1833333333334,3880.1833333333334,1000.1833333333333,189.05,"{'Part_Desc_': 'Ballnut', 'Report_Type': 'S', 'Rework': 'missing', 'Work_Order_Qty': 315.0}",regular
Case155,Turning & Milling,2012-01-04 14:29:05,2012-01-04 18:46:05,2012-01-04 19:28:05,ID0997,64,0.6491904394757132,3,48.0,0.0,60.0,2,17,complete,1,3946.733333333333,696.4166666666666,1066.7333333333333,151.06666666666666,"{'Part_Desc_': 'Ballnut', 'Report_Type': 'S', 'Rework': 'missing', 'Work_Order_Qty': 48.0}",regular
1_CF,Turning & Milling Q.C.,2012-01-04 09:45:02,2012-01-04 17:42:31,2012-01-04 19:47:08,ID4219,60,0.17424826522744796,1,1.0,0.0,1.0,5,14,complete,1,3773.1,581.4333333333333,893.1,124.61666666666666,"{'Part_Desc_': 'Barrel', 'Report_Type': 'S', 'Rework': 'missing', 'Work_Order_Qty': 1.0}",deviant
Case263,Turning & Milling,2012-01-04 11:51:19,2012-01-04 19:47:08,2012-01-04 20:05:08,ID4219,62,0.6491904394757132,2,18.0,0.0,31.000000000000004,7,17,complete,1,3947.1833333333334,676.8666666666667,1067.1833333333334,118.75,"{'Part_Desc_': 'Compound Dies', 'Report_Type': 'S', 'Rework': 'missing', 'Work_Order_Qty': 18.0}",regular
22_CF,Turning & Milling,2012-01-04 06:14:18,2012-01-04 18:04:39,2012-01-04 20:19:52,ID4794,58,0.6491904394757132,1,1.0,0.0,1.0,4,11,complete,1,3564.75,462.6666666666667,684.75,135.21666666666667,"{'Part_Desc_': 'Barrel', 'Report_Type': 'S', 'Rework': 'missing', 'Work_Order_Qty': 1.0}",deviant
Case203,Lapping,2012-01-04 13:23:07,2012-01-04 19:10:02,2012-01-04 20:25:02,ID4882,63,0.12336160370084812,0,5.0,0.0,13.0,3,19,complete,1,4030.0333333333333,396.9166666666667,1150.0333333333333,149.43333333333334,"{'Part_Desc_': 'Gauge', 'Report_Type': 'D', 'Rework': 'missing', 'Work_Order_Qty': 5.0}",regular
Case206,Lapping,2012-01-04 14:03:01,2012-01-04 19:52:04,2012-01-04 20:41:04,ID0998,63,0.12336160370084812,0,6.0,0.0,100.0,3,19,complete,1,4072.0666666666666,360.05,1192.0666666666666,134.96666666666667,"{'Part_Desc_': 'Cutting Wheel', 'Report_Type': 'D', 'Rework': 'missing', 'Work_Order_Qty': 21.0}",regular
Case199,Round Grinding,2012-01-04 11:43:40,2012-01-04 17:56:35,2012-01-04 20:47:35,ID4445,62,0.4379336931380108,0,1.0,0.0,75.0,7,17,complete,1,3956.5833333333335,380.9166666666667,1076.5833333333333,143.43333333333334,"{'Part_Desc_': 'Cable Head', 'Report_Type': 'D', 'Rework': 'missing', 'Work_Order_Qty': 180.0}",regular
3_CF,Milling,2012-01-03 02:44:29,2012-01-04 19:00:24,2012-01-04 22:07:40,ID4932,38,0,10,1.0,0.0,509.9999874830246,1,2,complete,1,1604.4833333333333,1604.4833333333333,164.48333333333332,187.26666666666668,"{'Part_Desc_': 'Barrel', 'Report_Type': 'S', 'Rework': 'missing', 'Work_Order_Qty': 31.999999225139618}",deviant
Case182,other,2012-01-04 17:08:36,2012-01-04 20:28:27,2012-01-04 22:08:27,ID4528,66,0.0,0,1.0,0.0,100.0,2,20,complete,1,4108.45,202.85,1228.45,150.71666666666667,"{'Part_Desc_': 'Ballnut', 'Report_Type': 'D', 'Rework': 'missing', 'Work_Order_Qty': 400.0}",deviant
9_CF,Turning & Milling,2012-01-04 07:14:51,2012-01-04 20:19:52,2012-01-04 22:30:29,ID4794,58,0.6491904394757132,1,1.0,0.0,1.0,4,11,complete,1,3576.0666666666666,403.1333333333333,696.0666666666667,130.61666666666667,"{'Part_Desc_': 'Barrel', 'Report_Type': 'S', 'Rework': 'missing', 'Work_Order_Qty': 1.0}",deviant
Case244,Lapping,2012-01-04 20:46:17,2012-01-04 22:08:27,2012-01-04 22:42:27,ID4528,69,0.12336160370084812,0,4.0,0.0,87.0,1,20,complete,1,4126.283333333334,4126.283333333334,1246.2833333333333,192.0,"{'Part_Desc_': 'Cable Head', 'Report_Type': 'D', 'Rework': 'missing', 'Work_Order_Qty': 5.0}",regular
0_CF,Laser Marking,2012-01-04 14:02:31,2012-01-04 20:41:04,2012-01-04 22:54:05,ID0998,63,0.06090979182729375,0,1.0,0.0,1.0,7,20,complete,1,4106.433333333333,704.4833333333333,1226.4333333333334,133.01666666666668,"{'Part_Desc_': 'Barrel', 'Report_Type': 'S', 'Rework': 'missing', 'Work_Order_Qty': 1.0}",deviant
Case248,Turning & Milling,2012-01-04 08:19:06,2012-01-04 17:43:01,2012-01-04 23:01:01,ID3846,60,0.6491904394757132,1,22.0,0.0,279.0,1,8,complete,1,3379.1,3379.1,499.1,187.36666666666667,"{'Part_Desc_': 'Housing', 'Report_Type': 'S', 'Rework': 'missing', 'Work_Order_Qty': 24.0}",regular
Case208,Turning & Milling,2012-01-04 14:27:01,2012-01-04 19:06:25,2012-01-04 23:04:25,ID4641,64,0.6491904394757132,0,2.0,0.0,132.0,3,18,complete,1,4019.75,668.7333333333333,1139.75,133.7,"{'Part_Desc_': 'Cable Head', 'Report_Type': 'S', 'Rework': 'missing', 'Work_Order_Qty': 13.0}",regular
Case190,Packing,2012-01-04 22:11:52,2012-01-04 22:11:52,2012-01-04 23:11:52,ID4820,69,0.03932151117964534,0,1.0,0.0,112.0,1,22,complete,1,4211.866666666667,4211.866666666667,1331.8666666666666,191.36666666666667,"{'Part_Desc_': 'other', 'Report_Type': 'D', 'Rework': 'missing', 'Work_Order_Qty': 16.0}",deviant
Case198,Turning & Milling,2012-01-04 19:53:17,2012-01-04 19:53:17,2012-01-04 23:48:17,ID4429,68,0.6491904394757132,0,1.0,0.0,1.0,1,19,complete,1,4073.2833333333333,4073.2833333333333,1193.2833333333333,178.05,"{'Part_Desc_': 'Cable Head', 'Report_Type': 'S', 'Rework': 'missing', 'Work_Order_Qty': 100.0}",regular
Case185,Laser Marking,2012-01-04 15:49:27,2012-01-04 22:54:05,2012-01-04 23:51:05,ID0998,65,0.06090979182729375,0,7.0,0.0,60.0,8,22,complete,1,4226.916666666667,531.4666666666667,1346.9166666666667,126.68333333333334,"{'Part_Desc_': 'Cable Head', 'Report_Type': 'D', 'Rework': 'missing', 'Work_Order_Qty': 17.0}",deviant
15_CF,Turning & Milling,2012-01-04 19:00:24,2012-01-04 21:46:37,2012-01-04 23:51:40,ID4132,67,0.6491904394757132,0,1.0,0.0,1.0,3,21,complete,1,4186.616666666667,2640.25,1306.6166666666666,125.05,"{'Part_Desc_': 'Barrel', 'Report_Type': 'S', 'Rework': 'missing', 'Work_Order_Qty': 1.0}",deviant
Case253,Turning & Milling,2012-01-04 19:06:25,2012-01-04 23:04:25,2012-01-05 00:10:25,ID4641,67,0.6491904394757132,1,13.0,0.0,156.0,2,22,complete,1,4202.05,383.6333333333333,1322.05,138.85,"{'Part_Desc_': 'other', 'Report_Type': 'S', 'Rework': 'missing', 'Work_Order_Qty': 16.0}",regular
Case269,Turning & Milling,2012-01-04 18:43:01,2012-01-04 19:28:05,2012-01-05 00:28:05,ID0997,67,0.6491904394757132,1,11.999999999999998,0.0,60.0,1,18,complete,1,4003.016666666667,4003.016666666667,1123.0166666666667,184.5,"{'Part_Desc_': 'Ballnut', 'Report_Type': 'S', 'Rework': 'missing', 'Work_Order_Qty': 12.0}",regular
Case194,Turning & Milling,2012-01-04 23:28:14,2012-01-04 23:51:40,2012-01-05 00:31:40,ID4132,70,0.6491904394757132,0,1.0,0.0,538.0,1,23,complete,1,4288.233333333334,4288.233333333334,1408.2333333333333,183.48333333333332,"{'Part_Desc_': 'Socket', 'Report_Type': 'S', 'Rework': 'missing', 'Work_Order_Qty': 40.0}",regular
6_CF,Milling,2012-01-03 03:29:03,2012-01-04 22:07:40,2012-01-05 01:04:10,ID4932,39,0,11,1.0,0.0,509.9999874830246,1,3,complete,1,1649.05,1649.05,209.05,176.5,"{'Part_Desc_': 'Barrel', 'Report_Type': 'S', 'Rework': 'missing', 'Work_Order_Qty': 31.999999225139618}",deviant
Case207,Turning & Milling,2012-01-04 15:39:02,2012-01-04 19:10:11,2012-01-05 01:40:11,ID4529,65,0.6491904394757132,0,56.0,0.0,60.00000000000001,2,18,complete,1,4001.6666666666665,257.6333333333333,1121.6666666666667,145.5,"{'Part_Desc_': 'Flange', 'Report_Type': 'S', 'Rework': 'missing', 'Work_Order_Qty': 125.0}",regular
Case236,Final Inspection Q.C.,2012-01-04 14:05:53,2012-01-04 20:06:56,2012-01-05 01:42:56,ID4618,63,0.2027756360832691,0,20.0,0.0,60.0,7,20,complete,1,4086.9333333333334,405.05,1206.9333333333334,132.36666666666667,"{'Part_Desc_': 'Spur Gear', 'Report_Type': 'S', 'Rework': 'missing', 'Work_Order_Qty': 20.0}",regular
Case163,Turning Q.C.,2012-01-04 18:42:31,2012-01-05 00:23:51,2012-01-05 02:00:51,ID4287,66,0,0,8.0,0.0,60.0,3,0,complete,1,4343.85,447.3333333333333,23.85,163.03333333333333,"{'Part_Desc_': 'Clamp', 'Report_Type': 'D', 'Rework': 'missing', 'Work_Order_Qty': 150.0}",regular
Case178,other,2012-01-04 15:05:29,2012-01-04 20:57:03,2012-01-05 02:26:03,ID4355,64,0.0,1,2.0,0.0,299.0,8,20,complete,1,4137.05,581.5666666666667,1257.05,144.06666666666666,"{'Part_Desc_': 'Cable Head', 'Report_Type': 'D', 'Rework': 'missing', 'Work_Order_Qty': 250.0}",deviant
Case267,Turning & Milling,2012-01-04 10:37:02,2012-01-04 22:30:29,2012-01-05 03:23:29,ID4794,62,0.6491904394757132,2,9.0,0.0,193.00000000000003,2,13,complete,1,3710.2,537.1666666666666,830.2,149.7,"{'Part_Desc_': 'Punch Holder', 'Report_Type': 'S', 'Rework': 'missing', 'Work_Order_Qty': 350.0}",deviant
Case225,other,2012-01-04 16:20:29,2012-01-04 21:53:55,2012-01-05 03:35:55,ID4872,65,0.0,0,20.0,0.0,75.0,3,21,complete,1,4193.916666666667,457.71666666666664,1313.9166666666667,154.15,"{'Part_Desc_': 'Cable Head', 'Report_Type': 'D', 'Rework': 'missing', 'Work_Order_Qty': 185.00000000000003}",deviant
Case248,Turning & Milling,2012-01-04 23:01:01,2012-01-05 01:47:27,2012-01-05 03:38:27,ID3846,69,0.6491904394757132,0,22.0,0.0,279.0,2,1,complete,1,4427.45,1048.35,107.45,167.86666666666667,"{'Part_Desc_': 'Housing', 'Report_Type': 'S', 'Rework': 'missing', 'Work_Order_Qty': 24.0}",regular
Case190,Final Inspection Q.C.,2012-01-04 23:11:52,2012-01-05 02:25:26,2012-01-05 03:40:26,ID4493,69,0.2027756360832691,0,1.0,0.0,112.0,2,2,complete,1,4465.433333333333,253.56666666666666,145.43333333333334,154.13333333333333,"{'Part_Desc_': 'other', 'Report_Type': 'D', 'Rework': 'missing', 'Work_Order_Qty': 16.0}",deviant
Case265,Turning & Milling,2012-01-04 15:21:05,2012-01-05 00:28:05,2012-01-05 03:53:05,ID0997,64,0.6491904394757132,2,8.0,0.0,75.0,3,20,complete,1,4095.05,725.4833333333333,1215.05,157.3,"{'Part_Desc_': 'O-Ring', 'Report_Type': 'S', 'Rework': 'missing', 'Work_Order_Qty': 9.0}",regular
Case277,Round Grinding,2012-01-04 15:35:53,2012-01-04 22:42:27,2012-01-05 03:57:27,ID4528,64,0.4379336931380108,0,1.0,0.0,31.0,5,21,complete,1,4199.466666666666,507.21666666666664,1319.4666666666667,133.68333333333334,"{'Part_Desc_': 'Cable Head', 'Report_Type': 'D', 'Rework': 'missing', 'Work_Order_Qty': 3.0}",regular
Case203,Flat Grinding,2012-01-04 20:25:02,2012-01-05 03:59:29,2012-01-05 04:25:29,ID0998,68,0.02467232074016962,0,5.0,0.0,13.0,4,3,complete,1,4559.483333333334,529.45,239.48333333333332,162.4,"{'Part_Desc_': 'Gauge', 'Report_Type': 'D', 'Rework': 'missing', 'Work_Order_Qty': 5.0}",regular
22_CF,Turning Q.C.,2012-01-04 20:19:52,2012-01-05 02:10:22,2012-01-05 04:31:30,ID4287,68,0,0,1.0,0.0,1.0,5,2,complete,1,4450.366666666667,885.6166666666667,130.36666666666667,141.13333333333333,"{'Part_Desc_': 'Barrel', 'Report_Type': 'S', 'Rework': 'missing', 'Work_Order_Qty': 1.0}",deviant
Case201,Turning,2012-01-04 17:42:31,2012-01-05 00:56:31,2012-01-05 04:40:31,ID4219,66,0,1,2.0,0.0,247.0,5,0,complete,1,4376.516666666666,820.8,56.516666666666666,136.06666666666666,"{'Part_Desc_': 'Wheel Shaft', 'Report_Type': 'D', 'Rework': 'missing', 'Work_Order_Qty': 20.0}",regular
Case219,Round Grinding,2012-01-04 18:08:00,2012-01-05 02:26:03,2012-01-05 04:45:03,ID4355,66,0.4379336931380108,0,14.0,0.0,334.0,5,0,complete,1,4377.75,459.75,57.75,164.95,"{'Part_Desc_': 'Cable Head', 'Report_Type': 'D', 'Rework': 'missing', 'Work_Order_Qty': 29.999999999999996}",regular
7_CF,Milling,2012-01-03 04:25:58,2012-01-05 01:04:10,2012-01-05 04:50:49,ID4932,40,0,12,1.0,0.0,509.9999874830246,1,4,complete,1,1705.9666666666667,1705.9666666666667,265.96666666666664,226.65,"{'Part_Desc_': 'Barrel', 'Report_Type': 'S', 'Rework': 'missing', 'Work_Order_Qty': 31.999999225139618}",deviant
Case253,Turning & Milling Q.C.,2012-01-05 00:10:25,2012-01-05 04:00:31,2012-01-05 04:59:31,ID4618,70,0.17424826522744796,0,13.0,0.0,156.0,3,4,complete,1,4560.516666666666,358.46666666666664,240.51666666666668,142.88333333333333,"{'Part_Desc_': 'other', 'Report_Type': 'S', 'Rework': 'missing', 'Work_Order_Qty': 16.0}",regular
Case155,Turning & Milling,2012-01-04 19:28:05,2012-01-05 03:53:05,2012-01-05 05:08:05,ID0997,67,0.6491904394757132,1,48.0,0.0,60.0,3,0,complete,1,4343.683333333333,396.95,23.683333333333334,155.15,"{'Part_Desc_': 'Ballnut', 'Report_Type': 'S', 'Rework': 'missing', 'Work_Order_Qty': 48.0}",regular
Case244,Lapping,2012-01-04 22:42:27,2012-01-05 03:57:27,2012-01-05 05:12:27,ID4528,69,0.12336160370084812,1,4.0,0.0,87.0,2,1,complete,1,4429.65,303.3666666666667,109.65,183.45,"{'Part_Desc_': 'Cable Head', 'Report_Type': 'D', 'Rework': 'missing', 'Work_Order_Qty': 5.0}",regular
12_CF,Turning & Milling,2012-01-04 10:22:51,2012-01-05 03:23:29,2012-01-05 06:02:11,ID4794,62,0.6491904394757132,2,1.0,0.0,1.0,4,14,complete,1,3766.0333333333333,415.78333333333336,886.0333333333333,158.7,"{'Part_Desc_': 'Barrel', 'Report_Type': 'S', 'Rework': 'missing', 'Work_Order_Qty': 1.0}",deviant
Case274,Round Grinding,2012-01-04 18:22:21,2012-01-05 03:35:55,2012-01-05 06:05:55,ID4872,66,0.4379336931380108,0,3.0,0.0,60.0,8,1,complete,1,4386.9,464.55,66.9,143.55,"{'Part_Desc_': 'Spur Gear', 'Report_Type': 'S', 'Rework': 'missing', 'Work_Order_Qty': 3.0}",regular
Case207,Turning & Milling,2012-01-05 01:40:11,2012-01-05 05:31:19,2012-01-05 06:46:19,ID4429,71,0.6491904394757132,0,56.0,0.0,60.00000000000001,3,5,complete,1,4651.316666666667,649.65,331.31666666666666,145.21666666666667,"{'Part_Desc_': 'Flange', 'Report_Type': 'S', 'Rework': 'missing', 'Work_Order_Qty': 125.0}",regular
1_CF,Flat Grinding,2012-01-04 19:47:08,2012-01-05 04:40:31,2012-01-05 06:50:36,ID4219,67,0.02467232074016962,1,1.0,0.0,1.0,6,2,complete,1,4452.316666666667,679.2166666666667,132.31666666666666,130.08333333333334,"{'Part_Desc_': 'Barrel', 'Report_Type': 'S', 'Rework': 'missing', 'Work_Order_Qty': 1.0}",deviant
Case238,Turning & Milling,2012-01-04 18:53:55,2012-01-05 01:13:33,2012-01-05 07:03:33,ID4167,67,0.6491904394757132,0,54.0,0.0,643.0,8,1,complete,1,4393.55,466.6333333333333,73.55,139.05,"{'Part_Desc_': 'Electrical Contact', 'Report_Type': 'S', 'Rework': 'missing', 'Work_Order_Qty': 320.0}",regular
Case263,Turning & Milling,2012-01-04 20:05:08,2012-01-05 05:08:05,2012-01-05 07:23:05,ID0997,68,0.6491904394757132,0,18.0,0.0,31.000000000000004,8,2,complete,1,4455.566666666667,508.3833333333333,135.56666666666666,124.75,"{'Part_Desc_': 'Compound Dies', 'Report_Type': 'S', 'Rework': 'missing', 'Work_Order_Qty': 18.0}",regular
21_CF,Turning & Milling,2012-01-03 02:00:18,2012-01-05 04:50:49,2012-01-05 07:26:44,ID4932,37,0.6491904394757132,11,1.0,0.0,1.0,2,5,complete,1,1740.6166666666666,1293.2666666666667,300.6166666666667,155.91666666666666,"{'Part_Desc_': 'Barrel', 'Report_Type': 'S', 'Rework': 'missing', 'Work_Order_Qty': 1.0}",deviant
Case206,Round Grinding,2012-01-04 20:41:04,2012-01-05 06:05:55,2012-01-05 07:39:55,ID4872,68,0.4379336931380108,0,6.0,0.0,100.0,4,4,complete,1,4576.866666666667,504.8,256.8666666666667,152.05,"{'Part_Desc_': 'Cutting Wheel', 'Report_Type': 'D', 'Rework': 'missing', 'Work_Order_Qty': 21.0}",regular
0_CF,Final Inspection Q.C.,2012-01-04 22:54:05,2012-01-05 05:18:14,2012-01-05 07:42:03,ID4163,69,0.2027756360832691,0,1.0,0.0,1.0,8,5,complete,1,4638.233333333334,531.8,318.23333333333335,143.81666666666666,"{'Part_Desc_': 'Barrel', 'Report_Type': 'S', 'Rework': 'missing', 'Work_Order_Qty': 1.0}",deviant
Case236,Packing,2012-01-05 01:42:56,2012-01-05 07:29:06,2012-01-05 08:29:06,ID4491,71,0.03932151117964534,0,20.0,0.0,60.0,8,7,complete,1,4769.1,682.1666666666666,449.1,141.15,"{'Part_Desc_': 'Spur Gear', 'Report_Type': 'S', 'Rework': 'missing', 'Work_Order_Qty': 20.0}",regular
Case187,Round Grinding,2012-01-04 16:05:48,2012-01-04 21:56:03,2012-01-05 08:40:03,ID4445,65,0.4379336931380108,0,2.0,0.0,361.0,7,21,complete,1,4196.05,595.25,1316.05,142.01666666666668,"{'Part_Desc_': 'Cable Head', 'Report_Type': 'D', 'Rework': 'missing', 'Work_Order_Qty': 200.0}",deviant
Case185,Lapping,2012-01-04 23:51:05,2012-01-05 07:03:12,2012-01-05 09:03:12,ID0998,70,0.12336160370084812,0,7.0,0.0,60.0,9,7,complete,1,4743.2,516.2833333333333,423.2,139.38333333333333,"{'Part_Desc_': 'Cable Head', 'Report_Type': 'D', 'Rework': 'missing', 'Work_Order_Qty': 17.0}",deviant
Case210,Turning & Milling,2012-01-04 14:35:29,2012-01-05 01:40:11,2012-01-05 09:10:11,ID4529,64,0.6491904394757132,0,21.0,0.0,234.00000000000003,4,19,complete,1,4077.9333333333334,889.45,1197.9333333333334,162.5,"{'Part_Desc_': 'Spur Gear', 'Report_Type': 'D', 'Rework': 'missing', 'Work_Order_Qty': 85.0}",regular
Case211,Laser Marking,2012-01-04 16:56:48,2012-01-05 08:40:03,2012-01-05 09:24:03,ID4445,65,0.06090979182729375,0,67.0,0.0,60.00000000000001,3,22,complete,1,4232.7,538.6,1352.7,171.46666666666667,"{'Part_Desc_': 'Spur Gear', 'Report_Type': 'D', 'Rework': 'missing', 'Work_Order_Qty': 84.0}",regular
Case208,Turning & Milling,2012-01-04 23:04:25,2012-01-05 04:54:52,2012-01-05 09:29:52,ID4641,69,0.6491904394757132,1,2.0,0.0,132.0,4,4,complete,1,4614.866666666667,595.1166666666667,294.8666666666667,138.3,"{'Part_Desc_': 'Cable Head', 'Report_Type': 'S', 'Rework': 'missing', 'Work_Order_Qty': 13.0}",regular
Case215,Turning & Milling,2012-01-04 18:46:05,2012-01-05 09:24:03,2012-01-05 10:34:03,ID4445,67,0.6491904394757132,0,108.0,0.0,75.0,3,23,complete,1,4293.766666666666,638.0,1413.7666666666667,153.4,"{'Part_Desc_': 'Ballnut', 'Report_Type': 'S', 'Rework': 'missing', 'Work_Order_Qty': 108.00000000000001}",regular
Case190,Turning & Milling Q.C.,2012-01-05 03:40:26,2012-01-05 08:13:52,2012-01-05 10:36:52,ID4493,72,0.17424826522744796,0,1.0,0.0,112.0,3,8,complete,1,4813.866666666667,348.43333333333334,493.8666666666667,152.61666666666667,"{'Part_Desc_': 'other', 'Report_Type': 'D', 'Rework': 'missing', 'Work_Order_Qty': 16.0}",deviant
Case163,Turning Q.C.,2012-01-05 02:00:51,2012-01-05 08:49:24,2012-01-05 10:49:24,ID4287,72,0,0,8.0,0.0,60.0,4,8,complete,1,4849.4,505.55,529.4,161.48333333333332,"{'Part_Desc_': 'Clamp', 'Report_Type': 'D', 'Rework': 'missing', 'Work_Order_Qty': 150.0}",regular
13_CF,Milling,2012-01-03 05:00:38,2012-01-05 07:26:44,2012-01-05 10:49:26,ID4932,41,0,14,1.0,0.0,509.9999874830246,1,5,complete,1,1740.6333333333334,1740.6333333333334,300.6333333333333,202.7,"{'Part_Desc_': 'Barrel', 'Report_Type': 'S', 'Rework': 'missing', 'Work_Order_Qty': 31.999999225139618}",deviant
Case244,Round Grinding,2012-01-05 05:12:27,2012-01-05 09:14:08,2012-01-05 10:52:08,ID4528,74,0.4379336931380108,0,4.0,0.0,87.0,3,9,complete,1,4874.133333333333,444.48333333333335,554.1333333333333,182.78333333333333,"{'Part_Desc_': 'Cable Head', 'Report_Type': 'D', 'Rework': 'missing', 'Work_Order_Qty': 5.0}",regular
Case177,Round Grinding,2012-01-04 18:56:00,2012-01-05 04:45:03,2012-01-05 10:59:03,ID4355,67,0.4379336931380108,0,1.0,0.0,230.0,4,1,complete,1,4389.2,446.15,69.2,168.16666666666666,"{'Part_Desc_': 'Cable Head', 'Report_Type': 'D', 'Rework': 'missing', 'Work_Order_Qty': 151.0}",regular
Case201,Turning,2012-01-05 04:40:31,2012-01-05 10:59:21,2012-01-05 11:02:21,ID4219,73,0,1,2.0,0.0,247.0,6,10,complete,1,4979.35,602.8333333333334,659.35,141.9,"{'Part_Desc_': 'Wheel Shaft', 'Report_Type': 'D', 'Rework': 'missing', 'Work_Order_Qty': 20.0}",regular
Case155,Turning & Milling Q.C.,2012-01-05 05:08:05,2012-01-05 10:44:42,2012-01-05 11:07:42,ID4618,74,0.17424826522744796,0,48.0,0.0,60.0,4,10,complete,1,4964.7,621.0166666666667,644.7,148.01666666666668,"{'Part_Desc_': 'Ballnut', 'Report_Type': 'S', 'Rework': 'missing', 'Work_Order_Qty': 48.0}",regular
Case253,Turning & Milling,2012-01-05 04:59:31,2012-01-05 08:44:44,2012-01-05 11:20:44,ID3846,74,0.6491904394757132,0,13.0,0.0,156.0,4,8,complete,1,4844.733333333334,284.21666666666664,524.7333333333333,140.95,"{'Part_Desc_': 'other', 'Report_Type': 'S', 'Rework': 'missing', 'Work_Order_Qty': 16.0}",regular
Case230,Turning & Milling,2012-01-04 15:46:29,2012-01-05 06:02:11,2012-01-05 11:28:11,ID4794,65,0.6491904394757132,5,15.000000000000002,5.0,230.0,2,18,complete,1,4011.0333333333333,784.75,1131.0333333333333,162.21666666666667,"{'Part_Desc_': 'Spur Gear', 'Report_Type': 'B', 'Rework': 'missing', 'Work_Order_Qty': 105.00000000000001}",regular
Case179,Grinding Rework,2012-01-05 04:55:54,2012-01-05 07:39:55,2012-01-05 11:31:55,ID4872,74,0.01233616037008481,1,2.0,0.0,60.0,1,4,complete,1,4615.9,4615.9,295.9,206.95,"{'Part_Desc_': 'Cable Head', 'Report_Type': 'D', 'Rework': 'missing', 'Work_Order_Qty': 150.0}",deviant
Case194,Turning & Milling,2012-01-05 00:31:40,2012-01-05 02:29:33,2012-01-05 11:41:33,ID4132,70,0.6491904394757132,0,1.0,0.0,538.0,2,2,complete,1,4469.55,181.31666666666666,149.55,159.41666666666666,"{'Part_Desc_': 'Socket', 'Report_Type': 'S', 'Rework': 'missing', 'Work_Order_Qty': 40.0}",regular
Case231,Lapping,2012-01-05 07:07:31,2012-01-05 09:03:12,2012-01-05 12:05:12,ID0998,77,0.12336160370084812,0,2.0,0.0,30.0,1,7,complete,1,4747.516666666666,4747.516666666666,427.51666666666665,214.33333333333334,"{'Part_Desc_': 'Cable Head', 'Report_Type': 'D', 'Rework': 'missing', 'Work_Order_Qty': 20.0}",regular
Case277,Round Grinding,2012-01-05 03:57:27,2012-01-05 10:52:08,2012-01-05 12:32:08,ID4528,73,0.4379336931380108,1,1.0,0.0,31.0,6,9,complete,1,4919.833333333333,720.3666666666667,599.8333333333334,138.33333333333334,"{'Part_Desc_': 'Cable Head', 'Report_Type': 'D', 'Rework': 'missing', 'Work_Order_Qty': 3.0}",regular
Case203,Lapping,2012-01-05 04:25:29,2012-01-05 12:19:28,2012-01-05 12:48:28,ID4882,73,0.12336160370084812,0,5.0,0.0,13.0,5,12,complete,1,5059.466666666666,499.98333333333335,739.4666666666667,157.6,"{'Part_Desc_': 'Gauge', 'Report_Type': 'D', 'Rework': 'missing', 'Work_Order_Qty': 5.0}",regular
Case274,Round Grinding,2012-01-05 06:05:55,2012-01-05 12:03:51,2012-01-05 13:05:51,ID4287,75,0.4379336931380108,0,3.0,0.0,60.0,9,12,complete,1,5043.85,656.95,723.85,152.53333333333333,"{'Part_Desc_': 'Spur Gear', 'Report_Type': 'S', 'Rework': 'missing', 'Work_Order_Qty': 3.0}",regular
Case179,Final Inspection Q.C.,2012-01-05 11:31:55,2012-01-05 12:07:13,2012-01-05 13:07:13,ID4163,77,0.2027756360832691,0,2.0,0.0,60.0,2,12,complete,1,5047.216666666666,431.31666666666666,727.2166666666667,174.75,"{'Part_Desc_': 'Cable Head', 'Report_Type': 'D', 'Rework': 'missing', 'Work_Order_Qty': 150.0}",deviant
Case257,Turning & Milling,2012-01-05 00:40:41,2012-01-05 11:28:11,2012-01-05 13:35:11,ID4794,71,0.6491904394757132,2,27.0,0.0,362.99999999999994,1,0,complete,1,4360.683333333333,4360.683333333333,40.68333333333333,193.8,"{'Part_Desc_': 'Cable Head', 'Report_Type': 'S', 'Rework': 'missing', 'Work_Order_Qty': 150.0}",regular
Case269,Turning & Milling,2012-01-05 00:28:05,2012-01-05 07:23:05,2012-01-05 13:51:05,ID0997,70,0.6491904394757132,2,11.999999999999998,0.0,60.0,2,2,complete,1,4466.1,463.0833333333333,146.1,160.01666666666668,"{'Part_Desc_': 'Ballnut', 'Report_Type': 'S', 'Rework': 'missing', 'Work_Order_Qty': 12.0}",regular
Case199,Round Grinding,2012-01-04 20:47:35,2012-01-05 10:34:03,2012-01-05 13:52:03,ID4445,69,0.4379336931380108,0,1.0,0.0,75.0,8,3,complete,1,4530.083333333333,573.5,210.08333333333334,151.55,"{'Part_Desc_': 'Cable Head', 'Report_Type': 'D', 'Rework': 'missing', 'Work_Order_Qty': 180.0}",regular
14_CF,Milling,2012-01-03 06:35:48,2012-01-05 10:49:26,2012-01-05 14:01:12,ID4932,42,0,14,1.0,0.0,509.9999874830246,1,6,complete,1,1835.8,1835.8,395.8,191.76666666666668,"{'Part_Desc_': 'Barrel', 'Report_Type': 'S', 'Rework': 'missing', 'Work_Order_Qty': 31.999999225139618}",deviant
Case263,Turning & Milling Q.C.,2012-01-05 07:23:05,2012-01-05 13:05:51,2012-01-05 14:05:51,ID4287,77,0.17424826522744796,0,18.0,0.0,31.000000000000004,9,12,complete,1,5078.4,622.8333333333334,758.4,129.65,"{'Part_Desc_': 'Compound Dies', 'Report_Type': 'S', 'Rework': 'missing', 'Work_Order_Qty': 18.0}",regular
21_CF,Turning & Milling,2012-01-05 07:26:44,2012-01-05 11:41:33,2012-01-05 14:17:43,ID4132,77,0.6491904394757132,0,1.0,0.0,1.0,3,9,complete,1,4866.433333333333,3125.8166666666666,546.4333333333333,156.16666666666666,"{'Part_Desc_': 'Barrel', 'Report_Type': 'S', 'Rework': 'missing', 'Work_Order_Qty': 1.0}",deviant
Case178,other,2012-01-05 02:26:03,2012-01-05 07:31:09,2012-01-05 14:38:09,ID4385,72,0.0,0,2.0,0.0,299.0,9,7,complete,1,4771.15,634.1,451.15,149.76666666666668,"{'Part_Desc_': 'Cable Head', 'Report_Type': 'D', 'Rework': 'missing', 'Work_Order_Qty': 250.0}",deviant
Case225,Grinding Rework,2012-01-05 03:35:55,2012-01-05 11:31:55,2012-01-05 14:51:55,ID4872,72,0.01233616037008481,1,20.0,0.0,75.0,4,9,complete,1,4915.483333333334,721.5666666666667,595.4833333333333,152.68333333333334,"{'Part_Desc_': 'Cable Head', 'Report_Type': 'D', 'Rework': 'missing', 'Work_Order_Qty': 185.00000000000003}",deviant
Case241,Turning & Milling,2012-01-05 13:56:50,2012-01-05 13:56:50,2012-01-05 15:11:50,ID4429,79,0.6491904394757132,0,1.0,0.0,211.0,1,13,complete,1,5156.833333333333,5156.833333333333,836.8333333333334,184.81666666666666,"{'Part_Desc_': 'Ballnut', 'Report_Type': 'S', 'Rework': 'missing', 'Work_Order_Qty': 16.0}",regular
Case248,Turning & Milling,2012-01-05 03:38:27,2012-01-05 09:29:52,2012-01-05 15:13:52,ID4641,72,0.6491904394757132,0,22.0,0.0,279.0,3,7,complete,1,4746.416666666667,318.96666666666664,426.4166666666667,161.95,"{'Part_Desc_': 'Housing', 'Report_Type': 'S', 'Rework': 'missing', 'Work_Order_Qty': 24.0}",regular
1_CF,Laser Marking,2012-01-05 06:50:36,2012-01-05 13:09:28,2012-01-05 15:31:05,ID0998,76,0.06090979182729375,0,1.0,0.0,1.0,7,13,complete,1,5109.466666666666,657.15,789.4666666666667,141.61666666666667,"{'Part_Desc_': 'Barrel', 'Report_Type': 'S', 'Rework': 'missing', 'Work_Order_Qty': 1.0}",deviant
Case194,Turning & Milling Q.C.,2012-01-05 11:41:33,2012-01-05 14:05:51,2012-01-05 15:37:51,ID4287,77,0.17424826522744796,0,1.0,0.0,538.0,3,13,complete,1,5156.283333333334,686.7333333333333,836.2833333333333,152.45,"{'Part_Desc_': 'Socket', 'Report_Type': 'S', 'Rework': 'missing', 'Work_Order_Qty': 40.0}",regular
Case179,Packing,2012-01-05 13:07:13,2012-01-05 14:40:30,2012-01-05 15:40:30,ID4820,78,0.03932151117964534,0,2.0,0.0,60.0,3,14,complete,1,5200.5,153.28333333333333,880.5,176.38333333333333,"{'Part_Desc_': 'Cable Head', 'Report_Type': 'D', 'Rework': 'missing', 'Work_Order_Qty': 150.0}",deviant
Case215,Turning & Milling Q.C.,2012-01-05 10:34:03,2012-01-05 15:49:19,2012-01-05 15:50:19,ID4618,78,0.17424826522744796,0,108.0,0.0,75.0,4,15,complete,1,5269.316666666667,975.55,949.3166666666667,139.9,"{'Part_Desc_': 'Ballnut', 'Report_Type': 'S', 'Rework': 'missing', 'Work_Order_Qty': 108.00000000000001}",regular
15_CF,Turning & Milling,2012-01-04 23:51:40,2012-01-05 13:35:11,2012-01-05 15:50:39,ID4794,70,0.6491904394757132,2,1.0,0.0,1.0,4,3,complete,1,4553.55,366.93333333333334,233.55,135.46666666666667,"{'Part_Desc_': 'Barrel', 'Report_Type': 'S', 'Rework': 'missing', 'Work_Order_Qty': 1.0}",deviant
0_CF,Final Inspection Q.C.,2012-01-05 07:42:03,2012-01-05 13:31:55,2012-01-05 15:55:01,ID4163,77,0.2027756360832691,0,1.0,0.0,1.0,9,13,complete,1,5131.916666666667,493.68333333333334,811.9166666666666,143.1,"{'Part_Desc_': 'Barrel', 'Report_Type': 'S', 'Rework': 'missing', 'Work_Order_Qty': 1.0}",deviant
Case219,Round Grinding,2012-01-05 04:45:03,2012-01-05 11:05:31,2012-01-05 16:22:31,ID4355,73,0.4379336931380108,1,14.0,0.0,334.0,6,11,complete,1,4985.516666666666,607.7666666666667,665.5166666666667,161.88333333333333,"{'Part_Desc_': 'Cable Head', 'Report_Type': 'D', 'Rework': 'missing', 'Work_Order_Qty': 29.999999999999996}",regular
Case241,Turning & Milling,2012-01-05 15:11:50,2012-01-05 15:25:50,2012-01-05 16:40:50,ID4429,81,0.6491904394757132,0,1.0,0.0,211.0,2,15,complete,1,5245.833333333333,89.0,925.8333333333334,161.18333333333334,"{'Part_Desc_': 'Ballnut', 'Report_Type': 'S', 'Rework': 'missing', 'Work_Order_Qty': 16.0}",regular
Case190,Final Inspection Q.C.,2012-01-05 10:36:52,2012-01-05 15:31:42,2012-01-05 16:46:42,ID4493,78,0.2027756360832691,0,1.0,0.0,112.0,4,15,complete,1,5251.7,437.8333333333333,931.7,146.08333333333334,"{'Part_Desc_': 'other', 'Report_Type': 'D', 'Rework': 'missing', 'Work_Order_Qty': 16.0}",deviant
Case211,Lapping,2012-01-05 09:24:03,2012-01-05 15:38:18,2012-01-05 16:53:18,ID4882,77,0.12336160370084812,0,67.0,0.0,60.00000000000001,4,15,complete,1,5258.3,1025.6,938.3,166.95,"{'Part_Desc_': 'Spur Gear', 'Report_Type': 'D', 'Rework': 'missing', 'Work_Order_Qty': 84.0}",regular
Case201,Turning,2012-01-05 11:02:21,2012-01-05 15:51:25,2012-01-05 17:00:25,ID4219,78,0,0,2.0,0.0,247.0,7,15,complete,1,5271.416666666667,292.06666666666666,951.4166666666666,150.76666666666668,"{'Part_Desc_': 'Wheel Shaft', 'Report_Type': 'D', 'Rework': 'missing', 'Work_Order_Qty': 20.0}",regular
Case185,Final Inspection Q.C.,2012-01-05 09:03:12,2012-01-05 15:42:45,2012-01-05 17:00:45,ID4287,77,0.2027756360832691,0,7.0,0.0,60.0,10,15,complete,1,5262.75,519.55,942.75,138.21666666666667,"{'Part_Desc_': 'Cable Head', 'Report_Type': 'D', 'Rework': 'missing', 'Work_Order_Qty': 17.0}",deviant
16_CF,Milling,2012-01-03 07:05:22,2012-01-05 14:01:12,2012-01-05 17:08:21,ID4932,43,0,15,1.0,0.0,509.9999874830246,1,7,complete,1,1865.3666666666666,1865.3666666666666,425.3666666666667,187.15,"{'Part_Desc_': 'Barrel', 'Report_Type': 'S', 'Rework': 'missing', 'Work_Order_Qty': 31.999999225139618}",deviant
Case163,Turning,2012-01-05 10:49:24,2012-01-05 17:08:13,2012-01-05 17:09:13,ID3846,78,0,0,8.0,0.0,60.0,5,17,complete,1,5348.216666666666,498.81666666666666,1028.2166666666667,148.2,"{'Part_Desc_': 'Clamp', 'Report_Type': 'D', 'Rework': 'missing', 'Work_Order_Qty': 150.0}",regular
Case260,Turning & Milling,2012-01-04 19:10:11,2012-01-05 09:10:11,2012-01-05 17:17:11,ID4529,67,0.6491904394757132,1,18.0,0.0,241.00000000000003,2,22,complete,1,4205.816666666667,325.6333333333333,1325.8166666666666,157.95,"{'Part_Desc_': 'Ballnut', 'Report_Type': 'S', 'Rework': 'missing', 'Work_Order_Qty': 315.0}",regular
Case21,Turning & Milling,2012-01-05 05:39:35,2012-01-05 07:03:33,2012-01-05 17:31:33,ID4167,75,0.6491904394757132,0,25.0,0.0,135.0,1,5,complete,1,4659.583333333333,4659.583333333333,339.5833333333333,200.48333333333332,"{'Part_Desc_': 'Punch Plate', 'Report_Type': 'S', 'Rework': 'missing', 'Work_Order_Qty': 151.0}",deviant
Case224,Turning & Milling Q.C.,2012-01-05 15:04:14,2012-01-05 15:55:01,2012-01-05 17:35:01,ID4163,81,0.17424826522744796,0,1.0,0.0,29.999999999999996,1,15,complete,1,5224.233333333334,5224.233333333334,904.2333333333333,182.43333333333334,"{'Part_Desc_': 'Gauge', 'Report_Type': 'S', 'Rework': 'missing', 'Work_Order_Qty': 40.0}",regular
Case235,Turning & Milling Q.C.,2012-01-05 16:23:47,2012-01-05 17:35:01,2012-01-05 17:36:01,ID4163,82,0.17424826522744796,0,1.0,0.0,330.0,1,16,complete,1,5303.783333333334,5303.783333333334,983.7833333333333,180.23333333333332,"{'Part_Desc_': 'Flange Bolt', 'Report_Type': 'S', 'Rework': 'missing', 'Work_Order_Qty': 13.0}",regular
Case274,Laser Marking,2012-01-05 13:05:51,2012-01-05 17:49:52,2012-01-05 19:04:52,ID0998,78,0.06090979182729375,0,3.0,0.0,60.0,10,17,complete,1,5389.866666666667,346.01666666666665,1069.8666666666666,164.58333333333334,"{'Part_Desc_': 'Spur Gear', 'Report_Type': 'S', 'Rework': 'missing', 'Work_Order_Qty': 3.0}",regular
Case177,Final Inspection Q.C.,2012-01-05 10:59:03,2012-01-05 17:36:01,2012-01-05 19:16:01,ID4163,78,0.2027756360832691,0,1.0,0.0,230.0,5,17,complete,1,5342.866666666667,953.6666666666666,1022.8666666666667,149.76666666666668,"{'Part_Desc_': 'Cable Head', 'Report_Type': 'D', 'Rework': 'missing', 'Work_Order_Qty': 151.0}",regular
Case269,Turning & Milling Q.C.,2012-01-05 13:51:05,2012-01-05 17:00:45,2012-01-05 19:36:45,ID4287,78,0.17424826522744796,0,11.999999999999998,0.0,60.0,3,15,complete,1,5272.316666666667,806.2166666666667,952.3166666666667,151.16666666666666,"{'Part_Desc_': 'Ballnut', 'Report_Type': 'S', 'Rework': 'missing', 'Work_Order_Qty': 12.0}",regular
4_CF,Turning & Milling Q.C.,2012-01-04 18:04:39,2012-01-05 17:17:11,2012-01-05 19:37:11,ID4529,66,0.17424826522744796,0,1.0,0.0,1.0,5,22,complete,1,4254.916666666667,880.3666666666667,1374.9166666666667,140.0,"{'Part_Desc_': 'Barrel', 'Report_Type': 'S', 'Rework': 'missing', 'Work_Order_Qty': 1.0}",deviant
Case203,Packing,2012-01-05 12:48:28,2012-01-05 18:39:05,2012-01-05 19:39:05,ID4820,78,0.03932151117964534,0,5.0,0.0,13.0,6,18,complete,1,5439.083333333333,379.6166666666667,1119.0833333333333,160.66666666666666,"{'Part_Desc_': 'Gauge', 'Report_Type': 'D', 'Rework': 'missing', 'Work_Order_Qty': 5.0}",regular
Case263,Flat Grinding,2012-01-05 14:05:51,2012-01-05 19:04:52,2012-01-05 19:45:52,ID0998,79,0.02467232074016962,0,18.0,0.0,31.000000000000004,10,18,complete,1,5435.666666666667,357.26666666666665,1115.6666666666667,138.15,"{'Part_Desc_': 'Compound Dies', 'Report_Type': 'S', 'Rework': 'missing', 'Work_Order_Qty': 18.0}",regular
Case224,Turning & Milling Q.C.,2012-01-05 17:35:01,2012-01-05 19:16:01,2012-01-05 19:46:01,ID4163,82,0.17424826522744796,2,1.0,0.0,29.999999999999996,2,17,complete,1,5391.616666666667,167.38333333333333,1071.6166666666666,153.15,"{'Part_Desc_': 'Gauge', 'Report_Type': 'S', 'Rework': 'missing', 'Work_Order_Qty': 40.0}",regular
Case248,Lapping,2012-01-05 15:13:52,2012-01-05 18:31:55,2012-01-05 19:46:55,ID4882,81,0.12336160370084812,0,22.0,0.0,279.0,4,18,complete,1,5431.916666666667,685.5,1111.9166666666667,155.9,"{'Part_Desc_': 'Housing', 'Report_Type': 'S', 'Rework': 'missing', 'Work_Order_Qty': 24.0}",regular
Case11,Turning & Milling,2012-01-05 12:12:00,2012-01-05 14:17:43,2012-01-05 19:53:43,ID4132,78,0.6491904394757132,0,97.0,0.0,178.0,1,12,complete,1,5052.0,5052.0,732.0,184.31666666666666,"{'Part_Desc_': 'Spur Gear', 'Report_Type': 'S', 'Rework': 'missing', 'Work_Order_Qty': 100.0}",regular
Case231,Round Grinding,2012-01-05 12:05:12,2012-01-05 16:22:31,2012-01-05 19:56:31,ID4355,77,0.4379336931380108,0,2.0,0.0,30.0,2,12,complete,1,5062.566666666667,315.05,742.5666666666667,184.48333333333332,"{'Part_Desc_': 'Cable Head', 'Report_Type': 'D', 'Rework': 'missing', 'Work_Order_Qty': 20.0}",regular
18_CF,Milling,2012-01-03 08:40:08,2012-01-05 17:08:21,2012-01-05 20:16:51,ID4932,44,0,16,1.0,0.0,509.9999874830246,1,8,complete,1,1960.1333333333334,1960.1333333333334,520.1333333333333,188.5,"{'Part_Desc_': 'Barrel', 'Report_Type': 'S', 'Rework': 'missing', 'Work_Order_Qty': 31.999999225139618}",deviant
Case249,Turning & Milling,2012-01-05 06:14:50,2012-01-05 13:51:05,2012-01-05 20:53:05,ID0997,76,0.6491904394757132,1,62.0,0.0,59.99999999999999,1,6,complete,1,4694.833333333333,4694.833333333333,374.8333333333333,190.36666666666667,"{'Part_Desc_': 'Ballnut', 'Report_Type': 'S', 'Rework': 'missing', 'Work_Order_Qty': 64.0}",regular
Case244,Round Grinding,2012-01-05 10:52:08,2012-01-05 14:49:29,2012-01-05 20:53:29,ID4528,78,0.4379336931380108,1,4.0,0.0,87.0,4,14,complete,1,5209.483333333334,335.35,889.4833333333333,176.45,"{'Part_Desc_': 'Cable Head', 'Report_Type': 'D', 'Rework': 'missing', 'Work_Order_Qty': 5.0}",regular
Case277,Lapping,2012-01-05 12:32:08,2012-01-05 20:53:29,2012-01-05 21:03:29,ID4528,78,0.12336160370084812,0,1.0,0.0,31.0,7,17,complete,1,5347.433333333333,427.6,1027.4333333333334,146.53333333333333,"{'Part_Desc_': 'Cable Head', 'Report_Type': 'D', 'Rework': 'missing', 'Work_Order_Qty': 3.0}",regular
Case267,Turning & Milling,2012-01-05 03:23:29,2012-01-05 15:50:39,2012-01-05 21:14:39,ID4794,72,0.6491904394757132,3,9.0,0.0,193.00000000000003,3,7,complete,1,4750.733333333334,1040.5333333333333,430.73333333333335,145.13333333333333,"{'Part_Desc_': 'Punch Holder', 'Report_Type': 'S', 'Rework': 'missing', 'Work_Order_Qty': 350.0}",deviant
Case235,Turning & Milling Q.C.,2012-01-05 17:36:01,2012-01-05 19:46:01,2012-01-05 21:22:01,ID4163,82,0.17424826522744796,1,1.0,0.0,330.0,2,17,complete,1,5392.933333333333,89.15,1072.9333333333334,151.66666666666666,"{'Part_Desc_': 'Flange Bolt', 'Report_Type': 'S', 'Rework': 'missing', 'Work_Order_Qty': 13.0}",regular
Case199,Lapping,2012-01-05 13:52:03,2012-01-05 20:08:43,2012-01-05 21:23:43,ID4882,78,0.12336160370084812,0,1.0,0.0,75.0,9,20,complete,1,5528.716666666666,998.6333333333333,1208.7166666666667,152.65,"{'Part_Desc_': 'Cable Head', 'Report_Type': 'D', 'Rework': 'missing', 'Work_Order_Qty': 180.0}",regular
Case215,Turning & Milling Q.C.,2012-01-05 15:50:19,2012-01-05 20:19:38,2012-01-05 21:34:38,ID4618,81,0.17424826522744796,0,108.0,0.0,75.0,5,20,complete,1,5539.633333333333,270.31666666666666,1219.6333333333334,131.53333333333333,"{'Part_Desc_': 'Ballnut', 'Report_Type': 'S', 'Rework': 'missing', 'Work_Order_Qty': 108.00000000000001}",regular
Case265,Turning & Milling,2012-01-05 03:53:05,2012-01-05 20:53:05,2012-01-05 21:53:05,ID0997,73,0.6491904394757132,3,8.0,0.0,75.0,4,8,complete,1,4856.75,761.7,536.75,144.18333333333334,"{'Part_Desc_': 'O-Ring', 'Report_Type': 'S', 'Rework': 'missing', 'Work_Order_Qty': 9.0}",regular
Case231,Round Grinding,2012-01-05 19:56:31,2012-01-05 20:50:43,2012-01-05 22:32:43,ID4355,85,0.4379336931380108,0,2.0,0.0,30.0,3,20,complete,1,5570.716666666666,508.15,1250.7166666666667,180.86666666666667,"{'Part_Desc_': 'Cable Head', 'Report_Type': 'D', 'Rework': 'missing', 'Work_Order_Qty': 20.0}",regular
Case206,Round Grinding,2012-01-05 07:39:55,2012-01-05 15:20:09,2012-01-05 22:36:09,ID4872,77,0.4379336931380108,1,6.0,0.0,100.0,5,15,complete,1,5240.15,663.2833333333333,920.15,145.95,"{'Part_Desc_': 'Cutting Wheel', 'Report_Type': 'D', 'Rework': 'missing', 'Work_Order_Qty': 21.0}",regular
Case198,Turning & Milling,2012-01-04 23:48:17,2012-01-05 19:37:11,2012-01-05 22:37:11,ID4529,70,0.6491904394757132,3,1.0,0.0,1.0,2,2,complete,1,4474.966666666666,401.68333333333334,154.96666666666667,147.46666666666667,"{'Part_Desc_': 'Cable Head', 'Report_Type': 'S', 'Rework': 'missing', 'Work_Order_Qty': 100.0}",regular
Case194,Turning & Milling Q.C.,2012-01-05 15:37:51,2012-01-05 19:36:45,2012-01-05 22:45:45,ID4287,81,0.17424826522744796,0,1.0,0.0,538.0,4,18,complete,1,5425.083333333333,268.8,1105.0833333333333,144.85,"{'Part_Desc_': 'Socket', 'Report_Type': 'S', 'Rework': 'missing', 'Work_Order_Qty': 40.0}",regular
Case163,Packing,2012-01-05 17:09:13,2012-01-05 21:47:01,2012-01-05 22:47:01,ID4491,82,0.03932151117964534,0,8.0,0.0,60.0,6,21,complete,1,5627.016666666666,278.8,1307.0166666666667,148.76666666666668,"{'Part_Desc_': 'Clamp', 'Report_Type': 'D', 'Rework': 'missing', 'Work_Order_Qty': 150.0}",regular
Case11,Turning & Milling,2012-01-05 19:53:43,2012-01-05 20:05:32,2012-01-05 22:55:32,ID4641,85,0.6491904394757132,0,97.0,0.0,178.0,2,20,complete,1,5525.533333333334,473.53333333333336,1205.5333333333333,155.61666666666667,"{'Part_Desc_': 'Spur Gear', 'Report_Type': 'S', 'Rework': 'missing', 'Work_Order_Qty': 100.0}",regular
23_CF,Turning & Milling,2012-01-03 05:52:46,2012-01-05 20:16:51,2012-01-05 22:58:40,ID4932,41,0.6491904394757132,15,1.0,0.0,1.0,2,8,complete,1,1967.0,1455.6333333333334,527.0,161.81666666666666,"{'Part_Desc_': 'Barrel', 'Report_Type': 'S', 'Rework': 'missing', 'Work_Order_Qty': 1.0}",deviant
Case179,other,2012-01-05 15:40:30,2012-01-05 21:03:29,2012-01-05 23:08:29,ID4528,81,0.0,0,2.0,0.0,60.0,4,18,complete,1,5428.583333333333,228.08333333333334,1108.5833333333333,162.95,"{'Part_Desc_': 'Cable Head', 'Report_Type': 'D', 'Rework': 'missing', 'Work_Order_Qty': 150.0}",deviant
0_CF,Turning & Milling,2012-01-05 15:55:01,2012-01-05 20:48:15,2012-01-05 23:08:58,ID0998,81,0.6491904394757132,0,1.0,0.0,1.0,10,20,complete,1,5568.25,436.3333333333333,1248.25,140.71666666666667,"{'Part_Desc_': 'Barrel', 'Report_Type': 'S', 'Rework': 'missing', 'Work_Order_Qty': 1.0}",deviant
Case20,Turning & Milling,2012-01-05 09:59:12,2012-01-05 17:31:33,2012-01-05 23:21:33,ID4167,78,0.6491904394757132,0,2.0,0.0,17.0,1,9,complete,1,4919.2,4919.2,599.2,190.93333333333334,"{'Part_Desc_': 'Punch Plate', 'Report_Type': 'S', 'Rework': 'missing', 'Work_Order_Qty': 170.0}",deviant
Case10,Turning & Milling,2012-01-05 19:24:01,2012-01-05 19:24:01,2012-01-05 23:28:01,ID3846,85,0.6491904394757132,0,100.0,0.0,150.0,1,19,complete,1,5484.016666666666,5484.016666666666,1164.0166666666667,183.6,"{'Part_Desc_': 'Spur Gear', 'Report_Type': 'S', 'Rework': 'missing', 'Work_Order_Qty': 251.0}",regular
Case187,Round Grinding,2012-01-05 08:40:03,2012-01-05 14:38:09,2012-01-05 23:30:09,ID4385,76,0.4379336931380108,0,2.0,0.0,361.0,8,13,complete,1,5148.95,952.9,828.95,149.8,"{'Part_Desc_': 'Cable Head', 'Report_Type': 'D', 'Rework': 'missing', 'Work_Order_Qty': 200.0}",deviant
Case185,Final Inspection Q.C.,2012-01-05 17:00:45,2012-01-05 22:45:45,2012-01-05 23:40:45,ID4287,82,0.2027756360832691,1,7.0,0.0,60.0,11,22,complete,1,5668.433333333333,405.68333333333334,1348.4333333333334,136.25,"{'Part_Desc_': 'Cable Head', 'Report_Type': 'D', 'Rework': 'missing', 'Work_Order_Qty': 17.0}",deviant
Case190,Turning & Milling Q.C.,2012-01-05 16:46:42,2012-01-05 21:51:21,2012-01-05 23:43:21,ID4493,82,0.17424826522744796,0,1.0,0.0,112.0,5,21,complete,1,5631.35,379.65,1311.35,135.95,"{'Part_Desc_': 'other', 'Report_Type': 'D', 'Rework': 'missing', 'Work_Order_Qty': 16.0}",deviant
1_CF,Final Inspection Q.C.,2012-01-05 15:31:05,2012-01-05 21:22:01,2012-01-05 23:44:10,ID4163,81,0.2027756360832691,1,1.0,0.0,1.0,8,20,complete,1,5546.983333333334,437.51666666666665,1226.9833333333333,142.15,"{'Part_Desc_': 'Barrel', 'Report_Type': 'S', 'Rework': 'missing', 'Work_Order_Qty': 1.0}",deviant
Case225,Laser Marking,2012-01-05 14:51:55,2012-01-05 22:36:09,2012-01-05 23:51:09,ID4872,80,0.06090979182729375,0,20.0,0.0,75.0,5,20,complete,1,5548.7,633.2166666666667,1228.7,146.03333333333333,"{'Part_Desc_': 'Cable Head', 'Report_Type': 'D', 'Rework': 'missing', 'Work_Order_Qty': 185.00000000000003}",deviant
Case10,Turning Q.C.,2012-01-05 23:28:01,2012-01-05 23:46:42,2012-01-06 00:01:42,ID4618,84,0,0,100.0,0.0,150.0,2,23,complete,1,5746.7,262.68333333333334,1426.7,144.58333333333334,"{'Part_Desc_': 'Spur Gear', 'Report_Type': 'S', 'Rework': 'missing', 'Work_Order_Qty': 251.0}",regular
Case224,Turning & Milling Q.C.,2012-01-05 19:46:01,2012-01-05 23:44:10,2012-01-06 00:14:10,ID4163,85,0.17424826522744796,1,1.0,0.0,29.999999999999996,3,20,complete,1,5568.916666666667,177.3,1248.9166666666667,147.38333333333333,"{'Part_Desc_': 'Gauge', 'Report_Type': 'S', 'Rework': 'missing', 'Work_Order_Qty': 40.0}",regular
Case203,Final Inspection Q.C.,2012-01-05 19:39:05,2012-01-06 00:01:42,2012-01-06 00:14:42,ID4618,85,0.2027756360832691,0,5.0,0.0,13.0,7,23,complete,1,5752.716666666666,313.6333333333333,1432.7166666666667,155.76666666666668,"{'Part_Desc_': 'Gauge', 'Report_Type': 'D', 'Rework': 'missing', 'Work_Order_Qty': 5.0}",regular
Case248,Turning & Milling Q.C.,2012-01-05 19:46:55,2012-01-05 23:43:21,2012-01-06 00:43:21,ID4493,85,0.17424826522744796,0,22.0,0.0,279.0,5,22,complete,1,5680.266666666666,248.35,1360.2666666666667,140.16666666666666,"{'Part_Desc_': 'Housing', 'Report_Type': 'S', 'Rework': 'missing', 'Work_Order_Qty': 24.0}",regular
9_CF,Turning & Milling Q.C.,2012-01-04 22:30:29,2012-01-05 22:37:11,2012-01-06 00:47:03,ID4529,69,0.17424826522744796,2,1.0,0.0,1.0,5,3,complete,1,4543.733333333334,967.6666666666666,223.73333333333332,129.86666666666667,"{'Part_Desc_': 'Barrel', 'Report_Type': 'S', 'Rework': 'missing', 'Work_Order_Qty': 1.0}",deviant
Case201,Turning,2012-01-05 17:00:25,2012-01-05 20:35:19,2012-01-06 01:14:19,ID4219,82,0,0,2.0,0.0,247.0,8,20,complete,1,5555.316666666667,283.9,1235.3166666666666,148.13333333333333,"{'Part_Desc_': 'Wheel Shaft', 'Report_Type': 'D', 'Rework': 'missing', 'Work_Order_Qty': 20.0}",regular
Case274,Final Inspection Q.C.,2012-01-05 19:04:52,2012-01-05 23:40:45,2012-01-06 01:17:45,ID4287,84,0.2027756360832691,1,3.0,0.0,60.0,11,22,complete,1,5699.483333333334,309.6166666666667,1379.4833333333333,153.98333333333332,"{'Part_Desc_': 'Spur Gear', 'Report_Type': 'S', 'Rework': 'missing', 'Work_Order_Qty': 3.0}",regular
19_CF,Milling,2012-01-03 09:12:16,2012-01-05 22:58:40,2012-01-06 01:49:26,ID4932,45,0,17,1.0,0.0,509.9999874830246,1,9,complete,1,1992.2666666666667,1992.2666666666667,552.2666666666667,170.76666666666668,"{'Part_Desc_': 'Barrel', 'Report_Type': 'S', 'Rework': 'missing', 'Work_Order_Qty': 31.999999225139618}",deviant
Case267,Turning & Milling Q.C.,2012-01-05 21:14:39,2012-01-06 00:25:06,2012-01-06 02:30:06,ID4618,86,0.17424826522744796,0,9.0,0.0,193.00000000000003,4,0,complete,1,5785.1,1034.3666666666666,25.1,128.45,"{'Part_Desc_': 'Punch Holder', 'Report_Type': 'S', 'Rework': 'missing', 'Work_Order_Qty': 350.0}",deviant
4_CF,Flat Grinding,2012-01-05 19:37:11,2012-01-06 00:19:50,2012-01-06 02:31:34,ID4429,85,0.02467232074016962,0,1.0,0.0,1.0,6,0,complete,1,5779.833333333333,1524.9166666666667,19.833333333333332,131.73333333333332,"{'Part_Desc_': 'Barrel', 'Report_Type': 'S', 'Rework': 'missing', 'Work_Order_Qty': 1.0}",deviant
Case207,Turning & Milling,2012-01-05 06:46:19,2012-01-06 00:47:03,2012-01-06 02:47:03,ID4529,76,0.6491904394757132,4,56.0,0.0,60.00000000000001,4,10,complete,1,4941.416666666667,290.1,621.4166666666666,133.65,"{'Part_Desc_': 'Flange', 'Report_Type': 'S', 'Rework': 'missing', 'Work_Order_Qty': 125.0}",regular
Case241,Turning & Milling,2012-01-05 16:40:50,2012-01-05 23:21:33,2012-01-06 02:52:33,ID4167,82,0.6491904394757132,1,1.0,0.0,211.0,3,17,complete,1,5369.666666666667,123.83333333333333,1049.6666666666667,153.05,"{'Part_Desc_': 'Ballnut', 'Report_Type': 'S', 'Rework': 'missing', 'Work_Order_Qty': 16.0}",regular
Case219,Round Grinding,2012-01-05 16:22:31,2012-01-05 21:20:31,2012-01-06 02:54:31,ID4445,81,0.4379336931380108,0,14.0,0.0,334.0,7,21,complete,1,5600.516666666666,615.0,1280.5166666666667,156.8,"{'Part_Desc_': 'Cable Head', 'Report_Type': 'D', 'Rework': 'missing', 'Work_Order_Qty': 29.999999999999996}",regular
Case259,Turning & Milling,2012-01-05 20:44:56,2012-01-05 22:55:32,2012-01-06 02:55:32,ID4641,86,0.6491904394757132,0,185.0,0.0,1.0,1,20,complete,1,5564.933333333333,5564.933333333333,1244.9333333333334,168.76666666666668,"{'Part_Desc_': 'Drill', 'Report_Type': 'S', 'Rework': 'missing', 'Work_Order_Qty': 325.0}",regular
Case263,other,2012-01-05 19:45:52,2012-01-06 01:17:45,2012-01-06 02:57:45,ID4287,85,0.0,0,18.0,0.0,31.000000000000004,11,23,complete,1,5706.833333333333,271.1666666666667,1386.8333333333333,139.88333333333333,"{'Part_Desc_': 'Compound Dies', 'Report_Type': 'S', 'Rework': 'missing', 'Work_Order_Qty': 18.0}",regular
Case11,Turning & Milling Q.C.,2012-01-05 22:55:32,2012-01-06 02:57:45,2012-01-06 03:51:45,ID4287,84,0.17424826522744796,0,97.0,0.0,178.0,3,23,complete,1,5742.383333333333,216.85,1422.3833333333334,149.31666666666666,"{'Part_Desc_': 'Spur Gear', 'Report_Type': 'S', 'Rework': 'missing', 'Work_Order_Qty': 100.0}",regular
Case177,Final Inspection Q.C.,2012-01-05 19:16:01,2012-01-06 00:18:31,2012-01-06 04:08:31,ID4163,84,0.2027756360832691,2,1.0,0.0,230.0,6,0,complete,1,5778.516666666666,435.65,18.516666666666666,141.61666666666667,"{'Part_Desc_': 'Cable Head', 'Report_Type': 'D', 'Rework': 'missing', 'Work_Order_Qty': 151.0}",regular
Case20,Turning & Milling,2012-01-05 23:21:33,2012-01-06 02:52:33,2012-01-06 04:21:33,ID4167,84,0.6491904394757132,1,2.0,0.0,17.0,2,23,complete,1,5729.966666666666,810.7666666666667,1409.9666666666667,153.98333333333332,"{'Part_Desc_': 'Punch Plate', 'Report_Type': 'S', 'Rework': 'missing', 'Work_Order_Qty': 170.0}",deviant
Case208,Turning & Milling,2012-01-05 09:29:52,2012-01-05 19:53:43,2012-01-06 04:23:43,ID4132,77,0.6491904394757132,1,2.0,0.0,132.0,5,15,complete,1,5225.983333333334,611.1166666666667,905.9833333333333,131.86666666666667,"{'Part_Desc_': 'Cable Head', 'Report_Type': 'S', 'Rework': 'missing', 'Work_Order_Qty': 13.0}",regular
Case155,Turning & Milling,2012-01-05 11:07:42,2012-01-05 21:53:05,2012-01-06 04:24:05,ID0997,78,0.6491904394757132,2,48.0,0.0,60.0,5,16,complete,1,5284.366666666667,319.6666666666667,964.3666666666667,138.11666666666667,"{'Part_Desc_': 'Ballnut', 'Report_Type': 'S', 'Rework': 'missing', 'Work_Order_Qty': 48.0}",regular
24_CF,Milling,2012-01-03 11:19:51,2012-01-06 01:49:26,2012-01-06 04:54:02,ID4932,47,0,18,1.0,0.0,509.9999874830246,1,11,complete,1,2119.85,2119.85,679.85,184.6,"{'Part_Desc_': 'Barrel', 'Report_Type': 'S', 'Rework': 'missing', 'Work_Order_Qty': 31.999999225139618}",deviant
Case239,Turning & Milling,2012-01-05 08:49:08,2012-01-05 21:14:39,2012-01-06 04:56:39,ID4794,77,0.6491904394757132,3,16.0,0.0,60.0,1,8,complete,1,4849.133333333333,4849.133333333333,529.1333333333333,171.53333333333333,"{'Part_Desc_': 'Ballnut', 'Report_Type': 'S', 'Rework': 'missing', 'Work_Order_Qty': 16.0}",regular
Case225,Lapping,2012-01-05 23:51:09,2012-01-06 03:55:30,2012-01-06 05:10:30,ID4882,83,0.12336160370084812,0,20.0,0.0,75.0,6,3,complete,1,5995.5,446.8,235.5,138.51666666666668,"{'Part_Desc_': 'Cable Head', 'Report_Type': 'D', 'Rework': 'missing', 'Work_Order_Qty': 185.00000000000003}",deviant
12_CF,Turning & Milling Q.C.,2012-01-05 06:02:11,2012-01-06 02:47:03,2012-01-06 05:15:18,ID4529,75,0.17424826522744796,4,1.0,0.0,1.0,5,10,complete,1,4947.866666666667,1181.8333333333333,627.8666666666667,148.25,"{'Part_Desc_': 'Barrel', 'Report_Type': 'S', 'Rework': 'missing', 'Work_Order_Qty': 1.0}",deviant
Case211,Lapping,2012-01-05 16:53:18,2012-01-05 23:08:58,2012-01-06 05:25:58,ID0998,82,0.12336160370084812,0,67.0,0.0,60.00000000000001,5,22,complete,1,5664.766666666666,406.46666666666664,1344.7666666666667,154.75,"{'Part_Desc_': 'Spur Gear', 'Report_Type': 'D', 'Rework': 'missing', 'Work_Order_Qty': 84.0}",regular
Case235,Turning & Milling,2012-01-05 21:22:01,2012-01-06 04:23:43,2012-01-06 05:33:43,ID4132,86,0.6491904394757132,0,1.0,0.0,330.0,3,22,complete,1,5662.233333333334,269.3,1342.2333333333333,147.96666666666667,"{'Part_Desc_': 'Flange Bolt', 'Report_Type': 'S', 'Rework': 'missing', 'Work_Order_Qty': 13.0}",regular
Case178,other,2012-01-05 14:38:09,2012-01-05 23:08:29,2012-01-06 05:53:29,ID4528,80,0.0,0,2.0,0.0,299.0,10,18,complete,1,5444.666666666667,673.5166666666667,1124.6666666666667,140.43333333333334,"{'Part_Desc_': 'Cable Head', 'Report_Type': 'D', 'Rework': 'missing', 'Work_Order_Qty': 250.0}",deviant
Case256,Turning,2012-01-05 17:37:40,2012-01-06 04:24:05,2012-01-06 05:54:05,ID0997,83,0,2,1.0,0.0,232.00000000000003,1,17,complete,1,5377.666666666667,5377.666666666667,1057.6666666666667,198.78333333333333,"{'Part_Desc_': 'Spinner', 'Report_Type': 'D', 'Rework': 'missing', 'Work_Order_Qty': 100.0}",regular
Case26,Turning & Milling,2012-01-06 05:24:10,2012-01-06 05:24:10,2012-01-06 06:04:10,ID4167,81,0.6491904394757132,0,12.0,0.0,296.0,1,5,complete,1,6084.166666666667,6084.166666666667,324.1666666666667,180.96666666666667,"{'Part_Desc_': 'Plug', 'Report_Type': 'S', 'Rework': 'missing', 'Work_Order_Qty': 13.0}",regular
Case215,Laser Marking,2012-01-05 21:34:38,2012-01-06 05:25:58,2012-01-06 06:08:58,ID0998,85,0.06090979182729375,0,108.0,0.0,75.0,6,1,complete,1,5823.866666666667,284.23333333333335,63.86666666666667,137.5,"{'Part_Desc_': 'Ballnut', 'Report_Type': 'S', 'Rework': 'missing', 'Work_Order_Qty': 108.00000000000001}",regular
Case13,Turning,2012-01-06 04:46:21,2012-01-06 04:46:21,2012-01-06 06:16:21,ID3846,80,0,0,20.0,0.0,75.0,1,4,complete,1,6046.35,6046.35,286.35,191.05,"{'Part_Desc_': 'Spur Gear', 'Report_Type': 'S', 'Rework': 'missing', 'Work_Order_Qty': 20.0}",regular
Case259,Turning & Milling,2012-01-06 02:55:32,2012-01-06 05:27:53,2012-01-06 06:22:53,ID4641,80,0.6491904394757132,0,185.0,0.0,1.0,2,5,complete,1,6087.883333333333,522.95,327.8833333333333,139.83333333333334,"{'Part_Desc_': 'Drill', 'Report_Type': 'S', 'Rework': 'missing', 'Work_Order_Qty': 325.0}",regular
Case185,Lapping,2012-01-05 23:40:45,2012-01-06 06:08:58,2012-01-06 06:40:58,ID0998,84,0.12336160370084812,0,7.0,0.0,60.0,12,4,complete,1,6002.4,333.96666666666664,242.4,145.23333333333332,"{'Part_Desc_': 'Cable Head', 'Report_Type': 'D', 'Rework': 'missing', 'Work_Order_Qty': 17.0}",deviant
Case196,Turning & Milling Q.C.,2012-01-06 01:46:43,2012-01-06 04:08:31,2012-01-06 06:47:31,ID4163,82,0.17424826522744796,0,1.0,0.0,117.00000000000001,1,1,complete,1,5866.716666666666,5866.716666666666,106.71666666666667,177.4,"{'Part_Desc_': 'Cable Head', 'Report_Type': 'D', 'Rework': 'missing', 'Work_Order_Qty': 40.0}",deviant
Case249,Turning & Milling,2012-01-05 20:53:05,2012-01-06 05:54:05,2012-01-06 06:48:05,ID0997,86,0.6491904394757132,3,62.0,0.0,59.99999999999999,2,20,complete,1,5577.116666666667,882.2833333333333,1257.1166666666666,149.58333333333334,"{'Part_Desc_': 'Ballnut', 'Report_Type': 'S', 'Rework': 'missing', 'Work_Order_Qty': 64.0}",regular
Case274,Final Inspection Q.C.,2012-01-06 01:17:45,2012-01-06 06:54:18,2012-01-06 07:04:18,ID4287,81,0.2027756360832691,2,3.0,0.0,60.0,12,6,complete,1,6174.3,474.81666666666666,414.3,150.9,"{'Part_Desc_': 'Spur Gear', 'Report_Type': 'S', 'Rework': 'missing', 'Work_Order_Qty': 3.0}",regular
Case201,Turning,2012-01-06 01:14:19,2012-01-06 06:36:45,2012-01-06 07:04:45,ID4219,81,0,0,2.0,0.0,247.0,9,6,complete,1,6156.75,601.4333333333333,396.75,154.63333333333333,"{'Part_Desc_': 'Wheel Shaft', 'Report_Type': 'D', 'Rework': 'missing', 'Work_Order_Qty': 20.0}",regular
Case271,Turning & Milling,2012-01-03 23:47:52,2012-01-06 04:54:02,2012-01-06 07:35:02,ID4932,52,0.6491904394757132,16,1.0,0.0,492.00000000000006,2,2,complete,1,3016.85,1835.7333333333333,136.85,138.05,"{'Part_Desc_': 'Cable Head', 'Report_Type': 'S', 'Rework': 'missing', 'Work_Order_Qty': 150.0}",regular
Case231,Round Grinding,2012-01-05 22:32:43,2012-01-06 00:21:57,2012-01-06 07:41:57,ID4385,85,0.4379336931380108,0,2.0,0.0,30.0,4,0,complete,1,5781.95,211.23333333333332,21.95,174.28333333333333,"{'Part_Desc_': 'Cable Head', 'Report_Type': 'D', 'Rework': 'missing', 'Work_Order_Qty': 20.0}",regular
Case248,Laser Marking,2012-01-06 00:43:21,2012-01-06 06:40:58,2012-01-06 07:49:58,ID0998,81,0.06090979182729375,0,22.0,0.0,279.0,6,6,complete,1,6121.45,441.18333333333334,361.45,154.3,"{'Part_Desc_': 'Housing', 'Report_Type': 'S', 'Rework': 'missing', 'Work_Order_Qty': 24.0}",regular
23_CF,Turning & Milling,2012-01-05 22:58:40,2012-01-06 05:33:43,2012-01-06 08:04:01,ID4132,84,0.6491904394757132,1,1.0,0.0,1.0,3,0,complete,1,5796.233333333334,3829.233333333333,36.233333333333334,150.3,"{'Part_Desc_': 'Barrel', 'Report_Type': 'S', 'Rework': 'missing', 'Work_Order_Qty': 1.0}",deviant
Case239,Turning & Milling,2012-01-06 04:56:39,2012-01-06 07:33:45,2012-01-06 08:22:45,ID4429,80,0.6491904394757132,0,16.0,0.0,60.0,2,7,complete,1,6213.75,1364.6166666666666,453.75,142.23333333333332,"{'Part_Desc_': 'Ballnut', 'Report_Type': 'S', 'Rework': 'missing', 'Work_Order_Qty': 16.0}",regular
Case263,Laser Marking,2012-01-06 02:57:45,2012-01-06 08:15:36,2012-01-06 08:28:36,ID0998,80,0.06090979182729375,1,18.0,0.0,31.000000000000004,12,8,complete,1,6255.6,548.7666666666667,495.6,149.3,"{'Part_Desc_': 'Compound Dies', 'Report_Type': 'S', 'Rework': 'missing', 'Work_Order_Qty': 18.0}",regular
Case206,Final Inspection Q.C.,2012-01-05 22:36:09,2012-01-06 03:46:21,2012-01-06 08:42:21,ID4618,85,0.2027756360832691,0,6.0,0.0,100.0,6,3,complete,1,5986.35,746.2,226.35,141.38333333333333,"{'Part_Desc_': 'Cutting Wheel', 'Report_Type': 'D', 'Rework': 'missing', 'Work_Order_Qty': 21.0}",regular
Case179,Final Inspection Q.C.,2012-01-05 23:08:29,2012-01-06 06:47:31,2012-01-06 08:47:31,ID4163,84,0.2027756360832691,1,2.0,0.0,60.0,5,2,complete,1,5929.183333333333,500.6,169.18333333333334,149.31666666666666,"{'Part_Desc_': 'Cable Head', 'Report_Type': 'D', 'Rework': 'missing', 'Work_Order_Qty': 150.0}",deviant
Case269,Turning & Milling,2012-01-05 19:36:45,2012-01-06 06:48:05,2012-01-06 09:20:05,ID0997,85,0.6491904394757132,3,11.999999999999998,0.0,60.0,4,21,complete,1,5628.9,356.5833333333333,1308.9,140.41666666666666,"{'Part_Desc_': 'Ballnut', 'Report_Type': 'S', 'Rework': 'missing', 'Work_Order_Qty': 12.0}",regular
Case265,Turning & Milling,2012-01-05 21:53:05,2012-01-06 09:20:05,2012-01-06 10:14:05,ID0997,85,0.6491904394757132,4,8.0,0.0,75.0,5,1,complete,1,5865.683333333333,1008.9333333333333,105.68333333333334,132.28333333333333,"{'Part_Desc_': 'O-Ring', 'Report_Type': 'S', 'Rework': 'missing', 'Work_Order_Qty': 9.0}",regular
Case244,Round Grinding,2012-01-05 20:53:29,2012-01-06 05:53:29,2012-01-06 10:15:29,ID4528,86,0.4379336931380108,3,4.0,0.0,87.0,5,0,complete,1,5790.416666666667,580.9333333333333,30.416666666666668,163.58333333333334,"{'Part_Desc_': 'Cable Head', 'Report_Type': 'D', 'Rework': 'missing', 'Work_Order_Qty': 5.0}",regular
Case249,Turning & Milling Q.C.,2012-01-06 06:48:05,2012-01-06 09:32:23,2012-01-06 10:20:23,ID4287,82,0.17424826522744796,0,62.0,0.0,59.99999999999999,3,9,complete,1,6332.383333333333,755.2666666666667,572.3833333333333,124.75,"{'Part_Desc_': 'Ballnut', 'Report_Type': 'S', 'Rework': 'missing', 'Work_Order_Qty': 64.0}",regular
9_CF,Flat Grinding,2012-01-06 00:47:03,2012-01-06 08:30:42,2012-01-06 10:31:50,ID4429,81,0.02467232074016962,0,1.0,0.0,1.0,6,8,complete,1,6270.7,1726.9666666666667,510.7,121.13333333333334,"{'Part_Desc_': 'Barrel', 'Report_Type': 'S', 'Rework': 'missing', 'Work_Order_Qty': 1.0}",deviant
Case20,Turning & Milling Q.C.,2012-01-06 04:21:33,2012-01-06 08:42:21,2012-01-06 10:43:21,ID4618,79,0.17424826522744796,0,2.0,0.0,17.0,3,7,complete,1,6196.216666666666,466.25,436.21666666666664,131.43333333333334,"{'Part_Desc_': 'Punch Plate', 'Report_Type': 'S', 'Rework': 'missing', 'Work_Order_Qty': 170.0}",deviant
4_CF,Laser Marking,2012-01-06 02:31:34,2012-01-06 08:46:30,2012-01-06 10:57:02,ID0998,82,0.06090979182729375,1,1.0,0.0,1.0,7,8,complete,1,6286.5,506.6666666666667,526.5,130.53333333333333,"{'Part_Desc_': 'Barrel', 'Report_Type': 'S', 'Rework': 'missing', 'Work_Order_Qty': 1.0}",deviant
0_CF,Packing,2012-01-05 23:08:58,2012-01-06 08:47:31,2012-01-06 11:05:30,ID4163,84,0.03932151117964534,1,1.0,0.0,1.0,11,2,complete,1,5938.3,370.05,178.3,137.98333333333332,"{'Part_Desc_': 'Barrel', 'Report_Type': 'S', 'Rework': 'missing', 'Work_Order_Qty': 1.0}",deviant
Case277,Round Grinding,2012-01-05 21:03:29,2012-01-06 10:15:29,2012-01-06 11:12:29,ID4528,86,0.4379336931380108,2,1.0,0.0,31.0,8,0,complete,1,5799.566666666667,452.1333333333333,39.56666666666667,140.88333333333333,"{'Part_Desc_': 'Cable Head', 'Report_Type': 'D', 'Rework': 'missing', 'Work_Order_Qty': 3.0}",regular
Case187,Round Grinding,2012-01-05 23:30:09,2012-01-06 03:38:01,2012-01-06 11:16:01,ID4872,84,0.4379336931380108,0,2.0,0.0,361.0,9,3,complete,1,5978.016666666666,829.0666666666667,218.01666666666668,141.43333333333334,"{'Part_Desc_': 'Cable Head', 'Report_Type': 'D', 'Rework': 'missing', 'Work_Order_Qty': 200.0}",deviant
Case155,Turning & Milling Q.C.,2012-01-06 04:24:05,2012-01-06 10:43:21,2012-01-06 11:58:21,ID4618,79,0.17424826522744796,0,48.0,0.0,60.0,6,10,complete,1,6384.883333333333,1100.5166666666667,624.8833333333333,134.16666666666666,"{'Part_Desc_': 'Ballnut', 'Report_Type': 'S', 'Rework': 'missing', 'Work_Order_Qty': 48.0}",regular
Case21,Turning & Milling,2012-01-05 17:31:33,2012-01-06 05:15:18,2012-01-06 12:01:18,ID4529,82,0.6491904394757132,4,25.0,0.0,135.0,2,17,complete,1,5380.55,720.9666666666667,1060.55,162.41666666666666,"{'Part_Desc_': 'Punch Plate', 'Report_Type': 'S', 'Rework': 'missing', 'Work_Order_Qty': 151.0}",deviant
Case225,Lapping,2012-01-06 05:10:30,2012-01-06 10:50:31,2012-01-06 12:24:31,ID4882,80,0.12336160370084812,0,20.0,0.0,75.0,7,10,complete,1,6410.516666666666,415.01666666666665,650.5166666666667,133.78333333333333,"{'Part_Desc_': 'Cable Head', 'Report_Type': 'D', 'Rework': 'missing', 'Work_Order_Qty': 185.00000000000003}",deviant
Case267,Turning & Milling,2012-01-06 02:30:06,2012-01-06 07:24:05,2012-01-06 12:42:05,ID4167,82,0.6491904394757132,1,9.0,0.0,193.00000000000003,5,7,complete,1,6204.083333333333,418.98333333333335,444.0833333333333,116.4,"{'Part_Desc_': 'Punch Holder', 'Report_Type': 'S', 'Rework': 'missing', 'Work_Order_Qty': 350.0}",deviant
8_CF,Turning & Milling,2012-01-06 10:34:04,2012-01-06 10:34:04,2012-01-06 13:20:50,ID0997,85,0.6491904394757132,0,1.0,0.0,113.99999764561653,1,10,complete,1,6394.066666666667,6394.066666666667,634.0666666666667,166.76666666666668,"{'Part_Desc_': 'Ballnut', 'Report_Type': 'S', 'Rework': 'missing', 'Work_Order_Qty': 12.000000308267774}",deviant
1_CF,Final Inspection Q.C.,2012-01-05 23:44:10,2012-01-06 11:05:30,2012-01-06 13:26:27,ID4163,83,0.2027756360832691,1,1.0,0.0,1.0,9,3,complete,1,5953.233333333334,406.25,193.23333333333332,140.95,"{'Part_Desc_': 'Barrel', 'Report_Type': 'S', 'Rework': 'missing', 'Work_Order_Qty': 1.0}",deviant
Case188,Wire Cut,2012-01-03 22:29:47,2012-01-06 07:35:02,2012-01-06 13:35:02,ID4932,51,0.0,17,2.0,0.0,244.0,6,4,complete,1,3170.3166666666666,384.53333333333336,290.31666666666666,137.35,"{'Part_Desc_': 'Punch Holder', 'Report_Type': 'D', 'Rework': 'missing', 'Work_Order_Qty': 350.0}",deviant
23_CF,Turning & Milling Q.C.,2012-01-06 08:04:01,2012-01-06 11:31:15,2012-01-06 13:40:41,ID4287,83,0.17424826522744796,0,1.0,0.0,1.0,4,11,complete,1,6451.25,655.0166666666667,691.25,129.43333333333334,"{'Part_Desc_': 'Barrel', 'Report_Type': 'S', 'Rework': 'missing', 'Work_Order_Qty': 1.0}",deviant
12_CF,Flat Grinding,2012-01-06 05:15:18,2012-01-06 11:30:45,2012-01-06 13:41:37,ID4429,80,0.02467232074016962,0,1.0,0.0,1.0,6,11,complete,1,6450.75,1502.8833333333334,690.75,130.86666666666667,"{'Part_Desc_': 'Barrel', 'Report_Type': 'S', 'Rework': 'missing', 'Work_Order_Qty': 1.0}",deviant
Case196,Grinding Rework,2012-01-06 06:47:31,2012-01-06 11:59:50,2012-01-06 13:56:50,ID4528,82,0.01233616037008481,1,1.0,0.0,117.00000000000001,2,11,complete,1,6479.833333333333,613.1166666666667,719.8333333333334,135.9,"{'Part_Desc_': 'Cable Head', 'Report_Type': 'D', 'Rework': 'missing', 'Work_Order_Qty': 40.0}",deviant
15_CF,Turning & Milling Q.C.,2012-01-05 15:50:39,2012-01-06 12:01:18,2012-01-06 14:06:08,ID4529,81,0.17424826522744796,5,1.0,0.0,1.0,5,20,complete,1,5526.333333333333,972.7833333333333,1206.3333333333333,124.83333333333333,"{'Part_Desc_': 'Barrel', 'Report_Type': 'S', 'Rework': 'missing', 'Work_Order_Qty': 1.0}",deviant
Case215,Lapping,2012-01-06 06:08:58,2012-01-06 11:46:23,2012-01-06 14:13:23,ID0998,81,0.12336160370084812,2,108.0,0.0,75.0,7,11,complete,1,6466.383333333333,642.5166666666667,706.3833333333333,138.48333333333332,"{'Part_Desc_': 'Ballnut', 'Report_Type': 'S', 'Rework': 'missing', 'Work_Order_Qty': 108.00000000000001}",regular
Case11,Turning & Milling,2012-01-06 03:51:45,2012-01-06 07:48:46,2012-01-06 14:20:46,ID4641,80,0.6491904394757132,0,97.0,0.0,178.0,4,7,complete,1,6228.766666666666,486.3833333333333,468.76666666666665,132.43333333333334,"{'Part_Desc_': 'Spur Gear', 'Report_Type': 'S', 'Rework': 'missing', 'Work_Order_Qty': 100.0}",regular
Case260,Turning & Milling,2012-01-05 17:17:11,2012-01-06 14:06:08,2012-01-06 14:47:08,ID4529,82,0.6491904394757132,5,18.0,0.0,241.00000000000003,3,20,complete,1,5567.133333333333,1361.3166666666666,1247.1333333333334,139.86666666666667,"{'Part_Desc_': 'Ballnut', 'Report_Type': 'S', 'Rework': 'missing', 'Work_Order_Qty': 315.0}",regular
Case273,Turning & Milling,2012-01-06 08:20:52,2012-01-06 08:20:52,2012-01-06 15:10:52,ID3846,84,0.6491904394757132,0,1.0,0.0,189.0,1,8,complete,1,6260.866666666667,6260.866666666667,500.8666666666667,164.33333333333334,"{'Part_Desc_': 'Spur Gear', 'Report_Type': 'S', 'Rework': 'missing', 'Work_Order_Qty': 12.0}",regular
Case238,Turning & Milling,2012-01-05 07:03:33,2012-01-06 04:56:39,2012-01-06 15:14:39,ID4794,76,0.6491904394757132,2,54.0,0.0,643.0,9,12,complete,1,5095.65,702.1,775.65,129.3,"{'Part_Desc_': 'Electrical Contact', 'Report_Type': 'S', 'Rework': 'missing', 'Work_Order_Qty': 320.0}",regular
Case185,Round Grinding,2012-01-06 06:40:58,2012-01-06 12:36:54,2012-01-06 15:18:54,ID4385,82,0.4379336931380108,0,7.0,0.0,60.0,13,12,complete,1,6516.9,514.5,756.9,146.13333333333333,"{'Part_Desc_': 'Cable Head', 'Report_Type': 'D', 'Rework': 'missing', 'Work_Order_Qty': 17.0}",deviant
Case179,Packing,2012-01-06 08:47:31,2012-01-06 14:55:08,2012-01-06 15:55:08,ID4820,84,0.03932151117964534,0,2.0,0.0,60.0,6,14,complete,1,6655.133333333333,725.95,895.1333333333333,135.05,"{'Part_Desc_': 'Cable Head', 'Report_Type': 'D', 'Rework': 'missing', 'Work_Order_Qty': 150.0}",deviant
17_CF,Turning & Milling,2012-01-06 11:00:21,2012-01-06 13:20:50,2012-01-06 16:03:38,ID0997,86,0.6491904394757132,0,1.0,0.0,113.99999764561653,1,11,complete,1,6420.35,6420.35,660.35,162.8,"{'Part_Desc_': 'Ballnut', 'Report_Type': 'S', 'Rework': 'missing', 'Work_Order_Qty': 12.000000308267774}",deviant
Case201,Turning,2012-01-06 07:04:45,2012-01-06 14:52:56,2012-01-06 16:03:56,ID4219,82,0,0,2.0,0.0,247.0,10,14,complete,1,6652.933333333333,496.18333333333334,892.9333333333333,139.2,"{'Part_Desc_': 'Wheel Shaft', 'Report_Type': 'D', 'Rework': 'missing', 'Work_Order_Qty': 20.0}",regular
Case208,Turning & Milling,2012-01-06 04:23:43,2012-01-06 15:10:52,2012-01-06 16:36:52,ID3846,79,0.6491904394757132,0,2.0,0.0,132.0,6,11,complete,1,6435.0,1209.0166666666667,675.0,127.31666666666666,"{'Part_Desc_': 'Cable Head', 'Report_Type': 'S', 'Rework': 'missing', 'Work_Order_Qty': 13.0}",regular
Case274,Packing,2012-01-06 07:04:18,2012-01-06 15:55:08,2012-01-06 16:55:08,ID4820,82,0.03932151117964534,0,3.0,0.0,60.0,13,15,complete,1,6672.366666666667,498.06666666666666,912.3666666666667,136.98333333333332,"{'Part_Desc_': 'Spur Gear', 'Report_Type': 'S', 'Rework': 'missing', 'Work_Order_Qty': 3.0}",regular
Case13,Turning,2012-01-06 06:16:21,2012-01-06 16:36:52,2012-01-06 17:01:52,ID3846,81,0,0,20.0,0.0,75.0,2,11,complete,1,6476.283333333334,429.93333333333334,716.2833333333333,124.78333333333333,"{'Part_Desc_': 'Spur Gear', 'Report_Type': 'S', 'Rework': 'missing', 'Work_Order_Qty': 20.0}",regular
Case248,Flat Grinding,2012-01-06 07:49:58,2012-01-06 16:03:20,2012-01-06 17:18:20,ID0998,82,0.02467232074016962,0,22.0,0.0,279.0,7,16,complete,1,6723.333333333333,601.8833333333333,963.3333333333334,143.5,"{'Part_Desc_': 'Housing', 'Report_Type': 'S', 'Rework': 'missing', 'Work_Order_Qty': 24.0}",regular
Case229,Turning Q.C.,2012-01-06 15:44:23,2012-01-06 15:44:23,2012-01-06 17:21:23,ID4287,89,0,0,24.0,0.0,60.0,1,15,complete,1,6704.383333333333,6704.383333333333,944.3833333333333,165.38333333333333,"{'Part_Desc_': 'Ballnut', 'Report_Type': 'S', 'Rework': 'missing', 'Work_Order_Qty': 24.0}",regular
Case27,Turning & Milling,2012-01-06 12:41:33,2012-01-06 16:03:38,2012-01-06 17:57:38,ID0997,87,0.6491904394757132,1,12.0,0.0,158.0,1,12,complete,1,6521.55,6521.55,761.55,158.88333333333333,"{'Part_Desc_': 'Ballnut', 'Report_Type': 'S', 'Rework': 'missing', 'Work_Order_Qty': 12.0}",regular
Case263,Lapping,2012-01-06 08:28:36,2012-01-06 17:18:20,2012-01-06 17:58:20,ID0998,84,0.12336160370084812,0,18.0,0.0,31.000000000000004,13,16,complete,1,6742.533333333334,486.93333333333334,982.5333333333333,134.31666666666666,"{'Part_Desc_': 'Compound Dies', 'Report_Type': 'S', 'Rework': 'missing', 'Work_Order_Qty': 18.0}",regular
Case22,Turning & Milling,2012-01-06 16:22:26,2012-01-06 16:22:26,2012-01-06 18:22:26,ID4641,89,0.6491904394757132,0,1.0,0.0,360.0,1,16,complete,1,6742.433333333333,6742.433333333333,982.4333333333333,158.71666666666667,"{'Part_Desc_': 'Ballnut', 'Report_Type': 'D', 'Rework': 'missing', 'Work_Order_Qty': 5.0}",regular
Case25,Turning & Milling,2012-01-06 14:46:54,2012-01-06 14:46:54,2012-01-06 18:39:54,ID4429,88,0.6491904394757132,0,2.0,0.0,90.0,1,14,complete,1,6646.9,6646.9,886.9,166.28333333333333,"{'Part_Desc_': 'Plug', 'Report_Type': 'S', 'Rework': 'missing', 'Work_Order_Qty': 13.0}",deviant
Case194,Turning & Milling,2012-01-05 22:45:45,2012-01-06 08:04:01,2012-01-06 18:41:01,ID4132,85,0.6491904394757132,1,1.0,0.0,538.0,5,2,complete,1,5883.45,458.3666666666667,123.45,133.28333333333333,"{'Part_Desc_': 'Socket', 'Report_Type': 'S', 'Rework': 'missing', 'Work_Order_Qty': 40.0}",regular
Case231,Round Grinding,2012-01-06 07:41:57,2012-01-06 13:56:50,2012-01-06 18:55:50,ID4528,82,0.4379336931380108,1,2.0,0.0,30.0,5,12,complete,1,6526.466666666666,744.5166666666667,766.4666666666667,153.95,"{'Part_Desc_': 'Cable Head', 'Report_Type': 'D', 'Rework': 'missing', 'Work_Order_Qty': 20.0}",regular
Case10,Turning & Milling,2012-01-06 00:01:42,2012-01-06 18:41:01,2012-01-06 19:18:01,ID4132,83,0.6491904394757132,1,100.0,0.0,150.0,3,3,complete,1,5950.05,203.35,190.05,138.66666666666666,"{'Part_Desc_': 'Spur Gear', 'Report_Type': 'S', 'Rework': 'missing', 'Work_Order_Qty': 251.0}",regular
Case211,Final Inspection Q.C.,2012-01-06 05:25:58,2012-01-06 11:58:21,2012-01-06 19:35:21,ID4618,81,0.2027756360832691,0,67.0,0.0,60.00000000000001,6,11,complete,1,6465.8,801.0333333333333,705.8,147.06666666666666,"{'Part_Desc_': 'Spur Gear', 'Report_Type': 'D', 'Rework': 'missing', 'Work_Order_Qty': 84.0}",regular
Case155,Laser Marking,2012-01-06 11:58:21,2012-01-06 19:38:57,2012-01-06 19:59:57,ID4882,86,0.06090979182729375,0,48.0,0.0,60.0,7,19,complete,1,6938.95,554.0666666666667,1178.95,133.23333333333332,"{'Part_Desc_': 'Ballnut', 'Report_Type': 'S', 'Rework': 'missing', 'Work_Order_Qty': 48.0}",regular
Case239,Turning & Milling Q.C.,2012-01-06 08:22:45,2012-01-06 19:35:21,2012-01-06 20:01:21,ID4618,84,0.17424826522744796,1,16.0,0.0,60.0,3,13,complete,1,6593.516666666666,379.76666666666665,833.5166666666667,120.1,"{'Part_Desc_': 'Ballnut', 'Report_Type': 'S', 'Rework': 'missing', 'Work_Order_Qty': 16.0}",regular
Case187,Round Grinding,2012-01-06 11:16:01,2012-01-06 17:15:39,2012-01-06 20:12:39,ID4445,86,0.4379336931380108,0,2.0,0.0,361.0,10,17,complete,1,6795.65,817.6333333333333,1035.65,129.55,"{'Part_Desc_': 'Cable Head', 'Report_Type': 'D', 'Rework': 'missing', 'Work_Order_Qty': 200.0}",deviant
Case244,Round Grinding,2012-01-06 10:15:29,2012-01-06 18:55:50,2012-01-06 20:13:50,ID4528,84,0.4379336931380108,1,4.0,0.0,87.0,6,15,complete,1,6688.883333333333,898.4666666666667,928.8833333333333,159.6,"{'Part_Desc_': 'Cable Head', 'Report_Type': 'D', 'Rework': 'missing', 'Work_Order_Qty': 5.0}",regular
0_CF,Laser Marking,2012-01-06 11:05:30,2012-01-06 17:58:20,2012-01-06 20:15:26,ID0998,86,0.06090979182729375,0,1.0,0.0,1.0,12,16,complete,1,6765.766666666666,827.4666666666667,1005.7666666666667,137.1,"{'Part_Desc_': 'Barrel', 'Report_Type': 'S', 'Rework': 'missing', 'Work_Order_Qty': 1.0}",deviant
Case198,Turning & Milling,2012-01-05 22:37:11,2012-01-06 14:47:08,2012-01-06 20:17:08,ID4529,85,0.6491904394757132,6,1.0,0.0,1.0,3,1,complete,1,5874.766666666666,1399.8,114.76666666666667,131.96666666666667,"{'Part_Desc_': 'Cable Head', 'Report_Type': 'S', 'Rework': 'missing', 'Work_Order_Qty': 100.0}",regular
4_CF,Final Inspection Q.C.,2012-01-06 10:57:02,2012-01-06 18:47:04,2012-01-06 20:41:34,ID4163,85,0.2027756360832691,1,1.0,0.0,1.0,8,18,complete,1,6887.066666666667,600.5666666666667,1127.0666666666666,114.5,"{'Part_Desc_': 'Barrel', 'Report_Type': 'S', 'Rework': 'missing', 'Work_Order_Qty': 1.0}",deviant
Case178,other,2012-01-06 05:53:29,2012-01-06 11:48:42,2012-01-06 20:58:42,ID4355,81,0.0,0,2.0,0.0,299.0,11,11,complete,1,6468.7,1024.0333333333333,708.7,135.55,"{'Part_Desc_': 'Cable Head', 'Report_Type': 'D', 'Rework': 'missing', 'Work_Order_Qty': 250.0}",deviant
Case206,Final Inspection Q.C.,2012-01-06 08:42:21,2012-01-06 20:01:21,2012-01-06 21:16:21,ID4618,84,0.2027756360832691,1,6.0,0.0,100.0,7,14,complete,1,6636.483333333334,650.1333333333333,876.4833333333333,133.06666666666666,"{'Part_Desc_': 'Cutting Wheel', 'Report_Type': 'D', 'Rework': 'missing', 'Work_Order_Qty': 21.0}",regular
23_CF,Turning & Milling Q.C.,2012-01-06 13:40:41,2012-01-06 19:23:25,2012-01-06 21:16:47,ID4219,88,0.17424826522744796,0,1.0,0.0,1.0,5,19,complete,1,6923.416666666667,472.1666666666667,1163.4166666666667,113.36666666666666,"{'Part_Desc_': 'Barrel', 'Report_Type': 'S', 'Rework': 'missing', 'Work_Order_Qty': 1.0}",deviant
Case225,Lapping,2012-01-06 12:24:31,2012-01-06 20:14:06,2012-01-06 21:37:06,ID4882,86,0.12336160370084812,0,20.0,0.0,75.0,8,20,complete,1,6974.1,563.5833333333334,1214.1,132.08333333333334,"{'Part_Desc_': 'Cable Head', 'Report_Type': 'D', 'Rework': 'missing', 'Work_Order_Qty': 185.00000000000003}",deviant
Case269,Turning & Milling,2012-01-06 09:20:05,2012-01-06 17:57:38,2012-01-06 21:52:38,ID0997,84,0.6491904394757132,1,11.999999999999998,0.0,60.0,5,13,complete,1,6598.866666666667,969.9666666666667,838.8666666666667,122.3,"{'Part_Desc_': 'Ballnut', 'Report_Type': 'S', 'Rework': 'missing', 'Work_Order_Qty': 12.0}",regular
Case23,other,2012-01-06 17:37:22,2012-01-06 18:39:54,2012-01-06 21:55:54,ID4429,89,0.0,0,1.0,0.0,327.0,1,17,complete,1,6817.366666666667,6817.366666666667,1057.3666666666666,165.08333333333334,"{'Part_Desc_': 'Plug', 'Report_Type': 'S', 'Rework': 'missing', 'Work_Order_Qty': 13.0}",regular
Case265,Turning & Milling Q.C.,2012-01-06 10:14:05,2012-01-06 21:16:21,2012-01-06 22:31:21,ID4618,84,0.17424826522744796,0,8.0,0.0,75.0,6,15,complete,1,6689.616666666667,823.9333333333333,929.6166666666667,126.3,"{'Part_Desc_': 'O-Ring', 'Report_Type': 'S', 'Rework': 'missing', 'Work_Order_Qty': 9.0}",regular
1_CF,Turning & Milling,2012-01-06 13:26:27,2012-01-06 20:15:26,2012-01-06 22:33:45,ID0998,87,0.6491904394757132,0,1.0,0.0,1.0,10,18,complete,1,6887.566666666667,934.3333333333334,1127.5666666666666,138.31666666666666,"{'Part_Desc_': 'Barrel', 'Report_Type': 'S', 'Rework': 'missing', 'Work_Order_Qty': 1.0}",deviant
Case188,Round Grinding,2012-01-06 13:35:02,2012-01-06 20:28:31,2012-01-06 22:38:31,ID4445,88,0.4379336931380108,0,2.0,0.0,244.0,7,20,complete,1,6988.516666666666,3818.2,1228.5166666666667,125.73333333333333,"{'Part_Desc_': 'Punch Holder', 'Report_Type': 'D', 'Rework': 'missing', 'Work_Order_Qty': 350.0}",deviant
Case235,Turning & Milling,2012-01-06 05:33:43,2012-01-06 19:18:01,2012-01-06 22:40:01,ID4132,81,0.6491904394757132,3,1.0,0.0,330.0,4,9,complete,1,6338.316666666667,676.0833333333334,578.3166666666667,126.81666666666666,"{'Part_Desc_': 'Flange Bolt', 'Report_Type': 'S', 'Rework': 'missing', 'Work_Order_Qty': 13.0}",regular
Case238,Turning & Milling Q.C.,2012-01-06 15:14:39,2012-01-06 22:31:21,2012-01-06 23:10:21,ID4618,88,0.17424826522744796,2,54.0,0.0,643.0,10,22,complete,1,7086.683333333333,1991.0333333333333,1326.6833333333334,118.51666666666667,"{'Part_Desc_': 'Electrical Contact', 'Report_Type': 'S', 'Rework': 'missing', 'Work_Order_Qty': 320.0}",regular
15_CF,Flat Grinding,2012-01-06 14:06:08,2012-01-06 21:55:54,2012-01-06 23:46:50,ID4429,87,0.02467232074016962,0,1.0,0.0,1.0,6,20,complete,1,6974.4,1448.0666666666666,1214.4,110.93333333333334,"{'Part_Desc_': 'Barrel', 'Report_Type': 'S', 'Rework': 'missing', 'Work_Order_Qty': 1.0}",deviant
Case207,Turning & Milling,2012-01-06 02:47:03,2012-01-06 20:17:08,2012-01-06 23:47:08,ID4529,82,0.6491904394757132,5,56.0,0.0,60.00000000000001,5,8,complete,1,6255.333333333333,1313.9166666666667,495.3333333333333,115.21666666666667,"{'Part_Desc_': 'Flange', 'Report_Type': 'S', 'Rework': 'missing', 'Work_Order_Qty': 125.0}",regular
Case266,Turning & Milling,2012-01-04 01:59:29,2012-01-06 13:35:02,2012-01-07 00:26:02,ID4932,54,0.6491904394757132,14,131.0,0.0,230.00000000000003,3,6,complete,1,3256.9333333333334,371.45,376.93333333333334,133.2,"{'Part_Desc_': 'Cable Head', 'Report_Type': 'D', 'Rework': 'missing', 'Work_Order_Qty': 153.0}",regular
9_CF,Laser Marking,2012-01-06 10:31:50,2012-01-06 22:33:45,2012-01-07 00:31:12,ID0998,84,0.06090979182729375,0,1.0,0.0,1.0,7,19,complete,1,6945.033333333334,674.3333333333334,1185.0333333333333,117.45,"{'Part_Desc_': 'Barrel', 'Report_Type': 'S', 'Rework': 'missing', 'Work_Order_Qty': 1.0}",deviant
Case210,Turning & Milling,2012-01-05 09:10:11,2012-01-06 15:14:39,2012-01-07 01:33:39,ID4794,77,0.6491904394757132,4,21.0,0.0,234.00000000000003,5,13,complete,1,5154.783333333334,1076.85,834.7833333333333,139.48333333333332,"{'Part_Desc_': 'Spur Gear', 'Report_Type': 'D', 'Rework': 'missing', 'Work_Order_Qty': 85.0}",regular
Case200,other,2012-01-04 13:10:54,2012-01-07 00:26:02,2012-01-07 01:41:02,ID4932,63,0.0,15,1.0,0.0,28.0,1,13,complete,1,3670.9,3670.9,790.9,196.53333333333333,"{'Part_Desc_': 'Cable Head', 'Report_Type': 'D', 'Rework': 'missing', 'Work_Order_Qty': 50.0}",regular
Case185,Round Grinding,2012-01-06 15:18:54,2012-01-06 23:16:07,2012-01-07 01:45:07,ID4355,88,0.4379336931380108,0,7.0,0.0,60.0,14,23,complete,1,7156.116666666667,639.2166666666667,1396.1166666666666,122.01666666666667,"{'Part_Desc_': 'Cable Head', 'Report_Type': 'D', 'Rework': 'missing', 'Work_Order_Qty': 17.0}",deviant
Case245,Turning & Milling,2012-01-06 13:27:57,2012-01-06 17:01:52,2012-01-07 02:31:52,ID3846,88,0.6491904394757132,2,5.0,0.0,634.0,1,13,complete,1,6567.95,6567.95,807.95,157.4,"{'Part_Desc_': 'Cable Head', 'Report_Type': 'B', 'Rework': 'missing', 'Work_Order_Qty': 5.0}",deviant
Case249,Turning & Milling,2012-01-06 10:20:23,2012-01-06 21:52:38,2012-01-07 02:44:38,ID0997,84,0.6491904394757132,0,62.0,0.0,59.99999999999999,4,16,complete,1,6732.633333333333,400.25,972.6333333333333,109.01666666666667,"{'Part_Desc_': 'Ballnut', 'Report_Type': 'S', 'Rework': 'missing', 'Work_Order_Qty': 64.0}",regular
12_CF,Laser Marking,2012-01-06 13:41:37,2012-01-07 00:31:12,2012-01-07 02:48:40,ID0998,88,0.06090979182729375,0,1.0,0.0,1.0,7,21,complete,1,7064.95,614.2,1304.95,137.46666666666667,"{'Part_Desc_': 'Barrel', 'Report_Type': 'S', 'Rework': 'missing', 'Work_Order_Qty': 1.0}",deviant
Case201,Turning Q.C.,2012-01-06 16:03:56,2012-01-07 01:56:11,2012-01-07 02:57:11,ID4493,88,0,0,2.0,0.0,247.0,11,1,complete,1,7316.183333333333,663.25,116.18333333333334,131.53333333333333,"{'Part_Desc_': 'Wheel Shaft', 'Report_Type': 'D', 'Rework': 'missing', 'Work_Order_Qty': 20.0}",regular
Case25,Turning & Milling,2012-01-06 18:39:54,2012-01-06 23:46:50,2012-01-07 03:00:50,ID4429,90,0.6491904394757132,1,2.0,0.0,90.0,2,23,complete,1,7175.633333333333,528.7333333333333,1415.6333333333334,108.75,"{'Part_Desc_': 'Plug', 'Report_Type': 'S', 'Rework': 'missing', 'Work_Order_Qty': 13.0}",deviant
Case198,Turning & Milling,2012-01-06 20:17:08,2012-01-07 03:00:50,2012-01-07 03:01:50,ID4429,91,0.6491904394757132,1,1.0,0.0,1.0,4,1,complete,1,7279.283333333334,1404.5166666666667,79.28333333333333,125.63333333333334,"{'Part_Desc_': 'Cable Head', 'Report_Type': 'S', 'Rework': 'missing', 'Work_Order_Qty': 100.0}",regular
Case263,Final Inspection Q.C.,2012-01-06 17:58:20,2012-01-07 03:27:27,2012-01-07 03:27:27,ID4287,89,0.2027756360832691,0,18.0,0.0,31.000000000000004,14,3,complete,1,7407.45,664.9166666666666,207.45,126.81666666666666,"{'Part_Desc_': 'Compound Dies', 'Report_Type': 'S', 'Rework': 'missing', 'Work_Order_Qty': 18.0}",regular
Case277,Round Grinding,2012-01-06 11:12:29,2012-01-06 20:13:50,2012-01-07 03:56:50,ID4528,86,0.4379336931380108,0,1.0,0.0,31.0,9,16,complete,1,6742.65,943.0833333333334,982.65,135.28333333333333,"{'Part_Desc_': 'Cable Head', 'Report_Type': 'D', 'Rework': 'missing', 'Work_Order_Qty': 3.0}",regular
Case215,Lapping,2012-01-06 14:13:23,2012-01-07 02:48:40,2012-01-07 04:03:40,ID0998,87,0.12336160370084812,0,108.0,0.0,75.0,8,22,complete,1,7104.533333333334,638.15,1344.5333333333333,138.3,"{'Part_Desc_': 'Ballnut', 'Report_Type': 'S', 'Rework': 'missing', 'Work_Order_Qty': 108.00000000000001}",regular
Case46,Turning & Milling,2012-01-07 02:23:06,2012-01-07 03:01:50,2012-01-07 04:16:50,ID4429,97,0.6491904394757132,1,10.0,0.0,60.0,1,2,complete,1,7343.1,7343.1,143.1,184.01666666666668,"{'Part_Desc_': 'Ballnut', 'Report_Type': 'S', 'Rework': 'missing', 'Work_Order_Qty': 10.0}",regular
Case211,Final Inspection Q.C.,2012-01-06 19:35:21,2012-01-07 03:29:25,2012-01-07 04:44:25,ID4618,91,0.2027756360832691,3,67.0,0.0,60.00000000000001,7,3,complete,1,7409.416666666667,943.6166666666667,209.41666666666666,149.18333333333334,"{'Part_Desc_': 'Spur Gear', 'Report_Type': 'D', 'Rework': 'missing', 'Work_Order_Qty': 84.0}",regular
Case187,Lapping,2012-01-06 20:12:39,2012-01-07 04:04:28,2012-01-07 04:47:28,ID4882,91,0.12336160370084812,0,2.0,0.0,361.0,11,4,complete,1,7444.466666666666,648.8166666666667,244.46666666666667,131.16666666666666,"{'Part_Desc_': 'Cable Head', 'Report_Type': 'D', 'Rework': 'missing', 'Work_Order_Qty': 200.0}",deviant
Case244,Final Inspection Q.C.,2012-01-06 20:13:50,2012-01-07 03:34:32,2012-01-07 05:14:32,ID4287,91,0.2027756360832691,0,4.0,0.0,87.0,7,3,complete,1,7414.533333333334,725.65,214.53333333333333,137.2,"{'Part_Desc_': 'Cable Head', 'Report_Type': 'D', 'Rework': 'missing', 'Work_Order_Qty': 5.0}",regular
Case231,Round Grinding,2012-01-06 18:55:50,2012-01-07 02:13:26,2012-01-07 05:21:26,ID4163,90,0.4379336931380108,0,2.0,0.0,30.0,6,2,complete,1,7333.433333333333,806.9666666666667,133.43333333333334,140.71666666666667,"{'Part_Desc_': 'Cable Head', 'Report_Type': 'D', 'Rework': 'missing', 'Work_Order_Qty': 20.0}",regular
Case200,Grinding Rework,2012-01-07 01:41:02,2012-01-07 04:12:59,2012-01-07 05:26:59,ID4872,96,0.01233616037008481,0,1.0,0.0,28.0,2,4,complete,1,7452.983333333334,3782.0833333333335,252.98333333333332,159.2,"{'Part_Desc_': 'Cable Head', 'Report_Type': 'D', 'Rework': 'missing', 'Work_Order_Qty': 50.0}",regular
Case243,Turning & Milling,2012-01-05 14:31:12,2012-01-07 01:33:39,2012-01-07 05:31:39,ID4794,80,0.6491904394757132,4,9.0,0.0,338.0,1,14,complete,1,5191.2,5191.2,871.2,190.58333333333334,"{'Part_Desc_': 'Spur Gear', 'Report_Type': 'S', 'Rework': 'missing', 'Work_Order_Qty': 10.0}",regular
Case259,Turning & Milling,2012-01-06 06:22:53,2012-01-06 22:40:01,2012-01-07 05:50:01,ID4132,82,0.6491904394757132,2,185.0,0.0,1.0,3,11,complete,1,6475.616666666667,387.73333333333335,715.6166666666667,119.91666666666667,"{'Part_Desc_': 'Drill', 'Report_Type': 'S', 'Rework': 'missing', 'Work_Order_Qty': 325.0}",regular
Case223,Turning & Milling,2012-01-06 18:12:47,2012-01-07 02:44:38,2012-01-07 05:54:38,ID0997,90,0.6491904394757132,1,18.0,0.0,49.99999999999999,1,18,complete,1,6852.783333333334,6852.783333333334,1092.7833333333333,184.31666666666666,"{'Part_Desc_': 'Ballnut', 'Report_Type': 'S', 'Rework': 'missing', 'Work_Order_Qty': 29.999999999999996}",deviant
Case251,Turning & Milling,2012-01-04 12:41:55,2012-01-07 01:41:02,2012-01-07 06:19:02,ID4932,63,0.6491904394757132,16,5.0,0.0,15.0,2,15,complete,1,3828.5833333333335,257.6666666666667,948.5833333333334,155.36666666666667,"{'Part_Desc_': 'Cable Head', 'Report_Type': 'S', 'Rework': 'missing', 'Work_Order_Qty': 5.0}",deviant
Case269,Turning & Milling Q.C.,2012-01-06 21:52:38,2012-01-07 05:14:32,2012-01-07 06:27:32,ID4287,92,0.17424826522744796,0,11.999999999999998,0.0,60.0,6,4,complete,1,7485.25,886.3833333333333,285.25,124.15,"{'Part_Desc_': 'Ballnut', 'Report_Type': 'S', 'Rework': 'missing', 'Work_Order_Qty': 12.0}",regular
Case23,other,2012-01-06 21:55:54,2012-01-07 02:39:36,2012-01-07 06:42:36,ID4167,92,0.0,0,1.0,0.0,327.0,2,2,complete,1,7359.6,542.2333333333333,159.6,125.26666666666667,"{'Part_Desc_': 'Plug', 'Report_Type': 'S', 'Rework': 'missing', 'Work_Order_Qty': 13.0}",regular
23_CF,Flat Grinding,2012-01-06 21:16:47,2012-01-07 05:03:01,2012-01-07 06:53:00,ID4219,91,0.02467232074016962,0,1.0,0.0,1.0,6,5,complete,1,7503.016666666666,579.6,303.01666666666665,109.98333333333333,"{'Part_Desc_': 'Barrel', 'Report_Type': 'S', 'Rework': 'missing', 'Work_Order_Qty': 1.0}",deviant
Case248,Flat Grinding,2012-01-06 17:18:20,2012-01-07 04:03:40,2012-01-07 07:02:40,ID0998,88,0.02467232074016962,2,22.0,0.0,279.0,8,3,complete,1,7434.833333333333,711.5,234.83333333333334,140.9,"{'Part_Desc_': 'Housing', 'Report_Type': 'S', 'Rework': 'missing', 'Work_Order_Qty': 24.0}",regular
Case210,Turning & Milling Q.C.,2012-01-07 01:33:39,2012-01-07 06:46:02,2012-01-07 07:27:02,ID4618,96,0.17424826522744796,0,21.0,0.0,234.00000000000003,6,6,complete,1,7606.033333333334,2451.25,406.03333333333336,133.38333333333333,"{'Part_Desc_': 'Spur Gear', 'Report_Type': 'D', 'Rework': 'missing', 'Work_Order_Qty': 85.0}",regular
Case272,Turning & Milling,2012-01-06 21:22:09,2012-01-07 02:31:52,2012-01-07 07:33:52,ID3846,92,0.6491904394757132,0,3.0,0.0,20.0,1,21,complete,1,7042.15,7042.15,1282.15,189.21666666666667,"{'Part_Desc_': 'Spur Gear', 'Report_Type': 'S', 'Rework': 'missing', 'Work_Order_Qty': 20.0}",regular
4_CF,Final Inspection Q.C.,2012-01-06 20:41:34,2012-01-07 05:44:41,2012-01-07 07:40:02,ID4163,91,0.2027756360832691,0,1.0,0.0,1.0,9,5,complete,1,7544.683333333333,657.6166666666667,344.68333333333334,115.35,"{'Part_Desc_': 'Barrel', 'Report_Type': 'S', 'Rework': 'missing', 'Work_Order_Qty': 1.0}",deviant
Case273,Turning & Milling,2012-01-06 15:10:52,2012-01-07 05:50:01,2012-01-07 07:42:01,ID4132,88,0.6491904394757132,3,1.0,0.0,189.0,2,20,complete,1,6964.166666666667,703.3,1204.1666666666667,121.58333333333333,"{'Part_Desc_': 'Spur Gear', 'Report_Type': 'S', 'Rework': 'missing', 'Work_Order_Qty': 12.0}",regular
8_CF,Turning & Milling,2012-01-06 13:20:50,2012-01-07 05:54:38,2012-01-07 07:55:33,ID0997,87,0.6491904394757132,2,1.0,0.0,113.99999764561653,2,18,complete,1,6858.283333333334,464.21666666666664,1098.2833333333333,120.91666666666667,"{'Part_Desc_': 'Ballnut', 'Report_Type': 'S', 'Rework': 'missing', 'Work_Order_Qty': 12.000000308267774}",deviant
Case230,Turning & Milling,2012-01-05 11:28:11,2012-01-07 05:31:39,2012-01-07 08:27:39,ID4794,77,0.6491904394757132,4,15.000000000000002,5.0,230.0,3,15,complete,1,5225.033333333334,1214.0,905.0333333333333,148.33333333333334,"{'Part_Desc_': 'Spur Gear', 'Report_Type': 'B', 'Rework': 'missing', 'Work_Order_Qty': 105.00000000000001}",regular
Case178,other,2012-01-06 20:58:42,2012-01-07 04:33:16,2012-01-07 08:34:16,ID4355,91,0.0,0,2.0,0.0,299.0,12,4,complete,1,7473.266666666666,1004.5666666666667,273.26666666666665,135.7,"{'Part_Desc_': 'Cable Head', 'Report_Type': 'D', 'Rework': 'missing', 'Work_Order_Qty': 250.0}",deviant
Case245,Turning & Milling Q.C.,2012-01-07 02:31:52,2012-01-07 07:40:02,2012-01-07 08:54:02,ID4163,97,0.17424826522744796,0,5.0,0.0,634.0,2,5,complete,1,7551.716666666666,983.7666666666667,351.71666666666664,124.13333333333334,"{'Part_Desc_': 'Cable Head', 'Report_Type': 'B', 'Rework': 'missing', 'Work_Order_Qty': 5.0}",deviant
0_CF,Lapping,2012-01-06 20:15:26,2012-01-07 07:02:40,2012-01-07 09:15:18,ID0998,91,0.12336160370084812,2,1.0,0.0,1.0,13,3,complete,1,7435.6,669.8333333333334,235.6,132.63333333333333,"{'Part_Desc_': 'Barrel', 'Report_Type': 'S', 'Rework': 'missing', 'Work_Order_Qty': 1.0}",deviant
Case200,Final Inspection Q.C.,2012-01-07 05:26:59,2012-01-07 09:10:50,2012-01-07 09:38:50,ID4493,97,0.2027756360832691,0,1.0,0.0,28.0,3,9,complete,1,7750.833333333333,297.85,550.8333333333334,135.1,"{'Part_Desc_': 'Cable Head', 'Report_Type': 'D', 'Rework': 'missing', 'Work_Order_Qty': 50.0}",regular
Case194,Turning & Milling,2012-01-06 18:41:01,2012-01-07 00:10:39,2012-01-07 09:49:39,ID4641,90,0.6491904394757132,0,1.0,0.0,538.0,6,0,complete,1,7210.65,1327.2,10.65,141.28333333333333,"{'Part_Desc_': 'Socket', 'Report_Type': 'S', 'Rework': 'missing', 'Work_Order_Qty': 40.0}",regular
17_CF,Turning & Milling,2012-01-06 16:03:38,2012-01-07 07:55:33,2012-01-07 09:55:11,ID0997,88,0.6491904394757132,2,1.0,0.0,113.99999764561653,2,20,complete,1,7015.4,595.05,1255.4,119.63333333333334,"{'Part_Desc_': 'Ballnut', 'Report_Type': 'S', 'Rework': 'missing', 'Work_Order_Qty': 12.000000308267774}",deviant
Case188,Round Grinding,2012-01-06 22:38:31,2012-01-07 06:30:54,2012-01-07 09:55:54,ID4445,92,0.4379336931380108,0,2.0,0.0,244.0,8,6,complete,1,7590.9,602.3833333333333,390.9,118.31666666666666,"{'Part_Desc_': 'Punch Holder', 'Report_Type': 'D', 'Rework': 'missing', 'Work_Order_Qty': 350.0}",deviant
Case155,Laser Marking,2012-01-06 19:59:57,2012-01-07 09:15:18,2012-01-07 10:00:18,ID0998,91,0.06090979182729375,2,48.0,0.0,60.0,8,5,complete,1,7507.1,568.15,307.1,128.76666666666668,"{'Part_Desc_': 'Ballnut', 'Report_Type': 'S', 'Rework': 'missing', 'Work_Order_Qty': 48.0}",regular
Case265,Laser Marking,2012-01-06 22:31:21,2012-01-07 10:00:18,2012-01-07 10:16:18,ID0998,92,0.06090979182729375,3,8.0,0.0,75.0,7,5,complete,1,7513.3,823.6833333333333,313.3,129.2,"{'Part_Desc_': 'O-Ring', 'Report_Type': 'S', 'Rework': 'missing', 'Work_Order_Qty': 9.0}",regular
Case250,Milling,2012-01-04 13:09:30,2012-01-07 06:19:02,2012-01-07 10:19:02,ID4932,62,0,16,32.0,0.0,60.0,2,16,complete,1,3856.266666666667,2395.1,976.2666666666667,164.68333333333334,"{'Part_Desc_': 'Barrel', 'Report_Type': 'S', 'Rework': 'missing', 'Work_Order_Qty': 32.0}",regular
Case225,Round Grinding,2012-01-06 21:37:06,2012-01-07 09:55:54,2012-01-07 10:24:54,ID4445,92,0.4379336931380108,0,20.0,0.0,75.0,9,6,complete,1,7613.033333333334,638.9333333333333,413.03333333333336,126.63333333333334,"{'Part_Desc_': 'Cable Head', 'Report_Type': 'D', 'Rework': 'missing', 'Work_Order_Qty': 185.00000000000003}",deviant
21_CF,Turning & Milling,2012-01-05 14:17:43,2012-01-07 08:27:39,2012-01-07 10:56:28,ID4794,79,0.6491904394757132,4,1.0,0.0,1.0,4,15,complete,1,5247.15,380.71666666666664,927.15,148.81666666666666,"{'Part_Desc_': 'Barrel', 'Report_Type': 'S', 'Rework': 'missing', 'Work_Order_Qty': 1.0}",deviant
1_CF,Packing,2012-01-06 22:33:45,2012-01-07 08:54:02,2012-01-07 11:01:25,ID4163,92,0.03932151117964534,0,1.0,0.0,1.0,11,6,complete,1,7573.933333333333,686.3666666666667,373.93333333333334,127.38333333333334,"{'Part_Desc_': 'Barrel', 'Report_Type': 'S', 'Rework': 'missing', 'Work_Order_Qty': 1.0}",deviant
15_CF,Laser Marking,2012-01-06 23:46:50,2012-01-07 10:16:18,2012-01-07 12:15:44,ID0998,94,0.06090979182729375,2,1.0,0.0,1.0,7,7,complete,1,7656.666666666667,682.2666666666667,456.6666666666667,119.43333333333334,"{'Part_Desc_': 'Barrel', 'Report_Type': 'S', 'Rework': 'missing', 'Work_Order_Qty': 1.0}",deviant
Case277,Packing,2012-01-07 03:56:50,2012-01-07 11:41:31,2012-01-07 12:41:31,ID4491,96,0.03932151117964534,0,1.0,0.0,31.0,10,11,complete,1,7901.516666666666,1158.8666666666666,701.5166666666667,135.31666666666666,"{'Part_Desc_': 'Cable Head', 'Report_Type': 'D', 'Rework': 'missing', 'Work_Order_Qty': 3.0}",regular
Case266,Turning & Milling,2012-01-07 00:26:02,2012-01-07 05:39:21,2012-01-07 12:50:21,ID4429,95,0.6491904394757132,0,131.0,0.0,230.00000000000003,4,5,complete,1,7539.35,4282.416666666667,339.35,125.65,"{'Part_Desc_': 'Cable Head', 'Report_Type': 'D', 'Rework': 'missing', 'Work_Order_Qty': 153.0}",regular
2_CF,Milling,2012-01-04 16:40:47,2012-01-07 10:19:02,2012-01-07 12:50:33,ID4932,65,0,18,1.0,0.0,509.9999874830246,2,19,complete,1,4059.1,2519.25,1179.1,151.51666666666668,"{'Part_Desc_': 'Barrel', 'Report_Type': 'S', 'Rework': 'missing', 'Work_Order_Qty': 31.999999225139618}",deviant
9_CF,Final Inspection Q.C.,2012-01-07 00:31:12,2012-01-07 11:01:25,2012-01-07 12:58:45,ID4163,95,0.2027756360832691,0,1.0,0.0,1.0,8,9,complete,1,7777.316666666667,832.2833333333333,577.3166666666667,117.33333333333333,"{'Part_Desc_': 'Barrel', 'Report_Type': 'S', 'Rework': 'missing', 'Work_Order_Qty': 1.0}",deviant
Case11,Turning & Milling,2012-01-06 14:20:46,2012-01-07 07:42:01,2012-01-07 13:12:01,ID4132,87,0.6491904394757132,3,97.0,0.0,178.0,5,21,complete,1,7040.716666666666,811.95,1280.7166666666667,125.01666666666667,"{'Part_Desc_': 'Spur Gear', 'Report_Type': 'S', 'Rework': 'missing', 'Work_Order_Qty': 100.0}",regular
Case230,Turning & Milling Q.C.,2012-01-07 08:27:39,2012-01-07 13:08:15,2012-01-07 13:19:15,ID4618,99,0.17424826522744796,0,15.000000000000002,5.0,230.0,4,13,complete,1,7988.25,2763.2166666666667,788.25,140.96666666666667,"{'Part_Desc_': 'Spur Gear', 'Report_Type': 'B', 'Rework': 'missing', 'Work_Order_Qty': 105.00000000000001}",regular
Case185,Round Grinding,2012-01-07 01:45:07,2012-01-07 11:25:36,2012-01-07 13:20:36,ID4355,96,0.4379336931380108,0,7.0,0.0,60.0,15,11,complete,1,7885.6,729.4833333333333,685.6,113.66666666666667,"{'Part_Desc_': 'Cable Head', 'Report_Type': 'D', 'Rework': 'missing', 'Work_Order_Qty': 17.0}",deviant
Case258,Turning & Milling,2012-01-05 18:04:59,2012-01-07 10:56:28,2012-01-07 14:40:28,ID4794,84,0.6491904394757132,6,1.0,0.0,309.0,1,18,complete,1,5404.983333333334,5404.983333333334,1084.9833333333333,174.3,"{'Part_Desc_': 'Ballnut', 'Report_Type': 'S', 'Rework': 'missing', 'Work_Order_Qty': 50.0}",regular
Case263,Round Grinding,2012-01-07 03:27:27,2012-01-07 14:08:03,2012-01-07 15:10:03,ID4872,96,0.4379336931380108,0,18.0,0.0,31.000000000000004,15,14,complete,1,8048.05,640.6,848.05,116.48333333333333,"{'Part_Desc_': 'Compound Dies', 'Report_Type': 'S', 'Rework': 'missing', 'Work_Order_Qty': 18.0}",regular
12_CF,Final Inspection Q.C.,2012-01-07 02:48:40,2012-01-07 12:58:45,2012-01-07 15:12:43,ID4163,97,0.2027756360832691,0,1.0,0.0,1.0,8,11,complete,1,7887.116666666667,822.1666666666666,687.1166666666667,133.96666666666667,"{'Part_Desc_': 'Barrel', 'Report_Type': 'S', 'Rework': 'missing', 'Work_Order_Qty': 1.0}",deviant
Case234,Turning Q.C.,2012-01-07 14:32:53,2012-01-07 14:32:53,2012-01-07 15:21:53,ID4287,102,0,0,1.0,0.0,49.0,1,14,complete,1,8072.883333333333,8072.883333333333,872.8833333333333,179.76666666666668,"{'Part_Desc_': 'other', 'Report_Type': 'D', 'Rework': 'missing', 'Work_Order_Qty': 59.99999999999999}",regular
Case211,Packing,2012-01-07 04:44:25,2012-01-07 14:24:31,2012-01-07 15:24:31,ID4820,96,0.03932151117964534,0,67.0,0.0,60.00000000000001,8,14,complete,1,8064.516666666666,655.1,864.5166666666667,139.93333333333334,"{'Part_Desc_': 'Spur Gear', 'Report_Type': 'D', 'Rework': 'missing', 'Work_Order_Qty': 84.0}",regular
Case215,Laser Marking,2012-01-07 04:03:40,2012-01-07 14:12:46,2012-01-07 15:27:46,ID0998,96,0.06090979182729375,2,108.0,0.0,75.0,9,14,complete,1,8052.766666666666,948.2333333333333,852.7666666666667,136.1,"{'Part_Desc_': 'Ballnut', 'Report_Type': 'S', 'Rework': 'missing', 'Work_Order_Qty': 108.00000000000001}",regular
Case201,Turning & Milling Q.C.,2012-01-07 02:57:11,2012-01-07 13:50:09,2012-01-07 16:00:09,ID4493,97,0.17424826522744796,0,2.0,0.0,247.0,12,13,complete,1,8030.15,713.9666666666667,830.15,122.65,"{'Part_Desc_': 'Wheel Shaft', 'Report_Type': 'D', 'Rework': 'missing', 'Work_Order_Qty': 20.0}",regular
Case244,Round Grinding,2012-01-07 05:14:32,2012-01-07 14:37:09,2012-01-07 16:04:09,ID4528,97,0.4379336931380108,0,4.0,0.0,87.0,8,14,complete,1,8077.15,662.6166666666667,877.15,127.66666666666667,"{'Part_Desc_': 'Cable Head', 'Report_Type': 'D', 'Rework': 'missing', 'Work_Order_Qty': 5.0}",regular
Case13,Turning,2012-01-06 17:01:52,2012-01-07 13:12:01,2012-01-07 16:12:01,ID4132,88,0,3,20.0,0.0,75.0,3,0,complete,1,7244.95,768.6666666666666,44.95,112.0,"{'Part_Desc_': 'Spur Gear', 'Report_Type': 'S', 'Rework': 'missing', 'Work_Order_Qty': 20.0}",regular
Case22,Turning & Milling,2012-01-06 18:22:26,2012-01-07 07:33:52,2012-01-07 16:29:52,ID3846,90,0.6491904394757132,0,1.0,0.0,360.0,2,23,complete,1,7151.45,409.01666666666665,1391.45,117.93333333333334,"{'Part_Desc_': 'Ballnut', 'Report_Type': 'D', 'Rework': 'missing', 'Work_Order_Qty': 5.0}",regular
Case229,Turning & Milling,2012-01-06 17:21:23,2012-01-07 09:55:11,2012-01-07 16:52:11,ID0997,88,0.6491904394757132,2,24.0,0.0,60.0,2,22,complete,1,7110.316666666667,405.93333333333334,1350.3166666666666,120.05,"{'Part_Desc_': 'Ballnut', 'Report_Type': 'S', 'Rework': 'missing', 'Work_Order_Qty': 24.0}",regular
Case26,Turning & Milling,2012-01-06 06:04:10,2012-01-07 14:40:28,2012-01-07 17:07:28,ID4794,81,0.6491904394757132,5,12.0,0.0,296.0,2,11,complete,1,6438.333333333333,354.1666666666667,678.3333333333334,121.71666666666667,"{'Part_Desc_': 'Plug', 'Report_Type': 'S', 'Rework': 'missing', 'Work_Order_Qty': 13.0}",regular
Case3,Turning & Milling,2012-01-07 04:56:19,2012-01-07 06:42:36,2012-01-07 17:17:36,ID4167,97,0.6491904394757132,0,10.0,0.0,60.0,1,4,complete,1,7496.316666666667,7496.316666666667,296.31666666666666,174.75,"{'Part_Desc_': 'Cable Head', 'Report_Type': 'S', 'Rework': 'missing', 'Work_Order_Qty': 10.0}",regular
Case233,other,2012-01-04 17:43:01,2012-01-07 12:50:33,2012-01-07 17:20:33,ID4932,66,0.0,17,9.0,0.0,270.0,4,23,complete,1,4260.1,902.4166666666666,1380.1,132.26666666666668,"{'Part_Desc_': 'Ballnut', 'Report_Type': 'D', 'Rework': 'missing', 'Work_Order_Qty': 24.0}",regular
Case25,Turning & Milling,2012-01-07 03:00:50,2012-01-07 12:50:21,2012-01-07 17:37:21,ID4429,97,0.6491904394757132,2,2.0,0.0,90.0,3,8,complete,1,7728.733333333334,553.1,528.7333333333333,100.6,"{'Part_Desc_': 'Plug', 'Report_Type': 'S', 'Rework': 'missing', 'Work_Order_Qty': 13.0}",deviant
Case267,Turning & Milling,2012-01-06 12:42:05,2012-01-06 23:47:08,2012-01-07 17:47:08,ID4529,87,0.6491904394757132,3,9.0,0.0,193.00000000000003,6,19,complete,1,6902.183333333333,698.1,1142.1833333333334,105.13333333333334,"{'Part_Desc_': 'Punch Holder', 'Report_Type': 'S', 'Rework': 'missing', 'Work_Order_Qty': 350.0}",deviant
Case187,Round Grinding,2012-01-07 04:47:28,2012-01-07 14:27:02,2012-01-07 18:15:02,ID4445,96,0.4379336931380108,0,2.0,0.0,361.0,12,14,complete,1,8067.033333333334,622.5666666666667,867.0333333333333,133.51666666666668,"{'Part_Desc_': 'Cable Head', 'Report_Type': 'D', 'Rework': 'missing', 'Work_Order_Qty': 200.0}",deviant
Case20,Turning & Milling,2012-01-06 10:43:21,2012-01-07 17:07:28,2012-01-07 18:17:28,ID4794,85,0.6491904394757132,5,2.0,0.0,17.0,4,16,complete,1,6765.633333333333,569.4166666666666,1005.6333333333333,116.43333333333334,"{'Part_Desc_': 'Punch Plate', 'Report_Type': 'S', 'Rework': 'missing', 'Work_Order_Qty': 170.0}",deviant
23_CF,Laser Marking,2012-01-07 06:53:00,2012-01-07 16:35:06,2012-01-07 18:21:29,ID0998,97,0.06090979182729375,3,1.0,0.0,1.0,7,16,complete,1,8195.1,692.0833333333334,995.1,106.38333333333334,"{'Part_Desc_': 'Barrel', 'Report_Type': 'S', 'Rework': 'missing', 'Work_Order_Qty': 1.0}",deviant
Case74,Packing,2012-01-07 17:24:26,2012-01-07 17:24:26,2012-01-07 18:24:26,ID4820,102,0.03932151117964534,0,3.0000000000000004,0.0,75.0,1,17,complete,1,8244.433333333332,8244.433333333332,1044.4333333333334,183.91666666666666,"{'Part_Desc_': 'Ballnut', 'Report_Type': 'D', 'Rework': 'missing', 'Work_Order_Qty': 3.0}",regular
Case252,Turning & Milling,2012-01-06 19:23:19,2012-01-07 18:17:28,2012-01-07 18:30:28,ID4794,91,0.6491904394757132,6,12.0,0.0,60.0,1,19,complete,1,6923.316666666667,6923.316666666667,1163.3166666666666,170.36666666666667,"{'Part_Desc_': 'Ballnut', 'Report_Type': 'S', 'Rework': 'missing', 'Work_Order_Qty': 12.0}",regular
Case194,Turning & Milling Q.C.,2012-01-07 09:49:39,2012-01-07 17:30:06,2012-01-07 19:00:06,ID4287,99,0.17424826522744796,0,1.0,0.0,538.0,7,17,complete,1,8250.1,1039.45,1050.1,130.28333333333333,"{'Part_Desc_': 'Socket', 'Report_Type': 'S', 'Rework': 'missing', 'Work_Order_Qty': 40.0}",regular
4_CF,Turning & Milling,2012-01-07 07:40:02,2012-01-07 17:36:00,2012-01-07 19:24:56,ID4882,99,0.6491904394757132,0,1.0,0.0,1.0,10,17,complete,1,8256.0,711.3166666666667,1056.0,108.93333333333334,"{'Part_Desc_': 'Barrel', 'Report_Type': 'S', 'Rework': 'missing', 'Work_Order_Qty': 1.0}",deviant
Case260,Turning & Milling,2012-01-06 14:47:08,2012-01-07 18:30:28,2012-01-07 19:35:28,ID4794,88,0.6491904394757132,6,18.0,0.0,241.00000000000003,4,20,complete,1,6971.333333333333,1404.2,1211.3333333333333,127.95,"{'Part_Desc_': 'Ballnut', 'Report_Type': 'S', 'Rework': 'missing', 'Work_Order_Qty': 315.0}",regular
3_CF,Milling,2012-01-04 22:07:40,2012-01-07 17:20:33,2012-01-07 19:39:18,ID4932,69,0,17,1.0,0.0,509.9999874830246,2,0,complete,1,4377.966666666666,2773.483333333333,57.96666666666667,138.75,"{'Part_Desc_': 'Barrel', 'Report_Type': 'S', 'Rework': 'missing', 'Work_Order_Qty': 31.999999225139618}",deviant
Case208,Turning & Milling,2012-01-06 16:36:52,2012-01-07 09:49:39,2012-01-07 19:45:39,ID4641,89,0.6491904394757132,0,2.0,0.0,132.0,7,0,complete,1,7220.783333333334,785.7833333333333,20.783333333333335,129.08333333333334,"{'Part_Desc_': 'Cable Head', 'Report_Type': 'S', 'Rework': 'missing', 'Work_Order_Qty': 13.0}",regular
Case27,Turning & Milling,2012-01-06 17:57:38,2012-01-07 16:52:11,2012-01-07 19:52:11,ID0997,89,0.6491904394757132,2,12.0,0.0,158.0,2,22,complete,1,7123.75,602.2,1363.75,113.2,"{'Part_Desc_': 'Ballnut', 'Report_Type': 'S', 'Rework': 'missing', 'Work_Order_Qty': 12.0}",regular
Case10,Turning & Milling,2012-01-06 19:18:01,2012-01-07 16:12:01,2012-01-07 19:54:01,ID4132,90,0.6491904394757132,2,100.0,0.0,150.0,4,1,complete,1,7287.383333333333,1337.3333333333333,87.38333333333334,128.86666666666667,"{'Part_Desc_': 'Spur Gear', 'Report_Type': 'S', 'Rework': 'missing', 'Work_Order_Qty': 251.0}",regular
Case265,Lapping,2012-01-07 10:16:18,2012-01-07 18:51:48,2012-01-07 20:00:48,ID0998,99,0.12336160370084812,1,8.0,0.0,75.0,8,18,complete,1,8331.8,818.5,1131.8,120.15,"{'Part_Desc_': 'O-Ring', 'Report_Type': 'S', 'Rework': 'missing', 'Work_Order_Qty': 9.0}",regular
Case41,Turning & Milling,2012-01-06 23:38:10,2012-01-07 16:29:52,2012-01-07 20:14:52,ID3846,94,0.6491904394757132,2,20.0,0.0,263.0,1,23,complete,1,7178.166666666667,7178.166666666667,1418.1666666666667,168.18333333333334,"{'Part_Desc_': 'Spur Gear', 'Report_Type': 'S', 'Rework': 'missing', 'Work_Order_Qty': 20.0}",regular
Case175,Round Grinding,2012-01-07 19:54:46,2012-01-07 19:54:46,2012-01-07 20:24:46,ID4287,103,0.4379336931380108,0,1.0,0.0,30.000000000000004,1,19,complete,1,8394.766666666666,8394.766666666666,1194.7666666666667,172.73333333333332,"{'Part_Desc_': 'Spinner', 'Report_Type': 'D', 'Rework': 'missing', 'Work_Order_Qty': 53.0}",regular
0_CF,Turning & Milling Q.C.,2012-01-07 09:15:18,2012-01-07 18:24:26,2012-01-07 20:28:19,ID4820,99,0.17424826522744796,0,1.0,0.0,1.0,14,18,complete,1,8293.016666666666,857.4166666666666,1093.0166666666667,123.88333333333334,"{'Part_Desc_': 'Barrel', 'Report_Type': 'S', 'Rework': 'missing', 'Work_Order_Qty': 1.0}",deviant
Case239,Turning & Milling,2012-01-06 20:01:21,2012-01-07 17:47:08,2012-01-07 20:55:08,ID4529,91,0.6491904394757132,2,16.0,0.0,60.0,4,3,complete,1,7430.866666666667,837.35,230.86666666666667,112.7,"{'Part_Desc_': 'Ballnut', 'Report_Type': 'S', 'Rework': 'missing', 'Work_Order_Qty': 16.0}",regular
Case74,Final Inspection Q.C.,2012-01-07 18:24:26,2012-01-07 20:24:46,2012-01-07 21:00:46,ID4287,102,0.2027756360832691,0,3.0000000000000004,0.0,75.0,2,20,complete,1,8413.933333333332,169.5,1213.9333333333334,126.46666666666667,"{'Part_Desc_': 'Ballnut', 'Report_Type': 'D', 'Rework': 'missing', 'Work_Order_Qty': 3.0}",regular
Case250,Final Inspection Q.C.,2012-01-07 10:19:02,2012-01-07 15:12:43,2012-01-07 21:02:43,ID4163,99,0.2027756360832691,1,32.0,0.0,60.0,3,14,complete,1,8046.25,4189.983333333334,846.25,143.25,"{'Part_Desc_': 'Barrel', 'Report_Type': 'S', 'Rework': 'missing', 'Work_Order_Qty': 32.0}",regular
Case248,Lapping,2012-01-07 07:02:40,2012-01-07 19:24:56,2012-01-07 21:11:56,ID4882,98,0.12336160370084812,0,22.0,0.0,279.0,9,18,complete,1,8326.65,891.8166666666667,1126.65,130.28333333333333,"{'Part_Desc_': 'Housing', 'Report_Type': 'S', 'Rework': 'missing', 'Work_Order_Qty': 24.0}",regular
Case192,other,2012-01-05 01:45:28,2012-01-07 19:39:18,2012-01-07 21:39:18,ID4932,72,0.0,17,60.0,0.0,139.0,1,1,complete,1,4425.466666666666,4425.466666666666,105.46666666666667,172.73333333333332,"{'Part_Desc_': 'Piston', 'Report_Type': 'D', 'Rework': 'missing', 'Work_Order_Qty': 200.0}",deviant
Case178,Grinding Rework,2012-01-07 08:34:16,2012-01-07 18:01:50,2012-01-07 21:44:50,ID4872,99,0.01233616037008481,0,2.0,0.0,299.0,13,18,complete,1,8281.833333333334,808.5666666666667,1081.8333333333333,137.81666666666666,"{'Part_Desc_': 'Cable Head', 'Report_Type': 'D', 'Rework': 'missing', 'Work_Order_Qty': 250.0}",deviant
1_CF,Laser Marking,2012-01-07 11:01:25,2012-01-07 20:22:12,2012-01-07 22:19:25,ID0998,99,0.06090979182729375,0,1.0,0.0,1.0,12,20,complete,1,8422.2,848.2666666666667,1222.2,117.21666666666667,"{'Part_Desc_': 'Barrel', 'Report_Type': 'S', 'Rework': 'missing', 'Work_Order_Qty': 1.0}",deviant
Case155,Lapping,2012-01-07 10:00:18,2012-01-07 21:11:56,2012-01-07 22:29:56,ID4882,99,0.12336160370084812,0,48.0,0.0,60.0,9,19,complete,1,8364.083333333334,856.9833333333333,1164.0833333333333,123.18333333333334,"{'Part_Desc_': 'Ballnut', 'Report_Type': 'S', 'Rework': 'missing', 'Work_Order_Qty': 48.0}",regular
Case277,Round Grinding,2012-01-07 12:41:31,2012-01-07 20:29:07,2012-01-07 22:41:07,ID4528,100,0.4379336931380108,0,1.0,0.0,31.0,11,20,complete,1,8429.116666666667,527.6,1229.1166666666666,125.11666666666666,"{'Part_Desc_': 'Cable Head', 'Report_Type': 'D', 'Rework': 'missing', 'Work_Order_Qty': 3.0}",regular
Case32,Turning & Milling,2012-01-06 22:53:43,2012-01-07 19:35:28,2012-01-07 23:28:28,ID4794,93,0.6491904394757132,8,20.0,5.0,1072.0,1,22,complete,1,7133.716666666666,7133.716666666666,1373.7166666666667,168.96666666666667,"{'Part_Desc_': 'Housing', 'Report_Type': 'S', 'Rework': 'missing', 'Work_Order_Qty': 400.0}",regular
Case192,Turning & Milling Q.C.,2012-01-07 21:39:18,2012-01-07 22:35:38,2012-01-07 23:36:38,ID4287,103,0.17424826522744796,0,60.0,0.0,139.0,2,22,complete,1,8555.633333333333,4130.166666666667,1355.6333333333334,123.7,"{'Part_Desc_': 'Piston', 'Report_Type': 'D', 'Rework': 'missing', 'Work_Order_Qty': 200.0}",deviant
Case225,Lapping,2012-01-07 10:24:54,2012-01-07 22:29:56,2012-01-07 23:44:56,ID4882,99,0.12336160370084812,0,20.0,0.0,75.0,10,20,complete,1,8433.133333333333,820.1,1233.1333333333334,118.93333333333334,"{'Part_Desc_': 'Cable Head', 'Report_Type': 'D', 'Rework': 'missing', 'Work_Order_Qty': 185.00000000000003}",deviant
Case231,Round Grinding,2012-01-07 05:21:26,2012-01-07 21:02:43,2012-01-07 23:50:43,ID4163,97,0.4379336931380108,0,2.0,0.0,30.0,7,14,complete,1,8079.766666666666,746.3333333333334,879.7666666666667,130.91666666666666,"{'Part_Desc_': 'Cable Head', 'Report_Type': 'D', 'Rework': 'missing', 'Work_Order_Qty': 20.0}",regular
6_CF,Milling,2012-01-05 01:04:10,2012-01-07 21:39:18,2012-01-07 23:54:08,ID4932,71,0,18,1.0,0.0,509.9999874830246,2,2,complete,1,4476.066666666667,2827.016666666667,156.06666666666666,134.83333333333334,"{'Part_Desc_': 'Barrel', 'Report_Type': 'S', 'Rework': 'missing', 'Work_Order_Qty': 31.999999225139618}",deviant
Case12,Turning,2012-01-07 01:07:41,2012-01-07 19:45:39,2012-01-08 00:07:39,ID4641,96,0,1,30.0,0.0,111.0,1,1,complete,1,7267.683333333333,7267.683333333333,67.68333333333334,170.98333333333332,"{'Part_Desc_': 'Spur Gear', 'Report_Type': 'S', 'Rework': 'missing', 'Work_Order_Qty': 69.0}",regular
Case185,Round Grinding,2012-01-07 13:20:36,2012-01-07 21:55:24,2012-01-08 00:42:24,ID4355,100,0.4379336931380108,0,7.0,0.0,60.0,16,21,complete,1,8515.4,629.8,1315.4,109.08333333333333,"{'Part_Desc_': 'Cable Head', 'Report_Type': 'D', 'Rework': 'missing', 'Work_Order_Qty': 17.0}",deviant
Case263,Round Grinding,2012-01-07 15:10:03,2012-01-07 23:53:43,2012-01-08 01:08:43,ID4287,102,0.4379336931380108,0,18.0,0.0,31.000000000000004,16,23,complete,1,8633.716666666667,585.6666666666666,1433.7166666666667,118.65,"{'Part_Desc_': 'Compound Dies', 'Report_Type': 'S', 'Rework': 'missing', 'Work_Order_Qty': 18.0}",regular
Case211,Packing,2012-01-07 15:24:31,2012-01-08 00:14:51,2012-01-08 01:14:51,ID4820,102,0.03932151117964534,0,67.0,0.0,60.00000000000001,9,0,complete,1,8654.85,590.3333333333334,14.85,139.06666666666666,"{'Part_Desc_': 'Spur Gear', 'Report_Type': 'D', 'Rework': 'missing', 'Work_Order_Qty': 84.0}",regular
Case148,other,2012-01-05 03:48:41,2012-01-07 23:54:08,2012-01-08 01:24:08,ID4932,73,0.0,19,1.0,0.0,75.0,1,3,complete,1,4548.683333333333,4548.683333333333,228.68333333333334,168.38333333333333,"{'Part_Desc_': 'Piston', 'Report_Type': 'D', 'Rework': 'missing', 'Work_Order_Qty': 78.0}",deviant
2_CF,Final Inspection Q.C.,2012-01-07 12:50:33,2012-01-07 23:50:43,2012-01-08 02:09:12,ID4163,100,0.2027756360832691,1,1.0,0.0,509.9999874830246,3,16,complete,1,8191.733333333334,4132.633333333333,991.7333333333333,138.48333333333332,"{'Part_Desc_': 'Barrel', 'Report_Type': 'S', 'Rework': 'missing', 'Work_Order_Qty': 31.999999225139618}",deviant
Case13,Packing,2012-01-07 16:12:01,2012-01-08 01:14:51,2012-01-08 02:14:51,ID4820,101,0.03932151117964534,0,20.0,0.0,75.0,4,0,complete,1,8685.65,1440.7,45.65,127.88333333333334,"{'Part_Desc_': 'Spur Gear', 'Report_Type': 'S', 'Rework': 'missing', 'Work_Order_Qty': 20.0}",regular
Case74,Final Inspection Q.C.,2012-01-07 21:00:46,2012-01-08 01:08:43,2012-01-08 02:23:43,ID4287,103,0.2027756360832691,0,3.0000000000000004,0.0,75.0,3,23,complete,1,8638.816666666668,224.88333333333333,1438.8166666666666,138.76666666666668,"{'Part_Desc_': 'Ballnut', 'Report_Type': 'D', 'Rework': 'missing', 'Work_Order_Qty': 3.0}",regular
Case272,Turning & Milling,2012-01-07 07:33:52,2012-01-08 00:07:39,2012-01-08 02:35:39,ID4641,98,0.6491904394757132,2,3.0,0.0,20.0,2,10,complete,1,7849.4,807.25,649.4,168.78333333333333,"{'Part_Desc_': 'Spur Gear', 'Report_Type': 'S', 'Rework': 'missing', 'Work_Order_Qty': 20.0}",regular
Case46,Turning & Milling,2012-01-07 04:16:50,2012-01-07 20:55:08,2012-01-08 03:22:08,ID4529,96,0.6491904394757132,1,10.0,0.0,60.0,2,6,complete,1,7570.9,227.8,370.9,130.53333333333333,"{'Part_Desc_': 'Ballnut', 'Report_Type': 'S', 'Rework': 'missing', 'Work_Order_Qty': 10.0}",regular
Case238,Turning & Milling,2012-01-06 23:10:21,2012-01-07 17:17:36,2012-01-08 04:07:36,ID4167,93,0.6491904394757132,0,54.0,0.0,643.0,11,6,complete,1,7617.783333333334,531.1,417.78333333333336,116.03333333333333,"{'Part_Desc_': 'Electrical Contact', 'Report_Type': 'S', 'Rework': 'missing', 'Work_Order_Qty': 320.0}",regular
Case215,Final Inspection Q.C.,2012-01-07 15:27:46,2012-01-08 00:37:36,2012-01-08 04:13:36,ID4618,102,0.2027756360832691,0,108.0,0.0,75.0,10,0,complete,1,8677.6,624.8333333333334,37.6,135.75,"{'Part_Desc_': 'Ballnut', 'Report_Type': 'S', 'Rework': 'missing', 'Work_Order_Qty': 108.00000000000001}",regular
Case266,Turning & Milling Q.C.,2012-01-07 12:50:21,2012-01-08 02:09:12,2012-01-08 04:19:12,ID4163,100,0.17424826522744796,1,131.0,0.0,230.00000000000003,5,17,complete,1,8269.733333333334,730.3833333333333,1069.7333333333333,127.86666666666666,"{'Part_Desc_': 'Cable Head', 'Report_Type': 'D', 'Rework': 'missing', 'Work_Order_Qty': 153.0}",regular
7_CF,Milling,2012-01-05 04:50:49,2012-01-08 01:24:08,2012-01-08 04:40:45,ID4932,73,0,20,1.0,0.0,509.9999874830246,2,6,complete,1,4700.2,2994.233333333333,380.2,196.61666666666667,"{'Part_Desc_': 'Barrel', 'Report_Type': 'S', 'Rework': 'missing', 'Work_Order_Qty': 31.999999225139618}",deviant
Case268,Turning & Milling,2012-01-07 00:22:38,2012-01-07 19:52:11,2012-01-08 04:42:11,ID0997,95,0.6491904394757132,5,7.0,0.0,129.0,1,0,complete,1,7222.633333333333,7222.633333333333,22.633333333333333,168.66666666666666,"{'Part_Desc_': 'other', 'Report_Type': 'S', 'Rework': 'missing', 'Work_Order_Qty': 35.0}",regular
Case188,Round Grinding,2012-01-07 09:55:54,2012-01-07 18:26:50,2012-01-08 04:49:50,ID0420,99,0.4379336931380108,0,2.0,0.0,244.0,9,18,complete,1,8306.833333333334,715.9333333333333,1106.8333333333333,111.06666666666666,"{'Part_Desc_': 'Punch Holder', 'Report_Type': 'D', 'Rework': 'missing', 'Work_Order_Qty': 350.0}",deviant
Case265,Round Grinding,2012-01-07 20:00:48,2012-01-08 03:43:12,2012-01-08 05:00:12,ID4872,103,0.4379336931380108,0,8.0,0.0,75.0,9,3,complete,1,8863.2,531.4,223.2,120.55,"{'Part_Desc_': 'O-Ring', 'Report_Type': 'S', 'Rework': 'missing', 'Work_Order_Qty': 9.0}",regular
Case3,Turning & Milling Q.C.,2012-01-07 17:17:36,2012-01-08 04:19:12,2012-01-08 05:28:12,ID4163,102,0.17424826522744796,2,10.0,0.0,60.0,2,19,complete,1,8346.983333333334,850.6666666666666,1146.9833333333333,159.43333333333334,"{'Part_Desc_': 'Cable Head', 'Report_Type': 'S', 'Rework': 'missing', 'Work_Order_Qty': 10.0}",regular
Case195,Turning & Milling Q.C.,2012-01-08 00:58:33,2012-01-08 02:23:43,2012-01-08 05:28:43,ID4287,105,0.17424826522744796,1,80.0,0.0,45.0,1,0,complete,1,8698.55,8698.55,58.55,176.68333333333334,"{'Part_Desc_': 'Slip Ring Adapter', 'Report_Type': 'D', 'Rework': 'missing', 'Work_Order_Qty': 80.0}",regular
Case235,Turning & Milling,2012-01-06 22:40:01,2012-01-07 19:54:01,2012-01-08 06:27:01,ID4132,92,0.6491904394757132,3,1.0,0.0,330.0,5,5,complete,1,7538.383333333333,1200.0666666666666,338.3833333333333,119.35,"{'Part_Desc_': 'Flange Bolt', 'Report_Type': 'S', 'Rework': 'missing', 'Work_Order_Qty': 13.0}",regular
Case223,Turning & Milling,2012-01-07 05:54:38,2012-01-08 04:42:11,2012-01-08 06:30:11,ID0997,97,0.6491904394757132,5,18.0,0.0,49.99999999999999,2,9,complete,1,7748.083333333333,895.3,548.0833333333334,159.6,"{'Part_Desc_': 'Ballnut', 'Report_Type': 'S', 'Rework': 'missing', 'Work_Order_Qty': 29.999999999999996}",deviant
Case37,Turning,2012-01-07 11:36:47,2012-01-08 02:35:39,2012-01-08 06:34:39,ID4641,100,0,2,8.0,0.0,128.0,1,11,complete,1,7896.783333333334,7896.783333333334,696.7833333333333,191.3,"{'Part_Desc_': 'Ballnut', 'Report_Type': 'D', 'Rework': 'missing', 'Work_Order_Qty': 36.0}",regular
Case178,Grinding Rework,2012-01-07 21:44:50,2012-01-08 06:26:01,2012-01-08 06:35:01,ID4872,103,0.01233616037008481,0,2.0,0.0,299.0,14,6,complete,1,9026.016666666666,744.1833333333333,386.01666666666665,137.33333333333334,"{'Part_Desc_': 'Cable Head', 'Report_Type': 'D', 'Rework': 'missing', 'Work_Order_Qty': 250.0}",deviant
22_CF,Milling,2012-01-05 04:31:30,2012-01-08 04:40:45,2012-01-08 07:11:29,ID4932,73,0,20,1.0,0.0,1.0,6,9,complete,1,4892.966666666666,442.6,572.9666666666667,150.73333333333332,"{'Part_Desc_': 'Barrel', 'Report_Type': 'S', 'Rework': 'missing', 'Work_Order_Qty': 1.0}",deviant
Case243,Turning & Milling,2012-01-07 05:31:39,2012-01-08 03:22:08,2012-01-08 07:22:08,ID4529,97,0.6491904394757132,1,9.0,0.0,338.0,2,6,complete,1,7597.75,2406.55,397.75,162.58333333333334,"{'Part_Desc_': 'Spur Gear', 'Report_Type': 'S', 'Rework': 'missing', 'Work_Order_Qty': 10.0}",regular
9_CF,Final Inspection Q.C.,2012-01-07 12:58:45,2012-01-08 05:28:12,2012-01-08 07:32:19,ID4163,100,0.2027756360832691,1,1.0,0.0,1.0,9,20,complete,1,8450.516666666666,673.2,1250.5166666666667,124.11666666666666,"{'Part_Desc_': 'Barrel', 'Report_Type': 'S', 'Rework': 'missing', 'Work_Order_Qty': 1.0}",deviant
Case155,Final Inspection Q.C.,2012-01-07 22:29:56,2012-01-08 05:56:40,2012-01-08 07:34:40,ID4618,103,0.2027756360832691,0,48.0,0.0,60.0,10,5,complete,1,8996.666666666666,632.5833333333334,356.6666666666667,117.58333333333333,"{'Part_Desc_': 'Ballnut', 'Report_Type': 'S', 'Rework': 'missing', 'Work_Order_Qty': 48.0}",regular
Case277,Round Grinding,2012-01-07 22:41:07,2012-01-08 05:51:29,2012-01-08 07:36:29,ID4528,103,0.4379336931380108,0,1.0,0.0,31.0,12,5,complete,1,8991.483333333334,562.3666666666667,351.48333333333335,120.91666666666667,"{'Part_Desc_': 'Cable Head', 'Report_Type': 'D', 'Rework': 'missing', 'Work_Order_Qty': 3.0}",regular
Case195,Flat Grinding,2012-01-08 05:28:43,2012-01-08 06:26:35,2012-01-08 07:41:35,ID4882,107,0.02467232074016962,0,80.0,0.0,45.0,2,6,complete,1,9026.583333333334,328.03333333333336,386.5833333333333,209.78333333333333,"{'Part_Desc_': 'Slip Ring Adapter', 'Report_Type': 'D', 'Rework': 'missing', 'Work_Order_Qty': 80.0}",regular
Case185,Round Grinding,2012-01-08 00:42:24,2012-01-08 05:45:36,2012-01-08 07:43:36,ID4355,104,0.4379336931380108,0,7.0,0.0,60.0,17,5,complete,1,8985.6,470.2,345.6,118.33333333333333,"{'Part_Desc_': 'Cable Head', 'Report_Type': 'D', 'Rework': 'missing', 'Work_Order_Qty': 17.0}",deviant
Case9,Turning,2012-01-07 15:15:39,2012-01-08 06:34:39,2012-01-08 07:55:39,ID4641,103,0,3,20.0,0.0,60.0,1,15,complete,1,8115.65,8115.65,915.65,181.7,"{'Part_Desc_': 'Spur Gear', 'Report_Type': 'S', 'Rework': 'missing', 'Work_Order_Qty': 20.0}",regular
Case207,Turning & Milling,2012-01-06 23:47:08,2012-01-07 23:28:28,2012-01-08 08:27:28,ID4794,94,0.6491904394757132,9,56.0,0.0,60.00000000000001,6,6,complete,1,7595.05,1339.7166666666667,395.05,118.26666666666667,"{'Part_Desc_': 'Flange', 'Report_Type': 'S', 'Rework': 'missing', 'Work_Order_Qty': 125.0}",regular
1_CF,Lapping,2012-01-07 22:19:25,2012-01-08 06:49:38,2012-01-08 08:45:20,ID0998,103,0.12336160370084812,0,1.0,0.0,1.0,13,6,complete,1,9049.633333333333,627.4333333333333,409.6333333333333,115.7,"{'Part_Desc_': 'Barrel', 'Report_Type': 'S', 'Rework': 'missing', 'Work_Order_Qty': 1.0}",deviant
Case248,Round Grinding,2012-01-07 21:11:56,2012-01-08 06:21:28,2012-01-08 08:45:28,ID4445,103,0.4379336931380108,0,22.0,0.0,279.0,10,6,complete,1,9021.466666666667,694.8166666666667,381.46666666666664,135.0,"{'Part_Desc_': 'Housing', 'Report_Type': 'S', 'Rework': 'missing', 'Work_Order_Qty': 24.0}",regular
Case201,Turning & Milling,2012-01-07 16:00:09,2012-01-08 00:49:22,2012-01-08 08:58:22,ID4219,102,0.6491904394757132,0,2.0,0.0,247.0,13,0,complete,1,8689.366666666667,659.2166666666667,49.36666666666667,121.58333333333333,"{'Part_Desc_': 'Wheel Shaft', 'Report_Type': 'D', 'Rework': 'missing', 'Work_Order_Qty': 20.0}",regular
Case19,Turning & Milling,2012-01-07 13:58:21,2012-01-08 04:07:36,2012-01-08 09:18:36,ID4167,101,0.6491904394757132,1,4.0,0.0,60.0,1,13,complete,1,8038.35,8038.35,838.35,181.86666666666667,"{'Part_Desc_': 'Cable Head', 'Report_Type': 'S', 'Rework': 'missing', 'Work_Order_Qty': 33.0}",deviant
Case13,Turning Q.C.,2012-01-08 02:14:51,2012-01-08 08:36:17,2012-01-08 09:29:17,ID4618,104,0,0,20.0,0.0,75.0,5,8,complete,1,9156.283333333333,470.6333333333333,516.2833333333333,132.66666666666666,"{'Part_Desc_': 'Spur Gear', 'Report_Type': 'S', 'Rework': 'missing', 'Work_Order_Qty': 20.0}",regular
15_CF,Final Inspection Q.C.,2012-01-07 12:15:44,2012-01-08 07:32:19,2012-01-08 09:37:27,ID4163,100,0.2027756360832691,1,1.0,0.0,1.0,8,20,complete,1,8459.95,803.2833333333333,1259.95,125.13333333333334,"{'Part_Desc_': 'Barrel', 'Report_Type': 'S', 'Rework': 'missing', 'Work_Order_Qty': 1.0}",deviant
Case225,Lapping,2012-01-07 23:44:56,2012-01-08 08:45:20,2012-01-08 09:40:20,ID0998,104,0.12336160370084812,0,20.0,0.0,75.0,11,7,complete,1,9115.9,682.7666666666667,475.9,126.26666666666667,"{'Part_Desc_': 'Cable Head', 'Report_Type': 'D', 'Rework': 'missing', 'Work_Order_Qty': 185.00000000000003}",deviant
Case263,Final Inspection Q.C.,2012-01-08 01:08:43,2012-01-08 06:12:26,2012-01-08 10:02:26,ID4287,105,0.2027756360832691,2,18.0,0.0,31.000000000000004,17,6,complete,1,9012.433333333332,378.71666666666664,372.43333333333334,121.66666666666667,"{'Part_Desc_': 'Compound Dies', 'Report_Type': 'S', 'Rework': 'missing', 'Work_Order_Qty': 18.0}",regular
13_CF,Milling,2012-01-05 10:49:26,2012-01-08 07:11:29,2012-01-08 10:10:40,ID4932,78,0,20,1.0,0.0,509.9999874830246,2,12,complete,1,5055.516666666666,3314.883333333333,735.5166666666667,179.18333333333334,"{'Part_Desc_': 'Barrel', 'Report_Type': 'S', 'Rework': 'missing', 'Work_Order_Qty': 31.999999225139618}",deviant
Case187,Round Grinding,2012-01-07 18:15:02,2012-01-08 02:58:29,2012-01-08 10:18:29,ID4385,102,0.4379336931380108,0,2.0,0.0,361.0,13,2,complete,1,8818.483333333334,751.45,178.48333333333332,133.56666666666666,"{'Part_Desc_': 'Cable Head', 'Report_Type': 'D', 'Rework': 'missing', 'Work_Order_Qty': 200.0}",deviant
Case265,Round Grinding,2012-01-08 05:00:12,2012-01-08 09:23:16,2012-01-08 10:22:16,ID4872,106,0.4379336931380108,0,8.0,0.0,75.0,10,9,complete,1,9203.266666666666,340.06666666666666,563.2666666666667,139.3,"{'Part_Desc_': 'O-Ring', 'Report_Type': 'S', 'Rework': 'missing', 'Work_Order_Qty': 9.0}",regular
Case266,Turning & Milling Q.C.,2012-01-08 04:19:12,2012-01-08 10:02:26,2012-01-08 10:37:26,ID4287,105,0.17424826522744796,0,131.0,0.0,230.00000000000003,6,7,complete,1,9070.616666666667,800.8833333333333,430.6166666666667,138.36666666666667,"{'Part_Desc_': 'Cable Head', 'Report_Type': 'D', 'Rework': 'missing', 'Work_Order_Qty': 153.0}",regular
Case188,Final Inspection Q.C.,2012-01-08 04:49:50,2012-01-08 10:36:53,2012-01-08 10:40:53,ID4618,106,0.2027756360832691,0,2.0,0.0,244.0,10,10,complete,1,9276.883333333333,970.05,636.8833333333333,113.91666666666667,"{'Part_Desc_': 'Punch Holder', 'Report_Type': 'D', 'Rework': 'missing', 'Work_Order_Qty': 350.0}",deviant
Case215,Packing,2012-01-08 04:13:36,2012-01-08 09:45:23,2012-01-08 10:45:23,ID4820,105,0.03932151117964534,0,108.0,0.0,75.0,11,9,complete,1,9225.383333333333,547.7833333333333,585.3833333333333,150.76666666666668,"{'Part_Desc_': 'Ballnut', 'Report_Type': 'S', 'Rework': 'missing', 'Work_Order_Qty': 108.00000000000001}",regular
Case32,Turning & Milling,2012-01-07 23:28:28,2012-01-08 02:36:37,2012-01-08 11:15:37,ID4429,104,0.6491904394757132,0,20.0,5.0,1072.0,2,2,complete,1,8796.616666666667,1662.9,156.61666666666667,149.28333333333333,"{'Part_Desc_': 'Housing', 'Report_Type': 'S', 'Rework': 'missing', 'Work_Order_Qty': 400.0}",regular
Case195,Lapping,2012-01-08 07:41:35,2012-01-08 09:40:20,2012-01-08 11:17:20,ID0998,108,0.12336160370084812,0,80.0,0.0,45.0,3,9,complete,1,9193.366666666667,166.78333333333333,553.3666666666667,230.25,"{'Part_Desc_': 'Slip Ring Adapter', 'Report_Type': 'D', 'Rework': 'missing', 'Work_Order_Qty': 80.0}",regular
12_CF,Final Inspection Q.C.,2012-01-07 15:12:43,2012-01-08 09:37:27,2012-01-08 11:41:59,ID4163,102,0.2027756360832691,2,1.0,0.0,1.0,9,23,complete,1,8586.516666666666,699.4,1386.5166666666667,124.53333333333333,"{'Part_Desc_': 'Barrel', 'Report_Type': 'S', 'Rework': 'missing', 'Work_Order_Qty': 1.0}",deviant
Case245,Turning & Milling,2012-01-07 08:54:02,2012-01-07 20:14:52,2012-01-08 11:49:52,ID3846,99,0.6491904394757132,1,5.0,0.0,634.0,3,12,complete,1,7970.866666666667,419.15,770.8666666666667,112.1,"{'Part_Desc_': 'Cable Head', 'Report_Type': 'B', 'Rework': 'missing', 'Work_Order_Qty': 5.0}",deviant
Case277,Round Grinding,2012-01-08 07:36:29,2012-01-08 11:44:21,2012-01-08 12:15:21,ID4528,108,0.4379336931380108,0,1.0,0.0,31.0,13,11,complete,1,9344.35,352.8666666666667,704.35,136.08333333333334,"{'Part_Desc_': 'Cable Head', 'Report_Type': 'D', 'Rework': 'missing', 'Work_Order_Qty': 3.0}",regular
Case23,Turning & Milling,2012-01-07 06:42:36,2012-01-08 07:22:08,2012-01-08 12:49:08,ID4529,97,0.6491904394757132,3,1.0,0.0,327.0,3,12,complete,1,7935.95,576.35,735.95,137.03333333333333,"{'Part_Desc_': 'Plug', 'Report_Type': 'S', 'Rework': 'missing', 'Work_Order_Qty': 13.0}",regular
Case243,Turning & Milling Q.C.,2012-01-08 07:22:08,2012-01-08 10:37:26,2012-01-08 12:55:26,ID4287,108,0.17424826522744796,1,9.0,0.0,338.0,3,8,complete,1,9174.483333333334,1576.7333333333333,534.4833333333333,177.56666666666666,"{'Part_Desc_': 'Spur Gear', 'Report_Type': 'S', 'Rework': 'missing', 'Work_Order_Qty': 10.0}",regular
Case155,Final Inspection Q.C.,2012-01-08 07:34:40,2012-01-08 11:49:07,2012-01-08 13:04:07,ID4618,108,0.2027756360832691,0,48.0,0.0,60.0,11,11,complete,1,9349.116666666667,352.45,709.1166666666667,133.06666666666666,"{'Part_Desc_': 'Ballnut', 'Report_Type': 'S', 'Rework': 'missing', 'Work_Order_Qty': 48.0}",regular
Case257,Turning & Milling,2012-01-05 13:35:11,2012-01-08 10:10:40,2012-01-08 13:13:40,ID4932,78,0.6491904394757132,20,27.0,0.0,362.99999999999994,2,13,complete,1,5155.85,795.1666666666666,835.85,168.35,"{'Part_Desc_': 'Cable Head', 'Report_Type': 'S', 'Rework': 'missing', 'Work_Order_Qty': 150.0}",regular
Case178,Grinding Rework,2012-01-08 06:35:01,2012-01-08 11:39:48,2012-01-08 13:40:48,ID4872,107,0.01233616037008481,0,2.0,0.0,299.0,15,11,complete,1,9339.8,313.78333333333336,699.8,145.36666666666667,"{'Part_Desc_': 'Cable Head', 'Report_Type': 'D', 'Rework': 'missing', 'Work_Order_Qty': 250.0}",deviant
3_CF,Final Inspection Q.C.,2012-01-07 19:39:18,2012-01-08 11:41:59,2012-01-08 14:09:31,ID4163,102,0.2027756360832691,4,1.0,0.0,509.9999874830246,3,23,complete,1,8595.066666666668,4217.1,1395.0666666666666,147.53333333333333,"{'Part_Desc_': 'Barrel', 'Report_Type': 'S', 'Rework': 'missing', 'Work_Order_Qty': 31.999999225139618}",deviant
22_CF,Laser Marking,2012-01-08 07:11:29,2012-01-08 11:23:48,2012-01-08 14:14:19,ID0998,108,0.06090979182729375,0,1.0,0.0,1.0,7,11,complete,1,9323.8,4430.833333333333,683.8,170.51666666666668,"{'Part_Desc_': 'Barrel', 'Report_Type': 'S', 'Rework': 'missing', 'Work_Order_Qty': 1.0}",deviant
Case46,Turning & Milling,2012-01-08 03:22:08,2012-01-08 11:15:37,2012-01-08 14:20:37,ID4429,105,0.6491904394757132,0,10.0,0.0,60.0,3,5,complete,1,8957.2,1386.3,317.2,142.33333333333334,"{'Part_Desc_': 'Ballnut', 'Report_Type': 'S', 'Rework': 'missing', 'Work_Order_Qty': 10.0}",regular
Case77,Turning & Milling,2012-01-07 23:02:47,2012-01-08 07:55:39,2012-01-08 14:21:39,ID4641,104,0.6491904394757132,3,3.0,0.0,265.0,1,23,complete,1,8582.783333333333,8582.783333333333,1382.7833333333333,177.25,"{'Part_Desc_': 'Gauge', 'Report_Type': 'S', 'Rework': 'missing', 'Work_Order_Qty': 40.0}",regular
9_CF,Turning & Milling,2012-01-08 07:32:19,2012-01-08 12:19:35,2012-01-08 14:25:03,ID4882,108,0.6491904394757132,0,1.0,0.0,1.0,10,12,complete,1,9379.583333333334,929.0666666666667,739.5833333333334,125.46666666666667,"{'Part_Desc_': 'Barrel', 'Report_Type': 'S', 'Rework': 'missing', 'Work_Order_Qty': 1.0}",deviant
Case248,Round Grinding,2012-01-08 08:45:28,2012-01-08 14:17:11,2012-01-08 14:40:11,ID4445,109,0.4379336931380108,0,22.0,0.0,279.0,11,14,complete,1,9497.183333333332,475.71666666666664,857.1833333333333,149.01666666666668,"{'Part_Desc_': 'Housing', 'Report_Type': 'S', 'Rework': 'missing', 'Work_Order_Qty': 24.0}",regular
Case249,Turning & Milling,2012-01-07 02:44:38,2012-01-08 06:30:11,2012-01-08 14:56:11,ID0997,97,0.6491904394757132,6,62.0,0.0,59.99999999999999,5,11,complete,1,7867.233333333334,1134.6,667.2333333333333,110.71666666666667,"{'Part_Desc_': 'Ballnut', 'Report_Type': 'S', 'Rework': 'missing', 'Work_Order_Qty': 64.0}",regular
Case225,Lapping,2012-01-08 09:40:20,2012-01-08 14:25:03,2012-01-08 14:59:03,ID4882,110,0.12336160370084812,0,20.0,0.0,75.0,12,14,complete,1,9502.033333333333,386.1333333333333,862.0333333333333,138.93333333333334,"{'Part_Desc_': 'Cable Head', 'Report_Type': 'D', 'Rework': 'missing', 'Work_Order_Qty': 185.00000000000003}",deviant
Case34,Turning & Milling,2012-01-07 06:54:12,2012-01-08 06:27:01,2012-01-08 15:08:01,ID4132,98,0.6491904394757132,4,10.999999999999998,0.0,240.0,1,6,complete,1,7614.2,7614.2,414.2,179.06666666666666,"{'Part_Desc_': 'Housing', 'Report_Type': 'S', 'Rework': 'missing', 'Work_Order_Qty': 20.0}",deviant
Case259,Turning & Milling,2012-01-07 05:50:01,2012-01-08 08:27:28,2012-01-08 15:14:28,ID4794,97,0.6491904394757132,7,185.0,0.0,1.0,4,13,complete,1,7997.416666666667,1521.8,797.4166666666666,122.0,"{'Part_Desc_': 'Drill', 'Report_Type': 'S', 'Rework': 'missing', 'Work_Order_Qty': 325.0}",regular
Case215,Final Inspection Q.C.,2012-01-08 10:45:23,2012-01-08 14:03:14,2012-01-08 15:18:14,ID4618,110,0.2027756360832691,0,108.0,0.0,75.0,12,14,complete,1,9483.233333333334,257.85,843.2333333333333,169.13333333333333,"{'Part_Desc_': 'Ballnut', 'Report_Type': 'S', 'Rework': 'missing', 'Work_Order_Qty': 108.00000000000001}",regular
1_CF,Turning & Milling Q.C.,2012-01-08 08:45:20,2012-01-08 13:09:04,2012-01-08 15:19:46,ID4820,109,0.17424826522744796,0,1.0,0.0,1.0,14,13,complete,1,9429.066666666668,379.43333333333334,789.0666666666667,130.7,"{'Part_Desc_': 'Barrel', 'Report_Type': 'S', 'Rework': 'missing', 'Work_Order_Qty': 1.0}",deviant
Case223,Turning & Milling Q.C.,2012-01-08 06:30:11,2012-01-08 12:55:26,2012-01-08 15:36:26,ID4287,107,0.17424826522744796,0,18.0,0.0,49.99999999999999,3,9,complete,1,9191.883333333333,1443.8,551.8833333333333,173.28333333333333,"{'Part_Desc_': 'Ballnut', 'Report_Type': 'S', 'Rework': 'missing', 'Work_Order_Qty': 29.999999999999996}",deviant
23_CF,Final Inspection Q.C.,2012-01-07 18:21:29,2012-01-08 14:09:31,2012-01-08 16:00:57,ID4163,102,0.2027756360832691,3,1.0,0.0,1.0,8,1,complete,1,8757.8,562.7,117.8,111.43333333333334,"{'Part_Desc_': 'Barrel', 'Report_Type': 'S', 'Rework': 'missing', 'Work_Order_Qty': 1.0}",deviant
14_CF,Milling,2012-01-05 14:01:12,2012-01-08 13:13:40,2012-01-08 16:03:54,ID4932,79,0,21,1.0,0.0,509.9999874830246,2,15,complete,1,5247.316666666667,3411.516666666667,927.3166666666667,170.23333333333332,"{'Part_Desc_': 'Barrel', 'Report_Type': 'S', 'Rework': 'missing', 'Work_Order_Qty': 31.999999225139618}",deviant
Case155,Packing,2012-01-08 13:04:07,2012-01-08 15:44:29,2012-01-08 16:44:29,ID4820,110,0.03932151117964534,0,48.0,0.0,60.0,12,15,complete,1,9584.483333333334,235.36666666666667,944.4833333333333,157.98333333333332,"{'Part_Desc_': 'Ballnut', 'Report_Type': 'S', 'Rework': 'missing', 'Work_Order_Qty': 48.0}",regular
Case48,Turning & Milling,2012-01-07 20:08:07,2012-01-08 09:18:36,2012-01-08 16:59:36,ID4167,104,0.6491904394757132,1,5.0,0.0,148.0,1,20,complete,1,8408.116666666667,8408.116666666667,1208.1166666666666,180.13333333333333,"{'Part_Desc_': 'Cable Head', 'Report_Type': 'S', 'Rework': 'missing', 'Work_Order_Qty': 29.999999999999996}",regular
Case12,Turning,2012-01-08 00:07:39,2012-01-08 15:08:01,2012-01-08 17:00:01,ID4132,104,0,1,30.0,0.0,111.0,2,1,complete,1,8743.5,1475.8166666666666,103.5,143.98333333333332,"{'Part_Desc_': 'Spur Gear', 'Report_Type': 'S', 'Rework': 'missing', 'Work_Order_Qty': 69.0}",regular
Case258,Turning & Milling,2012-01-07 14:40:28,2012-01-08 15:14:28,2012-01-08 17:03:28,ID4794,102,0.6491904394757132,7,1.0,0.0,309.0,2,15,complete,1,8147.216666666666,2742.233333333333,947.2166666666667,145.31666666666666,"{'Part_Desc_': 'Ballnut', 'Report_Type': 'S', 'Rework': 'missing', 'Work_Order_Qty': 50.0}",regular
8_CF,Turning & Milling,2012-01-07 07:55:33,2012-01-08 14:56:11,2012-01-08 17:06:21,ID0997,99,0.6491904394757132,4,1.0,0.0,113.99999764561653,3,13,complete,1,8014.666666666667,1156.3833333333334,814.6666666666666,130.16666666666666,"{'Part_Desc_': 'Ballnut', 'Report_Type': 'S', 'Rework': 'missing', 'Work_Order_Qty': 12.000000308267774}",deviant
Case67,Turning & Milling,2012-01-08 11:05:16,2012-01-08 14:20:37,2012-01-08 17:27:37,ID4429,111,0.6491904394757132,1,2.0,0.0,75.0,1,11,complete,1,9305.266666666666,9305.266666666666,665.2666666666667,169.7,"{'Part_Desc_': 'Cable Head', 'Report_Type': 'S', 'Rework': 'missing', 'Work_Order_Qty': 150.0}",deviant
Case188,Round Grinding,2012-01-08 10:40:53,2012-01-08 14:47:14,2012-01-08 17:42:14,ID4445,110,0.4379336931380108,0,2.0,0.0,244.0,11,14,complete,1,9527.233333333334,250.35,887.2333333333333,132.85,"{'Part_Desc_': 'Punch Holder', 'Report_Type': 'D', 'Rework': 'missing', 'Work_Order_Qty': 350.0}",deviant
Case195,Lapping,2012-01-08 11:17:20,2012-01-08 14:14:19,2012-01-08 18:09:19,ID0998,111,0.12336160370084812,0,80.0,0.0,45.0,4,12,complete,1,9415.933333333332,222.56666666666666,775.9333333333333,223.18333333333334,"{'Part_Desc_': 'Slip Ring Adapter', 'Report_Type': 'D', 'Rework': 'missing', 'Work_Order_Qty': 80.0}",regular
6_CF,Final Inspection Q.C.,2012-01-07 23:54:08,2012-01-08 16:00:57,2012-01-08 18:22:00,ID4163,104,0.2027756360832691,6,1.0,0.0,509.9999874830246,3,2,complete,1,8768.866666666667,4292.8,128.86666666666667,141.05,"{'Part_Desc_': 'Barrel', 'Report_Type': 'S', 'Rework': 'missing', 'Work_Order_Qty': 31.999999225139618}",deviant
12_CF,Turning & Milling,2012-01-08 11:41:59,2012-01-08 16:08:21,2012-01-08 18:26:05,ID4882,111,0.6491904394757132,0,1.0,0.0,1.0,10,16,complete,1,9608.35,1021.8333333333334,968.35,137.73333333333332,"{'Part_Desc_': 'Barrel', 'Report_Type': 'S', 'Rework': 'missing', 'Work_Order_Qty': 1.0}",deviant
16_CF,Milling,2012-01-05 17:08:21,2012-01-08 16:03:54,2012-01-08 18:47:00,ID4932,82,0,21,1.0,0.0,509.9999874830246,2,18,complete,1,5434.066666666667,3568.7,1114.0666666666666,163.1,"{'Part_Desc_': 'Barrel', 'Report_Type': 'S', 'Rework': 'missing', 'Work_Order_Qty': 31.999999225139618}",deviant
Case269,Turning & Milling,2012-01-07 06:27:32,2012-01-08 17:06:21,2012-01-08 19:06:21,ID0997,97,0.6491904394757132,4,11.999999999999998,0.0,60.0,7,15,complete,1,8106.433333333333,621.1833333333333,906.4333333333333,118.25,"{'Part_Desc_': 'Ballnut', 'Report_Type': 'S', 'Rework': 'missing', 'Work_Order_Qty': 12.0}",regular
Case12,Turning Q.C.,2012-01-08 17:00:01,2012-01-08 18:47:14,2012-01-08 19:33:14,ID4618,112,0,0,30.0,0.0,111.0,3,18,complete,1,9767.233333333334,1023.7333333333333,1127.2333333333333,157.78333333333333,"{'Part_Desc_': 'Spur Gear', 'Report_Type': 'S', 'Rework': 'missing', 'Work_Order_Qty': 69.0}",regular
Case263,Round Grinding,2012-01-08 10:02:26,2012-01-08 13:40:48,2012-01-08 20:13:48,ID4872,110,0.4379336931380108,0,18.0,0.0,31.000000000000004,18,12,complete,1,9403.15,390.71666666666664,763.15,143.93333333333334,"{'Part_Desc_': 'Compound Dies', 'Report_Type': 'S', 'Rework': 'missing', 'Work_Order_Qty': 18.0}",regular
4_CF,Packing,2012-01-07 19:24:56,2012-01-08 18:22:00,2012-01-08 20:13:51,ID4163,102,0.03932151117964534,4,1.0,0.0,1.0,11,3,complete,1,8843.466666666667,587.4666666666667,203.46666666666667,111.85,"{'Part_Desc_': 'Barrel', 'Report_Type': 'S', 'Rework': 'missing', 'Work_Order_Qty': 1.0}",deviant
Case188,Laser Marking,2012-01-08 17:42:14,2012-01-08 20:35:08,2012-01-08 20:37:08,ID0998,113,0.06090979182729375,0,2.0,0.0,244.0,12,20,complete,1,9875.133333333333,347.9,1235.1333333333334,155.5,"{'Part_Desc_': 'Punch Holder', 'Report_Type': 'D', 'Rework': 'missing', 'Work_Order_Qty': 350.0}",deviant
Case265,Round Grinding,2012-01-08 10:22:16,2012-01-08 20:13:48,2012-01-08 20:41:48,ID4872,110,0.4379336931380108,0,8.0,0.0,75.0,11,13,complete,1,9433.25,229.98333333333332,793.25,169.4,"{'Part_Desc_': 'O-Ring', 'Report_Type': 'S', 'Rework': 'missing', 'Work_Order_Qty': 9.0}",regular
Case266,Turning & Milling,2012-01-08 10:37:26,2012-01-08 17:27:37,2012-01-08 20:42:37,ID4429,110,0.6491904394757132,1,131.0,0.0,230.00000000000003,7,12,complete,1,9410.383333333333,339.76666666666665,770.3833333333333,140.6,"{'Part_Desc_': 'Cable Head', 'Report_Type': 'D', 'Rework': 'missing', 'Work_Order_Qty': 153.0}",regular
Case187,Round Grinding,2012-01-08 10:18:29,2012-01-08 15:17:03,2012-01-08 21:01:03,ID4528,110,0.4379336931380108,0,2.0,0.0,361.0,14,15,complete,1,9557.05,738.5666666666667,917.05,146.03333333333333,"{'Part_Desc_': 'Cable Head', 'Report_Type': 'D', 'Rework': 'missing', 'Work_Order_Qty': 200.0}",deviant
17_CF,Turning & Milling,2012-01-07 09:55:11,2012-01-08 19:06:21,2012-01-08 21:12:39,ID0997,99,0.6491904394757132,4,1.0,0.0,113.99999764561653,3,15,complete,1,8129.85,1114.45,929.85,126.3,"{'Part_Desc_': 'Ballnut', 'Report_Type': 'S', 'Rework': 'missing', 'Work_Order_Qty': 12.000000308267774}",deviant
Case272,Turning & Milling,2012-01-08 02:35:39,2012-01-08 14:21:39,2012-01-08 21:21:39,ID4641,103,0.6491904394757132,3,3.0,0.0,20.0,3,5,complete,1,8965.3,1115.9,325.3,179.21666666666667,"{'Part_Desc_': 'Spur Gear', 'Report_Type': 'S', 'Rework': 'missing', 'Work_Order_Qty': 20.0}",regular
Case13,Laser Marking,2012-01-08 09:29:17,2012-01-08 20:41:48,2012-01-08 21:21:48,ID4872,110,0.06090979182729375,0,20.0,0.0,75.0,6,13,complete,1,9440.966666666667,284.68333333333334,800.9666666666667,149.93333333333334,"{'Part_Desc_': 'Spur Gear', 'Report_Type': 'S', 'Rework': 'missing', 'Work_Order_Qty': 20.0}",regular
18_CF,Milling,2012-01-05 20:16:51,2012-01-08 18:47:00,2012-01-08 21:26:33,ID4932,85,0,21,1.0,0.0,509.9999874830246,2,21,complete,1,5620.933333333333,3660.8,1300.9333333333334,159.55,"{'Part_Desc_': 'Barrel', 'Report_Type': 'S', 'Rework': 'missing', 'Work_Order_Qty': 31.999999225139618}",deviant
Case38,Turning & Milling,2012-01-08 06:38:03,2012-01-08 16:59:36,2012-01-08 21:32:36,ID4167,108,0.6491904394757132,1,1.0,0.0,278.0,1,6,complete,1,9038.05,9038.05,398.05,166.16666666666666,"{'Part_Desc_': 'Cable Head', 'Report_Type': 'S', 'Rework': 'missing', 'Work_Order_Qty': 53.0}",deviant
Case210,Turning & Milling,2012-01-07 07:27:02,2012-01-08 12:49:08,2012-01-08 21:49:08,ID4529,98,0.6491904394757132,3,21.0,0.0,234.00000000000003,7,12,complete,1,7957.216666666666,351.18333333333334,757.2166666666667,136.55,"{'Part_Desc_': 'Spur Gear', 'Report_Type': 'D', 'Rework': 'missing', 'Work_Order_Qty': 85.0}",regular
Case58,Round Grinding,2012-01-08 21:40:27,2012-01-08 21:40:27,2012-01-08 22:07:27,ID4528,117,0.4379336931380108,0,28.0,0.0,60.0,1,21,complete,1,9940.45,9940.45,1300.45,184.38333333333333,"{'Part_Desc_': 'Adjusting Nut', 'Report_Type': 'S', 'Rework': 'missing', 'Work_Order_Qty': 28.0}",regular
Case257,Turning & Milling,2012-01-08 13:13:40,2012-01-08 20:42:37,2012-01-08 22:17:37,ID4429,110,0.6491904394757132,2,27.0,0.0,362.99999999999994,3,14,complete,1,9504.816666666668,4348.966666666666,864.8166666666667,175.3,"{'Part_Desc_': 'Cable Head', 'Report_Type': 'S', 'Rework': 'missing', 'Work_Order_Qty': 150.0}",regular
Case27,Turning & Milling,2012-01-07 19:52:11,2012-01-08 21:12:39,2012-01-08 22:17:39,ID0997,102,0.6491904394757132,6,12.0,0.0,158.0,3,1,complete,1,8720.133333333333,1596.3833333333334,80.13333333333334,120.88333333333334,"{'Part_Desc_': 'Ballnut', 'Report_Type': 'S', 'Rework': 'missing', 'Work_Order_Qty': 12.0}",regular
Case248,Round Grinding,2012-01-08 14:40:11,2012-01-08 17:46:16,2012-01-08 22:25:16,ID4385,112,0.4379336931380108,0,22.0,0.0,279.0,12,17,complete,1,9706.266666666666,209.08333333333334,1066.2666666666667,171.05,"{'Part_Desc_': 'Housing', 'Report_Type': 'S', 'Rework': 'missing', 'Work_Order_Qty': 24.0}",regular
Case188,Lapping,2012-01-08 20:37:08,2012-01-08 22:26:00,2012-01-08 22:27:00,ID0998,115,0.12336160370084812,0,2.0,0.0,244.0,13,22,complete,1,9986.0,110.86666666666666,1346.0,163.08333333333334,"{'Part_Desc_': 'Punch Holder', 'Report_Type': 'D', 'Rework': 'missing', 'Work_Order_Qty': 350.0}",deviant
Case230,Turning & Milling,2012-01-07 13:19:15,2012-01-08 17:03:28,2012-01-08 22:42:28,ID4794,100,0.6491904394757132,7,15.000000000000002,5.0,230.0,5,18,complete,1,8313.416666666666,325.1666666666667,1113.4166666666667,139.33333333333334,"{'Part_Desc_': 'Spur Gear', 'Report_Type': 'B', 'Rework': 'missing', 'Work_Order_Qty': 105.00000000000001}",regular
Case72,Turning & Milling,2012-01-08 13:26:41,2012-01-08 13:26:41,2012-01-08 23:00:41,ID4219,111,0.6491904394757132,0,12.0,5.0,1.0,1,13,complete,1,9446.683333333332,9446.683333333332,806.6833333333333,170.56666666666666,"{'Part_Desc_': 'Spur Gear', 'Report_Type': 'S', 'Rework': 'missing', 'Work_Order_Qty': 12.0}",regular
Case192,Turning & Milling,2012-01-07 23:36:38,2012-01-08 17:00:01,2012-01-08 23:23:01,ID4132,104,0.6491904394757132,1,60.0,0.0,139.0,3,2,complete,1,8766.616666666667,210.98333333333332,126.61666666666666,132.01666666666668,"{'Part_Desc_': 'Piston', 'Report_Type': 'D', 'Rework': 'missing', 'Work_Order_Qty': 200.0}",deviant
Case268,Turning & Milling,2012-01-08 04:42:11,2012-01-08 22:17:39,2012-01-08 23:29:39,ID0997,106,0.6491904394757132,6,7.0,0.0,129.0,2,6,complete,1,9004.416666666666,1781.7833333333333,364.4166666666667,136.51666666666668,"{'Part_Desc_': 'other', 'Report_Type': 'S', 'Rework': 'missing', 'Work_Order_Qty': 35.0}",regular
7_CF,Final Inspection Q.C.,2012-01-08 04:40:45,2012-01-08 20:13:51,2012-01-08 23:34:14,ID4163,106,0.2027756360832691,7,1.0,0.0,509.9999874830246,3,6,complete,1,9000.433333333332,4300.233333333334,360.43333333333334,200.38333333333333,"{'Part_Desc_': 'Barrel', 'Report_Type': 'S', 'Rework': 'missing', 'Work_Order_Qty': 31.999999225139618}",deviant
19_CF,Milling,2012-01-06 01:49:26,2012-01-08 21:26:33,2012-01-08 23:57:40,ID4932,82,0,20,1.0,0.0,509.9999874830246,2,6,complete,1,6123.216666666666,4130.95,363.21666666666664,151.11666666666667,"{'Part_Desc_': 'Barrel', 'Report_Type': 'S', 'Rework': 'missing', 'Work_Order_Qty': 31.999999225139618}",deviant
Case67,Turning & Milling,2012-01-08 17:27:37,2012-01-08 22:17:37,2012-01-09 00:01:37,ID4429,113,0.6491904394757132,2,2.0,0.0,75.0,2,18,complete,1,9739.15,433.8833333333333,1099.15,168.13333333333333,"{'Part_Desc_': 'Cable Head', 'Report_Type': 'S', 'Rework': 'missing', 'Work_Order_Qty': 150.0}",deviant
Case231,Round Grinding,2012-01-07 23:50:43,2012-01-08 23:34:14,2012-01-09 00:04:14,ID4163,104,0.4379336931380108,7,2.0,0.0,30.0,8,7,complete,1,9118.366666666667,1038.6,478.3666666666667,121.26666666666667,"{'Part_Desc_': 'Cable Head', 'Report_Type': 'D', 'Rework': 'missing', 'Work_Order_Qty': 20.0}",regular
Case58,Round Grinding,2012-01-08 22:07:27,2012-01-08 22:55:20,2012-01-09 00:04:20,ID4528,117,0.4379336931380108,0,28.0,0.0,60.0,2,22,complete,1,10015.333333333334,74.88333333333334,1375.3333333333333,183.01666666666668,"{'Part_Desc_': 'Adjusting Nut', 'Report_Type': 'S', 'Rework': 'missing', 'Work_Order_Qty': 28.0}",regular
Case195,Flat Grinding,2012-01-08 18:09:19,2012-01-08 19:52:40,2012-01-09 00:17:40,ID4882,113,0.02467232074016962,0,80.0,0.0,45.0,5,19,complete,1,9832.666666666666,416.73333333333335,1192.6666666666667,209.38333333333333,"{'Part_Desc_': 'Slip Ring Adapter', 'Report_Type': 'D', 'Rework': 'missing', 'Work_Order_Qty': 80.0}",regular
21_CF,Turning & Milling Q.C.,2012-01-07 10:56:28,2012-01-08 21:49:08,2012-01-09 00:20:45,ID4529,99,0.17424826522744796,3,1.0,0.0,1.0,5,14,complete,1,8044.15,2797.0,844.15,151.61666666666667,"{'Part_Desc_': 'Barrel', 'Report_Type': 'S', 'Rework': 'missing', 'Work_Order_Qty': 1.0}",deviant
Case185,Final Inspection Q.C.,2012-01-08 07:43:36,2012-01-08 15:36:26,2012-01-09 00:38:26,ID4287,108,0.2027756360832691,1,7.0,0.0,60.0,18,10,complete,1,9299.3,313.7,659.3,128.38333333333333,"{'Part_Desc_': 'Cable Head', 'Report_Type': 'D', 'Rework': 'missing', 'Work_Order_Qty': 17.0}",deviant
Case38,Turning & Milling,2012-01-08 21:32:36,2012-01-09 00:01:37,2012-01-09 00:42:37,ID4429,116,0.6491904394757132,1,1.0,0.0,278.0,2,22,complete,1,9982.933333333332,944.8833333333333,1342.9333333333334,172.61666666666667,"{'Part_Desc_': 'Cable Head', 'Report_Type': 'S', 'Rework': 'missing', 'Work_Order_Qty': 53.0}",deviant
Case13,Final Inspection Q.C.,2012-01-08 21:21:48,2012-01-08 23:30:26,2012-01-09 00:45:26,ID4618,116,0.2027756360832691,0,20.0,0.0,75.0,7,23,complete,1,10050.433333333332,609.4666666666667,1410.4333333333334,168.18333333333334,"{'Part_Desc_': 'Spur Gear', 'Report_Type': 'S', 'Rework': 'missing', 'Work_Order_Qty': 20.0}",regular
Case201,Turning & Milling,2012-01-08 08:58:22,2012-01-08 23:00:41,2012-01-09 00:51:41,ID4219,109,0.6491904394757132,0,2.0,0.0,247.0,14,14,complete,1,9490.866666666667,801.5,850.8666666666667,129.48333333333332,"{'Part_Desc_': 'Wheel Shaft', 'Report_Type': 'D', 'Rework': 'missing', 'Work_Order_Qty': 20.0}",regular
Case252,Turning & Milling,2012-01-07 18:30:28,2012-01-08 22:42:28,2012-01-09 00:59:28,ID4794,102,0.6491904394757132,5,12.0,0.0,60.0,2,21,complete,1,8501.916666666666,1578.6,1301.9166666666667,137.0,"{'Part_Desc_': 'Ballnut', 'Report_Type': 'S', 'Rework': 'missing', 'Work_Order_Qty': 12.0}",regular
Case19,Turning & Milling Q.C.,2012-01-08 09:18:36,2012-01-09 00:04:14,2012-01-09 01:09:14,ID4163,110,0.17424826522744796,7,4.0,0.0,60.0,2,10,complete,1,9269.65,1231.3,629.65,182.31666666666666,"{'Part_Desc_': 'Cable Head', 'Report_Type': 'S', 'Rework': 'missing', 'Work_Order_Qty': 33.0}",deviant
Case208,Turning & Milling,2012-01-07 19:45:39,2012-01-08 23:23:01,2012-01-09 01:35:01,ID4132,102,0.6491904394757132,2,2.0,0.0,132.0,8,4,complete,1,8895.05,1674.2666666666667,255.05,136.48333333333332,"{'Part_Desc_': 'Cable Head', 'Report_Type': 'S', 'Rework': 'missing', 'Work_Order_Qty': 13.0}",regular
Case72,Turning & Milling,2012-01-08 23:00:41,2012-01-09 00:51:41,2012-01-09 01:37:41,ID4219,117,0.6491904394757132,1,12.0,5.0,1.0,2,23,complete,1,10070.916666666666,624.2333333333333,1430.9166666666667,174.98333333333332,"{'Part_Desc_': 'Spur Gear', 'Report_Type': 'S', 'Rework': 'missing', 'Work_Order_Qty': 12.0}",regular
Case268,Turning & Milling Q.C.,2012-01-08 23:29:39,2012-01-09 00:49:32,2012-01-09 01:49:32,ID4618,117,0.17424826522744796,0,7.0,0.0,129.0,3,0,complete,1,10129.533333333333,1125.1166666666666,49.53333333333333,144.05,"{'Part_Desc_': 'other', 'Report_Type': 'S', 'Rework': 'missing', 'Work_Order_Qty': 35.0}",regular
Case188,Round Grinding,2012-01-08 22:27:00,2012-01-08 23:37:13,2012-01-09 02:32:13,ID4445,116,0.4379336931380108,0,2.0,0.0,244.0,14,23,complete,1,10057.216666666667,71.21666666666667,1417.2166666666667,179.0,"{'Part_Desc_': 'Punch Holder', 'Report_Type': 'D', 'Rework': 'missing', 'Work_Order_Qty': 350.0}",deviant
Case77,Turning & Milling,2012-01-08 14:21:39,2012-01-08 21:21:39,2012-01-09 02:37:39,ID4641,112,0.6491904394757132,1,3.0,0.0,265.0,2,15,complete,1,9572.883333333333,990.1,932.8833333333333,174.23333333333332,"{'Part_Desc_': 'Gauge', 'Report_Type': 'S', 'Rework': 'missing', 'Work_Order_Qty': 40.0}",regular
Case178,Grinding Rework,2012-01-08 13:40:48,2012-01-08 21:21:48,2012-01-09 02:38:48,ID4872,111,0.01233616037008481,3,2.0,0.0,299.0,16,16,complete,1,9641.333333333334,301.53333333333336,1001.3333333333334,166.31666666666666,"{'Part_Desc_': 'Cable Head', 'Report_Type': 'D', 'Rework': 'missing', 'Work_Order_Qty': 250.0}",deviant
Case262,Turning & Milling,2012-01-08 14:17:18,2012-01-08 21:32:36,2012-01-09 02:42:36,ID4167,112,0.6491904394757132,1,1.0,0.0,74.0,1,14,complete,1,9497.3,9497.3,857.3,161.85,"{'Part_Desc_': 'Spur Gear', 'Report_Type': 'S', 'Rework': 'missing', 'Work_Order_Qty': 36.0}",regular
Case225,Round Grinding,2012-01-08 14:59:03,2012-01-08 22:25:16,2012-01-09 02:51:16,ID4385,112,0.4379336931380108,0,20.0,0.0,75.0,13,17,complete,1,9712.05,210.01666666666668,1072.05,162.7,"{'Part_Desc_': 'Cable Head', 'Report_Type': 'D', 'Rework': 'missing', 'Work_Order_Qty': 185.00000000000003}",deviant
Case273,Turning & Milling,2012-01-07 07:42:01,2012-01-08 11:49:52,2012-01-09 02:52:52,ID3846,99,0.6491904394757132,1,1.0,0.0,189.0,3,13,complete,1,7995.65,1031.4833333333333,795.65,133.6,"{'Part_Desc_': 'Spur Gear', 'Report_Type': 'S', 'Rework': 'missing', 'Work_Order_Qty': 12.0}",regular
Case257,Turning & Milling,2012-01-08 22:17:37,2012-01-09 00:09:24,2012-01-09 03:04:24,ID4718,117,0.6491904394757132,0,27.0,0.0,362.99999999999994,4,0,complete,1,10089.4,584.5833333333334,9.4,172.08333333333334,"{'Part_Desc_': 'Cable Head', 'Report_Type': 'S', 'Rework': 'missing', 'Work_Order_Qty': 150.0}",regular
Case195,Flat Grinding,2012-01-09 00:17:40,2012-01-09 02:34:43,2012-01-09 03:17:43,ID4882,117,0.02467232074016962,0,80.0,0.0,45.0,6,2,complete,1,10234.716666666667,402.05,154.71666666666667,204.88333333333333,"{'Part_Desc_': 'Slip Ring Adapter', 'Report_Type': 'D', 'Rework': 'missing', 'Work_Order_Qty': 80.0}",regular
Case24,Turning & Milling,2012-01-06 06:18:31,2012-01-08 23:57:40,2012-01-09 03:20:40,ID4932,82,0.6491904394757132,19,12.0,0.0,278.0,1,6,complete,1,6138.516666666666,6138.516666666666,378.51666666666665,159.68333333333334,"{'Part_Desc_': 'Plug', 'Report_Type': 'S', 'Rework': 'missing', 'Work_Order_Qty': 13.0}",regular
Case72,Turning & Milling Q.C.,2012-01-09 01:37:41,2012-01-09 02:03:48,2012-01-09 03:29:48,ID4618,116,0.17424826522744796,0,12.0,5.0,1.0,3,2,complete,1,10203.8,132.88333333333333,123.8,175.3,"{'Part_Desc_': 'Spur Gear', 'Report_Type': 'S', 'Rework': 'missing', 'Work_Order_Qty': 12.0}",regular
Case259,Turning & Milling,2012-01-08 15:14:28,2012-01-09 02:37:39,2012-01-09 03:57:39,ID4641,112,0.6491904394757132,0,185.0,0.0,1.0,5,20,complete,1,9895.633333333333,1898.2166666666667,1255.6333333333334,115.98333333333333,"{'Part_Desc_': 'Drill', 'Report_Type': 'S', 'Rework': 'missing', 'Work_Order_Qty': 325.0}",regular
Case188,Round Grinding,2012-01-09 02:32:13,2012-01-09 03:51:54,2012-01-09 04:14:54,ID4445,118,0.4379336931380108,0,2.0,0.0,244.0,15,3,complete,1,10311.9,254.68333333333334,231.9,177.53333333333333,"{'Part_Desc_': 'Punch Holder', 'Report_Type': 'D', 'Rework': 'missing', 'Work_Order_Qty': 350.0}",deviant
13_CF,Final Inspection Q.C.,2012-01-08 10:10:40,2012-01-09 01:09:14,2012-01-09 04:16:16,ID4163,110,0.2027756360832691,6,1.0,0.0,509.9999874830246,3,11,complete,1,9326.566666666668,4271.05,686.5666666666667,187.03333333333333,"{'Part_Desc_': 'Barrel', 'Report_Type': 'S', 'Rework': 'missing', 'Work_Order_Qty': 31.999999225139618}",deviant
Case37,Turning & Milling,2012-01-08 06:34:39,2012-01-08 23:29:39,2012-01-09 04:28:39,ID0997,107,0.6491904394757132,5,8.0,0.0,128.0,2,7,complete,1,9117.9,1221.1166666666666,477.9,180.48333333333332,"{'Part_Desc_': 'Ballnut', 'Report_Type': 'D', 'Rework': 'missing', 'Work_Order_Qty': 36.0}",regular
Case268,Turning & Milling Q.C.,2012-01-09 01:49:32,2012-01-09 03:29:48,2012-01-09 04:34:48,ID4618,117,0.17424826522744796,0,7.0,0.0,129.0,4,2,complete,1,10241.3,111.76666666666667,161.3,142.1,"{'Part_Desc_': 'other', 'Report_Type': 'S', 'Rework': 'missing', 'Work_Order_Qty': 35.0}",regular
Case187,Round Grinding,2012-01-08 21:01:03,2012-01-09 02:51:16,2012-01-09 04:43:16,ID4385,116,0.4379336931380108,1,2.0,0.0,361.0,15,23,complete,1,10064.566666666668,507.51666666666665,1424.5666666666666,164.55,"{'Part_Desc_': 'Cable Head', 'Report_Type': 'D', 'Rework': 'missing', 'Work_Order_Qty': 200.0}",deviant
Case18,Turning & Milling,2012-01-06 07:58:57,2012-01-09 03:20:40,2012-01-09 05:00:40,ID4932,83,0.6491904394757132,19,14.0,0.0,80.0,1,7,complete,1,6238.95,6238.95,478.95,185.05,"{'Part_Desc_': 'Cable Head', 'Report_Type': 'S', 'Rework': 'missing', 'Work_Order_Qty': 557.0}",regular
Case263,Final Inspection Q.C.,2012-01-08 20:13:48,2012-01-09 00:38:26,2012-01-09 05:17:26,ID4287,115,0.2027756360832691,0,18.0,0.0,31.000000000000004,19,21,complete,1,9936.033333333333,532.8833333333333,1296.0333333333333,141.85,"{'Part_Desc_': 'Compound Dies', 'Report_Type': 'S', 'Rework': 'missing', 'Work_Order_Qty': 18.0}",regular
Case40,Turning,2012-01-07 16:26:35,2012-01-09 02:52:52,2012-01-09 05:28:52,ID3846,102,0,3,36.0,0.0,1.0,1,16,complete,1,8186.583333333333,8186.583333333333,986.5833333333334,184.91666666666666,"{'Part_Desc_': 'Spur Gear', 'Report_Type': 'S', 'Rework': 'missing', 'Work_Order_Qty': 36.0}",regular
Case75,Turning & Milling,2012-01-08 09:00:50,2012-01-09 04:28:39,2012-01-09 05:32:39,ID0997,110,0.6491904394757132,6,9.0,0.0,60.0,1,9,complete,1,9180.833333333334,9180.833333333334,540.8333333333334,180.48333333333332,"{'Part_Desc_': 'Ballnut', 'Report_Type': 'S', 'Rework': 'missing', 'Work_Order_Qty': 10.0}",regular
Case72,Flat Grinding,2012-01-09 03:29:48,2012-01-09 04:39:13,2012-01-09 05:54:13,ID4882,119,0.02467232074016962,0,12.0,5.0,1.0,4,4,complete,1,10359.216666666667,155.41666666666666,279.21666666666664,178.26666666666668,"{'Part_Desc_': 'Spur Gear', 'Report_Type': 'S', 'Rework': 'missing', 'Work_Order_Qty': 12.0}",regular
21_CF,Flat Grinding,2012-01-09 00:20:45,2012-01-09 03:30:25,2012-01-09 06:02:12,ID4429,117,0.02467232074016962,0,1.0,0.0,1.0,6,3,complete,1,10290.416666666666,2246.266666666667,210.41666666666666,151.78333333333333,"{'Part_Desc_': 'Barrel', 'Report_Type': 'S', 'Rework': 'missing', 'Work_Order_Qty': 1.0}",deviant
15_CF,Final Inspection Q.C.,2012-01-08 09:37:27,2012-01-09 04:16:16,2012-01-09 06:06:46,ID4163,110,0.2027756360832691,7,1.0,0.0,1.0,9,15,complete,1,9572.416666666666,1112.4666666666667,932.4166666666666,110.5,"{'Part_Desc_': 'Barrel', 'Report_Type': 'S', 'Rework': 'missing', 'Work_Order_Qty': 1.0}",deviant
Case43,Turning & Milling,2012-01-09 05:12:39,2012-01-09 05:12:39,2012-01-09 06:21:39,ID4219,121,0.6491904394757132,0,26.0,0.0,60.0,1,5,complete,1,10392.65,10392.65,312.65,176.45,"{'Part_Desc_': 'Ballnut', 'Report_Type': 'S', 'Rework': 'missing', 'Work_Order_Qty': 26.0}",regular
Case265,Round Grinding,2012-01-08 20:41:48,2012-01-09 02:38:48,2012-01-09 06:26:48,ID4872,115,0.4379336931380108,2,8.0,0.0,75.0,12,22,complete,1,10007.516666666666,574.2666666666667,1367.5166666666667,174.33333333333334,"{'Part_Desc_': 'O-Ring', 'Report_Type': 'S', 'Rework': 'missing', 'Work_Order_Qty': 9.0}",regular
Case269,Turning & Milling Q.C.,2012-01-08 19:06:21,2012-01-09 05:17:26,2012-01-09 06:27:26,ID4287,114,0.17424826522744796,0,11.999999999999998,0.0,60.0,8,0,complete,1,10134.0,2027.5666666666666,54.0,104.0,"{'Part_Desc_': 'Ballnut', 'Report_Type': 'S', 'Rework': 'missing', 'Work_Order_Qty': 12.0}",regular
Case22,Turning & Milling,2012-01-07 16:29:52,2012-01-09 05:28:52,2012-01-09 06:32:52,ID3846,102,0.6491904394757132,4,1.0,0.0,360.0,3,22,complete,1,8524.233333333334,1372.7833333333333,1324.2333333333333,116.0,"{'Part_Desc_': 'Ballnut', 'Report_Type': 'D', 'Rework': 'missing', 'Work_Order_Qty': 5.0}",regular
Case225,Round Grinding,2012-01-09 02:51:16,2012-01-09 05:03:25,2012-01-09 06:55:25,ID4385,118,0.4379336931380108,1,20.0,0.0,75.0,14,5,complete,1,10383.416666666666,671.3666666666667,303.4166666666667,167.71666666666667,"{'Part_Desc_': 'Cable Head', 'Report_Type': 'D', 'Rework': 'missing', 'Work_Order_Qty': 185.00000000000003}",deviant
Case6,Turning & Milling,2012-01-08 12:16:17,2012-01-09 05:32:39,2012-01-09 07:02:39,ID0997,111,0.6491904394757132,7,17.0,0.0,60.00000000000001,1,12,complete,1,9376.283333333333,9376.283333333333,736.2833333333333,176.1,"{'Part_Desc_': 'Bearing', 'Report_Type': 'S', 'Rework': 'missing', 'Work_Order_Qty': 73.0}",regular
Case252,Turning & Milling,2012-01-09 00:59:28,2012-01-09 04:34:48,2012-01-09 07:02:48,ID4618,117,0.6491904394757132,0,12.0,0.0,60.0,3,3,complete,1,10289.983333333334,1788.0666666666666,209.98333333333332,143.4,"{'Part_Desc_': 'Ballnut', 'Report_Type': 'S', 'Rework': 'missing', 'Work_Order_Qty': 12.0}",regular
Case229,Turning & Milling,2012-01-07 16:52:11,2012-01-09 00:20:45,2012-01-09 07:11:45,ID4529,102,0.6491904394757132,6,24.0,0.0,60.0,3,22,complete,1,8565.1,1454.7833333333333,1365.1,119.93333333333334,"{'Part_Desc_': 'Ballnut', 'Report_Type': 'S', 'Rework': 'missing', 'Work_Order_Qty': 24.0}",regular
Case195,Round Grinding,2012-01-09 03:17:43,2012-01-09 06:02:23,2012-01-09 07:21:23,ID4355,119,0.4379336931380108,0,80.0,0.0,45.0,7,6,complete,1,10442.383333333333,207.66666666666666,362.3833333333333,193.41666666666666,"{'Part_Desc_': 'Slip Ring Adapter', 'Report_Type': 'D', 'Rework': 'missing', 'Work_Order_Qty': 80.0}",regular
Case41,Turning & Milling,2012-01-07 20:14:52,2012-01-09 06:32:52,2012-01-09 07:36:52,ID3846,104,0.6491904394757132,3,20.0,0.0,263.0,2,23,complete,1,8602.683333333332,1424.5166666666667,1402.6833333333334,137.71666666666667,"{'Part_Desc_': 'Spur Gear', 'Report_Type': 'S', 'Rework': 'missing', 'Work_Order_Qty': 20.0}",regular
Case192,Turning & Milling Q.C.,2012-01-08 23:23:01,2012-01-09 06:27:26,2012-01-09 08:02:26,ID4287,117,0.17424826522744796,1,60.0,0.0,139.0,4,1,complete,1,10190.466666666667,1423.85,110.46666666666667,125.96666666666667,"{'Part_Desc_': 'Piston', 'Report_Type': 'D', 'Rework': 'missing', 'Work_Order_Qty': 200.0}",deviant
Case72,Flat Grinding,2012-01-09 05:54:13,2012-01-09 08:05:40,2012-01-09 08:06:40,ID0998,121,0.02467232074016962,0,12.0,5.0,1.0,5,8,complete,1,10565.666666666666,206.45,485.6666666666667,176.13333333333333,"{'Part_Desc_': 'Spur Gear', 'Report_Type': 'S', 'Rework': 'missing', 'Work_Order_Qty': 12.0}",regular
Case273,Turning & Milling Q.C.,2012-01-09 02:52:52,2012-01-09 07:24:15,2012-01-09 08:35:15,ID4618,118,0.17424826522744796,1,1.0,0.0,189.0,4,7,complete,1,10524.25,2528.6,444.25,127.55,"{'Part_Desc_': 'Spur Gear', 'Report_Type': 'S', 'Rework': 'missing', 'Work_Order_Qty': 12.0}",regular
Case58,Round Grinding,2012-01-09 00:04:20,2012-01-09 06:26:48,2012-01-09 08:38:48,ID4872,117,0.4379336931380108,1,28.0,0.0,60.0,3,0,complete,1,10133.966666666667,118.63333333333334,53.96666666666667,184.75,"{'Part_Desc_': 'Adjusting Nut', 'Report_Type': 'S', 'Rework': 'missing', 'Work_Order_Qty': 28.0}",regular
Case26,Turning & Milling,2012-01-07 17:07:28,2012-01-09 00:59:28,2012-01-09 08:54:28,ID4794,102,0.6491904394757132,7,12.0,0.0,296.0,3,22,complete,1,8570.116666666667,2131.7833333333333,1370.1166666666666,120.7,"{'Part_Desc_': 'Plug', 'Report_Type': 'S', 'Rework': 'missing', 'Work_Order_Qty': 13.0}",regular
22_CF,Final Inspection Q.C.,2012-01-08 14:14:19,2012-01-09 06:06:46,2012-01-09 08:54:49,ID4163,111,0.2027756360832691,6,1.0,0.0,1.0,8,17,complete,1,9676.266666666666,352.46666666666664,1036.2666666666667,168.05,"{'Part_Desc_': 'Barrel', 'Report_Type': 'S', 'Rework': 'missing', 'Work_Order_Qty': 1.0}",deviant
Case187,Round Grinding,2012-01-09 04:43:16,2012-01-09 06:55:25,2012-01-09 09:14:25,ID4385,120,0.4379336931380108,0,2.0,0.0,361.0,16,6,complete,1,10481.516666666666,416.95,401.51666666666665,166.81666666666666,"{'Part_Desc_': 'Cable Head', 'Report_Type': 'D', 'Rework': 'missing', 'Work_Order_Qty': 200.0}",deviant
Case235,Turning & Milling,2012-01-08 06:27:01,2012-01-09 01:35:01,2012-01-09 09:31:01,ID4132,107,0.6491904394757132,4,1.0,0.0,330.0,6,12,complete,1,9414.833333333334,1876.45,774.8333333333334,106.68333333333334,"{'Part_Desc_': 'Flange Bolt', 'Report_Type': 'S', 'Rework': 'missing', 'Work_Order_Qty': 13.0}",regular
Case178,Grinding Rework,2012-01-09 02:38:48,2012-01-09 08:38:48,2012-01-09 09:46:48,ID4872,118,0.01233616037008481,2,2.0,0.0,299.0,17,4,complete,1,10377.35,736.0166666666667,297.35,166.06666666666666,"{'Part_Desc_': 'Cable Head', 'Report_Type': 'D', 'Rework': 'missing', 'Work_Order_Qty': 250.0}",deviant
Case87,Turning & Milling,2012-01-08 23:46:58,2012-01-09 02:42:36,2012-01-09 09:50:36,ID4167,118,0.6491904394757132,0,13.0,0.0,345.0,1,23,complete,1,10066.966666666667,10066.966666666667,1426.9666666666667,182.25,"{'Part_Desc_': 'other', 'Report_Type': 'S', 'Rework': 'missing', 'Work_Order_Qty': 720.0}",regular
Case225,Lapping,2012-01-09 06:55:25,2012-01-09 09:50:52,2012-01-09 10:28:52,ID0998,122,0.12336160370084812,0,20.0,0.0,75.0,15,9,complete,1,10670.866666666667,287.45,590.8666666666667,186.31666666666666,"{'Part_Desc_': 'Cable Head', 'Report_Type': 'D', 'Rework': 'missing', 'Work_Order_Qty': 185.00000000000003}",deviant
Case256,Turning,2012-01-06 05:54:05,2012-01-09 05:00:40,2012-01-09 10:53:40,ID4932,81,0,18,1.0,0.0,232.00000000000003,2,8,complete,1,6286.15,908.4833333333333,526.15,143.25,"{'Part_Desc_': 'Spinner', 'Report_Type': 'D', 'Rework': 'missing', 'Work_Order_Qty': 100.0}",regular
Case146,Packing,2012-01-09 09:54:59,2012-01-09 09:54:59,2012-01-09 10:54:59,ID4820,125,0.03932151117964534,0,21.0,0.0,100.0,1,9,complete,1,10674.983333333334,10674.983333333334,594.9833333333333,188.5,"{'Part_Desc_': 'Ballnut', 'Report_Type': 'D', 'Rework': 'missing', 'Work_Order_Qty': 21.0}",regular
Case188,Round Grinding,2012-01-09 04:14:54,2012-01-09 06:07:47,2012-01-09 11:04:47,ID0420,119,0.4379336931380108,0,2.0,0.0,244.0,16,6,complete,1,10447.783333333333,135.88333333333333,367.78333333333336,172.98333333333332,"{'Part_Desc_': 'Punch Holder', 'Report_Type': 'D', 'Rework': 'missing', 'Work_Order_Qty': 350.0}",deviant
Case39,Turning & Milling,2012-01-09 01:42:11,2012-01-09 03:57:39,2012-01-09 11:40:39,ID4641,117,0.6491904394757132,1,1.0,0.0,67.0,1,1,complete,1,10182.183333333332,10182.183333333332,102.18333333333334,180.95,"{'Part_Desc_': 'Spur Gear', 'Report_Type': 'S', 'Rework': 'missing', 'Work_Order_Qty': 10.0}",regular
14_CF,Final Inspection Q.C.,2012-01-08 16:03:54,2012-01-09 08:54:49,2012-01-09 11:47:25,ID4163,112,0.2027756360832691,6,1.0,0.0,509.9999874830246,3,17,complete,1,9680.55,4433.233333333334,1040.55,172.6,"{'Part_Desc_': 'Barrel', 'Report_Type': 'S', 'Rework': 'missing', 'Work_Order_Qty': 31.999999225139618}",deviant
Case185,Final Inspection Q.C.,2012-01-09 00:38:26,2012-01-09 08:02:26,2012-01-09 11:52:26,ID4287,117,0.2027756360832691,1,7.0,0.0,60.0,19,3,complete,1,10265.516666666666,966.2166666666667,185.51666666666668,138.01666666666668,"{'Part_Desc_': 'Cable Head', 'Report_Type': 'D', 'Rework': 'missing', 'Work_Order_Qty': 17.0}",deviant
15_CF,Turning & Milling,2012-01-09 06:06:46,2012-01-09 10:12:37,2012-01-09 12:19:37,ID4882,122,0.6491904394757132,0,1.0,0.0,1.0,10,10,complete,1,10692.616666666667,1120.2,612.6166666666667,127.0,"{'Part_Desc_': 'Barrel', 'Report_Type': 'S', 'Rework': 'missing', 'Work_Order_Qty': 1.0}",deviant
Case263,Final Inspection Q.C.,2012-01-09 05:17:26,2012-01-09 11:52:26,2012-01-09 12:23:26,ID4287,121,0.2027756360832691,3,18.0,0.0,31.000000000000004,20,6,complete,1,10471.933333333332,535.9,391.93333333333334,146.03333333333333,"{'Part_Desc_': 'Compound Dies', 'Report_Type': 'S', 'Rework': 'missing', 'Work_Order_Qty': 18.0}",regular
Case145,Turning,2012-01-09 08:46:44,2012-01-09 08:46:44,2012-01-09 12:24:44,ID4219,124,0,0,35.0,0.0,8.0,1,8,complete,1,10606.733333333334,10606.733333333334,526.7333333333333,178.98333333333332,"{'Part_Desc_': 'Ring', 'Report_Type': 'S', 'Rework': 'missing', 'Work_Order_Qty': 35.0}",deviant
Case261,Turning & Milling,2012-01-08 15:44:41,2012-01-09 07:02:39,2012-01-09 12:29:39,ID0997,112,0.6491904394757132,7,60.00000000000001,5.0,1.0,1,15,complete,1,9584.683333333332,9584.683333333332,944.6833333333333,181.21666666666667,"{'Part_Desc_': 'Bearing', 'Report_Type': 'S', 'Rework': 'missing', 'Work_Order_Qty': 59.99999999999999}",regular
Case178,Grinding Rework,2012-01-09 09:46:48,2012-01-09 12:35:08,2012-01-09 12:53:08,ID4872,124,0.01233616037008481,0,2.0,0.0,299.0,18,12,complete,1,10835.133333333333,457.78333333333336,755.1333333333333,179.93333333333334,"{'Part_Desc_': 'Cable Head', 'Report_Type': 'D', 'Rework': 'missing', 'Work_Order_Qty': 250.0}",deviant
21_CF,Laser Marking,2012-01-09 06:02:12,2012-01-09 10:28:52,2012-01-09 12:57:43,ID0998,122,0.06090979182729375,0,1.0,0.0,1.0,7,9,complete,1,10672.7,382.28333333333336,592.7,148.85,"{'Part_Desc_': 'Barrel', 'Report_Type': 'S', 'Rework': 'missing', 'Work_Order_Qty': 1.0}",deviant
Case20,Turning & Milling,2012-01-07 18:17:28,2012-01-09 08:54:28,2012-01-09 13:03:28,ID4794,102,0.6491904394757132,6,2.0,0.0,17.0,5,2,complete,1,8803.95,2038.3166666666666,163.95,107.88333333333334,"{'Part_Desc_': 'Punch Plate', 'Report_Type': 'S', 'Rework': 'missing', 'Work_Order_Qty': 170.0}",deviant
Case66,Turning,2012-01-09 10:55:38,2012-01-09 12:24:44,2012-01-09 13:04:44,ID4219,126,0,0,10.0,0.0,75.0,1,10,complete,1,10735.633333333333,10735.633333333333,655.6333333333333,178.65,"{'Part_Desc_': 'Ring', 'Report_Type': 'S', 'Rework': 'missing', 'Work_Order_Qty': 10.0}",regular
24_CF,Milling,2012-01-06 04:54:02,2012-01-09 10:53:40,2012-01-09 13:12:54,ID4932,80,0,19,1.0,0.0,509.9999874830246,2,9,complete,1,6315.583333333333,4195.733333333334,555.5833333333334,139.23333333333332,"{'Part_Desc_': 'Barrel', 'Report_Type': 'S', 'Rework': 'missing', 'Work_Order_Qty': 31.999999225139618}",deviant
Case195,Round Grinding,2012-01-09 07:21:23,2012-01-09 10:56:26,2012-01-09 13:23:26,ID4385,122,0.4379336931380108,0,80.0,0.0,45.0,8,10,complete,1,10736.433333333332,294.05,656.4333333333333,180.35,"{'Part_Desc_': 'Slip Ring Adapter', 'Report_Type': 'D', 'Rework': 'missing', 'Work_Order_Qty': 80.0}",regular
Case194,Turning & Milling,2012-01-07 19:00:06,2012-01-09 07:36:52,2012-01-09 13:32:52,ID3846,102,0.6491904394757132,3,1.0,0.0,538.0,8,2,complete,1,8762.05,511.95,122.05,117.28333333333333,"{'Part_Desc_': 'Socket', 'Report_Type': 'S', 'Rework': 'missing', 'Work_Order_Qty': 40.0}",regular
Case265,Final Inspection Q.C.,2012-01-09 06:26:48,2012-01-09 08:37:01,2012-01-09 13:40:01,ID4618,122,0.2027756360832691,0,8.0,0.0,75.0,13,8,complete,1,10597.016666666666,589.5,517.0166666666667,184.31666666666666,"{'Part_Desc_': 'O-Ring', 'Report_Type': 'S', 'Rework': 'missing', 'Work_Order_Qty': 9.0}",regular
9_CF,Packing,2012-01-08 14:25:03,2012-01-09 11:47:25,2012-01-09 13:53:10,ID4163,112,0.03932151117964534,6,1.0,0.0,1.0,11,17,complete,1,9688.25,308.6666666666667,1048.25,125.75,"{'Part_Desc_': 'Barrel', 'Report_Type': 'S', 'Rework': 'missing', 'Work_Order_Qty': 1.0}",deviant
Case40,Turning,2012-01-09 05:28:52,2012-01-09 11:40:39,2012-01-09 13:57:39,ID4641,121,0,0,36.0,0.0,1.0,2,5,complete,1,10439.216666666667,2252.633333333333,359.21666666666664,163.18333333333334,"{'Part_Desc_': 'Spur Gear', 'Report_Type': 'S', 'Rework': 'missing', 'Work_Order_Qty': 36.0}",regular
Case146,Final Inspection Q.C.,2012-01-09 10:54:59,2012-01-09 12:23:26,2012-01-09 14:03:26,ID4287,125,0.2027756360832691,1,21.0,0.0,100.0,2,10,complete,1,10735.016666666666,60.03333333333333,655.0166666666667,152.65,"{'Part_Desc_': 'Ballnut', 'Report_Type': 'D', 'Rework': 'missing', 'Work_Order_Qty': 21.0}",regular
Case252,Turning & Milling Q.C.,2012-01-09 07:02:48,2012-01-09 13:40:01,2012-01-09 14:07:01,ID4618,122,0.17424826522744796,0,12.0,0.0,60.0,4,9,complete,1,10653.516666666666,363.53333333333336,573.5166666666667,135.8,"{'Part_Desc_': 'Ballnut', 'Report_Type': 'S', 'Rework': 'missing', 'Work_Order_Qty': 12.0}",regular
Case223,Turning & Milling,2012-01-08 15:36:26,2012-01-09 12:29:39,2012-01-09 14:08:39,ID0997,111,0.6491904394757132,7,18.0,0.0,49.99999999999999,4,17,complete,1,9699.216666666667,507.3333333333333,1059.2166666666667,162.11666666666667,"{'Part_Desc_': 'Ballnut', 'Report_Type': 'S', 'Rework': 'missing', 'Work_Order_Qty': 29.999999999999996}",deviant
Case9,Turning,2012-01-08 07:55:39,2012-01-09 13:32:52,2012-01-09 14:59:52,ID3846,108,0,5,20.0,0.0,60.0,2,9,complete,1,9200.2,1084.55,560.2,175.35,"{'Part_Desc_': 'Spur Gear', 'Report_Type': 'S', 'Rework': 'missing', 'Work_Order_Qty': 20.0}",regular
Case39,Turning & Milling Q.C.,2012-01-09 11:40:39,2012-01-09 14:03:26,2012-01-09 15:16:26,ID4287,126,0.17424826522744796,2,1.0,0.0,67.0,2,11,complete,1,10780.683333333332,598.5,700.6833333333333,152.2,"{'Part_Desc_': 'Spur Gear', 'Report_Type': 'S', 'Rework': 'missing', 'Work_Order_Qty': 10.0}",regular
Case185,Packing,2012-01-09 11:52:26,2012-01-09 14:22:09,2012-01-09 15:22:09,ID4491,126,0.03932151117964534,0,7.0,0.0,60.0,20,14,complete,1,10942.15,676.6333333333333,862.15,146.26666666666668,"{'Part_Desc_': 'Cable Head', 'Report_Type': 'D', 'Rework': 'missing', 'Work_Order_Qty': 17.0}",deviant
Case52,Turning & Milling,2012-01-08 20:53:53,2012-01-09 14:08:39,2012-01-09 15:35:39,ID0997,116,0.6491904394757132,7,33.0,0.0,60.0,1,20,complete,1,9893.883333333333,9893.883333333333,1253.8833333333334,177.55,"{'Part_Desc_': 'Ballnut', 'Report_Type': 'D', 'Rework': 'missing', 'Work_Order_Qty': 75.0}",regular
Case62,Turning & Milling,2012-01-09 12:00:43,2012-01-09 13:04:44,2012-01-09 15:40:44,ID4219,128,0.6491904394757132,1,9.0,0.0,66.00000000000001,1,12,complete,1,10800.716666666667,10800.716666666667,720.7166666666667,175.63333333333333,"{'Part_Desc_': 'Ballnut', 'Report_Type': 'S', 'Rework': 'missing', 'Work_Order_Qty': 9.0}",deviant
23_CF,Final Inspection Q.C.,2012-01-08 16:00:57,2012-01-09 13:53:10,2012-01-09 15:46:19,ID4163,112,0.2027756360832691,7,1.0,0.0,1.0,9,20,complete,1,9843.5,1085.7,1203.5,113.15,"{'Part_Desc_': 'Barrel', 'Report_Type': 'S', 'Rework': 'missing', 'Work_Order_Qty': 1.0}",deviant
Case25,Turning & Milling,2012-01-07 17:37:21,2012-01-09 07:11:45,2012-01-09 15:48:45,ID4529,102,0.6491904394757132,6,2.0,0.0,90.0,4,23,complete,1,8612.316666666668,883.5833333333334,1412.3166666666666,95.1,"{'Part_Desc_': 'Plug', 'Report_Type': 'S', 'Rework': 'missing', 'Work_Order_Qty': 13.0}",deviant
Case225,Round Grinding,2012-01-09 10:28:52,2012-01-09 13:55:17,2012-01-09 16:20:17,ID4385,125,0.4379336931380108,0,20.0,0.0,75.0,16,13,complete,1,10915.283333333333,244.41666666666666,835.2833333333333,171.76666666666668,"{'Part_Desc_': 'Cable Head', 'Report_Type': 'D', 'Rework': 'missing', 'Work_Order_Qty': 185.00000000000003}",deviant
Case72,Laser Marking,2012-01-09 08:06:40,2012-01-09 12:57:43,2012-01-09 16:23:43,ID0998,123,0.06090979182729375,0,12.0,5.0,1.0,6,11,complete,1,10767.616666666667,201.95,687.6166666666667,170.03333333333333,"{'Part_Desc_': 'Spur Gear', 'Report_Type': 'S', 'Rework': 'missing', 'Work_Order_Qty': 12.0}",regular
Case240,Turning & Milling,2012-01-08 02:53:55,2012-01-09 13:03:28,2012-01-09 16:41:28,ID4794,104,0.6491904394757132,6,1.0,0.0,195.0,1,2,complete,1,8813.916666666666,8813.916666666666,173.91666666666666,175.65,"{'Part_Desc_': 'Bearing', 'Report_Type': 'S', 'Rework': 'missing', 'Work_Order_Qty': 163.0}",regular
Case245,Turning & Milling,2012-01-08 11:49:52,2012-01-09 14:59:52,2012-01-09 16:41:52,ID3846,111,0.6491904394757132,6,5.0,0.0,634.0,4,14,complete,1,9533.683333333332,1562.8166666666666,893.6833333333333,104.01666666666667,"{'Part_Desc_': 'Cable Head', 'Report_Type': 'B', 'Rework': 'missing', 'Work_Order_Qty': 5.0}",deviant
Case41,Turning & Milling Q.C.,2012-01-09 07:36:52,2012-01-09 14:07:01,2012-01-09 17:10:01,ID4618,122,0.17424826522744796,0,20.0,0.0,263.0,3,10,complete,1,10680.966666666667,2078.2833333333333,600.9666666666667,133.45,"{'Part_Desc_': 'Spur Gear', 'Report_Type': 'S', 'Rework': 'missing', 'Work_Order_Qty': 20.0}",regular
Case58,Round Grinding,2012-01-09 08:38:48,2012-01-09 10:27:10,2012-01-09 17:25:10,ID4528,123,0.4379336931380108,0,28.0,0.0,60.0,4,10,complete,1,10707.166666666666,573.2,627.1666666666666,172.3,"{'Part_Desc_': 'Adjusting Nut', 'Report_Type': 'S', 'Rework': 'missing', 'Work_Order_Qty': 28.0}",regular
Case187,Final Inspection Q.C.,2012-01-09 09:14:25,2012-01-09 11:36:30,2012-01-09 17:27:30,ID4493,124,0.2027756360832691,0,2.0,0.0,361.0,17,11,complete,1,10776.5,294.98333333333335,696.5,174.73333333333332,"{'Part_Desc_': 'Cable Head', 'Report_Type': 'D', 'Rework': 'missing', 'Work_Order_Qty': 200.0}",deviant
8_CF,Turning & Milling,2012-01-08 17:06:21,2012-01-09 15:35:39,2012-01-09 17:39:11,ID0997,112,0.6491904394757132,8,1.0,0.0,113.99999764561653,4,21,complete,1,9919.716666666667,1905.05,1279.7166666666667,123.53333333333333,"{'Part_Desc_': 'Ballnut', 'Report_Type': 'S', 'Rework': 'missing', 'Work_Order_Qty': 12.000000308267774}",deviant
Case76,Round Grinding,2012-01-09 11:58:55,2012-01-09 17:25:10,2012-01-09 17:55:10,ID4528,127,0.4379336931380108,0,4.0,0.0,61.0,1,11,complete,1,10798.916666666666,10798.916666666666,718.9166666666666,187.7,"{'Part_Desc_': 'Ballnut', 'Report_Type': 'D', 'Rework': 'missing', 'Work_Order_Qty': 4.0}",regular
Case12,Turning,2012-01-08 19:33:14,2012-01-09 09:31:01,2012-01-09 18:00:01,ID4132,114,0,2,30.0,0.0,111.0,4,21,complete,1,9915.05,147.81666666666666,1275.05,152.5,"{'Part_Desc_': 'Spur Gear', 'Report_Type': 'S', 'Rework': 'missing', 'Work_Order_Qty': 69.0}",regular
Case66,Turning,2012-01-09 13:04:44,2012-01-09 15:40:44,2012-01-09 18:07:44,ID4219,127,0,1,10.0,0.0,75.0,2,13,complete,1,10864.766666666666,129.13333333333333,784.7666666666667,154.46666666666667,"{'Part_Desc_': 'Ring', 'Report_Type': 'S', 'Rework': 'missing', 'Work_Order_Qty': 10.0}",regular
16_CF,Final Inspection Q.C.,2012-01-08 18:47:00,2012-01-09 15:46:19,2012-01-09 18:31:38,ID4163,114,0.2027756360832691,8,1.0,0.0,509.9999874830246,3,20,complete,1,9846.783333333333,4412.716666666666,1206.7833333333333,165.31666666666666,"{'Part_Desc_': 'Barrel', 'Report_Type': 'S', 'Rework': 'missing', 'Work_Order_Qty': 31.999999225139618}",deviant
Case34,Turning & Milling,2012-01-08 15:08:01,2012-01-09 16:41:52,2012-01-09 18:36:52,ID3846,112,0.6491904394757132,6,10.999999999999998,0.0,240.0,2,16,complete,1,9622.95,2008.75,982.95,167.66666666666666,"{'Part_Desc_': 'Housing', 'Report_Type': 'S', 'Rework': 'missing', 'Work_Order_Qty': 20.0}",deviant
Case39,Turning & Milling,2012-01-09 15:16:26,2012-01-09 15:29:45,2012-01-09 18:37:45,ID4641,128,0.6491904394757132,0,1.0,0.0,67.0,3,15,complete,1,11009.75,229.06666666666666,929.75,153.25,"{'Part_Desc_': 'Spur Gear', 'Report_Type': 'S', 'Rework': 'missing', 'Work_Order_Qty': 10.0}",regular
Case178,Grinding Rework,2012-01-09 12:53:08,2012-01-09 17:55:10,2012-01-09 18:42:10,ID4528,127,0.01233616037008481,1,2.0,0.0,299.0,19,16,complete,1,11060.75,225.61666666666667,980.75,164.6,"{'Part_Desc_': 'Cable Head', 'Report_Type': 'D', 'Rework': 'missing', 'Work_Order_Qty': 250.0}",deviant
Case273,Flat Grinding,2012-01-09 08:35:15,2012-01-09 16:23:43,2012-01-09 18:52:43,ID0998,123,0.02467232074016962,0,1.0,0.0,189.0,5,12,complete,1,10857.75,333.5,777.75,125.3,"{'Part_Desc_': 'Spur Gear', 'Report_Type': 'S', 'Rework': 'missing', 'Work_Order_Qty': 12.0}",regular
Case76,Packing,2012-01-09 17:55:10,2012-01-09 17:55:12,2012-01-09 18:55:12,ID4820,130,0.03932151117964534,0,4.0,0.0,61.0,2,17,complete,1,11155.2,356.28333333333336,1075.2,154.88333333333333,"{'Part_Desc_': 'Ballnut', 'Report_Type': 'D', 'Rework': 'missing', 'Work_Order_Qty': 4.0}",regular
Case272,Turning & Milling,2012-01-08 21:21:39,2012-01-09 18:36:52,2012-01-09 18:56:52,ID3846,116,0.6491904394757132,7,3.0,0.0,20.0,4,23,complete,1,10060.183333333332,1094.8833333333334,1420.1833333333334,161.43333333333334,"{'Part_Desc_': 'Spur Gear', 'Report_Type': 'S', 'Rework': 'missing', 'Work_Order_Qty': 20.0}",regular
Case188,Final Inspection Q.C.,2012-01-09 11:04:47,2012-01-09 17:10:01,2012-01-09 19:28:01,ID4618,126,0.2027756360832691,2,2.0,0.0,244.0,17,14,complete,1,10935.133333333333,487.35,855.1333333333333,160.25,"{'Part_Desc_': 'Punch Holder', 'Report_Type': 'D', 'Rework': 'missing', 'Work_Order_Qty': 350.0}",deviant
5_CF,Turning & Milling,2012-01-08 03:17:55,2012-01-09 16:41:28,2012-01-09 19:33:58,ID4794,105,0.6491904394757132,7,1.0,0.0,217.99999061226845,1,3,complete,1,8837.916666666666,8837.916666666666,197.91666666666666,172.5,"{'Part_Desc_': 'Bearing', 'Report_Type': 'S', 'Rework': 'missing', 'Work_Order_Qty': 162.99999906122684}",deviant
17_CF,Turning & Milling,2012-01-08 21:12:39,2012-01-09 17:39:11,2012-01-09 19:38:32,ID0997,116,0.6491904394757132,8,1.0,0.0,113.99999764561653,4,1,complete,1,10163.55,2033.7,83.55,119.35,"{'Part_Desc_': 'Ballnut', 'Report_Type': 'S', 'Rework': 'missing', 'Work_Order_Qty': 12.000000308267774}",deviant
Case195,Round Grinding,2012-01-09 13:23:26,2012-01-09 17:12:37,2012-01-09 20:03:37,ID4385,128,0.4379336931380108,0,80.0,0.0,45.0,9,17,complete,1,11112.616666666667,376.18333333333334,1032.6166666666666,167.28333333333333,"{'Part_Desc_': 'Slip Ring Adapter', 'Report_Type': 'D', 'Rework': 'missing', 'Work_Order_Qty': 80.0}",regular
Case52,Turning & Milling,2012-01-09 15:35:39,2012-01-09 18:07:44,2012-01-09 20:17:44,ID4219,127,0.6491904394757132,1,33.0,0.0,60.0,2,15,complete,1,11015.683333333332,1121.8,935.6833333333333,148.75,"{'Part_Desc_': 'Ballnut', 'Report_Type': 'D', 'Rework': 'missing', 'Work_Order_Qty': 75.0}",regular
Case76,Final Inspection Q.C.,2012-01-09 18:55:12,2012-01-09 19:28:54,2012-01-09 20:29:54,ID4493,131,0.2027756360832691,0,4.0,0.0,61.0,3,19,complete,1,11248.9,93.7,1168.9,142.38333333333333,"{'Part_Desc_': 'Ballnut', 'Report_Type': 'D', 'Rework': 'missing', 'Work_Order_Qty': 4.0}",regular
12_CF,Packing,2012-01-08 18:26:05,2012-01-09 18:31:38,2012-01-09 20:52:28,ID4163,113,0.03932151117964534,8,1.0,0.0,1.0,11,20,complete,1,9895.2,286.85,1255.2,140.83333333333334,"{'Part_Desc_': 'Barrel', 'Report_Type': 'S', 'Rework': 'missing', 'Work_Order_Qty': 1.0}",deviant
Case91,Turning & Milling,2012-01-09 19:20:34,2012-01-09 19:20:34,2012-01-09 21:02:34,ID4429,131,0.6491904394757132,0,337.0,0.0,60.00000000000001,1,19,complete,1,11240.566666666668,11240.566666666668,1160.5666666666666,167.61666666666667,"{'Part_Desc_': 'Hinge', 'Report_Type': 'S', 'Rework': 'missing', 'Work_Order_Qty': 350.0}",regular
23_CF,Turning & Milling,2012-01-09 15:46:19,2012-01-09 18:52:43,2012-01-09 21:06:59,ID0998,127,0.6491904394757132,1,1.0,0.0,1.0,10,18,complete,1,11179.283333333333,1335.7833333333333,1099.2833333333333,134.26666666666668,"{'Part_Desc_': 'Barrel', 'Report_Type': 'S', 'Rework': 'missing', 'Work_Order_Qty': 1.0}",deviant
Case271,Turning & Milling,2012-01-06 07:35:02,2012-01-09 13:12:54,2012-01-09 21:12:54,ID4932,82,0.6491904394757132,20,1.0,0.0,492.00000000000006,3,11,complete,1,6477.95,3461.1,717.95,121.23333333333333,"{'Part_Desc_': 'Cable Head', 'Report_Type': 'S', 'Rework': 'missing', 'Work_Order_Qty': 150.0}",regular
Case55,Turn & Mill. & Screw Assem,2012-01-08 22:45:10,2012-01-09 18:00:01,2012-01-09 21:21:01,ID4132,117,0,3,59.99999999999999,0.0,60.00000000000001,1,22,complete,1,10005.166666666666,10005.166666666666,1365.1666666666667,173.78333333333333,"{'Part_Desc_': 'Bearing', 'Report_Type': 'S', 'Rework': 'missing', 'Work_Order_Qty': 70.0}",regular
Case72,Flat Grinding,2012-01-09 16:23:43,2012-01-09 20:54:53,2012-01-09 22:09:53,ID4882,128,0.02467232074016962,0,12.0,5.0,1.0,7,20,complete,1,11334.883333333333,567.2666666666667,1254.8833333333334,160.13333333333333,"{'Part_Desc_': 'Spur Gear', 'Report_Type': 'S', 'Rework': 'missing', 'Work_Order_Qty': 12.0}",regular
Case273,Laser Marking,2012-01-09 18:52:43,2012-01-09 22:04:01,2012-01-09 22:12:01,ID0998,131,0.06090979182729375,1,1.0,0.0,189.0,6,22,complete,1,11404.016666666666,546.2666666666667,1324.0166666666667,143.41666666666666,"{'Part_Desc_': 'Spur Gear', 'Report_Type': 'S', 'Rework': 'missing', 'Work_Order_Qty': 12.0}",regular
11_CF,Turning & Milling,2012-01-08 04:27:12,2012-01-09 19:33:58,2012-01-09 22:21:23,ID4794,106,0.6491904394757132,8,1.0,0.0,217.99999061226845,1,4,complete,1,8907.2,8907.2,267.2,167.41666666666666,"{'Part_Desc_': 'Bearing', 'Report_Type': 'S', 'Rework': 'missing', 'Work_Order_Qty': 162.99999906122684}",deviant
Case156,Turning & Milling,2012-01-09 16:28:50,2012-01-09 18:37:45,2012-01-09 22:27:45,ID4641,129,0.6491904394757132,0,45.0,0.0,1.0,1,16,complete,1,11068.833333333334,11068.833333333334,988.8333333333334,171.06666666666666,"{'Part_Desc_': 'Drill', 'Report_Type': 'S', 'Rework': 'missing', 'Work_Order_Qty': 600.0}",regular
Case21,Turning & Milling,2012-01-06 12:01:18,2012-01-09 21:12:54,2012-01-09 22:27:54,ID4932,86,0.6491904394757132,23,25.0,0.0,135.0,3,14,complete,1,6651.683333333333,1271.1333333333334,891.6833333333333,134.71666666666667,"{'Part_Desc_': 'Punch Plate', 'Report_Type': 'S', 'Rework': 'missing', 'Work_Order_Qty': 151.0}",deviant
Case27,Turning & Milling,2012-01-08 22:17:39,2012-01-09 19:38:32,2012-01-09 22:53:32,ID0997,117,0.6491904394757132,8,12.0,0.0,158.0,4,2,complete,1,10223.0,1502.8666666666666,143.0,113.81666666666666,"{'Part_Desc_': 'Ballnut', 'Report_Type': 'S', 'Rework': 'missing', 'Work_Order_Qty': 12.0}",regular
Case206,Packing,2012-01-06 21:16:21,2012-01-09 22:27:54,2012-01-09 23:27:54,ID4932,91,0.03932151117964534,23,6.0,0.0,100.0,8,4,complete,1,7479.333333333333,842.85,279.3333333333333,125.93333333333334,"{'Part_Desc_': 'Cutting Wheel', 'Report_Type': 'D', 'Rework': 'missing', 'Work_Order_Qty': 21.0}",regular
Case29,Turning & Milling,2012-01-09 03:04:58,2012-01-09 21:21:01,2012-01-09 23:28:01,ID4132,119,0.6491904394757132,2,48.00000000000001,0.0,30.0,1,3,complete,1,10264.966666666667,10264.966666666667,184.96666666666667,165.86666666666667,"{'Part_Desc_': 'Cable Head', 'Report_Type': 'S', 'Rework': 'missing', 'Work_Order_Qty': 51.0}",regular
Case117,Packing,2012-01-09 22:30:48,2012-01-09 22:30:48,2012-01-09 23:30:48,ID4820,133,0.03932151117964534,0,3.0000000000000004,0.0,75.0,1,22,complete,1,11430.8,11430.8,1350.8,176.65,"{'Part_Desc_': 'Wheel Shaft', 'Report_Type': 'D', 'Rework': 'missing', 'Work_Order_Qty': 3.0}",regular
18_CF,Final Inspection Q.C.,2012-01-08 21:26:33,2012-01-09 20:52:28,2012-01-09 23:31:18,ID4163,116,0.2027756360832691,10,1.0,0.0,509.9999874830246,3,22,complete,1,10006.083333333334,4385.15,1366.0833333333333,158.83333333333334,"{'Part_Desc_': 'Barrel', 'Report_Type': 'S', 'Rework': 'missing', 'Work_Order_Qty': 31.999999225139618}",deviant
Case117,Packing,2012-01-09 23:30:48,2012-01-09 23:30:50,2012-01-10 00:30:50,ID4820,134,0.03932151117964534,0,3.0000000000000004,0.0,75.0,2,23,complete,1,11490.833333333334,60.03333333333333,1410.8333333333333,147.55,"{'Part_Desc_': 'Wheel Shaft', 'Report_Type': 'D', 'Rework': 'missing', 'Work_Order_Qty': 3.0}",regular
Case225,Round Grinding,2012-01-09 16:20:17,2012-01-09 20:11:01,2012-01-10 01:03:01,ID4355,128,0.4379336931380108,0,20.0,0.0,75.0,17,20,complete,1,11291.016666666666,375.73333333333335,1211.0166666666667,157.88333333333333,"{'Part_Desc_': 'Cable Head', 'Report_Type': 'D', 'Rework': 'missing', 'Work_Order_Qty': 185.00000000000003}",deviant
Case259,Turning & Milling,2012-01-09 03:57:39,2012-01-09 23:28:01,2012-01-10 01:10:01,ID4132,119,0.6491904394757132,3,185.0,0.0,1.0,6,7,complete,1,10530.416666666666,634.7833333333333,450.4166666666667,107.6,"{'Part_Desc_': 'Drill', 'Report_Type': 'S', 'Rework': 'missing', 'Work_Order_Qty': 325.0}",regular
Case265,Final Inspection Q.C.,2012-01-09 13:40:01,2012-01-09 19:28:01,2012-01-10 01:15:01,ID4618,128,0.2027756360832691,2,8.0,0.0,75.0,14,16,complete,1,11055.866666666667,458.85,975.8666666666667,162.08333333333334,"{'Part_Desc_': 'O-Ring', 'Report_Type': 'S', 'Rework': 'missing', 'Work_Order_Qty': 9.0}",regular
Case116,Round Grinding,2012-01-09 20:36:29,2012-01-09 20:36:29,2012-01-10 01:15:29,ID4528,131,0.4379336931380108,0,97.0,0.0,60.0,1,20,complete,1,11316.483333333334,11316.483333333334,1236.4833333333333,184.63333333333333,"{'Part_Desc_': 'Clamp', 'Report_Type': 'S', 'Rework': 'missing', 'Work_Order_Qty': 161.0}",regular
Case66,Turning Q.C.,2012-01-09 18:07:44,2012-01-10 01:15:01,2012-01-10 01:16:01,ID4618,130,0,1,10.0,0.0,75.0,3,18,complete,1,11203.066666666668,338.3,1123.0666666666666,161.45,"{'Part_Desc_': 'Ring', 'Report_Type': 'S', 'Rework': 'missing', 'Work_Order_Qty': 10.0}",regular
Case188,Round Grinding,2012-01-09 19:28:01,2012-01-09 23:00:27,2012-01-10 01:30:27,ID4445,131,0.4379336931380108,0,2.0,0.0,244.0,18,23,complete,1,11460.45,525.3166666666667,1380.45,153.46666666666667,"{'Part_Desc_': 'Punch Holder', 'Report_Type': 'D', 'Rework': 'missing', 'Work_Order_Qty': 350.0}",deviant
Case201,Turning & Milling,2012-01-09 00:51:41,2012-01-09 22:53:32,2012-01-10 01:47:32,ID0997,116,0.6491904394757132,6,2.0,0.0,247.0,15,4,complete,1,10325.216666666667,834.35,245.21666666666667,135.38333333333333,"{'Part_Desc_': 'Wheel Shaft', 'Report_Type': 'D', 'Rework': 'missing', 'Work_Order_Qty': 20.0}",regular
19_CF,Final Inspection Q.C.,2012-01-08 23:57:40,2012-01-09 23:31:18,2012-01-10 02:02:58,ID4163,118,0.2027756360832691,10,1.0,0.0,509.9999874830246,3,3,complete,1,10302.4,4179.183333333333,222.4,151.66666666666666,"{'Part_Desc_': 'Barrel', 'Report_Type': 'S', 'Rework': 'missing', 'Work_Order_Qty': 31.999999225139618}",deviant
Case187,Final Inspection Q.C.,2012-01-09 17:27:30,2012-01-09 20:29:54,2012-01-10 02:16:54,ID4493,129,0.2027756360832691,0,2.0,0.0,361.0,18,20,complete,1,11309.366666666667,532.8666666666667,1229.3666666666666,154.1,"{'Part_Desc_': 'Cable Head', 'Report_Type': 'D', 'Rework': 'missing', 'Work_Order_Qty': 200.0}",deviant
Case77,Turning & Milling,2012-01-09 02:37:39,2012-01-09 18:56:52,2012-01-10 02:32:52,ID3846,118,0.6491904394757132,8,3.0,0.0,265.0,3,3,complete,1,10281.233333333334,708.35,201.23333333333332,168.98333333333332,"{'Part_Desc_': 'Gauge', 'Report_Type': 'S', 'Rework': 'missing', 'Work_Order_Qty': 40.0}",regular
Case192,Turning & Milling,2012-01-09 08:02:26,2012-01-10 01:10:01,2012-01-10 02:34:01,ID4132,123,0.6491904394757132,4,60.0,0.0,139.0,5,10,complete,1,10702.233333333334,511.76666666666665,622.2333333333333,124.65,"{'Part_Desc_': 'Piston', 'Report_Type': 'D', 'Rework': 'missing', 'Work_Order_Qty': 200.0}",deviant
Case271,Turning & Milling,2012-01-09 21:12:54,2012-01-10 01:13:18,2012-01-10 02:51:18,ID4429,131,0.6491904394757132,0,1.0,0.0,492.00000000000006,4,1,complete,1,11593.3,5115.35,73.3,124.98333333333333,"{'Part_Desc_': 'Cable Head', 'Report_Type': 'S', 'Rework': 'missing', 'Work_Order_Qty': 150.0}",regular
Case91,Turning & Milling,2012-01-09 21:02:34,2012-01-09 21:02:36,2012-01-10 02:54:36,ID4167,131,0.6491904394757132,0,337.0,0.0,60.00000000000001,2,21,complete,1,11342.6,102.03333333333333,1262.6,143.76666666666668,"{'Part_Desc_': 'Hinge', 'Report_Type': 'S', 'Rework': 'missing', 'Work_Order_Qty': 350.0}",regular
Case273,Lapping,2012-01-09 22:12:01,2012-01-10 01:08:48,2012-01-10 03:08:48,ID0998,132,0.12336160370084812,0,1.0,0.0,189.0,7,1,complete,1,11588.8,184.78333333333333,68.8,163.11666666666667,"{'Part_Desc_': 'Spur Gear', 'Report_Type': 'S', 'Rework': 'missing', 'Work_Order_Qty': 12.0}",regular
Case117,other,2012-01-10 00:30:50,2012-01-10 02:16:54,2012-01-10 03:31:54,ID4493,135,0.0,0,3.0000000000000004,0.0,75.0,3,1,complete,1,11607.0,116.16666666666667,87.0,147.76666666666668,"{'Part_Desc_': 'Wheel Shaft', 'Report_Type': 'D', 'Rework': 'missing', 'Work_Order_Qty': 3.0}",regular
Case178,Grinding Rework,2012-01-09 18:42:10,2012-01-09 22:49:54,2012-01-10 03:48:54,ID4872,131,0.01233616037008481,0,2.0,0.0,299.0,20,22,complete,1,11449.9,389.15,1369.9,151.55,"{'Part_Desc_': 'Cable Head', 'Report_Type': 'D', 'Rework': 'missing', 'Work_Order_Qty': 250.0}",deviant
Case44,Turn & Mill. & Screw Assem,2012-01-09 13:20:19,2012-01-10 02:34:01,2012-01-10 03:57:01,ID4132,128,0,4,105.00000000000001,0.0,75.0,1,13,complete,1,10880.316666666668,10880.316666666668,800.3166666666667,192.91666666666666,"{'Part_Desc_': 'Cast', 'Report_Type': 'S', 'Rework': 'missing', 'Work_Order_Qty': 198.0}",regular
Case72,Packing,2012-01-09 22:09:53,2012-01-10 03:00:07,2012-01-10 04:00:07,ID4820,132,0.03932151117964534,0,12.0,5.0,1.0,8,3,complete,1,11700.116666666667,365.23333333333335,180.11666666666667,163.55,"{'Part_Desc_': 'Spur Gear', 'Report_Type': 'S', 'Rework': 'missing', 'Work_Order_Qty': 12.0}",regular
Case66,Flat Grinding,2012-01-10 01:16:01,2012-01-10 03:15:26,2012-01-10 04:12:26,ID0998,135,0.02467232074016962,0,10.0,0.0,75.0,4,3,complete,1,11715.433333333332,512.3666666666667,195.43333333333334,155.75,"{'Part_Desc_': 'Ring', 'Report_Type': 'S', 'Rework': 'missing', 'Work_Order_Qty': 10.0}",regular
Case91,Turning & Milling,2012-01-10 02:54:36,2012-01-10 03:10:08,2012-01-10 04:55:08,ID4167,137,0.6491904394757132,0,337.0,0.0,60.00000000000001,3,3,complete,1,11710.133333333333,367.53333333333336,190.13333333333333,149.66666666666666,"{'Part_Desc_': 'Hinge', 'Report_Type': 'S', 'Rework': 'missing', 'Work_Order_Qty': 350.0}",regular
Case10,Turning & Milling,2012-01-07 19:54:01,2012-01-09 22:21:23,2012-01-10 05:04:23,ID4794,102,0.6491904394757132,4,100.0,0.0,150.0,5,4,complete,1,8914.283333333333,1626.9,274.28333333333336,121.18333333333334,"{'Part_Desc_': 'Spur Gear', 'Report_Type': 'S', 'Rework': 'missing', 'Work_Order_Qty': 251.0}",regular
22_CF,Flat Grinding,2012-01-09 08:54:49,2012-01-10 02:02:58,2012-01-10 05:07:44,ID4163,124,0.02467232074016962,7,1.0,0.0,1.0,9,11,complete,1,10761.283333333333,1085.0166666666667,681.2833333333333,184.76666666666668,"{'Part_Desc_': 'Barrel', 'Report_Type': 'S', 'Rework': 'missing', 'Work_Order_Qty': 1.0}",deviant
Case1,Turning & Milling,2012-01-07 07:34:20,2012-01-09 23:27:54,2012-01-10 05:46:54,ID4932,99,0.6491904394757132,21,8.0,0.0,217.0,1,7,complete,1,7654.333333333333,7654.333333333333,454.3333333333333,164.76666666666668,"{'Part_Desc_': 'Cable Head', 'Report_Type': 'S', 'Rework': 'missing', 'Work_Order_Qty': 10.0}",regular
Case93,Turning,2012-01-09 04:17:29,2012-01-10 01:47:32,2012-01-10 06:44:32,ID0997,120,0,9,7.0,0.0,393.0,1,4,complete,1,10337.483333333334,10337.483333333334,257.48333333333335,193.61666666666667,"{'Part_Desc_': 'Tube', 'Report_Type': 'S', 'Rework': 'missing', 'Work_Order_Qty': 12.0}",deviant
Case61,Turning & Milling,2012-01-09 06:00:33,2012-01-10 02:32:52,2012-01-10 06:50:52,ID3846,122,0.6491904394757132,7,1.0,0.0,3.0,1,6,complete,1,10440.55,10440.55,360.55,191.2,"{'Part_Desc_': 'Socket', 'Report_Type': 'B', 'Rework': 'missing', 'Work_Order_Qty': 40.0}",regular
Case235,Turning & Milling Q.C.,2012-01-09 09:31:01,2012-01-10 05:07:44,2012-01-10 07:50:44,ID4163,124,0.17424826522744796,6,1.0,0.0,330.0,7,14,complete,1,10969.85,1555.0166666666667,889.85,100.23333333333333,"{'Part_Desc_': 'Flange Bolt', 'Report_Type': 'S', 'Rework': 'missing', 'Work_Order_Qty': 13.0}",regular
Case12,Turning,2012-01-09 18:00:01,2012-01-09 22:27:45,2012-01-10 08:14:45,ID4641,130,0,1,30.0,0.0,111.0,5,19,complete,1,11254.066666666668,1339.0166666666667,1174.0666666666666,141.31666666666666,"{'Part_Desc_': 'Spur Gear', 'Report_Type': 'S', 'Rework': 'missing', 'Work_Order_Qty': 69.0}",regular
Case267,Turning & Milling,2012-01-07 17:47:08,2012-01-09 15:48:45,2012-01-10 08:18:45,ID4529,102,0.6491904394757132,6,9.0,0.0,193.00000000000003,7,1,complete,1,8751.266666666666,1849.0833333333333,111.26666666666667,98.58333333333333,"{'Part_Desc_': 'Punch Holder', 'Report_Type': 'S', 'Rework': 'missing', 'Work_Order_Qty': 350.0}",deviant
20_CF,Turning & Milling,2012-01-08 05:24:23,2012-01-10 05:04:23,2012-01-10 08:18:47,ID4794,107,0.6491904394757132,10,1.0,0.0,217.99999061226845,1,5,complete,1,8964.383333333333,8964.383333333333,324.3833333333333,194.4,"{'Part_Desc_': 'Bearing', 'Report_Type': 'S', 'Rework': 'missing', 'Work_Order_Qty': 162.99999906122684}",deviant
Case201,Turning & Milling Q.C.,2012-01-10 01:47:32,2012-01-10 03:38:51,2012-01-10 08:39:51,ID4493,136,0.17424826522744796,1,2.0,0.0,247.0,16,3,complete,1,11738.85,1413.6333333333334,218.85,137.26666666666668,"{'Part_Desc_': 'Wheel Shaft', 'Report_Type': 'D', 'Rework': 'missing', 'Work_Order_Qty': 20.0}",regular
Case66,Lapping,2012-01-10 04:12:26,2012-01-10 06:49:21,2012-01-10 08:56:21,ID0998,135,0.12336160370084812,0,10.0,0.0,75.0,5,6,complete,1,11929.35,213.91666666666666,409.35,145.66666666666666,"{'Part_Desc_': 'Ring', 'Report_Type': 'S', 'Rework': 'missing', 'Work_Order_Qty': 10.0}",regular
Case72,Packing,2012-01-10 04:00:07,2012-01-10 08:02:51,2012-01-10 09:02:51,ID4820,135,0.03932151117964534,0,12.0,5.0,1.0,9,8,complete,1,12002.85,302.73333333333335,482.85,155.43333333333334,"{'Part_Desc_': 'Spur Gear', 'Report_Type': 'S', 'Rework': 'missing', 'Work_Order_Qty': 12.0}",regular
Case58,Final Inspection Q.C.,2012-01-09 17:25:10,2012-01-10 01:16:01,2012-01-10 09:37:01,ID4618,129,0.2027756360832691,1,28.0,0.0,60.0,5,20,complete,1,11306.05,598.8833333333333,1226.05,158.4,"{'Part_Desc_': 'Adjusting Nut', 'Report_Type': 'S', 'Rework': 'missing', 'Work_Order_Qty': 28.0}",regular
22_CF,Flat Grinding,2012-01-10 05:07:44,2012-01-10 06:53:40,2012-01-10 09:49:56,ID4882,136,0.02467232074016962,0,1.0,0.0,1.0,10,6,complete,1,11933.666666666666,1172.3833333333334,413.6666666666667,176.26666666666668,"{'Part_Desc_': 'Barrel', 'Report_Type': 'S', 'Rework': 'missing', 'Work_Order_Qty': 1.0}",deviant
Case37,Turning & Milling,2012-01-09 04:28:39,2012-01-10 06:44:32,2012-01-10 09:59:32,ID0997,120,0.6491904394757132,10,8.0,0.0,128.0,3,5,complete,1,10403.05,1285.15,323.05,181.51666666666668,"{'Part_Desc_': 'Ballnut', 'Report_Type': 'D', 'Rework': 'missing', 'Work_Order_Qty': 36.0}",regular
10_CF,Turning & Milling,2012-01-09 07:57:57,2012-01-10 06:50:52,2012-01-10 10:03:24,ID3846,123,0.6491904394757132,6,1.0,0.0,257.99999395012856,1,7,complete,1,10557.95,10557.95,477.95,192.53333333333333,"{'Part_Desc_': 'Socket', 'Report_Type': 'B', 'Rework': 'missing', 'Work_Order_Qty': 40.00000066682696}",deviant
Case195,Round Grinding,2012-01-09 20:03:37,2012-01-10 01:15:29,2012-01-10 10:04:29,ID4528,131,0.4379336931380108,0,80.0,0.0,45.0,10,0,complete,1,11538.4,425.78333333333336,18.4,161.61666666666667,"{'Part_Desc_': 'Slip Ring Adapter', 'Report_Type': 'D', 'Rework': 'missing', 'Work_Order_Qty': 80.0}",regular
15_CF,Packing,2012-01-09 12:19:37,2012-01-10 07:50:44,2012-01-10 10:21:08,ID4163,128,0.03932151117964534,6,1.0,0.0,1.0,11,15,complete,1,11029.016666666666,336.4,949.0166666666667,150.4,"{'Part_Desc_': 'Barrel', 'Report_Type': 'S', 'Rework': 'missing', 'Work_Order_Qty': 1.0}",deviant
Case22,Turning & Milling,2012-01-09 06:32:52,2012-01-10 10:03:24,2012-01-10 10:30:24,ID3846,122,0.6491904394757132,8,1.0,0.0,360.0,4,11,complete,1,10748.566666666668,2224.3333333333335,668.5666666666667,116.76666666666667,"{'Part_Desc_': 'Ballnut', 'Report_Type': 'D', 'Rework': 'missing', 'Work_Order_Qty': 5.0}",regular
Case62,Turning & Milling,2012-01-09 15:40:44,2012-01-09 20:17:44,2012-01-10 10:54:44,ID4219,127,0.6491904394757132,2,9.0,0.0,66.00000000000001,2,15,complete,1,11020.766666666666,220.05,940.7666666666667,147.05,"{'Part_Desc_': 'Ballnut', 'Report_Type': 'S', 'Rework': 'missing', 'Work_Order_Qty': 9.0}",deviant
Case40,Turning,2012-01-09 13:57:39,2012-01-10 10:30:24,2012-01-10 10:56:24,ID3846,128,0,7,36.0,0.0,1.0,3,14,complete,1,10963.2,523.9833333333333,883.2,163.01666666666668,"{'Part_Desc_': 'Spur Gear', 'Report_Type': 'S', 'Rework': 'missing', 'Work_Order_Qty': 36.0}",regular
Case39,Turning & Milling,2012-01-09 18:37:45,2012-01-10 08:14:45,2012-01-10 11:22:45,ID4641,131,0.6491904394757132,1,1.0,0.0,67.0,4,20,complete,1,11292.2,282.45,1212.2,153.0,"{'Part_Desc_': 'Spur Gear', 'Report_Type': 'S', 'Rework': 'missing', 'Work_Order_Qty': 10.0}",regular
Case218,other,2012-01-07 09:32:38,2012-01-10 05:46:54,2012-01-10 11:25:54,ID4932,100,0.0,22,148.0,0.0,50.0,1,9,complete,1,7772.633333333333,7772.633333333333,572.6333333333333,196.81666666666666,"{'Part_Desc_': 'Flange', 'Report_Type': 'D', 'Rework': 'missing', 'Work_Order_Qty': 220.99999999999997}",regular
Case188,Round Grinding,2012-01-10 01:30:27,2012-01-10 04:42:00,2012-01-10 11:35:00,ID4445,135,0.4379336931380108,0,2.0,0.0,244.0,19,4,complete,1,11802.0,341.55,282.0,156.26666666666668,"{'Part_Desc_': 'Punch Holder', 'Report_Type': 'D', 'Rework': 'missing', 'Work_Order_Qty': 350.0}",deviant
Case100,Turning & Milling,2012-01-09 15:58:56,2012-01-10 10:54:44,2012-01-10 11:42:44,ID4219,128,0.6491904394757132,2,18.0,0.0,1.0,1,15,complete,1,11038.933333333332,11038.933333333332,958.9333333333333,185.93333333333334,"{'Part_Desc_': 'Ballnut', 'Report_Type': 'D', 'Rework': 'missing', 'Work_Order_Qty': 18.0}",deviant
Case55,Turn & Mill. & Screw Assem,2012-01-09 21:21:01,2012-01-10 11:22:45,2012-01-10 12:31:45,ID4641,131,0,2,59.99999999999999,0.0,60.00000000000001,2,21,complete,1,11361.5,1356.3333333333333,1281.5,156.76666666666668,"{'Part_Desc_': 'Bearing', 'Report_Type': 'S', 'Rework': 'missing', 'Work_Order_Qty': 70.0}",regular
21_CF,Final Inspection Q.C.,2012-01-09 12:57:43,2012-01-10 10:21:08,2012-01-10 12:46:25,ID4163,127,0.2027756360832691,6,1.0,0.0,1.0,8,16,complete,1,11058.283333333333,385.5833333333333,978.2833333333333,145.28333333333333,"{'Part_Desc_': 'Barrel', 'Report_Type': 'S', 'Rework': 'missing', 'Work_Order_Qty': 1.0}",deviant
Case251,Turning & Milling,2012-01-07 06:19:02,2012-01-10 11:25:54,2012-01-10 12:53:54,ID4932,97,0.6491904394757132,22,5.0,0.0,15.0,3,10,complete,1,7838.483333333334,4009.9,638.4833333333333,145.11666666666667,"{'Part_Desc_': 'Cable Head', 'Report_Type': 'S', 'Rework': 'missing', 'Work_Order_Qty': 5.0}",deviant
Case52,Turning & Milling,2012-01-09 20:17:44,2012-01-10 11:42:44,2012-01-10 13:14:44,ID4219,131,0.6491904394757132,2,33.0,0.0,60.0,3,20,complete,1,11309.616666666667,293.93333333333334,1229.6166666666666,148.53333333333333,"{'Part_Desc_': 'Ballnut', 'Report_Type': 'D', 'Rework': 'missing', 'Work_Order_Qty': 75.0}",regular
22_CF,Final Inspection Q.C.,2012-01-10 09:49:56,2012-01-10 10:50:53,2012-01-10 13:28:14,ID4872,140,0.2027756360832691,0,1.0,0.0,1.0,11,10,complete,1,12170.883333333333,237.21666666666667,650.8833333333333,157.35,"{'Part_Desc_': 'Barrel', 'Report_Type': 'S', 'Rework': 'missing', 'Work_Order_Qty': 1.0}",deviant
Case239,Turning & Milling,2012-01-07 20:55:08,2012-01-10 08:18:47,2012-01-10 13:40:47,ID4794,103,0.6491904394757132,4,16.0,0.0,60.0,5,6,complete,1,9014.366666666667,1583.5,374.3666666666667,106.06666666666666,"{'Part_Desc_': 'Ballnut', 'Report_Type': 'S', 'Rework': 'missing', 'Work_Order_Qty': 16.0}",regular
Case58,Laser Marking,2012-01-10 09:37:01,2012-01-10 12:46:20,2012-01-10 14:01:20,ID0998,140,0.06090979182729375,0,28.0,0.0,60.0,6,12,complete,1,12286.333333333334,980.2833333333333,766.3333333333334,152.31666666666666,"{'Part_Desc_': 'Adjusting Nut', 'Report_Type': 'S', 'Rework': 'missing', 'Work_Order_Qty': 28.0}",regular
Case75,Turning & Milling,2012-01-09 05:32:39,2012-01-10 09:59:32,2012-01-10 14:18:32,ID0997,121,0.6491904394757132,10,9.0,0.0,60.0,2,5,complete,1,10412.683333333332,1231.85,332.68333333333334,162.3,"{'Part_Desc_': 'Ballnut', 'Report_Type': 'S', 'Rework': 'missing', 'Work_Order_Qty': 10.0}",regular
Case9,Turning,2012-01-09 14:59:52,2012-01-10 10:56:24,2012-01-10 14:24:24,ID3846,128,0,8,20.0,0.0,60.0,3,16,complete,1,11041.9,1841.7,961.9,170.48333333333332,"{'Part_Desc_': 'Spur Gear', 'Report_Type': 'S', 'Rework': 'missing', 'Work_Order_Qty': 20.0}",regular
Case187,Final Inspection Q.C.,2012-01-10 02:16:54,2012-01-10 08:39:51,2012-01-10 14:35:51,ID4493,136,0.2027756360832691,1,2.0,0.0,361.0,19,5,complete,1,11846.566666666668,537.2,326.56666666666666,150.58333333333334,"{'Part_Desc_': 'Cable Head', 'Report_Type': 'D', 'Rework': 'missing', 'Work_Order_Qty': 200.0}",deviant
Case39,Turning & Milling Q.C.,2012-01-10 11:22:45,2012-01-10 13:56:30,2012-01-10 14:46:30,ID4287,142,0.17424826522744796,0,1.0,0.0,67.0,5,13,complete,1,12356.5,1064.3,836.5,142.76666666666668,"{'Part_Desc_': 'Spur Gear', 'Report_Type': 'S', 'Rework': 'missing', 'Work_Order_Qty': 10.0}",regular
24_CF,Final Inspection Q.C.,2012-01-09 13:12:54,2012-01-10 12:46:25,2012-01-10 15:05:37,ID4163,127,0.2027756360832691,6,1.0,0.0,509.9999874830246,3,16,complete,1,11086.05,4770.466666666666,1006.05,139.2,"{'Part_Desc_': 'Barrel', 'Report_Type': 'S', 'Rework': 'missing', 'Work_Order_Qty': 31.999999225139618}",deviant
Case116,Round Grinding,2012-01-10 01:15:29,2012-01-10 10:04:29,2012-01-10 15:12:29,ID4528,135,0.4379336931380108,1,97.0,0.0,60.0,2,1,complete,1,11595.516666666666,279.03333333333336,75.51666666666667,164.71666666666667,"{'Part_Desc_': 'Clamp', 'Report_Type': 'S', 'Rework': 'missing', 'Work_Order_Qty': 161.0}",regular
Case21,Turning & Milling Q.C.,2012-01-09 22:27:54,2012-01-10 09:37:01,2012-01-10 15:27:01,ID4618,132,0.17424826522744796,2,25.0,0.0,135.0,4,2,complete,1,11695.716666666667,5044.033333333334,175.71666666666667,133.9,"{'Part_Desc_': 'Punch Plate', 'Report_Type': 'S', 'Rework': 'missing', 'Work_Order_Qty': 151.0}",deviant
Case72,Final Inspection Q.C.,2012-01-10 09:02:51,2012-01-10 15:27:01,2012-01-10 15:28:01,ID4618,140,0.2027756360832691,1,12.0,5.0,1.0,10,12,complete,1,12296.783333333333,293.93333333333334,776.7833333333333,139.96666666666667,"{'Part_Desc_': 'Spur Gear', 'Report_Type': 'S', 'Rework': 'missing', 'Work_Order_Qty': 12.0}",regular
Case35,Turning & Milling,2012-01-10 08:56:11,2012-01-10 08:56:11,2012-01-10 16:12:11,ID4429,140,0.6491904394757132,0,13.0,0.0,472.0,1,8,complete,1,12056.183333333332,12056.183333333332,536.1833333333333,187.73333333333332,"{'Part_Desc_': 'Cable Head', 'Report_Type': 'S', 'Rework': 'missing', 'Work_Order_Qty': 14.999999999999998}",regular
Case260,Turning & Milling,2012-01-07 19:35:28,2012-01-10 08:18:45,2012-01-10 16:18:45,ID4529,102,0.6491904394757132,5,18.0,0.0,241.00000000000003,5,2,complete,1,8803.566666666668,1832.2333333333333,163.56666666666666,119.88333333333334,"{'Part_Desc_': 'Ballnut', 'Report_Type': 'S', 'Rework': 'missing', 'Work_Order_Qty': 315.0}",regular
Case273,Round Grinding,2012-01-10 03:08:48,2012-01-10 15:12:29,2012-01-10 16:27:29,ID4528,137,0.4379336931380108,1,1.0,0.0,189.0,8,6,complete,1,11919.483333333334,330.68333333333334,399.48333333333335,153.68333333333334,"{'Part_Desc_': 'Spur Gear', 'Report_Type': 'S', 'Rework': 'missing', 'Work_Order_Qty': 12.0}",regular
Case28,Turning & Milling,2012-01-08 08:45:15,2012-01-10 13:40:47,2012-01-10 16:29:47,ID4794,109,0.6491904394757132,11,1.0,0.0,20.0,1,8,complete,1,9165.25,9165.25,525.25,183.46666666666667,"{'Part_Desc_': 'Ballnut', 'Report_Type': 'S', 'Rework': 'missing', 'Work_Order_Qty': 250.0}",regular
Case238,Turning & Milling,2012-01-08 04:07:36,2012-01-10 16:29:47,2012-01-10 16:40:47,ID4794,105,0.6491904394757132,8,54.0,0.0,643.0,12,10,complete,1,9271.466666666667,1653.6833333333334,631.4666666666667,111.85,"{'Part_Desc_': 'Electrical Contact', 'Report_Type': 'S', 'Rework': 'missing', 'Work_Order_Qty': 320.0}",regular
23_CF,Packing,2012-01-09 21:06:59,2012-01-10 15:05:37,2012-01-10 17:22:39,ID4163,131,0.03932151117964534,6,1.0,0.0,1.0,11,23,complete,1,11464.65,285.3666666666667,1384.65,137.03333333333333,"{'Part_Desc_': 'Barrel', 'Report_Type': 'S', 'Rework': 'missing', 'Work_Order_Qty': 1.0}",deviant
Case206,Round Grinding,2012-01-09 23:27:54,2012-01-10 16:27:29,2012-01-10 17:27:29,ID4528,134,0.4379336931380108,0,6.0,0.0,100.0,9,7,complete,1,11968.116666666667,4488.783333333334,448.1166666666667,115.2,"{'Part_Desc_': 'Cutting Wheel', 'Report_Type': 'D', 'Rework': 'missing', 'Work_Order_Qty': 21.0}",regular
22_CF,Laser Marking,2012-01-10 13:28:14,2012-01-10 15:22:31,2012-01-10 17:40:23,ID4820,142,0.06090979182729375,0,1.0,0.0,1.0,12,15,complete,1,12442.516666666666,271.6333333333333,922.5166666666667,137.86666666666667,"{'Part_Desc_': 'Barrel', 'Report_Type': 'S', 'Rework': 'missing', 'Work_Order_Qty': 1.0}",deviant
Case30,Turning & Milling Q.C.,2012-01-10 13:31:18,2012-01-10 17:22:39,2012-01-10 17:52:39,ID4163,143,0.17424826522744796,1,50.0,0.0,40.00000000000001,1,13,complete,1,12331.3,12331.3,811.3,182.58333333333334,"{'Part_Desc_': 'Cable Head', 'Report_Type': 'D', 'Rework': 'missing', 'Work_Order_Qty': 50.0}",regular
0_CF,Round Grinding,2012-01-07 20:28:19,2012-01-10 16:18:45,2012-01-10 18:04:44,ID4529,103,0.4379336931380108,5,1.0,0.0,1.0,15,4,complete,1,8912.666666666666,619.65,272.6666666666667,105.98333333333333,"{'Part_Desc_': 'Barrel', 'Report_Type': 'S', 'Rework': 'missing', 'Work_Order_Qty': 1.0}",deviant
Case268,Turning & Milling,2012-01-09 04:34:48,2012-01-10 14:18:32,2012-01-10 18:26:32,ID0997,120,0.6491904394757132,9,7.0,0.0,129.0,5,6,complete,1,10445.7,204.4,365.7,137.65,"{'Part_Desc_': 'other', 'Report_Type': 'S', 'Rework': 'missing', 'Work_Order_Qty': 35.0}",regular
Case225,Round Grinding,2012-01-10 01:03:01,2012-01-10 11:35:00,2012-01-10 18:27:00,ID4445,135,0.4379336931380108,0,20.0,0.0,75.0,18,5,complete,1,11825.75,534.7333333333333,305.75,152.26666666666668,"{'Part_Desc_': 'Cable Head', 'Report_Type': 'D', 'Rework': 'missing', 'Work_Order_Qty': 185.00000000000003}",deviant
Case58,Packing,2012-01-10 14:01:20,2012-01-10 17:40:23,2012-01-10 18:40:23,ID4820,143,0.03932151117964534,0,28.0,0.0,60.0,7,16,complete,1,12527.3,240.96666666666667,1007.3,139.91666666666666,"{'Part_Desc_': 'Adjusting Nut', 'Report_Type': 'S', 'Rework': 'missing', 'Work_Order_Qty': 28.0}",regular
Case116,Round Grinding,2012-01-10 15:12:29,2012-01-10 15:56:02,2012-01-10 18:55:02,ID4872,144,0.4379336931380108,0,97.0,0.0,60.0,3,15,complete,1,12476.033333333333,880.5166666666667,956.0333333333333,149.91666666666666,"{'Part_Desc_': 'Clamp', 'Report_Type': 'S', 'Rework': 'missing', 'Work_Order_Qty': 161.0}",regular
Case46,Turning & Milling,2012-01-08 14:20:37,2012-01-10 16:40:47,2012-01-10 19:16:47,ID4794,112,0.6491904394757132,13,10.0,0.0,60.0,4,15,complete,1,9589.883333333333,632.6833333333333,949.8833333333333,134.91666666666666,"{'Part_Desc_': 'Ballnut', 'Report_Type': 'S', 'Rework': 'missing', 'Work_Order_Qty': 10.0}",regular
Case84,Turning & Milling,2012-01-10 00:00:08,2012-01-10 13:14:44,2012-01-10 19:18:44,ID4219,135,0.6491904394757132,2,4.0,0.0,60.0,1,0,complete,1,11520.133333333333,11520.133333333333,0.13333333333333333,183.8,"{'Part_Desc_': 'Piston', 'Report_Type': 'S', 'Rework': 'missing', 'Work_Order_Qty': 14.999999999999998}",regular
Case156,Turning & Milling,2012-01-09 22:27:45,2012-01-10 12:31:45,2012-01-10 19:31:45,ID4641,132,0.6491904394757132,3,45.0,0.0,1.0,2,22,complete,1,11427.783333333333,358.95,1347.7833333333333,152.51666666666668,"{'Part_Desc_': 'Drill', 'Report_Type': 'S', 'Rework': 'missing', 'Work_Order_Qty': 600.0}",regular
Case188,Final Inspection Q.C.,2012-01-10 11:35:00,2012-01-10 15:28:01,2012-01-10 19:32:01,ID4618,142,0.2027756360832691,0,2.0,0.0,244.0,20,14,complete,1,12387.5,585.5,867.5,141.4,"{'Part_Desc_': 'Punch Holder', 'Report_Type': 'D', 'Rework': 'missing', 'Work_Order_Qty': 350.0}",deviant
Case9,Turning Q.C.,2012-01-10 14:24:24,2012-01-10 19:32:01,2012-01-10 19:39:01,ID4618,144,0,1,20.0,0.0,60.0,4,15,complete,1,12479.283333333333,1437.3833333333334,959.2833333333333,157.31666666666666,"{'Part_Desc_': 'Spur Gear', 'Report_Type': 'S', 'Rework': 'missing', 'Work_Order_Qty': 20.0}",regular
Case78,Turning & Milling,2012-01-10 14:06:04,2012-01-10 16:12:11,2012-01-10 19:39:11,ID4429,144,0.6491904394757132,0,26.000000000000004,0.0,304.0,1,14,complete,1,12366.066666666668,12366.066666666668,846.0666666666667,181.31666666666666,"{'Part_Desc_': 'Cable Head', 'Report_Type': 'S', 'Rework': 'missing', 'Work_Order_Qty': 230.0}",regular
Case11,Turning & Milling,2012-01-07 13:12:01,2012-01-10 12:53:54,2012-01-10 19:51:54,ID4932,100,0.6491904394757132,22,97.0,0.0,178.0,6,22,complete,1,8522.933333333332,1482.2166666666667,1322.9333333333334,111.18333333333334,"{'Part_Desc_': 'Spur Gear', 'Report_Type': 'S', 'Rework': 'missing', 'Work_Order_Qty': 100.0}",regular
21_CF,Final Inspection Q.C.,2012-01-10 12:46:25,2012-01-10 17:52:39,2012-01-10 20:23:56,ID4163,142,0.2027756360832691,2,1.0,0.0,1.0,9,15,complete,1,12439.133333333333,1380.85,919.1333333333333,151.28333333333333,"{'Part_Desc_': 'Barrel', 'Report_Type': 'S', 'Rework': 'missing', 'Work_Order_Qty': 1.0}",deviant
Case273,Round Grinding,2012-01-10 16:27:29,2012-01-10 20:15:41,2012-01-10 20:54:41,ID4872,144,0.4379336931380108,0,1.0,0.0,189.0,9,20,complete,1,12735.683333333332,816.2,1215.6833333333334,142.73333333333332,"{'Part_Desc_': 'Spur Gear', 'Report_Type': 'S', 'Rework': 'missing', 'Work_Order_Qty': 12.0}",regular
23_CF,Laser Marking,2012-01-10 17:22:39,2012-01-10 19:12:24,2012-01-10 21:37:28,ID0998,144,0.06090979182729375,0,1.0,0.0,1.0,12,19,complete,1,12672.4,1207.75,1152.4,145.06666666666666,"{'Part_Desc_': 'Barrel', 'Report_Type': 'S', 'Rework': 'missing', 'Work_Order_Qty': 1.0}",deviant
Case116,Packing,2012-01-10 18:55:02,2012-01-10 20:39:56,2012-01-10 21:39:56,ID4820,143,0.03932151117964534,0,97.0,0.0,60.0,4,20,complete,1,12759.933333333332,283.9,1239.9333333333334,130.16666666666666,"{'Part_Desc_': 'Clamp', 'Report_Type': 'S', 'Rework': 'missing', 'Work_Order_Qty': 161.0}",regular
Case78,Turning & Milling,2012-01-10 19:39:11,2012-01-10 19:55:53,2012-01-10 21:40:53,ID4429,142,0.6491904394757132,0,26.000000000000004,0.0,304.0,2,19,complete,1,12715.883333333333,349.81666666666666,1195.8833333333334,149.96666666666667,"{'Part_Desc_': 'Cable Head', 'Report_Type': 'S', 'Rework': 'missing', 'Work_Order_Qty': 230.0}",regular
Case251,Turning & Milling Q.C.,2012-01-10 12:53:54,2012-01-10 20:23:56,2012-01-10 21:44:56,ID4163,142,0.17424826522744796,1,5.0,0.0,15.0,4,16,complete,1,12505.533333333333,4667.05,985.5333333333333,130.95,"{'Part_Desc_': 'Cable Head', 'Report_Type': 'S', 'Rework': 'missing', 'Work_Order_Qty': 5.0}",deviant
Case239,Turning & Milling Q.C.,2012-01-10 13:40:47,2012-01-10 19:45:17,2012-01-10 21:50:17,ID4618,143,0.17424826522744796,1,16.0,0.0,60.0,6,19,complete,1,12705.283333333333,3690.9166666666665,1185.2833333333333,90.11666666666666,"{'Part_Desc_': 'Ballnut', 'Report_Type': 'S', 'Rework': 'missing', 'Work_Order_Qty': 16.0}",regular
Case271,Turning & Milling Q.C.,2012-01-10 02:51:18,2012-01-10 14:35:51,2012-01-10 22:47:51,ID4493,137,0.17424826522744796,0,1.0,0.0,492.00000000000006,5,6,complete,1,11891.55,298.25,371.55,114.16666666666667,"{'Part_Desc_': 'Cable Head', 'Report_Type': 'S', 'Rework': 'missing', 'Work_Order_Qty': 150.0}",regular
Case43,Turning & Milling,2012-01-09 06:21:39,2012-01-10 18:26:32,2012-01-10 23:01:32,ID0997,122,0.6491904394757132,11,26.0,0.0,60.0,2,6,complete,1,10461.683333333332,69.03333333333333,381.68333333333334,156.76666666666668,"{'Part_Desc_': 'Ballnut', 'Report_Type': 'S', 'Rework': 'missing', 'Work_Order_Qty': 26.0}",regular
Case17,Turning,2012-01-10 04:18:06,2012-01-10 19:18:44,2012-01-10 23:12:44,ID4219,136,0,3,40.0,0.0,500.0,1,4,complete,1,11778.1,11778.1,258.1,179.56666666666666,"{'Part_Desc_': 'Clamp', 'Report_Type': 'S', 'Rework': 'missing', 'Work_Order_Qty': 100.0}",regular
Case6,Turning & Milling,2012-01-09 07:02:39,2012-01-10 23:01:32,2012-01-10 23:25:32,ID0997,122,0.6491904394757132,12,17.0,0.0,60.00000000000001,2,7,complete,1,10502.683333333332,1126.4,422.68333333333334,155.11666666666667,"{'Part_Desc_': 'Bearing', 'Report_Type': 'S', 'Rework': 'missing', 'Work_Order_Qty': 73.0}",regular
22_CF,Final Inspection Q.C.,2012-01-10 17:40:23,2012-01-10 21:37:28,2012-01-10 23:40:35,ID0998,144,0.2027756360832691,0,1.0,0.0,1.0,13,20,complete,1,12744.85,302.3333333333333,1224.85,123.11666666666666,"{'Part_Desc_': 'Barrel', 'Report_Type': 'S', 'Rework': 'missing', 'Work_Order_Qty': 1.0}",deviant
Case29,Turning & Milling,2012-01-09 23:28:01,2012-01-10 19:31:45,2012-01-10 23:47:45,ID4641,134,0.6491904394757132,3,48.00000000000001,0.0,30.0,2,23,complete,1,11488.05,1223.0833333333333,1408.05,147.81666666666666,"{'Part_Desc_': 'Cable Head', 'Report_Type': 'S', 'Rework': 'missing', 'Work_Order_Qty': 51.0}",regular
Case43,Turning & Milling Q.C.,2012-01-10 23:01:32,2012-01-10 23:21:18,2012-01-10 23:56:18,ID4618,141,0.17424826522744796,0,26.0,0.0,60.0,3,23,complete,1,12921.3,2459.616666666667,1401.3,150.88333333333333,"{'Part_Desc_': 'Ballnut', 'Report_Type': 'S', 'Rework': 'missing', 'Work_Order_Qty': 26.0}",regular
Case194,Turning & Milling,2012-01-09 13:32:52,2012-01-10 03:57:01,2012-01-11 00:09:01,ID4132,128,0.6491904394757132,5,1.0,0.0,538.0,9,18,complete,1,11181.85,2419.8,1101.85,112.1,"{'Part_Desc_': 'Socket', 'Report_Type': 'S', 'Rework': 'missing', 'Work_Order_Qty': 40.0}",regular
Case259,Turning & Milling,2012-01-10 01:10:01,2012-01-11 00:09:01,2012-01-11 00:25:01,ID4132,135,0.6491904394757132,3,185.0,0.0,1.0,7,3,complete,1,11713.516666666666,1183.1,193.51666666666668,122.1,"{'Part_Desc_': 'Drill', 'Report_Type': 'S', 'Rework': 'missing', 'Work_Order_Qty': 325.0}",regular
Case273,Round Grinding,2012-01-10 20:54:41,2012-01-11 00:10:28,2012-01-11 00:52:28,ID4872,142,0.4379336931380108,0,1.0,0.0,189.0,10,0,complete,1,12970.466666666667,234.78333333333333,10.466666666666667,131.25,"{'Part_Desc_': 'Spur Gear', 'Report_Type': 'S', 'Rework': 'missing', 'Work_Order_Qty': 12.0}",regular
Case9,Lapping,2012-01-10 19:39:01,2012-01-10 23:40:35,2012-01-11 01:04:35,ID0998,142,0.12336160370084812,0,20.0,0.0,60.0,5,21,complete,1,12798.75,319.46666666666664,1278.75,146.56666666666666,"{'Part_Desc_': 'Spur Gear', 'Report_Type': 'S', 'Rework': 'missing', 'Work_Order_Qty': 20.0}",regular
Case206,Round Grinding,2012-01-10 17:27:29,2012-01-10 23:22:04,2012-01-11 01:07:04,ID4528,144,0.4379336931380108,0,6.0,0.0,100.0,10,23,complete,1,12922.066666666668,953.95,1402.0666666666666,99.51666666666667,"{'Part_Desc_': 'Cutting Wheel', 'Report_Type': 'D', 'Rework': 'missing', 'Work_Order_Qty': 21.0}",regular
Case239,other,2012-01-10 21:50:17,2012-01-11 01:09:31,2012-01-11 01:12:31,ID4618,142,0.0,0,16.0,0.0,60.0,7,1,complete,1,13029.516666666666,324.23333333333335,69.51666666666667,92.76666666666667,"{'Part_Desc_': 'Ballnut', 'Report_Type': 'S', 'Rework': 'missing', 'Work_Order_Qty': 16.0}",regular
21_CF,Turning & Milling,2012-01-10 20:23:56,2012-01-10 23:00:54,2012-01-11 01:23:28,ID4882,142,0.6491904394757132,0,1.0,0.0,1.0,10,23,complete,1,12900.9,461.76666666666665,1380.9,142.56666666666666,"{'Part_Desc_': 'Barrel', 'Report_Type': 'S', 'Rework': 'missing', 'Work_Order_Qty': 1.0}",deviant
Case70,Turning & Milling,2012-01-09 17:40:16,2012-01-10 14:24:24,2012-01-11 01:24:24,ID3846,130,0.6491904394757132,7,1.0,0.0,392.00000000000006,1,17,complete,1,11140.266666666666,11140.266666666666,1060.2666666666667,182.88333333333333,"{'Part_Desc_': 'Spindle', 'Report_Type': 'B', 'Rework': 'missing', 'Work_Order_Qty': 33.0}",regular
Case116,Final Inspection Q.C.,2012-01-10 21:39:56,2012-01-11 00:48:37,2012-01-11 01:48:37,ID4163,142,0.2027756360832691,0,97.0,0.0,60.0,5,0,complete,1,13008.616666666667,248.68333333333334,48.61666666666667,120.43333333333334,"{'Part_Desc_': 'Clamp', 'Report_Type': 'S', 'Rework': 'missing', 'Work_Order_Qty': 161.0}",regular
Case195,Round Grinding,2012-01-10 10:04:29,2012-01-10 18:27:00,2012-01-11 02:20:00,ID4445,141,0.4379336931380108,1,80.0,0.0,45.0,11,13,complete,1,12334.7,796.3,814.7,147.0,"{'Part_Desc_': 'Slip Ring Adapter', 'Report_Type': 'D', 'Rework': 'missing', 'Work_Order_Qty': 80.0}",regular
Case242,Turning & Milling,2012-01-08 19:49:21,2012-01-10 19:16:47,2012-01-11 02:35:47,ID4794,115,0.6491904394757132,12,1.0,0.0,49.0,1,19,complete,1,9829.35,9829.35,1189.35,178.53333333333333,"{'Part_Desc_': 'Spur Gear', 'Report_Type': 'S', 'Rework': 'missing', 'Work_Order_Qty': 40.0}",regular
Case245,Turning & Milling,2012-01-09 16:41:52,2012-01-11 01:24:24,2012-01-11 02:47:24,ID3846,129,0.6491904394757132,8,5.0,0.0,634.0,5,19,complete,1,11232.8,1699.1166666666666,1152.8,98.16666666666667,"{'Part_Desc_': 'Cable Head', 'Report_Type': 'B', 'Rework': 'missing', 'Work_Order_Qty': 5.0}",deviant
0_CF,Round Grinding,2012-01-10 18:04:44,2012-01-11 01:23:28,2012-01-11 03:09:01,ID4882,144,0.4379336931380108,0,1.0,0.0,1.0,16,23,complete,1,12902.783333333333,3990.116666666667,1382.7833333333333,105.55,"{'Part_Desc_': 'Barrel', 'Report_Type': 'S', 'Rework': 'missing', 'Work_Order_Qty': 1.0}",deviant
23_CF,Lapping,2012-01-10 21:37:28,2012-01-11 01:04:35,2012-01-11 03:17:33,ID0998,142,0.12336160370084812,2,1.0,0.0,1.0,13,23,complete,1,12934.35,261.95,1414.35,132.96666666666667,"{'Part_Desc_': 'Barrel', 'Report_Type': 'S', 'Rework': 'missing', 'Work_Order_Qty': 1.0}",deviant
Case251,Laser Marking,2012-01-10 21:44:56,2012-01-11 03:17:33,2012-01-11 03:29:33,ID0998,142,0.06090979182729375,1,5.0,0.0,15.0,5,0,complete,1,12995.95,490.4166666666667,35.95,118.51666666666667,"{'Part_Desc_': 'Cable Head', 'Report_Type': 'S', 'Rework': 'missing', 'Work_Order_Qty': 5.0}",deviant
Case102,Turning & Milling,2012-01-10 09:54:00,2012-01-10 23:12:44,2012-01-11 03:41:44,ID4219,141,0.6491904394757132,4,14.999999999999998,0.0,103.99999999999999,1,9,complete,1,12114.0,12114.0,594.0,177.48333333333332,"{'Part_Desc_': 'Spur Gear', 'Report_Type': 'S', 'Rework': 'missing', 'Work_Order_Qty': 24.0}",regular
Case269,Turning & Milling,2012-01-09 06:27:26,2012-01-10 23:25:32,2012-01-11 04:14:32,ID0997,122,0.6491904394757132,12,11.999999999999998,0.0,60.0,9,10,complete,1,10684.383333333333,550.3833333333333,604.3833333333333,115.85,"{'Part_Desc_': 'Ballnut', 'Report_Type': 'S', 'Rework': 'missing', 'Work_Order_Qty': 12.0}",regular
4_CF,Turning & Milling,2012-01-08 20:13:51,2012-01-11 02:35:47,2012-01-11 04:20:36,ID4794,115,0.6491904394757132,13,1.0,0.0,1.0,12,0,complete,1,10119.366666666667,1275.9,39.36666666666667,104.81666666666666,"{'Part_Desc_': 'Barrel', 'Report_Type': 'S', 'Rework': 'missing', 'Work_Order_Qty': 1.0}",deviant
22_CF,Final Inspection Q.C.,2012-01-10 23:40:35,2012-01-11 02:46:20,2012-01-11 04:45:36,ID4820,141,0.2027756360832691,0,1.0,0.0,1.0,14,2,complete,1,13126.333333333334,381.48333333333335,166.33333333333334,119.26666666666667,"{'Part_Desc_': 'Barrel', 'Report_Type': 'S', 'Rework': 'missing', 'Work_Order_Qty': 1.0}",deviant
Case187,Final Inspection Q.C.,2012-01-10 14:35:51,2012-01-10 22:47:51,2012-01-11 04:48:51,ID4493,144,0.2027756360832691,1,2.0,0.0,361.0,20,18,complete,1,12611.866666666667,765.3,1091.8666666666666,142.75,"{'Part_Desc_': 'Cable Head', 'Report_Type': 'D', 'Rework': 'missing', 'Work_Order_Qty': 200.0}",deviant
Case32,Turning & Milling,2012-01-08 11:15:37,2012-01-10 18:04:44,2012-01-11 04:50:44,ID4529,111,0.6491904394757132,7,20.0,5.0,1072.0,3,13,complete,1,9476.766666666666,680.15,836.7666666666667,149.7,"{'Part_Desc_': 'Housing', 'Report_Type': 'S', 'Rework': 'missing', 'Work_Order_Qty': 400.0}",regular
Case250,Milling,2012-01-07 21:02:43,2012-01-10 19:51:54,2012-01-11 04:51:54,ID4932,103,0,20,32.0,0.0,60.0,4,1,complete,1,8725.833333333334,679.5833333333334,85.83333333333333,138.2,"{'Part_Desc_': 'Barrel', 'Report_Type': 'S', 'Rework': 'missing', 'Work_Order_Qty': 32.0}",regular
Case9,Lapping,2012-01-11 01:04:35,2012-01-11 03:29:33,2012-01-11 05:34:33,ID0998,141,0.12336160370084812,2,20.0,0.0,60.0,6,2,complete,1,13113.65,314.9,153.65,135.1,"{'Part_Desc_': 'Spur Gear', 'Report_Type': 'S', 'Rework': 'missing', 'Work_Order_Qty': 20.0}",regular
Case239,Laser Marking,2012-01-11 01:12:31,2012-01-11 05:34:33,2012-01-11 05:47:33,ID0998,141,0.06090979182729375,1,16.0,0.0,60.0,8,3,complete,1,13155.233333333334,125.71666666666667,195.23333333333332,111.96666666666667,"{'Part_Desc_': 'Ballnut', 'Report_Type': 'S', 'Rework': 'missing', 'Work_Order_Qty': 16.0}",regular
21_CF,Packing,2012-01-11 01:23:28,2012-01-11 03:35:50,2012-01-11 05:48:35,ID4163,141,0.03932151117964534,0,1.0,0.0,1.0,11,3,complete,1,13175.833333333334,274.93333333333334,215.83333333333334,132.75,"{'Part_Desc_': 'Barrel', 'Report_Type': 'S', 'Rework': 'missing', 'Work_Order_Qty': 1.0}",deviant
Case229,Turning & Milling,2012-01-09 07:11:45,2012-01-11 04:14:32,2012-01-11 06:20:32,ID0997,122,0.6491904394757132,12,24.0,0.0,60.0,4,12,complete,1,10801.866666666667,2236.766666666667,721.8666666666667,117.86666666666666,"{'Part_Desc_': 'Ballnut', 'Report_Type': 'S', 'Rework': 'missing', 'Work_Order_Qty': 24.0}",regular
Case92,Turning & Milling,2012-01-09 00:52:21,2012-01-11 04:20:36,2012-01-11 06:31:36,ID4794,117,0.6491904394757132,13,3.0000000000000004,0.0,65.0,1,0,complete,1,10132.35,10132.35,52.35,198.4,"{'Part_Desc_': 'Ballnut', 'Report_Type': 'S', 'Rework': 'missing', 'Work_Order_Qty': 4.0}",regular
Case34,Turning & Milling,2012-01-09 18:36:52,2012-01-11 02:47:24,2012-01-11 06:38:24,ID3846,131,0.6491904394757132,8,10.999999999999998,0.0,240.0,3,19,complete,1,11238.483333333334,1615.5333333333333,1158.4833333333333,162.93333333333334,"{'Part_Desc_': 'Housing', 'Report_Type': 'S', 'Rework': 'missing', 'Work_Order_Qty': 20.0}",deviant
Case195,Round Grinding,2012-01-11 02:20:00,2012-01-11 05:13:12,2012-01-11 06:41:12,ID4287,141,0.4379336931380108,0,80.0,0.0,45.0,12,5,complete,1,13273.2,938.5,313.2,134.5,"{'Part_Desc_': 'Slip Ring Adapter', 'Report_Type': 'D', 'Rework': 'missing', 'Work_Order_Qty': 80.0}",regular
Case44,Turn & Mill. & Screw Assem,2012-01-10 03:57:01,2012-01-10 23:47:45,2012-01-11 06:55:45,ID4641,135,0,4,105.00000000000001,0.0,75.0,2,3,complete,1,11757.05,876.7333333333333,237.05,159.53333333333333,"{'Part_Desc_': 'Cast', 'Report_Type': 'S', 'Rework': 'missing', 'Work_Order_Qty': 198.0}",regular
Case251,Turning & Milling Q.C.,2012-01-11 03:29:33,2012-01-11 05:48:35,2012-01-11 07:08:35,ID4163,140,0.17424826522744796,0,5.0,0.0,15.0,6,4,complete,1,13237.183333333332,241.23333333333332,277.18333333333334,115.11666666666666,"{'Part_Desc_': 'Cable Head', 'Report_Type': 'S', 'Rework': 'missing', 'Work_Order_Qty': 5.0}",deviant
Case225,Round Grinding,2012-01-10 18:27:00,2012-01-10 21:57:10,2012-01-11 07:11:10,ID4385,144,0.4379336931380108,0,20.0,0.0,75.0,19,21,complete,1,12837.166666666666,1011.4166666666666,1317.1666666666667,143.9,"{'Part_Desc_': 'Cable Head', 'Report_Type': 'D', 'Rework': 'missing', 'Work_Order_Qty': 185.00000000000003}",deviant
Case192,Turning & Milling,2012-01-10 02:34:01,2012-01-11 00:25:01,2012-01-11 07:28:01,ID4132,136,0.6491904394757132,2,60.0,0.0,139.0,6,4,complete,1,11766.9,1064.6666666666667,246.9,128.28333333333333,"{'Part_Desc_': 'Piston', 'Report_Type': 'D', 'Rework': 'missing', 'Work_Order_Qty': 200.0}",deviant
23_CF,Turning & Milling Q.C.,2012-01-11 03:17:33,2012-01-11 05:35:46,2012-01-11 07:43:43,ID4820,140,0.17424826522744796,0,1.0,0.0,1.0,14,5,complete,1,13295.766666666666,361.4166666666667,335.76666666666665,127.95,"{'Part_Desc_': 'Barrel', 'Report_Type': 'S', 'Rework': 'missing', 'Work_Order_Qty': 1.0}",deviant
Case273,Round Grinding,2012-01-11 00:52:28,2012-01-11 03:39:00,2012-01-11 07:58:00,ID4528,141,0.4379336931380108,0,1.0,0.0,189.0,11,3,complete,1,13179.0,208.53333333333333,219.0,124.41666666666667,"{'Part_Desc_': 'Spur Gear', 'Report_Type': 'S', 'Rework': 'missing', 'Work_Order_Qty': 12.0}",regular
Case269,Turning & Milling Q.C.,2012-01-11 04:14:32,2012-01-11 06:41:12,2012-01-11 08:21:12,ID4287,140,0.17424826522744796,0,11.999999999999998,0.0,60.0,10,6,complete,1,13326.083333333334,2641.7,366.0833333333333,131.58333333333334,"{'Part_Desc_': 'Ballnut', 'Report_Type': 'S', 'Rework': 'missing', 'Work_Order_Qty': 12.0}",regular
4_CF,Lapping,2012-01-11 04:20:36,2012-01-11 06:56:09,2012-01-11 08:58:28,ID0998,140,0.12336160370084812,1,1.0,0.0,1.0,13,6,complete,1,13376.15,3256.7833333333333,416.15,122.31666666666666,"{'Part_Desc_': 'Barrel', 'Report_Type': 'S', 'Rework': 'missing', 'Work_Order_Qty': 1.0}",deviant
Case9,Round Grinding,2012-01-11 05:34:33,2012-01-11 07:59:13,2012-01-11 09:10:13,ID4872,138,0.4379336931380108,0,20.0,0.0,60.0,7,7,complete,1,13439.216666666667,325.56666666666666,479.21666666666664,129.2,"{'Part_Desc_': 'Spur Gear', 'Report_Type': 'S', 'Rework': 'missing', 'Work_Order_Qty': 20.0}",regular
Case251,Lapping,2012-01-11 07:08:35,2012-01-11 09:02:36,2012-01-11 09:22:36,ID4882,138,0.12336160370084812,0,5.0,0.0,15.0,7,9,complete,1,13502.6,265.4166666666667,542.6,120.35,"{'Part_Desc_': 'Cable Head', 'Report_Type': 'S', 'Rework': 'missing', 'Work_Order_Qty': 5.0}",deviant
Case206,Round Grinding,2012-01-11 01:07:04,2012-01-11 07:58:00,2012-01-11 09:38:00,ID4528,141,0.4379336931380108,0,6.0,0.0,100.0,11,4,complete,1,13232.9,310.8333333333333,272.9,109.23333333333333,"{'Part_Desc_': 'Cutting Wheel', 'Report_Type': 'D', 'Rework': 'missing', 'Work_Order_Qty': 21.0}",regular
Case62,Turning & Milling,2012-01-10 10:54:44,2012-01-11 03:41:44,2012-01-11 09:58:44,ID4219,142,0.6491904394757132,5,9.0,0.0,66.00000000000001,3,11,complete,1,12201.666666666666,1180.9,681.6666666666666,150.5,"{'Part_Desc_': 'Ballnut', 'Report_Type': 'S', 'Rework': 'missing', 'Work_Order_Qty': 9.0}",deviant
Case239,Lapping,2012-01-11 05:47:33,2012-01-11 08:58:28,2012-01-11 09:59:28,ID0998,138,0.12336160370084812,0,16.0,0.0,60.0,9,7,complete,1,13430.433333333332,275.2,470.43333333333334,123.55,"{'Part_Desc_': 'Ballnut', 'Report_Type': 'S', 'Rework': 'missing', 'Work_Order_Qty': 16.0}",regular
Case269,Lapping,2012-01-11 08:21:12,2012-01-11 09:59:28,2012-01-11 09:59:28,ID0998,138,0.12336160370084812,1,11.999999999999998,0.0,60.0,11,9,complete,1,13544.933333333332,218.85,584.9333333333333,143.5,"{'Part_Desc_': 'Ballnut', 'Report_Type': 'S', 'Rework': 'missing', 'Work_Order_Qty': 12.0}",regular
Case210,Turning & Milling,2012-01-08 21:49:08,2012-01-11 06:31:36,2012-01-11 10:09:36,ID4794,117,0.6491904394757132,13,21.0,0.0,234.00000000000003,8,1,complete,1,10164.833333333334,2207.616666666667,84.83333333333333,129.23333333333332,"{'Part_Desc_': 'Spur Gear', 'Report_Type': 'D', 'Rework': 'missing', 'Work_Order_Qty': 85.0}",regular
Case41,Turning & Milling,2012-01-09 17:10:01,2012-01-11 06:38:24,2012-01-11 10:12:24,ID3846,129,0.6491904394757132,7,20.0,0.0,263.0,4,19,complete,1,11259.016666666666,578.05,1179.0166666666667,135.6,"{'Part_Desc_': 'Spur Gear', 'Report_Type': 'S', 'Rework': 'missing', 'Work_Order_Qty': 20.0}",regular
Case243,Turning & Milling,2012-01-08 12:55:26,2012-01-11 04:50:44,2012-01-11 10:28:44,ID4529,110,0.6491904394757132,6,9.0,0.0,338.0,4,14,complete,1,9512.283333333333,337.8,872.2833333333333,162.93333333333334,"{'Part_Desc_': 'Spur Gear', 'Report_Type': 'S', 'Rework': 'missing', 'Work_Order_Qty': 10.0}",regular
Case52,Turning & Milling,2012-01-10 13:14:44,2012-01-11 09:58:44,2012-01-11 10:45:44,ID4219,142,0.6491904394757132,4,33.0,0.0,60.0,4,14,complete,1,12378.6,1068.9833333333333,858.6,138.96666666666667,"{'Part_Desc_': 'Ballnut', 'Report_Type': 'D', 'Rework': 'missing', 'Work_Order_Qty': 75.0}",regular
Case225,Lapping,2012-01-11 07:11:10,2012-01-11 09:59:28,2012-01-11 11:14:28,ID0998,138,0.12336160370084812,0,20.0,0.0,75.0,20,9,complete,1,13558.866666666667,721.7,598.8666666666667,131.53333333333333,"{'Part_Desc_': 'Cable Head', 'Report_Type': 'D', 'Rework': 'missing', 'Work_Order_Qty': 185.00000000000003}",deviant
Case116,Round Grinding,2012-01-11 01:48:37,2012-01-11 09:38:00,2012-01-11 11:41:00,ID4528,141,0.4379336931380108,0,97.0,0.0,60.0,6,4,complete,1,13237.35,228.73333333333332,277.35,119.36666666666666,"{'Part_Desc_': 'Clamp', 'Report_Type': 'S', 'Rework': 'missing', 'Work_Order_Qty': 161.0}",regular
Case148,other,2012-01-08 01:24:08,2012-01-11 04:51:54,2012-01-11 11:51:54,ID4932,104,0.0,19,1.0,0.0,75.0,2,1,complete,1,8745.666666666666,4196.983333333334,105.66666666666667,145.86666666666667,"{'Part_Desc_': 'Piston', 'Report_Type': 'D', 'Rework': 'missing', 'Work_Order_Qty': 78.0}",deviant
Case145,Turning,2012-01-09 12:24:44,2012-01-11 06:20:32,2012-01-11 11:52:32,ID0997,127,0,14,35.0,0.0,8.0,2,12,complete,1,10824.766666666666,218.03333333333333,744.7666666666667,166.9,"{'Part_Desc_': 'Ring', 'Report_Type': 'S', 'Rework': 'missing', 'Work_Order_Qty': 35.0}",deviant
Case273,Packing,2012-01-11 07:58:00,2012-01-11 10:53:13,2012-01-11 11:53:13,ID4491,138,0.03932151117964534,0,1.0,0.0,189.0,12,10,complete,1,13613.216666666667,434.21666666666664,653.2166666666667,115.96666666666667,"{'Part_Desc_': 'Spur Gear', 'Report_Type': 'S', 'Rework': 'missing', 'Work_Order_Qty': 12.0}",regular
Case229,Turning Q.C.,2012-01-11 06:20:32,2012-01-11 10:29:11,2012-01-11 12:08:11,ID4287,138,0,1,24.0,0.0,60.0,5,10,complete,1,13589.183333333332,2787.3166666666666,629.1833333333333,112.58333333333333,"{'Part_Desc_': 'Ballnut', 'Report_Type': 'S', 'Rework': 'missing', 'Work_Order_Qty': 24.0}",regular
4_CF,Turning & Milling Q.C.,2012-01-11 08:58:28,2012-01-11 10:15:55,2012-01-11 12:18:13,ID4820,138,0.17424826522744796,0,1.0,0.0,1.0,14,10,complete,1,13575.916666666666,199.76666666666668,615.9166666666666,122.3,"{'Part_Desc_': 'Barrel', 'Report_Type': 'S', 'Rework': 'missing', 'Work_Order_Qty': 1.0}",deviant
Case195,Packing,2012-01-11 06:41:12,2012-01-11 12:18:13,2012-01-11 13:18:13,ID4820,138,0.03932151117964534,0,80.0,0.0,45.0,13,10,complete,1,13581.05,307.85,621.05,129.96666666666667,"{'Part_Desc_': 'Slip Ring Adapter', 'Report_Type': 'D', 'Rework': 'missing', 'Work_Order_Qty': 80.0}",regular
Case269,Laser Marking,2012-01-11 09:59:28,2012-01-11 12:14:49,2012-01-11 13:29:49,ID0998,137,0.06090979182729375,1,11.999999999999998,0.0,60.0,12,12,complete,1,13694.816666666668,149.88333333333333,734.8166666666667,136.38333333333333,"{'Part_Desc_': 'Ballnut', 'Report_Type': 'S', 'Rework': 'missing', 'Work_Order_Qty': 12.0}",regular
Case210,Turning & Milling Q.C.,2012-01-11 10:09:36,2012-01-11 12:11:48,2012-01-11 13:48:48,ID4618,137,0.17424826522744796,0,21.0,0.0,234.00000000000003,9,12,complete,1,13691.8,3526.9666666666667,731.8,109.26666666666667,"{'Part_Desc_': 'Spur Gear', 'Report_Type': 'D', 'Rework': 'missing', 'Work_Order_Qty': 85.0}",regular
2_CF,Milling,2012-01-08 02:09:12,2012-01-11 11:51:54,2012-01-11 14:00:31,ID4932,104,0,20,1.0,0.0,509.9999874830246,4,5,complete,1,8969.1,777.3666666666667,329.1,128.61666666666667,"{'Part_Desc_': 'Barrel', 'Report_Type': 'S', 'Rework': 'missing', 'Work_Order_Qty': 31.999999225139618}",deviant
Case235,Turning & Milling,2012-01-10 07:50:44,2012-01-11 07:28:01,2012-01-11 14:05:01,ID4132,139,0.6491904394757132,2,1.0,0.0,330.0,8,11,complete,1,12194.633333333333,1224.7833333333333,674.6333333333333,106.86666666666666,"{'Part_Desc_': 'Flange Bolt', 'Report_Type': 'S', 'Rework': 'missing', 'Work_Order_Qty': 13.0}",regular
Case75,Turning & Milling,2012-01-10 14:18:32,2012-01-11 10:45:44,2012-01-11 14:10:44,ID4219,144,0.6491904394757132,3,9.0,0.0,60.0,3,14,complete,1,12412.583333333334,1999.9,892.5833333333334,153.95,"{'Part_Desc_': 'Ballnut', 'Report_Type': 'S', 'Rework': 'missing', 'Work_Order_Qty': 10.0}",regular
Case9,Round Grinding,2012-01-11 09:10:13,2012-01-11 11:53:27,2012-01-11 14:55:27,ID4872,138,0.4379336931380108,0,20.0,0.0,60.0,8,11,complete,1,13673.45,234.23333333333332,713.45,131.95,"{'Part_Desc_': 'Spur Gear', 'Report_Type': 'S', 'Rework': 'missing', 'Work_Order_Qty': 20.0}",regular
Case229,Laser Marking,2012-01-11 12:08:11,2012-01-11 14:46:01,2012-01-11 15:11:01,ID0998,135,0.06090979182729375,0,24.0,0.0,60.0,6,14,complete,1,13846.016666666666,256.8333333333333,886.0166666666667,129.45,"{'Part_Desc_': 'Ballnut', 'Report_Type': 'S', 'Rework': 'missing', 'Work_Order_Qty': 24.0}",regular
Case84,Turning & Milling,2012-01-10 19:18:44,2012-01-11 14:10:44,2012-01-11 15:13:44,ID4219,143,0.6491904394757132,5,4.0,0.0,60.0,2,19,complete,1,12703.533333333333,1183.4,1183.5333333333333,159.25,"{'Part_Desc_': 'Piston', 'Report_Type': 'S', 'Rework': 'missing', 'Work_Order_Qty': 14.999999999999998}",regular
Case207,Turning & Milling,2012-01-08 08:27:28,2012-01-11 10:28:44,2012-01-11 15:28:44,ID4529,108,0.6491904394757132,7,56.0,0.0,60.00000000000001,7,14,complete,1,9523.7,1928.65,883.7,111.41666666666667,"{'Part_Desc_': 'Flange', 'Report_Type': 'S', 'Rework': 'missing', 'Work_Order_Qty': 125.0}",regular
Case32,Turning & Milling,2012-01-11 04:50:44,2012-01-11 07:02:08,2012-01-11 15:54:08,ID4429,138,0.6491904394757132,0,20.0,5.0,1072.0,4,7,complete,1,13382.133333333333,3905.366666666667,422.1333333333333,136.41666666666666,"{'Part_Desc_': 'Housing', 'Report_Type': 'S', 'Rework': 'missing', 'Work_Order_Qty': 400.0}",regular
Case209,Turning & Milling,2012-01-09 02:09:09,2012-01-11 10:09:36,2012-01-11 16:02:36,ID4794,118,0.6491904394757132,14,72.0,0.0,60.0,1,2,complete,1,10209.15,10209.15,129.15,191.01666666666668,"{'Part_Desc_': 'Ballnut', 'Report_Type': 'S', 'Rework': 'missing', 'Work_Order_Qty': 168.0}",regular
Case17,Turning,2012-01-10 23:12:44,2012-01-11 15:13:44,2012-01-11 16:09:44,ID4219,141,0,5,40.0,0.0,500.0,2,23,complete,1,12943.216666666667,1165.1166666666666,1423.2166666666667,158.05,"{'Part_Desc_': 'Clamp', 'Report_Type': 'S', 'Rework': 'missing', 'Work_Order_Qty': 100.0}",regular
Case55,Turn & Mill. & Screw Assem,2012-01-10 12:31:45,2012-01-11 06:55:45,2012-01-11 16:17:45,ID4641,142,0,3,59.99999999999999,0.0,60.00000000000001,3,13,complete,1,12308.516666666666,947.0166666666667,788.5166666666667,152.7,"{'Part_Desc_': 'Bearing', 'Report_Type': 'S', 'Rework': 'missing', 'Work_Order_Qty': 70.0}",regular
Case63,Turning & Milling,2012-01-08 17:12:20,2012-01-11 15:28:44,2012-01-11 16:26:44,ID4529,113,0.6491904394757132,9,55.00000000000001,0.0,218.0,1,17,complete,1,9672.333333333334,9672.333333333334,1032.3333333333333,189.41666666666666,"{'Part_Desc_': 'Cable Head', 'Report_Type': 'S', 'Rework': 'missing', 'Work_Order_Qty': 155.0}",regular
Case261,Turning & Milling,2012-01-09 12:29:39,2012-01-11 11:52:32,2012-01-11 16:30:32,ID0997,127,0.6491904394757132,15,60.00000000000001,5.0,1.0,2,12,complete,1,10829.683333333332,1245.0,749.6833333333333,161.1,"{'Part_Desc_': 'Bearing', 'Report_Type': 'S', 'Rework': 'missing', 'Work_Order_Qty': 59.99999999999999}",regular
Case3,Turning & Milling,2012-01-08 05:28:12,2012-01-11 14:00:31,2012-01-11 17:14:31,ID4932,107,0.6491904394757132,19,10.0,0.0,60.0,3,7,complete,1,9085.283333333333,738.3,445.28333333333336,156.61666666666667,"{'Part_Desc_': 'Cable Head', 'Report_Type': 'S', 'Rework': 'missing', 'Work_Order_Qty': 10.0}",regular
Case55,Turning & Milling Q.C.,2012-01-11 16:17:45,2012-01-11 16:54:38,2012-01-11 17:25:38,ID4287,134,0.17424826522744796,0,59.99999999999999,0.0,60.00000000000001,4,16,complete,1,13974.633333333333,1666.1166666666666,1014.6333333333333,139.61666666666667,"{'Part_Desc_': 'Bearing', 'Report_Type': 'S', 'Rework': 'missing', 'Work_Order_Qty': 70.0}",regular
Case239,Final Inspection Q.C.,2012-01-11 09:59:28,2012-01-11 13:48:48,2012-01-11 17:29:48,ID4618,137,0.2027756360832691,0,16.0,0.0,60.0,10,12,complete,1,13724.066666666668,293.6333333333333,764.0666666666667,121.56666666666666,"{'Part_Desc_': 'Ballnut', 'Report_Type': 'S', 'Rework': 'missing', 'Work_Order_Qty': 16.0}",regular
Case77,Turning & Milling,2012-01-10 02:32:52,2012-01-11 10:12:24,2012-01-11 17:30:24,ID3846,136,0.6491904394757132,9,3.0,0.0,265.0,4,3,complete,1,11745.35,1464.1166666666666,225.35,154.46666666666667,"{'Part_Desc_': 'Gauge', 'Report_Type': 'S', 'Rework': 'missing', 'Work_Order_Qty': 40.0}",regular
Case195,Final Inspection Q.C.,2012-01-11 13:18:13,2012-01-11 17:25:38,2012-01-11 18:10:38,ID4287,134,0.2027756360832691,0,80.0,0.0,45.0,14,17,complete,1,13980.45,399.4,1020.45,124.86666666666666,"{'Part_Desc_': 'Slip Ring Adapter', 'Report_Type': 'D', 'Rework': 'missing', 'Work_Order_Qty': 80.0}",regular
8_CF,Turning & Milling,2012-01-09 17:39:11,2012-01-11 16:30:32,2012-01-11 18:26:29,ID0997,129,0.6491904394757132,13,1.0,0.0,113.99999764561653,5,21,complete,1,11353.416666666666,1433.7,1273.4166666666667,115.95,"{'Part_Desc_': 'Ballnut', 'Report_Type': 'S', 'Rework': 'missing', 'Work_Order_Qty': 12.000000308267774}",deviant
Case61,Turning & Milling,2012-01-10 06:50:52,2012-01-11 17:30:24,2012-01-11 18:30:24,ID3846,138,0.6491904394757132,9,1.0,0.0,3.0,2,6,complete,1,11930.9,1490.35,410.9,164.63333333333333,"{'Part_Desc_': 'Socket', 'Report_Type': 'B', 'Rework': 'missing', 'Work_Order_Qty': 40.0}",regular
1_CF,Round Grinding,2012-01-08 15:19:46,2012-01-11 16:26:44,2012-01-11 18:50:04,ID4529,111,0.4379336931380108,9,1.0,0.0,1.0,15,18,complete,1,9723.316666666668,294.25,1083.3166666666666,143.33333333333334,"{'Part_Desc_': 'Barrel', 'Report_Type': 'S', 'Rework': 'missing', 'Work_Order_Qty': 1.0}",deviant
Case6,Turning & Milling,2012-01-10 23:25:32,2012-01-11 16:09:44,2012-01-11 19:12:44,ID4219,141,0.6491904394757132,4,17.0,0.0,60.00000000000001,3,23,complete,1,12959.283333333333,2456.6,1439.2833333333333,150.9,"{'Part_Desc_': 'Bearing', 'Report_Type': 'S', 'Rework': 'missing', 'Work_Order_Qty': 73.0}",regular
Case3,Turning & Milling Q.C.,2012-01-11 17:14:31,2012-01-11 18:35:26,2012-01-11 19:15:26,ID4163,134,0.17424826522744796,0,10.0,0.0,60.0,4,18,complete,1,14075.433333333332,4990.15,1115.4333333333334,139.53333333333333,"{'Part_Desc_': 'Cable Head', 'Report_Type': 'S', 'Rework': 'missing', 'Work_Order_Qty': 10.0}",regular
Case269,Round Grinding,2012-01-11 13:29:49,2012-01-11 16:52:54,2012-01-11 19:22:54,ID4385,134,0.4379336931380108,0,11.999999999999998,0.0,60.0,13,16,complete,1,13972.9,278.0833333333333,1012.9,124.61666666666666,"{'Part_Desc_': 'Ballnut', 'Report_Type': 'S', 'Rework': 'missing', 'Work_Order_Qty': 12.0}",regular
Case229,Flat Grinding,2012-01-11 15:11:01,2012-01-11 17:39:49,2012-01-11 19:50:49,ID0998,134,0.02467232074016962,0,24.0,0.0,60.0,7,17,complete,1,14019.816666666668,173.8,1059.8166666666666,137.01666666666668,"{'Part_Desc_': 'Ballnut', 'Report_Type': 'S', 'Rework': 'missing', 'Work_Order_Qty': 24.0}",regular
Case9,Laser Marking,2012-01-11 14:55:27,2012-01-11 19:50:49,2012-01-11 19:51:49,ID0998,134,0.06090979182729375,0,20.0,0.0,60.0,9,18,complete,1,14075.683333333332,402.23333333333335,1115.6833333333334,129.36666666666667,"{'Part_Desc_': 'Spur Gear', 'Report_Type': 'S', 'Rework': 'missing', 'Work_Order_Qty': 20.0}",regular
17_CF,Turning & Milling,2012-01-09 19:38:32,2012-01-11 18:26:29,2012-01-11 20:19:22,ID0997,131,0.6491904394757132,12,1.0,0.0,113.99999764561653,5,23,complete,1,11468.083333333334,1304.5333333333333,1388.0833333333333,112.88333333333334,"{'Part_Desc_': 'Ballnut', 'Report_Type': 'S', 'Rework': 'missing', 'Work_Order_Qty': 12.000000308267774}",deviant
Case256,Turning,2012-01-09 10:53:40,2012-01-11 16:02:36,2012-01-11 20:19:36,ID4794,125,0,14,1.0,0.0,232.00000000000003,3,14,complete,1,10945.2,4659.05,865.2,141.23333333333332,"{'Part_Desc_': 'Spinner', 'Report_Type': 'D', 'Rework': 'missing', 'Work_Order_Qty': 100.0}",regular
Case31,Turning & Milling,2012-01-08 16:23:43,2012-01-11 17:14:31,2012-01-11 20:27:31,ID4932,113,0.6491904394757132,17,26.0,0.0,545.0,1,16,complete,1,9623.716666666667,9623.716666666667,983.7166666666667,190.73333333333332,"{'Part_Desc_': 'Cable Head', 'Report_Type': 'S', 'Rework': 'missing', 'Work_Order_Qty': 29.999999999999996}",regular
Case258,Turning & Milling,2012-01-08 17:03:28,2012-01-11 18:50:04,2012-01-11 20:37:04,ID4529,112,0.6491904394757132,9,1.0,0.0,309.0,3,18,complete,1,9758.633333333333,1611.4166666666667,1118.6333333333334,148.0,"{'Part_Desc_': 'Ballnut', 'Report_Type': 'S', 'Rework': 'missing', 'Work_Order_Qty': 50.0}",regular
Case3,Laser Marking,2012-01-11 19:15:26,2012-01-11 20:56:38,2012-01-11 21:16:38,ID0998,133,0.06090979182729375,1,10.0,0.0,60.0,5,20,complete,1,14216.633333333333,141.2,1256.6333333333334,127.13333333333334,"{'Part_Desc_': 'Cable Head', 'Report_Type': 'S', 'Rework': 'missing', 'Work_Order_Qty': 10.0}",regular
Case116,Round Grinding,2012-01-11 11:41:00,2012-01-11 14:38:05,2012-01-11 21:20:05,ID4528,135,0.4379336931380108,0,97.0,0.0,60.0,7,14,complete,1,13838.083333333334,600.7333333333333,878.0833333333334,122.08333333333333,"{'Part_Desc_': 'Clamp', 'Report_Type': 'S', 'Rework': 'missing', 'Work_Order_Qty': 161.0}",regular
Case207,Turning & Milling,2012-01-11 15:28:44,2012-01-11 20:25:08,2012-01-11 21:40:08,ID4429,134,0.6491904394757132,0,56.0,0.0,60.00000000000001,8,20,complete,1,14185.133333333333,4661.433333333333,1225.1333333333334,91.35,"{'Part_Desc_': 'Flange', 'Report_Type': 'S', 'Rework': 'missing', 'Work_Order_Qty': 125.0}",regular
Case273,Final Inspection Q.C.,2012-01-11 11:53:13,2012-01-11 17:29:48,2012-01-11 22:34:48,ID4618,135,0.2027756360832691,0,1.0,0.0,189.0,13,15,complete,1,13866.5,253.28333333333333,906.5,116.13333333333334,"{'Part_Desc_': 'Spur Gear', 'Report_Type': 'S', 'Rework': 'missing', 'Work_Order_Qty': 12.0}",regular
Case210,Turning & Milling Q.C.,2012-01-11 13:48:48,2012-01-11 22:34:48,2012-01-11 22:39:48,ID4618,134,0.17424826522744796,1,21.0,0.0,234.00000000000003,10,15,complete,1,13877.533333333333,185.73333333333332,917.5333333333333,125.36666666666666,"{'Part_Desc_': 'Spur Gear', 'Report_Type': 'D', 'Rework': 'missing', 'Work_Order_Qty': 85.0}",regular
3_CF,Milling,2012-01-08 14:09:31,2012-01-11 20:27:31,2012-01-11 22:44:17,ID4932,111,0,18,1.0,0.0,509.9999874830246,4,17,complete,1,9681.016666666666,1085.95,1041.0166666666667,136.76666666666668,"{'Part_Desc_': 'Barrel', 'Report_Type': 'S', 'Rework': 'missing', 'Work_Order_Qty': 31.999999225139618}",deviant
1_CF,Round Grinding,2012-01-11 18:50:04,2012-01-11 20:21:20,2012-01-11 22:45:45,ID4882,133,0.4379336931380108,0,1.0,0.0,1.0,16,20,complete,1,14181.333333333334,4458.016666666666,1221.3333333333333,144.41666666666666,"{'Part_Desc_': 'Barrel', 'Report_Type': 'S', 'Rework': 'missing', 'Work_Order_Qty': 1.0}",deviant
Case102,Turning & Milling,2012-01-11 03:41:44,2012-01-11 19:12:44,2012-01-11 22:49:44,ID4219,140,0.6491904394757132,6,14.999999999999998,0.0,103.99999999999999,2,3,complete,1,13183.533333333333,1069.5333333333333,223.53333333333333,153.05,"{'Part_Desc_': 'Spur Gear', 'Report_Type': 'S', 'Rework': 'missing', 'Work_Order_Qty': 24.0}",regular
Case261,Turning & Milling Q.C.,2012-01-11 16:30:32,2012-01-11 22:39:48,2012-01-11 23:03:48,ID4618,134,0.17424826522744796,2,60.00000000000001,5.0,1.0,3,16,complete,1,13960.783333333333,3131.1,1000.7833333333333,151.76666666666668,"{'Part_Desc_': 'Bearing', 'Report_Type': 'S', 'Rework': 'missing', 'Work_Order_Qty': 59.99999999999999}",regular
Case267,Turning & Milling,2012-01-10 08:18:45,2012-01-11 16:17:45,2012-01-11 23:23:45,ID4641,139,0.6491904394757132,4,9.0,0.0,193.00000000000003,8,14,complete,1,12367.366666666667,3616.1,847.3666666666667,85.25,"{'Part_Desc_': 'Punch Holder', 'Report_Type': 'S', 'Rework': 'missing', 'Work_Order_Qty': 350.0}",deviant
Case229,Laser Marking,2012-01-11 19:50:49,2012-01-11 23:37:43,2012-01-12 00:15:43,ID4882,133,0.06090979182729375,0,24.0,0.0,60.0,8,23,complete,1,14377.716666666667,357.9,1417.7166666666667,116.61666666666666,"{'Part_Desc_': 'Ballnut', 'Report_Type': 'S', 'Rework': 'missing', 'Work_Order_Qty': 24.0}",regular
Case12,Turning,2012-01-10 08:14:45,2012-01-11 18:30:24,2012-01-12 00:17:24,ID3846,139,0,9,30.0,0.0,111.0,6,9,complete,1,12111.4,857.3333333333334,591.4,153.43333333333334,"{'Part_Desc_': 'Spur Gear', 'Report_Type': 'S', 'Rework': 'missing', 'Work_Order_Qty': 69.0}",regular
Case239,Final Inspection Q.C.,2012-01-11 17:29:48,2012-01-11 23:03:48,2012-01-12 00:18:48,ID4618,134,0.2027756360832691,3,16.0,0.0,60.0,11,21,complete,1,14225.966666666667,501.9,1265.9666666666667,118.96666666666667,"{'Part_Desc_': 'Ballnut', 'Report_Type': 'S', 'Rework': 'missing', 'Work_Order_Qty': 16.0}",regular
Case3,Lapping,2012-01-11 21:16:38,2012-01-11 23:30:37,2012-01-12 00:28:37,ID0998,133,0.12336160370084812,0,10.0,0.0,60.0,6,23,complete,1,14370.616666666667,153.98333333333332,1410.6166666666666,133.01666666666668,"{'Part_Desc_': 'Cable Head', 'Report_Type': 'S', 'Rework': 'missing', 'Work_Order_Qty': 10.0}",regular
Case27,Turning & Milling,2012-01-09 22:53:32,2012-01-11 20:19:22,2012-01-12 00:49:22,ID0997,133,0.6491904394757132,12,12.0,0.0,158.0,5,2,complete,1,11662.05,1439.05,142.05,109.36666666666666,"{'Part_Desc_': 'Ballnut', 'Report_Type': 'S', 'Rework': 'missing', 'Work_Order_Qty': 12.0}",regular
Case32,Turning & Milling,2012-01-11 15:54:08,2012-01-11 18:06:57,2012-01-12 01:11:57,ID4167,134,0.6491904394757132,0,20.0,5.0,1072.0,5,18,complete,1,14046.95,664.8166666666667,1086.95,125.33333333333333,"{'Part_Desc_': 'Housing', 'Report_Type': 'S', 'Rework': 'missing', 'Work_Order_Qty': 400.0}",regular
Case210,Laser Marking,2012-01-11 22:39:48,2012-01-12 00:59:37,2012-01-12 01:22:37,ID4882,133,0.06090979182729375,0,21.0,0.0,234.00000000000003,11,0,complete,1,14459.616666666667,582.0833333333334,59.61666666666667,131.93333333333334,"{'Part_Desc_': 'Spur Gear', 'Report_Type': 'D', 'Rework': 'missing', 'Work_Order_Qty': 85.0}",regular
Case62,Turning & Milling,2012-01-11 09:58:44,2012-01-11 22:49:44,2012-01-12 01:24:44,ID4219,137,0.6491904394757132,6,9.0,0.0,66.00000000000001,4,11,complete,1,13620.55,1418.8833333333334,660.55,139.95,"{'Part_Desc_': 'Ballnut', 'Report_Type': 'S', 'Rework': 'missing', 'Work_Order_Qty': 9.0}",deviant
Case9,Final Inspection Q.C.,2012-01-11 19:51:49,2012-01-12 00:03:16,2012-01-12 01:43:16,ID4287,133,0.2027756360832691,0,20.0,0.0,60.0,10,0,complete,1,14403.266666666666,327.5833333333333,3.2666666666666666,115.95,"{'Part_Desc_': 'Spur Gear', 'Report_Type': 'S', 'Rework': 'missing', 'Work_Order_Qty': 20.0}",regular
Case273,Final Inspection Q.C.,2012-01-11 22:34:48,2012-01-12 02:15:54,2012-01-12 02:16:54,ID4618,133,0.2027756360832691,3,1.0,0.0,189.0,14,2,complete,1,14535.9,669.4,135.9,111.18333333333334,"{'Part_Desc_': 'Spur Gear', 'Report_Type': 'S', 'Rework': 'missing', 'Work_Order_Qty': 12.0}",regular
Case207,Turning & Milling,2012-01-11 21:40:08,2012-01-12 01:19:51,2012-01-12 02:34:51,ID4429,133,0.6491904394757132,0,56.0,0.0,60.00000000000001,9,1,complete,1,14479.85,294.71666666666664,79.85,91.41666666666667,"{'Part_Desc_': 'Flange', 'Report_Type': 'S', 'Rework': 'missing', 'Work_Order_Qty': 125.0}",regular
Case48,Turning & Milling,2012-01-08 16:59:36,2012-01-11 22:44:17,2012-01-12 02:51:17,ID4932,112,0.6491904394757132,18,5.0,0.0,148.0,2,18,complete,1,9730.833333333334,1322.7166666666667,1090.8333333333333,166.25,"{'Part_Desc_': 'Cable Head', 'Report_Type': 'S', 'Rework': 'missing', 'Work_Order_Qty': 29.999999999999996}",regular
Case214,Turning & Milling,2012-01-09 14:46:31,2012-01-11 20:19:36,2012-01-12 02:58:36,ID4794,128,0.6491904394757132,14,46.99999999999999,0.0,600.0,1,14,complete,1,10966.516666666666,10966.516666666666,886.5166666666667,185.18333333333334,"{'Part_Desc_': 'Ballnut', 'Report_Type': 'S', 'Rework': 'missing', 'Work_Order_Qty': 150.0}",regular
Case73,Turning & Milling,2012-01-08 18:46:11,2012-01-12 02:51:17,2012-01-12 02:59:17,ID4932,114,0.6491904394757132,20,10.0,5.0,148.0,1,18,complete,1,9766.183333333332,9766.183333333332,1126.1833333333334,201.43333333333334,"{'Part_Desc_': 'Fastener', 'Report_Type': 'S', 'Rework': 'missing', 'Work_Order_Qty': 50.0}",regular
Case3,Round Grinding,2012-01-12 00:28:37,2012-01-12 02:30:30,2012-01-12 03:11:30,ID4445,132,0.4379336931380108,0,10.0,0.0,60.0,7,2,complete,1,14550.5,179.88333333333333,150.5,117.2,"{'Part_Desc_': 'Cable Head', 'Report_Type': 'S', 'Rework': 'missing', 'Work_Order_Qty': 10.0}",regular
10_CF,Turning & Milling,2012-01-10 10:03:24,2012-01-12 00:17:24,2012-01-12 03:13:02,ID3846,141,0.6491904394757132,10,1.0,0.0,257.99999395012856,2,10,complete,1,12123.433333333332,1565.4833333333333,603.4333333333333,175.63333333333333,"{'Part_Desc_': 'Socket', 'Report_Type': 'B', 'Rework': 'missing', 'Work_Order_Qty': 40.00000066682696}",deviant
Case10,Turning & Milling,2012-01-10 05:04:23,2012-01-12 03:13:02,2012-01-12 03:38:02,ID3846,136,0.6491904394757132,9,100.0,0.0,150.0,6,11,complete,1,12193.183333333332,3278.9,673.1833333333333,118.45,"{'Part_Desc_': 'Spur Gear', 'Report_Type': 'S', 'Rework': 'missing', 'Work_Order_Qty': 251.0}",regular
Case52,Turning & Milling,2012-01-11 10:45:44,2012-01-12 01:24:44,2012-01-12 03:51:44,ID4219,136,0.6491904394757132,5,33.0,0.0,60.0,5,11,complete,1,13675.45,1296.85,715.45,131.38333333333333,"{'Part_Desc_': 'Ballnut', 'Report_Type': 'D', 'Rework': 'missing', 'Work_Order_Qty': 75.0}",regular
Case256,Turning Q.C.,2012-01-11 20:19:36,2012-01-12 01:43:16,2012-01-12 04:03:16,ID4287,133,0,0,1.0,0.0,232.00000000000003,4,0,complete,1,14413.366666666667,3468.1666666666665,13.366666666666667,139.08333333333334,"{'Part_Desc_': 'Spinner', 'Report_Type': 'D', 'Rework': 'missing', 'Work_Order_Qty': 100.0}",regular
Case32,Turning & Milling Q.C.,2012-01-12 01:11:57,2012-01-12 02:10:49,2012-01-12 04:11:49,ID4493,132,0.17424826522744796,0,20.0,5.0,1072.0,6,2,complete,1,14530.816666666668,483.8666666666667,130.81666666666666,135.9,"{'Part_Desc_': 'Housing', 'Report_Type': 'S', 'Rework': 'missing', 'Work_Order_Qty': 400.0}",regular
Case145,Turning,2012-01-11 11:52:32,2012-01-12 03:51:44,2012-01-12 04:18:44,ID4219,135,0,5,35.0,0.0,8.0,3,12,complete,1,13707.916666666666,2883.15,747.9166666666666,165.3,"{'Part_Desc_': 'Ring', 'Report_Type': 'S', 'Rework': 'missing', 'Work_Order_Qty': 35.0}",deviant
Case40,Turning,2012-01-10 10:56:24,2012-01-12 03:38:02,2012-01-12 04:26:02,ID3846,142,0,9,36.0,0.0,1.0,4,12,complete,1,12273.616666666667,1310.4166666666667,753.6166666666667,159.58333333333334,"{'Part_Desc_': 'Spur Gear', 'Report_Type': 'S', 'Rework': 'missing', 'Work_Order_Qty': 36.0}",regular
Case267,Turning & Milling Q.C.,2012-01-11 23:23:45,2012-01-12 02:21:05,2012-01-12 04:31:05,ID4618,132,0.17424826522744796,0,9.0,0.0,193.00000000000003,9,2,complete,1,14541.083333333334,2173.7166666666667,141.08333333333334,91.81666666666666,"{'Part_Desc_': 'Punch Holder', 'Report_Type': 'S', 'Rework': 'missing', 'Work_Order_Qty': 350.0}",deviant
Case210,Laser Marking,2012-01-12 01:22:37,2012-01-12 04:11:23,2012-01-12 04:31:23,ID4882,132,0.06090979182729375,0,21.0,0.0,234.00000000000003,12,4,complete,1,14651.383333333333,191.76666666666668,251.38333333333333,109.03333333333333,"{'Part_Desc_': 'Spur Gear', 'Report_Type': 'D', 'Rework': 'missing', 'Work_Order_Qty': 85.0}",regular
Case93,Turning,2012-01-10 06:44:32,2012-01-12 00:49:22,2012-01-12 04:37:22,ID0997,138,0,12,7.0,0.0,393.0,2,6,complete,1,11924.566666666668,1587.0833333333333,404.56666666666666,183.55,"{'Part_Desc_': 'Tube', 'Report_Type': 'S', 'Rework': 'missing', 'Work_Order_Qty': 12.0}",deviant
Case239,Packing,2012-01-12 00:18:48,2012-01-12 03:57:04,2012-01-12 04:57:04,ID4820,132,0.03932151117964534,0,16.0,0.0,60.0,12,3,complete,1,14637.066666666668,411.1,237.06666666666666,116.71666666666667,"{'Part_Desc_': 'Ballnut', 'Report_Type': 'S', 'Rework': 'missing', 'Work_Order_Qty': 16.0}",regular
Case249,Turning & Milling,2012-01-08 14:56:11,2012-01-12 02:59:17,2012-01-12 05:08:17,ID4932,112,0.6491904394757132,18,62.0,0.0,59.99999999999999,6,20,complete,1,9865.466666666667,1998.2333333333333,1225.4666666666667,90.45,"{'Part_Desc_': 'Ballnut', 'Report_Type': 'S', 'Rework': 'missing', 'Work_Order_Qty': 64.0}",regular
Case9,Final Inspection Q.C.,2012-01-12 01:43:16,2012-01-12 05:11:34,2012-01-12 05:12:34,ID4618,132,0.2027756360832691,0,20.0,0.0,60.0,11,5,complete,1,14711.566666666668,308.3,311.56666666666666,107.03333333333333,"{'Part_Desc_': 'Spur Gear', 'Report_Type': 'S', 'Rework': 'missing', 'Work_Order_Qty': 20.0}",regular
Case22,Turning & Milling,2012-01-10 10:30:24,2012-01-11 23:23:45,2012-01-12 05:23:45,ID4641,142,0.6491904394757132,4,1.0,0.0,360.0,5,14,complete,1,12393.85,1645.2833333333333,873.85,110.5,"{'Part_Desc_': 'Ballnut', 'Report_Type': 'D', 'Rework': 'missing', 'Work_Order_Qty': 5.0}",regular
9_CF,Turning & Milling,2012-01-09 13:53:10,2012-01-12 02:58:36,2012-01-12 05:28:22,ID4794,128,0.6491904394757132,13,1.0,0.0,1.0,12,15,complete,1,11028.183333333332,1339.9333333333334,948.1833333333333,149.76666666666668,"{'Part_Desc_': 'Barrel', 'Report_Type': 'S', 'Rework': 'missing', 'Work_Order_Qty': 1.0}",deviant
Case269,Round Grinding,2012-01-11 19:22:54,2012-01-11 23:44:23,2012-01-12 05:42:23,ID4355,133,0.4379336931380108,0,11.999999999999998,0.0,60.0,14,23,complete,1,14384.383333333333,411.48333333333335,1424.3833333333334,122.08333333333333,"{'Part_Desc_': 'Ballnut', 'Report_Type': 'S', 'Rework': 'missing', 'Work_Order_Qty': 12.0}",regular
Case29,Turning & Milling,2012-01-10 23:47:45,2012-01-12 04:26:02,2012-01-12 06:44:02,ID3846,141,0.6491904394757132,9,48.00000000000001,0.0,30.0,3,0,complete,1,12966.883333333333,1478.8333333333333,6.883333333333334,150.68333333333334,"{'Part_Desc_': 'Cable Head', 'Report_Type': 'S', 'Rework': 'missing', 'Work_Order_Qty': 51.0}",regular
Case39,Turning & Milling,2012-01-10 14:46:30,2012-01-12 05:23:45,2012-01-12 07:06:45,ID4641,144,0.6491904394757132,5,1.0,0.0,67.0,6,17,complete,1,12550.716666666667,194.21666666666667,1030.7166666666667,134.86666666666667,"{'Part_Desc_': 'Spur Gear', 'Report_Type': 'S', 'Rework': 'missing', 'Work_Order_Qty': 10.0}",regular
Case230,Turning & Milling,2012-01-08 22:42:28,2012-01-11 20:37:04,2012-01-12 07:07:04,ID4529,116,0.6491904394757132,11,15.000000000000002,5.0,230.0,6,2,complete,1,10204.233333333334,1890.8166666666666,124.23333333333333,136.61666666666667,"{'Part_Desc_': 'Spur Gear', 'Report_Type': 'B', 'Rework': 'missing', 'Work_Order_Qty': 105.00000000000001}",regular
Case229,Final Inspection Q.C.,2012-01-12 00:15:43,2012-01-12 04:23:39,2012-01-12 07:09:39,ID4287,132,0.2027756360832691,1,24.0,0.0,60.0,9,4,complete,1,14663.65,285.93333333333334,263.65,115.5,"{'Part_Desc_': 'Ballnut', 'Report_Type': 'S', 'Rework': 'missing', 'Work_Order_Qty': 24.0}",regular
Case75,Turning & Milling,2012-01-11 14:10:44,2012-01-12 04:18:44,2012-01-12 07:18:44,ID4219,134,0.6491904394757132,7,9.0,0.0,60.0,4,14,complete,1,13840.55,1427.9666666666667,880.55,144.18333333333334,"{'Part_Desc_': 'Ballnut', 'Report_Type': 'S', 'Rework': 'missing', 'Work_Order_Qty': 10.0}",regular
Case10,Turning & Milling,2012-01-12 03:38:02,2012-01-12 06:08:39,2012-01-12 07:30:39,ID4132,132,0.6491904394757132,0,100.0,0.0,150.0,7,6,complete,1,14768.65,2575.4666666666667,368.65,103.38333333333334,"{'Part_Desc_': 'Spur Gear', 'Report_Type': 'S', 'Rework': 'missing', 'Work_Order_Qty': 251.0}",regular
6_CF,Milling,2012-01-08 18:22:00,2012-01-12 05:08:17,2012-01-12 07:31:01,ID4932,113,0,20,1.0,0.0,509.9999874830246,4,20,complete,1,9878.833333333334,1109.9666666666667,1238.8333333333333,142.73333333333332,"{'Part_Desc_': 'Barrel', 'Report_Type': 'S', 'Rework': 'missing', 'Work_Order_Qty': 31.999999225139618}",deviant
Case3,Round Grinding,2012-01-12 03:11:30,2012-01-12 06:03:03,2012-01-12 07:33:03,ID4385,132,0.4379336931380108,0,10.0,0.0,60.0,8,6,complete,1,14763.05,212.55,363.05,112.93333333333334,"{'Part_Desc_': 'Cable Head', 'Report_Type': 'S', 'Rework': 'missing', 'Work_Order_Qty': 10.0}",regular
Case84,Turning & Milling,2012-01-11 15:13:44,2012-01-12 07:18:44,2012-01-12 07:47:44,ID4219,134,0.6491904394757132,7,4.0,0.0,60.0,3,15,complete,1,13899.45,1195.9166666666667,939.45,149.23333333333332,"{'Part_Desc_': 'Piston', 'Report_Type': 'S', 'Rework': 'missing', 'Work_Order_Qty': 14.999999999999998}",regular
Case262,Turning & Milling,2012-01-09 02:42:36,2012-01-12 07:07:04,2012-01-12 08:13:04,ID4529,118,0.6491904394757132,11,1.0,0.0,74.0,2,2,complete,1,10242.633333333333,745.3333333333334,162.63333333333333,173.43333333333334,"{'Part_Desc_': 'Spur Gear', 'Report_Type': 'S', 'Rework': 'missing', 'Work_Order_Qty': 36.0}",regular
Case266,Turning & Milling,2012-01-08 20:42:37,2012-01-12 07:31:01,2012-01-12 08:30:01,ID4932,115,0.6491904394757132,22,131.0,0.0,230.00000000000003,8,22,complete,1,9969.266666666666,558.8833333333333,1329.2666666666667,160.33333333333334,"{'Part_Desc_': 'Cable Head', 'Report_Type': 'D', 'Rework': 'missing', 'Work_Order_Qty': 153.0}",regular
9_CF,Lapping,2012-01-12 05:28:22,2012-01-12 05:42:41,2012-01-12 08:31:14,ID0998,130,0.12336160370084812,0,1.0,0.0,1.0,13,5,complete,1,14742.683333333332,3714.5,342.68333333333334,168.55,"{'Part_Desc_': 'Barrel', 'Report_Type': 'S', 'Rework': 'missing', 'Work_Order_Qty': 1.0}",deviant
Case116,Round Grinding,2012-01-11 21:20:05,2012-01-12 00:33:32,2012-01-12 08:35:32,ID4528,133,0.4379336931380108,0,97.0,0.0,60.0,8,0,complete,1,14433.533333333333,595.45,33.53333333333333,115.26666666666667,"{'Part_Desc_': 'Clamp', 'Report_Type': 'S', 'Rework': 'missing', 'Work_Order_Qty': 161.0}",regular
Case17,Turning,2012-01-11 16:09:44,2012-01-12 07:47:44,2012-01-12 08:38:44,ID4219,134,0,7,40.0,0.0,500.0,3,16,complete,1,13973.366666666667,1030.15,1013.3666666666667,151.78333333333333,"{'Part_Desc_': 'Clamp', 'Report_Type': 'S', 'Rework': 'missing', 'Work_Order_Qty': 100.0}",regular
Case268,Turning & Milling,2012-01-10 18:26:32,2012-01-12 04:37:22,2012-01-12 09:03:22,ID0997,144,0.6491904394757132,10,7.0,0.0,129.0,6,20,complete,1,12745.55,2299.85,1225.55,153.65,"{'Part_Desc_': 'other', 'Report_Type': 'S', 'Rework': 'missing', 'Work_Order_Qty': 35.0}",regular
Case249,Turning & Milling Q.C.,2012-01-12 05:08:17,2012-01-12 07:28:14,2012-01-12 09:08:14,ID4287,131,0.17424826522744796,0,62.0,0.0,59.99999999999999,7,7,complete,1,14848.233333333334,4982.766666666666,448.23333333333335,97.01666666666667,"{'Part_Desc_': 'Ballnut', 'Report_Type': 'S', 'Rework': 'missing', 'Work_Order_Qty': 64.0}",regular
Case273,Final Inspection Q.C.,2012-01-12 02:16:54,2012-01-12 06:00:22,2012-01-12 09:09:22,ID4618,132,0.2027756360832691,0,1.0,0.0,189.0,15,6,complete,1,14760.366666666667,224.46666666666667,360.3666666666667,106.83333333333333,"{'Part_Desc_': 'Spur Gear', 'Report_Type': 'S', 'Rework': 'missing', 'Work_Order_Qty': 12.0}",regular
Case9,Packing,2012-01-12 05:12:34,2012-01-12 08:21:01,2012-01-12 09:21:01,ID4820,131,0.03932151117964534,0,20.0,0.0,60.0,12,8,complete,1,14901.016666666666,189.45,501.01666666666665,108.5,"{'Part_Desc_': 'Spur Gear', 'Report_Type': 'S', 'Rework': 'missing', 'Work_Order_Qty': 20.0}",regular
Case230,Turning & Milling Q.C.,2012-01-12 07:07:04,2012-01-12 09:09:22,2012-01-12 09:24:22,ID4618,130,0.17424826522744796,0,15.000000000000002,5.0,230.0,7,8,complete,1,14906.933333333332,4702.7,506.93333333333334,124.41666666666667,"{'Part_Desc_': 'Spur Gear', 'Report_Type': 'B', 'Rework': 'missing', 'Work_Order_Qty': 105.00000000000001}",regular
Case210,other,2012-01-12 04:31:23,2012-01-12 07:56:37,2012-01-12 10:25:37,ID4882,132,0.0,0,21.0,0.0,234.00000000000003,13,7,complete,1,14876.616666666667,225.23333333333332,476.6166666666667,106.05,"{'Part_Desc_': 'Spur Gear', 'Report_Type': 'D', 'Rework': 'missing', 'Work_Order_Qty': 85.0}",regular
Case269,Round Grinding,2012-01-12 05:42:23,2012-01-12 09:34:15,2012-01-12 10:30:15,ID4528,130,0.4379336931380108,0,11.999999999999998,0.0,60.0,15,9,complete,1,14974.25,589.8666666666667,574.25,122.98333333333333,"{'Part_Desc_': 'Ballnut', 'Report_Type': 'S', 'Rework': 'missing', 'Work_Order_Qty': 12.0}",regular
Case43,Turning & Milling,2012-01-10 23:56:18,2012-01-12 09:03:22,2012-01-12 10:39:22,ID0997,141,0.6491904394757132,8,26.0,0.0,60.0,4,1,complete,1,13045.2,123.9,85.2,136.93333333333334,"{'Part_Desc_': 'Ballnut', 'Report_Type': 'S', 'Rework': 'missing', 'Work_Order_Qty': 26.0}",regular
Case229,Final Inspection Q.C.,2012-01-12 07:09:39,2012-01-12 10:48:45,2012-01-12 11:18:45,ID4287,130,0.2027756360832691,0,24.0,0.0,60.0,10,10,complete,1,15048.75,385.1,648.75,114.0,"{'Part_Desc_': 'Ballnut', 'Report_Type': 'S', 'Rework': 'missing', 'Work_Order_Qty': 24.0}",regular
Case6,Turning & Milling,2012-01-11 19:12:44,2012-01-12 08:38:44,2012-01-12 11:30:44,ID4219,133,0.6491904394757132,7,17.0,0.0,60.00000000000001,4,19,complete,1,14152.883333333333,1193.6,1192.8833333333334,140.26666666666668,"{'Part_Desc_': 'Bearing', 'Report_Type': 'S', 'Rework': 'missing', 'Work_Order_Qty': 73.0}",regular
9_CF,Turning & Milling Q.C.,2012-01-12 08:31:14,2012-01-12 09:21:01,2012-01-12 11:53:25,ID4820,130,0.17424826522744796,0,1.0,0.0,1.0,14,8,complete,1,14922.816666666668,180.13333333333333,522.8166666666667,152.4,"{'Part_Desc_': 'Barrel', 'Report_Type': 'S', 'Rework': 'missing', 'Work_Order_Qty': 1.0}",deviant
Case73,Turning & Milling,2012-01-12 02:59:17,2012-01-12 03:07:15,2012-01-12 12:19:15,ID4429,132,0.6491904394757132,0,10.0,5.0,148.0,2,3,complete,1,14587.25,4821.066666666667,187.25,180.91666666666666,"{'Part_Desc_': 'Fastener', 'Report_Type': 'S', 'Rework': 'missing', 'Work_Order_Qty': 50.0}",regular
Case252,Turning & Milling,2012-01-09 14:07:01,2012-01-12 05:28:22,2012-01-12 12:21:22,ID4794,127,0.6491904394757132,13,12.0,0.0,60.0,5,17,complete,1,11106.25,452.73333333333335,1026.25,137.86666666666667,"{'Part_Desc_': 'Ballnut', 'Report_Type': 'S', 'Rework': 'missing', 'Work_Order_Qty': 12.0}",regular
Case249,Flat Grinding,2012-01-12 09:08:14,2012-01-12 10:15:19,2012-01-12 12:44:19,ID0998,130,0.02467232074016962,0,62.0,0.0,59.99999999999999,8,10,complete,1,15015.316666666668,167.08333333333334,615.3166666666667,119.88333333333334,"{'Part_Desc_': 'Ballnut', 'Report_Type': 'S', 'Rework': 'missing', 'Work_Order_Qty': 64.0}",regular
Case39,Turning & Milling,2012-01-12 07:06:45,2012-01-12 07:52:47,2012-01-12 12:52:47,ID4132,130,0.6491904394757132,0,1.0,0.0,67.0,7,7,complete,1,14872.783333333333,2322.0666666666666,472.78333333333336,124.93333333333334,"{'Part_Desc_': 'Spur Gear', 'Report_Type': 'S', 'Rework': 'missing', 'Work_Order_Qty': 10.0}",regular
Case252,Turning & Milling Q.C.,2012-01-12 12:21:22,2012-01-12 13:10:17,2012-01-12 13:12:17,ID4618,127,0.17424826522744796,0,12.0,0.0,60.0,6,13,complete,1,15190.283333333333,4084.0333333333333,790.2833333333333,149.88333333333333,"{'Part_Desc_': 'Ballnut', 'Report_Type': 'S', 'Rework': 'missing', 'Work_Order_Qty': 12.0}",regular
Case212,Turning & Milling,2012-01-09 18:14:17,2012-01-12 12:21:22,2012-01-12 13:22:22,ID4794,131,0.6491904394757132,16,24.0,0.0,328.0,1,18,complete,1,11174.283333333333,11174.283333333333,1094.2833333333333,184.31666666666666,"{'Part_Desc_': 'Ballnut', 'Report_Type': 'S', 'Rework': 'missing', 'Work_Order_Qty': 66.0}",regular
Case156,Turning & Milling,2012-01-10 19:31:45,2012-01-12 07:06:45,2012-01-12 13:29:45,ID4641,143,0.6491904394757132,6,45.0,0.0,1.0,3,19,complete,1,12709.95,1282.1666666666667,1189.95,152.28333333333333,"{'Part_Desc_': 'Drill', 'Report_Type': 'S', 'Rework': 'missing', 'Work_Order_Qty': 600.0}",regular
Case3,Round Grinding,2012-01-12 07:33:03,2012-01-12 10:21:11,2012-01-12 14:10:11,ID4385,130,0.4379336931380108,0,10.0,0.0,60.0,9,10,complete,1,15021.183333333332,258.1333333333333,621.1833333333333,115.9,"{'Part_Desc_': 'Cable Head', 'Report_Type': 'S', 'Rework': 'missing', 'Work_Order_Qty': 10.0}",regular
Case207,Turning & Milling,2012-01-12 02:34:51,2012-01-12 12:19:15,2012-01-12 14:12:15,ID4429,132,0.6491904394757132,0,56.0,0.0,60.00000000000001,10,4,complete,1,14678.2,198.35,278.2,102.4,"{'Part_Desc_': 'Flange', 'Report_Type': 'S', 'Rework': 'missing', 'Work_Order_Qty': 125.0}",regular
Case209,Turning & Milling,2012-01-11 16:02:36,2012-01-12 10:39:22,2012-01-12 14:16:22,ID0997,134,0.6491904394757132,6,72.0,0.0,60.0,2,16,complete,1,13922.633333333333,3713.483333333333,962.6333333333333,162.65,"{'Part_Desc_': 'Ballnut', 'Report_Type': 'S', 'Rework': 'missing', 'Work_Order_Qty': 168.0}",regular
Case67,Turning & Milling,2012-01-09 00:01:37,2012-01-12 08:30:01,2012-01-12 14:30:01,ID4932,118,0.6491904394757132,21,2.0,0.0,75.0,3,0,complete,1,10112.383333333333,373.23333333333335,32.38333333333333,178.26666666666668,"{'Part_Desc_': 'Cable Head', 'Report_Type': 'S', 'Rework': 'missing', 'Work_Order_Qty': 150.0}",deviant
Case249,Lapping,2012-01-12 12:44:19,2012-01-12 13:28:59,2012-01-12 14:42:59,ID0998,127,0.12336160370084812,0,62.0,0.0,59.99999999999999,9,13,complete,1,15208.983333333334,193.66666666666666,808.9833333333333,153.93333333333334,"{'Part_Desc_': 'Ballnut', 'Report_Type': 'S', 'Rework': 'missing', 'Work_Order_Qty': 64.0}",regular
Case268,Turning & Milling,2012-01-12 09:03:22,2012-01-12 09:29:25,2012-01-12 14:46:25,ID4872,130,0.6491904394757132,0,7.0,0.0,129.0,7,9,complete,1,14969.416666666666,2223.866666666667,569.4166666666666,145.05,"{'Part_Desc_': 'other', 'Report_Type': 'S', 'Rework': 'missing', 'Work_Order_Qty': 35.0}",regular
Case10,Turning & Milling,2012-01-12 07:30:39,2012-01-12 12:52:47,2012-01-12 14:59:47,ID4132,130,0.6491904394757132,0,100.0,0.0,150.0,8,8,complete,1,14920.266666666666,151.61666666666667,520.2666666666667,120.8,"{'Part_Desc_': 'Spur Gear', 'Report_Type': 'S', 'Rework': 'missing', 'Work_Order_Qty': 251.0}",regular
Case20,Turning & Milling,2012-01-09 13:03:28,2012-01-12 13:22:22,2012-01-12 15:24:22,ID4794,127,0.6491904394757132,14,2.0,0.0,17.0,6,19,complete,1,11242.383333333333,2438.4333333333334,1162.3833333333334,101.35,"{'Part_Desc_': 'Punch Plate', 'Report_Type': 'S', 'Rework': 'missing', 'Work_Order_Qty': 170.0}",deviant
Case70,Turning & Milling,2012-01-11 01:24:24,2012-01-12 06:44:02,2012-01-12 15:28:02,ID3846,141,0.6491904394757132,10,1.0,0.0,392.00000000000006,2,1,complete,1,13044.433333333332,1904.1666666666667,84.43333333333334,166.01666666666668,"{'Part_Desc_': 'Spindle', 'Report_Type': 'B', 'Rework': 'missing', 'Work_Order_Qty': 33.0}",regular
Case229,Packing,2012-01-12 11:18:45,2012-01-12 14:33:05,2012-01-12 15:33:05,ID4820,128,0.03932151117964534,0,24.0,0.0,60.0,11,14,complete,1,15273.083333333334,224.33333333333334,873.0833333333334,112.86666666666666,"{'Part_Desc_': 'Ballnut', 'Report_Type': 'S', 'Rework': 'missing', 'Work_Order_Qty': 24.0}",regular
Case73,Turning & Milling,2012-01-12 12:19:15,2012-01-12 12:19:17,2012-01-12 15:48:17,ID4167,127,0.6491904394757132,0,10.0,5.0,148.0,3,12,complete,1,15139.283333333333,552.0333333333333,739.2833333333333,167.81666666666666,"{'Part_Desc_': 'Fastener', 'Report_Type': 'S', 'Rework': 'missing', 'Work_Order_Qty': 50.0}",regular
Case261,Turning & Milling,2012-01-11 23:03:48,2012-01-12 11:30:44,2012-01-12 15:53:44,ID4219,132,0.6491904394757132,6,60.00000000000001,5.0,1.0,4,0,complete,1,14424.483333333334,463.7,24.483333333333334,137.38333333333333,"{'Part_Desc_': 'Bearing', 'Report_Type': 'S', 'Rework': 'missing', 'Work_Order_Qty': 59.99999999999999}",regular
Case210,Lapping,2012-01-12 10:25:37,2012-01-12 14:42:59,2012-01-12 15:57:59,ID0998,128,0.12336160370084812,0,21.0,0.0,234.00000000000003,14,13,complete,1,15231.25,354.6333333333333,831.25,121.16666666666667,"{'Part_Desc_': 'Spur Gear', 'Report_Type': 'D', 'Rework': 'missing', 'Work_Order_Qty': 85.0}",regular
Case38,Turning & Milling,2012-01-09 00:42:37,2012-01-12 14:30:01,2012-01-12 16:02:01,ID4932,117,0.6491904394757132,22,1.0,0.0,278.0,3,1,complete,1,10148.283333333333,165.35,68.28333333333333,173.68333333333334,"{'Part_Desc_': 'Cable Head', 'Report_Type': 'S', 'Rework': 'missing', 'Work_Order_Qty': 53.0}",deviant
Case252,Laser Marking,2012-01-12 13:12:17,2012-01-12 15:57:59,2012-01-12 16:17:59,ID0998,127,0.06090979182729375,0,12.0,0.0,60.0,7,14,complete,1,15293.75,103.46666666666667,893.75,145.71666666666667,"{'Part_Desc_': 'Ballnut', 'Report_Type': 'S', 'Rework': 'missing', 'Work_Order_Qty': 12.0}",regular
8_CF,Turning & Milling,2012-01-11 18:26:29,2012-01-12 14:16:22,2012-01-12 16:28:47,ID0997,133,0.6491904394757132,6,1.0,0.0,113.99999764561653,6,20,complete,1,14166.3,2812.883333333333,1206.3,132.41666666666666,"{'Part_Desc_': 'Ballnut', 'Report_Type': 'S', 'Rework': 'missing', 'Work_Order_Qty': 12.000000308267774}",deviant
Case61,Turning & Milling,2012-01-11 18:30:24,2012-01-12 15:28:02,2012-01-12 16:30:02,ID3846,133,0.6491904394757132,6,1.0,0.0,3.0,3,18,complete,1,14081.5,2150.6,1121.5,152.1,"{'Part_Desc_': 'Socket', 'Report_Type': 'B', 'Rework': 'missing', 'Work_Order_Qty': 40.0}",regular
Case268,Turning & Milling Q.C.,2012-01-12 14:46:25,2012-01-12 15:43:48,2012-01-12 16:58:48,ID4287,127,0.17424826522744796,0,7.0,0.0,129.0,8,15,complete,1,15343.8,374.3833333333333,943.8,128.15,"{'Part_Desc_': 'other', 'Report_Type': 'S', 'Rework': 'missing', 'Work_Order_Qty': 35.0}",regular
Case249,Round Grinding,2012-01-12 14:42:59,2012-01-12 16:25:31,2012-01-12 17:09:31,ID4872,127,0.4379336931380108,0,62.0,0.0,59.99999999999999,10,16,complete,1,15385.516666666666,176.53333333333333,985.5166666666667,137.31666666666666,"{'Part_Desc_': 'Ballnut', 'Report_Type': 'S', 'Rework': 'missing', 'Work_Order_Qty': 64.0}",regular
Case62,Turning & Milling,2012-01-12 01:24:44,2012-01-12 15:53:44,2012-01-12 17:24:44,ID4219,132,0.6491904394757132,7,9.0,0.0,66.00000000000001,5,2,complete,1,14575.483333333334,954.9333333333333,175.48333333333332,132.28333333333333,"{'Part_Desc_': 'Ballnut', 'Report_Type': 'S', 'Rework': 'missing', 'Work_Order_Qty': 9.0}",deviant
Case261,Turning & Milling Q.C.,2012-01-12 15:53:44,2012-01-12 17:29:29,2012-01-12 17:50:29,ID4618,126,0.17424826522744796,0,60.00000000000001,5.0,1.0,5,17,complete,1,15449.483333333334,1025.0,1049.4833333333333,124.45,"{'Part_Desc_': 'Bearing', 'Report_Type': 'S', 'Rework': 'missing', 'Work_Order_Qty': 59.99999999999999}",regular
Case257,Turning & Milling,2012-01-09 03:04:24,2012-01-12 08:13:04,2012-01-12 18:09:04,ID4529,118,0.6491904394757132,12,27.0,0.0,362.99999999999994,5,5,complete,1,10399.433333333332,310.03333333333336,319.43333333333334,164.83333333333334,"{'Part_Desc_': 'Cable Head', 'Report_Type': 'S', 'Rework': 'missing', 'Work_Order_Qty': 150.0}",regular
Case3,Round Grinding,2012-01-12 14:10:11,2012-01-12 17:04:01,2012-01-12 18:28:01,ID4385,127,0.4379336931380108,0,10.0,0.0,60.0,10,17,complete,1,15424.016666666666,402.8333333333333,1024.0166666666667,118.31666666666666,"{'Part_Desc_': 'Cable Head', 'Report_Type': 'S', 'Rework': 'missing', 'Work_Order_Qty': 10.0}",regular
17_CF,Turning & Milling,2012-01-11 20:19:22,2012-01-12 16:28:47,2012-01-12 18:38:51,ID0997,133,0.6491904394757132,6,1.0,0.0,113.99999764561653,6,21,complete,1,14272.7,2804.616666666667,1312.7,130.06666666666666,"{'Part_Desc_': 'Ballnut', 'Report_Type': 'S', 'Rework': 'missing', 'Work_Order_Qty': 12.000000308267774}",deviant
Case116,Round Grinding,2012-01-12 08:35:32,2012-01-12 11:33:34,2012-01-12 19:02:34,ID4528,130,0.4379336931380108,0,97.0,0.0,60.0,9,11,complete,1,15093.566666666668,660.0333333333333,693.5666666666667,104.56666666666666,"{'Part_Desc_': 'Clamp', 'Report_Type': 'S', 'Rework': 'missing', 'Work_Order_Qty': 161.0}",regular
7_CF,Milling,2012-01-08 23:34:14,2012-01-12 16:02:01,2012-01-12 19:15:32,ID4932,117,0,22,1.0,0.0,509.9999874830246,4,1,complete,1,10151.366666666667,1150.9333333333334,71.36666666666666,193.51666666666668,"{'Part_Desc_': 'Barrel', 'Report_Type': 'S', 'Rework': 'missing', 'Work_Order_Qty': 31.999999225139618}",deviant
Case93,Turning,2012-01-12 04:37:22,2012-01-12 17:24:44,2012-01-12 19:56:44,ID4219,132,0,5,7.0,0.0,393.0,3,4,complete,1,14678.85,2754.2833333333333,278.85,170.31666666666666,"{'Part_Desc_': 'Tube', 'Report_Type': 'S', 'Rework': 'missing', 'Work_Order_Qty': 12.0}",deviant
Case223,Turning & Milling,2012-01-09 14:08:39,2012-01-12 18:09:04,2012-01-12 19:59:04,ID4529,127,0.6491904394757132,12,18.0,0.0,49.99999999999999,5,15,complete,1,11027.266666666666,1328.05,947.2666666666667,153.8,"{'Part_Desc_': 'Ballnut', 'Report_Type': 'S', 'Rework': 'missing', 'Work_Order_Qty': 29.999999999999996}",deviant
Case33,Turning & Milling,2012-01-09 21:44:57,2012-01-12 15:24:22,2012-01-12 20:12:22,ID4794,132,0.6491904394757132,17,5.999999999999999,0.0,92.0,1,21,complete,1,11384.95,11384.95,1304.95,184.65,"{'Part_Desc_': 'Ballnut', 'Report_Type': 'S', 'Rework': 'missing', 'Work_Order_Qty': 29.999999999999996}",regular
Case210,Lapping,2012-01-12 15:57:59,2012-01-12 19:13:54,2012-01-12 20:14:54,ID4872,126,0.12336160370084812,0,21.0,0.0,234.00000000000003,15,19,complete,1,15553.9,322.65,1153.9,143.91666666666666,"{'Part_Desc_': 'Spur Gear', 'Report_Type': 'D', 'Rework': 'missing', 'Work_Order_Qty': 85.0}",regular
Case32,Turning & Milling,2012-01-12 04:11:49,2012-01-12 14:12:15,2012-01-12 20:18:15,ID4429,132,0.6491904394757132,0,20.0,5.0,1072.0,7,5,complete,1,14749.0,218.18333333333334,349.0,112.26666666666667,"{'Part_Desc_': 'Housing', 'Report_Type': 'S', 'Rework': 'missing', 'Work_Order_Qty': 400.0}",regular
Case52,Turning & Milling,2012-01-12 03:51:44,2012-01-12 19:56:44,2012-01-12 20:18:44,ID4219,132,0.6491904394757132,7,33.0,0.0,60.0,6,5,complete,1,14720.8,1045.35,320.8,121.46666666666667,"{'Part_Desc_': 'Ballnut', 'Report_Type': 'D', 'Rework': 'missing', 'Work_Order_Qty': 75.0}",regular
Case269,Round Grinding,2012-01-12 10:30:15,2012-01-12 19:02:34,2012-01-12 20:21:34,ID4528,128,0.4379336931380108,0,11.999999999999998,0.0,60.0,16,14,complete,1,15245.766666666666,271.51666666666665,845.7666666666667,115.33333333333333,"{'Part_Desc_': 'Ballnut', 'Report_Type': 'S', 'Rework': 'missing', 'Work_Order_Qty': 12.0}",regular
Case252,Lapping,2012-01-12 16:17:59,2012-01-12 18:43:38,2012-01-12 20:23:38,ID0998,126,0.12336160370084812,0,12.0,0.0,60.0,8,18,complete,1,15523.633333333333,229.88333333333333,1123.6333333333334,136.28333333333333,"{'Part_Desc_': 'Ballnut', 'Report_Type': 'S', 'Rework': 'missing', 'Work_Order_Qty': 12.0}",regular
Case260,Turning & Milling,2012-01-10 16:18:45,2012-01-12 13:29:45,2012-01-12 20:32:45,ID4641,144,0.6491904394757132,5,18.0,0.0,241.00000000000003,6,21,complete,1,12818.0,4014.4333333333334,1298.0,117.36666666666666,"{'Part_Desc_': 'Ballnut', 'Report_Type': 'S', 'Rework': 'missing', 'Work_Order_Qty': 315.0}",regular
Case33,Turning & Milling Q.C.,2012-01-12 20:12:22,2012-01-12 20:12:24,2012-01-12 20:41:24,ID4618,126,0.17424826522744796,0,5.999999999999999,0.0,92.0,2,20,complete,1,15612.4,4227.45,1212.4,167.96666666666667,"{'Part_Desc_': 'Ballnut', 'Report_Type': 'S', 'Rework': 'missing', 'Work_Order_Qty': 29.999999999999996}",regular
Case145,Turning,2012-01-12 04:18:44,2012-01-12 20:18:44,2012-01-12 20:56:44,ID4219,132,0,6,35.0,0.0,8.0,4,5,complete,1,14748.85,1040.9333333333334,348.85,145.63333333333333,"{'Part_Desc_': 'Ring', 'Report_Type': 'S', 'Rework': 'missing', 'Work_Order_Qty': 35.0}",deviant
Case102,Turning & Milling,2012-01-11 22:49:44,2012-01-12 18:38:51,2012-01-12 21:04:51,ID0997,132,0.6491904394757132,6,14.999999999999998,0.0,103.99999999999999,3,23,complete,1,14378.0,1194.4666666666667,1418.0,142.61666666666667,"{'Part_Desc_': 'Spur Gear', 'Report_Type': 'S', 'Rework': 'missing', 'Work_Order_Qty': 24.0}",regular
Case27,Turning & Milling,2012-01-12 00:49:22,2012-01-12 21:04:51,2012-01-12 21:08:51,ID0997,132,0.6491904394757132,7,12.0,0.0,158.0,6,1,complete,1,14498.516666666666,2836.4666666666667,98.51666666666667,125.43333333333334,"{'Part_Desc_': 'Ballnut', 'Report_Type': 'S', 'Rework': 'missing', 'Work_Order_Qty': 12.0}",regular
Case84,Turning & Milling,2012-01-12 07:47:44,2012-01-12 20:56:44,2012-01-12 21:12:44,ID4219,130,0.6491904394757132,7,4.0,0.0,60.0,4,8,complete,1,14915.9,1016.45,515.9,128.38333333333333,"{'Part_Desc_': 'Piston', 'Report_Type': 'S', 'Rework': 'missing', 'Work_Order_Qty': 14.999999999999998}",regular
Case261,Flat Grinding,2012-01-12 17:50:29,2012-01-12 20:17:56,2012-01-12 21:32:56,ID4882,126,0.02467232074016962,0,60.00000000000001,5.0,1.0,6,20,complete,1,15617.933333333332,168.45,1217.9333333333334,110.9,"{'Part_Desc_': 'Bearing', 'Report_Type': 'S', 'Rework': 'missing', 'Work_Order_Qty': 59.99999999999999}",regular
Case11,Turning & Milling,2012-01-10 19:51:54,2012-01-12 20:32:45,2012-01-12 21:47:45,ID4641,142,0.6491904394757132,6,97.0,0.0,178.0,7,2,complete,1,13093.866666666667,4570.933333333333,133.86666666666667,96.9,"{'Part_Desc_': 'Spur Gear', 'Report_Type': 'S', 'Rework': 'missing', 'Work_Order_Qty': 100.0}",regular
Case55,Turn & Mill. & Screw Assem,2012-01-11 17:25:38,2012-01-12 16:30:02,2012-01-12 22:11:02,ID3846,134,0,7,59.99999999999999,0.0,60.00000000000001,5,19,complete,1,14126.8,152.16666666666666,1166.8,131.0,"{'Part_Desc_': 'Bearing', 'Report_Type': 'S', 'Rework': 'missing', 'Work_Order_Qty': 70.0}",regular
12_CF,Turning & Milling,2012-01-09 20:52:28,2012-01-12 20:12:22,2012-01-12 22:32:52,ID4794,131,0.6491904394757132,17,1.0,0.0,1.0,12,22,complete,1,11438.7,1543.5,1358.7,140.5,"{'Part_Desc_': 'Barrel', 'Report_Type': 'S', 'Rework': 'missing', 'Work_Order_Qty': 1.0}",deviant
Case17,Turning,2012-01-12 08:38:44,2012-01-12 21:12:44,2012-01-12 22:34:44,ID4219,130,0,7,40.0,0.0,500.0,4,9,complete,1,14997.55,1024.1833333333334,597.55,132.06666666666666,"{'Part_Desc_': 'Clamp', 'Report_Type': 'S', 'Rework': 'missing', 'Work_Order_Qty': 100.0}",regular
Case145,Turning Q.C.,2012-01-12 20:56:44,2012-01-12 22:58:16,2012-01-12 22:59:16,ID4618,126,0,0,35.0,0.0,8.0,5,22,complete,1,15778.266666666666,1029.4166666666667,1378.2666666666667,133.63333333333333,"{'Part_Desc_': 'Ring', 'Report_Type': 'S', 'Rework': 'missing', 'Work_Order_Qty': 35.0}",deviant
Case102,Turning & Milling Q.C.,2012-01-12 21:04:51,2012-01-12 22:16:37,2012-01-12 23:06:37,ID4287,126,0.17424826522744796,0,14.999999999999998,0.0,103.99999999999999,4,22,complete,1,15736.616666666667,1358.6166666666666,1336.6166666666666,125.3,"{'Part_Desc_': 'Spur Gear', 'Report_Type': 'S', 'Rework': 'missing', 'Work_Order_Qty': 24.0}",regular
Case116,Round Grinding,2012-01-12 19:02:34,2012-01-12 22:33:00,2012-01-12 23:54:00,ID4528,126,0.4379336931380108,1,97.0,0.0,60.0,10,22,complete,1,15753.0,659.4333333333333,1353.0,107.51666666666667,"{'Part_Desc_': 'Clamp', 'Report_Type': 'S', 'Rework': 'missing', 'Work_Order_Qty': 161.0}",regular
Case249,Round Grinding,2012-01-12 17:09:31,2012-01-12 20:12:36,2012-01-13 00:06:36,ID4385,126,0.4379336931380108,0,62.0,0.0,59.99999999999999,11,20,complete,1,15612.6,227.08333333333334,1212.6,135.55,"{'Part_Desc_': 'Ballnut', 'Report_Type': 'S', 'Rework': 'missing', 'Work_Order_Qty': 64.0}",regular
Case75,Turning & Milling,2012-01-12 07:18:44,2012-01-12 21:08:51,2012-01-13 00:38:51,ID0997,130,0.6491904394757132,6,9.0,0.0,60.0,5,8,complete,1,14884.65,1044.1,484.65,127.91666666666667,"{'Part_Desc_': 'Ballnut', 'Report_Type': 'S', 'Rework': 'missing', 'Work_Order_Qty': 10.0}",regular
10_CF,Turning & Milling,2012-01-12 03:13:02,2012-01-12 22:11:02,2012-01-13 00:48:58,ID3846,132,0.6491904394757132,6,1.0,0.0,257.99999395012856,3,3,complete,1,14593.066666666668,2469.633333333333,193.06666666666666,157.93333333333334,"{'Part_Desc_': 'Socket', 'Report_Type': 'B', 'Rework': 'missing', 'Work_Order_Qty': 40.00000066682696}",deviant
Case3,Round Grinding,2012-01-12 18:28:01,2012-01-13 00:06:36,2012-01-13 00:54:36,ID4385,126,0.4379336931380108,0,10.0,0.0,60.0,11,21,complete,1,15691.0,266.98333333333335,1291.0,130.21666666666667,"{'Part_Desc_': 'Cable Head', 'Report_Type': 'S', 'Rework': 'missing', 'Work_Order_Qty': 10.0}",regular
Case210,Lapping,2012-01-12 20:14:54,2012-01-12 23:42:49,2012-01-13 00:57:49,ID4882,126,0.12336160370084812,0,21.0,0.0,234.00000000000003,16,23,complete,1,15822.816666666668,268.9166666666667,1422.8166666666666,139.7,"{'Part_Desc_': 'Spur Gear', 'Report_Type': 'D', 'Rework': 'missing', 'Work_Order_Qty': 85.0}",regular
Case269,Final Inspection Q.C.,2012-01-12 20:21:34,2012-01-12 23:29:58,2012-01-13 01:09:58,ID4287,126,0.2027756360832691,0,11.999999999999998,0.0,60.0,17,23,complete,1,15809.966666666667,564.2,1409.9666666666667,105.53333333333333,"{'Part_Desc_': 'Ballnut', 'Report_Type': 'S', 'Rework': 'missing', 'Work_Order_Qty': 12.0}",regular
12_CF,Lapping,2012-01-12 22:32:52,2012-01-12 22:53:11,2012-01-13 01:28:20,ID0998,126,0.12336160370084812,0,1.0,0.0,1.0,13,22,complete,1,15773.183333333332,4334.483333333334,1373.1833333333334,155.15,"{'Part_Desc_': 'Barrel', 'Report_Type': 'S', 'Rework': 'missing', 'Work_Order_Qty': 1.0}",deviant
Case261,Laser Marking,2012-01-12 21:32:56,2012-01-13 01:28:20,2012-01-13 02:06:20,ID0998,126,0.06090979182729375,0,60.00000000000001,5.0,1.0,7,0,complete,1,15869.25,251.31666666666666,29.25,111.05,"{'Part_Desc_': 'Bearing', 'Report_Type': 'S', 'Rework': 'missing', 'Work_Order_Qty': 59.99999999999999}",regular
Case256,Turning,2012-01-12 04:03:16,2012-01-13 00:38:51,2012-01-13 02:38:51,ID0997,132,0,7,1.0,0.0,232.00000000000003,5,8,complete,1,14885.0,471.6333333333333,485.0,118.15,"{'Part_Desc_': 'Spinner', 'Report_Type': 'D', 'Rework': 'missing', 'Work_Order_Qty': 100.0}",regular
Case11,Turning & Milling Q.C.,2012-01-12 21:47:45,2012-01-13 01:09:58,2012-01-13 02:47:58,ID4287,126,0.17424826522744796,0,97.0,0.0,178.0,8,0,complete,1,15843.266666666666,2749.4,3.2666666666666666,94.81666666666666,"{'Part_Desc_': 'Spur Gear', 'Report_Type': 'S', 'Rework': 'missing', 'Work_Order_Qty': 100.0}",regular
Case43,Turning & Milling,2012-01-12 10:39:22,2012-01-12 22:34:44,2012-01-13 03:10:44,ID4219,128,0.6491904394757132,7,26.0,0.0,60.0,5,11,complete,1,15102.25,2057.05,702.25,125.2,"{'Part_Desc_': 'Ballnut', 'Report_Type': 'S', 'Rework': 'missing', 'Work_Order_Qty': 26.0}",regular
Case62,Turning & Milling,2012-01-12 17:24:44,2012-01-13 03:10:44,2012-01-13 03:52:44,ID4219,126,0.6491904394757132,6,9.0,0.0,66.00000000000001,6,18,complete,1,15521.533333333333,946.05,1121.5333333333333,114.56666666666666,"{'Part_Desc_': 'Ballnut', 'Report_Type': 'S', 'Rework': 'missing', 'Work_Order_Qty': 9.0}",deviant
Case240,Turning & Milling,2012-01-09 16:41:28,2012-01-12 19:59:04,2012-01-13 03:58:04,ID4529,129,0.6491904394757132,12,1.0,0.0,195.0,2,16,complete,1,11081.5,2267.5833333333335,1001.5,158.81666666666666,"{'Part_Desc_': 'Bearing', 'Report_Type': 'S', 'Rework': 'missing', 'Work_Order_Qty': 163.0}",regular
Case260,Turning & Milling Q.C.,2012-01-12 20:32:45,2012-01-12 22:59:16,2012-01-13 04:12:16,ID4618,126,0.17424826522744796,0,18.0,0.0,241.00000000000003,7,22,complete,1,15778.316666666668,2960.3166666666666,1378.3166666666666,100.98333333333333,"{'Part_Desc_': 'Ballnut', 'Report_Type': 'S', 'Rework': 'missing', 'Work_Order_Qty': 315.0}",regular
Case116,Packing,2012-01-12 23:54:00,2012-01-13 03:27:31,2012-01-13 04:27:31,ID4820,126,0.03932151117964534,0,97.0,0.0,60.0,11,3,complete,1,16047.516666666666,294.51666666666665,207.51666666666668,110.35,"{'Part_Desc_': 'Clamp', 'Report_Type': 'S', 'Rework': 'missing', 'Work_Order_Qty': 161.0}",regular
Case32,Turning & Milling Q.C.,2012-01-12 20:18:15,2012-01-12 22:44:41,2012-01-13 04:31:41,ID4493,126,0.17424826522744796,0,20.0,5.0,1072.0,8,22,complete,1,15764.683333333332,1015.6833333333333,1364.6833333333334,110.21666666666667,"{'Part_Desc_': 'Housing', 'Report_Type': 'S', 'Rework': 'missing', 'Work_Order_Qty': 400.0}",regular
Case252,Final Inspection Q.C.,2012-01-12 20:23:38,2012-01-13 04:12:16,2012-01-13 04:49:16,ID4618,126,0.2027756360832691,0,12.0,0.0,60.0,9,23,complete,1,15800.633333333333,277.0,1400.6333333333334,127.41666666666667,"{'Part_Desc_': 'Ballnut', 'Report_Type': 'S', 'Rework': 'missing', 'Work_Order_Qty': 12.0}",regular
Case245,Turning & Milling,2012-01-11 02:47:24,2012-01-12 21:47:45,2012-01-13 04:55:45,ID4641,141,0.6491904394757132,7,5.0,0.0,634.0,6,3,complete,1,13195.633333333333,1962.8333333333333,235.63333333333333,111.51666666666667,"{'Part_Desc_': 'Cable Head', 'Report_Type': 'B', 'Rework': 'missing', 'Work_Order_Qty': 5.0}",deviant
Case93,Turning,2012-01-12 19:56:44,2012-01-13 03:52:44,2012-01-13 05:04:44,ID4219,126,0,6,7.0,0.0,393.0,4,20,complete,1,15637.4,958.55,1237.4,145.08333333333334,"{'Part_Desc_': 'Tube', 'Report_Type': 'S', 'Rework': 'missing', 'Work_Order_Qty': 12.0}",deviant
Case20,Turning & Milling,2012-01-12 15:24:22,2012-01-12 20:18:15,2012-01-13 05:15:15,ID4429,127,0.6491904394757132,0,2.0,0.0,17.0,7,18,complete,1,15484.616666666667,4242.233333333334,1084.6166666666666,111.0,"{'Part_Desc_': 'Punch Plate', 'Report_Type': 'S', 'Rework': 'missing', 'Work_Order_Qty': 170.0}",deviant
Case249,Round Grinding,2012-01-13 00:06:36,2012-01-13 04:51:12,2012-01-13 06:05:12,ID4385,126,0.4379336931380108,1,62.0,0.0,59.99999999999999,12,4,complete,1,16131.2,518.6,291.2,134.61666666666667,"{'Part_Desc_': 'Ballnut', 'Report_Type': 'S', 'Rework': 'missing', 'Work_Order_Qty': 64.0}",regular
Case19,Turning & Milling,2012-01-09 01:09:14,2012-01-12 19:15:32,2012-01-13 06:05:32,ID4932,117,0.6491904394757132,23,4.0,0.0,60.0,3,1,complete,1,10190.616666666667,920.9666666666667,110.61666666666666,181.63333333333333,"{'Part_Desc_': 'Cable Head', 'Report_Type': 'S', 'Rework': 'missing', 'Work_Order_Qty': 33.0}",deviant
Case43,Turning & Milling Q.C.,2012-01-13 03:10:44,2012-01-13 06:02:11,2012-01-13 06:13:11,ID4618,126,0.17424826522744796,1,26.0,0.0,60.0,6,6,complete,1,16202.183333333332,1099.9333333333334,362.18333333333334,109.13333333333334,"{'Part_Desc_': 'Ballnut', 'Report_Type': 'S', 'Rework': 'missing', 'Work_Order_Qty': 26.0}",regular
5_CF,Turning & Milling,2012-01-09 19:33:58,2012-01-13 03:58:04,2012-01-13 06:27:04,ID4529,131,0.6491904394757132,13,1.0,0.0,217.99999061226845,2,19,complete,1,11254.0,2416.0833333333335,1174.0,149.0,"{'Part_Desc_': 'Bearing', 'Report_Type': 'S', 'Rework': 'missing', 'Work_Order_Qty': 162.99999906122684}",deviant
12_CF,Turning & Milling Q.C.,2012-01-13 01:28:20,2012-01-13 04:27:31,2012-01-13 06:45:10,ID4820,126,0.17424826522744796,0,1.0,0.0,1.0,14,3,complete,1,16058.183333333332,285.0,218.18333333333334,137.65,"{'Part_Desc_': 'Barrel', 'Report_Type': 'S', 'Rework': 'missing', 'Work_Order_Qty': 1.0}",deviant
Case40,Turning,2012-01-12 04:26:02,2012-01-13 00:48:58,2012-01-13 06:56:58,ID3846,132,0,5,36.0,0.0,1.0,5,5,complete,1,14716.333333333334,2442.7166666666667,316.3333333333333,142.9,"{'Part_Desc_': 'Spur Gear', 'Report_Type': 'S', 'Rework': 'missing', 'Work_Order_Qty': 36.0}",regular
Case90,Turning & Milling,2012-01-09 23:19:03,2012-01-12 22:32:52,2012-01-13 07:16:52,ID4794,134,0.6491904394757132,18,176.0,0.0,60.0,1,23,complete,1,11479.05,11479.05,1399.05,181.26666666666668,"{'Part_Desc_': 'Drum', 'Report_Type': 'S', 'Rework': 'missing', 'Work_Order_Qty': 200.0}",regular
Case261,Flat Grinding,2012-01-13 02:06:20,2012-01-13 06:57:25,2012-01-13 07:34:25,ID4882,126,0.02467232074016962,0,60.00000000000001,5.0,1.0,8,6,complete,1,16257.416666666666,388.1666666666667,417.4166666666667,116.71666666666667,"{'Part_Desc_': 'Bearing', 'Report_Type': 'S', 'Rework': 'missing', 'Work_Order_Qty': 59.99999999999999}",regular
Case62,Turning & Milling Q.C.,2012-01-13 03:52:44,2012-01-13 06:58:51,2012-01-13 07:34:51,ID4618,126,0.17424826522744796,1,9.0,0.0,66.00000000000001,7,6,complete,1,16258.85,737.3166666666667,418.85,93.2,"{'Part_Desc_': 'Ballnut', 'Report_Type': 'S', 'Rework': 'missing', 'Work_Order_Qty': 9.0}",deviant
Case269,Final Inspection Q.C.,2012-01-13 01:09:58,2012-01-13 05:53:47,2012-01-13 07:47:47,ID4287,126,0.2027756360832691,1,11.999999999999998,0.0,60.0,18,5,complete,1,16193.783333333333,383.81666666666666,353.78333333333336,105.03333333333333,"{'Part_Desc_': 'Ballnut', 'Report_Type': 'S', 'Rework': 'missing', 'Work_Order_Qty': 12.0}",regular
Case25,Turning & Milling,2012-01-09 15:48:45,2012-01-13 06:27:04,2012-01-13 08:08:04,ID4529,127,0.6491904394757132,13,2.0,0.0,90.0,5,20,complete,1,11314.333333333334,2702.016666666667,1234.3333333333333,85.21666666666667,"{'Part_Desc_': 'Plug', 'Report_Type': 'S', 'Rework': 'missing', 'Work_Order_Qty': 13.0}",deviant
Case145,Flat Grinding,2012-01-12 22:59:16,2012-01-13 02:06:20,2012-01-13 08:24:20,ID0998,126,0.02467232074016962,0,35.0,0.0,8.0,6,1,complete,1,15930.983333333334,152.71666666666667,90.98333333333333,122.11666666666666,"{'Part_Desc_': 'Ring', 'Report_Type': 'S', 'Rework': 'missing', 'Work_Order_Qty': 35.0}",deviant
Case44,Turn & Mill. & Screw Assem,2012-01-11 06:55:45,2012-01-13 04:55:45,2012-01-13 08:30:45,ID4641,138,0,8,105.00000000000001,0.0,75.0,3,7,complete,1,13412.066666666668,1655.0166666666667,452.06666666666666,147.33333333333334,"{'Part_Desc_': 'Cast', 'Report_Type': 'S', 'Rework': 'missing', 'Work_Order_Qty': 198.0}",regular
Case192,Turning & Milling,2012-01-11 07:28:01,2012-01-13 08:30:45,2012-01-13 08:33:45,ID4641,138,0.6491904394757132,7,60.0,0.0,139.0,7,8,complete,1,13465.433333333332,1698.5333333333333,505.43333333333334,140.1,"{'Part_Desc_': 'Piston', 'Report_Type': 'D', 'Rework': 'missing', 'Work_Order_Qty': 200.0}",deviant
Case55,Turn & Mill. & Screw Assem,2012-01-12 22:11:02,2012-01-13 00:38:52,2012-01-13 09:10:52,ID4132,126,0,0,59.99999999999999,0.0,60.00000000000001,6,0,complete,1,15878.866666666667,1752.0666666666666,38.86666666666667,114.9,"{'Part_Desc_': 'Bearing', 'Report_Type': 'S', 'Rework': 'missing', 'Work_Order_Qty': 70.0}",regular
Case257,Turning & Milling,2012-01-12 18:09:04,2012-01-13 05:15:15,2012-01-13 09:14:15,ID4429,126,0.6491904394757132,1,27.0,0.0,362.99999999999994,6,19,complete,1,15543.683333333332,5144.25,1143.6833333333334,151.26666666666668,"{'Part_Desc_': 'Cable Head', 'Report_Type': 'S', 'Rework': 'missing', 'Work_Order_Qty': 150.0}",regular
Case19,Turning & Milling Q.C.,2012-01-13 06:05:32,2012-01-13 07:55:03,2012-01-13 09:15:03,ID4163,125,0.17424826522744796,0,4.0,0.0,60.0,4,7,complete,1,16315.05,6124.433333333333,475.05,160.38333333333333,"{'Part_Desc_': 'Cable Head', 'Report_Type': 'S', 'Rework': 'missing', 'Work_Order_Qty': 33.0}",deviant
Case6,Turning & Milling,2012-01-12 11:30:44,2012-01-13 02:38:51,2012-01-13 09:49:51,ID0997,128,0.6491904394757132,6,17.0,0.0,60.00000000000001,5,12,complete,1,15148.916666666666,996.0333333333333,748.9166666666666,121.63333333333334,"{'Part_Desc_': 'Bearing', 'Report_Type': 'S', 'Rework': 'missing', 'Work_Order_Qty': 73.0}",regular
Case210,Lapping,2012-01-13 00:57:49,2012-01-13 08:24:20,2012-01-13 09:55:20,ID0998,126,0.12336160370084812,1,21.0,0.0,234.00000000000003,17,5,complete,1,16199.466666666667,376.65,359.46666666666664,137.36666666666667,"{'Part_Desc_': 'Spur Gear', 'Report_Type': 'D', 'Rework': 'missing', 'Work_Order_Qty': 85.0}",regular
Case252,Final Inspection Q.C.,2012-01-13 04:49:16,2012-01-13 10:03:20,2012-01-13 10:04:20,ID4493,125,0.2027756360832691,0,12.0,0.0,60.0,10,10,complete,1,16443.333333333332,642.7,603.3333333333334,108.5,"{'Part_Desc_': 'Ballnut', 'Report_Type': 'S', 'Rework': 'missing', 'Work_Order_Qty': 12.0}",regular
11_CF,Turning & Milling,2012-01-09 22:21:23,2012-01-13 08:08:04,2012-01-13 10:32:51,ID4529,132,0.6491904394757132,15,1.0,0.0,217.99999061226845,2,22,complete,1,11421.416666666666,2514.2166666666667,1341.4166666666667,144.78333333333333,"{'Part_Desc_': 'Bearing', 'Report_Type': 'S', 'Rework': 'missing', 'Work_Order_Qty': 162.99999906122684}",deviant
Case24,Turning & Milling,2012-01-09 03:20:40,2012-01-13 06:05:32,2012-01-13 10:43:32,ID4932,119,0.6491904394757132,25,12.0,0.0,278.0,2,5,complete,1,10407.066666666668,4268.55,327.06666666666666,153.46666666666667,"{'Part_Desc_': 'Plug', 'Report_Type': 'S', 'Rework': 'missing', 'Work_Order_Qty': 13.0}",regular
Case43,Laser Marking,2012-01-13 06:13:11,2012-01-13 11:13:06,2012-01-13 11:28:06,ID0998,125,0.06090979182729375,1,26.0,0.0,60.0,7,11,complete,1,16513.1,310.9166666666667,673.1,102.55,"{'Part_Desc_': 'Ballnut', 'Report_Type': 'S', 'Rework': 'missing', 'Work_Order_Qty': 26.0}",regular
Case3,Round Grinding,2012-01-13 00:54:36,2012-01-13 05:37:50,2012-01-13 11:31:50,ID0420,126,0.4379336931380108,0,10.0,0.0,60.0,12,5,complete,1,16177.833333333334,486.8333333333333,337.8333333333333,116.0,"{'Part_Desc_': 'Cable Head', 'Report_Type': 'S', 'Rework': 'missing', 'Work_Order_Qty': 10.0}",regular
Case70,Turning & Milling,2012-01-12 15:28:02,2012-01-13 06:56:58,2012-01-13 12:21:58,ID3846,127,0.6491904394757132,4,1.0,0.0,392.00000000000006,3,15,complete,1,15332.733333333334,2288.3,932.7333333333333,143.16666666666666,"{'Part_Desc_': 'Spindle', 'Report_Type': 'B', 'Rework': 'missing', 'Work_Order_Qty': 33.0}",regular
Case240,Turning & Milling,2012-01-13 03:58:04,2012-01-13 09:14:15,2012-01-13 12:24:15,ID4429,126,0.6491904394757132,1,1.0,0.0,195.0,3,5,complete,1,16159.75,5078.25,319.75,143.45,"{'Part_Desc_': 'Bearing', 'Report_Type': 'S', 'Rework': 'missing', 'Work_Order_Qty': 163.0}",regular
Case192,Turning & Milling Q.C.,2012-01-13 08:33:45,2012-01-13 10:56:17,2012-01-13 12:36:17,ID4287,124,0.17424826522744796,0,60.0,0.0,139.0,8,10,complete,1,16496.283333333333,3030.85,656.2833333333333,120.55,"{'Part_Desc_': 'Piston', 'Report_Type': 'D', 'Rework': 'missing', 'Work_Order_Qty': 200.0}",deviant
Case41,Turning & Milling,2012-01-11 10:12:24,2012-01-13 08:33:45,2012-01-13 12:47:45,ID4641,137,0.6491904394757132,9,20.0,0.0,263.0,5,12,complete,1,13705.333333333334,2446.3166666666666,745.3333333333334,123.45,"{'Part_Desc_': 'Spur Gear', 'Report_Type': 'S', 'Rework': 'missing', 'Work_Order_Qty': 20.0}",regular
Case108,Turning & Milling,2012-01-10 05:40:29,2012-01-13 07:16:52,2012-01-13 12:53:52,ID4794,137,0.6491904394757132,18,13.0,0.0,205.0,1,5,complete,1,11860.483333333334,11860.483333333334,340.48333333333335,171.96666666666667,"{'Part_Desc_': 'other', 'Report_Type': 'S', 'Rework': 'missing', 'Work_Order_Qty': 14.999999999999998}",regular
Case52,Turning & Milling,2012-01-12 20:18:44,2012-01-13 05:04:44,2012-01-13 13:24:44,ID4219,126,0.6491904394757132,5,33.0,0.0,60.0,7,21,complete,1,15692.066666666668,971.2666666666667,1292.0666666666666,108.85,"{'Part_Desc_': 'Ballnut', 'Report_Type': 'D', 'Rework': 'missing', 'Work_Order_Qty': 75.0}",regular
13_CF,Milling,2012-01-09 04:16:16,2012-01-13 10:43:32,2012-01-13 13:36:35,ID4932,119,0,24,1.0,0.0,509.9999874830246,4,5,complete,1,10423.516666666666,1096.95,343.51666666666665,173.05,"{'Part_Desc_': 'Barrel', 'Report_Type': 'S', 'Rework': 'missing', 'Work_Order_Qty': 31.999999225139618}",deviant
Case19,Laser Marking,2012-01-13 09:15:03,2012-01-13 12:59:54,2012-01-13 13:51:54,ID0998,124,0.06090979182729375,0,4.0,0.0,60.0,5,12,complete,1,16619.9,304.85,779.9,140.98333333333332,"{'Part_Desc_': 'Cable Head', 'Report_Type': 'S', 'Rework': 'missing', 'Work_Order_Qty': 33.0}",deviant
Case235,Turning & Milling,2012-01-11 14:05:01,2012-01-13 12:47:45,2012-01-13 14:04:45,ID4641,134,0.6491904394757132,10,1.0,0.0,330.0,9,15,complete,1,13897.183333333332,1702.55,937.1833333333333,118.98333333333333,"{'Part_Desc_': 'Flange Bolt', 'Report_Type': 'S', 'Rework': 'missing', 'Work_Order_Qty': 13.0}",regular
5_CF,Turning & Milling,2012-01-13 06:27:04,2012-01-13 12:24:15,2012-01-13 14:31:01,ID4429,125,0.6491904394757132,1,1.0,0.0,217.99999061226845,3,7,complete,1,16302.683333333332,5048.683333333333,462.68333333333334,126.76666666666667,"{'Part_Desc_': 'Bearing', 'Report_Type': 'S', 'Rework': 'missing', 'Work_Order_Qty': 162.99999906122684}",deviant
Case145,Lapping,2012-01-13 08:24:20,2012-01-13 13:51:54,2012-01-13 14:36:54,ID0998,124,0.12336160370084812,1,35.0,0.0,8.0,7,13,complete,1,16628.983333333334,698.0,788.9833333333333,121.83333333333333,"{'Part_Desc_': 'Ring', 'Report_Type': 'S', 'Rework': 'missing', 'Work_Order_Qty': 35.0}",deviant
Case18,Turning & Milling,2012-01-09 05:00:40,2012-01-13 13:36:35,2012-01-13 14:43:35,ID4932,120,0.6491904394757132,24,14.0,0.0,80.0,2,6,complete,1,10499.3,4260.35,419.3,150.98333333333332,"{'Part_Desc_': 'Cable Head', 'Report_Type': 'S', 'Rework': 'missing', 'Work_Order_Qty': 557.0}",regular
Case120,Turning & Milling,2012-01-10 02:50:37,2012-01-13 10:32:51,2012-01-13 15:21:51,ID4529,137,0.6491904394757132,16,1.0,0.0,377.0,1,2,complete,1,11690.616666666667,11690.616666666667,170.61666666666667,168.43333333333334,"{'Part_Desc_': 'Cable Head', 'Report_Type': 'S', 'Rework': 'missing', 'Work_Order_Qty': 5.0}",regular
Case261,Packing,2012-01-13 07:34:25,2012-01-13 14:24:00,2012-01-13 15:24:00,ID4820,124,0.03932151117964534,0,60.00000000000001,5.0,1.0,9,14,complete,1,16704.0,446.5833333333333,864.0,101.81666666666666,"{'Part_Desc_': 'Bearing', 'Report_Type': 'S', 'Rework': 'missing', 'Work_Order_Qty': 59.99999999999999}",regular
Case90,Turning & Milling,2012-01-13 07:16:52,2012-01-13 08:10:13,2012-01-13 15:32:13,ID4167,124,0.6491904394757132,0,176.0,0.0,60.0,2,8,complete,1,16330.216666666667,4851.166666666667,490.21666666666664,145.65,"{'Part_Desc_': 'Drum', 'Report_Type': 'S', 'Rework': 'missing', 'Work_Order_Qty': 200.0}",regular
Case41,other,2012-01-13 12:47:45,2012-01-13 15:19:03,2012-01-13 15:49:03,ID0998,123,0.0,0,20.0,0.0,263.0,6,15,complete,1,16759.05,3053.7166666666667,919.05,124.88333333333334,"{'Part_Desc_': 'Spur Gear', 'Report_Type': 'S', 'Rework': 'missing', 'Work_Order_Qty': 20.0}",regular
Case44,Turn & Mill. & Screw Assem,2012-01-13 08:30:45,2012-01-13 11:23:50,2012-01-13 15:52:50,ID4132,124,0,0,105.00000000000001,0.0,75.0,4,11,complete,1,16523.833333333332,3111.766666666667,683.8333333333334,119.48333333333333,"{'Part_Desc_': 'Cast', 'Report_Type': 'S', 'Rework': 'missing', 'Work_Order_Qty': 198.0}",regular
Case209,Turning & Milling,2012-01-12 14:16:22,2012-01-13 09:49:51,2012-01-13 15:53:51,ID0997,127,0.6491904394757132,7,72.0,0.0,60.0,3,14,complete,1,15279.4,1356.7666666666667,879.4,135.68333333333334,"{'Part_Desc_': 'Ballnut', 'Report_Type': 'S', 'Rework': 'missing', 'Work_Order_Qty': 168.0}",regular
Case269,Final Inspection Q.C.,2012-01-13 07:47:47,2012-01-13 13:56:36,2012-01-13 16:31:36,ID4287,124,0.2027756360832691,0,11.999999999999998,0.0,60.0,19,13,complete,1,16676.6,482.81666666666666,836.6,105.76666666666667,"{'Part_Desc_': 'Ballnut', 'Report_Type': 'S', 'Rework': 'missing', 'Work_Order_Qty': 12.0}",regular
Case62,Turning & Milling Q.C.,2012-01-13 07:34:51,2012-01-13 12:55:36,2012-01-13 16:36:36,ID4618,124,0.17424826522744796,0,9.0,0.0,66.00000000000001,8,12,complete,1,16615.6,356.75,775.6,82.9,"{'Part_Desc_': 'Ballnut', 'Report_Type': 'S', 'Rework': 'missing', 'Work_Order_Qty': 9.0}",deviant
Case210,Lapping,2012-01-13 09:55:20,2012-01-13 16:00:53,2012-01-13 16:40:53,ID4882,124,0.12336160370084812,0,21.0,0.0,234.00000000000003,18,16,complete,1,16800.883333333335,601.4166666666666,960.8833333333333,123.81666666666666,"{'Part_Desc_': 'Spur Gear', 'Report_Type': 'D', 'Rework': 'missing', 'Work_Order_Qty': 85.0}",regular
Case25,Turning & Milling,2012-01-13 08:08:04,2012-01-13 14:31:01,2012-01-13 16:56:01,ID4429,124,0.6491904394757132,2,2.0,0.0,90.0,6,11,complete,1,16518.4,5204.066666666667,678.4,87.45,"{'Part_Desc_': 'Plug', 'Report_Type': 'S', 'Rework': 'missing', 'Work_Order_Qty': 13.0}",deviant
Case70,Turning & Milling,2012-01-13 12:21:58,2012-01-13 14:46:51,2012-01-13 17:23:51,ID3846,123,0.6491904394757132,0,1.0,0.0,392.00000000000006,4,14,complete,1,16726.85,1394.1166666666666,886.85,112.38333333333334,"{'Part_Desc_': 'Spindle', 'Report_Type': 'B', 'Rework': 'missing', 'Work_Order_Qty': 33.0}",regular
Case114,Turning & Milling,2012-01-10 10:12:46,2012-01-13 12:53:52,2012-01-13 17:43:52,ID4794,142,0.6491904394757132,18,19.0,0.0,75.0,1,10,complete,1,12132.766666666666,12132.766666666666,612.7666666666667,165.81666666666666,"{'Part_Desc_': 'Ballnut', 'Report_Type': 'S', 'Rework': 'missing', 'Work_Order_Qty': 20.0}",regular
Case252,Packing,2012-01-13 10:04:20,2012-01-13 16:51:11,2012-01-13 17:51:11,ID4820,124,0.03932151117964534,0,12.0,0.0,60.0,11,16,complete,1,16851.183333333334,407.85,1011.1833333333333,99.61666666666666,"{'Part_Desc_': 'Ballnut', 'Report_Type': 'S', 'Rework': 'missing', 'Work_Order_Qty': 12.0}",regular
8_CF,Turning & Milling,2012-01-12 16:28:47,2012-01-13 15:53:51,2012-01-13 18:02:46,ID0997,126,0.6491904394757132,7,1.0,0.0,113.99999764561653,7,17,complete,1,15426.866666666667,1260.5666666666666,1026.8666666666666,128.91666666666666,"{'Part_Desc_': 'Ballnut', 'Report_Type': 'S', 'Rework': 'missing', 'Work_Order_Qty': 12.000000308267774}",deviant
Case108,Turning & Milling Q.C.,2012-01-13 12:53:52,2012-01-13 16:31:36,2012-01-13 18:11:36,ID4287,123,0.17424826522744796,0,13.0,0.0,205.0,2,14,complete,1,16717.5,4857.016666666666,877.5,122.4,"{'Part_Desc_': 'other', 'Report_Type': 'S', 'Rework': 'missing', 'Work_Order_Qty': 14.999999999999998}",regular
Case77,Turning & Milling,2012-01-11 17:30:24,2012-01-13 14:04:45,2012-01-13 18:29:45,ID4641,134,0.6491904394757132,10,3.0,0.0,265.0,5,18,complete,1,14060.866666666667,2315.516666666667,1100.8666666666666,140.03333333333333,"{'Part_Desc_': 'Gauge', 'Report_Type': 'S', 'Rework': 'missing', 'Work_Order_Qty': 40.0}",regular
Case84,Turning & Milling,2012-01-12 21:12:44,2012-01-13 13:24:44,2012-01-13 18:35:44,ID4219,126,0.6491904394757132,4,4.0,0.0,60.0,5,22,complete,1,15739.483333333334,823.5833333333334,1339.4833333333333,109.01666666666667,"{'Part_Desc_': 'Piston', 'Report_Type': 'S', 'Rework': 'missing', 'Work_Order_Qty': 14.999999999999998}",regular
Case43,Lapping,2012-01-13 11:28:06,2012-01-13 18:00:38,2012-01-13 18:36:38,ID0998,123,0.12336160370084812,0,26.0,0.0,60.0,8,18,complete,1,16920.633333333335,407.53333333333336,1080.6333333333334,99.51666666666667,"{'Part_Desc_': 'Ballnut', 'Report_Type': 'S', 'Rework': 'missing', 'Work_Order_Qty': 26.0}",regular
Case17,Turning,2012-01-12 22:34:44,2012-01-13 18:35:44,2012-01-13 18:49:44,ID4219,126,0,5,40.0,0.0,500.0,5,0,complete,1,15861.583333333334,864.0333333333333,21.583333333333332,113.88333333333334,"{'Part_Desc_': 'Clamp', 'Report_Type': 'S', 'Rework': 'missing', 'Work_Order_Qty': 100.0}",regular
11_CF,Turning & Milling,2012-01-13 10:32:51,2012-01-13 16:56:01,2012-01-13 19:00:40,ID4429,124,0.6491904394757132,1,1.0,0.0,217.99999061226845,3,11,complete,1,16546.466666666667,5125.05,706.4666666666667,124.65,"{'Part_Desc_': 'Bearing', 'Report_Type': 'S', 'Rework': 'missing', 'Work_Order_Qty': 162.99999906122684}",deviant
Case87,Turning & Milling,2012-01-09 09:50:36,2012-01-13 14:43:35,2012-01-13 19:54:35,ID4932,124,0.6491904394757132,26,13.0,0.0,345.0,2,9,complete,1,10670.633333333333,603.6666666666666,590.6333333333333,150.45,"{'Part_Desc_': 'other', 'Report_Type': 'S', 'Rework': 'missing', 'Work_Order_Qty': 720.0}",regular
Case114,Turning & Milling,2012-01-13 17:43:52,2012-01-13 19:16:07,2012-01-13 20:07:07,ID4718,123,0.6491904394757132,0,19.0,0.0,75.0,2,19,complete,1,16996.116666666665,4863.35,1156.1166666666666,116.86666666666666,"{'Part_Desc_': 'Ballnut', 'Report_Type': 'S', 'Rework': 'missing', 'Work_Order_Qty': 20.0}",regular
Case256,Turning,2012-01-13 02:38:51,2012-01-13 18:49:44,2012-01-13 20:09:44,ID4219,126,0,5,1.0,0.0,232.00000000000003,6,6,complete,1,16258.883333333333,1373.8833333333334,418.8833333333333,117.56666666666666,"{'Part_Desc_': 'Spinner', 'Report_Type': 'D', 'Rework': 'missing', 'Work_Order_Qty': 100.0}",regular
Case268,Turning & Milling,2012-01-12 16:58:48,2012-01-13 18:02:46,2012-01-13 20:11:46,ID0997,126,0.6491904394757132,6,7.0,0.0,129.0,9,18,complete,1,15527.7,183.9,1127.7,111.65,"{'Part_Desc_': 'other', 'Report_Type': 'S', 'Rework': 'missing', 'Work_Order_Qty': 35.0}",regular
Case192,Turning & Milling,2012-01-13 12:36:17,2012-01-13 17:15:20,2012-01-13 20:16:20,ID4132,123,0.6491904394757132,0,60.0,0.0,139.0,9,17,complete,1,16875.333333333332,379.05,1035.3333333333333,91.06666666666666,"{'Part_Desc_': 'Piston', 'Report_Type': 'D', 'Rework': 'missing', 'Work_Order_Qty': 200.0}",deviant
Case3,Final Inspection Q.C.,2012-01-13 11:31:50,2012-01-13 17:48:43,2012-01-13 20:48:43,ID4493,123,0.2027756360832691,0,10.0,0.0,60.0,13,17,complete,1,16908.716666666667,730.8833333333333,1068.7166666666667,93.71666666666667,"{'Part_Desc_': 'Cable Head', 'Report_Type': 'S', 'Rework': 'missing', 'Work_Order_Qty': 10.0}",regular
Case19,Lapping,2012-01-13 13:51:54,2012-01-13 19:36:43,2012-01-13 20:51:43,ID4882,123,0.12336160370084812,0,4.0,0.0,60.0,6,19,complete,1,17016.716666666667,396.81666666666666,1176.7166666666667,112.36666666666666,"{'Part_Desc_': 'Cable Head', 'Report_Type': 'S', 'Rework': 'missing', 'Work_Order_Qty': 33.0}",deviant
Case249,Round Grinding,2012-01-13 06:05:12,2012-01-13 12:33:48,2012-01-13 21:33:48,ID4355,125,0.4379336931380108,0,62.0,0.0,59.99999999999999,13,12,complete,1,16593.8,462.6,753.8,115.31666666666666,"{'Part_Desc_': 'Ballnut', 'Report_Type': 'S', 'Rework': 'missing', 'Work_Order_Qty': 64.0}",regular
Case41,Turning & Milling Q.C.,2012-01-13 15:49:03,2012-01-13 20:48:43,2012-01-13 22:03:43,ID4493,123,0.17424826522744796,0,20.0,0.0,263.0,7,20,complete,1,17074.05,315.0,1234.05,96.53333333333333,"{'Part_Desc_': 'Spur Gear', 'Report_Type': 'S', 'Rework': 'missing', 'Work_Order_Qty': 20.0}",regular
17_CF,Turning & Milling,2012-01-12 18:38:51,2012-01-13 20:11:46,2012-01-13 22:18:27,ID0997,126,0.6491904394757132,7,1.0,0.0,113.99999764561653,7,19,complete,1,15549.45,1276.75,1149.45,126.68333333333334,"{'Part_Desc_': 'Ballnut', 'Report_Type': 'S', 'Rework': 'missing', 'Work_Order_Qty': 12.000000308267774}",deviant
Case25,Turning & Milling Q.C.,2012-01-13 16:56:01,2012-01-13 20:38:34,2012-01-13 22:18:34,ID4163,123,0.17424826522744796,0,2.0,0.0,90.0,7,20,complete,1,17078.566666666666,560.1666666666666,1238.5666666666666,95.25,"{'Part_Desc_': 'Plug', 'Report_Type': 'S', 'Rework': 'missing', 'Work_Order_Qty': 13.0}",deviant
8_CF,Turning & Milling Q.C.,2012-01-13 18:02:46,2012-01-13 20:41:03,2012-01-13 22:29:53,ID4618,122,0.17424826522744796,0,1.0,0.0,113.99999764561653,8,20,complete,1,17081.05,1654.1833333333334,1241.05,108.83333333333333,"{'Part_Desc_': 'Ballnut', 'Report_Type': 'S', 'Rework': 'missing', 'Work_Order_Qty': 12.000000308267774}",deviant
14_CF,Milling,2012-01-09 11:47:25,2012-01-13 19:54:35,2012-01-13 22:33:05,ID4932,126,0,26,1.0,0.0,509.9999874830246,4,13,complete,1,10874.116666666667,1193.5666666666666,794.1166666666667,158.5,"{'Part_Desc_': 'Barrel', 'Report_Type': 'S', 'Rework': 'missing', 'Work_Order_Qty': 31.999999225139618}",deviant
Case91,Turning & Milling,2012-01-10 04:55:08,2012-01-13 15:21:51,2012-01-13 22:47:51,ID4529,136,0.6491904394757132,17,337.0,0.0,60.00000000000001,4,6,complete,1,11888.8,178.66666666666666,368.8,133.88333333333333,"{'Part_Desc_': 'Hinge', 'Report_Type': 'S', 'Rework': 'missing', 'Work_Order_Qty': 350.0}",regular
Case145,Final Inspection Q.C.,2012-01-13 14:36:54,2012-01-13 22:29:53,2012-01-13 22:49:53,ID4618,123,0.2027756360832691,0,35.0,0.0,8.0,8,21,complete,1,17100.583333333332,471.6,1260.5833333333333,102.31666666666666,"{'Part_Desc_': 'Ring', 'Report_Type': 'S', 'Rework': 'missing', 'Work_Order_Qty': 35.0}",deviant
Case93,Turning,2012-01-13 05:04:44,2012-01-13 20:09:44,2012-01-13 22:54:44,ID4219,125,0,3,7.0,0.0,393.0,5,8,complete,1,16352.933333333332,715.5333333333333,512.9333333333333,119.91666666666667,"{'Part_Desc_': 'Tube', 'Report_Type': 'S', 'Rework': 'missing', 'Work_Order_Qty': 12.0}",deviant
Case84,Turning & Milling Q.C.,2012-01-13 18:35:44,2012-01-13 22:49:53,2012-01-13 23:50:53,ID4618,121,0.17424826522744796,0,4.0,0.0,60.0,6,21,complete,1,17140.65,1401.1666666666667,1300.65,102.1,"{'Part_Desc_': 'Piston', 'Report_Type': 'S', 'Rework': 'missing', 'Work_Order_Qty': 14.999999999999998}",regular
Case26,Turning & Milling,2012-01-09 08:54:28,2012-01-13 22:33:05,2012-01-13 23:54:05,ID4932,124,0.6491904394757132,26,12.0,0.0,296.0,4,13,complete,1,10888.85,2318.733333333333,808.85,111.8,"{'Part_Desc_': 'Plug', 'Report_Type': 'S', 'Rework': 'missing', 'Work_Order_Qty': 13.0}",regular
Case95,Turning & Milling,2012-01-10 07:48:10,2012-01-13 22:47:51,2012-01-14 00:31:51,ID4529,139,0.6491904394757132,18,2.0,0.0,1.0,1,7,complete,1,11988.166666666666,11988.166666666666,468.1666666666667,154.9,"{'Part_Desc_': 'Punch Holder', 'Report_Type': 'S', 'Rework': 'missing', 'Work_Order_Qty': 305.0}",regular
Case62,Laser Marking,2012-01-13 16:36:36,2012-01-13 23:54:11,2012-01-14 01:09:11,ID0998,123,0.06090979182729375,0,9.0,0.0,66.00000000000001,9,23,complete,1,17274.183333333334,658.5833333333334,1434.1833333333334,78.41666666666667,"{'Part_Desc_': 'Ballnut', 'Report_Type': 'S', 'Rework': 'missing', 'Work_Order_Qty': 9.0}",deviant
Case114,Turning & Milling Q.C.,2012-01-13 20:07:07,2012-01-13 23:50:53,2012-01-14 01:13:53,ID4618,121,0.17424826522744796,0,19.0,0.0,75.0,3,23,complete,1,17258.666666666668,262.55,1418.6666666666667,97.0,"{'Part_Desc_': 'Ballnut', 'Report_Type': 'S', 'Rework': 'missing', 'Work_Order_Qty': 20.0}",regular
Case261,Final Inspection Q.C.,2012-01-13 15:24:00,2012-01-14 01:13:53,2012-01-14 01:14:53,ID4618,123,0.2027756360832691,0,60.00000000000001,5.0,1.0,10,23,complete,1,17271.65,567.65,1431.65,99.58333333333333,"{'Part_Desc_': 'Bearing', 'Report_Type': 'S', 'Rework': 'missing', 'Work_Order_Qty': 59.99999999999999}",regular
Case210,Round Grinding,2012-01-13 16:40:53,2012-01-14 00:14:05,2012-01-14 01:19:05,ID4528,123,0.4379336931380108,0,21.0,0.0,234.00000000000003,19,0,complete,1,17294.083333333332,493.2,14.083333333333334,116.9,"{'Part_Desc_': 'Spur Gear', 'Report_Type': 'D', 'Rework': 'missing', 'Work_Order_Qty': 85.0}",regular
Case269,Packing,2012-01-13 16:31:36,2012-01-14 00:19:25,2012-01-14 01:19:25,ID4820,123,0.03932151117964534,0,11.999999999999998,0.0,60.0,20,0,complete,1,17299.416666666668,622.8166666666667,19.416666666666668,97.45,"{'Part_Desc_': 'Ballnut', 'Report_Type': 'S', 'Rework': 'missing', 'Work_Order_Qty': 12.0}",regular
Case12,Turning,2012-01-12 00:17:24,2012-01-13 18:29:45,2012-01-14 01:21:45,ID4641,132,0,10,30.0,0.0,111.0,7,0,complete,1,14444.483333333334,2333.0833333333335,44.483333333333334,142.73333333333332,"{'Part_Desc_': 'Spur Gear', 'Report_Type': 'S', 'Rework': 'missing', 'Work_Order_Qty': 69.0}",regular
Case44,Turn & Mill. & Screw Assem,2012-01-13 15:52:50,2012-01-13 21:03:21,2012-01-14 01:31:21,ID4132,123,0,0,105.00000000000001,0.0,75.0,5,21,complete,1,17103.35,579.5166666666667,1263.35,99.9,"{'Part_Desc_': 'Cast', 'Report_Type': 'S', 'Rework': 'missing', 'Work_Order_Qty': 198.0}",regular
Case120,Turning & Milling,2012-01-13 15:21:51,2012-01-13 19:00:40,2012-01-14 02:08:40,ID4429,123,0.6491904394757132,1,1.0,0.0,377.0,2,16,complete,1,16858.983333333334,5168.366666666667,1018.9833333333333,119.88333333333334,"{'Part_Desc_': 'Cable Head', 'Report_Type': 'S', 'Rework': 'missing', 'Work_Order_Qty': 5.0}",regular
Case70,Turning & Milling,2012-01-13 17:23:51,2012-01-13 22:15:53,2012-01-14 02:18:53,ID3846,123,0.6491904394757132,0,1.0,0.0,392.00000000000006,5,22,complete,1,17175.883333333335,449.03333333333336,1335.8833333333334,92.46666666666667,"{'Part_Desc_': 'Spindle', 'Report_Type': 'B', 'Rework': 'missing', 'Work_Order_Qty': 33.0}",regular
16_CF,Milling,2012-01-09 18:31:38,2012-01-13 23:54:05,2012-01-14 02:24:26,ID4932,131,0,27,1.0,0.0,509.9999874830246,4,20,complete,1,11283.433333333332,1436.65,1203.4333333333334,150.35,"{'Part_Desc_': 'Barrel', 'Report_Type': 'S', 'Rework': 'missing', 'Work_Order_Qty': 31.999999225139618}",deviant
Case52,Turning & Milling,2012-01-13 13:24:44,2012-01-13 22:54:44,2012-01-14 02:48:44,ID4219,123,0.6491904394757132,4,33.0,0.0,60.0,8,16,complete,1,16829.85,1137.7833333333333,989.85,99.53333333333333,"{'Part_Desc_': 'Ballnut', 'Report_Type': 'D', 'Rework': 'missing', 'Work_Order_Qty': 75.0}",regular
20_CF,Turning & Milling,2012-01-10 08:18:47,2012-01-14 00:31:51,2012-01-14 03:08:56,ID4529,139,0.6491904394757132,18,1.0,0.0,217.99999061226845,2,8,complete,1,12046.033333333333,3081.65,526.0333333333333,157.08333333333334,"{'Part_Desc_': 'Bearing', 'Report_Type': 'S', 'Rework': 'missing', 'Work_Order_Qty': 162.99999906122684}",deviant
17_CF,Turning & Milling Q.C.,2012-01-13 22:18:27,2012-01-14 01:14:53,2012-01-14 03:14:52,ID4618,120,0.17424826522744796,2,1.0,0.0,113.99999764561653,8,0,complete,1,17332.433333333334,1782.9833333333333,52.43333333333333,119.98333333333333,"{'Part_Desc_': 'Ballnut', 'Report_Type': 'S', 'Rework': 'missing', 'Work_Order_Qty': 12.000000308267774}",deviant
Case256,Turning,2012-01-13 20:09:44,2012-01-14 02:48:44,2012-01-14 03:19:44,ID4219,121,0,2,1.0,0.0,232.00000000000003,7,1,complete,1,17386.25,1127.3666666666666,106.25,102.75,"{'Part_Desc_': 'Spinner', 'Report_Type': 'D', 'Rework': 'missing', 'Work_Order_Qty': 100.0}",regular
Case91,Turning Q.C.,2012-01-13 22:47:51,2012-01-14 03:14:52,2012-01-14 03:20:52,ID4618,120,0,1,337.0,0.0,60.00000000000001,5,0,complete,1,17338.716666666667,5449.916666666667,58.71666666666667,132.11666666666667,"{'Part_Desc_': 'Hinge', 'Report_Type': 'S', 'Rework': 'missing', 'Work_Order_Qty': 350.0}",regular
Case18,Turning & Milling,2012-01-13 14:43:35,2012-01-14 02:08:40,2012-01-14 03:51:40,ID4429,123,0.6491904394757132,1,14.0,0.0,80.0,3,17,complete,1,16913.9,6414.6,1073.9,140.36666666666667,"{'Part_Desc_': 'Cable Head', 'Report_Type': 'S', 'Rework': 'missing', 'Work_Order_Qty': 557.0}",regular
Case93,Turning Q.C.,2012-01-13 22:54:44,2012-01-14 04:04:46,2012-01-14 04:19:46,ID4163,120,0,0,7.0,0.0,393.0,6,4,complete,1,17524.766666666666,1171.8333333333333,244.76666666666668,117.18333333333334,"{'Part_Desc_': 'Tube', 'Report_Type': 'S', 'Rework': 'missing', 'Work_Order_Qty': 12.0}",deviant
Case43,Final Inspection Q.C.,2012-01-13 18:36:38,2012-01-14 03:20:52,2012-01-14 04:20:52,ID4618,121,0.2027756360832691,0,26.0,0.0,60.0,9,2,complete,1,17446.9,526.2666666666667,166.9,89.61666666666666,"{'Part_Desc_': 'Ballnut', 'Report_Type': 'S', 'Rework': 'missing', 'Work_Order_Qty': 26.0}",regular
Case37,Turning & Milling,2012-01-10 09:59:32,2012-01-13 17:43:52,2012-01-14 04:24:52,ID4794,141,0.6491904394757132,18,8.0,0.0,128.0,4,11,complete,1,12197.0,1793.95,677.0,158.2,"{'Part_Desc_': 'Ballnut', 'Report_Type': 'D', 'Rework': 'missing', 'Work_Order_Qty': 36.0}",regular
Case25,Laser Marking,2012-01-13 22:18:34,2012-01-14 04:15:39,2012-01-14 04:39:39,ID0998,120,0.06090979182729375,0,2.0,0.0,90.0,8,4,complete,1,17535.65,457.0833333333333,255.65,104.28333333333333,"{'Part_Desc_': 'Plug', 'Report_Type': 'S', 'Rework': 'missing', 'Work_Order_Qty': 13.0}",deviant
Case209,Turning & Milling,2012-01-13 15:53:51,2012-01-14 03:51:40,2012-01-14 04:44:40,ID4429,123,0.6491904394757132,1,72.0,0.0,60.0,4,18,complete,1,16947.65,1668.25,1107.65,117.66666666666667,"{'Part_Desc_': 'Ballnut', 'Report_Type': 'S', 'Rework': 'missing', 'Work_Order_Qty': 168.0}",regular
18_CF,Milling,2012-01-09 23:31:18,2012-01-14 02:24:26,2012-01-14 05:04:16,ID4932,134,0,25,1.0,0.0,509.9999874830246,4,1,complete,1,11583.95,1577.8666666666666,63.95,159.83333333333334,"{'Part_Desc_': 'Barrel', 'Report_Type': 'S', 'Rework': 'missing', 'Work_Order_Qty': 31.999999225139618}",deviant
Case19,Lapping,2012-01-13 20:51:43,2012-01-14 04:39:27,2012-01-14 05:17:27,ID4882,120,0.12336160370084812,0,4.0,0.0,60.0,7,4,complete,1,17559.45,542.7333333333333,279.45,95.95,"{'Part_Desc_': 'Cable Head', 'Report_Type': 'S', 'Rework': 'missing', 'Work_Order_Qty': 33.0}",deviant
8_CF,Lapping,2012-01-13 22:29:53,2012-01-14 03:55:57,2012-01-14 05:38:36,ID4872,120,0.12336160370084812,0,1.0,0.0,113.99999764561653,9,3,complete,1,17515.95,434.9,235.95,102.65,"{'Part_Desc_': 'Ballnut', 'Report_Type': 'S', 'Rework': 'missing', 'Work_Order_Qty': 12.000000308267774}",deviant
Case41,Laser Marking,2012-01-13 22:03:43,2012-01-14 05:24:33,2012-01-14 05:44:33,ID0998,120,0.06090979182729375,0,20.0,0.0,263.0,8,5,complete,1,17604.55,530.5,324.55,89.9,"{'Part_Desc_': 'Spur Gear', 'Report_Type': 'S', 'Rework': 'missing', 'Work_Order_Qty': 20.0}",regular
Case3,Final Inspection Q.C.,2012-01-13 20:48:43,2012-01-14 04:47:10,2012-01-14 05:47:10,ID4493,120,0.2027756360832691,1,10.0,0.0,60.0,14,4,complete,1,17567.166666666668,658.45,287.1666666666667,86.43333333333334,"{'Part_Desc_': 'Cable Head', 'Report_Type': 'S', 'Rework': 'missing', 'Work_Order_Qty': 10.0}",regular
Case223,Turning & Milling,2012-01-12 19:59:04,2012-01-13 22:18:27,2012-01-14 06:19:27,ID0997,126,0.6491904394757132,8,18.0,0.0,49.99999999999999,6,19,complete,1,15599.1,4571.833333333333,1199.1,147.68333333333334,"{'Part_Desc_': 'Ballnut', 'Report_Type': 'S', 'Rework': 'missing', 'Work_Order_Qty': 29.999999999999996}",deviant
15_CF,Turning & Milling,2012-01-10 10:21:08,2012-01-14 04:24:52,2012-01-14 07:08:23,ID4794,142,0.6491904394757132,19,1.0,0.0,1.0,12,13,complete,1,12300.883333333333,1271.8666666666666,780.8833333333333,163.51666666666668,"{'Part_Desc_': 'Barrel', 'Report_Type': 'S', 'Rework': 'missing', 'Work_Order_Qty': 1.0}",deviant
Case100,Turning & Milling,2012-01-10 11:42:44,2012-01-14 03:08:56,2012-01-14 07:08:56,ID4529,142,0.6491904394757132,19,18.0,0.0,1.0,2,11,complete,1,12222.766666666666,1183.8333333333333,702.7666666666667,152.98333333333332,"{'Part_Desc_': 'Ballnut', 'Report_Type': 'D', 'Rework': 'missing', 'Work_Order_Qty': 18.0}",deviant
20_CF,Turning & Milling,2012-01-14 03:08:56,2012-01-14 04:44:40,2012-01-14 07:10:12,ID4429,118,0.6491904394757132,1,1.0,0.0,217.99999061226845,3,4,complete,1,17547.116666666665,5501.083333333333,267.1166666666667,145.53333333333333,"{'Part_Desc_': 'Bearing', 'Report_Type': 'S', 'Rework': 'missing', 'Work_Order_Qty': 162.99999906122684}",deviant
Case249,Round Grinding,2012-01-13 21:33:48,2012-01-14 05:23:46,2012-01-14 07:14:46,ID4385,120,0.4379336931380108,0,62.0,0.0,59.99999999999999,14,5,complete,1,17603.766666666666,1009.9666666666667,323.76666666666665,102.73333333333333,"{'Part_Desc_': 'Ballnut', 'Report_Type': 'S', 'Rework': 'missing', 'Work_Order_Qty': 64.0}",regular
Case89,other,2012-01-10 01:36:00,2012-01-14 05:04:16,2012-01-14 07:25:16,ID4932,136,0.0,26,200.00000000000003,0.0,75.0,1,1,complete,1,11616.0,11616.0,96.0,190.83333333333334,"{'Part_Desc_': 'Drum', 'Report_Type': 'S', 'Rework': 'missing', 'Work_Order_Qty': 200.0}",regular
Case27,Turning & Milling,2012-01-12 21:08:51,2012-01-14 06:19:27,2012-01-14 07:44:27,ID0997,126,0.6491904394757132,8,12.0,0.0,158.0,7,21,complete,1,15669.866666666667,1171.35,1269.8666666666666,137.0,"{'Part_Desc_': 'Ballnut', 'Report_Type': 'S', 'Rework': 'missing', 'Work_Order_Qty': 12.0}",regular
Case192,Turning & Milling,2012-01-13 20:16:20,2012-01-14 02:35:46,2012-01-14 08:15:46,ID3846,120,0.6491904394757132,0,60.0,0.0,139.0,10,2,complete,1,17435.766666666666,560.4333333333333,155.76666666666668,82.88333333333334,"{'Part_Desc_': 'Piston', 'Report_Type': 'D', 'Rework': 'missing', 'Work_Order_Qty': 200.0}",deviant
Case265,Packing,2012-01-10 01:15:01,2012-01-14 07:25:16,2012-01-14 08:25:16,ID4932,135,0.03932151117964534,26,8.0,0.0,75.0,15,3,complete,1,11738.816666666668,682.95,218.81666666666666,162.55,"{'Part_Desc_': 'O-Ring', 'Report_Type': 'S', 'Rework': 'missing', 'Work_Order_Qty': 9.0}",regular
Case102,Turning & Milling,2012-01-12 23:06:37,2012-01-14 07:44:27,2012-01-14 09:36:27,ID0997,126,0.6491904394757132,8,14.999999999999998,0.0,103.99999999999999,5,1,complete,1,15906.0,169.38333333333333,66.0,115.25,"{'Part_Desc_': 'Spur Gear', 'Report_Type': 'S', 'Rework': 'missing', 'Work_Order_Qty': 24.0}",regular
Case110,Turning & Milling,2012-01-10 15:26:44,2012-01-14 07:08:23,2012-01-14 09:54:23,ID4794,145,0.6491904394757132,20,1.0,0.0,31.0,1,15,complete,1,12446.733333333334,12446.733333333334,926.7333333333333,185.18333333333334,"{'Part_Desc_': 'Ballnut', 'Report_Type': 'S', 'Rework': 'missing', 'Work_Order_Qty': 500.0}",regular
Case52,Turning & Milling Q.C.,2012-01-14 02:48:44,2012-01-14 08:58:26,2012-01-14 10:13:26,ID4618,118,0.17424826522744796,2,33.0,0.0,60.0,9,8,complete,1,17818.433333333334,988.5833333333334,538.4333333333333,107.01666666666667,"{'Part_Desc_': 'Ballnut', 'Report_Type': 'D', 'Rework': 'missing', 'Work_Order_Qty': 75.0}",regular
Case223,Turning & Milling Q.C.,2012-01-14 06:19:27,2012-01-14 08:52:57,2012-01-14 10:32:57,ID4287,118,0.17424826522744796,0,18.0,0.0,49.99999999999999,7,8,complete,1,17812.95,2213.85,532.95,138.4,"{'Part_Desc_': 'Ballnut', 'Report_Type': 'S', 'Rework': 'missing', 'Work_Order_Qty': 29.999999999999996}",deviant
Case75,Turning & Milling,2012-01-13 00:38:51,2012-01-14 09:36:27,2012-01-14 10:36:27,ID0997,126,0.6491904394757132,8,9.0,0.0,60.0,6,3,complete,1,16052.65,1168.0,212.65,119.48333333333333,"{'Part_Desc_': 'Ballnut', 'Report_Type': 'S', 'Rework': 'missing', 'Work_Order_Qty': 10.0}",regular
19_CF,Milling,2012-01-10 02:02:58,2012-01-14 08:25:16,2012-01-14 10:57:39,ID4932,136,0,27,1.0,0.0,509.9999874830246,4,5,complete,1,11826.433333333332,1524.0333333333333,306.43333333333334,152.38333333333333,"{'Part_Desc_': 'Barrel', 'Report_Type': 'S', 'Rework': 'missing', 'Work_Order_Qty': 31.999999225139618}",deviant
Case27,Turning & Milling Q.C.,2012-01-14 07:44:27,2012-01-14 11:02:10,2012-01-14 11:03:10,ID4618,118,0.17424826522744796,0,12.0,0.0,158.0,8,11,complete,1,17942.166666666668,2272.3,662.1666666666666,128.75,"{'Part_Desc_': 'Ballnut', 'Report_Type': 'S', 'Rework': 'missing', 'Work_Order_Qty': 12.0}",regular
Case62,Flat Grinding,2012-01-14 01:09:11,2012-01-14 10:33:58,2012-01-14 11:20:58,ID0998,120,0.02467232074016962,0,9.0,0.0,66.00000000000001,10,10,complete,1,17913.966666666667,639.7833333333333,633.9666666666667,75.95,"{'Part_Desc_': 'Ballnut', 'Report_Type': 'S', 'Rework': 'missing', 'Work_Order_Qty': 9.0}",deviant
17_CF,Lapping,2012-01-14 03:14:52,2012-01-14 09:34:49,2012-01-14 11:28:59,ID4872,118,0.12336160370084812,0,1.0,0.0,113.99999764561653,9,9,complete,1,17854.816666666666,522.3833333333333,574.8166666666667,114.16666666666667,"{'Part_Desc_': 'Ballnut', 'Report_Type': 'S', 'Rework': 'missing', 'Work_Order_Qty': 12.000000308267774}",deviant
Case110,Turning & Milling Q.C.,2012-01-14 09:54:23,2012-01-14 10:39:28,2012-01-14 11:39:28,ID4163,118,0.17424826522744796,0,1.0,0.0,31.0,2,10,complete,1,17919.466666666667,5472.733333333334,639.4666666666667,141.15,"{'Part_Desc_': 'Ballnut', 'Report_Type': 'S', 'Rework': 'missing', 'Work_Order_Qty': 500.0}",regular
Case89,Turning & Milling,2012-01-14 07:25:16,2012-01-14 08:19:56,2012-01-14 12:11:56,ID4167,118,0.6491904394757132,0,200.00000000000003,0.0,75.0,2,8,complete,1,17779.933333333334,6163.933333333333,499.93333333333334,142.13333333333333,"{'Part_Desc_': 'Drum', 'Report_Type': 'S', 'Rework': 'missing', 'Work_Order_Qty': 200.0}",regular
Case100,Turning & Milling,2012-01-14 07:08:56,2012-01-14 08:23:57,2012-01-14 12:41:57,ID4219,118,0.6491904394757132,0,18.0,0.0,1.0,3,8,complete,1,17783.95,5561.183333333333,503.95,140.61666666666667,"{'Part_Desc_': 'Ballnut', 'Report_Type': 'D', 'Rework': 'missing', 'Work_Order_Qty': 18.0}",deviant
Case265,Final Inspection Q.C.,2012-01-14 08:25:16,2012-01-14 11:28:52,2012-01-14 12:43:52,ID4618,118,0.2027756360832691,0,8.0,0.0,75.0,16,11,complete,1,17968.866666666665,6230.05,688.8666666666667,152.81666666666666,"{'Part_Desc_': 'O-Ring', 'Report_Type': 'S', 'Rework': 'missing', 'Work_Order_Qty': 9.0}",regular
Case256,Turning,2012-01-14 03:19:44,2012-01-14 12:41:57,2012-01-14 12:45:57,ID4219,118,0,0,1.0,0.0,232.00000000000003,8,11,complete,1,17973.65,587.4,693.65,109.55,"{'Part_Desc_': 'Spinner', 'Report_Type': 'D', 'Rework': 'missing', 'Work_Order_Qty': 100.0}",regular
Case30,Turning & Milling,2012-01-10 17:52:39,2012-01-14 07:08:56,2012-01-14 12:46:56,ID4529,144,0.6491904394757132,19,50.0,0.0,40.00000000000001,2,18,complete,1,12609.55,278.25,1089.55,147.16666666666666,"{'Part_Desc_': 'Cable Head', 'Report_Type': 'D', 'Rework': 'missing', 'Work_Order_Qty': 50.0}",regular
Case35,Turning & Milling,2012-01-10 16:12:11,2012-01-14 09:54:23,2012-01-14 12:53:23,ID4794,144,0.6491904394757132,21,13.0,0.0,472.0,2,16,complete,1,12512.4,456.21666666666664,992.4,150.31666666666666,"{'Part_Desc_': 'Cable Head', 'Report_Type': 'S', 'Rework': 'missing', 'Work_Order_Qty': 14.999999999999998}",regular
Case6,Turning & Milling,2012-01-13 09:49:51,2012-01-14 10:36:27,2012-01-14 13:41:27,ID0997,124,0.6491904394757132,8,17.0,0.0,60.00000000000001,6,12,complete,1,16617.6,1468.6833333333334,777.6,108.08333333333333,"{'Part_Desc_': 'Bearing', 'Report_Type': 'S', 'Rework': 'missing', 'Work_Order_Qty': 73.0}",regular
15_CF,Lapping,2012-01-14 07:08:23,2012-01-14 11:20:58,2012-01-14 13:55:35,ID0998,118,0.12336160370084812,0,1.0,0.0,1.0,13,10,complete,1,17926.183333333334,5625.3,646.1833333333333,154.61666666666667,"{'Part_Desc_': 'Barrel', 'Report_Type': 'S', 'Rework': 'missing', 'Work_Order_Qty': 1.0}",deviant
Case12,Turning,2012-01-14 01:21:45,2012-01-14 08:15:46,2012-01-14 14:03:46,ID3846,118,0,0,30.0,0.0,111.0,8,4,complete,1,17568.416666666668,3123.9333333333334,288.4166666666667,138.93333333333334,"{'Part_Desc_': 'Spur Gear', 'Report_Type': 'S', 'Rework': 'missing', 'Work_Order_Qty': 69.0}",regular
Case210,Round Grinding,2012-01-14 01:19:05,2012-01-14 10:51:20,2012-01-14 14:45:20,ID4528,119,0.4379336931380108,0,21.0,0.0,234.00000000000003,20,10,complete,1,17931.333333333332,637.25,651.3333333333334,113.95,"{'Part_Desc_': 'Spur Gear', 'Report_Type': 'D', 'Rework': 'missing', 'Work_Order_Qty': 85.0}",regular
23_CF,Round Grinding,2012-01-11 07:43:43,2012-01-14 12:46:56,2012-01-14 14:55:59,ID4529,138,0.4379336931380108,18,1.0,0.0,1.0,15,11,complete,1,13627.333333333334,331.56666666666666,667.3333333333334,129.05,"{'Part_Desc_': 'Barrel', 'Report_Type': 'S', 'Rework': 'missing', 'Work_Order_Qty': 1.0}",deviant
Case223,Laser Marking,2012-01-14 10:32:57,2012-01-14 14:14:15,2012-01-14 15:01:15,ID0998,118,0.06090979182729375,0,18.0,0.0,49.99999999999999,8,14,complete,1,18134.25,321.3,854.25,128.15,"{'Part_Desc_': 'Ballnut', 'Report_Type': 'S', 'Rework': 'missing', 'Work_Order_Qty': 29.999999999999996}",deviant
Case25,Lapping,2012-01-14 04:39:39,2012-01-14 13:46:37,2012-01-14 15:01:37,ID4882,118,0.12336160370084812,0,2.0,0.0,90.0,9,13,complete,1,18106.616666666665,570.9666666666667,826.6166666666667,91.28333333333333,"{'Part_Desc_': 'Plug', 'Report_Type': 'S', 'Rework': 'missing', 'Work_Order_Qty': 13.0}",deviant
Case43,Packing,2012-01-14 04:20:52,2012-01-14 14:26:59,2012-01-14 15:26:59,ID4820,118,0.03932151117964534,0,26.0,0.0,60.0,10,14,complete,1,18146.983333333334,700.0833333333334,866.9833333333333,88.51666666666667,"{'Part_Desc_': 'Ballnut', 'Report_Type': 'S', 'Rework': 'missing', 'Work_Order_Qty': 26.0}",regular
Case68,other,2012-01-10 06:41:38,2012-01-14 10:57:39,2012-01-14 15:27:39,ID4932,138,0.0,28,6.0,0.0,29.999999999999996,1,6,complete,1,11921.633333333333,11921.633333333333,401.6333333333333,181.53333333333333,"{'Part_Desc_': 'Spur Gear', 'Report_Type': 'D', 'Rework': 'missing', 'Work_Order_Qty': 6.0}",regular
8_CF,Round Grinding,2012-01-14 05:38:36,2012-01-14 14:07:22,2012-01-14 15:54:18,ID4872,118,0.4379336931380108,0,1.0,0.0,113.99999764561653,10,14,complete,1,18127.366666666665,611.4166666666666,847.3666666666667,106.93333333333334,"{'Part_Desc_': 'Ballnut', 'Report_Type': 'S', 'Rework': 'missing', 'Work_Order_Qty': 12.000000308267774}",deviant
Case100,Turning & Milling,2012-01-14 12:41:57,2012-01-14 15:14:48,2012-01-14 16:18:48,ID4219,118,0.6491904394757132,1,18.0,0.0,1.0,4,15,complete,1,18194.8,410.85,914.8,129.3,"{'Part_Desc_': 'Ballnut', 'Report_Type': 'D', 'Rework': 'missing', 'Work_Order_Qty': 18.0}",deviant
Case84,Turning & Milling,2012-01-13 23:50:53,2012-01-14 13:41:27,2012-01-14 16:21:27,ID0997,120,0.6491904394757132,4,4.0,0.0,60.0,7,5,complete,1,17606.683333333334,466.03333333333336,326.68333333333334,108.01666666666667,"{'Part_Desc_': 'Piston', 'Report_Type': 'S', 'Rework': 'missing', 'Work_Order_Qty': 14.999999999999998}",regular
Case1,Turning & Milling,2012-01-10 05:46:54,2012-01-14 15:27:39,2012-01-14 16:25:39,ID4932,137,0.6491904394757132,29,8.0,0.0,217.0,2,6,complete,1,11922.683333333332,4268.35,402.68333333333334,141.4,"{'Part_Desc_': 'Cable Head', 'Report_Type': 'S', 'Rework': 'missing', 'Work_Order_Qty': 10.0}",regular
Case41,Lapping,2012-01-14 05:44:33,2012-01-14 16:03:50,2012-01-14 16:33:50,ID0998,118,0.12336160370084812,0,20.0,0.0,263.0,9,16,complete,1,18243.833333333332,639.2833333333333,963.8333333333334,94.81666666666666,"{'Part_Desc_': 'Spur Gear', 'Report_Type': 'S', 'Rework': 'missing', 'Work_Order_Qty': 20.0}",regular
Case19,Round Grinding,2012-01-14 05:17:27,2012-01-14 15:08:39,2012-01-14 16:38:39,ID4385,118,0.4379336931380108,0,4.0,0.0,60.0,8,15,complete,1,18188.65,629.2,908.65,95.63333333333334,"{'Part_Desc_': 'Cable Head', 'Report_Type': 'S', 'Rework': 'missing', 'Work_Order_Qty': 33.0}",deviant
Case27,Lapping,2012-01-14 11:03:10,2012-01-14 15:54:18,2012-01-14 17:01:18,ID4872,118,0.12336160370084812,0,12.0,0.0,158.0,9,15,complete,1,18219.366666666665,277.2,939.3666666666667,127.03333333333333,"{'Part_Desc_': 'Ballnut', 'Report_Type': 'S', 'Rework': 'missing', 'Work_Order_Qty': 12.0}",regular
Case63,Turning & Milling,2012-01-11 16:26:44,2012-01-14 14:55:59,2012-01-14 17:14:59,ID4529,134,0.6491904394757132,17,55.00000000000001,0.0,218.0,2,16,complete,1,13964.233333333334,4291.9,1004.2333333333333,145.93333333333334,"{'Part_Desc_': 'Cable Head', 'Report_Type': 'S', 'Rework': 'missing', 'Work_Order_Qty': 155.0}",regular
Case3,Packing,2012-01-14 05:47:10,2012-01-14 16:16:30,2012-01-14 17:16:30,ID4820,118,0.03932151117964534,0,10.0,0.0,60.0,15,16,complete,1,18256.5,689.3333333333334,976.5,86.98333333333333,"{'Part_Desc_': 'Cable Head', 'Report_Type': 'S', 'Rework': 'missing', 'Work_Order_Qty': 10.0}",regular
Case30,Turning & Milling,2012-01-14 12:46:56,2012-01-14 14:11:35,2012-01-14 17:29:35,ID4718,117,0.6491904394757132,0,50.0,0.0,40.00000000000001,3,14,complete,1,18131.583333333332,5522.033333333334,851.5833333333334,134.56666666666666,"{'Part_Desc_': 'Cable Head', 'Report_Type': 'D', 'Rework': 'missing', 'Work_Order_Qty': 50.0}",regular
Case75,Turning & Milling Q.C.,2012-01-14 10:36:27,2012-01-14 16:12:16,2012-01-14 17:32:16,ID4493,118,0.17424826522744796,0,9.0,0.0,60.0,7,16,complete,1,18252.266666666666,2199.616666666667,972.2666666666667,122.2,"{'Part_Desc_': 'Ballnut', 'Report_Type': 'S', 'Rework': 'missing', 'Work_Order_Qty': 10.0}",regular
Case258,Turning & Milling,2012-01-11 20:37:04,2012-01-14 17:14:59,2012-01-14 17:40:59,ID4529,133,0.6491904394757132,16,1.0,0.0,309.0,4,22,complete,1,14292.0,4533.366666666667,1332.0,139.41666666666666,"{'Part_Desc_': 'Ballnut', 'Report_Type': 'S', 'Rework': 'missing', 'Work_Order_Qty': 50.0}",regular
Case52,Flat Grinding,2012-01-14 10:13:26,2012-01-14 16:21:32,2012-01-14 17:56:32,ID4882,118,0.02467232074016962,0,33.0,0.0,60.0,10,16,complete,1,18261.533333333333,443.1,981.5333333333333,106.38333333333334,"{'Part_Desc_': 'Ballnut', 'Report_Type': 'D', 'Rework': 'missing', 'Work_Order_Qty': 75.0}",regular
Case102,Turning & Milling,2012-01-14 09:36:27,2012-01-14 16:21:27,2012-01-14 18:05:27,ID0997,118,0.6491904394757132,3,14.999999999999998,0.0,103.99999999999999,6,15,complete,1,18182.316666666666,2276.3166666666666,902.3166666666667,120.4,"{'Part_Desc_': 'Spur Gear', 'Report_Type': 'S', 'Rework': 'missing', 'Work_Order_Qty': 24.0}",regular
Case1,Turning & Milling,2012-01-14 16:25:39,2012-01-14 18:02:52,2012-01-14 18:24:52,ID4167,116,0.6491904394757132,0,8.0,0.0,217.0,3,18,complete,1,18362.866666666665,6440.183333333333,1082.8666666666666,139.53333333333333,"{'Part_Desc_': 'Cable Head', 'Report_Type': 'S', 'Rework': 'missing', 'Work_Order_Qty': 10.0}",regular
Case70,Turning & Milling,2012-01-14 02:18:53,2012-01-14 14:03:46,2012-01-14 18:28:46,ID3846,118,0.6491904394757132,0,1.0,0.0,392.00000000000006,6,9,complete,1,17866.816666666666,690.9333333333333,586.8166666666667,95.23333333333333,"{'Part_Desc_': 'Spindle', 'Report_Type': 'B', 'Rework': 'missing', 'Work_Order_Qty': 33.0}",regular
Case29,Turning & Milling,2012-01-12 06:44:02,2012-01-14 01:21:45,2012-01-14 19:31:45,ID4641,130,0.6491904394757132,10,48.00000000000001,0.0,30.0,4,6,complete,1,14813.5,1846.6166666666666,413.5,134.61666666666667,"{'Part_Desc_': 'Cable Head', 'Report_Type': 'S', 'Rework': 'missing', 'Work_Order_Qty': 51.0}",regular
Case6,Turning & Milling Q.C.,2012-01-14 13:41:27,2012-01-14 19:22:23,2012-01-14 19:38:23,ID4618,117,0.17424826522744796,0,17.0,0.0,60.00000000000001,7,19,complete,1,18442.383333333335,1824.7833333333333,1162.3833333333334,110.75,"{'Part_Desc_': 'Bearing', 'Report_Type': 'S', 'Rework': 'missing', 'Work_Order_Qty': 73.0}",regular
17_CF,Round Grinding,2012-01-14 11:28:59,2012-01-14 17:48:25,2012-01-14 19:44:51,ID4872,118,0.4379336931380108,0,1.0,0.0,113.99999764561653,10,17,complete,1,18348.416666666668,493.6,1068.4166666666667,116.43333333333334,"{'Part_Desc_': 'Ballnut', 'Report_Type': 'S', 'Rework': 'missing', 'Work_Order_Qty': 12.000000308267774}",deviant
Case100,Turning & Milling Q.C.,2012-01-14 16:18:48,2012-01-14 19:38:23,2012-01-14 20:00:23,ID4618,116,0.17424826522744796,0,18.0,0.0,1.0,5,19,complete,1,18455.966666666667,261.1666666666667,1175.9666666666667,122.96666666666667,"{'Part_Desc_': 'Ballnut', 'Report_Type': 'D', 'Rework': 'missing', 'Work_Order_Qty': 18.0}",deviant
15_CF,Turning & Milling Q.C.,2012-01-14 13:55:35,2012-01-14 17:49:24,2012-01-14 20:10:53,ID4820,117,0.17424826522744796,0,1.0,0.0,1.0,14,17,complete,1,18349.4,423.21666666666664,1069.4,141.48333333333332,"{'Part_Desc_': 'Barrel', 'Report_Type': 'S', 'Rework': 'missing', 'Work_Order_Qty': 1.0}",deviant
Case12,Turning,2012-01-14 14:03:46,2012-01-14 18:28:46,2012-01-14 20:13:46,ID3846,117,0,1,30.0,0.0,111.0,9,18,complete,1,18381.166666666668,812.75,1101.1666666666667,129.11666666666667,"{'Part_Desc_': 'Spur Gear', 'Report_Type': 'S', 'Rework': 'missing', 'Work_Order_Qty': 69.0}",regular
Case63,Turning & Milling Q.C.,2012-01-14 17:14:59,2012-01-14 19:12:17,2012-01-14 20:16:17,ID4163,116,0.17424826522744796,0,55.00000000000001,0.0,218.0,3,19,complete,1,18432.283333333333,4468.05,1152.2833333333333,135.2,"{'Part_Desc_': 'Cable Head', 'Report_Type': 'S', 'Rework': 'missing', 'Work_Order_Qty': 155.0}",regular
Case62,Lapping,2012-01-14 11:20:58,2012-01-14 19:24:11,2012-01-14 20:39:11,ID4882,118,0.12336160370084812,0,9.0,0.0,66.00000000000001,11,19,complete,1,18444.183333333334,530.2166666666667,1164.1833333333334,92.68333333333334,"{'Part_Desc_': 'Ballnut', 'Report_Type': 'S', 'Rework': 'missing', 'Work_Order_Qty': 9.0}",deviant
Case223,Flat Grinding,2012-01-14 15:01:15,2012-01-14 20:39:11,2012-01-14 21:54:11,ID4882,116,0.02467232074016962,0,18.0,0.0,49.99999999999999,9,19,complete,1,18469.516666666666,335.26666666666665,1189.5166666666667,122.73333333333333,"{'Part_Desc_': 'Ballnut', 'Report_Type': 'S', 'Rework': 'missing', 'Work_Order_Qty': 29.999999999999996}",deviant
Case30,Turning & Milling,2012-01-14 17:29:35,2012-01-14 20:01:35,2012-01-14 22:00:35,ID4429,115,0.6491904394757132,0,50.0,0.0,40.00000000000001,4,20,complete,1,18481.583333333332,350.0,1201.5833333333333,125.8,"{'Part_Desc_': 'Cable Head', 'Report_Type': 'D', 'Rework': 'missing', 'Work_Order_Qty': 50.0}",regular
Case156,Turning & Milling,2012-01-12 13:29:45,2012-01-14 19:31:45,2012-01-14 22:08:45,ID4641,127,0.6491904394757132,10,45.0,0.0,1.0,4,13,complete,1,15212.75,2502.8,812.75,135.23333333333332,"{'Part_Desc_': 'Drill', 'Report_Type': 'S', 'Rework': 'missing', 'Work_Order_Qty': 600.0}",regular
Case39,Turning & Milling,2012-01-12 12:52:47,2012-01-14 22:08:45,2012-01-14 22:31:45,ID4641,127,0.6491904394757132,10,1.0,0.0,67.0,8,13,complete,1,15219.266666666666,346.48333333333335,819.2666666666667,119.7,"{'Part_Desc_': 'Spur Gear', 'Report_Type': 'S', 'Rework': 'missing', 'Work_Order_Qty': 10.0}",regular
Case27,Round Grinding,2012-01-14 17:01:18,2012-01-14 21:45:44,2012-01-14 22:45:44,ID4872,116,0.4379336931380108,0,12.0,0.0,158.0,10,21,complete,1,18585.733333333334,366.3666666666667,1305.7333333333333,128.51666666666668,"{'Part_Desc_': 'Ballnut', 'Report_Type': 'S', 'Rework': 'missing', 'Work_Order_Qty': 12.0}",regular
Case262,Turning & Milling,2012-01-12 08:13:04,2012-01-14 17:40:59,2012-01-14 23:10:59,ID4529,130,0.6491904394757132,15,1.0,0.0,74.0,3,8,complete,1,14894.8,4652.166666666667,494.8,156.61666666666667,"{'Part_Desc_': 'Spur Gear', 'Report_Type': 'S', 'Rework': 'missing', 'Work_Order_Qty': 36.0}",regular
Case28,Turning & Milling,2012-01-10 16:29:47,2012-01-14 12:53:23,2012-01-14 23:22:23,ID4794,144,0.6491904394757132,21,1.0,0.0,20.0,2,16,complete,1,12536.283333333333,3371.0333333333333,1016.2833333333333,148.46666666666667,"{'Part_Desc_': 'Ballnut', 'Report_Type': 'S', 'Rework': 'missing', 'Work_Order_Qty': 250.0}",regular
Case249,Round Grinding,2012-01-14 07:14:46,2012-01-14 17:19:50,2012-01-14 23:23:50,ID4528,118,0.4379336931380108,0,62.0,0.0,59.99999999999999,15,17,complete,1,18319.833333333332,716.0666666666667,1039.8333333333333,102.5,"{'Part_Desc_': 'Ballnut', 'Report_Type': 'S', 'Rework': 'missing', 'Work_Order_Qty': 64.0}",regular
Case100,Laser Marking,2012-01-14 20:00:23,2012-01-14 23:23:24,2012-01-14 23:24:24,ID0998,115,0.06090979182729375,0,18.0,0.0,1.0,6,23,complete,1,18683.4,227.43333333333334,1403.4,118.46666666666667,"{'Part_Desc_': 'Ballnut', 'Report_Type': 'D', 'Rework': 'missing', 'Work_Order_Qty': 18.0}",deviant
Case11,Turning & Milling,2012-01-13 02:47:58,2012-01-14 22:31:45,2012-01-14 23:46:45,ID4641,126,0.6491904394757132,9,97.0,0.0,178.0,9,5,complete,1,16186.183333333332,342.9166666666667,346.18333333333334,107.86666666666666,"{'Part_Desc_': 'Spur Gear', 'Report_Type': 'S', 'Rework': 'missing', 'Work_Order_Qty': 100.0}",regular
Case75,Laser Marking,2012-01-14 17:32:16,2012-01-14 23:46:51,2012-01-14 23:47:51,ID0998,115,0.06090979182729375,0,9.0,0.0,60.0,8,23,complete,1,18706.85,454.5833333333333,1426.85,132.58333333333334,"{'Part_Desc_': 'Ballnut', 'Report_Type': 'S', 'Rework': 'missing', 'Work_Order_Qty': 10.0}",regular
23_CF,Round Grinding,2012-01-14 14:55:59,2012-01-14 21:54:11,2012-01-15 00:07:30,ID4882,116,0.4379336931380108,0,1.0,0.0,1.0,16,20,complete,1,18522.3,4894.966666666666,1242.3,133.31666666666666,"{'Part_Desc_': 'Barrel', 'Report_Type': 'S', 'Rework': 'missing', 'Work_Order_Qty': 1.0}",deviant
Case25,Lapping,2012-01-14 15:01:37,2012-01-15 00:07:30,2012-01-15 00:12:30,ID4882,116,0.12336160370084812,0,2.0,0.0,90.0,10,23,complete,1,18669.9,563.2833333333333,1389.9,114.86666666666666,"{'Part_Desc_': 'Plug', 'Report_Type': 'S', 'Rework': 'missing', 'Work_Order_Qty': 13.0}",deviant
Case52,Laser Marking,2012-01-14 17:56:32,2012-01-15 00:12:30,2012-01-15 00:13:30,ID4882,115,0.06090979182729375,0,33.0,0.0,60.0,11,23,complete,1,18688.366666666665,426.8333333333333,1408.3666666666666,113.88333333333334,"{'Part_Desc_': 'Ballnut', 'Report_Type': 'D', 'Rework': 'missing', 'Work_Order_Qty': 75.0}",regular
Case1,Turning & Milling,2012-01-14 18:24:52,2012-01-14 20:44:39,2012-01-15 00:21:39,ID4167,115,0.6491904394757132,0,8.0,0.0,217.0,4,20,complete,1,18524.65,161.78333333333333,1244.65,134.83333333333334,"{'Part_Desc_': 'Cable Head', 'Report_Type': 'S', 'Rework': 'missing', 'Work_Order_Qty': 10.0}",regular
Case84,Turning & Milling Q.C.,2012-01-14 16:21:27,2012-01-15 00:31:39,2012-01-15 00:32:39,ID4618,116,0.17424826522744796,0,4.0,0.0,60.0,8,0,complete,1,18751.65,1144.9666666666667,31.65,110.88333333333334,"{'Part_Desc_': 'Piston', 'Report_Type': 'S', 'Rework': 'missing', 'Work_Order_Qty': 14.999999999999998}",regular
Case43,Packing,2012-01-14 15:26:59,2012-01-14 23:59:52,2012-01-15 00:59:52,ID4820,116,0.03932151117964534,0,26.0,0.0,60.0,11,23,complete,1,18719.866666666665,572.8833333333333,1439.8666666666666,105.96666666666667,"{'Part_Desc_': 'Ballnut', 'Report_Type': 'S', 'Rework': 'missing', 'Work_Order_Qty': 26.0}",regular
Case245,Turning & Milling,2012-01-13 04:55:45,2012-01-14 23:46:45,2012-01-15 01:35:45,ID4641,125,0.6491904394757132,9,5.0,0.0,634.0,7,7,complete,1,16262.15,3066.516666666667,422.15,119.45,"{'Part_Desc_': 'Cable Head', 'Report_Type': 'B', 'Rework': 'missing', 'Work_Order_Qty': 5.0}",deviant
8_CF,Round Grinding,2012-01-14 15:54:18,2012-01-14 23:54:03,2012-01-15 01:37:36,ID4872,116,0.4379336931380108,1,1.0,0.0,113.99999764561653,11,23,complete,1,18714.05,586.6833333333333,1434.05,103.55,"{'Part_Desc_': 'Ballnut', 'Report_Type': 'S', 'Rework': 'missing', 'Work_Order_Qty': 12.000000308267774}",deviant
Case73,Turning & Milling,2012-01-12 15:48:17,2012-01-14 23:10:59,2012-01-15 02:03:59,ID4529,126,0.6491904394757132,15,10.0,5.0,148.0,4,15,complete,1,15359.983333333334,220.7,959.9833333333333,138.15,"{'Part_Desc_': 'Fastener', 'Report_Type': 'S', 'Rework': 'missing', 'Work_Order_Qty': 50.0}",regular
Case55,Turn & Mill. & Screw Assem,2012-01-13 09:10:52,2012-01-15 01:35:45,2012-01-15 02:04:45,ID4641,124,0,8,59.99999999999999,0.0,60.00000000000001,7,13,complete,1,16644.283333333333,765.4166666666666,804.2833333333333,123.2,"{'Part_Desc_': 'Bearing', 'Report_Type': 'S', 'Rework': 'missing', 'Work_Order_Qty': 70.0}",regular
Case28,Turning & Milling Q.C.,2012-01-14 23:22:23,2012-01-15 00:32:39,2012-01-15 02:09:39,ID4618,114,0.17424826522744796,0,1.0,0.0,20.0,3,0,complete,1,18752.316666666666,6216.033333333334,32.31666666666667,160.01666666666668,"{'Part_Desc_': 'Ballnut', 'Report_Type': 'S', 'Rework': 'missing', 'Work_Order_Qty': 250.0}",regular
Case63,Turning & Milling,2012-01-14 20:16:17,2012-01-14 23:20:46,2012-01-15 02:20:46,ID4429,114,0.6491904394757132,0,55.00000000000001,0.0,218.0,4,23,complete,1,18680.766666666666,248.48333333333332,1400.7666666666667,124.61666666666666,"{'Part_Desc_': 'Cable Head', 'Report_Type': 'S', 'Rework': 'missing', 'Work_Order_Qty': 155.0}",regular
Case20,Turning & Milling,2012-01-13 05:15:15,2012-01-15 02:03:59,2012-01-15 02:50:59,ID4529,125,0.6491904394757132,13,2.0,0.0,17.0,8,8,complete,1,16331.416666666666,846.8,491.4166666666667,137.95,"{'Part_Desc_': 'Punch Plate', 'Report_Type': 'S', 'Rework': 'missing', 'Work_Order_Qty': 170.0}",deviant
Case102,Turning & Milling,2012-01-14 18:05:27,2012-01-14 23:12:45,2012-01-15 03:13:45,ID4219,115,0.6491904394757132,0,14.999999999999998,0.0,103.99999999999999,7,23,complete,1,18672.75,490.43333333333334,1392.75,125.3,"{'Part_Desc_': 'Spur Gear', 'Report_Type': 'S', 'Rework': 'missing', 'Work_Order_Qty': 24.0}",regular
Case100,Flat Grinding,2012-01-14 23:24:24,2012-01-15 02:54:58,2012-01-15 03:16:58,ID0998,114,0.02467232074016962,0,18.0,0.0,1.0,7,2,complete,1,18894.966666666667,211.56666666666666,174.96666666666667,125.18333333333334,"{'Part_Desc_': 'Ballnut', 'Report_Type': 'D', 'Rework': 'missing', 'Work_Order_Qty': 18.0}",deviant
Case262,Turning & Milling Q.C.,2012-01-14 23:10:59,2012-01-15 02:09:39,2012-01-15 03:23:39,ID4618,114,0.17424826522744796,0,1.0,0.0,74.0,4,1,complete,1,18803.533333333333,3908.733333333333,83.53333333333333,161.83333333333334,"{'Part_Desc_': 'Spur Gear', 'Report_Type': 'S', 'Rework': 'missing', 'Work_Order_Qty': 36.0}",regular
Case201,Milling,2012-01-10 08:39:51,2012-01-14 16:25:39,2012-01-15 03:25:39,ID4932,139,0,30,2.0,0.0,247.0,17,10,complete,1,12120.75,381.9,600.75,159.05,"{'Part_Desc_': 'Wheel Shaft', 'Report_Type': 'D', 'Rework': 'missing', 'Work_Order_Qty': 20.0}",regular
Case39,Turning & Milling Q.C.,2012-01-14 22:31:45,2012-01-15 01:58:56,2012-01-15 03:32:56,ID4287,114,0.17424826522744796,0,1.0,0.0,67.0,9,1,complete,1,18838.933333333334,3619.6666666666665,118.93333333333334,137.51666666666668,"{'Part_Desc_': 'Spur Gear', 'Report_Type': 'S', 'Rework': 'missing', 'Work_Order_Qty': 10.0}",regular
Case223,Flat Grinding,2012-01-14 21:54:11,2012-01-15 02:41:22,2012-01-15 03:56:22,ID4882,114,0.02467232074016962,1,18.0,0.0,49.99999999999999,10,2,complete,1,18881.366666666665,411.85,161.36666666666667,123.78333333333333,"{'Part_Desc_': 'Ballnut', 'Report_Type': 'S', 'Rework': 'missing', 'Work_Order_Qty': 29.999999999999996}",deviant
Case46,Turning & Milling,2012-01-10 19:16:47,2012-01-14 23:22:23,2012-01-15 04:02:23,ID4794,143,0.6491904394757132,21,10.0,0.0,60.0,5,20,complete,1,12744.716666666667,3154.8333333333335,1224.7166666666667,130.05,"{'Part_Desc_': 'Ballnut', 'Report_Type': 'S', 'Rework': 'missing', 'Work_Order_Qty': 10.0}",regular
Case52,Laser Marking,2012-01-15 00:13:30,2012-01-15 03:56:22,2012-01-15 04:36:22,ID4882,113,0.06090979182729375,0,33.0,0.0,60.0,12,3,complete,1,18919.5,231.13333333333333,199.5,137.45,"{'Part_Desc_': 'Ballnut', 'Report_Type': 'D', 'Rework': 'missing', 'Work_Order_Qty': 75.0}",regular
Case41,Round Grinding,2012-01-14 16:33:50,2012-01-15 01:35:22,2012-01-15 04:42:22,ID4385,116,0.4379336931380108,0,20.0,0.0,263.0,10,1,complete,1,18815.366666666665,571.5333333333333,95.36666666666666,116.21666666666667,"{'Part_Desc_': 'Spur Gear', 'Report_Type': 'S', 'Rework': 'missing', 'Work_Order_Qty': 20.0}",regular
Case62,Round Grinding,2012-01-14 20:39:11,2012-01-15 02:56:01,2012-01-15 05:06:01,ID4445,114,0.4379336931380108,0,9.0,0.0,66.00000000000001,12,2,complete,1,18896.016666666666,451.8333333333333,176.01666666666668,116.25,"{'Part_Desc_': 'Ballnut', 'Report_Type': 'S', 'Rework': 'missing', 'Work_Order_Qty': 9.0}",deviant
Case19,Round Grinding,2012-01-14 16:38:39,2012-01-15 01:37:36,2012-01-15 05:25:36,ID4872,116,0.4379336931380108,0,4.0,0.0,60.0,9,1,complete,1,18787.233333333334,598.5833333333334,67.23333333333333,123.31666666666666,"{'Part_Desc_': 'Cable Head', 'Report_Type': 'S', 'Rework': 'missing', 'Work_Order_Qty': 33.0}",deviant
Case245,Turning & Milling Q.C.,2012-01-15 01:35:45,2012-01-15 04:44:36,2012-01-15 05:44:36,ID4493,111,0.17424826522744796,0,5.0,0.0,634.0,8,4,complete,1,19004.6,2742.45,284.6,135.18333333333334,"{'Part_Desc_': 'Cable Head', 'Report_Type': 'B', 'Rework': 'missing', 'Work_Order_Qty': 5.0}",deviant
Case73,Turning & Milling,2012-01-15 02:03:59,2012-01-15 03:38:37,2012-01-15 05:49:37,ID4429,111,0.6491904394757132,0,10.0,5.0,148.0,5,3,complete,1,18938.616666666665,3578.633333333333,218.61666666666667,144.31666666666666,"{'Part_Desc_': 'Fastener', 'Report_Type': 'S', 'Rework': 'missing', 'Work_Order_Qty': 50.0}",regular
Case25,Lapping,2012-01-15 00:12:30,2012-01-15 04:57:43,2012-01-15 05:52:43,ID4882,113,0.12336160370084812,1,2.0,0.0,90.0,11,4,complete,1,19017.716666666667,347.81666666666666,297.71666666666664,143.9,"{'Part_Desc_': 'Plug', 'Report_Type': 'S', 'Rework': 'missing', 'Work_Order_Qty': 13.0}",deviant
Case66,other,2012-01-10 08:56:21,2012-01-15 03:25:39,2012-01-15 05:55:39,ID4932,140,0.0,30,10.0,0.0,75.0,6,11,complete,1,12229.4,300.05,709.4,154.81666666666666,"{'Part_Desc_': 'Ring', 'Report_Type': 'S', 'Rework': 'missing', 'Work_Order_Qty': 10.0}",regular
Case46,Turning & Milling Q.C.,2012-01-15 04:02:23,2012-01-15 04:04:28,2012-01-15 05:59:28,ID4287,110,0.17424826522744796,0,10.0,0.0,60.0,6,4,complete,1,18964.466666666667,6219.75,244.46666666666667,137.13333333333333,"{'Part_Desc_': 'Ballnut', 'Report_Type': 'S', 'Rework': 'missing', 'Work_Order_Qty': 10.0}",regular
Case75,Lapping,2012-01-14 23:47:51,2012-01-15 05:52:43,2012-01-15 06:30:43,ID4882,114,0.12336160370084812,2,9.0,0.0,60.0,9,5,complete,1,19052.05,345.2,332.05,138.71666666666667,"{'Part_Desc_': 'Ballnut', 'Report_Type': 'S', 'Rework': 'missing', 'Work_Order_Qty': 10.0}",regular
Case100,Lapping,2012-01-15 03:16:58,2012-01-15 06:30:43,2012-01-15 07:02:43,ID4882,111,0.12336160370084812,0,18.0,0.0,1.0,8,5,complete,1,19058.2,163.23333333333332,338.2,138.6,"{'Part_Desc_': 'Ballnut', 'Report_Type': 'D', 'Rework': 'missing', 'Work_Order_Qty': 18.0}",deviant
Case84,Laser Marking,2012-01-15 00:32:39,2012-01-15 06:14:10,2012-01-15 07:07:10,ID0998,112,0.06090979182729375,0,4.0,0.0,60.0,9,6,complete,1,19094.166666666668,342.51666666666665,374.1666666666667,119.45,"{'Part_Desc_': 'Piston', 'Report_Type': 'S', 'Rework': 'missing', 'Work_Order_Qty': 14.999999999999998}",regular
Case46,Lapping,2012-01-15 05:59:28,2012-01-15 07:07:10,2012-01-15 07:07:10,ID0998,110,0.12336160370084812,0,10.0,0.0,60.0,7,6,complete,1,19104.65,140.18333333333334,384.65,163.76666666666668,"{'Part_Desc_': 'Ballnut', 'Report_Type': 'S', 'Rework': 'missing', 'Work_Order_Qty': 10.0}",regular
17_CF,Round Grinding,2012-01-14 19:44:51,2012-01-15 05:25:36,2012-01-15 07:27:26,ID4872,115,0.4379336931380108,0,1.0,0.0,113.99999764561653,11,1,complete,1,18805.833333333332,457.4166666666667,85.83333333333333,121.83333333333333,"{'Part_Desc_': 'Ballnut', 'Report_Type': 'S', 'Rework': 'missing', 'Work_Order_Qty': 12.000000308267774}",deviant
Case223,Flat Grinding,2012-01-15 03:56:22,2012-01-15 07:02:43,2012-01-15 07:42:43,ID4882,110,0.02467232074016962,1,18.0,0.0,49.99999999999999,11,6,complete,1,19124.116666666665,242.75,404.1166666666667,146.63333333333333,"{'Part_Desc_': 'Ballnut', 'Report_Type': 'S', 'Rework': 'missing', 'Work_Order_Qty': 29.999999999999996}",deviant
Case235,Turning & Milling,2012-01-13 14:04:45,2012-01-15 02:04:45,2012-01-15 08:32:45,ID4641,123,0.6491904394757132,8,1.0,0.0,330.0,10,16,complete,1,16812.916666666668,2915.733333333333,972.9166666666666,142.56666666666666,"{'Part_Desc_': 'Flange Bolt', 'Report_Type': 'S', 'Rework': 'missing', 'Work_Order_Qty': 13.0}",regular
Case46,Final Inspection Q.C.,2012-01-15 07:07:10,2012-01-15 07:45:58,2012-01-15 08:38:58,ID4287,110,0.2027756360832691,0,10.0,0.0,60.0,8,7,complete,1,19185.966666666667,81.31666666666666,465.96666666666664,156.68333333333334,"{'Part_Desc_': 'Ballnut', 'Report_Type': 'S', 'Rework': 'missing', 'Work_Order_Qty': 10.0}",regular
Case30,Turning & Milling,2012-01-14 22:00:35,2012-01-15 01:16:10,2012-01-15 09:01:10,ID4167,114,0.6491904394757132,0,50.0,0.0,40.00000000000001,5,1,complete,1,18796.166666666668,314.5833333333333,76.16666666666667,128.71666666666667,"{'Part_Desc_': 'Cable Head', 'Report_Type': 'D', 'Rework': 'missing', 'Work_Order_Qty': 50.0}",regular
8_CF,Laser Marking,2012-01-15 01:37:36,2012-01-15 07:07:10,2012-01-15 09:06:15,ID0998,111,0.06090979182729375,0,1.0,0.0,113.99999764561653,12,6,complete,1,19112.666666666668,398.6166666666667,392.6666666666667,119.08333333333333,"{'Part_Desc_': 'Ballnut', 'Report_Type': 'S', 'Rework': 'missing', 'Work_Order_Qty': 12.000000308267774}",deviant
Case245,Laser Marking,2012-01-15 05:44:36,2012-01-15 09:19:44,2012-01-15 09:27:44,ID0998,110,0.06090979182729375,0,5.0,0.0,634.0,9,9,complete,1,19279.733333333334,275.1333333333333,559.7333333333333,146.28333333333333,"{'Part_Desc_': 'Cable Head', 'Report_Type': 'B', 'Rework': 'missing', 'Work_Order_Qty': 5.0}",deviant
Case257,Turning & Milling,2012-01-13 09:14:15,2012-01-15 02:50:59,2012-01-15 09:39:59,ID4529,124,0.6491904394757132,12,27.0,0.0,362.99999999999994,7,11,complete,1,16518.433333333334,974.75,678.4333333333333,154.91666666666666,"{'Part_Desc_': 'Cable Head', 'Report_Type': 'S', 'Rework': 'missing', 'Work_Order_Qty': 150.0}",regular
Case62,Round Grinding,2012-01-15 05:06:01,2012-01-15 08:28:51,2012-01-15 09:49:51,ID4445,110,0.4379336931380108,0,9.0,0.0,66.00000000000001,13,8,complete,1,19228.85,332.8333333333333,508.85,142.51666666666668,"{'Part_Desc_': 'Ballnut', 'Report_Type': 'S', 'Rework': 'missing', 'Work_Order_Qty': 9.0}",deviant
Case100,Round Grinding,2012-01-15 07:02:43,2012-01-15 09:49:51,2012-01-15 09:56:51,ID4445,110,0.4379336931380108,0,18.0,0.0,1.0,9,8,complete,1,19245.183333333334,186.98333333333332,525.1833333333333,158.11666666666667,"{'Part_Desc_': 'Ballnut', 'Report_Type': 'D', 'Rework': 'missing', 'Work_Order_Qty': 18.0}",deviant
Case223,Lapping,2012-01-15 07:42:43,2012-01-15 10:08:25,2012-01-15 10:28:25,ID4882,110,0.12336160370084812,0,18.0,0.0,49.99999999999999,12,10,complete,1,19328.416666666668,204.3,608.4166666666666,168.13333333333333,"{'Part_Desc_': 'Ballnut', 'Report_Type': 'S', 'Rework': 'missing', 'Work_Order_Qty': 29.999999999999996}",deviant
Case27,Round Grinding,2012-01-14 22:45:44,2012-01-15 07:27:26,2012-01-15 11:11:26,ID4872,114,0.4379336931380108,0,12.0,0.0,158.0,11,3,complete,1,18916.15,330.4166666666667,196.15,131.45,"{'Part_Desc_': 'Ballnut', 'Report_Type': 'S', 'Rework': 'missing', 'Work_Order_Qty': 12.0}",regular
Case249,Laser Marking,2012-01-14 23:23:50,2012-01-15 11:11:26,2012-01-15 11:12:26,ID4872,114,0.06090979182729375,0,62.0,0.0,59.99999999999999,16,8,complete,1,19214.766666666666,894.9333333333333,494.76666666666665,115.76666666666667,"{'Part_Desc_': 'Ballnut', 'Report_Type': 'S', 'Rework': 'missing', 'Work_Order_Qty': 64.0}",regular
Case30,Turning & Milling Q.C.,2012-01-15 09:01:10,2012-01-15 10:35:17,2012-01-15 11:15:17,ID4163,110,0.17424826522744796,0,50.0,0.0,40.00000000000001,6,10,complete,1,19355.283333333333,559.1166666666667,635.2833333333333,132.61666666666667,"{'Part_Desc_': 'Cable Head', 'Report_Type': 'D', 'Rework': 'missing', 'Work_Order_Qty': 50.0}",regular
Case46,Laser Marking,2012-01-15 08:38:58,2012-01-15 10:00:57,2012-01-15 11:15:57,ID0998,110,0.06090979182729375,0,10.0,0.0,60.0,9,10,complete,1,19320.95,134.98333333333332,600.95,175.96666666666667,"{'Part_Desc_': 'Ballnut', 'Report_Type': 'S', 'Rework': 'missing', 'Work_Order_Qty': 10.0}",regular
Case6,Turning & Milling Q.C.,2012-01-14 19:38:23,2012-01-15 03:23:39,2012-01-15 11:17:39,ID4618,115,0.17424826522744796,1,17.0,0.0,60.00000000000001,8,1,complete,1,18818.116666666665,375.73333333333335,98.11666666666666,127.28333333333333,"{'Part_Desc_': 'Bearing', 'Report_Type': 'S', 'Rework': 'missing', 'Work_Order_Qty': 73.0}",regular
Case25,Round Grinding,2012-01-15 05:52:43,2012-01-15 11:12:26,2012-01-15 12:27:26,ID4872,110,0.4379336931380108,1,2.0,0.0,90.0,12,8,complete,1,19238.633333333335,220.91666666666666,518.6333333333333,181.6,"{'Part_Desc_': 'Plug', 'Report_Type': 'S', 'Rework': 'missing', 'Work_Order_Qty': 13.0}",deviant
Case223,Final Inspection Q.C.,2012-01-15 10:28:25,2012-01-15 12:22:49,2012-01-15 12:42:49,ID4287,110,0.2027756360832691,0,18.0,0.0,49.99999999999999,13,12,complete,1,19462.816666666666,134.4,742.8166666666667,180.46666666666667,"{'Part_Desc_': 'Ballnut', 'Report_Type': 'S', 'Rework': 'missing', 'Work_Order_Qty': 29.999999999999996}",deviant
Case46,Final Inspection Q.C.,2012-01-15 11:15:57,2012-01-15 12:42:49,2012-01-15 12:54:49,ID4287,109,0.2027756360832691,0,10.0,0.0,60.0,10,12,complete,1,19482.45,161.5,762.45,201.85,"{'Part_Desc_': 'Ballnut', 'Report_Type': 'S', 'Rework': 'missing', 'Work_Order_Qty': 10.0}",regular
Case41,Round Grinding,2012-01-15 04:42:22,2012-01-15 09:57:16,2012-01-15 13:07:16,ID4385,110,0.4379336931380108,0,20.0,0.0,263.0,11,9,complete,1,19317.266666666666,501.9,597.2666666666667,138.61666666666667,"{'Part_Desc_': 'Spur Gear', 'Report_Type': 'S', 'Rework': 'missing', 'Work_Order_Qty': 20.0}",regular
Case52,Final Inspection Q.C.,2012-01-15 04:36:22,2012-01-15 11:17:39,2012-01-15 13:25:39,ID4618,110,0.2027756360832691,0,33.0,0.0,60.0,13,6,complete,1,19128.766666666666,209.26666666666668,408.76666666666665,167.05,"{'Part_Desc_': 'Ballnut', 'Report_Type': 'D', 'Rework': 'missing', 'Work_Order_Qty': 75.0}",regular
Case235,Turning & Milling Q.C.,2012-01-15 08:32:45,2012-01-15 12:01:22,2012-01-15 13:41:22,ID4163,110,0.17424826522744796,0,1.0,0.0,330.0,11,12,complete,1,19441.366666666665,2628.45,721.3666666666667,136.31666666666666,"{'Part_Desc_': 'Flange Bolt', 'Report_Type': 'S', 'Rework': 'missing', 'Work_Order_Qty': 13.0}",regular
17_CF,Laser Marking,2012-01-15 07:27:26,2012-01-15 11:15:57,2012-01-15 13:43:59,ID0998,110,0.06090979182729375,0,1.0,0.0,113.99999764561653,12,10,complete,1,19376.816666666666,570.9833333333333,656.8166666666667,148.03333333333333,"{'Part_Desc_': 'Ballnut', 'Report_Type': 'S', 'Rework': 'missing', 'Work_Order_Qty': 12.000000308267774}",deviant
Case245,Lapping,2012-01-15 09:27:44,2012-01-15 12:36:12,2012-01-15 13:51:12,ID4882,110,0.12336160370084812,0,5.0,0.0,634.0,10,12,complete,1,19476.2,196.46666666666667,756.2,160.8,"{'Part_Desc_': 'Cable Head', 'Report_Type': 'B', 'Rework': 'missing', 'Work_Order_Qty': 5.0}",deviant
Case75,Round Grinding,2012-01-15 06:30:43,2012-01-15 12:27:26,2012-01-15 13:57:26,ID4872,110,0.4379336931380108,1,9.0,0.0,60.0,10,9,complete,1,19288.633333333335,236.58333333333334,568.6333333333333,141.93333333333334,"{'Part_Desc_': 'Ballnut', 'Report_Type': 'S', 'Rework': 'missing', 'Work_Order_Qty': 10.0}",regular
Case55,Turn & Mill. & Screw Assem,2012-01-15 02:04:45,2012-01-15 07:15:51,2012-01-15 14:10:51,ID3846,111,0,0,59.99999999999999,0.0,60.00000000000001,8,7,complete,1,19155.85,2511.5666666666666,435.85,140.68333333333334,"{'Part_Desc_': 'Bearing', 'Report_Type': 'S', 'Rework': 'missing', 'Work_Order_Qty': 70.0}",regular
Case84,Flat Grinding,2012-01-15 07:07:10,2012-01-15 13:43:59,2012-01-15 14:18:59,ID0998,110,0.02467232074016962,2,4.0,0.0,60.0,10,11,complete,1,19390.566666666666,296.4,670.5666666666667,142.55,"{'Part_Desc_': 'Piston', 'Report_Type': 'S', 'Rework': 'missing', 'Work_Order_Qty': 14.999999999999998}",regular
Case259,Turning & Milling,2012-01-11 00:25:01,2012-01-15 04:02:23,2012-01-15 14:23:23,ID4794,141,0.6491904394757132,21,185.0,0.0,1.0,8,1,complete,1,13038.283333333333,1324.7666666666667,78.28333333333333,167.25,"{'Part_Desc_': 'Drill', 'Report_Type': 'S', 'Rework': 'missing', 'Work_Order_Qty': 325.0}",regular
Case28,Turning & Milling,2012-01-15 02:09:39,2012-01-15 09:01:10,2012-01-15 14:28:10,ID4167,111,0.6491904394757132,0,1.0,0.0,20.0,4,3,complete,1,18918.366666666665,166.05,198.36666666666667,161.28333333333333,"{'Part_Desc_': 'Ballnut', 'Report_Type': 'S', 'Rework': 'missing', 'Work_Order_Qty': 250.0}",regular
Case27,Laser Marking,2012-01-15 11:11:26,2012-01-15 14:18:59,2012-01-15 14:34:59,ID0998,110,0.06090979182729375,2,12.0,0.0,158.0,12,14,complete,1,19562.133333333335,645.9833333333333,842.1333333333333,141.9,"{'Part_Desc_': 'Ballnut', 'Report_Type': 'S', 'Rework': 'missing', 'Work_Order_Qty': 12.0}",regular
Case46,Packing,2012-01-15 12:54:49,2012-01-15 14:15:26,2012-01-15 15:15:26,ID4820,109,0.03932151117964534,0,10.0,0.0,60.0,11,14,complete,1,19575.433333333334,92.98333333333333,855.4333333333333,200.93333333333334,"{'Part_Desc_': 'Ballnut', 'Report_Type': 'S', 'Rework': 'missing', 'Work_Order_Qty': 10.0}",regular
Case218,other,2012-01-10 11:25:54,2012-01-15 05:55:39,2012-01-15 15:49:39,ID4932,142,0.0,31,148.0,0.0,50.0,2,12,complete,1,12260.366666666667,4487.733333333334,740.3666666666667,186.41666666666666,"{'Part_Desc_': 'Flange', 'Report_Type': 'D', 'Rework': 'missing', 'Work_Order_Qty': 220.99999999999997}",regular
Case242,Turning & Milling,2012-01-11 02:35:47,2012-01-15 14:23:23,2012-01-15 15:54:23,ID4794,141,0.6491904394757132,22,1.0,0.0,49.0,2,2,complete,1,13128.783333333333,3299.4333333333334,168.78333333333333,162.61666666666667,"{'Part_Desc_': 'Spur Gear', 'Report_Type': 'S', 'Rework': 'missing', 'Work_Order_Qty': 40.0}",regular
Case90,Turning & Milling,2012-01-13 15:32:13,2012-01-15 09:39:59,2012-01-15 15:58:59,ID4529,123,0.6491904394757132,11,176.0,0.0,60.0,3,18,complete,1,16958.166666666668,627.95,1118.1666666666667,144.75,"{'Part_Desc_': 'Drum', 'Report_Type': 'S', 'Rework': 'missing', 'Work_Order_Qty': 200.0}",regular
Case223,Flat Grinding,2012-01-15 12:42:49,2012-01-15 15:05:24,2012-01-15 16:20:24,ID4882,109,0.02467232074016962,0,18.0,0.0,49.99999999999999,14,15,complete,1,19625.4,162.58333333333334,905.4,209.18333333333334,"{'Part_Desc_': 'Ballnut', 'Report_Type': 'S', 'Rework': 'missing', 'Work_Order_Qty': 29.999999999999996}",deviant
Case62,other,2012-01-15 09:49:51,2012-01-15 13:57:26,2012-01-15 16:22:26,ID4872,110,0.0,3,9.0,0.0,66.00000000000001,14,12,complete,1,19442.05,213.2,722.05,168.68333333333334,"{'Part_Desc_': 'Ballnut', 'Report_Type': 'S', 'Rework': 'missing', 'Work_Order_Qty': 9.0}",deviant
Case66,Turning Q.C.,2012-01-15 05:55:39,2012-01-15 13:25:39,2012-01-15 16:50:39,ID4618,110,0,0,10.0,0.0,75.0,7,8,complete,1,19210.95,6981.55,490.95,162.63333333333333,"{'Part_Desc_': 'Ring', 'Report_Type': 'S', 'Rework': 'missing', 'Work_Order_Qty': 10.0}",regular
Case41,Packing,2012-01-15 13:07:16,2012-01-15 15:58:37,2012-01-15 16:58:37,ID4820,109,0.03932151117964534,0,20.0,0.0,263.0,12,15,complete,1,19678.616666666665,361.35,958.6166666666667,170.1,"{'Part_Desc_': 'Spur Gear', 'Report_Type': 'S', 'Rework': 'missing', 'Work_Order_Qty': 20.0}",regular
Case235,Turning & Milling Q.C.,2012-01-15 13:41:22,2012-01-15 16:34:14,2012-01-15 17:34:14,ID4163,109,0.17424826522744796,0,1.0,0.0,330.0,12,16,complete,1,19714.233333333334,272.8666666666667,994.2333333333333,140.96666666666667,"{'Part_Desc_': 'Flange Bolt', 'Report_Type': 'S', 'Rework': 'missing', 'Work_Order_Qty': 13.0}",regular
Case245,Lapping,2012-01-15 13:51:12,2012-01-15 16:07:11,2012-01-15 17:51:11,ID4528,109,0.12336160370084812,0,5.0,0.0,634.0,11,16,complete,1,19687.183333333334,210.98333333333332,967.1833333333333,174.06666666666666,"{'Part_Desc_': 'Cable Head', 'Report_Type': 'B', 'Rework': 'missing', 'Work_Order_Qty': 5.0}",deviant
Case259,Turning & Milling,2012-01-15 14:23:23,2012-01-15 15:57:36,2012-01-15 17:59:36,ID4132,109,0.6491904394757132,0,185.0,0.0,1.0,9,15,complete,1,19677.6,6639.316666666667,957.6,162.01666666666668,"{'Part_Desc_': 'Drill', 'Report_Type': 'S', 'Rework': 'missing', 'Work_Order_Qty': 325.0}",regular
Case19,Round Grinding,2012-01-15 05:25:36,2012-01-15 10:26:26,2012-01-15 18:01:26,ID4445,110,0.4379336931380108,0,4.0,0.0,60.0,10,10,complete,1,19346.433333333334,559.2,626.4333333333333,144.45,"{'Part_Desc_': 'Cable Head', 'Report_Type': 'S', 'Rework': 'missing', 'Work_Order_Qty': 33.0}",deviant
Case257,Turning & Milling,2012-01-15 09:39:59,2012-01-15 12:40:20,2012-01-15 18:09:20,ID4429,110,0.6491904394757132,0,27.0,0.0,362.99999999999994,8,12,complete,1,19480.333333333332,2961.9,760.3333333333334,156.95,"{'Part_Desc_': 'Cable Head', 'Report_Type': 'S', 'Rework': 'missing', 'Work_Order_Qty': 150.0}",regular
Case108,Turning & Milling,2012-01-13 18:11:36,2012-01-15 15:58:59,2012-01-15 18:12:59,ID4529,122,0.6491904394757132,11,13.0,0.0,205.0,3,22,complete,1,17169.35,451.85,1329.35,119.38333333333334,"{'Part_Desc_': 'other', 'Report_Type': 'S', 'Rework': 'missing', 'Work_Order_Qty': 14.999999999999998}",regular
24_CF,Milling,2012-01-10 15:05:37,2012-01-15 15:49:39,2012-01-15 18:15:26,ID4932,144,0,31,1.0,0.0,509.9999874830246,4,18,complete,1,12623.483333333334,1537.4333333333334,1103.4833333333333,145.78333333333333,"{'Part_Desc_': 'Barrel', 'Report_Type': 'S', 'Rework': 'missing', 'Work_Order_Qty': 31.999999225139618}",deviant
Case44,Turn & Mill. & Screw Assem,2012-01-14 01:31:21,2012-01-15 08:32:45,2012-01-15 18:27:45,ID4641,118,0,6,105.00000000000001,0.0,75.0,6,9,complete,1,17830.85,727.5,550.85,104.28333333333333,"{'Part_Desc_': 'Cast', 'Report_Type': 'S', 'Rework': 'missing', 'Work_Order_Qty': 198.0}",regular
Case25,Round Grinding,2012-01-15 12:27:26,2012-01-15 16:22:26,2012-01-15 18:52:26,ID4872,109,0.4379336931380108,2,2.0,0.0,90.0,13,14,complete,1,19577.183333333334,338.55,857.1833333333333,195.93333333333334,"{'Part_Desc_': 'Plug', 'Report_Type': 'S', 'Rework': 'missing', 'Work_Order_Qty': 13.0}",deviant
Case92,Turning & Milling,2012-01-11 06:31:36,2012-01-15 15:54:23,2012-01-15 19:02:23,ID4794,138,0.6491904394757132,21,3.0000000000000004,0.0,65.0,2,6,complete,1,13351.633333333333,3219.2833333333333,391.6333333333333,170.1,"{'Part_Desc_': 'Ballnut', 'Report_Type': 'S', 'Rework': 'missing', 'Work_Order_Qty': 4.0}",regular
8_CF,Final Inspection Q.C.,2012-01-15 09:06:15,2012-01-15 16:50:39,2012-01-15 19:10:57,ID4618,110,0.2027756360832691,2,1.0,0.0,113.99999764561653,13,12,complete,1,19440.5,327.8333333333333,720.5,140.3,"{'Part_Desc_': 'Ballnut', 'Report_Type': 'S', 'Rework': 'missing', 'Work_Order_Qty': 12.000000308267774}",deviant
Case62,Packing,2012-01-15 16:22:26,2012-01-15 18:22:07,2012-01-15 19:22:07,ID4820,108,0.03932151117964534,0,9.0,0.0,66.00000000000001,15,18,complete,1,19822.116666666665,380.06666666666666,1102.1166666666666,181.55,"{'Part_Desc_': 'Ballnut', 'Report_Type': 'S', 'Rework': 'missing', 'Work_Order_Qty': 9.0}",deviant
Case223,Flat Grinding,2012-01-15 16:20:24,2012-01-15 18:07:44,2012-01-15 19:22:44,ID4882,108,0.02467232074016962,0,18.0,0.0,49.99999999999999,15,18,complete,1,19807.733333333334,182.33333333333334,1087.7333333333333,203.85,"{'Part_Desc_': 'Ballnut', 'Report_Type': 'S', 'Rework': 'missing', 'Work_Order_Qty': 29.999999999999996}",deviant
Case28,Turning & Milling Q.C.,2012-01-15 14:28:10,2012-01-15 19:10:57,2012-01-15 19:23:57,ID4618,109,0.17424826522744796,1,1.0,0.0,20.0,5,15,complete,1,19641.3,722.9333333333333,921.3,156.03333333333333,"{'Part_Desc_': 'Ballnut', 'Report_Type': 'S', 'Rework': 'missing', 'Work_Order_Qty': 250.0}",regular
Case52,Final Inspection Q.C.,2012-01-15 13:25:39,2012-01-15 19:23:57,2012-01-15 19:24:57,ID4618,109,0.2027756360832691,2,33.0,0.0,60.0,14,15,complete,1,19647.033333333333,518.2666666666667,927.0333333333333,186.88333333333333,"{'Part_Desc_': 'Ballnut', 'Report_Type': 'D', 'Rework': 'missing', 'Work_Order_Qty': 75.0}",regular
Case66,Lapping,2012-01-15 16:50:39,2012-01-15 18:21:45,2012-01-15 19:36:45,ID0998,108,0.12336160370084812,0,10.0,0.0,75.0,8,18,complete,1,19821.75,610.8,1101.75,176.83333333333334,"{'Part_Desc_': 'Ring', 'Report_Type': 'S', 'Rework': 'missing', 'Work_Order_Qty': 10.0}",regular
Case242,Turning & Milling,2012-01-15 15:54:23,2012-01-15 17:00:09,2012-01-15 20:42:09,ID4167,108,0.6491904394757132,0,1.0,0.0,49.0,3,17,complete,1,19740.15,6611.366666666667,1020.15,168.1,"{'Part_Desc_': 'Spur Gear', 'Report_Type': 'S', 'Rework': 'missing', 'Work_Order_Qty': 40.0}",regular
Case84,Round Grinding,2012-01-15 14:18:59,2012-01-15 17:51:11,2012-01-15 20:48:11,ID4528,109,0.4379336931380108,0,4.0,0.0,60.0,11,16,complete,1,19721.333333333332,330.76666666666665,1001.3333333333334,178.05,"{'Part_Desc_': 'Piston', 'Report_Type': 'S', 'Rework': 'missing', 'Work_Order_Qty': 14.999999999999998}",regular
21_CF,Turning & Milling,2012-01-11 05:48:35,2012-01-15 19:02:23,2012-01-15 21:09:36,ID4794,138,0.6491904394757132,21,1.0,0.0,1.0,12,8,complete,1,13449.483333333334,273.65,489.48333333333335,127.21666666666667,"{'Part_Desc_': 'Barrel', 'Report_Type': 'S', 'Rework': 'missing', 'Work_Order_Qty': 1.0}",deviant
Case52,Packing,2012-01-15 19:24:57,2012-01-15 21:03:54,2012-01-15 22:03:54,ID4820,108,0.03932151117964534,0,33.0,0.0,60.0,15,21,complete,1,19983.9,336.8666666666667,1263.9,204.8,"{'Part_Desc_': 'Ballnut', 'Report_Type': 'D', 'Rework': 'missing', 'Work_Order_Qty': 75.0}",regular
Case19,other,2012-01-15 18:01:26,2012-01-15 20:50:23,2012-01-15 22:05:23,ID4493,108,0.0,0,4.0,0.0,60.0,11,20,complete,1,19970.383333333335,623.95,1250.3833333333334,161.35,"{'Part_Desc_': 'Cable Head', 'Report_Type': 'S', 'Rework': 'missing', 'Work_Order_Qty': 33.0}",deviant
17_CF,Final Inspection Q.C.,2012-01-15 13:43:59,2012-01-15 19:24:57,2012-01-15 22:07:33,ID4618,109,0.2027756360832691,1,1.0,0.0,113.99999764561653,13,15,complete,1,19660.683333333334,283.8666666666667,940.6833333333333,162.6,"{'Part_Desc_': 'Ballnut', 'Report_Type': 'S', 'Rework': 'missing', 'Work_Order_Qty': 12.000000308267774}",deviant
Case66,Laser Marking,2012-01-15 19:36:45,2012-01-15 20:53:26,2012-01-15 22:08:26,ID0998,108,0.06090979182729375,0,10.0,0.0,75.0,9,20,complete,1,19973.433333333334,151.68333333333334,1253.4333333333334,186.3,"{'Part_Desc_': 'Ring', 'Report_Type': 'S', 'Rework': 'missing', 'Work_Order_Qty': 10.0}",regular
Case223,Flat Grinding,2012-01-15 19:22:44,2012-01-15 20:54:20,2012-01-15 22:09:20,ID4882,108,0.02467232074016962,0,18.0,0.0,49.99999999999999,16,20,complete,1,19974.333333333332,166.6,1254.3333333333333,194.2,"{'Part_Desc_': 'Ballnut', 'Report_Type': 'S', 'Rework': 'missing', 'Work_Order_Qty': 29.999999999999996}",deviant
Case100,Round Grinding,2012-01-15 09:56:51,2012-01-15 18:01:26,2012-01-15 22:32:26,ID4445,110,0.4379336931380108,0,18.0,0.0,1.0,10,11,complete,1,19388.333333333332,143.15,668.3333333333334,184.51666666666668,"{'Part_Desc_': 'Ballnut', 'Report_Type': 'D', 'Rework': 'missing', 'Work_Order_Qty': 18.0}",deviant
Case75,Round Grinding,2012-01-15 13:57:26,2012-01-15 18:52:26,2012-01-15 22:52:26,ID4872,109,0.4379336931380108,1,9.0,0.0,60.0,11,15,complete,1,19658.916666666668,370.28333333333336,938.9166666666666,153.91666666666666,"{'Part_Desc_': 'Ballnut', 'Report_Type': 'S', 'Rework': 'missing', 'Work_Order_Qty': 10.0}",regular
Case214,Turning & Milling,2012-01-12 02:58:36,2012-01-15 21:09:36,2012-01-15 23:10:36,ID4794,132,0.6491904394757132,19,46.99999999999999,0.0,600.0,2,2,complete,1,14578.633333333333,3612.116666666667,178.63333333333333,154.76666666666668,"{'Part_Desc_': 'Ballnut', 'Report_Type': 'S', 'Rework': 'missing', 'Work_Order_Qty': 150.0}",regular
Case21,Turning & Milling,2012-01-10 15:27:01,2012-01-15 18:15:26,2012-01-15 23:41:26,ID4932,145,0.6491904394757132,31,25.0,0.0,135.0,5,20,complete,1,12748.9,1053.1833333333334,1228.9,136.53333333333333,"{'Part_Desc_': 'Punch Plate', 'Report_Type': 'S', 'Rework': 'missing', 'Work_Order_Qty': 151.0}",deviant
Case249,Laser Marking,2012-01-15 11:12:26,2012-01-15 22:52:26,2012-01-15 23:43:26,ID4872,110,0.06090979182729375,2,62.0,0.0,59.99999999999999,17,16,complete,1,19710.433333333334,495.6666666666667,990.4333333333333,138.13333333333333,"{'Part_Desc_': 'Ballnut', 'Report_Type': 'S', 'Rework': 'missing', 'Work_Order_Qty': 64.0}",regular
Case110,Turning & Milling,2012-01-14 11:39:28,2012-01-15 18:12:59,2012-01-15 23:51:59,ID4529,118,0.6491904394757132,9,1.0,0.0,31.0,3,13,complete,1,18082.3,162.83333333333334,802.3,140.68333333333334,"{'Part_Desc_': 'Ballnut', 'Report_Type': 'S', 'Rework': 'missing', 'Work_Order_Qty': 500.0}",regular
8_CF,Packing,2012-01-15 19:10:57,2012-01-15 22:03:54,2012-01-16 00:32:45,ID4820,108,0.03932151117964534,0,1.0,0.0,113.99999764561653,14,21,complete,1,19991.083333333332,550.5833333333334,1271.0833333333333,148.85,"{'Part_Desc_': 'Ballnut', 'Report_Type': 'S', 'Rework': 'missing', 'Work_Order_Qty': 12.000000308267774}",deviant
Case55,Turn & Mill. & Screw Assem,2012-01-15 14:10:51,2012-01-15 18:02:31,2012-01-16 00:40:31,ID4132,109,0,0,59.99999999999999,0.0,60.00000000000001,9,18,complete,1,19802.516666666666,646.6666666666666,1082.5166666666667,162.33333333333334,"{'Part_Desc_': 'Bearing', 'Report_Type': 'S', 'Rework': 'missing', 'Work_Order_Qty': 70.0}",regular
Case27,Final Inspection Q.C.,2012-01-15 14:34:59,2012-01-15 22:07:33,2012-01-16 01:19:33,ID4618,109,0.2027756360832691,1,12.0,0.0,158.0,13,16,complete,1,19712.083333333332,149.95,992.0833333333334,155.08333333333334,"{'Part_Desc_': 'Ballnut', 'Report_Type': 'S', 'Rework': 'missing', 'Work_Order_Qty': 12.0}",regular
Case223,Final Inspection Q.C.,2012-01-15 22:09:20,2012-01-15 23:39:04,2012-01-16 01:39:04,ID4287,108,0.2027756360832691,0,18.0,0.0,49.99999999999999,17,23,complete,1,20139.066666666666,164.73333333333332,1419.0666666666666,179.95,"{'Part_Desc_': 'Ballnut', 'Report_Type': 'S', 'Rework': 'missing', 'Work_Order_Qty': 29.999999999999996}",deviant
Case6,Turning & Milling,2012-01-15 11:17:39,2012-01-15 15:02:45,2012-01-16 02:05:45,ID4219,109,0.6491904394757132,0,17.0,0.0,60.00000000000001,9,15,complete,1,19622.75,804.6333333333333,902.75,128.6,"{'Part_Desc_': 'Bearing', 'Report_Type': 'S', 'Rework': 'missing', 'Work_Order_Qty': 73.0}",regular
Case245,Round Grinding,2012-01-15 17:51:11,2012-01-15 20:48:11,2012-01-16 02:28:11,ID4528,108,0.4379336931380108,1,5.0,0.0,634.0,12,19,complete,1,19911.883333333335,224.7,1191.8833333333334,202.2,"{'Part_Desc_': 'Cable Head', 'Report_Type': 'B', 'Rework': 'missing', 'Work_Order_Qty': 5.0}",deviant
21_CF,Lapping,2012-01-15 21:09:36,2012-01-16 00:48:41,2012-01-16 03:06:45,ID0998,108,0.12336160370084812,0,1.0,0.0,1.0,13,0,complete,1,20208.683333333334,6759.2,48.68333333333333,138.06666666666666,"{'Part_Desc_': 'Barrel', 'Report_Type': 'S', 'Rework': 'missing', 'Work_Order_Qty': 1.0}",deviant
17_CF,Packing,2012-01-15 22:07:33,2012-01-16 00:32:45,2012-01-16 03:24:45,ID4820,108,0.03932151117964534,0,1.0,0.0,113.99999764561653,14,23,complete,1,20132.883333333335,472.2,1412.8833333333334,172.0,"{'Part_Desc_': 'Ballnut', 'Report_Type': 'S', 'Rework': 'missing', 'Work_Order_Qty': 12.000000308267774}",deviant
Case28,Turning & Milling,2012-01-15 19:23:57,2012-01-15 20:43:13,2012-01-16 03:40:13,ID4167,108,0.6491904394757132,0,1.0,0.0,20.0,6,20,complete,1,19963.216666666667,321.9166666666667,1243.2166666666667,163.61666666666667,"{'Part_Desc_': 'Ballnut', 'Report_Type': 'S', 'Rework': 'missing', 'Work_Order_Qty': 250.0}",regular
Case89,Turning & Milling,2012-01-14 12:11:56,2012-01-15 23:51:59,2012-01-16 03:43:59,ID4529,118,0.6491904394757132,9,200.00000000000003,0.0,75.0,3,14,complete,1,18121.933333333334,342.0,841.9333333333333,142.55,"{'Part_Desc_': 'Drum', 'Report_Type': 'S', 'Rework': 'missing', 'Work_Order_Qty': 200.0}",regular
Case25,Round Grinding,2012-01-15 18:52:26,2012-01-15 23:43:26,2012-01-16 04:00:26,ID4872,108,0.4379336931380108,2,2.0,0.0,90.0,14,20,complete,1,19977.066666666666,399.8833333333333,1257.0666666666666,213.26666666666668,"{'Part_Desc_': 'Plug', 'Report_Type': 'S', 'Rework': 'missing', 'Work_Order_Qty': 13.0}",deviant
Case66,Packing,2012-01-15 22:08:26,2012-01-16 03:24:45,2012-01-16 04:24:45,ID4820,108,0.03932151117964534,0,10.0,0.0,75.0,10,23,complete,1,20135.75,162.31666666666666,1415.75,192.61666666666667,"{'Part_Desc_': 'Ring', 'Report_Type': 'S', 'Rework': 'missing', 'Work_Order_Qty': 10.0}",regular
Case192,Turning & Milling,2012-01-14 08:15:46,2012-01-15 18:27:45,2012-01-16 04:58:45,ID4641,118,0.6491904394757132,6,60.0,0.0,139.0,11,17,complete,1,18303.1,867.3333333333334,1023.1,93.2,"{'Part_Desc_': 'Piston', 'Report_Type': 'D', 'Rework': 'missing', 'Work_Order_Qty': 200.0}",deviant
Case100,other,2012-01-15 22:32:26,2012-01-16 04:00:26,2012-01-16 05:10:26,ID4872,108,0.0,2,18.0,0.0,1.0,11,23,complete,1,20152.65,764.3166666666667,1432.65,208.21666666666667,"{'Part_Desc_': 'Ballnut', 'Report_Type': 'D', 'Rework': 'missing', 'Work_Order_Qty': 18.0}",deviant
Case52,Packing,2012-01-15 22:03:54,2012-01-16 04:24:45,2012-01-16 05:24:45,ID4820,108,0.03932151117964534,1,33.0,0.0,60.0,16,23,complete,1,20137.25,153.35,1417.25,190.43333333333334,"{'Part_Desc_': 'Ballnut', 'Report_Type': 'D', 'Rework': 'missing', 'Work_Order_Qty': 75.0}",regular
Case41,Final Inspection Q.C.,2012-01-15 16:58:37,2012-01-16 01:19:33,2012-01-16 05:42:33,ID4618,108,0.2027756360832691,4,20.0,0.0,263.0,13,18,complete,1,19845.633333333335,167.01666666666668,1125.6333333333334,176.73333333333332,"{'Part_Desc_': 'Spur Gear', 'Report_Type': 'S', 'Rework': 'missing', 'Work_Order_Qty': 20.0}",regular
Case235,Turning & Milling,2012-01-15 17:34:14,2012-01-16 00:40:31,2012-01-16 06:16:31,ID4132,108,0.6491904394757132,0,1.0,0.0,330.0,13,20,complete,1,19935.433333333334,221.2,1215.4333333333334,151.5,"{'Part_Desc_': 'Flange Bolt', 'Report_Type': 'S', 'Rework': 'missing', 'Work_Order_Qty': 13.0}",regular
Case19,Packing,2012-01-15 22:05:23,2012-01-16 05:24:45,2012-01-16 06:24:45,ID4820,108,0.03932151117964534,0,4.0,0.0,60.0,12,0,complete,1,20167.583333333332,197.2,7.583333333333333,168.45,"{'Part_Desc_': 'Cable Head', 'Report_Type': 'S', 'Rework': 'missing', 'Work_Order_Qty': 33.0}",deviant
Case62,Final Inspection Q.C.,2012-01-15 19:22:07,2012-01-16 05:42:33,2012-01-16 06:48:33,ID4618,108,0.2027756360832691,4,9.0,0.0,66.00000000000001,16,21,complete,1,19982.816666666666,160.7,1262.8166666666666,197.05,"{'Part_Desc_': 'Ballnut', 'Report_Type': 'S', 'Rework': 'missing', 'Work_Order_Qty': 9.0}",deviant
Case84,Round Grinding,2012-01-15 20:48:11,2012-01-16 02:28:11,2012-01-16 07:05:11,ID4528,108,0.4379336931380108,1,4.0,0.0,60.0,12,22,complete,1,20083.133333333335,361.8,1363.1333333333334,204.45,"{'Part_Desc_': 'Piston', 'Report_Type': 'S', 'Rework': 'missing', 'Work_Order_Qty': 14.999999999999998}",regular
Case249,Final Inspection Q.C.,2012-01-15 23:43:26,2012-01-16 02:57:22,2012-01-16 07:07:22,ID4287,108,0.2027756360832691,0,62.0,0.0,59.99999999999999,18,2,complete,1,20337.366666666665,626.9333333333333,177.36666666666667,149.65,"{'Part_Desc_': 'Ballnut', 'Report_Type': 'S', 'Rework': 'missing', 'Work_Order_Qty': 64.0}",regular
Case27,Packing,2012-01-16 01:19:33,2012-01-16 06:24:45,2012-01-16 07:24:45,ID4820,108,0.03932151117964534,3,12.0,0.0,158.0,14,3,complete,1,20368.433333333334,656.35,208.43333333333334,163.0,"{'Part_Desc_': 'Ballnut', 'Report_Type': 'S', 'Rework': 'missing', 'Work_Order_Qty': 12.0}",regular
Case230,Turning & Milling,2012-01-12 09:24:22,2012-01-15 23:10:36,2012-01-16 08:07:36,ID4794,128,0.6491904394757132,18,15.000000000000002,5.0,230.0,8,9,complete,1,14980.183333333332,73.25,580.1833333333333,130.88333333333333,"{'Part_Desc_': 'Spur Gear', 'Report_Type': 'B', 'Rework': 'missing', 'Work_Order_Qty': 105.00000000000001}",regular
Case214,Turning & Milling,2012-01-15 23:10:36,2012-01-16 03:40:13,2012-01-16 08:17:13,ID4167,108,0.6491904394757132,0,46.99999999999999,0.0,600.0,3,23,complete,1,20136.533333333333,5557.9,1416.5333333333333,157.51666666666668,"{'Part_Desc_': 'Ballnut', 'Report_Type': 'S', 'Rework': 'missing', 'Work_Order_Qty': 150.0}",regular
Case55,Turning & Milling Q.C.,2012-01-16 00:40:31,2012-01-16 07:07:22,2012-01-16 08:37:22,ID4287,108,0.17424826522744796,0,59.99999999999999,0.0,60.00000000000001,10,3,complete,1,20398.166666666668,595.65,238.16666666666666,164.48333333333332,"{'Part_Desc_': 'Bearing', 'Report_Type': 'S', 'Rework': 'missing', 'Work_Order_Qty': 70.0}",regular
Case6,Turning & Milling,2012-01-16 02:05:45,2012-01-16 04:51:06,2012-01-16 08:49:06,ID0997,108,0.6491904394757132,0,17.0,0.0,60.00000000000001,10,4,complete,1,20451.1,828.35,291.1,137.0,"{'Part_Desc_': 'Bearing', 'Report_Type': 'S', 'Rework': 'missing', 'Work_Order_Qty': 73.0}",regular
8_CF,Final Inspection Q.C.,2012-01-16 00:32:45,2012-01-16 06:48:33,2012-01-16 09:24:40,ID4618,108,0.2027756360832691,2,1.0,0.0,113.99999764561653,15,2,complete,1,20319.283333333333,328.2,159.28333333333333,156.11666666666667,"{'Part_Desc_': 'Ballnut', 'Report_Type': 'S', 'Rework': 'missing', 'Work_Order_Qty': 12.000000308267774}",deviant
Case75,Round Grinding,2012-01-15 22:52:26,2012-01-16 07:05:11,2012-01-16 09:45:11,ID4528,108,0.4379336931380108,1,9.0,0.0,60.0,12,0,complete,1,20175.166666666668,516.25,15.166666666666666,171.95,"{'Part_Desc_': 'Ballnut', 'Report_Type': 'S', 'Rework': 'missing', 'Work_Order_Qty': 10.0}",regular
Case235,Turning & Milling Q.C.,2012-01-16 06:16:31,2012-01-16 08:18:25,2012-01-16 09:48:25,ID4163,106,0.17424826522744796,0,1.0,0.0,330.0,14,8,complete,1,20658.416666666668,722.9833333333333,498.4166666666667,177.21666666666667,"{'Part_Desc_': 'Flange Bolt', 'Report_Type': 'S', 'Rework': 'missing', 'Work_Order_Qty': 13.0}",regular
21_CF,Turning & Milling Q.C.,2012-01-16 03:06:45,2012-01-16 07:24:45,2012-01-16 09:52:01,ID4820,108,0.17424826522744796,3,1.0,0.0,1.0,14,5,complete,1,20515.683333333334,307.0,355.68333333333334,147.26666666666668,"{'Part_Desc_': 'Barrel', 'Report_Type': 'S', 'Rework': 'missing', 'Work_Order_Qty': 1.0}",deviant
Case238,Turning & Milling,2012-01-10 16:40:47,2012-01-15 23:41:26,2012-01-16 10:08:26,ID4932,144,0.6491904394757132,31,54.0,0.0,643.0,13,22,complete,1,12850.35,3578.883333333333,1330.35,104.51666666666667,"{'Part_Desc_': 'Electrical Contact', 'Report_Type': 'S', 'Rework': 'missing', 'Work_Order_Qty': 320.0}",regular
Case249,Packing,2012-01-16 07:07:22,2012-01-16 09:27:33,2012-01-16 10:27:33,ID4491,105,0.03932151117964534,0,62.0,0.0,59.99999999999999,19,9,complete,1,20727.55,390.18333333333334,567.55,157.56666666666666,"{'Part_Desc_': 'Ballnut', 'Report_Type': 'S', 'Rework': 'missing', 'Work_Order_Qty': 64.0}",regular
Case19,Packing,2012-01-16 06:24:45,2012-01-16 09:52:01,2012-01-16 10:52:01,ID4820,106,0.03932151117964534,2,4.0,0.0,60.0,13,8,complete,1,20684.166666666668,516.5833333333334,524.1666666666666,186.25,"{'Part_Desc_': 'Cable Head', 'Report_Type': 'S', 'Rework': 'missing', 'Work_Order_Qty': 33.0}",deviant
Case245,Round Grinding,2012-01-16 02:28:11,2012-01-16 09:45:11,2012-01-16 11:45:11,ID4528,108,0.4379336931380108,2,5.0,0.0,634.0,13,4,complete,1,20435.25,523.3666666666667,275.25,199.31666666666666,"{'Part_Desc_': 'Cable Head', 'Report_Type': 'B', 'Rework': 'missing', 'Work_Order_Qty': 5.0}",deviant
Case192,Turning & Milling Q.C.,2012-01-16 04:58:45,2012-01-16 10:52:27,2012-01-16 11:55:27,ID4287,108,0.17424826522744796,1,60.0,0.0,139.0,12,10,complete,1,20812.45,2509.35,652.45,104.93333333333334,"{'Part_Desc_': 'Piston', 'Report_Type': 'D', 'Rework': 'missing', 'Work_Order_Qty': 200.0}",deviant
17_CF,Final Inspection Q.C.,2012-01-16 03:24:45,2012-01-16 09:24:40,2012-01-16 12:34:26,ID4618,108,0.2027756360832691,2,1.0,0.0,113.99999764561653,15,4,complete,1,20448.333333333332,315.45,288.3333333333333,189.76666666666668,"{'Part_Desc_': 'Ballnut', 'Report_Type': 'S', 'Rework': 'missing', 'Work_Order_Qty': 12.000000308267774}",deviant
Case35,Turning & Milling,2012-01-14 12:53:23,2012-01-16 03:43:59,2012-01-16 12:52:59,ID4529,117,0.6491904394757132,8,13.0,0.0,472.0,3,14,complete,1,18140.233333333334,5627.833333333333,860.2333333333333,145.56666666666666,"{'Part_Desc_': 'Cable Head', 'Report_Type': 'S', 'Rework': 'missing', 'Work_Order_Qty': 14.999999999999998}",regular
Case6,Flat Grinding,2012-01-16 08:49:06,2012-01-16 11:43:31,2012-01-16 12:58:31,ID4882,105,0.02467232074016962,0,17.0,0.0,60.00000000000001,11,11,complete,1,20863.516666666666,412.4166666666667,703.5166666666667,153.6,"{'Part_Desc_': 'Bearing', 'Report_Type': 'S', 'Rework': 'missing', 'Work_Order_Qty': 73.0}",regular
Case75,Packing,2012-01-16 09:45:11,2012-01-16 11:58:37,2012-01-16 12:58:37,ID4820,104,0.03932151117964534,1,9.0,0.0,60.0,13,11,complete,1,20878.616666666665,703.45,718.6166666666667,192.25,"{'Part_Desc_': 'Ballnut', 'Report_Type': 'S', 'Rework': 'missing', 'Work_Order_Qty': 10.0}",regular
Case55,Laser Marking,2012-01-16 08:37:22,2012-01-16 12:58:31,2012-01-16 13:47:31,ID4882,105,0.06090979182729375,0,59.99999999999999,0.0,60.00000000000001,11,11,complete,1,20878.466666666667,480.3,718.4666666666667,189.75,"{'Part_Desc_': 'Bearing', 'Report_Type': 'S', 'Rework': 'missing', 'Work_Order_Qty': 70.0}",regular
Case66,Final Inspection Q.C.,2012-01-16 04:24:45,2012-01-16 12:34:26,2012-01-16 13:49:26,ID4618,108,0.2027756360832691,2,10.0,0.0,75.0,11,6,complete,1,20559.933333333334,424.18333333333334,399.93333333333334,181.28333333333333,"{'Part_Desc_': 'Ring', 'Report_Type': 'S', 'Rework': 'missing', 'Work_Order_Qty': 10.0}",regular
Case28,Turning & Milling,2012-01-16 03:40:13,2012-01-16 08:49:06,2012-01-16 14:47:06,ID0997,108,0.6491904394757132,0,1.0,0.0,20.0,7,5,complete,1,20480.166666666668,516.95,320.1666666666667,178.71666666666667,"{'Part_Desc_': 'Ballnut', 'Report_Type': 'S', 'Rework': 'missing', 'Work_Order_Qty': 250.0}",regular
Case212,Turning & Milling,2012-01-12 13:22:22,2012-01-16 08:07:36,2012-01-16 15:45:36,ID4794,127,0.6491904394757132,18,24.0,0.0,328.0,2,13,complete,1,15202.4,4028.116666666667,802.4,159.1,"{'Part_Desc_': 'Ballnut', 'Report_Type': 'S', 'Rework': 'missing', 'Work_Order_Qty': 66.0}",regular
Case100,Final Inspection Q.C.,2012-01-16 05:10:26,2012-01-16 13:49:26,2012-01-16 16:34:26,ID4618,108,0.2027756360832691,3,18.0,0.0,1.0,12,7,complete,1,20590.15,437.5,430.15,193.2,"{'Part_Desc_': 'Ballnut', 'Report_Type': 'D', 'Rework': 'missing', 'Work_Order_Qty': 18.0}",deviant
Case78,Turning & Milling,2012-01-10 21:40:53,2012-01-16 10:08:26,2012-01-16 16:40:26,ID4932,142,0.6491904394757132,32,26.000000000000004,0.0,304.0,3,22,complete,1,12865.416666666666,149.53333333333333,1345.4166666666667,140.83333333333334,"{'Part_Desc_': 'Cable Head', 'Report_Type': 'S', 'Rework': 'missing', 'Work_Order_Qty': 230.0}",regular
Case258,Turning & Milling,2012-01-14 17:40:59,2012-01-16 12:52:59,2012-01-16 17:22:59,ID4529,115,0.6491904394757132,9,1.0,0.0,309.0,5,21,complete,1,18563.5,4271.5,1283.5,129.05,"{'Part_Desc_': 'Ballnut', 'Report_Type': 'S', 'Rework': 'missing', 'Work_Order_Qty': 50.0}",regular
Case55,Flat Grinding,2012-01-16 13:47:31,2012-01-16 17:27:57,2012-01-16 18:42:57,ID4882,99,0.02467232074016962,0,59.99999999999999,0.0,60.00000000000001,12,17,complete,1,21207.95,329.48333333333335,1047.95,178.26666666666668,"{'Part_Desc_': 'Bearing', 'Report_Type': 'S', 'Rework': 'missing', 'Work_Order_Qty': 70.0}",regular
Case25,Round Grinding,2012-01-16 04:00:26,2012-01-16 11:45:11,2012-01-16 19:34:11,ID4528,108,0.4379336931380108,1,2.0,0.0,90.0,15,6,complete,1,20538.733333333334,561.6666666666666,378.73333333333335,199.03333333333333,"{'Part_Desc_': 'Plug', 'Report_Type': 'S', 'Rework': 'missing', 'Work_Order_Qty': 13.0}",deviant
Case29,Turning & Milling,2012-01-14 19:31:45,2012-01-16 04:58:45,2012-01-16 19:58:45,ID4641,115,0.6491904394757132,8,48.00000000000001,0.0,30.0,5,23,complete,1,18664.233333333334,3850.733333333333,1384.2333333333333,129.73333333333332,"{'Part_Desc_': 'Cable Head', 'Report_Type': 'S', 'Rework': 'missing', 'Work_Order_Qty': 51.0}",regular
Case100,Packing,2012-01-16 16:34:26,2012-01-16 19:35:59,2012-01-16 20:35:59,ID4820,98,0.03932151117964534,0,18.0,0.0,1.0,13,19,complete,1,21335.983333333334,745.8333333333334,1175.9833333333333,173.9,"{'Part_Desc_': 'Ballnut', 'Report_Type': 'D', 'Rework': 'missing', 'Work_Order_Qty': 18.0}",deviant
Case194,other,2012-01-11 00:09:01,2012-01-16 16:40:26,2012-01-16 20:40:26,ID4932,141,0.0,34,1.0,0.0,538.0,10,2,complete,1,13125.216666666667,1943.3666666666666,165.21666666666667,125.6,"{'Part_Desc_': 'Socket', 'Report_Type': 'S', 'Rework': 'missing', 'Work_Order_Qty': 40.0}",regular
Case207,Turning & Milling,2012-01-12 14:12:15,2012-01-16 15:45:36,2012-01-16 21:54:36,ID4794,127,0.6491904394757132,18,56.0,0.0,60.00000000000001,11,15,complete,1,15327.766666666666,649.5666666666667,927.7666666666667,113.4,"{'Part_Desc_': 'Flange', 'Report_Type': 'S', 'Rework': 'missing', 'Work_Order_Qty': 125.0}",regular
Case35,Turning & Milling,2012-01-16 12:52:59,2012-01-16 14:13:53,2012-01-16 22:05:53,ID4429,100,0.6491904394757132,0,13.0,0.0,472.0,4,14,complete,1,21013.883333333335,2873.65,853.8833333333333,138.16666666666666,"{'Part_Desc_': 'Cable Head', 'Report_Type': 'S', 'Rework': 'missing', 'Work_Order_Qty': 14.999999999999998}",regular
Case192,Turning & Milling,2012-01-16 11:55:27,2012-01-16 16:29:58,2012-01-16 22:28:58,ID3846,101,0.6491904394757132,0,60.0,0.0,139.0,13,16,complete,1,21149.966666666667,337.51666666666665,989.9666666666667,123.33333333333333,"{'Part_Desc_': 'Piston', 'Report_Type': 'D', 'Rework': 'missing', 'Work_Order_Qty': 200.0}",deviant
Case12,Turning,2012-01-14 20:13:46,2012-01-16 19:58:45,2012-01-16 22:42:45,ID4641,114,0,7,30.0,0.0,111.0,10,0,complete,1,18732.566666666666,351.4,12.566666666666666,115.0,"{'Part_Desc_': 'Spur Gear', 'Report_Type': 'S', 'Rework': 'missing', 'Work_Order_Qty': 69.0}",regular
Case84,Final Inspection Q.C.,2012-01-16 07:05:11,2012-01-16 16:34:26,2012-01-16 22:51:26,ID4618,105,0.2027756360832691,2,4.0,0.0,60.0,13,9,complete,1,20709.533333333333,626.4,549.5333333333333,191.28333333333333,"{'Part_Desc_': 'Piston', 'Report_Type': 'S', 'Rework': 'missing', 'Work_Order_Qty': 14.999999999999998}",regular
Case242,Turning & Milling,2012-01-15 20:42:09,2012-01-16 17:22:59,2012-01-16 23:52:59,ID4529,108,0.6491904394757132,3,1.0,0.0,49.0,4,22,complete,1,20042.566666666666,302.4166666666667,1322.5666666666666,155.85,"{'Part_Desc_': 'Spur Gear', 'Report_Type': 'S', 'Rework': 'missing', 'Work_Order_Qty': 40.0}",regular
Case27,Final Inspection Q.C.,2012-01-16 07:24:45,2012-01-16 22:51:26,2012-01-17 01:29:26,ID4618,105,0.2027756360832691,3,12.0,0.0,158.0,15,10,complete,1,20763.2,394.76666666666665,603.2,177.55,"{'Part_Desc_': 'Ballnut', 'Report_Type': 'S', 'Rework': 'missing', 'Work_Order_Qty': 12.0}",regular
Case194,Turning & Milling,2012-01-16 20:40:26,2012-01-16 22:51:58,2012-01-17 02:13:58,ID4132,98,0.6491904394757132,0,1.0,0.0,538.0,11,22,complete,1,21531.966666666667,8406.75,1371.9666666666667,131.9,"{'Part_Desc_': 'Socket', 'Report_Type': 'S', 'Rework': 'missing', 'Work_Order_Qty': 40.0}",regular
Case84,Packing,2012-01-16 22:51:26,2012-01-17 01:42:19,2012-01-17 02:42:19,ID4820,97,0.03932151117964534,0,4.0,0.0,60.0,14,1,complete,1,21702.316666666666,992.7833333333333,102.31666666666666,182.18333333333334,"{'Part_Desc_': 'Piston', 'Report_Type': 'S', 'Rework': 'missing', 'Work_Order_Qty': 14.999999999999998}",regular
Case238,Turning & Milling Q.C.,2012-01-16 10:08:26,2012-01-17 01:29:26,2012-01-17 02:52:26,ID4618,103,0.17424826522744796,4,54.0,0.0,643.0,14,13,complete,1,20949.633333333335,8099.283333333334,789.6333333333333,111.13333333333334,"{'Part_Desc_': 'Electrical Contact', 'Report_Type': 'S', 'Rework': 'missing', 'Work_Order_Qty': 320.0}",regular
Case55,Flat Grinding,2012-01-16 18:42:57,2012-01-16 23:49:06,2012-01-17 02:59:06,ID4882,98,0.02467232074016962,0,59.99999999999999,0.0,60.00000000000001,13,23,complete,1,21589.1,381.15,1429.1,166.78333333333333,"{'Part_Desc_': 'Bearing', 'Report_Type': 'S', 'Rework': 'missing', 'Work_Order_Qty': 70.0}",regular
Case6,Turning & Milling Q.C.,2012-01-16 12:58:31,2012-01-17 02:52:26,2012-01-17 03:01:26,ID4618,100,0.17424826522744796,3,17.0,0.0,60.00000000000001,12,16,complete,1,21150.916666666668,287.4,990.9166666666666,178.85,"{'Part_Desc_': 'Bearing', 'Report_Type': 'S', 'Rework': 'missing', 'Work_Order_Qty': 73.0}",regular
Case108,Turning & Milling,2012-01-15 18:12:59,2012-01-16 23:52:59,2012-01-17 03:17:59,ID4529,108,0.6491904394757132,4,13.0,0.0,205.0,4,23,complete,1,20100.683333333334,2931.3333333333335,1380.6833333333334,113.78333333333333,"{'Part_Desc_': 'other', 'Report_Type': 'S', 'Rework': 'missing', 'Work_Order_Qty': 14.999999999999998}",regular
Case34,Turning & Milling,2012-01-11 06:38:24,2012-01-16 20:40:26,2012-01-17 03:38:26,ID4932,138,0.6491904394757132,34,10.999999999999998,0.0,240.0,4,7,complete,1,13396.216666666667,2157.733333333333,436.21666666666664,153.6,"{'Part_Desc_': 'Housing', 'Report_Type': 'S', 'Rework': 'missing', 'Work_Order_Qty': 20.0}",deviant
Case28,Turning & Milling Q.C.,2012-01-16 14:47:06,2012-01-17 03:01:26,2012-01-17 03:58:26,ID4618,98,0.17424826522744796,3,1.0,0.0,20.0,8,17,complete,1,21181.516666666666,701.35,1021.5166666666667,170.2,"{'Part_Desc_': 'Ballnut', 'Report_Type': 'S', 'Rework': 'missing', 'Work_Order_Qty': 250.0}",regular
Case100,Final Inspection Q.C.,2012-01-16 20:35:59,2012-01-17 03:58:26,2012-01-17 03:59:26,ID4618,98,0.2027756360832691,4,18.0,0.0,1.0,14,0,complete,1,21632.516666666666,296.53333333333336,32.516666666666666,166.88333333333333,"{'Part_Desc_': 'Ballnut', 'Report_Type': 'D', 'Rework': 'missing', 'Work_Order_Qty': 18.0}",deviant
Case12,Turning Q.C.,2012-01-16 22:42:45,2012-01-17 03:59:26,2012-01-17 05:14:26,ID4618,97,0,4,30.0,0.0,111.0,11,1,complete,1,21696.016666666666,2963.45,96.01666666666667,121.05,"{'Part_Desc_': 'Spur Gear', 'Report_Type': 'S', 'Rework': 'missing', 'Work_Order_Qty': 69.0}",regular
Case84,Final Inspection Q.C.,2012-01-17 02:42:19,2012-01-17 05:59:08,2012-01-17 06:00:08,ID4618,96,0.2027756360832691,4,4.0,0.0,60.0,15,5,complete,1,21959.133333333335,256.81666666666666,359.1333333333333,173.21666666666667,"{'Part_Desc_': 'Piston', 'Report_Type': 'S', 'Rework': 'missing', 'Work_Order_Qty': 14.999999999999998}",regular
Case245,Round Grinding,2012-01-16 11:45:11,2012-01-16 19:34:11,2012-01-17 06:09:11,ID4528,101,0.4379336931380108,1,5.0,0.0,634.0,14,14,complete,1,21057.066666666666,621.8166666666667,897.0666666666667,186.8,"{'Part_Desc_': 'Cable Head', 'Report_Type': 'B', 'Rework': 'missing', 'Work_Order_Qty': 5.0}",deviant
Case110,Turning & Milling,2012-01-15 23:51:59,2012-01-17 03:17:59,2012-01-17 06:26:59,ID4529,108,0.6491904394757132,5,1.0,0.0,31.0,4,1,complete,1,20221.416666666668,2139.116666666667,61.416666666666664,139.2,"{'Part_Desc_': 'Ballnut', 'Report_Type': 'S', 'Rework': 'missing', 'Work_Order_Qty': 500.0}",regular
Case25,Round Grinding,2012-01-16 19:34:11,2012-01-17 06:09:11,2012-01-17 07:13:11,ID4528,98,0.4379336931380108,1,2.0,0.0,90.0,16,22,complete,1,21520.433333333334,981.7,1360.4333333333334,187.08333333333334,"{'Part_Desc_': 'Plug', 'Report_Type': 'S', 'Rework': 'missing', 'Work_Order_Qty': 13.0}",deviant
Case6,Flat Grinding,2012-01-17 03:01:26,2012-01-17 07:09:47,2012-01-17 07:54:47,ID4882,96,0.02467232074016962,0,17.0,0.0,60.00000000000001,13,7,complete,1,22029.783333333333,878.8666666666667,429.78333333333336,175.16666666666666,"{'Part_Desc_': 'Bearing', 'Report_Type': 'S', 'Rework': 'missing', 'Work_Order_Qty': 73.0}",regular
Case10,Turning & Milling,2012-01-12 14:59:47,2012-01-16 21:54:36,2012-01-17 08:13:36,ID4794,127,0.6491904394757132,18,100.0,0.0,150.0,9,15,complete,1,15338.783333333333,418.51666666666665,938.7833333333333,127.65,"{'Part_Desc_': 'Spur Gear', 'Report_Type': 'S', 'Rework': 'missing', 'Work_Order_Qty': 251.0}",regular
Case70,Turning & Milling,2012-01-14 18:28:46,2012-01-16 22:42:45,2012-01-17 08:25:45,ID4641,115,0.6491904394757132,8,1.0,0.0,392.00000000000006,7,0,complete,1,18776.033333333333,909.2166666666667,56.03333333333333,89.65,"{'Part_Desc_': 'Spindle', 'Report_Type': 'B', 'Rework': 'missing', 'Work_Order_Qty': 33.0}",regular
Case207,Turning & Milling,2012-01-16 21:54:36,2012-01-17 01:00:40,2012-01-17 08:38:40,ID4718,98,0.6491904394757132,0,56.0,0.0,60.00000000000001,12,1,complete,1,21660.666666666668,6332.9,60.666666666666664,130.41666666666666,"{'Part_Desc_': 'Flange', 'Report_Type': 'S', 'Rework': 'missing', 'Work_Order_Qty': 125.0}",regular
Case250,Milling,2012-01-11 04:51:54,2012-01-17 03:38:26,2012-01-17 09:38:26,ID4932,138,0,35,32.0,0.0,60.0,5,7,complete,1,13434.633333333333,4708.8,474.6333333333333,128.51666666666668,"{'Part_Desc_': 'Barrel', 'Report_Type': 'S', 'Rework': 'missing', 'Work_Order_Qty': 32.0}",regular
Case55,Lapping,2012-01-17 02:59:06,2012-01-17 08:36:48,2012-01-17 09:51:48,ID4882,96,0.12336160370084812,0,59.99999999999999,0.0,60.00000000000001,14,8,complete,1,22116.8,527.7,516.8,166.35,"{'Part_Desc_': 'Bearing', 'Report_Type': 'S', 'Rework': 'missing', 'Work_Order_Qty': 70.0}",regular
Case33,Turning & Milling,2012-01-12 20:41:24,2012-01-17 08:13:36,2012-01-17 10:08:36,ID4794,126,0.6491904394757132,18,5.999999999999999,0.0,92.0,3,20,complete,1,15641.433333333332,29.033333333333335,1241.4333333333334,145.9,"{'Part_Desc_': 'Ballnut', 'Report_Type': 'S', 'Rework': 'missing', 'Work_Order_Qty': 29.999999999999996}",regular
Case148,Packing,2012-01-11 11:51:54,2012-01-17 09:38:26,2012-01-17 10:38:26,ID4932,135,0.03932151117964534,36,1.0,0.0,75.0,3,12,complete,1,13715.066666666668,4969.4,755.0666666666667,135.73333333333332,"{'Part_Desc_': 'Piston', 'Report_Type': 'D', 'Rework': 'missing', 'Work_Order_Qty': 78.0}",deviant
Case192,Turning & Milling,2012-01-16 22:28:58,2012-01-17 02:39:43,2012-01-17 11:06:43,ID4132,97,0.6491904394757132,0,60.0,0.0,139.0,14,2,complete,1,21759.716666666667,609.75,159.71666666666667,147.65,"{'Part_Desc_': 'Piston', 'Report_Type': 'D', 'Rework': 'missing', 'Work_Order_Qty': 200.0}",deviant
Case28,Turning & Milling,2012-01-17 03:58:26,2012-01-17 06:55:30,2012-01-17 11:57:30,ID4429,95,0.6491904394757132,0,1.0,0.0,20.0,9,6,complete,1,22015.5,833.9833333333333,415.5,161.18333333333334,"{'Part_Desc_': 'Ballnut', 'Report_Type': 'S', 'Rework': 'missing', 'Work_Order_Qty': 250.0}",regular
Case34,Turning & Milling,2012-01-17 03:38:26,2012-01-17 11:06:43,2012-01-17 12:10:43,ID4132,95,0.6491904394757132,0,10.999999999999998,0.0,240.0,5,4,complete,1,21893.05,8496.833333333334,293.05,148.23333333333332,"{'Part_Desc_': 'Housing', 'Report_Type': 'S', 'Rework': 'missing', 'Work_Order_Qty': 20.0}",deviant
Case194,Turning,2012-01-17 02:13:58,2012-01-17 05:05:55,2012-01-17 12:12:55,ID3846,96,0,0,1.0,0.0,538.0,12,5,complete,1,21905.916666666668,373.95,305.9166666666667,148.91666666666666,"{'Part_Desc_': 'Socket', 'Report_Type': 'S', 'Rework': 'missing', 'Work_Order_Qty': 40.0}",regular
Case89,Turning & Milling,2012-01-16 03:43:59,2012-01-17 06:26:59,2012-01-17 12:14:59,ID4529,108,0.6491904394757132,5,200.00000000000003,0.0,75.0,4,5,complete,1,20469.116666666665,2347.1833333333334,309.1166666666667,138.46666666666667,"{'Part_Desc_': 'Drum', 'Report_Type': 'S', 'Rework': 'missing', 'Work_Order_Qty': 200.0}",regular
Case251,other,2012-01-11 09:22:36,2012-01-17 10:38:26,2012-01-17 12:25:26,ID4932,138,0.0,36,5.0,0.0,15.0,8,12,complete,1,13725.833333333334,223.23333333333332,765.8333333333334,122.76666666666667,"{'Part_Desc_': 'Cable Head', 'Report_Type': 'S', 'Rework': 'missing', 'Work_Order_Qty': 5.0}",deviant
Case84,Final Inspection Q.C.,2012-01-17 06:00:08,2012-01-17 09:57:17,2012-01-17 12:42:17,ID4618,94,0.2027756360832691,0,4.0,0.0,60.0,16,9,complete,1,22197.283333333333,238.15,597.2833333333333,162.48333333333332,"{'Part_Desc_': 'Piston', 'Report_Type': 'S', 'Rework': 'missing', 'Work_Order_Qty': 14.999999999999998}",regular
Case6,Laser Marking,2012-01-17 07:54:47,2012-01-17 12:51:19,2012-01-17 13:38:19,ID0998,94,0.06090979182729375,0,17.0,0.0,60.00000000000001,14,12,complete,1,22371.316666666666,341.53333333333336,771.3166666666667,168.43333333333334,"{'Part_Desc_': 'Bearing', 'Report_Type': 'S', 'Rework': 'missing', 'Work_Order_Qty': 73.0}",regular
Case148,Final Inspection Q.C.,2012-01-17 10:38:26,2012-01-17 12:23:41,2012-01-17 13:38:41,ID4287,94,0.2027756360832691,0,1.0,0.0,75.0,4,12,complete,1,22343.683333333334,8628.616666666667,743.6833333333333,130.5,"{'Part_Desc_': 'Piston', 'Report_Type': 'D', 'Rework': 'missing', 'Work_Order_Qty': 78.0}",deviant
Case10,Turning & Milling,2012-01-17 08:13:36,2012-01-17 12:10:43,2012-01-17 14:07:43,ID4132,94,0.6491904394757132,1,100.0,0.0,150.0,10,10,complete,1,22200.383333333335,6861.6,600.3833333333333,136.33333333333334,"{'Part_Desc_': 'Spur Gear', 'Report_Type': 'S', 'Rework': 'missing', 'Work_Order_Qty': 251.0}",regular
2_CF,Milling,2012-01-11 14:00:31,2012-01-17 12:25:26,2012-01-17 14:22:48,ID4932,134,0,37,1.0,0.0,509.9999874830246,5,16,complete,1,13952.016666666666,4982.916666666667,992.0166666666667,117.36666666666666,"{'Part_Desc_': 'Barrel', 'Report_Type': 'S', 'Rework': 'missing', 'Work_Order_Qty': 31.999999225139618}",deviant
Case260,Turning & Milling,2012-01-13 04:12:16,2012-01-17 10:08:36,2012-01-17 14:50:36,ID4794,126,0.6491904394757132,18,18.0,0.0,241.00000000000003,8,7,complete,1,16263.45,485.1333333333333,423.45,115.9,"{'Part_Desc_': 'Ballnut', 'Report_Type': 'S', 'Rework': 'missing', 'Work_Order_Qty': 315.0}",regular
Case25,Round Grinding,2012-01-17 07:13:11,2012-01-17 10:55:43,2012-01-17 14:55:43,ID4872,94,0.4379336931380108,0,2.0,0.0,90.0,17,10,complete,1,22255.716666666667,735.2833333333333,655.7166666666667,179.06666666666666,"{'Part_Desc_': 'Plug', 'Report_Type': 'S', 'Rework': 'missing', 'Work_Order_Qty': 13.0}",deviant
Case238,Turning & Milling,2012-01-17 02:52:26,2012-01-17 04:46:46,2012-01-17 15:29:46,ID4167,96,0.6491904394757132,0,54.0,0.0,643.0,15,4,complete,1,21886.766666666666,937.1333333333333,286.76666666666665,133.38333333333333,"{'Part_Desc_': 'Electrical Contact', 'Report_Type': 'S', 'Rework': 'missing', 'Work_Order_Qty': 320.0}",regular
Case55,Lapping,2012-01-17 09:51:48,2012-01-17 15:34:46,2012-01-17 17:04:46,ID4882,94,0.12336160370084812,0,59.99999999999999,0.0,60.00000000000001,15,15,complete,1,22534.766666666666,417.96666666666664,934.7666666666667,165.28333333333333,"{'Part_Desc_': 'Bearing', 'Report_Type': 'S', 'Rework': 'missing', 'Work_Order_Qty': 70.0}",regular
Case31,Turning & Milling,2012-01-11 20:27:31,2012-01-17 14:22:48,2012-01-17 17:22:48,ID4932,133,0.6491904394757132,36,26.0,0.0,545.0,2,20,complete,1,14205.966666666667,4582.25,1245.9666666666667,150.58333333333334,"{'Part_Desc_': 'Cable Head', 'Report_Type': 'S', 'Rework': 'missing', 'Work_Order_Qty': 29.999999999999996}",regular
Case34,Turning & Milling Q.C.,2012-01-17 12:10:43,2012-01-17 14:30:53,2012-01-17 17:26:53,ID4287,94,0.17424826522744796,0,10.999999999999998,0.0,240.0,6,14,complete,1,22470.883333333335,577.8333333333334,870.8833333333333,138.28333333333333,"{'Part_Desc_': 'Housing', 'Report_Type': 'S', 'Rework': 'missing', 'Work_Order_Qty': 20.0}",deviant
Case70,Turning & Milling,2012-01-17 08:25:45,2012-01-17 12:12:55,2012-01-17 17:31:55,ID3846,94,0.6491904394757132,0,1.0,0.0,392.00000000000006,8,11,complete,1,22306.916666666668,3530.883333333333,706.9166666666666,104.16666666666667,"{'Part_Desc_': 'Spindle', 'Report_Type': 'B', 'Rework': 'missing', 'Work_Order_Qty': 33.0}",regular
Case192,Turning & Milling,2012-01-17 11:06:43,2012-01-17 17:31:55,2012-01-17 17:46:55,ID3846,94,0.6491904394757132,0,60.0,0.0,139.0,15,14,complete,1,22489.716666666667,730.0,889.7166666666667,154.41666666666666,"{'Part_Desc_': 'Piston', 'Report_Type': 'D', 'Rework': 'missing', 'Work_Order_Qty': 200.0}",deviant
Case156,Turning & Milling,2012-01-14 22:08:45,2012-01-17 08:25:45,2012-01-17 17:54:45,ID4641,114,0.6491904394757132,7,45.0,0.0,1.0,5,1,complete,1,18819.533333333333,3606.7833333333333,99.53333333333333,128.95,"{'Part_Desc_': 'Drill', 'Report_Type': 'S', 'Rework': 'missing', 'Work_Order_Qty': 600.0}",regular
Case10,Turning & Milling,2012-01-17 14:07:43,2012-01-17 16:23:27,2012-01-17 18:21:27,ID4132,94,0.6491904394757132,0,100.0,0.0,150.0,11,16,complete,1,22583.45,383.06666666666666,983.45,138.3,"{'Part_Desc_': 'Spur Gear', 'Report_Type': 'S', 'Rework': 'missing', 'Work_Order_Qty': 251.0}",regular
Case84,Final Inspection Q.C.,2012-01-17 12:42:17,2012-01-17 17:23:26,2012-01-17 18:38:26,ID4618,94,0.2027756360832691,0,4.0,0.0,60.0,17,17,complete,1,22643.433333333334,446.15,1043.4333333333334,144.6,"{'Part_Desc_': 'Piston', 'Report_Type': 'S', 'Rework': 'missing', 'Work_Order_Qty': 14.999999999999998}",regular
Case148,other,2012-01-17 13:38:41,2012-01-17 17:26:53,2012-01-17 18:41:53,ID4287,94,0.0,0,1.0,0.0,75.0,5,16,complete,1,22578.416666666668,234.73333333333332,978.4166666666666,125.26666666666667,"{'Part_Desc_': 'Piston', 'Report_Type': 'D', 'Rework': 'missing', 'Work_Order_Qty': 78.0}",deviant
Case6,Final Inspection Q.C.,2012-01-17 13:38:19,2012-01-17 18:48:50,2012-01-17 18:49:50,ID4618,94,0.2027756360832691,0,17.0,0.0,60.00000000000001,15,18,complete,1,22728.833333333332,357.51666666666665,1128.8333333333333,158.01666666666668,"{'Part_Desc_': 'Bearing', 'Report_Type': 'S', 'Rework': 'missing', 'Work_Order_Qty': 73.0}",regular
Case194,Turning,2012-01-17 12:12:55,2012-01-17 17:46:55,2012-01-17 19:12:55,ID3846,94,0,1,1.0,0.0,538.0,13,16,complete,1,22580.55,674.6333333333333,980.55,145.13333333333333,"{'Part_Desc_': 'Socket', 'Report_Type': 'S', 'Rework': 'missing', 'Work_Order_Qty': 40.0}",regular
Case11,Turning & Milling,2012-01-14 23:46:45,2012-01-17 17:54:45,2012-01-17 19:14:45,ID4641,114,0.6491904394757132,6,97.0,0.0,178.0,10,5,complete,1,19020.916666666668,2834.733333333333,300.9166666666667,114.58333333333333,"{'Part_Desc_': 'Spur Gear', 'Report_Type': 'S', 'Rework': 'missing', 'Work_Order_Qty': 100.0}",regular
Case260,Turning & Milling,2012-01-17 14:50:36,2012-01-17 17:52:02,2012-01-17 19:22:02,ID4167,94,0.6491904394757132,0,18.0,0.0,241.00000000000003,9,17,complete,1,22672.033333333333,6408.583333333333,1072.0333333333333,126.68333333333334,"{'Part_Desc_': 'Ballnut', 'Report_Type': 'S', 'Rework': 'missing', 'Work_Order_Qty': 315.0}",regular
3_CF,Milling,2012-01-11 22:44:17,2012-01-17 17:22:48,2012-01-17 19:28:36,ID4932,133,0,36,1.0,0.0,509.9999874830246,5,1,complete,1,14462.366666666667,4781.35,62.36666666666667,125.8,"{'Part_Desc_': 'Barrel', 'Report_Type': 'S', 'Rework': 'missing', 'Work_Order_Qty': 31.999999225139618}",deviant
Case245,Round Grinding,2012-01-17 06:09:11,2012-01-17 09:46:12,2012-01-17 20:20:12,ID4528,94,0.4379336931380108,1,5.0,0.0,634.0,15,9,complete,1,22186.2,1129.1333333333334,586.2,179.16666666666666,"{'Part_Desc_': 'Cable Head', 'Report_Type': 'B', 'Rework': 'missing', 'Work_Order_Qty': 5.0}",deviant
Case251,Final Inspection Q.C.,2012-01-17 12:25:26,2012-01-17 16:36:16,2012-01-17 20:26:16,ID4163,94,0.2027756360832691,0,5.0,0.0,15.0,9,16,complete,1,22596.266666666666,8870.433333333332,996.2666666666667,125.71666666666667,"{'Part_Desc_': 'Cable Head', 'Report_Type': 'S', 'Rework': 'missing', 'Work_Order_Qty': 5.0}",deviant
Case156,Turning & Milling Q.C.,2012-01-17 17:54:45,2012-01-17 19:48:41,2012-01-17 21:06:41,ID4618,93,0.17424826522744796,0,45.0,0.0,1.0,6,19,complete,1,22788.683333333334,3969.15,1188.6833333333334,123.66666666666667,"{'Part_Desc_': 'Drill', 'Report_Type': 'S', 'Rework': 'missing', 'Work_Order_Qty': 600.0}",regular
Case34,Laser Marking,2012-01-17 17:26:53,2012-01-17 21:34:05,2012-01-17 22:08:05,ID0998,93,0.06090979182729375,0,10.999999999999998,0.0,240.0,7,21,complete,1,22894.083333333332,423.2,1294.0833333333333,138.55,"{'Part_Desc_': 'Housing', 'Report_Type': 'S', 'Rework': 'missing', 'Work_Order_Qty': 20.0}",deviant
Case25,Round Grinding,2012-01-17 14:55:43,2012-01-17 19:34:19,2012-01-17 22:14:19,ID4287,94,0.4379336931380108,0,2.0,0.0,90.0,18,19,complete,1,22774.316666666666,518.6,1174.3166666666666,163.9,"{'Part_Desc_': 'Plug', 'Report_Type': 'S', 'Rework': 'missing', 'Work_Order_Qty': 13.0}",deviant
Case214,Turning & Milling,2012-01-16 08:17:13,2012-01-17 12:14:59,2012-01-17 22:14:59,ID4529,105,0.6491904394757132,5,46.99999999999999,0.0,600.0,4,9,complete,1,20736.15,599.6166666666667,576.15,146.68333333333334,"{'Part_Desc_': 'Ballnut', 'Report_Type': 'S', 'Rework': 'missing', 'Work_Order_Qty': 150.0}",regular
Case148,Final Inspection Q.C.,2012-01-17 18:41:53,2012-01-17 22:14:42,2012-01-17 22:35:42,ID4287,93,0.2027756360832691,0,1.0,0.0,75.0,6,22,complete,1,22934.7,356.28333333333336,1334.7,135.46666666666667,"{'Part_Desc_': 'Piston', 'Report_Type': 'D', 'Rework': 'missing', 'Work_Order_Qty': 78.0}",deviant
Case55,Final Inspection Q.C.,2012-01-17 17:04:46,2012-01-17 22:28:25,2012-01-17 23:28:25,ID4493,93,0.2027756360832691,0,59.99999999999999,0.0,60.00000000000001,16,22,complete,1,22948.416666666668,413.65,1348.4166666666667,147.8,"{'Part_Desc_': 'Bearing', 'Report_Type': 'S', 'Rework': 'missing', 'Work_Order_Qty': 70.0}",regular
Case70,Turning & Milling,2012-01-17 17:31:55,2012-01-17 20:29:25,2012-01-17 23:32:25,ID3846,93,0.6491904394757132,2,1.0,0.0,392.00000000000006,9,20,complete,1,22829.416666666668,522.5,1229.4166666666667,117.06666666666666,"{'Part_Desc_': 'Spindle', 'Report_Type': 'B', 'Rework': 'missing', 'Work_Order_Qty': 33.0}",regular
Case11,Turning & Milling Q.C.,2012-01-17 19:14:45,2012-01-17 23:21:10,2012-01-18 00:36:10,ID4618,93,0.17424826522744796,0,97.0,0.0,178.0,11,23,complete,1,23001.166666666668,3980.25,1401.1666666666667,115.83333333333333,"{'Part_Desc_': 'Spur Gear', 'Report_Type': 'S', 'Rework': 'missing', 'Work_Order_Qty': 100.0}",regular
Case39,Turning & Milling,2012-01-15 03:32:56,2012-01-17 19:14:45,2012-01-18 00:50:45,ID4641,110,0.6491904394757132,6,1.0,0.0,67.0,10,5,complete,1,19051.616666666665,212.68333333333334,331.6166666666667,140.48333333333332,"{'Part_Desc_': 'Spur Gear', 'Report_Type': 'S', 'Rework': 'missing', 'Work_Order_Qty': 10.0}",regular
Case32,Turning & Milling,2012-01-13 04:31:41,2012-01-17 14:50:36,2012-01-18 00:51:36,ID4794,125,0.6491904394757132,18,20.0,5.0,1072.0,9,8,complete,1,16377.466666666667,612.7833333333333,537.4666666666667,119.0,"{'Part_Desc_': 'Housing', 'Report_Type': 'S', 'Rework': 'missing', 'Work_Order_Qty': 400.0}",regular
Case6,Packing,2012-01-17 18:49:50,2012-01-17 23:54:24,2012-01-18 00:54:24,ID4820,93,0.03932151117964534,0,17.0,0.0,60.00000000000001,16,23,complete,1,23034.4,305.56666666666666,1434.4,146.93333333333334,"{'Part_Desc_': 'Bearing', 'Report_Type': 'S', 'Rework': 'missing', 'Work_Order_Qty': 73.0}",regular
Case260,Turning & Milling Q.C.,2012-01-17 19:22:02,2012-01-18 00:36:10,2012-01-18 01:33:10,ID4618,93,0.17424826522744796,0,18.0,0.0,241.00000000000003,10,23,complete,1,23004.6,332.56666666666666,1404.6,137.65,"{'Part_Desc_': 'Ballnut', 'Report_Type': 'S', 'Rework': 'missing', 'Work_Order_Qty': 315.0}",regular
Case84,Grinding Rework,2012-01-17 18:38:26,2012-01-17 23:44:48,2012-01-18 01:44:48,ID4872,93,0.01233616037008481,0,4.0,0.0,60.0,18,23,complete,1,23024.8,381.3666666666667,1424.8,146.78333333333333,"{'Part_Desc_': 'Piston', 'Report_Type': 'S', 'Rework': 'missing', 'Work_Order_Qty': 14.999999999999998}",regular
Case156,Final Inspection Q.C.,2012-01-17 21:06:41,2012-01-18 01:33:10,2012-01-18 01:48:10,ID4618,92,0.2027756360832691,0,45.0,0.0,1.0,7,23,complete,1,23020.766666666666,232.08333333333334,1420.7666666666667,133.05,"{'Part_Desc_': 'Drill', 'Report_Type': 'S', 'Rework': 'missing', 'Work_Order_Qty': 600.0}",regular
Case48,Turning & Milling,2012-01-12 02:51:17,2012-01-17 19:28:36,2012-01-18 02:15:36,ID4932,132,0.6491904394757132,36,5.0,0.0,148.0,3,3,complete,1,14600.45,4869.616666666667,200.45,157.81666666666666,"{'Part_Desc_': 'Cable Head', 'Report_Type': 'S', 'Rework': 'missing', 'Work_Order_Qty': 29.999999999999996}",regular
Case251,Final Inspection Q.C.,2012-01-17 20:26:16,2012-01-18 01:13:10,2012-01-18 02:53:10,ID4163,92,0.2027756360832691,0,5.0,0.0,15.0,10,1,complete,1,23113.166666666668,516.9,73.16666666666667,134.05,"{'Part_Desc_': 'Cable Head', 'Report_Type': 'S', 'Rework': 'missing', 'Work_Order_Qty': 5.0}",deviant
Case34,Lapping,2012-01-17 22:08:05,2012-01-18 03:10:31,2012-01-18 03:12:31,ID0998,92,0.12336160370084812,0,10.999999999999998,0.0,240.0,8,3,complete,1,23230.516666666666,336.43333333333334,190.51666666666668,152.71666666666667,"{'Part_Desc_': 'Housing', 'Report_Type': 'S', 'Rework': 'missing', 'Work_Order_Qty': 20.0}",deviant
Case25,Round Grinding,2012-01-17 22:14:19,2012-01-18 03:30:48,2012-01-18 04:10:48,ID4163,92,0.4379336931380108,0,2.0,0.0,90.0,19,3,complete,1,23250.8,476.48333333333335,210.8,162.2,"{'Part_Desc_': 'Plug', 'Report_Type': 'S', 'Rework': 'missing', 'Work_Order_Qty': 13.0}",deviant
Case156,Turning & Milling Q.C.,2012-01-18 01:48:10,2012-01-18 04:55:43,2012-01-18 04:56:43,ID4618,91,0.17424826522744796,0,45.0,0.0,1.0,8,4,complete,1,23335.716666666667,314.95,295.71666666666664,132.91666666666666,"{'Part_Desc_': 'Drill', 'Report_Type': 'S', 'Rework': 'missing', 'Work_Order_Qty': 600.0}",regular
Case55,Packing,2012-01-17 23:28:25,2012-01-18 04:55:08,2012-01-18 05:55:08,ID4820,91,0.03932151117964534,0,59.99999999999999,0.0,60.00000000000001,17,4,complete,1,23335.133333333335,386.71666666666664,295.1333333333333,155.95,"{'Part_Desc_': 'Bearing', 'Report_Type': 'S', 'Rework': 'missing', 'Work_Order_Qty': 70.0}",regular
Case192,Turning & Milling,2012-01-17 17:46:55,2012-01-17 23:32:25,2012-01-18 06:31:25,ID3846,93,0.6491904394757132,1,60.0,0.0,139.0,16,21,complete,1,22908.75,419.03333333333336,1308.75,145.83333333333334,"{'Part_Desc_': 'Piston', 'Report_Type': 'D', 'Rework': 'missing', 'Work_Order_Qty': 200.0}",deviant
Case260,Turning & Milling Q.C.,2012-01-18 01:33:10,2012-01-18 06:14:24,2012-01-18 06:44:24,ID4618,91,0.17424826522744796,1,18.0,0.0,241.00000000000003,11,6,complete,1,23414.4,409.8,374.4,140.9,"{'Part_Desc_': 'Ballnut', 'Report_Type': 'S', 'Rework': 'missing', 'Work_Order_Qty': 315.0}",regular
Case6,Packing,2012-01-18 00:54:24,2012-01-18 05:55:08,2012-01-18 06:55:08,ID4820,91,0.03932151117964534,0,17.0,0.0,60.00000000000001,17,5,complete,1,23390.983333333334,356.5833333333333,350.98333333333335,153.9,"{'Part_Desc_': 'Bearing', 'Report_Type': 'S', 'Rework': 'missing', 'Work_Order_Qty': 73.0}",regular
Case78,Turning & Milling,2012-01-16 16:40:26,2012-01-17 22:14:59,2012-01-18 07:05:59,ID4529,98,0.6491904394757132,5,26.000000000000004,0.0,304.0,4,17,complete,1,21206.45,8341.033333333333,1046.45,131.51666666666668,"{'Part_Desc_': 'Cable Head', 'Report_Type': 'S', 'Rework': 'missing', 'Work_Order_Qty': 230.0}",regular
Case258,Turning & Milling,2012-01-16 17:22:59,2012-01-18 07:05:59,2012-01-18 07:52:59,ID4529,98,0.6491904394757132,5,1.0,0.0,309.0,6,19,complete,1,21313.183333333334,2749.6833333333334,1153.1833333333334,139.86666666666667,"{'Part_Desc_': 'Ballnut', 'Report_Type': 'S', 'Rework': 'missing', 'Work_Order_Qty': 50.0}",regular
Case84,Packing,2012-01-18 01:44:48,2012-01-18 06:55:08,2012-01-18 07:55:08,ID4820,91,0.03932151117964534,0,4.0,0.0,60.0,19,6,complete,1,23431.233333333334,406.43333333333334,391.23333333333335,146.36666666666667,"{'Part_Desc_': 'Piston', 'Report_Type': 'S', 'Rework': 'missing', 'Work_Order_Qty': 14.999999999999998}",regular
Case34,Round Grinding,2012-01-18 03:12:31,2012-01-18 07:57:43,2012-01-18 08:08:43,ID4872,91,0.4379336931380108,0,10.999999999999998,0.0,240.0,9,7,complete,1,23517.716666666667,287.2,477.71666666666664,158.08333333333334,"{'Part_Desc_': 'Housing', 'Report_Type': 'S', 'Rework': 'missing', 'Work_Order_Qty': 20.0}",deviant
Case194,Turning & Milling Q.C.,2012-01-17 19:12:55,2012-01-17 23:54:05,2012-01-18 08:52:05,ID4287,93,0.17424826522744796,0,1.0,0.0,538.0,14,23,complete,1,23034.083333333332,453.53333333333336,1434.0833333333333,141.08333333333334,"{'Part_Desc_': 'Socket', 'Report_Type': 'S', 'Rework': 'missing', 'Work_Order_Qty': 40.0}",regular
Case156,Laser Marking,2012-01-18 04:56:43,2012-01-18 09:25:40,2012-01-18 09:44:40,ID4445,91,0.06090979182729375,0,45.0,0.0,1.0,9,9,complete,1,23605.666666666668,269.95,565.6666666666666,149.95,"{'Part_Desc_': 'Drill', 'Report_Type': 'S', 'Rework': 'missing', 'Work_Order_Qty': 600.0}",regular
Case235,Turning & Milling,2012-01-16 09:48:25,2012-01-18 00:50:45,2012-01-18 09:53:45,ID4641,104,0.6491904394757132,5,1.0,0.0,330.0,15,12,complete,1,20882.066666666666,223.65,722.0666666666667,169.36666666666667,"{'Part_Desc_': 'Flange Bolt', 'Report_Type': 'S', 'Rework': 'missing', 'Work_Order_Qty': 13.0}",regular
Case39,Turning & Milling Q.C.,2012-01-18 00:50:45,2012-01-18 08:52:05,2012-01-18 10:21:05,ID4287,91,0.17424826522744796,0,1.0,0.0,67.0,11,2,complete,1,23204.0,4152.383333333333,164.0,142.45,"{'Part_Desc_': 'Spur Gear', 'Report_Type': 'S', 'Rework': 'missing', 'Work_Order_Qty': 10.0}",regular
Case25,Round Grinding,2012-01-18 04:10:48,2012-01-18 09:14:54,2012-01-18 10:44:54,ID4163,91,0.4379336931380108,0,2.0,0.0,90.0,20,9,complete,1,23594.9,344.1,554.9,160.53333333333333,"{'Part_Desc_': 'Plug', 'Report_Type': 'S', 'Rework': 'missing', 'Work_Order_Qty': 13.0}",deviant
Case267,Turning & Milling,2012-01-12 04:31:05,2012-01-18 02:15:36,2012-01-18 11:20:36,ID4932,132,0.6491904394757132,35,9.0,0.0,193.00000000000003,10,6,complete,1,14773.083333333334,232.0,373.0833333333333,111.0,"{'Part_Desc_': 'Punch Holder', 'Report_Type': 'S', 'Rework': 'missing', 'Work_Order_Qty': 350.0}",deviant
Case240,Turning & Milling,2012-01-13 12:24:15,2012-01-18 00:51:36,2012-01-18 11:42:36,ID4794,123,0.6491904394757132,19,1.0,0.0,195.0,4,15,complete,1,16787.183333333334,627.4333333333333,947.1833333333333,135.3,"{'Part_Desc_': 'Bearing', 'Report_Type': 'S', 'Rework': 'missing', 'Work_Order_Qty': 163.0}",regular
Case78,Turning & Milling,2012-01-18 07:05:59,2012-01-18 08:45:09,2012-01-18 11:50:09,ID4429,89,0.6491904394757132,0,26.000000000000004,0.0,304.0,5,8,complete,1,23565.15,2358.7,525.15,135.35,"{'Part_Desc_': 'Cable Head', 'Report_Type': 'S', 'Rework': 'missing', 'Work_Order_Qty': 230.0}",regular
Case48,Turning & Milling Q.C.,2012-01-18 02:15:36,2012-01-18 10:21:05,2012-01-18 12:01:05,ID4287,91,0.17424826522744796,0,5.0,0.0,148.0,4,2,complete,1,23211.566666666666,8611.116666666667,171.56666666666666,147.76666666666668,"{'Part_Desc_': 'Cable Head', 'Report_Type': 'S', 'Rework': 'missing', 'Work_Order_Qty': 29.999999999999996}",regular
Case148,Milling,2012-01-17 22:35:42,2012-01-18 12:01:05,2012-01-18 13:16:05,ID4287,91,0,0,1.0,0.0,75.0,7,3,complete,1,23263.483333333334,328.78333333333336,223.48333333333332,144.56666666666666,"{'Part_Desc_': 'Piston', 'Report_Type': 'D', 'Rework': 'missing', 'Work_Order_Qty': 78.0}",deviant
Case192,Turning & Milling Q.C.,2012-01-18 06:31:25,2012-01-18 13:16:05,2012-01-18 13:37:05,ID4287,90,0.17424826522744796,3,60.0,0.0,139.0,17,10,complete,1,23668.233333333334,759.4833333333333,628.2333333333333,145.08333333333334,"{'Part_Desc_': 'Piston', 'Report_Type': 'D', 'Rework': 'missing', 'Work_Order_Qty': 200.0}",deviant
5_CF,Turning & Milling,2012-01-13 14:31:01,2012-01-18 11:42:36,2012-01-18 13:42:53,ID4794,123,0.6491904394757132,18,1.0,0.0,217.99999061226845,4,17,complete,1,16909.016666666666,606.3333333333334,1069.0166666666667,120.28333333333333,"{'Part_Desc_': 'Bearing', 'Report_Type': 'S', 'Rework': 'missing', 'Work_Order_Qty': 162.99999906122684}",deviant
Case84,Packing,2012-01-18 07:55:08,2012-01-18 13:38:37,2012-01-18 14:38:37,ID4820,89,0.03932151117964534,0,4.0,0.0,60.0,20,13,complete,1,23858.616666666665,427.3833333333333,818.6166666666667,145.01666666666668,"{'Part_Desc_': 'Piston', 'Report_Type': 'S', 'Rework': 'missing', 'Work_Order_Qty': 14.999999999999998}",regular
Case29,Turning & Milling,2012-01-16 19:58:45,2012-01-18 09:53:45,2012-01-18 15:17:45,ID4641,98,0.6491904394757132,6,48.00000000000001,0.0,30.0,6,22,complete,1,21500.7,2836.4666666666667,1340.7,134.66666666666666,"{'Part_Desc_': 'Cable Head', 'Report_Type': 'S', 'Rework': 'missing', 'Work_Order_Qty': 51.0}",regular
Case207,Turning & Milling,2012-01-17 08:38:40,2012-01-18 07:52:59,2012-01-18 15:22:59,ID4529,94,0.6491904394757132,3,56.0,0.0,60.00000000000001,13,11,complete,1,22304.8,644.1333333333333,704.8,147.11666666666667,"{'Part_Desc_': 'Flange', 'Report_Type': 'S', 'Rework': 'missing', 'Work_Order_Qty': 125.0}",regular
11_CF,Turning & Milling,2012-01-13 19:00:40,2012-01-18 13:42:53,2012-01-18 15:41:54,ID4794,121,0.6491904394757132,19,1.0,0.0,217.99999061226845,4,22,complete,1,17177.45,630.9833333333333,1337.45,119.01666666666667,"{'Part_Desc_': 'Bearing', 'Report_Type': 'S', 'Rework': 'missing', 'Work_Order_Qty': 162.99999906122684}",deviant
Case156,Lapping,2012-01-18 09:44:40,2012-01-18 15:09:36,2012-01-18 16:27:36,ID0420,88,0.12336160370084812,0,45.0,0.0,1.0,10,15,complete,1,23949.6,343.93333333333334,909.6,146.58333333333334,"{'Part_Desc_': 'Drill', 'Report_Type': 'S', 'Rework': 'missing', 'Work_Order_Qty': 600.0}",regular
Case34,Lapping,2012-01-18 08:08:43,2012-01-18 14:06:38,2012-01-18 16:37:38,ID0998,89,0.12336160370084812,0,10.999999999999998,0.0,240.0,10,14,complete,1,23886.633333333335,368.9166666666667,846.6333333333333,157.91666666666666,"{'Part_Desc_': 'Housing', 'Report_Type': 'S', 'Rework': 'missing', 'Work_Order_Qty': 20.0}",deviant
Case48,Turning & Milling,2012-01-18 12:01:05,2012-01-18 14:27:53,2012-01-18 16:55:53,ID4167,87,0.6491904394757132,0,5.0,0.0,148.0,5,14,complete,1,23907.883333333335,696.3166666666667,867.8833333333333,143.0,"{'Part_Desc_': 'Cable Head', 'Report_Type': 'S', 'Rework': 'missing', 'Work_Order_Qty': 29.999999999999996}",regular
Case39,Laser Marking,2012-01-18 10:21:05,2012-01-18 16:37:38,2012-01-18 16:59:38,ID0998,88,0.06090979182729375,0,1.0,0.0,67.0,12,14,complete,1,23902.216666666667,698.2166666666667,862.2166666666667,142.55,"{'Part_Desc_': 'Spur Gear', 'Report_Type': 'S', 'Rework': 'missing', 'Work_Order_Qty': 10.0}",regular
Case78,Turning & Milling,2012-01-18 11:50:09,2012-01-18 15:41:50,2012-01-18 18:55:50,ID4429,87,0.6491904394757132,0,26.000000000000004,0.0,304.0,6,15,complete,1,23981.833333333332,416.68333333333334,941.8333333333334,140.48333333333332,"{'Part_Desc_': 'Cable Head', 'Report_Type': 'S', 'Rework': 'missing', 'Work_Order_Qty': 230.0}",regular
Case29,Turning & Milling Q.C.,2012-01-18 15:17:45,2012-01-18 18:06:48,2012-01-18 21:07:48,ID4493,85,0.17424826522744796,0,48.00000000000001,0.0,30.0,7,18,complete,1,24126.8,2626.1,1086.8,135.43333333333334,"{'Part_Desc_': 'Cable Head', 'Report_Type': 'S', 'Rework': 'missing', 'Work_Order_Qty': 51.0}",regular
Case266,Turning & Milling,2012-01-12 08:30:01,2012-01-18 11:20:36,2012-01-18 21:10:36,ID4932,130,0.6491904394757132,34,131.0,0.0,230.00000000000003,9,8,complete,1,14929.95,4960.683333333333,529.95,166.18333333333334,"{'Part_Desc_': 'Cable Head', 'Report_Type': 'D', 'Rework': 'missing', 'Work_Order_Qty': 153.0}",regular
Case70,Turning & Milling,2012-01-17 23:32:25,2012-01-18 15:17:45,2012-01-18 21:28:45,ID4641,91,0.6491904394757132,2,1.0,0.0,392.00000000000006,10,2,complete,1,23199.45,370.03333333333336,159.45,132.88333333333333,"{'Part_Desc_': 'Spindle', 'Report_Type': 'B', 'Rework': 'missing', 'Work_Order_Qty': 33.0}",regular
Case120,Turning & Milling,2012-01-14 02:08:40,2012-01-18 15:41:54,2012-01-18 21:58:54,ID4794,118,0.6491904394757132,20,1.0,0.0,377.0,3,5,complete,1,17608.7,749.7166666666667,328.7,116.25,"{'Part_Desc_': 'Cable Head', 'Report_Type': 'S', 'Rework': 'missing', 'Work_Order_Qty': 5.0}",regular
6_CF,Milling,2012-01-12 07:31:01,2012-01-18 21:10:36,2012-01-18 23:14:16,ID4932,130,0,35,1.0,0.0,509.9999874830246,5,8,complete,1,14935.383333333333,5056.55,535.3833333333333,123.66666666666667,"{'Part_Desc_': 'Barrel', 'Report_Type': 'S', 'Rework': 'missing', 'Work_Order_Qty': 31.999999225139618}",deviant
Case39,Round Grinding,2012-01-18 16:59:38,2012-01-18 22:35:02,2012-01-18 23:42:02,ID4287,84,0.4379336931380108,0,1.0,0.0,67.0,13,22,complete,1,24395.033333333333,492.81666666666666,1355.0333333333333,154.81666666666666,"{'Part_Desc_': 'Spur Gear', 'Report_Type': 'S', 'Rework': 'missing', 'Work_Order_Qty': 10.0}",regular
Case34,Round Grinding,2012-01-18 16:37:38,2012-01-18 23:29:58,2012-01-19 00:03:58,ID4872,85,0.4379336931380108,0,10.999999999999998,0.0,240.0,11,23,complete,1,24449.966666666667,563.3333333333334,1409.9666666666667,154.65,"{'Part_Desc_': 'Housing', 'Report_Type': 'S', 'Rework': 'missing', 'Work_Order_Qty': 20.0}",deviant
Case156,Final Inspection Q.C.,2012-01-18 16:27:36,2012-01-18 23:05:43,2012-01-19 00:21:43,ID4618,85,0.2027756360832691,0,45.0,0.0,1.0,11,23,complete,1,24425.716666666667,476.1166666666667,1385.7166666666667,132.88333333333333,"{'Part_Desc_': 'Drill', 'Report_Type': 'S', 'Rework': 'missing', 'Work_Order_Qty': 600.0}",regular
Case240,Turning & Milling,2012-01-18 11:42:36,2012-01-18 16:04:19,2012-01-19 00:50:19,ID4529,87,0.6491904394757132,0,1.0,0.0,195.0,5,16,complete,1,24004.316666666666,7217.133333333333,964.3166666666667,130.31666666666666,"{'Part_Desc_': 'Bearing', 'Report_Type': 'S', 'Rework': 'missing', 'Work_Order_Qty': 163.0}",regular
Case70,Turning & Milling Q.C.,2012-01-18 21:28:45,2012-01-19 01:10:18,2012-01-19 01:26:18,ID4287,84,0.17424826522744796,0,1.0,0.0,392.00000000000006,11,1,complete,1,24550.3,1350.85,70.3,145.58333333333334,"{'Part_Desc_': 'Spindle', 'Report_Type': 'B', 'Rework': 'missing', 'Work_Order_Qty': 33.0}",regular
Case192,Turning & Milling,2012-01-18 13:37:05,2012-01-18 18:17:12,2012-01-19 01:34:12,ID4132,86,0.6491904394757132,0,60.0,0.0,139.0,18,18,complete,1,24137.2,468.96666666666664,1097.2,141.43333333333334,"{'Part_Desc_': 'Piston', 'Report_Type': 'D', 'Rework': 'missing', 'Work_Order_Qty': 200.0}",deviant
5_CF,Turning & Milling,2012-01-18 13:42:53,2012-01-19 00:50:19,2012-01-19 02:50:58,ID4529,86,0.6491904394757132,0,1.0,0.0,217.99999061226845,5,18,complete,1,24120.416666666668,7211.4,1080.4166666666667,120.65,"{'Part_Desc_': 'Bearing', 'Report_Type': 'S', 'Rework': 'missing', 'Work_Order_Qty': 162.99999906122684}",deviant
Case266,Turning & Milling,2012-01-18 21:10:36,2012-01-18 21:44:44,2012-01-19 03:02:44,ID4429,84,0.6491904394757132,0,131.0,0.0,230.00000000000003,10,21,complete,1,24344.733333333334,9414.783333333333,1304.7333333333333,150.53333333333333,"{'Part_Desc_': 'Cable Head', 'Report_Type': 'D', 'Rework': 'missing', 'Work_Order_Qty': 153.0}",regular
Case11,Turning & Milling,2012-01-18 00:36:10,2012-01-18 21:28:45,2012-01-19 03:03:45,ID4641,91,0.6491904394757132,2,97.0,0.0,178.0,12,5,complete,1,23344.6,343.43333333333334,304.6,118.81666666666666,"{'Part_Desc_': 'Spur Gear', 'Report_Type': 'S', 'Rework': 'missing', 'Work_Order_Qty': 100.0}",regular
Case29,Laser Marking,2012-01-18 21:07:48,2012-01-19 02:34:48,2012-01-19 03:04:48,ID4882,84,0.06090979182729375,0,48.00000000000001,0.0,30.0,8,2,complete,1,24634.8,508.0,154.8,148.58333333333334,"{'Part_Desc_': 'Cable Head', 'Report_Type': 'S', 'Rework': 'missing', 'Work_Order_Qty': 51.0}",regular
11_CF,Turning & Milling,2012-01-18 15:41:54,2012-01-19 02:50:58,2012-01-19 04:49:35,ID4529,85,0.6491904394757132,0,1.0,0.0,217.99999061226845,5,20,complete,1,24245.816666666666,7068.366666666667,1205.8166666666666,118.61666666666666,"{'Part_Desc_': 'Bearing', 'Report_Type': 'S', 'Rework': 'missing', 'Work_Order_Qty': 162.99999906122684}",deviant
Case114,Turning & Milling,2012-01-14 01:13:53,2012-01-18 21:58:54,2012-01-19 05:30:54,ID4794,120,0.6491904394757132,20,19.0,0.0,75.0,4,7,complete,1,17735.7,477.03333333333336,455.7,93.36666666666666,"{'Part_Desc_': 'Ballnut', 'Report_Type': 'S', 'Rework': 'missing', 'Work_Order_Qty': 20.0}",regular
Case91,Turning & Milling,2012-01-14 03:20:52,2012-01-19 05:30:54,2012-01-19 05:50:54,ID4794,118,0.6491904394757132,20,337.0,0.0,60.00000000000001,6,8,complete,1,17803.433333333334,464.71666666666664,523.4333333333333,128.06666666666666,"{'Part_Desc_': 'Hinge', 'Report_Type': 'S', 'Rework': 'missing', 'Work_Order_Qty': 350.0}",regular
Case70,Turning & Milling Q.C.,2012-01-19 01:26:18,2012-01-19 05:30:07,2012-01-19 06:29:07,ID4287,82,0.17424826522744796,0,1.0,0.0,392.00000000000006,12,5,complete,1,24810.116666666665,259.81666666666666,330.1166666666667,144.95,"{'Part_Desc_': 'Spindle', 'Report_Type': 'B', 'Rework': 'missing', 'Work_Order_Qty': 33.0}",regular
Case67,Turning & Milling,2012-01-12 14:30:01,2012-01-18 23:14:16,2012-01-19 06:30:16,ID4932,127,0.6491904394757132,35,2.0,0.0,75.0,4,14,complete,1,15285.466666666667,5173.083333333333,885.4666666666667,154.01666666666668,"{'Part_Desc_': 'Cable Head', 'Report_Type': 'S', 'Rework': 'missing', 'Work_Order_Qty': 150.0}",deviant
Case156,Final Inspection Q.C.,2012-01-19 00:21:43,2012-01-19 07:21:05,2012-01-19 07:22:05,ID4618,82,0.2027756360832691,0,45.0,0.0,1.0,12,7,complete,1,24921.083333333332,495.3666666666667,441.0833333333333,140.9,"{'Part_Desc_': 'Drill', 'Report_Type': 'S', 'Rework': 'missing', 'Work_Order_Qty': 600.0}",regular
Case34,Round Grinding,2012-01-19 00:03:58,2012-01-19 06:48:36,2012-01-19 08:04:36,ID4528,82,0.4379336931380108,0,10.999999999999998,0.0,240.0,12,6,complete,1,24888.6,438.6333333333333,408.6,159.55,"{'Part_Desc_': 'Housing', 'Report_Type': 'S', 'Rework': 'missing', 'Work_Order_Qty': 20.0}",deviant
Case38,Turning & Milling,2012-01-12 16:02:01,2012-01-19 06:30:16,2012-01-19 08:08:16,ID4932,126,0.6491904394757132,35,1.0,0.0,278.0,4,16,complete,1,15369.266666666666,5220.983333333334,969.2666666666667,170.66666666666666,"{'Part_Desc_': 'Cable Head', 'Report_Type': 'S', 'Rework': 'missing', 'Work_Order_Qty': 53.0}",deviant
Case11,Turning & Milling,2012-01-19 03:03:45,2012-01-19 06:48:38,2012-01-19 08:09:38,ID4641,82,0.6491904394757132,0,97.0,0.0,178.0,13,6,complete,1,24888.633333333335,1544.0333333333333,408.6333333333333,127.96666666666667,"{'Part_Desc_': 'Spur Gear', 'Report_Type': 'S', 'Rework': 'missing', 'Work_Order_Qty': 100.0}",regular
20_CF,Turning & Milling,2012-01-14 07:10:12,2012-01-19 05:50:54,2012-01-19 08:15:01,ID4794,118,0.6491904394757132,19,1.0,0.0,217.99999061226845,4,9,complete,1,17835.633333333335,288.51666666666665,555.6333333333333,144.11666666666667,"{'Part_Desc_': 'Bearing', 'Report_Type': 'S', 'Rework': 'missing', 'Work_Order_Qty': 162.99999906122684}",deviant
Case240,Turning & Milling,2012-01-19 00:50:19,2012-01-19 06:03:32,2012-01-19 09:38:32,ID4429,82,0.6491904394757132,0,1.0,0.0,195.0,6,6,complete,1,24843.533333333333,839.2166666666667,363.53333333333336,132.73333333333332,"{'Part_Desc_': 'Bearing', 'Report_Type': 'S', 'Rework': 'missing', 'Work_Order_Qty': 163.0}",regular
Case114,Turning & Milling Q.C.,2012-01-19 05:30:54,2012-01-19 09:25:59,2012-01-19 10:40:59,ID4618,81,0.17424826522744796,0,19.0,0.0,75.0,5,9,complete,1,25045.983333333334,7310.283333333334,565.9833333333333,91.63333333333334,"{'Part_Desc_': 'Ballnut', 'Report_Type': 'S', 'Rework': 'missing', 'Work_Order_Qty': 20.0}",regular
5_CF,Turning & Milling,2012-01-19 02:50:58,2012-01-19 09:38:32,2012-01-19 11:36:18,ID4429,82,0.6491904394757132,0,1.0,0.0,217.99999061226845,6,8,complete,1,24965.666666666668,845.25,485.6666666666667,117.76666666666667,"{'Part_Desc_': 'Bearing', 'Report_Type': 'S', 'Rework': 'missing', 'Work_Order_Qty': 162.99999906122684}",deviant
Case67,Turning & Milling,2012-01-19 06:30:16,2012-01-19 06:30:18,2012-01-19 12:04:18,ID4167,81,0.6491904394757132,0,2.0,0.0,75.0,5,6,complete,1,24870.3,9584.833333333334,390.3,155.85,"{'Part_Desc_': 'Cable Head', 'Report_Type': 'S', 'Rework': 'missing', 'Work_Order_Qty': 150.0}",deviant
Case70,Turning & Milling,2012-01-19 06:29:07,2012-01-19 10:34:36,2012-01-19 12:38:36,ID3846,81,0.6491904394757132,0,1.0,0.0,392.00000000000006,13,10,complete,1,25114.6,304.48333333333335,634.6,144.86666666666667,"{'Part_Desc_': 'Spindle', 'Report_Type': 'B', 'Rework': 'missing', 'Work_Order_Qty': 33.0}",regular
11_CF,Turning & Milling,2012-01-19 04:49:35,2012-01-19 11:36:18,2012-01-19 13:30:14,ID4429,81,0.6491904394757132,0,1.0,0.0,217.99999061226845,6,10,complete,1,25094.316666666666,848.5,614.3166666666667,113.93333333333334,"{'Part_Desc_': 'Bearing', 'Report_Type': 'S', 'Rework': 'missing', 'Work_Order_Qty': 162.99999906122684}",deviant
Case34,Round Grinding,2012-01-19 08:04:36,2012-01-19 14:17:38,2012-01-19 15:08:38,ID4528,80,0.4379336931380108,0,10.999999999999998,0.0,240.0,13,14,complete,1,25337.633333333335,449.03333333333336,857.6333333333333,157.05,"{'Part_Desc_': 'Housing', 'Report_Type': 'S', 'Rework': 'missing', 'Work_Order_Qty': 20.0}",deviant
Case240,Flat Grinding,2012-01-19 09:38:32,2012-01-19 14:38:36,2012-01-19 15:53:36,ID4882,80,0.02467232074016962,0,1.0,0.0,195.0,7,14,complete,1,25358.6,515.0666666666667,878.6,135.55,"{'Part_Desc_': 'Bearing', 'Report_Type': 'S', 'Rework': 'missing', 'Work_Order_Qty': 163.0}",regular
Case61,Turning & Milling,2012-01-12 16:30:02,2012-01-19 08:08:16,2012-01-19 17:39:16,ID4932,126,0.6491904394757132,35,1.0,0.0,3.0,4,17,complete,1,15437.5,1356.0,1037.5,139.36666666666667,"{'Part_Desc_': 'Socket', 'Report_Type': 'B', 'Rework': 'missing', 'Work_Order_Qty': 40.0}",regular
Case11,Turning & Milling,2012-01-19 08:09:38,2012-01-19 11:31:21,2012-01-19 18:30:21,ID4641,80,0.6491904394757132,0,97.0,0.0,178.0,14,11,complete,1,25171.35,282.71666666666664,691.35,133.46666666666667,"{'Part_Desc_': 'Spur Gear', 'Report_Type': 'S', 'Rework': 'missing', 'Work_Order_Qty': 100.0}",regular
Case209,Turning & Milling,2012-01-14 04:44:40,2012-01-19 08:15:01,2012-01-19 18:55:01,ID4794,118,0.6491904394757132,19,72.0,0.0,60.0,5,10,complete,1,17918.35,970.7,638.35,116.71666666666667,"{'Part_Desc_': 'Ballnut', 'Report_Type': 'S', 'Rework': 'missing', 'Work_Order_Qty': 168.0}",regular
5_CF,Flat Grinding,2012-01-19 11:36:18,2012-01-19 16:46:03,2012-01-19 19:01:27,ID4882,79,0.02467232074016962,0,1.0,0.0,217.99999061226845,7,16,complete,1,25486.05,520.3833333333333,1006.05,135.4,"{'Part_Desc_': 'Bearing', 'Report_Type': 'S', 'Rework': 'missing', 'Work_Order_Qty': 162.99999906122684}",deviant
Case240,Turning & Milling Q.C.,2012-01-19 15:53:36,2012-01-19 20:07:24,2012-01-19 20:08:24,ID4618,79,0.17424826522744796,0,1.0,0.0,195.0,8,20,complete,1,25687.4,328.8,1207.4,143.46666666666667,"{'Part_Desc_': 'Bearing', 'Report_Type': 'S', 'Rework': 'missing', 'Work_Order_Qty': 163.0}",regular
7_CF,Milling,2012-01-12 19:15:32,2012-01-19 17:39:16,2012-01-19 20:31:46,ID4932,126,0,36,1.0,0.0,509.9999874830246,5,20,complete,1,15603.866666666667,5452.5,1203.8666666666666,172.5,"{'Part_Desc_': 'Barrel', 'Report_Type': 'S', 'Rework': 'missing', 'Work_Order_Qty': 31.999999225139618}",deviant
11_CF,Flat Grinding,2012-01-19 13:30:14,2012-01-19 19:01:27,2012-01-19 21:11:55,ID4882,79,0.02467232074016962,0,1.0,0.0,217.99999061226845,7,18,complete,1,25609.716666666667,515.4,1129.7166666666667,130.46666666666667,"{'Part_Desc_': 'Bearing', 'Report_Type': 'S', 'Rework': 'missing', 'Work_Order_Qty': 162.99999906122684}",deviant
Case61,Turning & Milling,2012-01-19 17:39:16,2012-01-19 18:25:31,2012-01-19 21:51:31,ID3846,79,0.6491904394757132,0,1.0,0.0,3.0,5,18,complete,1,25585.516666666666,10148.016666666666,1105.5166666666667,131.5,"{'Part_Desc_': 'Socket', 'Report_Type': 'B', 'Rework': 'missing', 'Work_Order_Qty': 40.0}",regular
Case70,Turning & Milling Q.C.,2012-01-19 12:38:36,2012-01-19 16:40:49,2012-01-19 22:00:49,ID4287,79,0.17424826522744796,0,1.0,0.0,392.00000000000006,14,16,complete,1,25480.816666666666,366.21666666666664,1000.8166666666667,147.45,"{'Part_Desc_': 'Spindle', 'Report_Type': 'B', 'Rework': 'missing', 'Work_Order_Qty': 33.0}",regular
Case34,Final Inspection Q.C.,2012-01-19 15:08:38,2012-01-19 22:00:49,2012-01-19 22:34:49,ID4287,79,0.2027756360832691,0,10.999999999999998,0.0,240.0,14,20,complete,1,25697.166666666668,359.53333333333336,1217.1666666666667,147.85,"{'Part_Desc_': 'Housing', 'Report_Type': 'S', 'Rework': 'missing', 'Work_Order_Qty': 20.0}",deviant
Case266,Turning & Milling,2012-01-19 03:02:44,2012-01-19 04:49:35,2012-01-19 22:49:35,ID4529,82,0.6491904394757132,0,131.0,0.0,230.00000000000003,11,4,complete,1,24750.466666666667,405.73333333333335,270.46666666666664,154.8,"{'Part_Desc_': 'Cable Head', 'Report_Type': 'D', 'Rework': 'missing', 'Work_Order_Qty': 153.0}",regular
10_CF,Turning & Milling,2012-01-13 00:48:58,2012-01-19 20:31:46,2012-01-19 22:50:07,ID4932,126,0.6491904394757132,36,1.0,0.0,257.99999395012856,4,2,complete,1,16000.733333333334,1407.6666666666667,160.73333333333332,138.35,"{'Part_Desc_': 'Socket', 'Report_Type': 'B', 'Rework': 'missing', 'Work_Order_Qty': 40.00000066682696}",deviant
Case11,Turning & Milling,2012-01-19 18:30:21,2012-01-19 21:41:21,2012-01-20 00:54:21,ID4132,79,0.6491904394757132,0,97.0,0.0,178.0,15,21,complete,1,25781.35,610.0,1301.35,132.41666666666666,"{'Part_Desc_': 'Spur Gear', 'Report_Type': 'S', 'Rework': 'missing', 'Work_Order_Qty': 100.0}",regular
Case240,Laser Marking,2012-01-19 20:08:24,2012-01-20 00:19:24,2012-01-20 00:59:24,ID0998,79,0.06090979182729375,0,1.0,0.0,195.0,9,0,complete,1,25939.4,252.0,19.4,148.33333333333334,"{'Part_Desc_': 'Bearing', 'Report_Type': 'S', 'Rework': 'missing', 'Work_Order_Qty': 163.0}",regular
20_CF,Turning & Milling,2012-01-19 08:15:01,2012-01-19 22:49:35,2012-01-20 01:01:00,ID4529,80,0.6491904394757132,0,1.0,0.0,217.99999061226845,5,8,complete,1,24975.05,7139.416666666667,495.05,131.41666666666666,"{'Part_Desc_': 'Bearing', 'Report_Type': 'S', 'Rework': 'missing', 'Work_Order_Qty': 162.99999906122684}",deviant
Case61,Turning & Milling Q.C.,2012-01-19 21:51:31,2012-01-19 23:53:08,2012-01-20 01:42:08,ID4287,79,0.17424826522744796,1,1.0,0.0,3.0,6,23,complete,1,25913.133333333335,327.6166666666667,1433.1333333333334,128.78333333333333,"{'Part_Desc_': 'Socket', 'Report_Type': 'B', 'Rework': 'missing', 'Work_Order_Qty': 40.0}",regular
5_CF,Turning & Milling Q.C.,2012-01-19 19:01:27,2012-01-19 23:21:46,2012-01-20 01:49:15,ID4618,79,0.17424826522744796,0,1.0,0.0,217.99999061226845,8,23,complete,1,25881.766666666666,395.71666666666664,1401.7666666666667,147.48333333333332,"{'Part_Desc_': 'Bearing', 'Report_Type': 'S', 'Rework': 'missing', 'Work_Order_Qty': 162.99999906122684}",deviant
10_CF,Turning & Milling,2012-01-19 22:50:07,2012-01-20 00:40:39,2012-01-20 02:53:10,ID3846,79,0.6491904394757132,0,1.0,0.0,257.99999395012856,5,0,complete,1,25960.65,9959.916666666666,40.65,132.51666666666668,"{'Part_Desc_': 'Socket', 'Report_Type': 'B', 'Rework': 'missing', 'Work_Order_Qty': 40.00000066682696}",deviant
11_CF,Turning & Milling Q.C.,2012-01-19 21:11:55,2012-01-20 01:49:15,2012-01-20 04:16:19,ID4618,79,0.17424826522744796,0,1.0,0.0,217.99999061226845,8,1,complete,1,26021.75,412.03333333333336,101.75,147.06666666666666,"{'Part_Desc_': 'Bearing', 'Report_Type': 'S', 'Rework': 'missing', 'Work_Order_Qty': 162.99999906122684}",deviant
Case34,Packing,2012-01-19 22:34:49,2012-01-20 03:17:13,2012-01-20 04:17:13,ID4820,79,0.03932151117964534,0,10.999999999999998,0.0,240.0,15,3,complete,1,26117.216666666667,420.05,197.21666666666667,143.9,"{'Part_Desc_': 'Housing', 'Report_Type': 'S', 'Rework': 'missing', 'Work_Order_Qty': 20.0}",deviant
Case256,Turning,2012-01-14 12:45:57,2012-01-19 18:55:01,2012-01-20 05:16:01,ID4794,117,0,22,1.0,0.0,232.00000000000003,9,19,complete,1,18475.3,501.65,1195.3,109.53333333333333,"{'Part_Desc_': 'Spinner', 'Report_Type': 'D', 'Rework': 'missing', 'Work_Order_Qty': 100.0}",regular
Case209,Turning & Milling,2012-01-19 18:55:01,2012-01-20 01:01:00,2012-01-20 05:25:00,ID4529,79,0.6491904394757132,1,72.0,0.0,60.0,6,21,complete,1,25791.833333333332,7873.483333333334,1311.8333333333333,122.65,"{'Part_Desc_': 'Ballnut', 'Report_Type': 'S', 'Rework': 'missing', 'Work_Order_Qty': 168.0}",regular
Case40,Turning,2012-01-13 06:56:58,2012-01-19 22:50:07,2012-01-20 05:46:07,ID4932,124,0,36,36.0,0.0,1.0,6,10,complete,1,16442.6,1726.2666666666667,602.6,128.76666666666668,"{'Part_Desc_': 'Spur Gear', 'Report_Type': 'S', 'Rework': 'missing', 'Work_Order_Qty': 36.0}",regular
20_CF,Turning & Milling,2012-01-20 01:01:00,2012-01-20 04:41:43,2012-01-20 06:51:02,ID4429,79,0.6491904394757132,0,1.0,0.0,217.99999061226845,6,4,complete,1,26201.716666666667,1226.6666666666667,281.71666666666664,129.31666666666666,"{'Part_Desc_': 'Bearing', 'Report_Type': 'S', 'Rework': 'missing', 'Work_Order_Qty': 162.99999906122684}",deviant
Case11,Laser Marking,2012-01-20 00:54:21,2012-01-20 06:49:04,2012-01-20 07:21:04,ID4882,79,0.06090979182729375,0,97.0,0.0,178.0,16,6,complete,1,26329.066666666666,547.7166666666667,409.06666666666666,138.73333333333332,"{'Part_Desc_': 'Spur Gear', 'Report_Type': 'S', 'Rework': 'missing', 'Work_Order_Qty': 100.0}",regular
13_CF,Milling,2012-01-13 13:36:35,2012-01-20 05:46:07,2012-01-20 08:26:04,ID4932,123,0,36,1.0,0.0,509.9999874830246,5,16,complete,1,16835.7,6412.183333333333,995.7,159.95,"{'Part_Desc_': 'Barrel', 'Report_Type': 'S', 'Rework': 'missing', 'Work_Order_Qty': 31.999999225139618}",deviant
Case240,Flat Grinding,2012-01-20 00:59:24,2012-01-20 07:44:35,2012-01-20 08:26:35,ID4882,79,0.02467232074016962,0,1.0,0.0,195.0,10,7,complete,1,26384.583333333332,445.18333333333334,464.5833333333333,151.06666666666666,"{'Part_Desc_': 'Bearing', 'Report_Type': 'S', 'Rework': 'missing', 'Work_Order_Qty': 163.0}",regular
Case70,Turning & Milling,2012-01-19 22:00:49,2012-01-20 02:53:10,2012-01-20 09:25:10,ID3846,79,0.6491904394757132,0,1.0,0.0,392.00000000000006,15,2,complete,1,26057.283333333333,576.4666666666667,137.28333333333333,153.05,"{'Part_Desc_': 'Spindle', 'Report_Type': 'B', 'Rework': 'missing', 'Work_Order_Qty': 33.0}",regular
10_CF,Turning & Milling Q.C.,2012-01-20 02:53:10,2012-01-20 08:04:11,2012-01-20 10:15:42,ID4287,79,0.17424826522744796,0,1.0,0.0,257.99999395012856,6,8,complete,1,26404.183333333334,443.53333333333336,484.18333333333334,131.51666666666668,"{'Part_Desc_': 'Socket', 'Report_Type': 'B', 'Rework': 'missing', 'Work_Order_Qty': 40.00000066682696}",deviant
Case40,Turning Q.C.,2012-01-20 05:46:07,2012-01-20 10:28:08,2012-01-20 10:56:08,ID4618,79,0,0,36.0,0.0,1.0,7,10,complete,1,26548.133333333335,10105.533333333333,628.1333333333333,125.3,"{'Part_Desc_': 'Spur Gear', 'Report_Type': 'S', 'Rework': 'missing', 'Work_Order_Qty': 36.0}",regular
5_CF,Laser Marking,2012-01-20 01:49:15,2012-01-20 08:31:54,2012-01-20 11:04:57,ID0998,79,0.06090979182729375,0,1.0,0.0,217.99999061226845,9,8,complete,1,26431.9,550.1333333333333,511.9,153.05,"{'Part_Desc_': 'Bearing', 'Report_Type': 'S', 'Rework': 'missing', 'Work_Order_Qty': 162.99999906122684}",deviant
Case209,Turning & Milling Q.C.,2012-01-20 05:25:00,2012-01-20 10:56:08,2012-01-20 11:05:08,ID4618,79,0.17424826522744796,0,72.0,0.0,60.0,7,10,complete,1,26574.816666666666,782.9833333333333,654.8166666666667,111.16666666666667,"{'Part_Desc_': 'Ballnut', 'Report_Type': 'S', 'Rework': 'missing', 'Work_Order_Qty': 168.0}",regular
Case61,Turning & Milling,2012-01-20 01:42:08,2012-01-20 07:18:33,2012-01-20 11:23:33,ID4641,79,0.6491904394757132,0,1.0,0.0,3.0,7,7,complete,1,26358.55,445.4166666666667,438.55,139.48333333333332,"{'Part_Desc_': 'Socket', 'Report_Type': 'B', 'Rework': 'missing', 'Work_Order_Qty': 40.0}",regular
Case63,Turning & Milling,2012-01-15 02:20:46,2012-01-20 05:16:01,2012-01-20 12:16:01,ID4794,111,0.6491904394757132,21,55.00000000000001,0.0,218.0,5,4,complete,1,19006.816666666666,326.05,286.81666666666666,112.46666666666667,"{'Part_Desc_': 'Cable Head', 'Report_Type': 'S', 'Rework': 'missing', 'Work_Order_Qty': 155.0}",regular
11_CF,Laser Marking,2012-01-20 04:16:19,2012-01-20 11:04:57,2012-01-20 13:32:18,ID0998,79,0.06090979182729375,0,1.0,0.0,217.99999061226845,9,11,complete,1,26584.616666666665,562.8666666666667,664.6166666666667,147.35,"{'Part_Desc_': 'Bearing', 'Report_Type': 'S', 'Rework': 'missing', 'Work_Order_Qty': 162.99999906122684}",deviant
Case87,Turning & Milling,2012-01-13 19:54:35,2012-01-20 08:26:04,2012-01-20 14:11:04,ID4932,121,0.6491904394757132,35,13.0,0.0,345.0,3,21,complete,1,17119.083333333332,6448.45,1279.0833333333333,141.65,"{'Part_Desc_': 'other', 'Report_Type': 'S', 'Rework': 'missing', 'Work_Order_Qty': 720.0}",regular
Case11,Turning & Milling Q.C.,2012-01-20 07:21:04,2012-01-20 15:35:31,2012-01-20 15:36:31,ID4618,79,0.17424826522744796,0,97.0,0.0,178.0,17,15,complete,1,26855.516666666666,526.45,935.5166666666667,134.08333333333334,"{'Part_Desc_': 'Spur Gear', 'Report_Type': 'S', 'Rework': 'missing', 'Work_Order_Qty': 100.0}",regular
20_CF,Flat Grinding,2012-01-20 06:51:02,2012-01-20 14:04:18,2012-01-20 16:12:49,ID4882,79,0.02467232074016962,0,1.0,0.0,217.99999061226845,7,14,complete,1,26764.3,562.5833333333334,844.3,128.51666666666668,"{'Part_Desc_': 'Bearing', 'Report_Type': 'S', 'Rework': 'missing', 'Work_Order_Qty': 162.99999906122684}",deviant
Case34,Final Inspection Q.C.,2012-01-20 04:17:13,2012-01-20 11:17:28,2012-01-20 17:17:28,ID4287,79,0.2027756360832691,0,10.999999999999998,0.0,240.0,16,11,complete,1,26597.466666666667,480.25,677.4666666666667,141.35,"{'Part_Desc_': 'Housing', 'Report_Type': 'S', 'Rework': 'missing', 'Work_Order_Qty': 20.0}",deviant
Case256,Turning,2012-01-20 05:16:01,2012-01-20 10:11:27,2012-01-20 18:00:27,ID0997,79,0,0,1.0,0.0,232.00000000000003,10,10,complete,1,26531.45,8056.15,611.45,112.66666666666667,"{'Part_Desc_': 'Spinner', 'Report_Type': 'D', 'Rework': 'missing', 'Work_Order_Qty': 100.0}",regular
Case240,Packing,2012-01-20 08:26:35,2012-01-20 17:49:05,2012-01-20 18:49:05,ID4491,79,0.03932151117964534,0,1.0,0.0,195.0,11,17,complete,1,26989.083333333332,604.5,1069.0833333333333,133.63333333333333,"{'Part_Desc_': 'Bearing', 'Report_Type': 'S', 'Rework': 'missing', 'Work_Order_Qty': 163.0}",regular
Case40,Flat Grinding,2012-01-20 10:56:08,2012-01-20 19:18:31,2012-01-20 20:13:31,ID4882,78,0.02467232074016962,0,36.0,0.0,1.0,8,19,complete,1,27078.516666666666,530.3833333333333,1158.5166666666667,123.61666666666666,"{'Part_Desc_': 'Spur Gear', 'Report_Type': 'S', 'Rework': 'missing', 'Work_Order_Qty': 36.0}",regular
Case17,Turning,2012-01-13 18:49:44,2012-01-20 14:11:04,2012-01-20 20:39:04,ID4932,121,0,35,40.0,0.0,500.0,6,22,complete,1,17195.9,1334.3166666666666,1355.9,112.85,"{'Part_Desc_': 'Clamp', 'Report_Type': 'S', 'Rework': 'missing', 'Work_Order_Qty': 100.0}",regular
Case209,Laser Marking,2012-01-20 11:05:08,2012-01-20 19:35:46,2012-01-20 20:50:46,ID0998,78,0.06090979182729375,0,72.0,0.0,60.0,8,19,complete,1,27095.766666666666,520.95,1175.7666666666667,112.4,"{'Part_Desc_': 'Ballnut', 'Report_Type': 'S', 'Rework': 'missing', 'Work_Order_Qty': 168.0}",regular
10_CF,Turning & Milling,2012-01-20 10:15:42,2012-01-20 18:54:12,2012-01-20 20:50:47,ID4641,78,0.6491904394757132,0,1.0,0.0,257.99999395012856,7,18,complete,1,27054.2,650.0166666666667,1134.2,116.58333333333333,"{'Part_Desc_': 'Socket', 'Report_Type': 'B', 'Rework': 'missing', 'Work_Order_Qty': 40.00000066682696}",deviant
Case61,Turning & Milling,2012-01-20 11:23:33,2012-01-20 19:31:46,2012-01-20 21:21:46,ID3846,78,0.6491904394757132,0,1.0,0.0,3.0,8,19,complete,1,27091.766666666666,733.2166666666667,1171.7666666666667,127.4,"{'Part_Desc_': 'Socket', 'Report_Type': 'B', 'Rework': 'missing', 'Work_Order_Qty': 40.0}",regular
Case266,Turning & Milling,2012-01-19 22:49:35,2012-01-20 05:25:00,2012-01-20 21:55:00,ID4529,79,0.6491904394757132,2,131.0,0.0,230.00000000000003,12,1,complete,1,26008.5,1258.0333333333333,88.5,140.08333333333334,"{'Part_Desc_': 'Cable Head', 'Report_Type': 'D', 'Rework': 'missing', 'Work_Order_Qty': 153.0}",regular
5_CF,Flat Grinding,2012-01-20 11:04:57,2012-01-20 20:24:34,2012-01-20 22:37:27,ID4882,78,0.02467232074016962,0,1.0,0.0,217.99999061226845,10,20,complete,1,27144.566666666666,712.6666666666666,1224.5666666666666,132.88333333333333,"{'Part_Desc_': 'Bearing', 'Report_Type': 'S', 'Rework': 'missing', 'Work_Order_Qty': 162.99999906122684}",deviant
Case20,Turning & Milling,2012-01-15 02:50:59,2012-01-20 12:16:01,2012-01-20 22:51:01,ID4794,111,0.6491904394757132,21,2.0,0.0,17.0,9,5,complete,1,19069.733333333334,2738.3166666666666,349.73333333333335,147.23333333333332,"{'Part_Desc_': 'Punch Plate', 'Report_Type': 'S', 'Rework': 'missing', 'Work_Order_Qty': 170.0}",deviant
14_CF,Milling,2012-01-13 22:33:05,2012-01-20 20:39:04,2012-01-20 23:01:11,ID4932,120,0,35,1.0,0.0,509.9999874830246,5,1,complete,1,17361.183333333334,6487.066666666667,81.18333333333334,142.11666666666667,"{'Part_Desc_': 'Barrel', 'Report_Type': 'S', 'Rework': 'missing', 'Work_Order_Qty': 31.999999225139618}",deviant
11_CF,Flat Grinding,2012-01-20 13:32:18,2012-01-20 22:59:44,2012-01-21 01:08:49,ID4882,78,0.02467232074016962,0,1.0,0.0,217.99999061226845,10,22,complete,1,27299.733333333334,715.1166666666667,1379.7333333333333,129.08333333333334,"{'Part_Desc_': 'Bearing', 'Report_Type': 'S', 'Rework': 'missing', 'Work_Order_Qty': 162.99999906122684}",deviant
Case102,Turning & Milling,2012-01-15 03:13:45,2012-01-20 22:51:01,2012-01-21 01:52:01,ID4794,111,0.6491904394757132,21,14.999999999999998,0.0,103.99999999999999,8,6,complete,1,19086.2,413.45,366.2,116.21666666666667,"{'Part_Desc_': 'Spur Gear', 'Report_Type': 'S', 'Rework': 'missing', 'Work_Order_Qty': 24.0}",regular
Case256,Turning Q.C.,2012-01-20 18:00:27,2012-01-21 01:35:42,2012-01-21 03:25:42,ID4287,77,0,0,1.0,0.0,232.00000000000003,11,1,complete,1,27455.7,924.25,95.7,129.35,"{'Part_Desc_': 'Spinner', 'Report_Type': 'D', 'Rework': 'missing', 'Work_Order_Qty': 100.0}",regular
Case11,Laser Marking,2012-01-20 15:36:31,2012-01-21 02:06:35,2012-01-21 03:31:35,ID4882,77,0.06090979182729375,0,97.0,0.0,178.0,18,2,complete,1,27486.583333333332,631.0666666666667,126.58333333333333,130.78333333333333,"{'Part_Desc_': 'Spur Gear', 'Report_Type': 'S', 'Rework': 'missing', 'Work_Order_Qty': 100.0}",regular
20_CF,Turning & Milling Q.C.,2012-01-20 16:12:49,2012-01-21 02:08:35,2012-01-21 04:13:27,ID4618,77,0.17424826522744796,0,1.0,0.0,217.99999061226845,8,2,complete,1,27488.583333333332,724.2833333333333,128.58333333333334,124.86666666666666,"{'Part_Desc_': 'Bearing', 'Report_Type': 'S', 'Rework': 'missing', 'Work_Order_Qty': 162.99999906122684}",deviant
Case34,Round Grinding,2012-01-20 17:17:28,2012-01-21 03:06:29,2012-01-21 04:27:29,ID4528,77,0.4379336931380108,0,10.999999999999998,0.0,240.0,17,3,complete,1,27546.483333333334,949.0166666666667,186.48333333333332,129.11666666666667,"{'Part_Desc_': 'Housing', 'Report_Type': 'S', 'Rework': 'missing', 'Work_Order_Qty': 20.0}",deviant
Case20,Turning & Milling Q.C.,2012-01-20 22:51:01,2012-01-21 04:13:27,2012-01-21 04:40:27,ID4618,77,0.17424826522744796,0,2.0,0.0,17.0,10,2,complete,1,27512.883333333335,8443.15,152.88333333333333,142.51666666666668,"{'Part_Desc_': 'Punch Plate', 'Report_Type': 'S', 'Rework': 'missing', 'Work_Order_Qty': 170.0}",deviant
Case102,Turning & Milling,2012-01-21 01:52:01,2012-01-21 05:03:28,2012-01-21 08:36:28,ID0997,77,0.6491904394757132,0,14.999999999999998,0.0,103.99999999999999,9,5,complete,1,27663.466666666667,8577.266666666666,303.46666666666664,114.26666666666667,"{'Part_Desc_': 'Spur Gear', 'Report_Type': 'S', 'Rework': 'missing', 'Work_Order_Qty': 24.0}",regular
Case61,Turning & Milling Q.C.,2012-01-20 21:21:46,2012-01-21 07:58:09,2012-01-21 08:58:09,ID4287,77,0.17424826522744796,0,1.0,0.0,3.0,9,7,complete,1,27838.15,746.3833333333333,478.15,114.41666666666667,"{'Part_Desc_': 'Socket', 'Report_Type': 'B', 'Rework': 'missing', 'Work_Order_Qty': 40.0}",regular
10_CF,Turning & Milling,2012-01-20 20:50:47,2012-01-21 07:28:41,2012-01-21 09:14:49,ID3846,77,0.6491904394757132,0,1.0,0.0,257.99999395012856,8,7,complete,1,27808.683333333334,754.4833333333333,448.68333333333334,106.13333333333334,"{'Part_Desc_': 'Socket', 'Report_Type': 'B', 'Rework': 'missing', 'Work_Order_Qty': 40.00000066682696}",deviant
Case95,Turning & Milling,2012-01-14 00:31:51,2012-01-20 23:01:11,2012-01-21 09:32:11,ID4932,120,0.6491904394757132,34,2.0,0.0,1.0,2,1,complete,1,17363.8,5375.633333333333,83.8,116.6,"{'Part_Desc_': 'Punch Holder', 'Report_Type': 'S', 'Rework': 'missing', 'Work_Order_Qty': 305.0}",regular
Case266,Turning & Milling,2012-01-20 21:55:00,2012-01-21 03:55:26,2012-01-21 10:54:26,ID4641,77,0.6491904394757132,0,131.0,0.0,230.00000000000003,13,3,complete,1,27595.433333333334,1586.9333333333334,235.43333333333334,134.15,"{'Part_Desc_': 'Cable Head', 'Report_Type': 'D', 'Rework': 'missing', 'Work_Order_Qty': 153.0}",regular
Case259,Turning & Milling,2012-01-15 17:59:36,2012-01-21 01:52:01,2012-01-21 11:14:01,ID4794,108,0.6491904394757132,21,185.0,0.0,1.0,10,19,complete,1,19892.716666666667,215.11666666666667,1172.7166666666667,162.45,"{'Part_Desc_': 'Drill', 'Report_Type': 'S', 'Rework': 'missing', 'Work_Order_Qty': 325.0}",regular
Case92,Turning & Milling,2012-01-15 19:02:23,2012-01-21 11:14:01,2012-01-21 12:19:01,ID4794,108,0.6491904394757132,21,3.0000000000000004,0.0,65.0,3,20,complete,1,19925.633333333335,6574.0,1205.6333333333334,165.48333333333332,"{'Part_Desc_': 'Ballnut', 'Report_Type': 'S', 'Rework': 'missing', 'Work_Order_Qty': 4.0}",regular
5_CF,Packing,2012-01-20 22:37:27,2012-01-21 10:22:31,2012-01-21 12:31:40,ID4491,77,0.03932151117964534,0,1.0,0.0,217.99999061226845,11,10,complete,1,27982.516666666666,837.95,622.5166666666667,129.15,"{'Part_Desc_': 'Bearing', 'Report_Type': 'S', 'Rework': 'missing', 'Work_Order_Qty': 162.99999906122684}",deviant
Case95,Turning & Milling Q.C.,2012-01-21 09:32:11,2012-01-21 12:01:25,2012-01-21 13:24:25,ID4618,77,0.17424826522744796,0,2.0,0.0,1.0,3,12,complete,1,28081.416666666668,10717.616666666667,721.4166666666666,102.63333333333334,"{'Part_Desc_': 'Punch Holder', 'Report_Type': 'S', 'Rework': 'missing', 'Work_Order_Qty': 305.0}",regular
Case209,Lapping,2012-01-20 20:50:46,2012-01-21 07:19:12,2012-01-21 13:34:12,ID0998,77,0.12336160370084812,0,72.0,0.0,60.0,9,7,complete,1,27799.2,703.4333333333333,439.2,118.86666666666666,"{'Part_Desc_': 'Ballnut', 'Report_Type': 'S', 'Rework': 'missing', 'Work_Order_Qty': 168.0}",regular
Case40,Laser Marking,2012-01-20 20:13:31,2012-01-21 13:34:12,2012-01-21 13:58:12,ID0998,77,0.06090979182729375,0,36.0,0.0,1.0,9,7,complete,1,27831.45,752.9333333333333,471.45,121.51666666666667,"{'Part_Desc_': 'Spur Gear', 'Report_Type': 'S', 'Rework': 'missing', 'Work_Order_Qty': 36.0}",regular
Case26,Turning & Milling,2012-01-13 23:54:05,2012-01-21 09:32:11,2012-01-21 14:28:11,ID4932,120,0.6491904394757132,35,12.0,0.0,296.0,5,4,complete,1,17546.2,6657.35,266.2,117.35,"{'Part_Desc_': 'Plug', 'Report_Type': 'S', 'Rework': 'missing', 'Work_Order_Qty': 13.0}",regular
11_CF,Packing,2012-01-21 01:08:49,2012-01-21 12:47:47,2012-01-21 14:49:05,ID4491,77,0.03932151117964534,0,1.0,0.0,217.99999061226845,11,12,complete,1,28127.783333333333,828.05,767.7833333333333,121.3,"{'Part_Desc_': 'Bearing', 'Report_Type': 'S', 'Rework': 'missing', 'Work_Order_Qty': 162.99999906122684}",deviant
Case20,Turning & Milling,2012-01-21 04:40:27,2012-01-21 12:47:16,2012-01-21 15:47:16,ID4167,77,0.6491904394757132,0,2.0,0.0,17.0,11,12,complete,1,28127.266666666666,614.3833333333333,767.2666666666667,145.26666666666668,"{'Part_Desc_': 'Punch Plate', 'Report_Type': 'S', 'Rework': 'missing', 'Work_Order_Qty': 170.0}",deviant
Case11,Packing,2012-01-21 03:31:35,2012-01-21 15:18:01,2012-01-21 16:18:01,ID4820,77,0.03932151117964534,0,97.0,0.0,178.0,19,15,complete,1,28278.016666666666,791.4333333333333,918.0166666666667,124.43333333333334,"{'Part_Desc_': 'Spur Gear', 'Report_Type': 'S', 'Rework': 'missing', 'Work_Order_Qty': 100.0}",regular
16_CF,Milling,2012-01-14 02:24:26,2012-01-21 14:28:11,2012-01-21 16:51:51,ID4932,118,0,36,1.0,0.0,509.9999874830246,5,5,complete,1,17620.7,6337.266666666666,340.7,143.66666666666666,"{'Part_Desc_': 'Barrel', 'Report_Type': 'S', 'Rework': 'missing', 'Work_Order_Qty': 31.999999225139618}",deviant
Case259,Turning & Milling,2012-01-21 11:14:01,2012-01-21 14:29:38,2012-01-21 16:52:38,ID3846,77,0.6491904394757132,0,185.0,0.0,1.0,11,14,complete,1,28229.633333333335,8336.916666666666,869.6333333333333,164.55,"{'Part_Desc_': 'Drill', 'Report_Type': 'S', 'Rework': 'missing', 'Work_Order_Qty': 325.0}",regular
20_CF,Laser Marking,2012-01-21 04:13:27,2012-01-21 15:59:35,2012-01-21 18:02:26,ID0998,77,0.06090979182729375,0,1.0,0.0,217.99999061226845,9,15,complete,1,28319.583333333332,831.0,959.5833333333334,122.85,"{'Part_Desc_': 'Bearing', 'Report_Type': 'S', 'Rework': 'missing', 'Work_Order_Qty': 162.99999906122684}",deviant
Case102,Turning & Milling,2012-01-21 08:36:28,2012-01-21 13:19:30,2012-01-21 18:14:30,ID0997,77,0.6491904394757132,0,14.999999999999998,0.0,103.99999999999999,10,13,complete,1,28159.5,496.03333333333336,799.5,114.93333333333334,"{'Part_Desc_': 'Spur Gear', 'Report_Type': 'S', 'Rework': 'missing', 'Work_Order_Qty': 24.0}",regular
Case34,Round Grinding,2012-01-21 04:27:29,2012-01-21 16:28:24,2012-01-21 18:19:24,ID4528,77,0.4379336931380108,0,10.999999999999998,0.0,240.0,18,16,complete,1,28348.4,801.9166666666666,988.4,121.96666666666667,"{'Part_Desc_': 'Housing', 'Report_Type': 'S', 'Rework': 'missing', 'Work_Order_Qty': 20.0}",deviant
Case256,Turning & Milling,2012-01-21 03:25:42,2012-01-21 13:43:29,2012-01-21 20:58:29,ID4132,77,0.6491904394757132,0,1.0,0.0,232.00000000000003,12,13,complete,1,28183.483333333334,727.7833333333333,823.4833333333333,129.7,"{'Part_Desc_': 'Spinner', 'Report_Type': 'D', 'Rework': 'missing', 'Work_Order_Qty': 100.0}",regular
Case257,Turning & Milling,2012-01-15 18:09:20,2012-01-21 12:19:01,2012-01-21 21:19:01,ID4794,108,0.6491904394757132,21,27.0,0.0,362.99999999999994,9,21,complete,1,19981.483333333334,501.15,1261.4833333333333,152.15,"{'Part_Desc_': 'Cable Head', 'Report_Type': 'S', 'Rework': 'missing', 'Work_Order_Qty': 150.0}",regular
Case61,Turning & Milling,2012-01-21 08:58:09,2012-01-21 20:44:34,2012-01-21 22:14:34,ID3846,77,0.6491904394757132,0,1.0,0.0,3.0,10,20,complete,1,28604.566666666666,766.4166666666666,1244.5666666666666,110.48333333333333,"{'Part_Desc_': 'Socket', 'Report_Type': 'B', 'Rework': 'missing', 'Work_Order_Qty': 40.0}",regular
10_CF,Turning & Milling Q.C.,2012-01-21 09:14:49,2012-01-21 20:46:37,2012-01-21 22:29:00,ID4287,77,0.17424826522744796,0,1.0,0.0,257.99999395012856,9,20,complete,1,28606.616666666665,797.9333333333333,1246.6166666666666,102.38333333333334,"{'Part_Desc_': 'Socket', 'Report_Type': 'B', 'Rework': 'missing', 'Work_Order_Qty': 40.00000066682696}",deviant
Case102,Turning & Milling Q.C.,2012-01-21 18:14:30,2012-01-22 00:37:06,2012-01-22 01:37:06,ID4287,75,0.17424826522744796,0,14.999999999999998,0.0,103.99999999999999,11,0,complete,1,28837.1,677.6,37.1,123.05,"{'Part_Desc_': 'Spur Gear', 'Report_Type': 'S', 'Rework': 'missing', 'Work_Order_Qty': 24.0}",regular
Case95,Turning & Milling,2012-01-21 13:24:25,2012-01-21 18:04:50,2012-01-22 03:04:50,ID4167,76,0.6491904394757132,0,2.0,0.0,1.0,4,18,complete,1,28444.833333333332,363.4166666666667,1084.8333333333333,103.76666666666667,"{'Part_Desc_': 'Punch Holder', 'Report_Type': 'S', 'Rework': 'missing', 'Work_Order_Qty': 305.0}",regular
Case259,Turning & Milling,2012-01-21 16:52:38,2012-01-21 22:21:42,2012-01-22 03:08:42,ID4641,75,0.6491904394757132,0,185.0,0.0,1.0,12,22,complete,1,28701.7,472.06666666666666,1341.7,164.76666666666668,"{'Part_Desc_': 'Drill', 'Report_Type': 'S', 'Rework': 'missing', 'Work_Order_Qty': 325.0}",regular
Case40,Packing,2012-01-21 13:58:12,2012-01-22 02:18:28,2012-01-22 03:18:28,ID4820,76,0.03932151117964534,0,36.0,0.0,1.0,10,2,complete,1,28938.466666666667,1107.0166666666667,138.46666666666667,134.36666666666667,"{'Part_Desc_': 'Spur Gear', 'Report_Type': 'S', 'Rework': 'missing', 'Work_Order_Qty': 36.0}",regular
Case37,Turning & Milling,2012-01-14 04:24:52,2012-01-21 16:51:51,2012-01-22 03:51:51,ID4932,118,0.6491904394757132,35,8.0,0.0,128.0,5,6,complete,1,17681.9,5484.9,401.9,152.0,"{'Part_Desc_': 'Ballnut', 'Report_Type': 'D', 'Rework': 'missing', 'Work_Order_Qty': 36.0}",regular
Case145,Wire Cut,2012-01-13 22:49:53,2012-01-22 03:51:51,2012-01-22 04:51:51,ID4932,120,0.0,35,35.0,0.0,8.0,9,6,complete,1,17696.516666666666,595.9333333333333,416.51666666666665,117.31666666666666,"{'Part_Desc_': 'Ring', 'Report_Type': 'S', 'Rework': 'missing', 'Work_Order_Qty': 35.0}",deviant
Case209,Final Inspection Q.C.,2012-01-21 13:34:12,2012-01-22 01:23:31,2012-01-22 04:55:31,ID4618,76,0.2027756360832691,0,72.0,0.0,60.0,10,1,complete,1,28883.516666666666,1084.3166666666666,83.51666666666667,120.91666666666667,"{'Part_Desc_': 'Ballnut', 'Report_Type': 'S', 'Rework': 'missing', 'Work_Order_Qty': 168.0}",regular
Case21,Turning & Milling,2012-01-15 23:41:26,2012-01-21 21:19:01,2012-01-22 06:19:01,ID4794,108,0.6491904394757132,21,25.0,0.0,135.0,6,2,complete,1,20297.716666666667,7548.816666666667,137.71666666666667,132.08333333333334,"{'Part_Desc_': 'Punch Plate', 'Report_Type': 'S', 'Rework': 'missing', 'Work_Order_Qty': 151.0}",deviant
20_CF,Flat Grinding,2012-01-21 18:02:26,2012-01-22 04:32:29,2012-01-22 06:50:05,ID4882,75,0.02467232074016962,0,1.0,0.0,217.99999061226845,10,4,complete,1,29072.483333333334,752.9,272.48333333333335,137.6,"{'Part_Desc_': 'Bearing', 'Report_Type': 'S', 'Rework': 'missing', 'Work_Order_Qty': 162.99999906122684}",deviant
18_CF,Milling,2012-01-14 05:04:16,2012-01-22 04:51:51,2012-01-22 07:36:49,ID4932,118,0,36,1.0,0.0,509.9999874830246,5,8,complete,1,17776.183333333334,6192.233333333334,496.18333333333334,164.96666666666667,"{'Part_Desc_': 'Barrel', 'Report_Type': 'S', 'Rework': 'missing', 'Work_Order_Qty': 31.999999225139618}",deviant
Case102,Turning & Milling Q.C.,2012-01-22 01:37:06,2012-01-22 07:08:06,2012-01-22 07:40:06,ID4287,75,0.17424826522744796,0,14.999999999999998,0.0,103.99999999999999,12,7,complete,1,29228.1,391.0,428.1,137.08333333333334,"{'Part_Desc_': 'Spur Gear', 'Report_Type': 'S', 'Rework': 'missing', 'Work_Order_Qty': 24.0}",regular
Case18,Turning & Milling,2012-01-14 03:51:40,2012-01-22 07:36:49,2012-01-22 07:52:49,ID4932,118,0.6491904394757132,35,14.0,0.0,80.0,4,8,complete,1,17814.066666666666,900.1666666666666,534.0666666666667,151.4,"{'Part_Desc_': 'Cable Head', 'Report_Type': 'S', 'Rework': 'missing', 'Work_Order_Qty': 557.0}",regular
Case11,Final Inspection Q.C.,2012-01-21 16:18:01,2012-01-22 04:55:31,2012-01-22 07:53:31,ID4618,75,0.2027756360832691,0,97.0,0.0,178.0,20,2,complete,1,28952.9,674.8833333333333,152.9,133.0,"{'Part_Desc_': 'Spur Gear', 'Report_Type': 'S', 'Rework': 'missing', 'Work_Order_Qty': 100.0}",regular
Case259,Turning & Milling,2012-01-22 03:08:42,2012-01-22 07:39:54,2012-01-22 08:10:54,ID4132,75,0.6491904394757132,0,185.0,0.0,1.0,13,7,complete,1,29259.9,558.2,459.9,153.65,"{'Part_Desc_': 'Drill', 'Report_Type': 'S', 'Rework': 'missing', 'Work_Order_Qty': 325.0}",regular
Case34,Round Grinding,2012-01-21 18:19:24,2012-01-22 05:47:41,2012-01-22 09:18:41,ID4528,75,0.4379336931380108,0,10.999999999999998,0.0,240.0,19,5,complete,1,29147.683333333334,799.2833333333333,347.68333333333334,137.61666666666667,"{'Part_Desc_': 'Housing', 'Report_Type': 'S', 'Rework': 'missing', 'Work_Order_Qty': 20.0}",deviant
Case212,Turning & Milling,2012-01-16 15:45:36,2012-01-22 06:19:01,2012-01-22 09:19:01,ID4794,98,0.6491904394757132,21,24.0,0.0,328.0,3,16,complete,1,21121.133333333335,5918.733333333334,961.1333333333333,172.53333333333333,"{'Part_Desc_': 'Ballnut', 'Report_Type': 'S', 'Rework': 'missing', 'Work_Order_Qty': 66.0}",regular
Case93,other,2012-01-14 04:19:46,2012-01-22 07:52:49,2012-01-22 09:52:49,ID4932,118,0.0,35,7.0,0.0,393.0,7,12,complete,1,18032.683333333334,507.9166666666667,752.6833333333333,127.93333333333334,"{'Part_Desc_': 'Tube', 'Report_Type': 'S', 'Rework': 'missing', 'Work_Order_Qty': 12.0}",deviant
Case256,Turning & Milling Q.C.,2012-01-21 20:58:29,2012-01-22 07:40:06,2012-01-22 10:04:06,ID4287,75,0.17424826522744796,0,1.0,0.0,232.00000000000003,13,7,complete,1,29239.35,1055.8666666666666,439.35,135.06666666666666,"{'Part_Desc_': 'Spinner', 'Report_Type': 'D', 'Rework': 'missing', 'Work_Order_Qty': 100.0}",regular
Case242,Turning & Milling,2012-01-16 23:52:59,2012-01-22 09:19:01,2012-01-22 10:08:01,ID4794,97,0.6491904394757132,20,1.0,0.0,49.0,5,1,complete,1,21676.883333333335,1634.3166666666666,76.88333333333334,161.51666666666668,"{'Part_Desc_': 'Spur Gear', 'Report_Type': 'S', 'Rework': 'missing', 'Work_Order_Qty': 40.0}",regular
Case61,Turning & Milling,2012-01-21 22:14:34,2012-01-22 08:29:10,2012-01-22 10:57:10,ID3846,75,0.6491904394757132,0,1.0,0.0,3.0,11,8,complete,1,29309.166666666668,704.6,509.1666666666667,114.75,"{'Part_Desc_': 'Socket', 'Report_Type': 'B', 'Rework': 'missing', 'Work_Order_Qty': 40.0}",regular
Case40,Final Inspection Q.C.,2012-01-22 03:18:28,2012-01-22 10:57:32,2012-01-22 10:58:32,ID4618,75,0.2027756360832691,1,36.0,0.0,1.0,11,10,complete,1,29457.533333333333,519.0666666666667,657.5333333333333,142.9,"{'Part_Desc_': 'Spur Gear', 'Report_Type': 'S', 'Rework': 'missing', 'Work_Order_Qty': 36.0}",regular
19_CF,Milling,2012-01-14 10:57:39,2012-01-22 09:52:49,2012-01-22 12:26:31,ID4932,118,0,38,1.0,0.0,509.9999874830246,5,14,complete,1,18151.033333333333,6324.6,871.0333333333333,153.7,"{'Part_Desc_': 'Barrel', 'Report_Type': 'S', 'Rework': 'missing', 'Work_Order_Qty': 31.999999225139618}",deviant
Case212,Turning & Milling Q.C.,2012-01-22 09:19:01,2012-01-22 11:19:49,2012-01-22 12:43:49,ID4618,74,0.17424826522744796,0,24.0,0.0,328.0,4,11,complete,1,29479.816666666666,8358.683333333332,679.8166666666667,179.03333333333333,"{'Part_Desc_': 'Ballnut', 'Report_Type': 'S', 'Rework': 'missing', 'Work_Order_Qty': 66.0}",regular
10_CF,Turning & Milling,2012-01-21 22:29:00,2012-01-22 10:57:10,2012-01-22 12:50:02,ID3846,75,0.6491904394757132,0,1.0,0.0,257.99999395012856,10,8,complete,1,29311.3,704.6833333333333,511.3,112.86666666666666,"{'Part_Desc_': 'Socket', 'Report_Type': 'B', 'Rework': 'missing', 'Work_Order_Qty': 40.00000066682696}",deviant
Case68,Turning,2012-01-14 15:27:39,2012-01-22 12:26:31,2012-01-22 13:26:31,ID4932,116,0,39,6.0,0.0,29.999999999999996,2,16,complete,1,18266.733333333334,6345.1,986.7333333333333,156.15,"{'Part_Desc_': 'Spur Gear', 'Report_Type': 'D', 'Rework': 'missing', 'Work_Order_Qty': 6.0}",regular
Case257,Turning & Milling,2012-01-21 21:19:01,2012-01-22 01:34:43,2012-01-22 13:49:43,ID4529,75,0.6491904394757132,0,27.0,0.0,362.99999999999994,10,1,complete,1,28894.716666666667,8913.233333333334,94.71666666666667,167.31666666666666,"{'Part_Desc_': 'Cable Head', 'Report_Type': 'S', 'Rework': 'missing', 'Work_Order_Qty': 150.0}",regular
Case209,Packing,2012-01-22 04:55:31,2012-01-22 13:07:37,2012-01-22 14:07:37,ID4820,75,0.03932151117964534,0,72.0,0.0,60.0,11,13,complete,1,29587.616666666665,704.1,787.6166666666667,136.58333333333334,"{'Part_Desc_': 'Ballnut', 'Report_Type': 'S', 'Rework': 'missing', 'Work_Order_Qty': 168.0}",regular
Case37,Turning & Milling,2012-01-22 03:51:51,2012-01-22 04:42:39,2012-01-22 14:21:39,ID0997,75,0.6491904394757132,0,8.0,0.0,128.0,6,4,complete,1,29082.65,11400.75,282.65,146.9,"{'Part_Desc_': 'Ballnut', 'Report_Type': 'D', 'Rework': 'missing', 'Work_Order_Qty': 36.0}",regular
Case201,Packing,2012-01-15 03:25:39,2012-01-22 13:26:31,2012-01-22 14:26:31,ID4932,110,0.03932151117964534,38,2.0,0.0,247.0,18,4,complete,1,18969.933333333334,6849.183333333333,249.93333333333334,153.4,"{'Part_Desc_': 'Wheel Shaft', 'Report_Type': 'D', 'Rework': 'missing', 'Work_Order_Qty': 20.0}",regular
Case21,Turning & Milling Q.C.,2012-01-22 06:19:01,2012-01-22 13:49:43,2012-01-22 15:04:43,ID4529,75,0.17424826522744796,0,25.0,0.0,135.0,7,7,complete,1,29223.833333333332,8926.116666666667,423.8333333333333,146.95,"{'Part_Desc_': 'Punch Plate', 'Report_Type': 'S', 'Rework': 'missing', 'Work_Order_Qty': 151.0}",deviant
Case102,Turning & Milling,2012-01-22 07:40:06,2012-01-22 14:21:39,2012-01-22 15:41:39,ID0997,75,0.6491904394757132,0,14.999999999999998,0.0,103.99999999999999,13,12,complete,1,29543.666666666668,315.56666666666666,743.6666666666666,172.38333333333333,"{'Part_Desc_': 'Spur Gear', 'Report_Type': 'S', 'Rework': 'missing', 'Work_Order_Qty': 24.0}",regular
Case73,Turning & Milling,2012-01-15 05:49:37,2012-01-22 14:26:31,2012-01-22 15:42:31,ID4932,110,0.6491904394757132,38,10.0,5.0,148.0,6,7,complete,1,19165.233333333334,226.61666666666667,445.23333333333335,153.11666666666667,"{'Part_Desc_': 'Fastener', 'Report_Type': 'S', 'Rework': 'missing', 'Work_Order_Qty': 50.0}",regular
Case68,Final Inspection Q.C.,2012-01-22 13:26:31,2012-01-22 14:56:18,2012-01-22 16:27:18,ID4287,72,0.2027756360832691,0,6.0,0.0,29.999999999999996,3,14,complete,1,29696.3,11429.566666666668,896.3,174.4,"{'Part_Desc_': 'Spur Gear', 'Report_Type': 'D', 'Rework': 'missing', 'Work_Order_Qty': 6.0}",regular
20_CF,Packing,2012-01-22 06:50:05,2012-01-22 14:02:53,2012-01-22 16:31:35,ID4491,75,0.03932151117964534,0,1.0,0.0,217.99999061226845,11,14,complete,1,29642.883333333335,570.4,842.8833333333333,148.7,"{'Part_Desc_': 'Bearing', 'Report_Type': 'S', 'Rework': 'missing', 'Work_Order_Qty': 162.99999906122684}",deviant
Case95,Turning & Milling,2012-01-22 03:04:50,2012-01-22 15:04:43,2012-01-22 16:40:43,ID4529,75,0.6491904394757132,0,2.0,0.0,1.0,5,7,complete,1,29239.883333333335,795.05,439.8833333333333,112.48333333333333,"{'Part_Desc_': 'Punch Holder', 'Report_Type': 'S', 'Rework': 'missing', 'Work_Order_Qty': 305.0}",regular
Case37,Turning & Milling,2012-01-22 14:21:39,2012-01-22 16:20:29,2012-01-22 17:38:29,ID0997,72,0.6491904394757132,1,8.0,0.0,128.0,7,16,complete,1,29780.483333333334,697.8333333333334,980.4833333333333,142.91666666666666,"{'Part_Desc_': 'Ballnut', 'Report_Type': 'D', 'Rework': 'missing', 'Work_Order_Qty': 36.0}",regular
Case73,Turning & Milling Q.C.,2012-01-22 15:42:31,2012-01-22 16:37:13,2012-01-22 17:39:13,ID4618,72,0.17424826522744796,0,10.0,5.0,148.0,7,16,complete,1,29797.216666666667,10631.983333333334,997.2166666666667,158.43333333333334,"{'Part_Desc_': 'Fastener', 'Report_Type': 'S', 'Rework': 'missing', 'Work_Order_Qty': 50.0}",regular
Case68,Packing,2012-01-22 16:27:18,2012-01-22 19:11:42,2012-01-22 20:11:42,ID4820,72,0.03932151117964534,0,6.0,0.0,29.999999999999996,4,19,complete,1,29951.7,255.4,1151.7,175.13333333333333,"{'Part_Desc_': 'Spur Gear', 'Report_Type': 'D', 'Rework': 'missing', 'Work_Order_Qty': 6.0}",regular
Case102,Turning & Milling,2012-01-22 15:41:39,2012-01-22 19:47:09,2012-01-22 20:16:09,ID0997,72,0.6491904394757132,0,14.999999999999998,0.0,103.99999999999999,14,19,complete,1,29987.15,443.48333333333335,1187.15,178.75,"{'Part_Desc_': 'Spur Gear', 'Report_Type': 'S', 'Rework': 'missing', 'Work_Order_Qty': 24.0}",regular
Case110,Turning & Milling,2012-01-17 06:26:59,2012-01-22 10:08:01,2012-01-22 20:19:01,ID4794,94,0.6491904394757132,21,1.0,0.0,31.0,5,7,complete,1,22030.2,1808.7833333333333,430.2,147.76666666666668,"{'Part_Desc_': 'Ballnut', 'Report_Type': 'S', 'Rework': 'missing', 'Work_Order_Qty': 500.0}",regular
Case93,Turning & Milling,2012-01-22 09:52:49,2012-01-22 15:01:25,2012-01-22 20:29:25,ID4641,74,0.6491904394757132,0,7.0,0.0,393.0,8,15,complete,1,29701.416666666668,11668.733333333334,901.4166666666666,136.21666666666667,"{'Part_Desc_': 'Tube', 'Report_Type': 'S', 'Rework': 'missing', 'Work_Order_Qty': 12.0}",deviant
Case256,Turning & Milling,2012-01-22 10:04:06,2012-01-22 17:14:34,2012-01-22 21:06:34,ID4132,74,0.6491904394757132,0,1.0,0.0,232.00000000000003,14,17,complete,1,29834.566666666666,595.2166666666667,1034.5666666666666,138.35,"{'Part_Desc_': 'Spinner', 'Report_Type': 'D', 'Rework': 'missing', 'Work_Order_Qty': 100.0}",regular
Case209,Packing,2012-01-22 14:07:37,2012-01-22 20:11:42,2012-01-22 21:11:42,ID4820,72,0.03932151117964534,0,72.0,0.0,60.0,12,19,complete,1,29989.566666666666,401.95,1189.5666666666666,158.11666666666667,"{'Part_Desc_': 'Ballnut', 'Report_Type': 'S', 'Rework': 'missing', 'Work_Order_Qty': 168.0}",regular
Case34,Final Inspection Q.C.,2012-01-22 09:18:41,2012-01-22 17:12:31,2012-01-22 21:12:31,ID4493,74,0.2027756360832691,0,10.999999999999998,0.0,240.0,20,17,complete,1,29832.516666666666,684.8333333333334,1032.5166666666667,141.33333333333334,"{'Part_Desc_': 'Housing', 'Report_Type': 'S', 'Rework': 'missing', 'Work_Order_Qty': 20.0}",deviant
Case259,Turning & Milling,2012-01-22 08:10:54,2012-01-22 12:50:02,2012-01-22 21:34:02,ID3846,74,0.6491904394757132,0,185.0,0.0,1.0,14,12,complete,1,29545.916666666668,286.01666666666665,745.9166666666666,144.53333333333333,"{'Part_Desc_': 'Drill', 'Report_Type': 'S', 'Rework': 'missing', 'Work_Order_Qty': 325.0}",regular
Case33,Turning & Milling,2012-01-17 10:08:36,2012-01-22 20:19:01,2012-01-22 22:10:01,ID4794,94,0.6491904394757132,21,5.999999999999999,0.0,92.0,4,11,complete,1,22308.283333333333,6666.85,708.2833333333333,139.41666666666666,"{'Part_Desc_': 'Ballnut', 'Report_Type': 'S', 'Rework': 'missing', 'Work_Order_Qty': 29.999999999999996}",regular
Case212,Turning & Milling,2012-01-22 12:43:49,2012-01-22 16:40:43,2012-01-22 23:21:43,ID4529,72,0.6491904394757132,2,24.0,0.0,328.0,5,15,complete,1,29751.016666666666,271.2,951.0166666666667,173.41666666666666,"{'Part_Desc_': 'Ballnut', 'Report_Type': 'S', 'Rework': 'missing', 'Work_Order_Qty': 66.0}",regular
10_CF,Turning & Milling,2012-01-22 12:50:02,2012-01-22 21:34:02,2012-01-22 23:39:38,ID3846,72,0.6491904394757132,1,1.0,0.0,257.99999395012856,11,19,complete,1,29968.533333333333,657.2333333333333,1168.5333333333333,125.6,"{'Part_Desc_': 'Socket', 'Report_Type': 'B', 'Rework': 'missing', 'Work_Order_Qty': 40.00000066682696}",deviant
Case68,Final Inspection Q.C.,2012-01-22 20:11:42,2012-01-22 23:26:58,2012-01-22 23:56:58,ID4287,72,0.2027756360832691,0,6.0,0.0,29.999999999999996,5,23,complete,1,30206.966666666667,255.26666666666668,1406.9666666666667,166.88333333333333,"{'Part_Desc_': 'Spur Gear', 'Report_Type': 'D', 'Rework': 'missing', 'Work_Order_Qty': 6.0}",regular
Case218,other,2012-01-15 15:49:39,2012-01-22 15:42:31,2012-01-23 00:56:31,ID4932,108,0.0,38,148.0,0.0,50.0,3,16,complete,1,19708.983333333334,7448.616666666667,988.9833333333333,192.38333333333333,"{'Part_Desc_': 'Flange', 'Report_Type': 'D', 'Rework': 'missing', 'Work_Order_Qty': 220.99999999999997}",regular
Case61,Turning & Milling,2012-01-22 10:57:10,2012-01-22 20:29:25,2012-01-23 00:58:25,ID4641,73,0.6491904394757132,0,1.0,0.0,3.0,12,17,complete,1,29864.716666666667,555.55,1064.7166666666667,125.26666666666667,"{'Part_Desc_': 'Socket', 'Report_Type': 'B', 'Rework': 'missing', 'Work_Order_Qty': 40.0}",regular
Case102,Turning & Milling,2012-01-22 20:16:09,2012-01-23 00:09:09,2012-01-23 01:53:09,ID4219,72,0.6491904394757132,0,14.999999999999998,0.0,103.99999999999999,15,0,complete,1,30249.15,262.0,9.15,199.6,"{'Part_Desc_': 'Spur Gear', 'Report_Type': 'S', 'Rework': 'missing', 'Work_Order_Qty': 24.0}",regular
Case110,Turning & Milling,2012-01-22 20:19:01,2012-01-22 21:52:17,2012-01-23 03:54:17,ID4167,72,0.6491904394757132,0,1.0,0.0,31.0,6,21,complete,1,30112.283333333333,8082.083333333333,1312.2833333333333,155.88333333333333,"{'Part_Desc_': 'Ballnut', 'Report_Type': 'S', 'Rework': 'missing', 'Work_Order_Qty': 500.0}",regular
Case93,Turning & Milling,2012-01-22 20:29:25,2012-01-23 00:41:55,2012-01-23 05:59:55,ID4132,72,0.6491904394757132,0,7.0,0.0,393.0,9,0,complete,1,30281.916666666668,580.5,41.916666666666664,149.88333333333333,"{'Part_Desc_': 'Tube', 'Report_Type': 'S', 'Rework': 'missing', 'Work_Order_Qty': 12.0}",deviant
Case90,Turning & Milling,2012-01-15 15:58:59,2012-01-23 00:56:31,2012-01-23 06:50:31,ID4932,108,0.6491904394757132,37,176.0,0.0,60.0,4,19,complete,1,19918.6,2960.4333333333334,1198.6,144.06666666666666,"{'Part_Desc_': 'Drum', 'Report_Type': 'S', 'Rework': 'missing', 'Work_Order_Qty': 200.0}",regular
Case10,Turning & Milling,2012-01-17 18:21:27,2012-01-22 22:10:01,2012-01-23 07:11:01,ID4794,93,0.6491904394757132,20,100.0,0.0,150.0,12,21,complete,1,22867.433333333334,283.98333333333335,1267.4333333333334,139.05,"{'Part_Desc_': 'Spur Gear', 'Report_Type': 'S', 'Rework': 'missing', 'Work_Order_Qty': 251.0}",regular
24_CF,Milling,2012-01-15 18:15:26,2012-01-23 06:50:31,2012-01-23 09:15:00,ID4932,108,0,38,1.0,0.0,509.9999874830246,5,20,complete,1,19947.816666666666,7324.333333333333,1227.8166666666666,144.48333333333332,"{'Part_Desc_': 'Barrel', 'Report_Type': 'S', 'Rework': 'missing', 'Work_Order_Qty': 31.999999225139618}",deviant
Case33,Turning & Milling,2012-01-22 22:10:01,2012-01-23 03:54:17,2012-01-23 09:25:17,ID4167,69,0.6491904394757132,0,5.999999999999999,0.0,92.0,5,0,complete,1,30285.8,7977.516666666666,45.8,139.56666666666666,"{'Part_Desc_': 'Ballnut', 'Report_Type': 'S', 'Rework': 'missing', 'Work_Order_Qty': 29.999999999999996}",regular
Case259,Turning & Milling,2012-01-22 21:34:02,2012-01-23 01:38:11,2012-01-23 12:03:11,ID4641,69,0.6491904394757132,0,185.0,0.0,1.0,15,1,complete,1,30338.183333333334,792.2666666666667,98.18333333333334,146.6,"{'Part_Desc_': 'Drill', 'Report_Type': 'S', 'Rework': 'missing', 'Work_Order_Qty': 325.0}",regular
10_CF,Turning & Milling,2012-01-22 23:39:38,2012-01-23 12:03:11,2012-01-23 14:21:15,ID4641,69,0.6491904394757132,0,1.0,0.0,257.99999395012856,12,4,complete,1,30522.116666666665,553.5833333333334,282.1166666666667,138.06666666666666,"{'Part_Desc_': 'Socket', 'Report_Type': 'B', 'Rework': 'missing', 'Work_Order_Qty': 40.00000066682696}",deviant
Case93,Turning & Milling,2012-01-23 05:59:55,2012-01-23 14:21:15,2012-01-23 15:13:15,ID4641,67,0.6491904394757132,1,7.0,0.0,393.0,10,10,complete,1,30890.033333333333,608.1166666666667,650.0333333333333,165.18333333333334,"{'Part_Desc_': 'Tube', 'Report_Type': 'S', 'Rework': 'missing', 'Work_Order_Qty': 12.0}",deviant
Case61,Turning & Milling,2012-01-23 00:58:25,2012-01-23 07:05:08,2012-01-23 15:32:08,ID3846,68,0.6491904394757132,0,1.0,0.0,3.0,13,7,complete,1,30665.133333333335,800.4166666666666,425.1333333333333,141.18333333333334,"{'Part_Desc_': 'Socket', 'Report_Type': 'B', 'Rework': 'missing', 'Work_Order_Qty': 40.0}",regular
Case259,Turning & Milling Q.C.,2012-01-23 12:03:11,2012-01-23 16:57:33,2012-01-23 17:57:33,ID4618,67,0.17424826522744796,0,185.0,0.0,1.0,16,16,complete,1,31257.55,919.3666666666667,1017.55,153.71666666666667,"{'Part_Desc_': 'Drill', 'Report_Type': 'S', 'Rework': 'missing', 'Work_Order_Qty': 325.0}",regular
Case110,Turning & Milling,2012-01-23 03:54:17,2012-01-23 07:16:36,2012-01-23 18:42:36,ID4529,67,0.6491904394757132,0,1.0,0.0,31.0,7,7,complete,1,30676.6,564.3166666666667,436.6,169.83333333333334,"{'Part_Desc_': 'Ballnut', 'Report_Type': 'S', 'Rework': 'missing', 'Work_Order_Qty': 500.0}",regular
Case10,Turning & Milling,2012-01-23 07:11:01,2012-01-23 15:13:15,2012-01-23 19:05:15,ID4641,67,0.6491904394757132,1,100.0,0.0,150.0,13,11,complete,1,30915.35,8047.916666666667,675.35,138.1,"{'Part_Desc_': 'Spur Gear', 'Report_Type': 'S', 'Rework': 'missing', 'Work_Order_Qty': 251.0}",regular
Case33,Turning & Milling,2012-01-23 09:25:17,2012-01-23 18:42:36,2012-01-23 20:14:36,ID4529,67,0.6491904394757132,0,5.999999999999999,0.0,92.0,6,13,complete,1,31059.133333333335,773.3333333333334,819.1333333333333,142.4,"{'Part_Desc_': 'Ballnut', 'Report_Type': 'S', 'Rework': 'missing', 'Work_Order_Qty': 29.999999999999996}",regular
Case44,Turn & Mill. & Screw Assem,2012-01-15 18:27:45,2012-01-23 09:15:00,2012-01-23 20:21:00,ID4932,108,0,37,105.00000000000001,0.0,75.0,7,23,complete,1,20147.766666666666,2316.9166666666665,1427.7666666666667,115.78333333333333,"{'Part_Desc_': 'Cast', 'Report_Type': 'S', 'Rework': 'missing', 'Work_Order_Qty': 198.0}",regular
Case223,Packing,2012-01-16 01:39:04,2012-01-23 20:21:00,2012-01-23 21:21:00,ID4932,108,0.03932151117964534,39,18.0,0.0,49.99999999999999,18,3,complete,1,20376.933333333334,237.86666666666667,216.93333333333334,175.1,"{'Part_Desc_': 'Ballnut', 'Report_Type': 'S', 'Rework': 'missing', 'Work_Order_Qty': 29.999999999999996}",deviant
10_CF,Turning & Milling,2012-01-23 14:21:15,2012-01-23 19:36:20,2012-01-23 21:57:10,ID3846,67,0.6491904394757132,0,1.0,0.0,257.99999395012856,13,19,complete,1,31416.333333333332,894.2166666666667,1176.3333333333333,140.83333333333334,"{'Part_Desc_': 'Socket', 'Report_Type': 'B', 'Rework': 'missing', 'Work_Order_Qty': 40.00000066682696}",deviant
Case230,Turning & Milling,2012-01-16 08:07:36,2012-01-23 21:21:00,2012-01-23 22:46:00,ID4932,105,0.6491904394757132,40,15.000000000000002,5.0,230.0,9,9,complete,1,20719.383333333335,5739.2,559.3833333333333,139.98333333333332,"{'Part_Desc_': 'Spur Gear', 'Report_Type': 'B', 'Rework': 'missing', 'Work_Order_Qty': 105.00000000000001}",regular
Case12,Turning & Milling,2012-01-17 05:14:26,2012-01-23 22:46:00,2012-01-24 00:01:00,ID4932,94,0.6491904394757132,37,30.0,0.0,111.0,12,8,complete,1,22093.833333333332,397.81666666666666,493.8333333333333,128.9,"{'Part_Desc_': 'Spur Gear', 'Report_Type': 'S', 'Rework': 'missing', 'Work_Order_Qty': 69.0}",regular
Case61,Turning & Milling Q.C.,2012-01-23 15:32:08,2012-01-23 21:41:24,2012-01-24 00:42:24,ID4493,67,0.17424826522744796,0,1.0,0.0,3.0,14,21,complete,1,31541.4,876.2666666666667,1301.4,137.05,"{'Part_Desc_': 'Socket', 'Report_Type': 'B', 'Rework': 'missing', 'Work_Order_Qty': 40.0}",regular
Case10,Turning & Milling,2012-01-23 19:05:15,2012-01-24 00:33:16,2012-01-24 00:46:16,ID3846,67,0.6491904394757132,0,100.0,0.0,150.0,14,0,complete,1,31713.266666666666,797.9166666666666,33.266666666666666,143.75,"{'Part_Desc_': 'Spur Gear', 'Report_Type': 'S', 'Rework': 'missing', 'Work_Order_Qty': 251.0}",regular
Case32,Turning & Milling,2012-01-18 00:51:36,2012-01-23 07:11:01,2012-01-24 01:03:01,ID4794,91,0.6491904394757132,21,20.0,5.0,1072.0,10,5,complete,1,23382.916666666668,7005.45,342.9166666666667,128.6,"{'Part_Desc_': 'Housing', 'Report_Type': 'S', 'Rework': 'missing', 'Work_Order_Qty': 400.0}",regular
Case93,Turning & Milling,2012-01-23 15:13:15,2012-01-23 20:46:33,2012-01-24 01:25:33,ID4641,67,0.6491904394757132,1,7.0,0.0,393.0,11,20,complete,1,31486.55,596.5166666666667,1246.55,166.26666666666668,"{'Part_Desc_': 'Tube', 'Report_Type': 'S', 'Rework': 'missing', 'Work_Order_Qty': 12.0}",deviant
Case223,Flat Grinding,2012-01-23 21:21:00,2012-01-24 01:04:21,2012-01-24 01:49:21,ID4882,66,0.02467232074016962,0,18.0,0.0,49.99999999999999,19,1,complete,1,31744.35,11367.416666666666,64.35,175.0,"{'Part_Desc_': 'Ballnut', 'Report_Type': 'S', 'Rework': 'missing', 'Work_Order_Qty': 29.999999999999996}",deviant
Case259,Turning & Milling,2012-01-23 17:57:33,2012-01-24 01:25:33,2012-01-24 02:57:33,ID4641,67,0.6491904394757132,0,185.0,0.0,1.0,17,0,complete,1,31686.7,429.15,6.7,177.8,"{'Part_Desc_': 'Drill', 'Report_Type': 'S', 'Rework': 'missing', 'Work_Order_Qty': 325.0}",regular
Case230,Turning & Milling,2012-01-23 22:46:00,2012-01-24 01:27:14,2012-01-24 05:17:14,ID4718,66,0.6491904394757132,0,15.000000000000002,5.0,230.0,10,1,complete,1,31767.233333333334,11047.85,87.23333333333333,135.66666666666666,"{'Part_Desc_': 'Spur Gear', 'Report_Type': 'B', 'Rework': 'missing', 'Work_Order_Qty': 105.00000000000001}",regular
10_CF,Turning & Milling Q.C.,2012-01-23 21:57:10,2012-01-24 03:35:33,2012-01-24 06:05:33,ID4493,66,0.17424826522744796,0,1.0,0.0,257.99999395012856,14,3,complete,1,31895.55,479.21666666666664,215.55,150.0,"{'Part_Desc_': 'Socket', 'Report_Type': 'B', 'Rework': 'missing', 'Work_Order_Qty': 40.00000066682696}",deviant
Case12,Lapping,2012-01-24 00:01:00,2012-01-24 04:28:19,2012-01-24 06:28:19,ID0998,66,0.12336160370084812,0,30.0,0.0,111.0,13,4,complete,1,31948.316666666666,9854.483333333334,268.31666666666666,140.53333333333333,"{'Part_Desc_': 'Spur Gear', 'Report_Type': 'S', 'Rework': 'missing', 'Work_Order_Qty': 69.0}",regular
Case223,Lapping,2012-01-24 01:49:21,2012-01-24 07:17:26,2012-01-24 08:07:26,ID0998,65,0.12336160370084812,0,18.0,0.0,49.99999999999999,20,7,complete,1,32117.433333333334,373.0833333333333,437.43333333333334,171.91666666666666,"{'Part_Desc_': 'Ballnut', 'Report_Type': 'S', 'Rework': 'missing', 'Work_Order_Qty': 29.999999999999996}",deviant
Case110,Turning & Milling,2012-01-23 18:42:36,2012-01-24 02:57:33,2012-01-24 10:07:33,ID4641,67,0.6491904394757132,0,1.0,0.0,31.0,8,0,complete,1,31687.633333333335,1011.0333333333333,7.633333333333334,164.41666666666666,"{'Part_Desc_': 'Ballnut', 'Report_Type': 'S', 'Rework': 'missing', 'Work_Order_Qty': 500.0}",regular
Case93,Turning & Milling Q.C.,2012-01-24 01:25:33,2012-01-24 07:27:18,2012-01-24 10:54:18,ID4287,65,0.17424826522744796,0,7.0,0.0,393.0,12,7,complete,1,32127.3,640.75,447.3,152.13333333333333,"{'Part_Desc_': 'Tube', 'Report_Type': 'S', 'Rework': 'missing', 'Work_Order_Qty': 12.0}",deviant
Case250,Milling,2012-01-17 09:38:26,2012-01-24 00:01:00,2012-01-24 11:11:00,ID4932,94,0,38,32.0,0.0,60.0,6,13,complete,1,22395.6,8960.966666666667,795.6,131.33333333333334,"{'Part_Desc_': 'Barrel', 'Report_Type': 'S', 'Rework': 'missing', 'Work_Order_Qty': 32.0}",regular
Case258,Turning & Milling,2012-01-18 07:52:59,2012-01-24 01:03:01,2012-01-24 11:22:01,ID4794,89,0.6491904394757132,21,1.0,0.0,309.0,7,10,complete,1,23671.65,2358.4666666666667,631.65,132.08333333333334,"{'Part_Desc_': 'Ballnut', 'Report_Type': 'S', 'Rework': 'missing', 'Work_Order_Qty': 50.0}",regular
Case260,Turning & Milling,2012-01-18 06:44:24,2012-01-24 11:22:01,2012-01-24 13:30:01,ID4794,90,0.6491904394757132,21,18.0,0.0,241.00000000000003,12,11,complete,1,23747.3,332.9,707.3,138.95,"{'Part_Desc_': 'Ballnut', 'Report_Type': 'S', 'Rework': 'missing', 'Work_Order_Qty': 315.0}",regular
Case12,Flat Grinding,2012-01-24 06:28:19,2012-01-24 12:49:30,2012-01-24 14:04:30,ID4882,64,0.02467232074016962,0,30.0,0.0,111.0,14,12,complete,1,32449.5,501.18333333333334,769.5,146.4,"{'Part_Desc_': 'Spur Gear', 'Report_Type': 'S', 'Rework': 'missing', 'Work_Order_Qty': 69.0}",regular
Case267,Turning & Milling,2012-01-18 11:20:36,2012-01-24 13:30:01,2012-01-24 15:20:01,ID4794,87,0.6491904394757132,22,9.0,0.0,193.00000000000003,11,12,complete,1,23817.483333333334,9044.4,777.4833333333333,130.76666666666668,"{'Part_Desc_': 'Punch Holder', 'Report_Type': 'S', 'Rework': 'missing', 'Work_Order_Qty': 350.0}",deviant
Case10,Turning & Milling,2012-01-24 00:46:16,2012-01-24 06:49:09,2012-01-24 15:34:09,ID3846,66,0.6491904394757132,0,100.0,0.0,150.0,15,6,complete,1,32089.15,375.8833333333333,409.15,145.01666666666668,"{'Part_Desc_': 'Spur Gear', 'Report_Type': 'S', 'Rework': 'missing', 'Work_Order_Qty': 251.0}",regular
Case250,Laser Marking,2012-01-24 11:11:00,2012-01-24 15:21:38,2012-01-24 16:36:38,ID0998,63,0.06090979182729375,0,32.0,0.0,60.0,7,15,complete,1,32601.633333333335,10206.033333333333,921.6333333333333,133.88333333333333,"{'Part_Desc_': 'Barrel', 'Report_Type': 'S', 'Rework': 'missing', 'Work_Order_Qty': 32.0}",regular
Case110,Turning & Milling Q.C.,2012-01-24 10:07:33,2012-01-24 16:09:27,2012-01-24 16:40:27,ID4618,63,0.17424826522744796,0,1.0,0.0,31.0,9,16,complete,1,32649.45,961.8166666666667,969.45,160.65,"{'Part_Desc_': 'Ballnut', 'Report_Type': 'S', 'Rework': 'missing', 'Work_Order_Qty': 500.0}",regular
Case89,Turning & Milling,2012-01-17 12:14:59,2012-01-24 11:11:00,2012-01-24 17:03:00,ID4932,94,0.6491904394757132,36,200.00000000000003,0.0,75.0,5,14,complete,1,22450.966666666667,1981.85,850.9666666666667,132.5,"{'Part_Desc_': 'Drum', 'Report_Type': 'S', 'Rework': 'missing', 'Work_Order_Qty': 200.0}",regular
Case28,Turning & Milling,2012-01-17 11:57:30,2012-01-24 17:03:00,2012-01-24 17:47:00,ID4932,94,0.6491904394757132,36,1.0,0.0,20.0,10,15,complete,1,22526.55,511.05,926.55,149.18333333333334,"{'Part_Desc_': 'Ballnut', 'Report_Type': 'S', 'Rework': 'missing', 'Work_Order_Qty': 250.0}",regular
Case44,Turn & Mill. & Screw Assem,2012-01-23 20:21:00,2012-01-24 10:07:33,2012-01-24 19:09:33,ID4641,66,0,0,105.00000000000001,0.0,75.0,8,0,complete,1,31701.133333333335,11553.366666666667,21.133333333333333,128.7,"{'Part_Desc_': 'Cast', 'Report_Type': 'S', 'Rework': 'missing', 'Work_Order_Qty': 198.0}",regular
2_CF,Milling,2012-01-17 14:22:48,2012-01-24 17:47:00,2012-01-24 19:44:45,ID4932,94,0,37,1.0,0.0,509.9999874830246,6,17,complete,1,22649.283333333333,8697.266666666666,1049.2833333333333,117.75,"{'Part_Desc_': 'Barrel', 'Report_Type': 'S', 'Rework': 'missing', 'Work_Order_Qty': 31.999999225139618}",deviant
Case258,Turning & Milling Q.C.,2012-01-24 11:22:01,2012-01-24 17:18:16,2012-01-24 20:00:16,ID4618,63,0.17424826522744796,0,1.0,0.0,309.0,8,17,complete,1,32718.266666666666,9046.616666666667,1038.2666666666667,132.38333333333333,"{'Part_Desc_': 'Ballnut', 'Report_Type': 'S', 'Rework': 'missing', 'Work_Order_Qty': 50.0}",regular
Case31,Turning & Milling,2012-01-17 17:22:48,2012-01-24 19:44:45,2012-01-24 21:14:45,ID4932,93,0.6491904394757132,37,26.0,0.0,545.0,3,18,complete,1,22723.883333333335,8517.916666666666,1123.8833333333334,134.5,"{'Part_Desc_': 'Cable Head', 'Report_Type': 'S', 'Rework': 'missing', 'Work_Order_Qty': 29.999999999999996}",regular
3_CF,Milling,2012-01-17 19:28:36,2012-01-24 21:14:45,2012-01-24 23:22:26,ID4932,93,0,38,1.0,0.0,509.9999874830246,6,22,complete,1,22944.95,8482.583333333334,1344.95,127.68333333333334,"{'Part_Desc_': 'Barrel', 'Report_Type': 'S', 'Rework': 'missing', 'Work_Order_Qty': 31.999999225139618}",deviant
Case93,Turning & Milling Q.C.,2012-01-24 10:54:18,2012-01-24 17:36:19,2012-01-24 23:32:19,ID4287,63,0.17424826522744796,0,7.0,0.0,393.0,13,17,complete,1,32736.316666666666,609.0166666666667,1056.3166666666666,133.08333333333334,"{'Part_Desc_': 'Tube', 'Report_Type': 'S', 'Rework': 'missing', 'Work_Order_Qty': 12.0}",deviant
Case250,Final Inspection Q.C.,2012-01-24 16:36:38,2012-01-24 22:44:25,2012-01-25 00:24:25,ID4163,63,0.2027756360832691,0,32.0,0.0,60.0,8,22,complete,1,33044.416666666664,442.78333333333336,1364.4166666666667,126.71666666666667,"{'Part_Desc_': 'Barrel', 'Report_Type': 'S', 'Rework': 'missing', 'Work_Order_Qty': 32.0}",regular
Case12,Flat Grinding,2012-01-24 14:04:30,2012-01-24 21:41:05,2012-01-25 00:28:05,ID4882,63,0.02467232074016962,0,30.0,0.0,111.0,15,21,complete,1,32981.083333333336,531.5833333333334,1301.0833333333333,141.16666666666666,"{'Part_Desc_': 'Spur Gear', 'Report_Type': 'S', 'Rework': 'missing', 'Work_Order_Qty': 69.0}",regular
Case10,Turning Q.C.,2012-01-24 15:34:09,2012-01-24 22:23:27,2012-01-25 00:55:27,ID4618,63,0,0,100.0,0.0,150.0,16,22,complete,1,33023.45,934.3,1343.45,141.05,"{'Part_Desc_': 'Spur Gear', 'Report_Type': 'S', 'Rework': 'missing', 'Work_Order_Qty': 251.0}",regular
Case44,Turning & Milling Q.C.,2012-01-24 19:09:33,2012-01-25 00:55:27,2012-01-25 01:04:27,ID4618,62,0.17424826522744796,0,105.00000000000001,0.0,75.0,9,0,complete,1,33144.433333333334,1443.3,24.433333333333334,148.41666666666666,"{'Part_Desc_': 'Cast', 'Report_Type': 'S', 'Rework': 'missing', 'Work_Order_Qty': 198.0}",regular
Case260,Turning & Milling,2012-01-24 13:30:01,2012-01-24 19:46:05,2012-01-25 01:10:05,ID4529,63,0.6491904394757132,0,18.0,0.0,241.00000000000003,13,19,complete,1,32866.083333333336,9118.783333333333,1186.0833333333333,132.96666666666667,"{'Part_Desc_': 'Ballnut', 'Report_Type': 'S', 'Rework': 'missing', 'Work_Order_Qty': 315.0}",regular
Case251,other,2012-01-18 02:53:10,2012-01-24 23:22:26,2012-01-25 01:16:26,ID4932,91,0.0,37,5.0,0.0,15.0,11,7,complete,1,23464.116666666665,350.95,424.1166666666667,132.65,"{'Part_Desc_': 'Cable Head', 'Report_Type': 'S', 'Rework': 'missing', 'Work_Order_Qty': 5.0}",deviant
2_CF,Laser Marking,2012-01-24 19:44:45,2012-01-24 23:35:18,2012-01-25 01:31:27,ID0998,62,0.06090979182729375,0,1.0,0.0,509.9999874830246,7,23,complete,1,33095.3,10446.016666666666,1415.3,116.15,"{'Part_Desc_': 'Barrel', 'Report_Type': 'S', 'Rework': 'missing', 'Work_Order_Qty': 31.999999225139618}",deviant
Case207,Turning & Milling,2012-01-18 15:22:59,2012-01-24 15:20:01,2012-01-25 02:21:01,ID4794,85,0.6491904394757132,22,56.0,0.0,60.00000000000001,14,18,complete,1,24152.6,1847.8,1112.6,139.41666666666666,"{'Part_Desc_': 'Flange', 'Report_Type': 'S', 'Rework': 'missing', 'Work_Order_Qty': 125.0}",regular
Case258,Turning & Milling Q.C.,2012-01-24 20:00:16,2012-01-25 03:08:42,2012-01-25 03:42:42,ID4618,62,0.17424826522744796,0,1.0,0.0,309.0,9,3,complete,1,33308.7,590.4333333333333,188.7,151.36666666666667,"{'Part_Desc_': 'Ballnut', 'Report_Type': 'S', 'Rework': 'missing', 'Work_Order_Qty': 50.0}",regular
Case259,Turning & Milling,2012-01-24 02:57:33,2012-01-24 19:09:33,2012-01-25 04:28:33,ID4641,65,0.6491904394757132,2,185.0,0.0,1.0,18,9,complete,1,32243.733333333334,557.0333333333333,563.7333333333333,156.01666666666668,"{'Part_Desc_': 'Drill', 'Report_Type': 'S', 'Rework': 'missing', 'Work_Order_Qty': 325.0}",regular
3_CF,Laser Marking,2012-01-24 23:22:26,2012-01-25 03:15:15,2012-01-25 05:46:54,ID0998,62,0.06090979182729375,0,1.0,0.0,509.9999874830246,7,3,complete,1,33315.25,10370.3,195.25,151.65,"{'Part_Desc_': 'Barrel', 'Report_Type': 'S', 'Rework': 'missing', 'Work_Order_Qty': 31.999999225139618}",deviant
Case78,Turning & Milling,2012-01-18 18:55:50,2012-01-25 02:21:01,2012-01-25 06:09:01,ID4794,84,0.6491904394757132,22,26.000000000000004,0.0,304.0,7,0,complete,1,24512.0,530.1666666666666,32.0,143.05,"{'Part_Desc_': 'Cable Head', 'Report_Type': 'S', 'Rework': 'missing', 'Work_Order_Qty': 230.0}",regular
Case235,Milling,2012-01-18 09:53:45,2012-01-25 01:16:26,2012-01-25 06:46:26,ID4932,88,0,38,1.0,0.0,330.0,16,12,complete,1,23802.716666666667,2920.65,762.7166666666667,165.81666666666666,"{'Part_Desc_': 'Flange Bolt', 'Report_Type': 'S', 'Rework': 'missing', 'Work_Order_Qty': 13.0}",regular
Case251,Packing,2012-01-25 01:16:26,2012-01-25 06:56:54,2012-01-25 07:56:54,ID4820,62,0.03932151117964534,0,5.0,0.0,15.0,12,6,complete,1,33536.9,10072.783333333333,416.9,140.35,"{'Part_Desc_': 'Cable Head', 'Report_Type': 'S', 'Rework': 'missing', 'Work_Order_Qty': 5.0}",deviant
Case12,Laser Marking,2012-01-25 00:28:05,2012-01-25 07:56:32,2012-01-25 08:56:32,ID0998,62,0.06090979182729375,0,30.0,0.0,111.0,16,7,complete,1,33596.53333333333,615.45,476.53333333333336,152.56666666666666,"{'Part_Desc_': 'Spur Gear', 'Report_Type': 'S', 'Rework': 'missing', 'Work_Order_Qty': 69.0}",regular
6_CF,Milling,2012-01-18 23:14:16,2012-01-25 06:46:26,2012-01-25 09:01:56,ID4932,83,0,37,1.0,0.0,509.9999874830246,6,1,complete,1,24556.816666666666,9621.433333333332,76.81666666666666,135.5,"{'Part_Desc_': 'Barrel', 'Report_Type': 'S', 'Rework': 'missing', 'Work_Order_Qty': 31.999999225139618}",deviant
Case38,Turning & Milling,2012-01-19 08:08:16,2012-01-25 09:01:56,2012-01-25 09:42:56,ID4932,80,0.6491904394757132,36,1.0,0.0,278.0,5,8,complete,1,24968.3,9599.033333333333,488.3,152.76666666666668,"{'Part_Desc_': 'Cable Head', 'Report_Type': 'S', 'Rework': 'missing', 'Work_Order_Qty': 53.0}",deviant
2_CF,Final Inspection Q.C.,2012-01-25 01:31:27,2012-01-25 07:27:58,2012-01-25 09:43:03,ID4163,62,0.2027756360832691,0,1.0,0.0,509.9999874830246,8,7,complete,1,33567.96666666667,472.6666666666667,447.96666666666664,135.08333333333334,"{'Part_Desc_': 'Barrel', 'Report_Type': 'S', 'Rework': 'missing', 'Work_Order_Qty': 31.999999225139618}",deviant
Case250,Final Inspection Q.C.,2012-01-25 00:24:25,2012-01-25 09:43:03,2012-01-25 11:23:03,ID4163,62,0.2027756360832691,0,32.0,0.0,60.0,9,7,complete,1,33597.11666666667,552.7,477.1166666666667,143.6,"{'Part_Desc_': 'Barrel', 'Report_Type': 'S', 'Rework': 'missing', 'Work_Order_Qty': 32.0}",regular
Case259,Turning & Milling Q.C.,2012-01-25 04:28:33,2012-01-25 11:31:55,2012-01-25 11:32:55,ID4618,62,0.17424826522744796,0,185.0,0.0,1.0,19,11,complete,1,33811.916666666664,1568.1833333333334,691.9166666666666,145.5,"{'Part_Desc_': 'Drill', 'Report_Type': 'S', 'Rework': 'missing', 'Work_Order_Qty': 325.0}",regular
Case267,Turning & Milling,2012-01-24 15:20:01,2012-01-25 01:10:05,2012-01-25 12:10:05,ID4529,63,0.6491904394757132,0,9.0,0.0,193.00000000000003,12,19,complete,1,32877.96666666667,9060.483333333334,1197.9666666666667,139.56666666666666,"{'Part_Desc_': 'Punch Holder', 'Report_Type': 'S', 'Rework': 'missing', 'Work_Order_Qty': 350.0}",deviant
Case258,Laser Marking,2012-01-25 03:42:42,2012-01-25 11:44:29,2012-01-25 12:25:29,ID0998,62,0.06090979182729375,0,1.0,0.0,309.0,10,11,complete,1,33824.48333333333,515.7833333333333,704.4833333333333,149.91666666666666,"{'Part_Desc_': 'Ballnut', 'Report_Type': 'S', 'Rework': 'missing', 'Work_Order_Qty': 50.0}",regular
Case192,Turning & Milling,2012-01-19 01:34:12,2012-01-25 06:09:01,2012-01-25 13:02:01,ID4794,82,0.6491904394757132,22,60.0,0.0,139.0,19,5,complete,1,24824.4,687.2,344.4,134.76666666666668,"{'Part_Desc_': 'Piston', 'Report_Type': 'D', 'Rework': 'missing', 'Work_Order_Qty': 200.0}",deviant
3_CF,Final Inspection Q.C.,2012-01-25 05:46:54,2012-01-25 11:40:34,2012-01-25 14:00:44,ID4163,62,0.2027756360832691,0,1.0,0.0,509.9999874830246,8,11,complete,1,33820.566666666666,505.31666666666666,700.5666666666667,140.16666666666666,"{'Part_Desc_': 'Barrel', 'Report_Type': 'S', 'Rework': 'missing', 'Work_Order_Qty': 31.999999225139618}",deviant
Case93,Turning & Milling,2012-01-24 23:32:19,2012-01-25 06:47:37,2012-01-25 14:05:37,ID4132,62,0.6491904394757132,0,7.0,0.0,393.0,14,6,complete,1,33527.61666666667,791.3,407.6166666666667,137.51666666666668,"{'Part_Desc_': 'Tube', 'Report_Type': 'S', 'Rework': 'missing', 'Work_Order_Qty': 12.0}",deviant
6_CF,Laser Marking,2012-01-25 09:01:56,2012-01-25 13:14:45,2012-01-25 15:47:35,ID0998,61,0.06090979182729375,0,1.0,0.0,509.9999874830246,7,13,complete,1,33914.75,9357.933333333332,794.75,152.83333333333334,"{'Part_Desc_': 'Barrel', 'Report_Type': 'S', 'Rework': 'missing', 'Work_Order_Qty': 31.999999225139618}",deviant
Case251,Final Inspection Q.C.,2012-01-25 07:56:54,2012-01-25 15:02:08,2012-01-25 16:32:08,ID4163,61,0.2027756360832691,0,5.0,0.0,15.0,13,15,complete,1,34022.13333333333,485.23333333333335,902.1333333333333,137.05,"{'Part_Desc_': 'Cable Head', 'Report_Type': 'S', 'Rework': 'missing', 'Work_Order_Qty': 5.0}",deviant
Case91,Turning & Milling,2012-01-19 05:50:54,2012-01-25 09:42:56,2012-01-25 17:56:56,ID4932,81,0.6491904394757132,37,337.0,0.0,60.00000000000001,7,8,complete,1,24979.1,7175.666666666667,499.1,125.95,"{'Part_Desc_': 'Hinge', 'Report_Type': 'S', 'Rework': 'missing', 'Work_Order_Qty': 350.0}",regular
Case12,Flat Grinding,2012-01-25 08:56:32,2012-01-25 16:54:06,2012-01-25 18:09:06,ID4882,61,0.02467232074016962,0,30.0,0.0,111.0,17,16,complete,1,34134.1,537.5666666666667,1014.1,157.56666666666666,"{'Part_Desc_': 'Spur Gear', 'Report_Type': 'S', 'Rework': 'missing', 'Work_Order_Qty': 69.0}",regular
Case267,Turning & Milling Q.C.,2012-01-25 12:10:05,2012-01-25 18:47:31,2012-01-25 19:13:31,ID4618,60,0.17424826522744796,0,9.0,0.0,193.00000000000003,13,18,complete,1,34247.51666666667,1369.55,1127.5166666666667,134.86666666666667,"{'Part_Desc_': 'Punch Holder', 'Report_Type': 'S', 'Rework': 'missing', 'Work_Order_Qty': 350.0}",deviant
2_CF,Final Inspection Q.C.,2012-01-25 09:43:03,2012-01-25 18:33:23,2012-01-25 20:43:41,ID4163,61,0.2027756360832691,1,1.0,0.0,509.9999874830246,9,18,complete,1,34233.38333333333,665.4166666666666,1113.3833333333334,130.3,"{'Part_Desc_': 'Barrel', 'Report_Type': 'S', 'Rework': 'missing', 'Work_Order_Qty': 31.999999225139618}",deviant
Case192,Turning & Milling Q.C.,2012-01-25 13:02:01,2012-01-25 18:28:23,2012-01-25 20:47:23,ID4287,60,0.17424826522744796,0,60.0,0.0,139.0,20,18,complete,1,34228.38333333333,9403.983333333334,1108.3833333333334,127.33333333333333,"{'Part_Desc_': 'Piston', 'Report_Type': 'D', 'Rework': 'missing', 'Work_Order_Qty': 200.0}",deviant
Case258,Turning & Milling Q.C.,2012-01-25 12:25:29,2012-01-25 20:34:51,2012-01-25 20:49:51,ID4618,60,0.17424826522744796,0,1.0,0.0,309.0,11,20,complete,1,34354.85,530.3666666666667,1234.85,131.41666666666666,"{'Part_Desc_': 'Ballnut', 'Report_Type': 'S', 'Rework': 'missing', 'Work_Order_Qty': 50.0}",regular
Case250,Final Inspection Q.C.,2012-01-25 11:23:03,2012-01-25 20:43:41,2012-01-25 21:02:41,ID4163,61,0.2027756360832691,0,32.0,0.0,60.0,10,18,complete,1,34259.48333333333,662.3666666666667,1139.4833333333333,126.61666666666666,"{'Part_Desc_': 'Barrel', 'Report_Type': 'S', 'Rework': 'missing', 'Work_Order_Qty': 32.0}",regular
Case31,Turning & Milling,2012-01-24 21:14:45,2012-01-25 12:10:05,2012-01-25 21:15:05,ID4529,62,0.6491904394757132,1,26.0,0.0,545.0,4,0,complete,1,33135.25,10411.366666666667,15.25,135.06666666666666,"{'Part_Desc_': 'Cable Head', 'Report_Type': 'S', 'Rework': 'missing', 'Work_Order_Qty': 29.999999999999996}",regular
Case207,Turning & Milling,2012-01-25 02:21:01,2012-01-25 21:15:05,2012-01-25 22:30:05,ID4529,62,0.6491904394757132,1,56.0,0.0,60.00000000000001,15,7,complete,1,33579.88333333333,9427.283333333333,459.8833333333333,141.6,"{'Part_Desc_': 'Flange', 'Report_Type': 'S', 'Rework': 'missing', 'Work_Order_Qty': 125.0}",regular
Case93,Turning & Milling Q.C.,2012-01-25 14:05:37,2012-01-25 21:15:46,2012-01-26 00:51:46,ID4287,60,0.17424826522744796,0,7.0,0.0,393.0,15,21,complete,1,34395.76666666667,868.15,1275.7666666666667,130.95,"{'Part_Desc_': 'Tube', 'Report_Type': 'S', 'Rework': 'missing', 'Work_Order_Qty': 12.0}",deviant
3_CF,Final Inspection Q.C.,2012-01-25 14:00:44,2012-01-25 22:40:14,2012-01-26 00:52:30,ID4163,60,0.2027756360832691,0,1.0,0.0,509.9999874830246,9,22,complete,1,34480.23333333333,659.6666666666666,1360.2333333333333,132.26666666666668,"{'Part_Desc_': 'Barrel', 'Report_Type': 'S', 'Rework': 'missing', 'Work_Order_Qty': 31.999999225139618}",deviant
Case91,Turning & Milling,2012-01-25 17:56:56,2012-01-25 22:52:19,2012-01-26 01:01:19,ID4167,60,0.6491904394757132,0,337.0,0.0,60.00000000000001,8,22,complete,1,34492.316666666666,9513.216666666667,1372.3166666666666,121.81666666666666,"{'Part_Desc_': 'Hinge', 'Report_Type': 'S', 'Rework': 'missing', 'Work_Order_Qty': 350.0}",regular
Case67,Turning & Milling,2012-01-19 12:04:18,2012-01-25 17:56:56,2012-01-26 01:36:56,ID4932,79,0.6491904394757132,37,2.0,0.0,75.0,6,13,complete,1,25273.516666666666,403.21666666666664,793.5166666666667,140.01666666666668,"{'Part_Desc_': 'Cable Head', 'Report_Type': 'S', 'Rework': 'missing', 'Work_Order_Qty': 150.0}",deviant
Case260,Turning & Milling,2012-01-25 01:10:05,2012-01-25 22:30:05,2012-01-26 03:08:05,ID4529,62,0.6491904394757132,2,18.0,0.0,241.00000000000003,14,8,complete,1,33607.6,741.5166666666667,487.6,134.48333333333332,"{'Part_Desc_': 'Ballnut', 'Report_Type': 'S', 'Rework': 'missing', 'Work_Order_Qty': 315.0}",regular
6_CF,Final Inspection Q.C.,2012-01-25 15:47:35,2012-01-26 00:52:30,2012-01-26 03:27:35,ID4163,60,0.2027756360832691,0,1.0,0.0,509.9999874830246,8,23,complete,1,34502.01666666667,587.2666666666667,1382.0166666666667,155.08333333333334,"{'Part_Desc_': 'Barrel', 'Report_Type': 'S', 'Rework': 'missing', 'Work_Order_Qty': 31.999999225139618}",deviant
Case251,Final Inspection Q.C.,2012-01-25 16:32:08,2012-01-26 03:27:35,2012-01-26 03:42:35,ID4163,60,0.2027756360832691,0,5.0,0.0,15.0,14,1,complete,1,34642.88333333333,620.75,82.88333333333334,142.21666666666667,"{'Part_Desc_': 'Cable Head', 'Report_Type': 'S', 'Rework': 'missing', 'Work_Order_Qty': 5.0}",deviant
Case12,Flat Grinding,2012-01-25 18:09:06,2012-01-26 02:45:06,2012-01-26 04:00:06,ID4882,60,0.02467232074016962,0,30.0,0.0,111.0,18,2,complete,1,34725.1,591.0,165.1,162.35,"{'Part_Desc_': 'Spur Gear', 'Report_Type': 'S', 'Rework': 'missing', 'Work_Order_Qty': 69.0}",regular
7_CF,Milling,2012-01-19 20:31:46,2012-01-26 01:36:56,2012-01-26 04:27:35,ID4932,79,0,37,1.0,0.0,509.9999874830246,6,21,complete,1,25760.25,10156.383333333333,1280.25,170.65,"{'Part_Desc_': 'Barrel', 'Report_Type': 'S', 'Rework': 'missing', 'Work_Order_Qty': 31.999999225139618}",deviant
Case63,Turning & Milling,2012-01-20 12:16:01,2012-01-25 13:02:01,2012-01-26 06:32:01,ID4794,78,0.6491904394757132,18,55.00000000000001,0.0,218.0,6,15,complete,1,26857.15,7850.333333333333,937.15,109.35,"{'Part_Desc_': 'Cable Head', 'Report_Type': 'S', 'Rework': 'missing', 'Work_Order_Qty': 155.0}",regular
13_CF,Milling,2012-01-20 08:26:04,2012-01-26 04:27:35,2012-01-26 07:05:08,ID4932,79,0,35,1.0,0.0,509.9999874830246,6,13,complete,1,26736.133333333335,9900.433333333332,816.1333333333333,157.55,"{'Part_Desc_': 'Barrel', 'Report_Type': 'S', 'Rework': 'missing', 'Work_Order_Qty': 31.999999225139618}",deviant
Case240,Turning & Milling,2012-01-20 18:49:05,2012-01-26 06:32:01,2012-01-26 08:34:01,ID4794,77,0.6491904394757132,18,1.0,0.0,195.0,12,5,complete,1,27718.133333333335,729.05,358.1333333333333,118.2,"{'Part_Desc_': 'Bearing', 'Report_Type': 'S', 'Rework': 'missing', 'Work_Order_Qty': 163.0}",regular
Case250,Final Inspection Q.C.,2012-01-25 21:02:41,2012-01-26 05:10:27,2012-01-26 09:00:27,ID4163,59,0.2027756360832691,0,32.0,0.0,60.0,11,5,complete,1,34870.45,610.9666666666667,310.45,127.41666666666667,"{'Part_Desc_': 'Barrel', 'Report_Type': 'S', 'Rework': 'missing', 'Work_Order_Qty': 32.0}",regular
Case258,Lapping,2012-01-25 20:49:51,2012-01-26 04:47:43,2012-01-26 09:37:43,ID0998,59,0.12336160370084812,0,1.0,0.0,309.0,12,4,complete,1,34847.71666666667,492.8666666666667,287.71666666666664,139.15,"{'Part_Desc_': 'Ballnut', 'Report_Type': 'S', 'Rework': 'missing', 'Work_Order_Qty': 50.0}",regular
5_CF,Turning & Milling,2012-01-21 12:31:40,2012-01-26 08:34:01,2012-01-26 10:31:35,ID4794,76,0.6491904394757132,15,1.0,0.0,217.99999061226845,12,1,complete,1,28863.866666666665,881.35,63.86666666666667,117.56666666666666,"{'Part_Desc_': 'Bearing', 'Report_Type': 'S', 'Rework': 'missing', 'Work_Order_Qty': 162.99999906122684}",deviant
Case260,Turning & Milling Q.C.,2012-01-26 03:08:05,2012-01-26 10:31:59,2012-01-26 11:02:59,ID4618,58,0.17424826522744796,0,18.0,0.0,241.00000000000003,15,10,complete,1,35191.98333333333,1584.3833333333334,631.9833333333333,125.76666666666667,"{'Part_Desc_': 'Ballnut', 'Report_Type': 'S', 'Rework': 'missing', 'Work_Order_Qty': 315.0}",regular
2_CF,Final Inspection Q.C.,2012-01-25 20:43:41,2012-01-26 09:00:27,2012-01-26 11:10:00,ID4163,60,0.2027756360832691,1,1.0,0.0,509.9999874830246,10,5,complete,1,34891.583333333336,658.2,331.5833333333333,129.55,"{'Part_Desc_': 'Barrel', 'Report_Type': 'S', 'Rework': 'missing', 'Work_Order_Qty': 31.999999225139618}",deviant
Case67,Turning & Milling,2012-01-26 01:36:56,2012-01-26 04:34:10,2012-01-26 11:48:10,ID4641,58,0.6491904394757132,0,2.0,0.0,75.0,7,4,complete,1,34834.166666666664,9560.65,274.1666666666667,141.83333333333334,"{'Part_Desc_': 'Cable Head', 'Report_Type': 'S', 'Rework': 'missing', 'Work_Order_Qty': 150.0}",deviant
7_CF,Laser Marking,2012-01-26 04:27:35,2012-01-26 09:37:43,2012-01-26 12:13:53,ID0998,57,0.06090979182729375,0,1.0,0.0,509.9999874830246,7,6,complete,1,34960.21666666667,9199.966666666667,400.21666666666664,156.16666666666666,"{'Part_Desc_': 'Barrel', 'Report_Type': 'S', 'Rework': 'missing', 'Work_Order_Qty': 31.999999225139618}",deviant
11_CF,Turning & Milling,2012-01-21 14:49:05,2012-01-26 10:31:35,2012-01-26 12:20:27,ID4794,75,0.6491904394757132,15,1.0,0.0,217.99999061226845,12,1,complete,1,28894.433333333334,766.65,94.43333333333334,108.86666666666666,"{'Part_Desc_': 'Bearing', 'Report_Type': 'S', 'Rework': 'missing', 'Work_Order_Qty': 162.99999906122684}",deviant
Case12,Flat Grinding,2012-01-26 04:00:06,2012-01-26 12:24:39,2012-01-26 12:25:39,ID4882,57,0.02467232074016962,0,30.0,0.0,111.0,19,12,complete,1,35304.65,579.55,744.65,159.3,"{'Part_Desc_': 'Spur Gear', 'Report_Type': 'S', 'Rework': 'missing', 'Work_Order_Qty': 69.0}",regular
Case207,Turning & Milling,2012-01-25 22:30:05,2012-01-26 06:07:57,2012-01-26 12:42:57,ID4529,58,0.6491904394757132,1,56.0,0.0,60.00000000000001,16,6,complete,1,34927.95,1348.0666666666666,367.95,144.33333333333334,"{'Part_Desc_': 'Flange', 'Report_Type': 'S', 'Rework': 'missing', 'Work_Order_Qty': 125.0}",regular
3_CF,Final Inspection Q.C.,2012-01-26 00:52:30,2012-01-26 11:10:00,2012-01-26 13:22:45,ID4163,58,0.2027756360832691,1,1.0,0.0,509.9999874830246,10,8,complete,1,35072.53333333333,592.3,512.5333333333333,132.75,"{'Part_Desc_': 'Barrel', 'Report_Type': 'S', 'Rework': 'missing', 'Work_Order_Qty': 31.999999225139618}",deviant
13_CF,Laser Marking,2012-01-26 07:05:08,2012-01-26 13:24:21,2012-01-26 15:44:50,ID0998,57,0.06090979182729375,1,1.0,0.0,509.9999874830246,7,13,complete,1,35364.35,8628.216666666667,804.35,140.48333333333332,"{'Part_Desc_': 'Barrel', 'Report_Type': 'S', 'Rework': 'missing', 'Work_Order_Qty': 31.999999225139618}",deviant
6_CF,Final Inspection Q.C.,2012-01-26 03:27:35,2012-01-26 13:22:45,2012-01-26 15:44:52,ID4163,58,0.2027756360832691,1,1.0,0.0,509.9999874830246,9,12,complete,1,35288.066666666666,786.05,728.0666666666667,142.11666666666667,"{'Part_Desc_': 'Barrel', 'Report_Type': 'S', 'Rework': 'missing', 'Work_Order_Qty': 31.999999225139618}",deviant
Case17,Turning,2012-01-20 20:39:04,2012-01-26 07:05:08,2012-01-26 15:52:08,ID4932,77,0,34,40.0,0.0,500.0,7,2,complete,1,27501.016666666666,10305.116666666667,141.01666666666668,118.73333333333333,"{'Part_Desc_': 'Clamp', 'Report_Type': 'S', 'Rework': 'missing', 'Work_Order_Qty': 100.0}",regular
Case260,Turning & Milling Q.C.,2012-01-26 11:02:59,2012-01-26 16:53:39,2012-01-26 17:08:39,ID4618,57,0.17424826522744796,0,18.0,0.0,241.00000000000003,16,16,complete,1,35573.65,381.6666666666667,1013.65,114.55,"{'Part_Desc_': 'Ballnut', 'Report_Type': 'S', 'Rework': 'missing', 'Work_Order_Qty': 315.0}",regular
Case67,Turning & Milling Q.C.,2012-01-26 11:48:10,2012-01-26 15:47:07,2012-01-26 17:27:07,ID4163,57,0.17424826522744796,0,2.0,0.0,75.0,8,15,complete,1,35507.11666666667,672.95,947.1166666666667,132.26666666666668,"{'Part_Desc_': 'Cable Head', 'Report_Type': 'S', 'Rework': 'missing', 'Work_Order_Qty': 150.0}",deviant
14_CF,Milling,2012-01-20 23:01:11,2012-01-26 15:52:08,2012-01-26 18:06:04,ID4932,77,0,33,1.0,0.0,509.9999874830246,6,4,complete,1,27615.383333333335,10254.2,255.38333333333333,133.93333333333334,"{'Part_Desc_': 'Barrel', 'Report_Type': 'S', 'Rework': 'missing', 'Work_Order_Qty': 31.999999225139618}",deviant
Case93,Turning & Milling,2012-01-26 00:51:46,2012-01-26 11:48:10,2012-01-26 18:55:10,ID4641,58,0.6491904394757132,0,7.0,0.0,393.0,16,7,complete,1,34991.46666666667,595.7,431.46666666666664,130.06666666666666,"{'Part_Desc_': 'Tube', 'Report_Type': 'S', 'Rework': 'missing', 'Work_Order_Qty': 12.0}",deviant
Case240,Lapping,2012-01-26 08:34:01,2012-01-26 18:43:07,2012-01-26 19:36:07,ID0998,57,0.12336160370084812,1,1.0,0.0,195.0,13,18,complete,1,35683.11666666667,7964.983333333334,1123.1166666666666,117.41666666666667,"{'Part_Desc_': 'Bearing', 'Report_Type': 'S', 'Rework': 'missing', 'Work_Order_Qty': 163.0}",regular
Case266,Turning & Milling,2012-01-21 10:54:26,2012-01-26 18:06:04,2012-01-26 19:39:04,ID4932,77,0.6491904394757132,33,131.0,0.0,230.00000000000003,14,19,complete,1,28537.616666666665,942.1833333333333,1177.6166666666666,126.51666666666667,"{'Part_Desc_': 'Cable Head', 'Report_Type': 'D', 'Rework': 'missing', 'Work_Order_Qty': 153.0}",regular
7_CF,Final Inspection Q.C.,2012-01-26 12:13:53,2012-01-26 17:27:07,2012-01-26 19:44:23,ID4163,57,0.2027756360832691,1,1.0,0.0,509.9999874830246,8,16,complete,1,35541.3,581.0833333333334,981.3,137.26666666666668,"{'Part_Desc_': 'Barrel', 'Report_Type': 'S', 'Rework': 'missing', 'Work_Order_Qty': 31.999999225139618}",deviant
Case250,Final Inspection Q.C.,2012-01-26 09:00:27,2012-01-26 19:44:23,2012-01-26 21:14:23,ID4163,57,0.2027756360832691,2,32.0,0.0,60.0,12,17,complete,1,35590.86666666667,720.4166666666666,1030.8666666666666,116.58333333333333,"{'Part_Desc_': 'Barrel', 'Report_Type': 'S', 'Rework': 'missing', 'Work_Order_Qty': 32.0}",regular
Case12,Flat Grinding,2012-01-26 12:25:39,2012-01-26 19:55:27,2012-01-26 21:46:27,ID4882,57,0.02467232074016962,0,30.0,0.0,111.0,20,19,complete,1,35755.45,450.8,1195.45,155.88333333333333,"{'Part_Desc_': 'Spur Gear', 'Report_Type': 'S', 'Rework': 'missing', 'Work_Order_Qty': 69.0}",regular
5_CF,Lapping,2012-01-26 10:31:35,2012-01-26 19:58:45,2012-01-26 21:52:46,ID0998,57,0.12336160370084812,0,1.0,0.0,217.99999061226845,13,19,complete,1,35758.75,6894.883333333333,1198.75,114.01666666666667,"{'Part_Desc_': 'Bearing', 'Report_Type': 'S', 'Rework': 'missing', 'Work_Order_Qty': 162.99999906122684}",deviant
16_CF,Milling,2012-01-21 16:51:51,2012-01-26 19:39:04,2012-01-26 21:56:40,ID4932,75,0,32,1.0,0.0,509.9999874830246,6,21,complete,1,28635.8,11015.1,1275.8,137.6,"{'Part_Desc_': 'Barrel', 'Report_Type': 'S', 'Rework': 'missing', 'Work_Order_Qty': 31.999999225139618}",deviant
Case258,Final Inspection Q.C.,2012-01-26 09:37:43,2012-01-26 17:08:39,2012-01-26 22:17:39,ID4618,57,0.2027756360832691,0,1.0,0.0,309.0,13,17,complete,1,35586.36666666667,738.65,1026.3666666666666,130.11666666666667,"{'Part_Desc_': 'Ballnut', 'Report_Type': 'S', 'Rework': 'missing', 'Work_Order_Qty': 50.0}",regular
Case63,Turning & Milling,2012-01-26 06:32:01,2012-01-26 11:11:27,2012-01-26 22:35:27,ID4167,57,0.6491904394757132,0,55.00000000000001,0.0,218.0,7,11,complete,1,35231.45,8374.3,671.45,111.3,"{'Part_Desc_': 'Cable Head', 'Report_Type': 'S', 'Rework': 'missing', 'Work_Order_Qty': 155.0}",regular
Case91,Turning & Milling,2012-01-26 01:01:19,2012-01-26 12:42:57,2012-01-26 22:49:57,ID4529,58,0.6491904394757132,0,337.0,0.0,60.00000000000001,9,7,complete,1,34998.15,505.8333333333333,438.15,134.48333333333332,"{'Part_Desc_': 'Hinge', 'Report_Type': 'S', 'Rework': 'missing', 'Work_Order_Qty': 350.0}",regular
Case20,Laser Marking,2012-01-21 15:47:16,2012-01-26 21:56:40,2012-01-26 22:57:40,ID4932,75,0.06090979182729375,32,2.0,0.0,17.0,12,0,complete,1,28851.616666666665,724.35,51.61666666666667,144.85,"{'Part_Desc_': 'Punch Plate', 'Report_Type': 'S', 'Rework': 'missing', 'Work_Order_Qty': 170.0}",deviant
Case17,Turning,2012-01-26 15:52:08,2012-01-26 22:38:59,2012-01-26 23:00:59,ID4219,57,0,0,40.0,0.0,500.0,8,22,complete,1,35918.98333333333,8417.966666666667,1358.9833333333333,112.15,"{'Part_Desc_': 'Clamp', 'Report_Type': 'S', 'Rework': 'missing', 'Work_Order_Qty': 100.0}",regular
2_CF,Final Inspection Q.C.,2012-01-26 11:10:00,2012-01-26 21:14:23,2012-01-26 23:15:46,ID4163,57,0.2027756360832691,1,1.0,0.0,509.9999874830246,11,19,complete,1,35710.63333333333,819.05,1150.6333333333334,121.38333333333334,"{'Part_Desc_': 'Barrel', 'Report_Type': 'S', 'Rework': 'missing', 'Work_Order_Qty': 31.999999225139618}",deviant
11_CF,Lapping,2012-01-26 12:20:27,2012-01-26 21:52:46,2012-01-26 23:45:54,ID0998,57,0.12336160370084812,0,1.0,0.0,217.99999061226845,13,20,complete,1,35783.183333333334,6888.75,1223.1833333333334,113.13333333333334,"{'Part_Desc_': 'Bearing', 'Report_Type': 'S', 'Rework': 'missing', 'Work_Order_Qty': 162.99999906122684}",deviant
Case21,Turning & Milling,2012-01-22 15:04:43,2012-01-26 12:20:27,2012-01-27 00:01:27,ID4794,72,0.6491904394757132,13,25.0,0.0,135.0,8,16,complete,1,29806.433333333334,582.6,1006.4333333333333,143.2,"{'Part_Desc_': 'Punch Plate', 'Report_Type': 'S', 'Rework': 'missing', 'Work_Order_Qty': 151.0}",deviant
3_CF,Final Inspection Q.C.,2012-01-26 13:22:45,2012-01-26 23:15:46,2012-01-27 01:19:15,ID4163,57,0.2027756360832691,1,1.0,0.0,509.9999874830246,11,19,complete,1,35744.066666666666,671.5333333333333,1184.0666666666666,123.48333333333333,"{'Part_Desc_': 'Barrel', 'Report_Type': 'S', 'Rework': 'missing', 'Work_Order_Qty': 31.999999225139618}",deviant
18_CF,Milling,2012-01-22 07:36:49,2012-01-26 22:57:40,2012-01-27 01:35:26,ID4932,75,0,32,1.0,0.0,509.9999874830246,6,9,complete,1,29385.783333333333,11609.6,585.7833333333333,157.76666666666668,"{'Part_Desc_': 'Barrel', 'Report_Type': 'S', 'Rework': 'missing', 'Work_Order_Qty': 31.999999225139618}",deviant
Case207,Turning & Milling Q.C.,2012-01-26 12:42:57,2012-01-27 01:19:15,2012-01-27 02:19:15,ID4163,57,0.17424826522744796,1,56.0,0.0,60.00000000000001,17,20,complete,1,35778.1,850.15,1218.1,127.81666666666666,"{'Part_Desc_': 'Flange', 'Report_Type': 'S', 'Rework': 'missing', 'Work_Order_Qty': 125.0}",regular
14_CF,Laser Marking,2012-01-26 18:06:04,2012-01-27 00:57:59,2012-01-27 03:03:17,ID0998,57,0.06090979182729375,0,1.0,0.0,509.9999874830246,7,0,complete,1,36057.98333333333,8442.6,57.983333333333334,125.3,"{'Part_Desc_': 'Barrel', 'Report_Type': 'S', 'Rework': 'missing', 'Work_Order_Qty': 31.999999225139618}",deviant
Case93,Turning & Milling Q.C.,2012-01-26 18:55:10,2012-01-26 23:48:49,2012-01-27 03:48:49,ID4287,57,0.17424826522744796,0,7.0,0.0,393.0,17,23,complete,1,35988.816666666666,997.35,1428.8166666666666,115.23333333333333,"{'Part_Desc_': 'Tube', 'Report_Type': 'S', 'Rework': 'missing', 'Work_Order_Qty': 12.0}",deviant
13_CF,Final Inspection Q.C.,2012-01-26 15:44:50,2012-01-27 02:19:15,2012-01-27 04:23:56,ID4163,57,0.2027756360832691,0,1.0,0.0,509.9999874830246,8,23,complete,1,35945.833333333336,581.4833333333333,1385.8333333333333,124.68333333333334,"{'Part_Desc_': 'Barrel', 'Report_Type': 'S', 'Rework': 'missing', 'Work_Order_Qty': 31.999999225139618}",deviant
Case18,Turning & Milling,2012-01-22 07:52:49,2012-01-27 01:35:26,2012-01-27 04:37:26,ID4932,75,0.6491904394757132,31,14.0,0.0,80.0,5,11,complete,1,29476.933333333334,11662.866666666667,676.9333333333333,149.0,"{'Part_Desc_': 'Cable Head', 'Report_Type': 'S', 'Rework': 'missing', 'Work_Order_Qty': 557.0}",regular
16_CF,Laser Marking,2012-01-26 21:56:40,2012-01-27 03:03:17,2012-01-27 05:11:59,ID0998,56,0.06090979182729375,0,1.0,0.0,509.9999874830246,7,1,complete,1,36087.86666666667,7452.066666666667,87.86666666666666,128.7,"{'Part_Desc_': 'Barrel', 'Report_Type': 'S', 'Rework': 'missing', 'Work_Order_Qty': 31.999999225139618}",deviant
Case145,other,2012-01-22 04:51:51,2012-01-27 04:37:26,2012-01-27 06:37:26,ID4932,75,0.0,33,35.0,0.0,8.0,10,11,complete,1,29505.1,11808.583333333334,705.1,124.2,"{'Part_Desc_': 'Ring', 'Report_Type': 'S', 'Rework': 'missing', 'Work_Order_Qty': 35.0}",deviant
6_CF,Final Inspection Q.C.,2012-01-26 15:44:52,2012-01-27 04:23:56,2012-01-27 06:40:30,ID4163,57,0.2027756360832691,0,1.0,0.0,509.9999874830246,10,23,complete,1,35951.78333333333,663.7166666666667,1391.7833333333333,136.56666666666666,"{'Part_Desc_': 'Barrel', 'Report_Type': 'S', 'Rework': 'missing', 'Work_Order_Qty': 31.999999225139618}",deviant
Case20,Round Grinding,2012-01-26 22:57:40,2012-01-27 06:13:10,2012-01-27 06:43:10,ID4445,55,0.4379336931380108,0,2.0,0.0,17.0,13,6,complete,1,36373.166666666664,7521.55,373.1666666666667,119.06666666666666,"{'Part_Desc_': 'Punch Plate', 'Report_Type': 'S', 'Rework': 'missing', 'Work_Order_Qty': 170.0}",deviant
Case240,Final Inspection Q.C.,2012-01-26 19:36:07,2012-01-27 03:44:49,2012-01-27 06:59:49,ID4618,57,0.2027756360832691,0,1.0,0.0,195.0,14,3,complete,1,36224.816666666666,541.7,224.81666666666666,110.73333333333333,"{'Part_Desc_': 'Bearing', 'Report_Type': 'S', 'Rework': 'missing', 'Work_Order_Qty': 163.0}",regular
Case257,Turning & Milling,2012-01-22 13:49:43,2012-01-27 00:01:27,2012-01-27 07:05:27,ID4794,72,0.6491904394757132,13,27.0,0.0,362.99999999999994,11,17,complete,1,29839.066666666666,944.35,1039.0666666666666,191.38333333333333,"{'Part_Desc_': 'Cable Head', 'Report_Type': 'S', 'Rework': 'missing', 'Work_Order_Qty': 150.0}",regular
18_CF,Laser Marking,2012-01-27 01:35:26,2012-01-27 06:05:22,2012-01-27 08:35:19,ID0998,55,0.06090979182729375,1,1.0,0.0,509.9999874830246,7,6,complete,1,36365.36666666667,6979.583333333333,365.3666666666667,149.95,"{'Part_Desc_': 'Barrel', 'Report_Type': 'S', 'Rework': 'missing', 'Work_Order_Qty': 31.999999225139618}",deviant
7_CF,Final Inspection Q.C.,2012-01-26 19:44:23,2012-01-27 06:40:30,2012-01-27 08:56:23,ID4163,57,0.2027756360832691,3,1.0,0.0,509.9999874830246,9,1,complete,1,36060.85,519.55,60.85,135.88333333333333,"{'Part_Desc_': 'Barrel', 'Report_Type': 'S', 'Rework': 'missing', 'Work_Order_Qty': 31.999999225139618}",deviant
19_CF,Milling,2012-01-22 12:26:31,2012-01-27 06:37:26,2012-01-27 09:14:47,ID4932,72,0,32,1.0,0.0,509.9999874830246,6,13,complete,1,29635.0,11483.966666666667,835.0,157.35,"{'Part_Desc_': 'Barrel', 'Report_Type': 'S', 'Rework': 'missing', 'Work_Order_Qty': 31.999999225139618}",deviant
20_CF,Turning & Milling,2012-01-22 16:31:35,2012-01-27 07:05:27,2012-01-27 09:49:28,ID4794,72,0.6491904394757132,13,1.0,0.0,217.99999061226845,12,22,complete,1,30125.333333333332,482.45,1325.3333333333333,164.01666666666668,"{'Part_Desc_': 'Bearing', 'Report_Type': 'S', 'Rework': 'missing', 'Work_Order_Qty': 162.99999906122684}",deviant
Case91,Turning Q.C.,2012-01-26 22:49:57,2012-01-27 06:59:49,2012-01-27 10:42:49,ID4618,55,0,0,337.0,0.0,60.00000000000001,10,4,complete,1,36280.8,1282.65,280.8,125.16666666666667,"{'Part_Desc_': 'Hinge', 'Report_Type': 'S', 'Rework': 'missing', 'Work_Order_Qty': 350.0}",regular
5_CF,Final Inspection Q.C.,2012-01-26 21:52:46,2012-01-27 10:42:49,2012-01-27 12:37:05,ID4618,56,0.2027756360832691,0,1.0,0.0,217.99999061226845,14,4,complete,1,36296.46666666667,537.7166666666667,296.46666666666664,114.26666666666667,"{'Part_Desc_': 'Bearing', 'Report_Type': 'S', 'Rework': 'missing', 'Work_Order_Qty': 162.99999906122684}",deviant
Case266,Turning & Milling Q.C.,2012-01-26 19:39:04,2012-01-27 08:56:23,2012-01-27 12:46:23,ID4163,57,0.17424826522744796,2,131.0,0.0,230.00000000000003,15,2,complete,1,36167.35,7629.733333333334,167.35,116.86666666666666,"{'Part_Desc_': 'Cable Head', 'Report_Type': 'D', 'Rework': 'missing', 'Work_Order_Qty': 153.0}",regular
11_CF,Final Inspection Q.C.,2012-01-26 23:45:54,2012-01-27 12:37:05,2012-01-27 14:27:18,ID4618,55,0.2027756360832691,0,1.0,0.0,217.99999061226845,14,6,complete,1,36372.6,589.4166666666666,372.6,110.21666666666667,"{'Part_Desc_': 'Bearing', 'Report_Type': 'S', 'Rework': 'missing', 'Work_Order_Qty': 162.99999906122684}",deviant
Case212,Turning & Milling,2012-01-22 23:21:43,2012-01-27 09:49:28,2012-01-27 15:17:28,ID4794,69,0.6491904394757132,14,24.0,0.0,328.0,6,3,complete,1,30422.683333333334,671.6666666666666,182.68333333333334,173.45,"{'Part_Desc_': 'Ballnut', 'Report_Type': 'S', 'Rework': 'missing', 'Work_Order_Qty': 66.0}",regular
Case250,Final Inspection Q.C.,2012-01-26 21:14:23,2012-01-27 12:46:23,2012-01-27 15:46:23,ID4163,57,0.2027756360832691,3,32.0,0.0,60.0,13,4,complete,1,36275.666666666664,684.8,275.6666666666667,108.38333333333334,"{'Part_Desc_': 'Barrel', 'Report_Type': 'S', 'Rework': 'missing', 'Work_Order_Qty': 32.0}",regular
19_CF,Laser Marking,2012-01-27 09:14:47,2012-01-27 13:24:58,2012-01-27 15:50:01,ID0998,53,0.06090979182729375,0,1.0,0.0,509.9999874830246,7,13,complete,1,36804.96666666667,7169.966666666666,804.9666666666667,145.05,"{'Part_Desc_': 'Barrel', 'Report_Type': 'S', 'Rework': 'missing', 'Work_Order_Qty': 31.999999225139618}",deviant
Case93,Turning & Milling,2012-01-27 03:48:49,2012-01-27 10:47:08,2012-01-27 17:20:08,ID4132,54,0.6491904394757132,0,7.0,0.0,393.0,18,10,complete,1,36647.13333333333,658.3166666666667,647.1333333333333,111.85,"{'Part_Desc_': 'Tube', 'Report_Type': 'S', 'Rework': 'missing', 'Work_Order_Qty': 12.0}",deviant
Case20,Round Grinding,2012-01-27 06:43:10,2012-01-27 16:18:09,2012-01-27 17:33:09,ID4445,54,0.4379336931380108,0,2.0,0.0,17.0,14,16,complete,1,36978.15,604.9833333333333,978.15,122.71666666666667,"{'Part_Desc_': 'Punch Plate', 'Report_Type': 'S', 'Rework': 'missing', 'Work_Order_Qty': 170.0}",deviant
2_CF,Final Inspection Q.C.,2012-01-26 23:15:46,2012-01-27 15:46:23,2012-01-27 17:35:54,ID4163,55,0.2027756360832691,4,1.0,0.0,509.9999874830246,12,6,complete,1,36386.0,675.3666666666667,386.0,109.51666666666667,"{'Part_Desc_': 'Barrel', 'Report_Type': 'S', 'Rework': 'missing', 'Work_Order_Qty': 31.999999225139618}",deviant
Case201,Milling,2012-01-22 14:26:31,2012-01-27 09:14:47,2012-01-27 17:40:47,ID4932,72,0,31,2.0,0.0,247.0,19,14,complete,1,29697.75,10727.816666666668,897.75,145.0,"{'Part_Desc_': 'Wheel Shaft', 'Report_Type': 'D', 'Rework': 'missing', 'Work_Order_Qty': 20.0}",regular
3_CF,Final Inspection Q.C.,2012-01-27 01:19:15,2012-01-27 17:35:54,2012-01-27 19:20:32,ID4163,55,0.2027756360832691,4,1.0,0.0,509.9999874830246,12,10,complete,1,36631.26666666667,887.2,631.2666666666667,104.63333333333334,"{'Part_Desc_': 'Barrel', 'Report_Type': 'S', 'Rework': 'missing', 'Work_Order_Qty': 31.999999225139618}",deviant
20_CF,Lapping,2012-01-27 09:49:28,2012-01-27 17:37:21,2012-01-27 20:16:08,ID0998,53,0.12336160370084812,0,1.0,0.0,217.99999061226845,13,17,complete,1,37057.35,6932.016666666666,1057.35,158.78333333333333,"{'Part_Desc_': 'Bearing', 'Report_Type': 'S', 'Rework': 'missing', 'Work_Order_Qty': 162.99999906122684}",deviant
16_CF,Final Inspection Q.C.,2012-01-27 05:11:59,2012-01-27 19:20:32,2012-01-27 21:10:18,ID4163,54,0.2027756360832691,3,1.0,0.0,509.9999874830246,8,12,complete,1,36764.8,676.9333333333333,764.8,109.76666666666667,"{'Part_Desc_': 'Barrel', 'Report_Type': 'S', 'Rework': 'missing', 'Work_Order_Qty': 31.999999225139618}",deviant
13_CF,Final Inspection Q.C.,2012-01-27 04:23:56,2012-01-27 21:10:18,2012-01-27 23:05:38,ID4163,54,0.2027756360832691,3,1.0,0.0,509.9999874830246,9,13,complete,1,36832.5,886.6666666666666,832.5,115.33333333333333,"{'Part_Desc_': 'Barrel', 'Report_Type': 'S', 'Rework': 'missing', 'Work_Order_Qty': 31.999999225139618}",deviant
Case73,Turning & Milling,2012-01-22 17:39:13,2012-01-27 17:40:47,2012-01-27 23:18:47,ID4932,72,0.6491904394757132,30,10.0,5.0,148.0,8,19,complete,1,29994.916666666668,197.7,1194.9166666666667,151.9,"{'Part_Desc_': 'Fastener', 'Report_Type': 'S', 'Rework': 'missing', 'Work_Order_Qty': 50.0}",regular
14_CF,Final Inspection Q.C.,2012-01-27 03:03:17,2012-01-27 23:05:38,2012-01-28 00:47:13,ID4163,54,0.2027756360832691,3,1.0,0.0,509.9999874830246,8,14,complete,1,36847.26666666667,789.2833333333333,847.2666666666667,101.58333333333333,"{'Part_Desc_': 'Barrel', 'Report_Type': 'S', 'Rework': 'missing', 'Work_Order_Qty': 31.999999225139618}",deviant
Case250,Packing,2012-01-27 15:46:23,2012-01-28 01:11:48,2012-01-28 02:11:48,ID4820,49,0.03932151117964534,0,32.0,0.0,60.0,14,1,complete,1,37511.8,1236.1333333333334,71.8,111.55,"{'Part_Desc_': 'Barrel', 'Report_Type': 'S', 'Rework': 'missing', 'Work_Order_Qty': 32.0}",regular
6_CF,Final Inspection Q.C.,2012-01-27 06:40:30,2012-01-28 00:47:13,2012-01-28 02:56:34,ID4163,54,0.2027756360832691,4,1.0,0.0,509.9999874830246,11,15,complete,1,36930.38333333333,978.6,930.3833333333333,129.35,"{'Part_Desc_': 'Barrel', 'Report_Type': 'S', 'Rework': 'missing', 'Work_Order_Qty': 31.999999225139618}",deviant
7_CF,Final Inspection Q.C.,2012-01-27 08:56:23,2012-01-28 02:56:34,2012-01-28 05:00:06,ID4163,53,0.2027756360832691,3,1.0,0.0,509.9999874830246,10,16,complete,1,37008.71666666667,947.8666666666667,1008.7166666666667,123.53333333333333,"{'Part_Desc_': 'Barrel', 'Report_Type': 'S', 'Rework': 'missing', 'Work_Order_Qty': 31.999999225139618}",deviant
Case37,Turning & Milling,2012-01-22 17:38:29,2012-01-27 23:18:47,2012-01-28 05:47:47,ID4932,72,0.6491904394757132,30,8.0,0.0,128.0,8,20,complete,1,30027.65,247.16666666666666,1227.65,129.68333333333334,"{'Part_Desc_': 'Ballnut', 'Report_Type': 'D', 'Rework': 'missing', 'Work_Order_Qty': 36.0}",regular
Case90,Turning & Milling,2012-01-23 06:50:31,2012-01-27 15:17:28,2012-01-28 06:29:28,ID4794,67,0.6491904394757132,15,176.0,0.0,60.0,5,11,complete,1,30906.4,10987.8,666.4,134.5,"{'Part_Desc_': 'Drum', 'Report_Type': 'S', 'Rework': 'missing', 'Work_Order_Qty': 200.0}",regular
18_CF,Final Inspection Q.C.,2012-01-27 08:35:19,2012-01-28 05:00:06,2012-01-28 07:30:16,ID4163,53,0.2027756360832691,3,1.0,0.0,509.9999874830246,8,18,complete,1,37087.15,721.7833333333333,1087.15,150.16666666666666,"{'Part_Desc_': 'Barrel', 'Report_Type': 'S', 'Rework': 'missing', 'Work_Order_Qty': 31.999999225139618}",deviant
Case20,Round Grinding,2012-01-27 17:33:09,2012-01-28 05:31:49,2012-01-28 08:01:49,ID0420,48,0.4379336931380108,0,2.0,0.0,17.0,15,5,complete,1,37771.816666666666,793.6666666666666,331.81666666666666,118.8,"{'Part_Desc_': 'Punch Plate', 'Report_Type': 'S', 'Rework': 'missing', 'Work_Order_Qty': 170.0}",deviant
Case73,Turning & Milling,2012-01-27 23:18:47,2012-01-28 05:14:35,2012-01-28 09:36:35,ID4167,48,0.6491904394757132,0,10.0,5.0,148.0,9,5,complete,1,37754.583333333336,7759.666666666667,314.5833333333333,169.46666666666667,"{'Part_Desc_': 'Fastener', 'Report_Type': 'S', 'Rework': 'missing', 'Work_Order_Qty': 50.0}",regular
19_CF,Final Inspection Q.C.,2012-01-27 15:50:01,2012-01-28 07:30:16,2012-01-28 09:48:03,ID4163,49,0.2027756360832691,5,1.0,0.0,509.9999874830246,8,1,complete,1,37554.7,749.7333333333333,114.7,137.78333333333333,"{'Part_Desc_': 'Barrel', 'Report_Type': 'S', 'Rework': 'missing', 'Work_Order_Qty': 31.999999225139618}",deviant
20_CF,Final Inspection Q.C.,2012-01-27 20:16:08,2012-01-28 07:28:59,2012-01-28 10:04:25,ID4618,48,0.2027756360832691,0,1.0,0.0,217.99999061226845,14,7,complete,1,37888.98333333333,831.6333333333333,448.98333333333335,155.43333333333334,"{'Part_Desc_': 'Bearing', 'Report_Type': 'S', 'Rework': 'missing', 'Work_Order_Qty': 162.99999906122684}",deviant
2_CF,Final Inspection Q.C.,2012-01-27 17:35:54,2012-01-28 09:48:03,2012-01-28 11:29:46,ID4163,48,0.2027756360832691,6,1.0,0.0,509.9999874830246,13,2,complete,1,37610.85,1224.85,170.85,101.71666666666667,"{'Part_Desc_': 'Barrel', 'Report_Type': 'S', 'Rework': 'missing', 'Work_Order_Qty': 31.999999225139618}",deviant
3_CF,Final Inspection Q.C.,2012-01-27 19:20:32,2012-01-28 11:29:46,2012-01-28 13:08:50,ID4163,48,0.2027756360832691,6,1.0,0.0,509.9999874830246,13,7,complete,1,37872.11666666667,1240.85,432.1166666666667,99.06666666666666,"{'Part_Desc_': 'Barrel', 'Report_Type': 'S', 'Rework': 'missing', 'Work_Order_Qty': 31.999999225139618}",deviant
Case37,Flat Grinding,2012-01-28 05:47:47,2012-01-28 12:33:12,2012-01-28 14:33:12,ID0998,47,0.02467232074016962,0,8.0,0.0,128.0,9,12,complete,1,38193.2,8165.55,753.2,143.68333333333334,"{'Part_Desc_': 'Ballnut', 'Report_Type': 'D', 'Rework': 'missing', 'Work_Order_Qty': 36.0}",regular
16_CF,Final Inspection Q.C.,2012-01-27 21:10:18,2012-01-28 13:08:50,2012-01-28 14:54:37,ID4163,48,0.2027756360832691,5,1.0,0.0,509.9999874830246,9,8,complete,1,37927.98333333333,1163.1833333333334,487.98333333333335,105.78333333333333,"{'Part_Desc_': 'Barrel', 'Report_Type': 'S', 'Rework': 'missing', 'Work_Order_Qty': 31.999999225139618}",deviant
Case28,Turning & Milling,2012-01-24 17:47:00,2012-01-28 06:29:28,2012-01-28 16:28:28,ID4794,62,0.6491904394757132,11,1.0,0.0,20.0,11,22,complete,1,33028.48333333333,10501.933333333332,1348.4833333333333,142.7,"{'Part_Desc_': 'Ballnut', 'Report_Type': 'S', 'Rework': 'missing', 'Work_Order_Qty': 250.0}",regular
13_CF,Final Inspection Q.C.,2012-01-27 23:05:38,2012-01-28 14:54:37,2012-01-28 16:38:36,ID4163,48,0.2027756360832691,4,1.0,0.0,509.9999874830246,10,10,complete,1,38065.5,1233.0,625.5,103.98333333333333,"{'Part_Desc_': 'Barrel', 'Report_Type': 'S', 'Rework': 'missing', 'Work_Order_Qty': 31.999999225139618}",deviant
Case10,Laser Marking,2012-01-25 00:55:27,2012-01-28 16:28:28,2012-01-28 17:54:28,ID4794,62,0.06090979182729375,12,100.0,0.0,150.0,17,8,complete,1,33615.55,592.1,495.55,137.1,"{'Part_Desc_': 'Spur Gear', 'Report_Type': 'S', 'Rework': 'missing', 'Work_Order_Qty': 251.0}",regular
14_CF,Final Inspection Q.C.,2012-01-28 00:47:13,2012-01-28 16:38:36,2012-01-28 18:17:35,ID4163,48,0.2027756360832691,3,1.0,0.0,509.9999874830246,9,13,complete,1,38275.65,1428.3833333333334,835.65,98.98333333333333,"{'Part_Desc_': 'Barrel', 'Report_Type': 'S', 'Rework': 'missing', 'Work_Order_Qty': 31.999999225139618}",deviant
Case95,Turning & Milling,2012-01-22 16:40:43,2012-01-28 05:47:47,2012-01-28 18:41:47,ID4932,72,0.6491904394757132,30,2.0,0.0,1.0,6,20,complete,1,30051.333333333332,811.45,1251.3333333333333,117.11666666666666,"{'Part_Desc_': 'Punch Holder', 'Report_Type': 'S', 'Rework': 'missing', 'Work_Order_Qty': 305.0}",regular
6_CF,Final Inspection Q.C.,2012-01-28 02:56:34,2012-01-28 18:17:35,2012-01-28 20:05:33,ID4163,47,0.2027756360832691,4,1.0,0.0,509.9999874830246,12,13,complete,1,38278.25,1347.8666666666666,838.25,107.96666666666667,"{'Part_Desc_': 'Barrel', 'Report_Type': 'S', 'Rework': 'missing', 'Work_Order_Qty': 31.999999225139618}",deviant
Case78,Turning & Milling,2012-01-25 06:09:01,2012-01-28 17:54:28,2012-01-28 20:21:28,ID4794,62,0.6491904394757132,11,26.000000000000004,0.0,304.0,8,13,complete,1,33941.066666666666,9429.066666666668,821.0666666666667,135.18333333333334,"{'Part_Desc_': 'Cable Head', 'Report_Type': 'S', 'Rework': 'missing', 'Work_Order_Qty': 230.0}",regular
7_CF,Final Inspection Q.C.,2012-01-28 05:00:06,2012-01-28 20:05:33,2012-01-28 21:56:32,ID4163,47,0.2027756360832691,3,1.0,0.0,509.9999874830246,11,15,complete,1,38361.01666666667,1352.3,921.0166666666667,110.98333333333333,"{'Part_Desc_': 'Barrel', 'Report_Type': 'S', 'Rework': 'missing', 'Work_Order_Qty': 31.999999225139618}",deviant
Case73,Turning & Milling,2012-01-28 09:36:35,2012-01-28 19:48:29,2012-01-28 22:16:29,ID0997,47,0.6491904394757132,0,10.0,5.0,148.0,10,19,complete,1,38628.48333333333,873.9,1188.4833333333333,141.93333333333334,"{'Part_Desc_': 'Fastener', 'Report_Type': 'S', 'Rework': 'missing', 'Work_Order_Qty': 50.0}",regular
Case37,Turning & Milling Q.C.,2012-01-28 14:33:12,2012-01-28 23:27:25,2012-01-28 23:28:25,ID4618,46,0.17424826522744796,0,8.0,0.0,128.0,10,23,complete,1,38847.416666666664,654.2166666666667,1407.4166666666667,135.6,"{'Part_Desc_': 'Ballnut', 'Report_Type': 'D', 'Rework': 'missing', 'Work_Order_Qty': 36.0}",regular
18_CF,Final Inspection Q.C.,2012-01-28 07:30:16,2012-01-28 21:56:32,2012-01-29 00:13:13,ID4163,47,0.2027756360832691,3,1.0,0.0,509.9999874830246,9,19,complete,1,38614.76666666667,1527.6166666666666,1174.7666666666667,136.68333333333334,"{'Part_Desc_': 'Barrel', 'Report_Type': 'S', 'Rework': 'missing', 'Work_Order_Qty': 31.999999225139618}",deviant
2_CF,Packing,2012-01-28 11:29:46,2012-01-28 22:45:24,2012-01-29 00:20:50,ID4820,46,0.03932151117964534,0,1.0,0.0,509.9999874830246,14,22,complete,1,38805.4,1194.55,1365.4,95.43333333333334,"{'Part_Desc_': 'Barrel', 'Report_Type': 'S', 'Rework': 'missing', 'Work_Order_Qty': 31.999999225139618}",deviant
Case90,Turning & Milling,2012-01-28 06:29:28,2012-01-28 14:33:35,2012-01-29 01:44:35,ID4718,47,0.6491904394757132,0,176.0,0.0,60.0,6,14,complete,1,38313.583333333336,7407.183333333333,873.5833333333334,139.76666666666668,"{'Part_Desc_': 'Drum', 'Report_Type': 'S', 'Rework': 'missing', 'Work_Order_Qty': 200.0}",regular
Case95,Turning & Milling Q.C.,2012-01-28 18:41:47,2012-01-29 01:38:00,2012-01-29 02:02:00,ID4618,46,0.17424826522744796,0,2.0,0.0,1.0,7,1,complete,1,38978.0,8926.666666666666,98.0,138.33333333333334,"{'Part_Desc_': 'Punch Holder', 'Report_Type': 'S', 'Rework': 'missing', 'Work_Order_Qty': 305.0}",regular
Case260,Turning & Milling,2012-01-26 17:08:39,2012-01-28 20:21:28,2012-01-29 02:21:28,ID4794,57,0.6491904394757132,7,18.0,0.0,241.00000000000003,17,21,complete,1,35827.36666666667,253.71666666666667,1267.3666666666666,108.1,"{'Part_Desc_': 'Ballnut', 'Report_Type': 'S', 'Rework': 'missing', 'Work_Order_Qty': 315.0}",regular
19_CF,Final Inspection Q.C.,2012-01-28 09:48:03,2012-01-29 00:13:13,2012-01-29 02:40:42,ID4163,47,0.2027756360832691,3,1.0,0.0,509.9999874830246,9,22,complete,1,38814.7,1260.0,1374.7,147.48333333333332,"{'Part_Desc_': 'Barrel', 'Report_Type': 'S', 'Rework': 'missing', 'Work_Order_Qty': 31.999999225139618}",deviant
Case218,other,2012-01-23 00:56:31,2012-01-28 18:41:47,2012-01-29 02:41:47,ID4932,68,0.0,33,148.0,0.0,50.0,4,2,complete,1,30363.483333333334,10654.5,123.48333333333333,172.85,"{'Part_Desc_': 'Flange', 'Report_Type': 'D', 'Rework': 'missing', 'Work_Order_Qty': 220.99999999999997}",regular
Case28,Turning & Milling,2012-01-28 16:28:28,2012-01-29 02:21:28,2012-01-29 04:23:28,ID4794,46,0.6491904394757132,3,1.0,0.0,20.0,12,0,complete,1,38907.11666666667,5878.633333333333,27.116666666666667,151.83333333333334,"{'Part_Desc_': 'Ballnut', 'Report_Type': 'S', 'Rework': 'missing', 'Work_Order_Qty': 250.0}",regular
3_CF,Packing,2012-01-28 13:08:50,2012-01-29 02:38:12,2012-01-29 04:24:09,ID4820,46,0.03932151117964534,0,1.0,0.0,509.9999874830246,14,2,complete,1,39038.2,1166.0833333333333,158.2,105.95,"{'Part_Desc_': 'Barrel', 'Report_Type': 'S', 'Rework': 'missing', 'Work_Order_Qty': 31.999999225139618}",deviant
Case20,Round Grinding,2012-01-28 08:01:49,2012-01-28 21:20:09,2012-01-29 04:55:09,ID0420,47,0.4379336931380108,0,2.0,0.0,17.0,16,21,complete,1,38720.15,948.3333333333334,1280.15,110.46666666666667,"{'Part_Desc_': 'Punch Plate', 'Report_Type': 'S', 'Rework': 'missing', 'Work_Order_Qty': 170.0}",deviant
16_CF,Final Inspection Q.C.,2012-01-28 14:54:37,2012-01-29 03:20:20,2012-01-29 05:07:15,ID4163,46,0.2027756360832691,3,1.0,0.0,509.9999874830246,10,3,complete,1,39080.333333333336,1152.35,200.33333333333334,106.91666666666667,"{'Part_Desc_': 'Barrel', 'Report_Type': 'S', 'Rework': 'missing', 'Work_Order_Qty': 31.999999225139618}",deviant
24_CF,Milling,2012-01-23 09:15:00,2012-01-29 02:41:47,2012-01-29 05:31:18,ID4932,67,0,32,1.0,0.0,509.9999874830246,6,11,complete,1,30928.6,10980.783333333333,688.6,169.51666666666668,"{'Part_Desc_': 'Barrel', 'Report_Type': 'S', 'Rework': 'missing', 'Work_Order_Qty': 31.999999225139618}",deviant
Case61,other,2012-01-24 00:42:24,2012-01-29 05:31:18,2012-01-29 05:31:18,ID4932,66,0.0,28,1.0,0.0,3.0,15,7,complete,1,32109.966666666667,568.5666666666667,429.96666666666664,169.25,"{'Part_Desc_': 'Socket', 'Report_Type': 'B', 'Rework': 'missing', 'Work_Order_Qty': 40.0}",regular
Case10,Laser Marking,2012-01-28 17:54:28,2012-01-29 04:00:27,2012-01-29 05:54:27,ID4882,46,0.06090979182729375,0,100.0,0.0,150.0,18,4,complete,1,39120.45,5504.9,240.45,146.78333333333333,"{'Part_Desc_': 'Spur Gear', 'Report_Type': 'S', 'Rework': 'missing', 'Work_Order_Qty': 251.0}",regular
13_CF,Final Inspection Q.C.,2012-01-28 16:38:36,2012-01-29 05:09:50,2012-01-29 06:54:52,ID4163,46,0.2027756360832691,3,1.0,0.0,509.9999874830246,11,5,complete,1,39189.833333333336,1124.3333333333333,309.8333333333333,105.03333333333333,"{'Part_Desc_': 'Barrel', 'Report_Type': 'S', 'Rework': 'missing', 'Work_Order_Qty': 31.999999225139618}",deviant
Case78,Turning & Milling,2012-01-28 20:21:28,2012-01-29 07:32:45,2012-01-29 07:34:45,ID4167,46,0.6491904394757132,0,26.000000000000004,0.0,304.0,9,7,complete,1,39332.75,5391.683333333333,452.75,141.95,"{'Part_Desc_': 'Cable Head', 'Report_Type': 'S', 'Rework': 'missing', 'Work_Order_Qty': 230.0}",regular
10_CF,other,2012-01-24 06:05:33,2012-01-29 05:31:18,2012-01-29 08:08:30,ID4932,64,0.0,28,1.0,0.0,257.99999395012856,15,11,complete,1,32394.316666666666,498.76666666666665,714.3166666666667,157.2,"{'Part_Desc_': 'Socket', 'Report_Type': 'B', 'Rework': 'missing', 'Work_Order_Qty': 40.00000066682696}",deviant
Case218,Final Inspection Q.C.,2012-01-29 02:41:47,2012-01-29 06:08:27,2012-01-29 08:14:27,ID4287,44,0.2027756360832691,0,148.0,0.0,50.0,5,6,complete,1,39248.45,8884.966666666667,368.45,168.06666666666666,"{'Part_Desc_': 'Flange', 'Report_Type': 'D', 'Rework': 'missing', 'Work_Order_Qty': 220.99999999999997}",regular
14_CF,Final Inspection Q.C.,2012-01-28 18:17:35,2012-01-29 06:54:52,2012-01-29 08:35:41,ID4163,46,0.2027756360832691,2,1.0,0.0,509.9999874830246,10,6,complete,1,39262.61666666667,986.9666666666667,382.6166666666667,100.81666666666666,"{'Part_Desc_': 'Barrel', 'Report_Type': 'S', 'Rework': 'missing', 'Work_Order_Qty': 31.999999225139618}",deviant
Case95,Turning & Milling,2012-01-29 02:02:00,2012-01-29 08:57:10,2012-01-29 09:52:10,ID4167,44,0.6491904394757132,0,2.0,0.0,1.0,8,8,complete,1,39417.166666666664,439.1666666666667,537.1666666666666,160.33333333333334,"{'Part_Desc_': 'Punch Holder', 'Report_Type': 'S', 'Rework': 'missing', 'Work_Order_Qty': 305.0}",regular
Case89,Turning & Milling,2012-01-24 17:03:00,2012-01-29 08:08:30,2012-01-29 09:58:30,ID4932,62,0.6491904394757132,29,200.00000000000003,0.0,75.0,6,20,complete,1,32899.666666666664,10448.7,1219.6666666666667,149.7,"{'Part_Desc_': 'Drum', 'Report_Type': 'S', 'Rework': 'missing', 'Work_Order_Qty': 200.0}",regular
6_CF,Final Inspection Q.C.,2012-01-28 20:05:33,2012-01-29 08:35:41,2012-01-29 10:26:17,ID4163,46,0.2027756360832691,2,1.0,0.0,509.9999874830246,13,8,complete,1,39369.9,1091.65,489.9,110.6,"{'Part_Desc_': 'Barrel', 'Report_Type': 'S', 'Rework': 'missing', 'Work_Order_Qty': 31.999999225139618}",deviant
7_CF,Final Inspection Q.C.,2012-01-28 21:56:32,2012-01-29 10:26:17,2012-01-29 12:14:34,ID4163,46,0.2027756360832691,1,1.0,0.0,509.9999874830246,12,9,complete,1,39440.0,1078.9833333333333,560.0,108.28333333333333,"{'Part_Desc_': 'Barrel', 'Report_Type': 'S', 'Rework': 'missing', 'Work_Order_Qty': 31.999999225139618}",deviant
Case61,Turning & Milling Q.C.,2012-01-29 05:31:18,2012-01-29 12:30:01,2012-01-29 12:33:01,ID4493,43,0.17424826522744796,0,1.0,0.0,3.0,16,12,complete,1,39630.01666666667,7520.05,750.0166666666667,148.35,"{'Part_Desc_': 'Socket', 'Report_Type': 'B', 'Rework': 'missing', 'Work_Order_Qty': 40.0}",regular
24_CF,Laser Marking,2012-01-29 05:31:18,2012-01-29 09:52:29,2012-01-29 12:57:11,ID0998,43,0.06090979182729375,0,1.0,0.0,509.9999874830246,7,9,complete,1,39472.48333333333,8543.883333333333,592.4833333333333,184.7,"{'Part_Desc_': 'Barrel', 'Report_Type': 'S', 'Rework': 'missing', 'Work_Order_Qty': 31.999999225139618}",deviant
18_CF,Final Inspection Q.C.,2012-01-29 00:13:13,2012-01-29 12:14:34,2012-01-29 14:04:29,ID4163,45,0.2027756360832691,1,1.0,0.0,509.9999874830246,10,9,complete,1,39467.01666666667,852.25,587.0166666666667,109.91666666666667,"{'Part_Desc_': 'Barrel', 'Report_Type': 'S', 'Rework': 'missing', 'Work_Order_Qty': 31.999999225139618}",deviant
Case37,Round Grinding,2012-01-28 23:28:25,2012-01-29 09:22:21,2012-01-29 14:22:21,ID0420,45,0.4379336931380108,0,8.0,0.0,128.0,11,9,complete,1,39442.35,594.9333333333333,562.35,127.66666666666667,"{'Part_Desc_': 'Ballnut', 'Report_Type': 'D', 'Rework': 'missing', 'Work_Order_Qty': 36.0}",regular
Case10,Laser Marking,2012-01-29 05:54:27,2012-01-29 14:33:03,2012-01-29 15:20:03,ID4882,43,0.06090979182729375,0,100.0,0.0,150.0,19,14,complete,1,39753.05,632.6,873.05,152.01666666666668,"{'Part_Desc_': 'Spur Gear', 'Report_Type': 'S', 'Rework': 'missing', 'Work_Order_Qty': 251.0}",regular
Case218,Packing,2012-01-29 08:14:27,2012-01-29 14:22:15,2012-01-29 15:22:15,ID4820,43,0.03932151117964534,0,148.0,0.0,50.0,6,14,complete,1,39742.25,493.8,862.25,168.71666666666667,"{'Part_Desc_': 'Flange', 'Report_Type': 'D', 'Rework': 'missing', 'Work_Order_Qty': 220.99999999999997}",regular
19_CF,Final Inspection Q.C.,2012-01-29 02:40:42,2012-01-29 14:04:29,2012-01-29 16:09:01,ID4163,44,0.2027756360832691,0,1.0,0.0,509.9999874830246,10,13,complete,1,39662.85,848.15,782.85,124.53333333333333,"{'Part_Desc_': 'Barrel', 'Report_Type': 'S', 'Rework': 'missing', 'Work_Order_Qty': 31.999999225139618}",deviant
10_CF,Turning & Milling Q.C.,2012-01-29 08:08:30,2012-01-29 14:20:20,2012-01-29 16:39:41,ID4493,43,0.17424826522744796,0,1.0,0.0,257.99999395012856,16,14,complete,1,39740.333333333336,7346.016666666666,860.3333333333334,139.35,"{'Part_Desc_': 'Socket', 'Report_Type': 'B', 'Rework': 'missing', 'Work_Order_Qty': 40.00000066682696}",deviant
16_CF,Final Inspection Q.C.,2012-01-29 05:07:15,2012-01-29 16:09:01,2012-01-29 18:01:55,ID4163,43,0.2027756360832691,0,1.0,0.0,509.9999874830246,11,15,complete,1,39797.61666666667,717.2833333333333,917.6166666666667,112.9,"{'Part_Desc_': 'Barrel', 'Report_Type': 'S', 'Rework': 'missing', 'Work_Order_Qty': 31.999999225139618}",deviant
Case78,Turning & Milling,2012-01-29 07:34:45,2012-01-29 17:19:37,2012-01-29 18:19:37,ID4529,43,0.6491904394757132,0,26.000000000000004,0.0,304.0,10,17,complete,1,39919.61666666667,586.8666666666667,1039.6166666666666,140.3,"{'Part_Desc_': 'Cable Head', 'Report_Type': 'S', 'Rework': 'missing', 'Work_Order_Qty': 230.0}",regular
Case44,Turn & Mill. & Screw Assem,2012-01-25 01:04:27,2012-01-29 09:58:30,2012-01-29 19:01:30,ID4932,62,0,25,105.00000000000001,0.0,75.0,10,7,complete,1,33590.683333333334,446.25,470.68333333333334,179.25,"{'Part_Desc_': 'Cast', 'Report_Type': 'S', 'Rework': 'missing', 'Work_Order_Qty': 198.0}",regular
13_CF,Final Inspection Q.C.,2012-01-29 06:54:52,2012-01-29 18:01:55,2012-01-29 19:44:40,ID4163,43,0.2027756360832691,1,1.0,0.0,509.9999874830246,12,17,complete,1,39938.333333333336,748.5,1058.3333333333333,102.75,"{'Part_Desc_': 'Barrel', 'Report_Type': 'S', 'Rework': 'missing', 'Work_Order_Qty': 31.999999225139618}",deviant
14_CF,Final Inspection Q.C.,2012-01-29 08:35:41,2012-01-29 19:44:40,2012-01-29 21:26:54,ID4163,43,0.2027756360832691,1,1.0,0.0,509.9999874830246,11,18,complete,1,39972.166666666664,709.55,1092.1666666666667,102.23333333333333,"{'Part_Desc_': 'Barrel', 'Report_Type': 'S', 'Rework': 'missing', 'Work_Order_Qty': 31.999999225139618}",deviant
6_CF,Packing,2012-01-29 10:26:17,2012-01-29 20:36:04,2012-01-29 22:31:54,ID4820,43,0.03932151117964534,0,1.0,0.0,509.9999874830246,14,20,complete,1,40116.066666666666,746.1666666666666,1236.0666666666666,115.83333333333333,"{'Part_Desc_': 'Barrel', 'Report_Type': 'S', 'Rework': 'missing', 'Work_Order_Qty': 31.999999225139618}",deviant
Case20,Round Grinding,2012-01-29 04:55:09,2012-01-29 15:52:10,2012-01-29 23:10:10,ID4355,43,0.4379336931380108,0,2.0,0.0,17.0,17,15,complete,1,39832.166666666664,1112.0166666666667,952.1666666666666,116.1,"{'Part_Desc_': 'Punch Plate', 'Report_Type': 'S', 'Rework': 'missing', 'Work_Order_Qty': 170.0}",deviant
Case218,Laser Marking,2012-01-29 15:22:15,2012-01-29 22:54:52,2012-01-30 00:17:52,ID0998,42,0.06090979182729375,0,148.0,0.0,50.0,7,22,complete,1,40254.86666666667,512.6166666666667,1374.8666666666666,154.21666666666667,"{'Part_Desc_': 'Flange', 'Report_Type': 'D', 'Rework': 'missing', 'Work_Order_Qty': 220.99999999999997}",regular
24_CF,Final Inspection Q.C.,2012-01-29 12:57:11,2012-01-29 21:26:54,2012-01-30 00:31:27,ID4163,42,0.2027756360832691,0,1.0,0.0,509.9999874830246,8,19,complete,1,40029.2,556.7166666666667,1149.2,184.55,"{'Part_Desc_': 'Barrel', 'Report_Type': 'S', 'Rework': 'missing', 'Work_Order_Qty': 31.999999225139618}",deviant
Case260,Turning & Milling,2012-01-29 02:21:28,2012-01-29 07:09:58,2012-01-30 01:01:58,ID4794,44,0.6491904394757132,1,18.0,0.0,241.00000000000003,18,7,complete,1,39309.96666666667,3482.6,429.96666666666664,117.06666666666666,"{'Part_Desc_': 'Ballnut', 'Report_Type': 'S', 'Rework': 'missing', 'Work_Order_Qty': 315.0}",regular
Case95,Turning & Milling,2012-01-29 09:52:10,2012-01-29 17:01:09,2012-01-30 02:01:09,ID4718,43,0.6491904394757132,0,2.0,0.0,1.0,9,17,complete,1,39901.15,483.98333333333335,1021.15,176.76666666666668,"{'Part_Desc_': 'Punch Holder', 'Report_Type': 'S', 'Rework': 'missing', 'Work_Order_Qty': 305.0}",regular
Case38,Turning & Milling,2012-01-25 09:42:56,2012-01-29 19:01:30,2012-01-30 02:06:30,ID4932,61,0.6491904394757132,23,1.0,0.0,278.0,6,12,complete,1,33857.416666666664,8889.116666666667,737.4166666666666,144.75,"{'Part_Desc_': 'Cable Head', 'Report_Type': 'S', 'Rework': 'missing', 'Work_Order_Qty': 53.0}",deviant
18_CF,Final Inspection Q.C.,2012-01-29 14:04:29,2012-01-30 00:31:27,2012-01-30 02:24:46,ID4163,42,0.2027756360832691,1,1.0,0.0,509.9999874830246,11,21,complete,1,40177.76666666667,710.75,1297.7666666666667,113.31666666666666,"{'Part_Desc_': 'Barrel', 'Report_Type': 'S', 'Rework': 'missing', 'Work_Order_Qty': 31.999999225139618}",deviant
Case78,Turning & Milling,2012-01-29 18:19:37,2012-01-30 02:39:35,2012-01-30 03:24:35,ID4641,41,0.6491904394757132,0,26.000000000000004,0.0,304.0,11,2,complete,1,40479.583333333336,559.9666666666667,159.58333333333334,144.66666666666666,"{'Part_Desc_': 'Cable Head', 'Report_Type': 'S', 'Rework': 'missing', 'Work_Order_Qty': 230.0}",regular
Case37,Lapping,2012-01-29 14:22:21,2012-01-30 00:17:52,2012-01-30 03:37:52,ID0998,42,0.12336160370084812,0,8.0,0.0,128.0,12,23,complete,1,40283.11666666667,840.7666666666667,1403.1166666666666,113.61666666666666,"{'Part_Desc_': 'Ballnut', 'Report_Type': 'D', 'Rework': 'missing', 'Work_Order_Qty': 36.0}",regular
7_CF,Final Inspection Q.C.,2012-01-29 12:14:34,2012-01-30 02:24:46,2012-01-30 04:12:32,ID4163,43,0.2027756360832691,1,1.0,0.0,509.9999874830246,13,22,complete,1,40205.78333333333,765.7833333333333,1325.7833333333333,107.76666666666667,"{'Part_Desc_': 'Barrel', 'Report_Type': 'S', 'Rework': 'missing', 'Work_Order_Qty': 31.999999225139618}",deviant
Case10,Flat Grinding,2012-01-29 15:20:03,2012-01-30 03:37:52,2012-01-30 06:07:52,ID0998,42,0.02467232074016962,0,100.0,0.0,150.0,20,23,complete,1,40289.98333333333,536.9333333333333,1409.9833333333333,164.15,"{'Part_Desc_': 'Spur Gear', 'Report_Type': 'S', 'Rework': 'missing', 'Work_Order_Qty': 251.0}",regular
19_CF,Final Inspection Q.C.,2012-01-29 16:09:01,2012-01-30 04:12:32,2012-01-30 06:31:32,ID4163,42,0.2027756360832691,1,1.0,0.0,509.9999874830246,11,0,complete,1,40336.46666666667,673.6166666666667,16.466666666666665,139.0,"{'Part_Desc_': 'Barrel', 'Report_Type': 'S', 'Rework': 'missing', 'Work_Order_Qty': 31.999999225139618}",deviant
Case28,Turning & Milling,2012-01-29 04:23:28,2012-01-30 01:01:58,2012-01-30 07:27:58,ID4794,44,0.6491904394757132,0,1.0,0.0,20.0,13,11,complete,1,39563.3,656.1833333333333,683.3,149.56666666666666,"{'Part_Desc_': 'Ballnut', 'Report_Type': 'S', 'Rework': 'missing', 'Work_Order_Qty': 250.0}",regular
Case89,Turning & Milling,2012-01-29 09:58:30,2012-01-30 07:27:58,2012-01-30 08:21:58,ID4794,43,0.6491904394757132,0,200.00000000000003,0.0,75.0,7,15,complete,1,39793.933333333334,6894.266666666666,913.9333333333333,158.05,"{'Part_Desc_': 'Drum', 'Report_Type': 'S', 'Rework': 'missing', 'Work_Order_Qty': 200.0}",regular
16_CF,Final Inspection Q.C.,2012-01-29 18:01:55,2012-01-30 06:31:32,2012-01-30 08:28:35,ID4163,41,0.2027756360832691,1,1.0,0.0,509.9999874830246,12,2,complete,1,40476.05,678.4333333333333,156.05,117.05,"{'Part_Desc_': 'Barrel', 'Report_Type': 'S', 'Rework': 'missing', 'Work_Order_Qty': 31.999999225139618}",deviant
Case218,Final Inspection Q.C.,2012-01-30 00:17:52,2012-01-30 08:06:42,2012-01-30 08:56:42,ID4287,40,0.2027756360832691,0,148.0,0.0,50.0,8,8,complete,1,40806.7,551.8333333333334,486.7,139.55,"{'Part_Desc_': 'Flange', 'Report_Type': 'D', 'Rework': 'missing', 'Work_Order_Qty': 220.99999999999997}",regular
13_CF,Final Inspection Q.C.,2012-01-29 19:44:40,2012-01-30 08:28:35,2012-01-30 10:13:33,ID4163,41,0.2027756360832691,2,1.0,0.0,509.9999874830246,13,4,complete,1,40578.3,639.9666666666667,258.3,104.96666666666667,"{'Part_Desc_': 'Barrel', 'Report_Type': 'S', 'Rework': 'missing', 'Work_Order_Qty': 31.999999225139618}",deviant
Case38,Turning & Milling,2012-01-30 02:06:30,2012-01-30 09:48:50,2012-01-30 10:52:50,ID0997,40,0.6491904394757132,0,1.0,0.0,278.0,7,9,complete,1,40908.833333333336,7051.416666666667,588.8333333333334,139.15,"{'Part_Desc_': 'Cable Head', 'Report_Type': 'S', 'Rework': 'missing', 'Work_Order_Qty': 53.0}",deviant
Case20,Round Grinding,2012-01-29 23:10:10,2012-01-30 07:53:45,2012-01-30 11:01:45,ID0420,40,0.4379336931380108,0,2.0,0.0,17.0,18,7,complete,1,40793.75,961.5833333333334,473.75,122.98333333333333,"{'Part_Desc_': 'Punch Plate', 'Report_Type': 'S', 'Rework': 'missing', 'Work_Order_Qty': 170.0}",deviant
14_CF,Final Inspection Q.C.,2012-01-29 21:26:54,2012-01-30 10:13:33,2012-01-30 11:54:33,ID4163,41,0.2027756360832691,1,1.0,0.0,509.9999874830246,12,5,complete,1,40660.0,687.8333333333334,340.0,101.0,"{'Part_Desc_': 'Barrel', 'Report_Type': 'S', 'Rework': 'missing', 'Work_Order_Qty': 31.999999225139618}",deviant
Case78,Turning & Milling Q.C.,2012-01-30 03:24:35,2012-01-30 11:36:01,2012-01-30 12:51:01,ID4493,40,0.17424826522744796,0,26.000000000000004,0.0,304.0,12,11,complete,1,41016.01666666667,536.4333333333333,696.0166666666667,124.05,"{'Part_Desc_': 'Cable Head', 'Report_Type': 'S', 'Rework': 'missing', 'Work_Order_Qty': 230.0}",regular
Case267,Turning & Milling,2012-01-25 19:13:31,2012-01-30 02:06:30,2012-01-30 13:09:30,ID4932,60,0.6491904394757132,22,9.0,0.0,193.00000000000003,14,3,complete,1,34756.48333333333,508.96666666666664,196.48333333333332,135.26666666666668,"{'Part_Desc_': 'Punch Holder', 'Report_Type': 'S', 'Rework': 'missing', 'Work_Order_Qty': 350.0}",deviant
Case44,Turn & Mill. & Screw Assem,2012-01-29 19:01:30,2012-01-30 03:35:48,2012-01-30 13:55:48,ID4641,41,0,0,105.00000000000001,0.0,75.0,11,3,complete,1,40535.8,6945.116666666667,215.8,170.53333333333333,"{'Part_Desc_': 'Cast', 'Report_Type': 'S', 'Rework': 'missing', 'Work_Order_Qty': 198.0}",regular
24_CF,Final Inspection Q.C.,2012-01-30 00:31:27,2012-01-30 11:54:33,2012-01-30 14:43:53,ID4163,40,0.2027756360832691,3,1.0,0.0,509.9999874830246,9,9,complete,1,40874.666666666664,845.4666666666667,554.6666666666666,169.33333333333334,"{'Part_Desc_': 'Barrel', 'Report_Type': 'S', 'Rework': 'missing', 'Work_Order_Qty': 31.999999225139618}",deviant
Case37,Round Grinding,2012-01-30 03:37:52,2012-01-30 12:41:57,2012-01-30 15:11:57,ID4385,40,0.4379336931380108,0,8.0,0.0,128.0,13,12,complete,1,41081.95,798.8333333333334,761.95,144.78333333333333,"{'Part_Desc_': 'Ballnut', 'Report_Type': 'D', 'Rework': 'missing', 'Work_Order_Qty': 36.0}",regular
7_CF,Packing,2012-01-30 04:12:32,2012-01-30 13:56:44,2012-01-30 15:52:05,ID4820,40,0.03932151117964534,0,1.0,0.0,509.9999874830246,14,13,complete,1,41156.73333333333,950.95,836.7333333333333,115.35,"{'Part_Desc_': 'Barrel', 'Report_Type': 'S', 'Rework': 'missing', 'Work_Order_Qty': 31.999999225139618}",deviant
Case28,Turning & Milling,2012-01-30 07:27:58,2012-01-30 15:36:47,2012-01-30 16:27:47,ID4167,39,0.6491904394757132,0,1.0,0.0,20.0,14,15,complete,1,41256.78333333333,1693.4833333333333,936.7833333333333,134.36666666666667,"{'Part_Desc_': 'Ballnut', 'Report_Type': 'S', 'Rework': 'missing', 'Work_Order_Qty': 250.0}",regular
18_CF,Final Inspection Q.C.,2012-01-30 02:24:46,2012-01-30 14:43:53,2012-01-30 16:36:34,ID4163,40,0.2027756360832691,2,1.0,0.0,509.9999874830246,12,10,complete,1,40965.2,787.4333333333333,645.2,112.68333333333334,"{'Part_Desc_': 'Barrel', 'Report_Type': 'S', 'Rework': 'missing', 'Work_Order_Qty': 31.999999225139618}",deviant
19_CF,Final Inspection Q.C.,2012-01-30 06:31:32,2012-01-30 16:36:34,2012-01-30 19:01:48,ID4163,39,0.2027756360832691,3,1.0,0.0,509.9999874830246,12,14,complete,1,41218.13333333333,881.6666666666666,898.1333333333333,145.23333333333332,"{'Part_Desc_': 'Barrel', 'Report_Type': 'S', 'Rework': 'missing', 'Work_Order_Qty': 31.999999225139618}",deviant
Case20,Round Grinding,2012-01-30 11:01:45,2012-01-30 19:39:06,2012-01-30 20:00:06,ID4445,38,0.4379336931380108,0,2.0,0.0,17.0,19,19,complete,1,41499.1,705.35,1179.1,136.45,"{'Part_Desc_': 'Punch Plate', 'Report_Type': 'S', 'Rework': 'missing', 'Work_Order_Qty': 170.0}",deviant
13_CF,Packing,2012-01-30 10:13:33,2012-01-30 18:49:07,2012-01-30 20:50:24,ID4820,38,0.03932151117964534,0,1.0,0.0,509.9999874830246,14,18,complete,1,41449.11666666667,870.8166666666667,1129.1166666666666,121.28333333333333,"{'Part_Desc_': 'Barrel', 'Report_Type': 'S', 'Rework': 'missing', 'Work_Order_Qty': 31.999999225139618}",deviant
16_CF,Final Inspection Q.C.,2012-01-30 08:28:35,2012-01-30 19:01:48,2012-01-30 21:14:35,ID4163,39,0.2027756360832691,2,1.0,0.0,509.9999874830246,13,17,complete,1,41347.7,871.65,1027.7,132.78333333333333,"{'Part_Desc_': 'Barrel', 'Report_Type': 'S', 'Rework': 'missing', 'Work_Order_Qty': 31.999999225139618}",deviant
Case78,Turning & Milling Q.C.,2012-01-30 12:51:01,2012-01-30 21:08:18,2012-01-30 21:57:18,ID4493,38,0.17424826522744796,0,26.000000000000004,0.0,304.0,13,21,complete,1,41588.3,572.2833333333333,1268.3,107.21666666666667,"{'Part_Desc_': 'Cable Head', 'Report_Type': 'S', 'Rework': 'missing', 'Work_Order_Qty': 230.0}",regular
Case67,Turning & Milling,2012-01-26 17:27:07,2012-01-30 13:09:30,2012-01-30 22:10:30,ID4932,57,0.6491904394757132,19,2.0,0.0,75.0,9,21,complete,1,35869.933333333334,362.81666666666666,1309.9333333333334,120.01666666666667,"{'Part_Desc_': 'Cable Head', 'Report_Type': 'S', 'Rework': 'missing', 'Work_Order_Qty': 150.0}",deviant
Case38,Turning & Milling,2012-01-30 10:52:50,2012-01-30 21:29:06,2012-01-30 22:44:06,ID0997,38,0.6491904394757132,0,1.0,0.0,278.0,8,21,complete,1,41609.1,700.2666666666667,1289.1,126.88333333333334,"{'Part_Desc_': 'Cable Head', 'Report_Type': 'S', 'Rework': 'missing', 'Work_Order_Qty': 53.0}",deviant
14_CF,Final Inspection Q.C.,2012-01-30 11:54:33,2012-01-30 21:14:35,2012-01-30 23:10:44,ID4163,38,0.2027756360832691,2,1.0,0.0,509.9999874830246,13,20,complete,1,41573.666666666664,913.6666666666666,1253.6666666666667,116.15,"{'Part_Desc_': 'Barrel', 'Report_Type': 'S', 'Rework': 'missing', 'Work_Order_Qty': 31.999999225139618}",deviant
Case44,Turning & Milling Q.C.,2012-01-30 13:55:48,2012-01-30 23:04:00,2012-01-31 00:35:00,ID4287,38,0.17424826522744796,0,105.00000000000001,0.0,75.0,12,23,complete,1,41704.0,1168.2,1384.0,137.26666666666668,"{'Part_Desc_': 'Cast', 'Report_Type': 'S', 'Rework': 'missing', 'Work_Order_Qty': 198.0}",regular
Case37,Round Grinding,2012-01-30 15:11:57,2012-01-31 00:26:18,2012-01-31 01:26:18,ID4385,38,0.4379336931380108,0,8.0,0.0,128.0,14,0,complete,1,41786.3,704.35,26.3,166.5,"{'Part_Desc_': 'Ballnut', 'Report_Type': 'D', 'Rework': 'missing', 'Work_Order_Qty': 36.0}",regular
Case63,Turning & Milling,2012-01-26 22:35:27,2012-01-30 22:10:30,2012-01-31 01:48:30,ID4932,55,0.6491904394757132,17,55.00000000000001,0.0,218.0,8,4,complete,1,36258.88333333333,1027.4333333333334,258.8833333333333,105.08333333333333,"{'Part_Desc_': 'Cable Head', 'Report_Type': 'S', 'Rework': 'missing', 'Work_Order_Qty': 155.0}",regular
24_CF,Final Inspection Q.C.,2012-01-30 14:43:53,2012-01-30 23:43:54,2012-01-31 02:02:46,ID4163,38,0.2027756360832691,1,1.0,0.0,509.9999874830246,10,23,complete,1,41743.9,869.2333333333333,1423.9,138.86666666666667,"{'Part_Desc_': 'Barrel', 'Report_Type': 'S', 'Rework': 'missing', 'Work_Order_Qty': 31.999999225139618}",deviant
Case28,Turning & Milling Q.C.,2012-01-30 16:27:47,2012-01-31 00:58:50,2012-01-31 03:57:50,ID4618,37,0.17424826522744796,0,1.0,0.0,20.0,15,0,complete,1,41818.833333333336,562.05,58.833333333333336,135.83333333333334,"{'Part_Desc_': 'Ballnut', 'Report_Type': 'S', 'Rework': 'missing', 'Work_Order_Qty': 250.0}",regular
18_CF,Final Inspection Q.C.,2012-01-30 16:36:34,2012-01-31 02:02:46,2012-01-31 03:59:49,ID4163,37,0.2027756360832691,1,1.0,0.0,509.9999874830246,13,1,complete,1,41863.23333333333,898.0333333333333,103.23333333333333,117.05,"{'Part_Desc_': 'Barrel', 'Report_Type': 'S', 'Rework': 'missing', 'Work_Order_Qty': 31.999999225139618}",deviant
Case20,Turning & Milling Q.C.,2012-01-30 20:00:06,2012-01-31 04:42:11,2012-01-31 04:59:11,ID4618,37,0.17424826522744796,0,2.0,0.0,17.0,20,4,complete,1,42042.183333333334,543.0833333333334,282.18333333333334,129.36666666666667,"{'Part_Desc_': 'Punch Plate', 'Report_Type': 'S', 'Rework': 'missing', 'Work_Order_Qty': 170.0}",deviant
19_CF,Final Inspection Q.C.,2012-01-30 19:01:48,2012-01-31 04:07:54,2012-01-31 06:37:08,ID4163,37,0.2027756360832691,1,1.0,0.0,509.9999874830246,13,4,complete,1,42007.9,789.7666666666667,247.9,149.23333333333332,"{'Part_Desc_': 'Barrel', 'Report_Type': 'S', 'Rework': 'missing', 'Work_Order_Qty': 31.999999225139618}",deviant
Case78,Turning & Milling Q.C.,2012-01-30 21:57:18,2012-01-31 06:47:42,2012-01-31 07:14:42,ID4493,36,0.17424826522744796,0,26.000000000000004,0.0,304.0,14,6,complete,1,42167.7,579.4,407.7,90.91666666666667,"{'Part_Desc_': 'Cable Head', 'Report_Type': 'S', 'Rework': 'missing', 'Work_Order_Qty': 230.0}",regular
16_CF,Packing,2012-01-30 21:14:35,2012-01-31 06:10:21,2012-01-31 08:27:21,ID4820,36,0.03932151117964534,0,1.0,0.0,509.9999874830246,14,6,complete,1,42130.35,782.65,370.35,137.0,"{'Part_Desc_': 'Barrel', 'Report_Type': 'S', 'Rework': 'missing', 'Work_Order_Qty': 31.999999225139618}",deviant
Case267,Turning & Milling,2012-01-30 13:09:30,2012-01-30 23:38:51,2012-01-31 09:38:51,ID4529,38,0.6491904394757132,0,9.0,0.0,193.00000000000003,15,23,complete,1,41738.85,6982.366666666667,1418.85,120.28333333333333,"{'Part_Desc_': 'Punch Holder', 'Report_Type': 'S', 'Rework': 'missing', 'Work_Order_Qty': 350.0}",deviant
Case89,Turning & Milling,2012-01-30 08:21:58,2012-01-30 16:31:48,2012-01-31 10:05:48,ID4794,39,0.6491904394757132,0,200.00000000000003,0.0,75.0,8,16,complete,1,41311.8,1517.8666666666666,991.8,138.75,"{'Part_Desc_': 'Drum', 'Report_Type': 'S', 'Rework': 'missing', 'Work_Order_Qty': 200.0}",regular
14_CF,Packing,2012-01-30 23:10:44,2012-01-31 08:27:21,2012-01-31 10:28:12,ID4820,36,0.03932151117964534,0,1.0,0.0,509.9999874830246,14,8,complete,1,42262.2,688.5333333333333,502.2,120.85,"{'Part_Desc_': 'Barrel', 'Report_Type': 'S', 'Rework': 'missing', 'Work_Order_Qty': 31.999999225139618}",deviant
Case44,Turn & Mill. & Screw Assem,2012-01-31 00:35:00,2012-01-31 09:29:30,2012-01-31 12:00:30,ID4132,36,0,0,105.00000000000001,0.0,75.0,13,9,complete,1,42329.5,625.5,569.5,123.36666666666666,"{'Part_Desc_': 'Cast', 'Report_Type': 'S', 'Rework': 'missing', 'Work_Order_Qty': 198.0}",regular
24_CF,Final Inspection Q.C.,2012-01-31 02:02:46,2012-01-31 10:17:33,2012-01-31 12:12:12,ID4163,35,0.2027756360832691,1,1.0,0.0,509.9999874830246,11,10,complete,1,42377.55,633.65,617.55,114.65,"{'Part_Desc_': 'Barrel', 'Report_Type': 'S', 'Rework': 'missing', 'Work_Order_Qty': 31.999999225139618}",deviant
Case37,Round Grinding,2012-01-31 01:26:18,2012-01-31 10:23:23,2012-01-31 12:31:23,ID4355,36,0.4379336931380108,0,8.0,0.0,128.0,15,10,complete,1,42383.38333333333,597.0833333333334,623.3833333333333,185.18333333333334,"{'Part_Desc_': 'Ballnut', 'Report_Type': 'D', 'Rework': 'missing', 'Work_Order_Qty': 36.0}",regular
Case28,Turning & Milling Q.C.,2012-01-31 03:57:50,2012-01-31 12:27:22,2012-01-31 12:47:22,ID4618,35,0.17424826522744796,0,1.0,0.0,20.0,16,12,complete,1,42507.36666666667,688.5333333333333,747.3666666666667,126.28333333333333,"{'Part_Desc_': 'Ballnut', 'Report_Type': 'S', 'Rework': 'missing', 'Work_Order_Qty': 250.0}",regular
Case67,Turning & Milling,2012-01-30 22:10:30,2012-01-31 05:05:42,2012-01-31 13:02:42,ID4167,36,0.6491904394757132,0,2.0,0.0,75.0,10,5,complete,1,42065.7,6195.766666666666,305.7,110.0,"{'Part_Desc_': 'Cable Head', 'Report_Type': 'S', 'Rework': 'missing', 'Work_Order_Qty': 150.0}",deviant
Case21,Turning & Milling,2012-01-27 00:01:27,2012-01-31 01:48:30,2012-01-31 13:25:30,ID4932,55,0.6491904394757132,16,25.0,0.0,135.0,9,4,complete,1,36299.416666666664,6492.983333333334,299.4166666666667,139.13333333333333,"{'Part_Desc_': 'Punch Plate', 'Report_Type': 'S', 'Rework': 'missing', 'Work_Order_Qty': 151.0}",deviant
18_CF,Packing,2012-01-31 03:59:49,2012-01-31 12:52:56,2012-01-31 14:50:33,ID4820,35,0.03932151117964534,0,1.0,0.0,509.9999874830246,14,12,complete,1,42532.933333333334,669.7,772.9333333333333,117.61666666666666,"{'Part_Desc_': 'Barrel', 'Report_Type': 'S', 'Rework': 'missing', 'Work_Order_Qty': 31.999999225139618}",deviant
19_CF,Packing,2012-01-31 06:37:08,2012-01-31 15:23:59,2012-01-31 17:17:16,ID4820,34,0.03932151117964534,0,1.0,0.0,509.9999874830246,14,15,complete,1,42683.98333333333,676.0833333333334,923.9833333333333,113.28333333333333,"{'Part_Desc_': 'Barrel', 'Report_Type': 'S', 'Rework': 'missing', 'Work_Order_Qty': 31.999999225139618}",deviant
Case78,Laser Marking,2012-01-31 07:14:42,2012-01-31 16:07:31,2012-01-31 17:22:31,ID4882,34,0.06090979182729375,0,26.000000000000004,0.0,304.0,15,16,complete,1,42727.51666666667,559.8166666666667,967.5166666666667,91.06666666666666,"{'Part_Desc_': 'Cable Head', 'Report_Type': 'S', 'Rework': 'missing', 'Work_Order_Qty': 230.0}",regular
Case38,Turning & Milling,2012-01-30 22:44:06,2012-01-31 13:02:42,2012-01-31 19:47:42,ID4167,36,0.6491904394757132,0,1.0,0.0,278.0,9,9,complete,1,42352.21666666667,743.1166666666667,592.2166666666667,110.18333333333334,"{'Part_Desc_': 'Cable Head', 'Report_Type': 'S', 'Rework': 'missing', 'Work_Order_Qty': 53.0}",deviant
24_CF,Final Inspection Q.C.,2012-01-31 12:12:12,2012-01-31 20:52:26,2012-01-31 22:23:02,ID4163,32,0.2027756360832691,0,1.0,0.0,509.9999874830246,12,20,complete,1,43012.433333333334,634.8833333333333,1252.4333333333334,90.6,"{'Part_Desc_': 'Barrel', 'Report_Type': 'S', 'Rework': 'missing', 'Work_Order_Qty': 31.999999225139618}",deviant
Case44,Turn & Mill. & Screw Assem,2012-01-31 12:00:30,2012-01-31 21:32:39,2012-01-31 22:54:39,ID3846,32,0,0,105.00000000000001,0.0,75.0,14,21,complete,1,43052.65,723.15,1292.65,103.51666666666667,"{'Part_Desc_': 'Cast', 'Report_Type': 'S', 'Rework': 'missing', 'Work_Order_Qty': 198.0}",regular
Case17,Turning,2012-01-26 23:00:59,2012-01-31 13:25:30,2012-02-01 00:16:30,ID4932,55,0,16,40.0,0.0,500.0,9,6,complete,1,36416.65,497.6666666666667,416.65,100.25,"{'Part_Desc_': 'Clamp', 'Report_Type': 'S', 'Rework': 'missing', 'Work_Order_Qty': 100.0}",regular
Case21,Turning & Milling Q.C.,2012-01-31 13:25:30,2012-01-31 23:17:22,2012-02-01 00:21:22,ID4618,30,0.17424826522744796,0,25.0,0.0,135.0,10,23,complete,1,43157.36666666667,6857.95,1397.3666666666666,110.33333333333333,"{'Part_Desc_': 'Punch Plate', 'Report_Type': 'S', 'Rework': 'missing', 'Work_Order_Qty': 151.0}",deviant
Case67,Turning & Milling,2012-01-31 13:02:42,2012-01-31 21:11:30,2012-02-01 00:55:30,ID4529,30,0.6491904394757132,0,2.0,0.0,75.0,11,21,complete,1,43031.5,965.8,1271.5,94.2,"{'Part_Desc_': 'Cable Head', 'Report_Type': 'S', 'Rework': 'missing', 'Work_Order_Qty': 150.0}",deviant
Case267,Turning & Milling,2012-01-31 09:38:51,2012-01-31 19:46:41,2012-02-01 01:41:41,ID4718,33,0.6491904394757132,0,9.0,0.0,193.00000000000003,16,19,complete,1,42946.683333333334,1207.8333333333333,1186.6833333333334,103.71666666666667,"{'Part_Desc_': 'Punch Holder', 'Report_Type': 'S', 'Rework': 'missing', 'Work_Order_Qty': 350.0}",deviant
24_CF,Final Inspection Q.C.,2012-01-31 22:23:02,2012-02-01 06:56:01,2012-02-01 08:30:24,ID4163,28,0.2027756360832691,0,1.0,0.0,509.9999874830246,13,6,complete,2,43616.01666666667,603.5833333333334,416.01666666666665,94.38333333333334,"{'Part_Desc_': 'Barrel', 'Report_Type': 'S', 'Rework': 'missing', 'Work_Order_Qty': 31.999999225139618}",deviant
Case78,Turning & Milling,2012-01-31 17:22:31,2012-02-01 02:13:12,2012-02-01 09:54:12,ID4429,28,0.6491904394757132,0,26.000000000000004,0.0,304.0,16,2,complete,2,43333.2,605.6833333333333,133.2,101.46666666666667,"{'Part_Desc_': 'Cable Head', 'Report_Type': 'S', 'Rework': 'missing', 'Work_Order_Qty': 230.0}",regular
Case18,Turning & Milling,2012-01-27 04:37:26,2012-02-01 00:16:30,2012-02-01 10:50:30,ID4932,54,0.6491904394757132,16,14.0,0.0,80.0,6,10,complete,1,36606.36666666667,7129.433333333333,606.3666666666667,140.53333333333333,"{'Part_Desc_': 'Cable Head', 'Report_Type': 'S', 'Rework': 'missing', 'Work_Order_Qty': 557.0}",regular
Case21,Turning & Milling Q.C.,2012-02-01 00:21:22,2012-02-01 12:21:23,2012-02-01 12:49:23,ID4618,28,0.17424826522744796,0,25.0,0.0,135.0,11,12,complete,2,43941.38333333333,784.0166666666667,741.3833333333333,119.23333333333333,"{'Part_Desc_': 'Punch Plate', 'Report_Type': 'S', 'Rework': 'missing', 'Work_Order_Qty': 151.0}",deviant
Case67,Turning & Milling,2012-02-01 00:55:30,2012-02-01 09:59:02,2012-02-01 12:59:02,ID0997,28,0.6491904394757132,0,2.0,0.0,75.0,12,9,complete,2,43799.03333333333,767.5333333333333,599.0333333333333,98.08333333333333,"{'Part_Desc_': 'Cable Head', 'Report_Type': 'S', 'Rework': 'missing', 'Work_Order_Qty': 150.0}",deviant
Case38,Turning & Milling,2012-01-31 19:47:42,2012-02-01 09:54:12,2012-02-01 13:24:12,ID4429,28,0.6491904394757132,0,1.0,0.0,278.0,10,5,complete,2,43543.98333333333,1191.7666666666667,343.98333333333335,107.31666666666666,"{'Part_Desc_': 'Cable Head', 'Report_Type': 'S', 'Rework': 'missing', 'Work_Order_Qty': 53.0}",deviant
Case44,Turn & Mill. & Screw Assem,2012-01-31 22:54:39,2012-02-01 07:23:18,2012-02-01 13:48:18,ID3846,28,0,0,105.00000000000001,0.0,75.0,15,7,complete,2,43643.3,590.65,443.3,103.56666666666666,"{'Part_Desc_': 'Cast', 'Report_Type': 'S', 'Rework': 'missing', 'Work_Order_Qty': 198.0}",regular
Case267,Turning & Milling Q.C.,2012-02-01 01:41:41,2012-02-01 12:49:23,2012-02-01 14:04:23,ID4618,28,0.17424826522744796,0,9.0,0.0,193.00000000000003,17,12,complete,2,43942.28333333333,995.6,742.2833333333333,96.58333333333333,"{'Part_Desc_': 'Punch Holder', 'Report_Type': 'S', 'Rework': 'missing', 'Work_Order_Qty': 350.0}",deviant
24_CF,Packing,2012-02-01 08:30:24,2012-02-01 16:21:55,2012-02-01 17:54:05,ID4820,28,0.03932151117964534,0,1.0,0.0,509.9999874830246,14,16,complete,2,44181.916666666664,565.9,981.9166666666666,92.16666666666667,"{'Part_Desc_': 'Barrel', 'Report_Type': 'S', 'Rework': 'missing', 'Work_Order_Qty': 31.999999225139618}",deviant
Case78,Turning & Milling,2012-02-01 09:54:12,2012-02-01 18:11:14,2012-02-01 20:11:14,ID4167,28,0.6491904394757132,0,26.000000000000004,0.0,304.0,17,18,complete,2,44291.23333333333,958.0333333333333,1091.2333333333333,102.61666666666666,"{'Part_Desc_': 'Cable Head', 'Report_Type': 'S', 'Rework': 'missing', 'Work_Order_Qty': 230.0}",regular
Case257,Turning & Milling,2012-01-27 07:05:27,2012-02-01 10:50:30,2012-02-01 20:45:30,ID4932,53,0.6491904394757132,16,27.0,0.0,362.99999999999994,12,13,complete,1,36798.53333333333,6959.466666666666,798.5333333333333,159.18333333333334,"{'Part_Desc_': 'Cable Head', 'Report_Type': 'S', 'Rework': 'missing', 'Work_Order_Qty': 150.0}",regular
Case18,Turning & Milling,2012-02-01 10:50:30,2012-02-01 21:12:06,2012-02-01 22:17:06,ID4429,28,0.6491904394757132,0,14.0,0.0,80.0,7,21,complete,2,44472.1,7865.733333333334,1272.1,135.08333333333334,"{'Part_Desc_': 'Cable Head', 'Report_Type': 'S', 'Rework': 'missing', 'Work_Order_Qty': 557.0}",regular
Case21,Turning & Milling Q.C.,2012-02-01 12:49:23,2012-02-02 00:37:59,2012-02-02 01:15:59,ID4167,28,0.17424826522744796,0,25.0,0.0,135.0,12,0,complete,2,44677.98333333333,736.6,37.983333333333334,98.6,"{'Part_Desc_': 'Punch Plate', 'Report_Type': 'S', 'Rework': 'missing', 'Work_Order_Qty': 151.0}",deviant
Case145,other,2012-01-27 06:37:26,2012-02-01 20:45:30,2012-02-02 05:15:30,ID4932,54,0.0,16,35.0,0.0,8.0,11,14,complete,1,36895.36666666667,7390.266666666666,895.3666666666667,127.96666666666667,"{'Part_Desc_': 'Ring', 'Report_Type': 'S', 'Rework': 'missing', 'Work_Order_Qty': 35.0}",deviant
Case78,Turning & Milling,2012-02-01 20:11:14,2012-02-02 04:12:16,2012-02-02 06:54:16,ID4167,27,0.6491904394757132,0,26.000000000000004,0.0,304.0,18,4,complete,2,44892.26666666667,601.0333333333333,252.26666666666668,112.73333333333333,"{'Part_Desc_': 'Cable Head', 'Report_Type': 'S', 'Rework': 'missing', 'Work_Order_Qty': 230.0}",regular
Case91,Turning & Milling,2012-01-27 10:42:49,2012-02-02 05:15:30,2012-02-02 11:49:30,ID4932,53,0.6491904394757132,16,337.0,0.0,60.00000000000001,11,19,complete,1,37145.55,864.75,1145.55,110.63333333333334,"{'Part_Desc_': 'Hinge', 'Report_Type': 'S', 'Rework': 'missing', 'Work_Order_Qty': 350.0}",regular
Case257,Turning & Milling,2012-02-01 20:45:30,2012-02-02 07:39:37,2012-02-02 13:42:37,ID4429,27,0.6491904394757132,0,27.0,0.0,362.99999999999994,13,7,complete,2,45099.61666666667,8301.083333333334,459.6166666666667,139.56666666666666,"{'Part_Desc_': 'Cable Head', 'Report_Type': 'S', 'Rework': 'missing', 'Work_Order_Qty': 150.0}",regular
Case201,Milling,2012-01-27 17:40:47,2012-02-02 11:49:30,2012-02-02 15:56:30,ID4932,48,0,18,2.0,0.0,247.0,20,22,complete,1,37322.26666666667,7624.516666666666,1322.2666666666667,134.01666666666668,"{'Part_Desc_': 'Wheel Shaft', 'Report_Type': 'D', 'Rework': 'missing', 'Work_Order_Qty': 20.0}",regular
Case78,Turning & Milling,2012-02-02 06:54:16,2012-02-02 12:55:09,2012-02-02 18:31:09,ID4529,27,0.6491904394757132,0,26.000000000000004,0.0,304.0,19,12,complete,2,45415.15,522.8833333333333,775.15,102.15,"{'Part_Desc_': 'Cable Head', 'Report_Type': 'S', 'Rework': 'missing', 'Work_Order_Qty': 230.0}",regular
Case90,Turning & Milling,2012-01-29 01:44:35,2012-02-02 15:56:30,2012-02-02 18:55:30,ID4932,44,0.6491904394757132,16,176.0,0.0,60.0,7,9,complete,1,39455.28333333333,1141.7,575.2833333333333,126.98333333333333,"{'Part_Desc_': 'Drum', 'Report_Type': 'S', 'Rework': 'missing', 'Work_Order_Qty': 200.0}",regular
Case145,Turning Q.C.,2012-02-02 05:15:30,2012-02-02 15:39:02,2012-02-02 19:06:02,ID4618,27,0,0,35.0,0.0,8.0,12,15,complete,2,45579.03333333333,8683.666666666666,939.0333333333333,120.11666666666666,"{'Part_Desc_': 'Ring', 'Report_Type': 'S', 'Rework': 'missing', 'Work_Order_Qty': 35.0}",deviant
Case18,Turning & Milling,2012-02-01 22:17:06,2012-02-02 11:15:08,2012-02-02 20:46:08,ID4167,27,0.6491904394757132,0,14.0,0.0,80.0,8,11,complete,2,45315.13333333333,843.0333333333333,675.1333333333333,126.03333333333333,"{'Part_Desc_': 'Cable Head', 'Report_Type': 'S', 'Rework': 'missing', 'Work_Order_Qty': 557.0}",regular
Case91,Turning Q.C.,2012-02-02 11:49:30,2012-02-02 20:41:17,2012-02-02 21:13:17,ID4618,27,0,0,337.0,0.0,60.00000000000001,12,20,complete,2,45881.28333333333,8735.733333333334,1241.2833333333333,93.11666666666666,"{'Part_Desc_': 'Hinge', 'Report_Type': 'S', 'Rework': 'missing', 'Work_Order_Qty': 350.0}",regular
Case78,Turning & Milling,2012-02-02 18:31:09,2012-02-02 22:48:01,2012-02-03 03:52:01,ID4529,25,0.6491904394757132,0,26.000000000000004,0.0,304.0,20,22,complete,2,46008.01666666667,592.8666666666667,1368.0166666666667,81.43333333333334,"{'Part_Desc_': 'Cable Head', 'Report_Type': 'S', 'Rework': 'missing', 'Work_Order_Qty': 230.0}",regular
Case90,Turning & Milling,2012-02-02 18:55:30,2012-02-03 03:37:43,2012-02-03 03:53:43,ID4718,25,0.6491904394757132,0,176.0,0.0,60.0,8,3,complete,2,46297.71666666667,6842.433333333333,217.71666666666667,101.31666666666666,"{'Part_Desc_': 'Drum', 'Report_Type': 'S', 'Rework': 'missing', 'Work_Order_Qty': 200.0}",regular
Case145,Laser Marking,2012-02-02 19:06:02,2012-02-03 05:49:07,2012-02-03 06:22:07,ID0998,25,0.06090979182729375,0,35.0,0.0,8.0,13,5,complete,2,46429.11666666667,850.0833333333334,349.1166666666667,121.53333333333333,"{'Part_Desc_': 'Ring', 'Report_Type': 'S', 'Rework': 'missing', 'Work_Order_Qty': 35.0}",deviant
Case91,Laser Marking,2012-02-02 21:13:17,2012-02-03 06:22:07,2012-02-03 06:23:07,ID0998,25,0.06090979182729375,0,337.0,0.0,60.00000000000001,13,5,complete,2,46434.23333333333,552.95,354.23333333333335,84.18333333333334,"{'Part_Desc_': 'Hinge', 'Report_Type': 'S', 'Rework': 'missing', 'Work_Order_Qty': 350.0}",regular
Case260,Turning & Milling,2012-01-30 01:01:58,2012-02-02 18:55:30,2012-02-03 08:00:30,ID4932,40,0.6491904394757132,11,18.0,0.0,241.00000000000003,19,7,complete,1,40783.4,1473.4333333333334,463.4,106.5,"{'Part_Desc_': 'Ballnut', 'Report_Type': 'S', 'Rework': 'missing', 'Work_Order_Qty': 315.0}",regular
Case18,Turning & Milling,2012-02-02 20:46:08,2012-02-03 07:48:05,2012-02-03 10:03:05,ID4429,25,0.6491904394757132,0,14.0,0.0,80.0,9,7,complete,2,46548.083333333336,1232.95,468.0833333333333,84.7,"{'Part_Desc_': 'Cable Head', 'Report_Type': 'S', 'Rework': 'missing', 'Work_Order_Qty': 557.0}",regular
Case91,Turning Q.C.,2012-02-03 06:23:07,2012-02-03 17:15:07,2012-02-03 17:18:07,ID4618,24,0,0,337.0,0.0,60.00000000000001,14,17,complete,2,47115.11666666667,680.8833333333333,1035.1166666666666,60.55,"{'Part_Desc_': 'Hinge', 'Report_Type': 'S', 'Rework': 'missing', 'Work_Order_Qty': 350.0}",regular
Case95,Turning & Milling,2012-01-30 02:01:09,2012-02-03 08:00:30,2012-02-03 18:40:30,ID4932,40,0.6491904394757132,11,2.0,0.0,1.0,10,9,complete,1,40916.85,1015.7,596.85,163.46666666666667,"{'Part_Desc_': 'Punch Holder', 'Report_Type': 'S', 'Rework': 'missing', 'Work_Order_Qty': 305.0}",regular
Case145,Lapping,2012-02-03 06:22:07,2012-02-03 17:45:48,2012-02-03 19:00:48,ID0998,24,0.12336160370084812,1,35.0,0.0,8.0,14,17,complete,2,47145.8,716.6833333333333,1065.8,66.5,"{'Part_Desc_': 'Ring', 'Report_Type': 'S', 'Rework': 'missing', 'Work_Order_Qty': 35.0}",deviant
Case260,Turning & Milling,2012-02-03 08:00:30,2012-02-03 18:36:00,2012-02-03 22:37:00,ID4529,24,0.6491904394757132,0,18.0,0.0,241.00000000000003,20,18,complete,2,47196.0,6412.6,1116.0,91.9,"{'Part_Desc_': 'Ballnut', 'Report_Type': 'S', 'Rework': 'missing', 'Work_Order_Qty': 315.0}",regular
Case90,Turning & Milling,2012-02-03 03:53:43,2012-02-03 14:28:00,2012-02-04 01:13:00,ID4794,24,0.6491904394757132,0,176.0,0.0,60.0,9,14,complete,2,46948.0,650.2833333333333,868.0,64.2,"{'Part_Desc_': 'Drum', 'Report_Type': 'S', 'Rework': 'missing', 'Work_Order_Qty': 200.0}",regular
Case91,Final Inspection Q.C.,2012-02-03 17:18:07,2012-02-04 05:28:02,2012-02-04 05:29:02,ID4618,24,0.2027756360832691,0,337.0,0.0,60.00000000000001,15,5,complete,2,47848.03333333333,732.9166666666666,328.03333333333336,40.96666666666667,"{'Part_Desc_': 'Hinge', 'Report_Type': 'S', 'Rework': 'missing', 'Work_Order_Qty': 350.0}",regular
Case89,Turning & Milling,2012-01-31 10:05:48,2012-02-03 18:40:30,2012-02-04 05:29:30,ID4932,33,0.6491904394757132,9,200.00000000000003,0.0,75.0,9,18,complete,1,42873.78333333333,1561.9833333333333,1113.7833333333333,117.98333333333333,"{'Part_Desc_': 'Drum', 'Report_Type': 'S', 'Rework': 'missing', 'Work_Order_Qty': 200.0}",regular
Case145,Packing,2012-02-03 19:00:48,2012-02-04 06:56:45,2012-02-04 07:56:45,ID4820,24,0.03932151117964534,0,35.0,0.0,8.0,15,6,complete,2,47936.75,790.95,416.75,52.56666666666667,"{'Part_Desc_': 'Ring', 'Report_Type': 'S', 'Rework': 'missing', 'Work_Order_Qty': 35.0}",deviant
Case95,Turning & Milling,2012-02-03 18:40:30,2012-02-04 04:56:44,2012-02-04 14:04:44,ID4167,24,0.6491904394757132,0,2.0,0.0,1.0,11,4,complete,2,47816.73333333333,6899.883333333333,296.73333333333335,156.68333333333334,"{'Part_Desc_': 'Punch Holder', 'Report_Type': 'S', 'Rework': 'missing', 'Work_Order_Qty': 305.0}",regular
Case17,Turning,2012-02-01 00:16:30,2012-02-04 05:29:30,2012-02-04 14:06:30,ID4932,28,0,9,40.0,0.0,500.0,10,10,complete,2,43826.1,7409.45,626.1,101.58333333333333,"{'Part_Desc_': 'Clamp', 'Report_Type': 'S', 'Rework': 'missing', 'Work_Order_Qty': 100.0}",regular
Case89,Turning & Milling Q.C.,2012-02-04 05:29:30,2012-02-04 15:19:40,2012-02-04 16:22:40,ID4618,23,0.17424826522744796,0,200.00000000000003,0.0,75.0,10,15,complete,2,48439.666666666664,5565.883333333333,919.6666666666666,95.76666666666667,"{'Part_Desc_': 'Drum', 'Report_Type': 'S', 'Rework': 'missing', 'Work_Order_Qty': 200.0}",regular
Case91,Laser Marking,2012-02-04 05:29:02,2012-02-04 16:38:28,2012-02-04 17:53:28,ID0998,23,0.06090979182729375,0,337.0,0.0,60.00000000000001,16,16,complete,2,48518.46666666667,670.4333333333333,998.4666666666667,71.55,"{'Part_Desc_': 'Hinge', 'Report_Type': 'S', 'Rework': 'missing', 'Work_Order_Qty': 350.0}",regular
Case145,Final Inspection Q.C.,2012-02-04 07:56:45,2012-02-04 18:42:45,2012-02-04 18:50:45,ID4618,23,0.2027756360832691,0,35.0,0.0,8.0,16,18,complete,2,48642.75,706.0,1122.75,73.6,"{'Part_Desc_': 'Ring', 'Report_Type': 'S', 'Rework': 'missing', 'Work_Order_Qty': 35.0}",deviant
Case44,Turn & Mill. & Screw Assem,2012-02-01 13:48:18,2012-02-04 14:06:30,2012-02-04 21:07:30,ID4932,28,0,8,105.00000000000001,0.0,75.0,16,21,complete,2,44512.9,869.6,1312.9,98.3,"{'Part_Desc_': 'Cast', 'Report_Type': 'S', 'Rework': 'missing', 'Work_Order_Qty': 198.0}",regular
Case38,Turning & Milling,2012-02-01 13:24:12,2012-02-04 21:07:30,2012-02-05 01:26:30,ID4932,28,0.6491904394757132,8,1.0,0.0,278.0,11,21,complete,2,44519.86666666667,975.8833333333333,1319.8666666666666,92.25,"{'Part_Desc_': 'Cable Head', 'Report_Type': 'S', 'Rework': 'missing', 'Work_Order_Qty': 53.0}",deviant
Case89,Packing,2012-02-04 16:22:40,2012-02-05 02:13:01,2012-02-05 03:13:01,ID4491,23,0.03932151117964534,0,200.00000000000003,0.0,75.0,11,2,complete,2,49093.01666666667,653.35,133.01666666666668,83.6,"{'Part_Desc_': 'Drum', 'Report_Type': 'S', 'Rework': 'missing', 'Work_Order_Qty': 200.0}",regular
Case91,Packing,2012-02-04 17:53:28,2012-02-05 04:00:56,2012-02-05 05:00:56,ID4491,23,0.03932151117964534,0,337.0,0.0,60.00000000000001,17,4,complete,2,49200.933333333334,682.4666666666667,240.93333333333334,89.78333333333333,"{'Part_Desc_': 'Hinge', 'Report_Type': 'S', 'Rework': 'missing', 'Work_Order_Qty': 350.0}",regular
Case17,Turning,2012-02-04 14:06:30,2012-02-05 02:22:53,2012-02-05 05:12:53,ID4219,23,0,0,40.0,0.0,500.0,11,2,complete,2,49102.88333333333,5276.783333333334,142.88333333333333,111.66666666666667,"{'Part_Desc_': 'Clamp', 'Report_Type': 'S', 'Rework': 'missing', 'Work_Order_Qty': 100.0}",regular
Case67,Turning & Milling,2012-02-01 12:59:02,2012-02-05 01:26:30,2012-02-05 06:14:30,ID4932,28,0.6491904394757132,8,2.0,0.0,75.0,13,22,complete,2,44530.11666666667,731.0833333333334,1330.1166666666666,115.16666666666667,"{'Part_Desc_': 'Cable Head', 'Report_Type': 'S', 'Rework': 'missing', 'Work_Order_Qty': 150.0}",deviant
Case44,Turning & Milling Q.C.,2012-02-04 21:07:30,2012-02-05 06:05:22,2012-02-05 07:35:22,ID4287,22,0.17424826522744796,0,105.00000000000001,0.0,75.0,17,6,complete,2,49325.36666666667,4812.466666666666,365.3666666666667,94.56666666666666,"{'Part_Desc_': 'Cast', 'Report_Type': 'S', 'Rework': 'missing', 'Work_Order_Qty': 198.0}",regular
Case89,Final Inspection Q.C.,2012-02-05 03:13:01,2012-02-05 11:08:39,2012-02-05 11:09:39,ID4618,22,0.2027756360832691,0,200.00000000000003,0.0,75.0,12,11,complete,2,49628.65,535.6333333333333,668.65,77.1,"{'Part_Desc_': 'Drum', 'Report_Type': 'S', 'Rework': 'missing', 'Work_Order_Qty': 200.0}",regular
Case38,Turning & Milling Q.C.,2012-02-05 01:26:30,2012-02-05 09:09:43,2012-02-05 11:10:43,ID4493,22,0.17424826522744796,0,1.0,0.0,278.0,12,9,complete,2,49509.71666666667,4989.85,549.7166666666667,75.21666666666667,"{'Part_Desc_': 'Cable Head', 'Report_Type': 'S', 'Rework': 'missing', 'Work_Order_Qty': 53.0}",deviant
Case267,Turning & Milling,2012-02-01 14:04:23,2012-02-05 06:14:30,2012-02-05 11:19:30,ID4932,28,0.6491904394757132,8,9.0,0.0,193.00000000000003,18,0,complete,2,44650.416666666664,708.1333333333333,10.416666666666666,105.85,"{'Part_Desc_': 'Punch Holder', 'Report_Type': 'S', 'Rework': 'missing', 'Work_Order_Qty': 350.0}",deviant
Case21,Laser Marking,2012-02-02 01:15:59,2012-02-05 11:19:30,2012-02-05 12:10:30,ID4932,27,0.06090979182729375,11,25.0,0.0,135.0,13,9,complete,2,45230.88333333333,552.9,590.8833333333333,106.68333333333334,"{'Part_Desc_': 'Punch Plate', 'Report_Type': 'S', 'Rework': 'missing', 'Work_Order_Qty': 151.0}",deviant
Case18,Turning & Milling,2012-02-03 10:03:05,2012-02-05 12:10:30,2012-02-05 12:11:30,ID4932,24,0.6491904394757132,7,14.0,0.0,80.0,10,20,complete,2,47309.3,761.2166666666667,1229.3,74.58333333333333,"{'Part_Desc_': 'Cable Head', 'Report_Type': 'S', 'Rework': 'missing', 'Work_Order_Qty': 557.0}",regular
Case38,Laser Marking,2012-02-05 11:10:43,2012-02-05 17:19:23,2012-02-05 18:38:23,ID0998,21,0.06090979182729375,0,1.0,0.0,278.0,13,17,complete,2,49999.38333333333,489.6666666666667,1039.3833333333334,74.1,"{'Part_Desc_': 'Cable Head', 'Report_Type': 'S', 'Rework': 'missing', 'Work_Order_Qty': 53.0}",deviant
Case21,Round Grinding,2012-02-05 12:10:30,2012-02-05 17:48:31,2012-02-05 18:50:31,ID4445,21,0.4379336931380108,0,25.0,0.0,135.0,14,17,complete,2,50028.51666666667,4797.633333333333,1068.5166666666667,121.56666666666666,"{'Part_Desc_': 'Punch Plate', 'Report_Type': 'S', 'Rework': 'missing', 'Work_Order_Qty': 151.0}",deviant
Case89,Laser Marking,2012-02-05 11:09:39,2012-02-05 18:38:23,2012-02-05 19:53:23,ID0998,21,0.06090979182729375,0,200.00000000000003,0.0,75.0,13,17,complete,2,50018.7,390.05,1058.7,82.33333333333333,"{'Part_Desc_': 'Drum', 'Report_Type': 'S', 'Rework': 'missing', 'Work_Order_Qty': 200.0}",regular
Case90,Turning & Milling,2012-02-04 01:13:00,2012-02-05 12:11:30,2012-02-05 21:01:30,ID4932,23,0.6491904394757132,7,176.0,0.0,60.0,10,11,complete,2,48227.71666666667,1279.7166666666667,707.7166666666667,60.36666666666667,"{'Part_Desc_': 'Drum', 'Report_Type': 'S', 'Rework': 'missing', 'Work_Order_Qty': 200.0}",regular
Case44,Turn & Mill. & Screw Assem,2012-02-05 07:35:22,2012-02-05 15:16:44,2012-02-06 00:13:44,ID4132,21,0,0,105.00000000000001,0.0,75.0,18,15,complete,2,49876.73333333333,551.3666666666667,916.7333333333333,100.76666666666667,"{'Part_Desc_': 'Cast', 'Report_Type': 'S', 'Rework': 'missing', 'Work_Order_Qty': 198.0}",regular
Case38,Lapping,2012-02-05 18:38:23,2012-02-05 23:33:35,2012-02-06 00:48:35,ID4882,21,0.12336160370084812,0,1.0,0.0,278.0,14,23,complete,2,50373.583333333336,374.2,1413.5833333333333,76.05,"{'Part_Desc_': 'Cable Head', 'Report_Type': 'S', 'Rework': 'missing', 'Work_Order_Qty': 53.0}",deviant
Case21,Round Grinding,2012-02-05 18:50:31,2012-02-06 00:07:57,2012-02-06 01:57:57,ID0420,21,0.4379336931380108,0,25.0,0.0,135.0,15,0,complete,2,50407.95,379.43333333333334,7.95,158.38333333333333,"{'Part_Desc_': 'Punch Plate', 'Report_Type': 'S', 'Rework': 'missing', 'Work_Order_Qty': 151.0}",deviant
Case95,Turning & Milling,2012-02-04 14:04:44,2012-02-05 21:01:30,2012-02-06 07:26:30,ID4932,23,0.6491904394757132,7,2.0,0.0,1.0,12,1,complete,2,49038.11666666667,1221.3833333333334,78.11666666666666,115.56666666666666,"{'Part_Desc_': 'Punch Holder', 'Report_Type': 'S', 'Rework': 'missing', 'Work_Order_Qty': 305.0}",regular
Case44,Lapping,2012-02-06 00:13:44,2012-02-06 07:42:30,2012-02-06 08:57:30,ID4882,20,0.12336160370084812,0,105.00000000000001,0.0,75.0,19,7,complete,2,50862.5,985.7666666666667,462.5,89.8,"{'Part_Desc_': 'Cast', 'Report_Type': 'S', 'Rework': 'missing', 'Work_Order_Qty': 198.0}",regular
Case67,Turning & Milling,2012-02-05 06:14:30,2012-02-06 07:26:30,2012-02-06 11:15:30,ID4932,21,0.6491904394757132,5,2.0,0.0,75.0,14,13,complete,2,49794.98333333333,5264.866666666667,834.9833333333333,108.06666666666666,"{'Part_Desc_': 'Cable Head', 'Report_Type': 'S', 'Rework': 'missing', 'Work_Order_Qty': 150.0}",deviant
Case90,Turning & Milling,2012-02-05 21:01:30,2012-02-06 05:29:10,2012-02-06 11:57:10,ID4529,20,0.6491904394757132,0,176.0,0.0,60.0,11,5,complete,2,50729.166666666664,2501.45,329.1666666666667,57.85,"{'Part_Desc_': 'Drum', 'Report_Type': 'S', 'Rework': 'missing', 'Work_Order_Qty': 200.0}",regular
Case38,Lapping,2012-02-06 00:48:35,2012-02-06 06:54:28,2012-02-06 12:16:28,ID0998,20,0.12336160370084812,0,1.0,0.0,278.0,15,6,complete,2,50814.46666666667,440.8833333333333,414.46666666666664,91.5,"{'Part_Desc_': 'Cable Head', 'Report_Type': 'S', 'Rework': 'missing', 'Work_Order_Qty': 53.0}",deviant
Case21,Round Grinding,2012-02-06 01:57:57,2012-02-06 07:46:39,2012-02-06 15:36:39,ID0420,20,0.4379336931380108,0,25.0,0.0,135.0,16,7,complete,2,50866.65,458.7,466.65,176.46666666666667,"{'Part_Desc_': 'Punch Plate', 'Report_Type': 'S', 'Rework': 'missing', 'Work_Order_Qty': 151.0}",deviant
Case44,Laser Marking,2012-02-06 08:57:30,2012-02-06 16:25:25,2012-02-06 17:40:25,ID4882,20,0.06090979182729375,0,105.00000000000001,0.0,75.0,20,16,complete,2,51385.416666666664,522.9166666666666,985.4166666666666,93.68333333333334,"{'Part_Desc_': 'Cast', 'Report_Type': 'S', 'Rework': 'missing', 'Work_Order_Qty': 198.0}",regular
Case38,Round Grinding,2012-02-06 12:16:28,2012-02-06 18:30:03,2012-02-06 20:02:03,ID4385,20,0.4379336931380108,0,1.0,0.0,278.0,16,18,complete,2,51510.05,695.5833333333334,1110.05,108.96666666666667,"{'Part_Desc_': 'Cable Head', 'Report_Type': 'S', 'Rework': 'missing', 'Work_Order_Qty': 53.0}",deviant
Case17,Turning,2012-02-05 05:12:53,2012-02-06 11:15:30,2012-02-06 21:55:30,ID4932,21,0,5,40.0,0.0,500.0,12,15,complete,2,49917.85,814.9666666666667,957.85,98.78333333333333,"{'Part_Desc_': 'Clamp', 'Report_Type': 'S', 'Rework': 'missing', 'Work_Order_Qty': 100.0}",regular
Case267,Turning & Milling,2012-02-05 11:19:30,2012-02-06 21:55:30,2012-02-06 23:10:30,ID4932,21,0.6491904394757132,4,9.0,0.0,193.00000000000003,19,19,complete,2,50132.15,5481.733333333334,1172.15,86.51666666666667,"{'Part_Desc_': 'Punch Holder', 'Report_Type': 'S', 'Rework': 'missing', 'Work_Order_Qty': 350.0}",deviant
Case95,Turning & Milling,2012-02-06 07:26:30,2012-02-06 18:17:44,2012-02-07 00:18:44,ID4167,20,0.6491904394757132,0,2.0,0.0,1.0,13,18,complete,2,51497.73333333333,2459.616666666667,1097.7333333333333,73.5,"{'Part_Desc_': 'Punch Holder', 'Report_Type': 'S', 'Rework': 'missing', 'Work_Order_Qty': 305.0}",regular
Case90,Turning Q.C.,2012-02-06 11:57:10,2012-02-06 19:50:38,2012-02-07 01:35:38,ID4618,20,0,0,176.0,0.0,60.0,12,19,complete,2,51590.63333333333,861.4666666666667,1190.6333333333334,51.083333333333336,"{'Part_Desc_': 'Drum', 'Report_Type': 'S', 'Rework': 'missing', 'Work_Order_Qty': 200.0}",regular
Case67,Turning & Milling,2012-02-06 11:15:30,2012-02-07 00:18:44,2012-02-07 03:22:44,ID4167,20,0.6491904394757132,0,2.0,0.0,75.0,15,18,complete,2,51508.75,1713.7666666666667,1108.75,110.21666666666667,"{'Part_Desc_': 'Cable Head', 'Report_Type': 'S', 'Rework': 'missing', 'Work_Order_Qty': 150.0}",deviant
Case17,Turning Q.C.,2012-02-06 21:55:30,2012-02-07 07:59:05,2012-02-07 08:39:05,ID4287,19,0,0,40.0,0.0,500.0,13,7,complete,2,52319.083333333336,2401.233333333333,479.0833333333333,99.03333333333333,"{'Part_Desc_': 'Clamp', 'Report_Type': 'S', 'Rework': 'missing', 'Work_Order_Qty': 100.0}",regular
Case21,Round Grinding,2012-02-06 15:36:39,2012-02-06 22:09:03,2012-02-07 08:59:03,ID4445,20,0.4379336931380108,0,25.0,0.0,135.0,17,22,complete,2,51729.05,862.4,1329.05,145.51666666666668,"{'Part_Desc_': 'Punch Plate', 'Report_Type': 'S', 'Rework': 'missing', 'Work_Order_Qty': 151.0}",deviant
Case90,Laser Marking,2012-02-07 01:35:38,2012-02-07 08:37:46,2012-02-07 09:09:46,ID0998,19,0.06090979182729375,0,176.0,0.0,60.0,13,8,complete,2,52357.76666666667,767.1333333333333,517.7666666666667,72.65,"{'Part_Desc_': 'Drum', 'Report_Type': 'S', 'Rework': 'missing', 'Work_Order_Qty': 200.0}",regular
Case18,Turning & Milling,2012-02-05 12:11:30,2012-02-06 23:10:30,2012-02-07 10:06:30,ID4932,21,0.6491904394757132,2,14.0,0.0,80.0,11,19,complete,2,50140.35,2831.05,1180.35,58.916666666666664,"{'Part_Desc_': 'Cable Head', 'Report_Type': 'S', 'Rework': 'missing', 'Work_Order_Qty': 557.0}",regular
Case267,Turning & Milling,2012-02-06 23:10:30,2012-02-07 10:06:30,2012-02-07 13:19:30,ID4932,19,0.6491904394757132,1,9.0,0.0,193.00000000000003,20,6,complete,2,52250.666666666664,2118.516666666667,410.6666666666667,79.01666666666667,"{'Part_Desc_': 'Punch Holder', 'Report_Type': 'S', 'Rework': 'missing', 'Work_Order_Qty': 350.0}",deviant
Case95,Turning & Milling,2012-02-07 00:18:44,2012-02-07 09:17:52,2012-02-07 16:17:52,ID4529,19,0.6491904394757132,0,2.0,0.0,1.0,14,9,complete,2,52397.86666666667,900.1333333333333,557.8666666666667,67.53333333333333,"{'Part_Desc_': 'Punch Holder', 'Report_Type': 'S', 'Rework': 'missing', 'Work_Order_Qty': 305.0}",regular
Case90,Final Inspection Q.C.,2012-02-07 09:09:46,2012-02-07 16:05:55,2012-02-07 16:19:55,ID4618,19,0.2027756360832691,0,176.0,0.0,60.0,14,16,complete,2,52805.916666666664,448.15,965.9166666666666,76.66666666666667,"{'Part_Desc_': 'Drum', 'Report_Type': 'S', 'Rework': 'missing', 'Work_Order_Qty': 200.0}",regular
Case17,Turning Q.C.,2012-02-07 08:39:05,2012-02-07 16:37:49,2012-02-07 16:52:49,ID4287,19,0,0,40.0,0.0,500.0,14,16,complete,2,52837.816666666666,518.7333333333333,997.8166666666667,96.88333333333334,"{'Part_Desc_': 'Clamp', 'Report_Type': 'S', 'Rework': 'missing', 'Work_Order_Qty': 100.0}",regular
Case38,Round Grinding,2012-02-06 20:02:03,2012-02-07 08:59:03,2012-02-07 19:44:03,ID4445,19,0.4379336931380108,0,1.0,0.0,278.0,17,2,complete,2,51989.6,479.55,149.6,111.43333333333334,"{'Part_Desc_': 'Cable Head', 'Report_Type': 'S', 'Rework': 'missing', 'Work_Order_Qty': 53.0}",deviant
Case21,Round Grinding,2012-02-07 08:59:03,2012-02-07 19:44:03,2012-02-07 22:14:03,ID4445,19,0.4379336931380108,1,25.0,0.0,135.0,18,15,complete,2,52767.166666666664,1038.1166666666666,927.1666666666666,95.38333333333334,"{'Part_Desc_': 'Punch Plate', 'Report_Type': 'S', 'Rework': 'missing', 'Work_Order_Qty': 151.0}",deviant
Case67,Turning & Milling,2012-02-07 03:22:44,2012-02-07 16:17:52,2012-02-07 22:28:52,ID4529,19,0.6491904394757132,0,2.0,0.0,75.0,16,10,complete,2,52493.066666666666,984.3166666666667,653.0666666666667,100.7,"{'Part_Desc_': 'Cable Head', 'Report_Type': 'S', 'Rework': 'missing', 'Work_Order_Qty': 150.0}",deviant
Case90,Turning Q.C.,2012-02-07 16:19:55,2012-02-07 22:24:39,2012-02-07 23:39:39,ID4618,18,0,0,176.0,0.0,60.0,15,22,complete,2,53184.65,378.73333333333335,1344.65,75.86666666666666,"{'Part_Desc_': 'Drum', 'Report_Type': 'S', 'Rework': 'missing', 'Work_Order_Qty': 200.0}",regular
Case17,Laser Marking,2012-02-07 16:52:49,2012-02-08 00:06:19,2012-02-08 01:29:19,ID4445,18,0.06090979182729375,1,40.0,0.0,500.0,15,0,complete,2,53286.316666666666,448.5,6.316666666666666,127.9,"{'Part_Desc_': 'Clamp', 'Report_Type': 'S', 'Rework': 'missing', 'Work_Order_Qty': 100.0}",regular
Case18,Turning & Milling,2012-02-07 10:06:30,2012-02-07 17:07:09,2012-02-08 04:02:09,ID4932,19,0.6491904394757132,1,14.0,0.0,80.0,12,17,complete,2,52867.15,2726.8,1027.15,59.766666666666666,"{'Part_Desc_': 'Cable Head', 'Report_Type': 'S', 'Rework': 'missing', 'Work_Order_Qty': 557.0}",regular
Case21,Round Grinding,2012-02-07 22:14:03,2012-02-08 04:41:51,2012-02-08 05:31:51,ID4445,18,0.4379336931380108,0,25.0,0.0,135.0,19,4,complete,2,53561.85,794.6833333333333,281.85,102.18333333333334,"{'Part_Desc_': 'Punch Plate', 'Report_Type': 'S', 'Rework': 'missing', 'Work_Order_Qty': 151.0}",deviant
Case90,Packing,2012-02-07 23:39:39,2012-02-08 05:08:11,2012-02-08 06:08:11,ID4820,18,0.03932151117964534,0,176.0,0.0,60.0,16,5,complete,2,53588.183333333334,403.53333333333336,308.18333333333334,83.6,"{'Part_Desc_': 'Drum', 'Report_Type': 'S', 'Rework': 'missing', 'Work_Order_Qty': 200.0}",regular
Case95,Turning & Milling,2012-02-07 16:17:52,2012-02-07 23:35:52,2012-02-08 07:59:52,ID4641,18,0.6491904394757132,0,2.0,0.0,1.0,15,23,complete,2,53255.86666666667,858.0,1415.8666666666666,68.11666666666666,"{'Part_Desc_': 'Punch Holder', 'Report_Type': 'S', 'Rework': 'missing', 'Work_Order_Qty': 305.0}",regular
Case67,Turning & Milling Q.C.,2012-02-07 22:28:52,2012-02-08 05:18:08,2012-02-08 08:28:08,ID4163,18,0.17424826522744796,0,2.0,0.0,75.0,17,5,complete,2,53598.13333333333,1105.0666666666666,318.1333333333333,110.83333333333333,"{'Part_Desc_': 'Cable Head', 'Report_Type': 'S', 'Rework': 'missing', 'Work_Order_Qty': 150.0}",deviant
Case38,Round Grinding,2012-02-07 19:44:03,2012-02-08 02:10:39,2012-02-08 10:45:39,ID4385,18,0.4379336931380108,0,1.0,0.0,278.0,18,2,complete,2,53410.65,1421.05,130.65,123.26666666666667,"{'Part_Desc_': 'Cable Head', 'Report_Type': 'S', 'Rework': 'missing', 'Work_Order_Qty': 53.0}",deviant
Case21,Round Grinding,2012-02-08 05:31:51,2012-02-08 11:53:11,2012-02-08 14:08:11,ID4445,18,0.4379336931380108,0,25.0,0.0,135.0,20,11,complete,2,53993.183333333334,431.3333333333333,713.1833333333333,107.6,"{'Part_Desc_': 'Punch Plate', 'Report_Type': 'S', 'Rework': 'missing', 'Work_Order_Qty': 151.0}",deviant
Case67,Laser Marking,2012-02-08 08:28:08,2012-02-08 14:49:39,2012-02-08 15:17:39,ID3846,17,0.06090979182729375,0,2.0,0.0,75.0,18,14,complete,2,54169.65,571.5166666666667,889.65,100.25,"{'Part_Desc_': 'Cable Head', 'Report_Type': 'S', 'Rework': 'missing', 'Work_Order_Qty': 150.0}",deviant
Case17,Turning,2012-02-08 01:29:19,2012-02-08 08:03:54,2012-02-08 16:23:54,ID4932,18,0,0,40.0,0.0,500.0,16,8,complete,2,53763.9,477.5833333333333,483.9,119.81666666666666,"{'Part_Desc_': 'Clamp', 'Report_Type': 'S', 'Rework': 'missing', 'Work_Order_Qty': 100.0}",regular
Case18,Turning & Milling,2012-02-08 04:02:09,2012-02-08 11:06:50,2012-02-08 16:36:50,ID4167,18,0.6491904394757132,0,14.0,0.0,80.0,13,11,complete,2,53946.833333333336,1079.6833333333334,666.8333333333334,74.05,"{'Part_Desc_': 'Cable Head', 'Report_Type': 'S', 'Rework': 'missing', 'Work_Order_Qty': 557.0}",regular
Case95,Turning & Milling Q.C.,2012-02-08 07:59:52,2012-02-08 14:52:45,2012-02-08 16:59:45,ID4618,17,0.17424826522744796,0,2.0,0.0,1.0,16,14,complete,2,54172.75,916.8833333333333,892.75,70.53333333333333,"{'Part_Desc_': 'Punch Holder', 'Report_Type': 'S', 'Rework': 'missing', 'Work_Order_Qty': 305.0}",regular
Case38,Final Inspection Q.C.,2012-02-08 10:45:39,2012-02-08 17:18:39,2012-02-08 21:56:39,ID4493,17,0.2027756360832691,0,1.0,0.0,278.0,19,17,complete,2,54318.65,908.0,1038.65,87.71666666666667,"{'Part_Desc_': 'Cable Head', 'Report_Type': 'S', 'Rework': 'missing', 'Work_Order_Qty': 53.0}",deviant
Case67,Laser Marking,2012-02-08 15:17:39,2012-02-08 21:55:05,2012-02-09 00:34:05,ID0998,16,0.06090979182729375,0,2.0,0.0,75.0,19,21,complete,2,54595.083333333336,425.43333333333334,1315.0833333333333,89.01666666666667,"{'Part_Desc_': 'Cable Head', 'Report_Type': 'S', 'Rework': 'missing', 'Work_Order_Qty': 150.0}",deviant
Case95,Turning & Milling,2012-02-08 16:59:45,2012-02-08 23:25:29,2012-02-09 03:40:29,ID4932,15,0.6491904394757132,0,2.0,0.0,1.0,17,23,complete,2,54685.48333333333,512.7333333333333,1405.4833333333333,75.78333333333333,"{'Part_Desc_': 'Punch Holder', 'Report_Type': 'S', 'Rework': 'missing', 'Work_Order_Qty': 305.0}",regular
Case67,Lapping,2012-02-09 00:34:05,2012-02-09 05:25:54,2012-02-09 06:40:54,ID4882,14,0.12336160370084812,0,2.0,0.0,75.0,20,5,complete,2,55045.9,450.81666666666666,325.9,84.88333333333334,"{'Part_Desc_': 'Cable Head', 'Report_Type': 'S', 'Rework': 'missing', 'Work_Order_Qty': 150.0}",deviant
Case18,Turning & Milling,2012-02-08 16:36:50,2012-02-08 23:56:59,2012-02-09 07:57:59,ID4529,15,0.6491904394757132,0,14.0,0.0,80.0,14,23,complete,2,54716.98333333333,770.15,1436.9833333333333,70.08333333333333,"{'Part_Desc_': 'Cable Head', 'Report_Type': 'S', 'Rework': 'missing', 'Work_Order_Qty': 557.0}",regular
Case95,Turning & Milling Q.C.,2012-02-09 03:40:29,2012-02-09 08:18:18,2012-02-09 08:19:18,ID4618,14,0.17424826522744796,0,2.0,0.0,1.0,18,8,complete,2,55218.3,532.8166666666667,498.3,58.3,"{'Part_Desc_': 'Punch Holder', 'Report_Type': 'S', 'Rework': 'missing', 'Work_Order_Qty': 305.0}",regular
Case95,Turning & Milling Q.C.,2012-02-09 08:19:18,2012-02-09 11:10:49,2012-02-09 11:11:49,ID4618,13,0.17424826522744796,0,2.0,0.0,1.0,19,11,complete,2,55390.816666666666,172.51666666666668,670.8166666666667,56.2,"{'Part_Desc_': 'Punch Holder', 'Report_Type': 'S', 'Rework': 'missing', 'Work_Order_Qty': 305.0}",regular
Case95,Turning & Milling,2012-02-09 11:11:49,2012-02-09 13:18:44,2012-02-09 13:19:44,ID4932,13,0.6491904394757132,0,2.0,0.0,1.0,20,13,complete,2,55518.73333333333,127.91666666666667,798.7333333333333,61.583333333333336,"{'Part_Desc_': 'Punch Holder', 'Report_Type': 'S', 'Rework': 'missing', 'Work_Order_Qty': 305.0}",regular
Case18,Turning & Milling,2012-02-09 07:57:59,2012-02-09 13:44:36,2012-02-10 00:45:36,ID4529,13,0.6491904394757132,0,14.0,0.0,80.0,15,13,complete,2,55544.6,827.6166666666667,824.6,73.26666666666667,"{'Part_Desc_': 'Cable Head', 'Report_Type': 'S', 'Rework': 'missing', 'Work_Order_Qty': 557.0}",regular
Case18,Turning & Milling,2012-02-10 00:45:36,2012-02-10 07:29:12,2012-02-10 08:44:12,ID4932,12,0.6491904394757132,0,14.0,0.0,80.0,16,7,complete,2,56609.2,1064.6,449.2,43.43333333333333,"{'Part_Desc_': 'Cable Head', 'Report_Type': 'S', 'Rework': 'missing', 'Work_Order_Qty': 557.0}",regular
Case18,Turning & Milling,2012-02-10 08:44:12,2012-02-10 17:58:23,2012-02-11 00:14:23,ID4641,12,0.6491904394757132,0,14.0,0.0,80.0,17,17,complete,2,57238.38333333333,629.1833333333333,1078.3833333333334,13.533333333333333,"{'Part_Desc_': 'Cable Head', 'Report_Type': 'S', 'Rework': 'missing', 'Work_Order_Qty': 557.0}",regular
Case18,Turning & Milling,2012-02-11 00:14:23,2012-02-11 08:47:44,2012-02-11 15:17:44,ID4641,12,0.6491904394757132,0,14.0,0.0,80.0,18,8,complete,2,58127.73333333333,889.35,527.7333333333333,73.31666666666666,"{'Part_Desc_': 'Cable Head', 'Report_Type': 'S', 'Rework': 'missing', 'Work_Order_Qty': 557.0}",regular
Case18,Turning & Milling Q.C.,2012-02-11 15:17:44,2012-02-11 23:16:38,2012-02-12 00:56:38,ID4163,12,0.17424826522744796,0,14.0,0.0,80.0,19,23,complete,2,58996.63333333333,868.9,1396.6333333333334,123.83333333333333,"{'Part_Desc_': 'Cable Head', 'Report_Type': 'S', 'Rework': 'missing', 'Work_Order_Qty': 557.0}",regular
Case18,Turning & Milling,2012-02-12 00:56:38,2012-02-12 06:46:39,2012-02-12 08:06:39,ID4932,12,0.6491904394757132,0,14.0,0.0,80.0,20,6,complete,2,59446.65,450.01666666666665,406.65,117.01666666666667,"{'Part_Desc_': 'Cable Head', 'Report_Type': 'S', 'Rework': 'missing', 'Work_Order_Qty': 557.0}",regular
