caseid,task,arrive:timestamp,start:timestamp,time:timestamp,role,open_cases,st_tsk_wip,queue,event_nr,hour,month,timesincecasestart,timesincelastevent,timesincemidnight,weekday,attrib_trace,label
2,Create Purchase Requisition,2011-01-01 00:16:00,2011-01-01 00:16:00,2011-01-01 00:29:00,Immanuel Karagianni,42,0.1258027956176804,0,1,0,1,16.0,16.0,16.0,6,{'lifecycle:transition': 'complete'},regular
1,Create Purchase Requisition,2011-01-01 00:00:00,2011-01-01 00:00:00,2011-01-01 00:37:00,Kim Passa,41,0.1258027956176804,0,1,0,1,0.0,0.0,0.0,6,{'lifecycle:transition': 'complete'},deviant
3,Create Purchase Requisition,2011-01-01 02:23:00,2011-01-01 02:23:00,2011-01-01 03:03:00,Kim Passa,43,0.1258027956176804,0,1,2,1,143.0,143.0,143.0,6,{'lifecycle:transition': 'complete'},deviant
1,Create Request for Quotation,2011-01-01 00:37:00,2011-01-01 04:07:05,2011-01-01 04:15:05,Kim Passa,42,0.04731771817151492,0,2,4,1,247.08333333333334,247.08333333333334,247.08333333333334,6,{'lifecycle:transition': 'complete'},deviant
2,Create Request for Quotation,2011-01-01 00:29:00,2011-01-01 04:42:24,2011-01-01 04:52:24,Alberto Duport,42,0.04731771817151492,0,2,4,1,282.4,266.4,282.4,6,{'lifecycle:transition': 'complete'},regular
4,Create Purchase Requisition,2011-01-01 08:39:00,2011-01-01 08:39:00,2011-01-01 09:00:00,Fjodor Kowalski,44,0.1258027956176804,0,1,8,1,519.0,519.0,519.0,6,{'lifecycle:transition': 'complete'},deviant
5,Create Purchase Requisition,2011-01-01 09:49:00,2011-01-01 09:49:00,2011-01-01 10:35:00,Esmana Liubiata,45,0.1258027956176804,0,1,9,1,589.0,589.0,589.0,6,{'lifecycle:transition': 'complete'},deviant
10,Create Purchase Requisition,2011-01-02 02:52:00,2011-01-02 02:52:00,2011-01-02 03:43:00,Esmana Liubiata,46,0.1258027956176804,0,1,2,1,1612.0,1612.0,172.0,7,{'lifecycle:transition': 'complete'},regular
3,Analyze Purchase Requisition,2011-01-01 03:03:00,2011-01-02 04:38:24,2011-01-02 04:46:24,Heinz Gutschmidt,43,0.03333962976955043,0,2,4,1,1718.4,1575.4,278.4,7,{'lifecycle:transition': 'complete'},deviant
3,Create Request for Quotation,2011-01-02 04:46:24,2011-01-02 05:23:31,2011-01-02 05:25:31,Francis Odell,46,0.04731771817151492,0,3,5,1,1763.5166666666667,45.11666666666667,323.51666666666665,7,{'lifecycle:transition': 'complete'},deviant
12,Create Purchase Requisition,2011-01-02 05:31:00,2011-01-02 05:31:00,2011-01-02 05:41:00,Alberto Duport,48,0.1258027956176804,0,1,5,1,1771.0,1771.0,331.0,7,{'lifecycle:transition': 'complete'},deviant
11,Create Purchase Requisition,2011-01-02 05:12:00,2011-01-02 05:12:00,2011-01-02 05:53:00,Miu Hanwan,47,0.1258027956176804,0,1,5,1,1752.0,1752.0,312.0,7,{'lifecycle:transition': 'complete'},deviant
13,Create Purchase Requisition,2011-01-02 07:47:00,2011-01-02 07:47:00,2011-01-02 08:06:00,Anna Kaufmann,49,0.1258027956176804,0,1,7,1,1907.0,1907.0,467.0,7,{'lifecycle:transition': 'complete'},regular
10,Create Request for Quotation,2011-01-02 03:43:00,2011-01-02 09:29:13,2011-01-02 09:36:13,Immanuel Karagianni,46,0.04731771817151492,0,2,9,1,2009.2166666666667,397.21666666666664,569.2166666666667,7,{'lifecycle:transition': 'complete'},regular
4,Analyze Purchase Requisition,2011-01-01 09:00:00,2011-01-02 10:49:33,2011-01-02 10:55:33,Maris Freeman,44,0.03333962976955043,0,2,10,1,2089.55,1570.55,649.55,7,{'lifecycle:transition': 'complete'},deviant
2,Analyze Request for Quotation,2011-01-01 04:52:24,2011-01-02 11:12:06,2011-01-02 11:16:06,Karel de Groot,43,0.1774650547789951,0,3,11,1,2112.1,1829.7,672.1,7,{'lifecycle:transition': 'complete'},regular
4,Create Request for Quotation,2011-01-02 10:55:33,2011-01-02 11:32:35,2011-01-02 11:34:35,Heinz Gutschmidt,49,0.04731771817151492,0,3,11,1,2132.5833333333335,43.03333333333333,692.5833333333334,7,{'lifecycle:transition': 'complete'},deviant
1,Analyze Request for Quotation,2011-01-01 04:15:05,2011-01-02 11:53:27,2011-01-02 12:07:27,Karel de Groot,43,0.1774650547789951,0,3,11,1,2153.45,1906.3666666666666,713.45,7,{'lifecycle:transition': 'complete'},deviant
5,Analyze Purchase Requisition,2011-01-01 10:35:00,2011-01-02 12:38:58,2011-01-02 12:45:58,Maris Freeman,45,0.03333962976955043,0,2,12,1,2198.9666666666667,1609.9666666666667,758.9666666666667,7,{'lifecycle:transition': 'complete'},deviant
5,Create Request for Quotation,2011-01-02 12:45:58,2011-01-02 13:22:59,2011-01-02 13:23:59,Maris Freeman,49,0.04731771817151492,0,3,13,1,2242.983333333333,44.016666666666666,802.9833333333333,7,{'lifecycle:transition': 'complete'},deviant
13,Create Request for Quotation,2011-01-02 08:06:00,2011-01-02 14:10:05,2011-01-02 14:19:05,Anna Kaufmann,49,0.04731771817151492,0,2,14,1,2290.0833333333335,383.0833333333333,850.0833333333334,7,{'lifecycle:transition': 'complete'},regular
14,Create Purchase Requisition,2011-01-02 13:58:00,2011-01-02 13:58:00,2011-01-02 14:50:00,Miu Hanwan,50,0.1258027956176804,0,1,13,1,2278.0,2278.0,838.0,7,{'lifecycle:transition': 'complete'},regular
2,Amend Request for Quotation,2011-01-02 11:16:06,2011-01-02 15:34:25,2011-01-02 15:39:25,Christian Francois,49,0.057329051756705704,0,4,15,1,2374.4166666666665,262.31666666666666,934.4166666666666,7,{'lifecycle:transition': 'complete'},regular
15,Create Purchase Requisition,2011-01-02 18:07:00,2011-01-02 18:07:00,2011-01-02 18:24:00,Clement Duchot,51,0.1258027956176804,0,1,18,1,2527.0,2527.0,1087.0,7,{'lifecycle:transition': 'complete'},deviant
18,Create Purchase Requisition,2011-01-02 19:36:00,2011-01-02 19:36:00,2011-01-02 19:52:00,Tesca Lobes,54,0.1258027956176804,0,1,19,1,2616.0,2616.0,1176.0,7,{'lifecycle:transition': 'complete'},deviant
16,Create Purchase Requisition,2011-01-02 19:25:00,2011-01-02 19:25:00,2011-01-02 20:14:00,Esmana Liubiata,52,0.1258027956176804,0,1,19,1,2605.0,2605.0,1165.0,7,{'lifecycle:transition': 'complete'},regular
17,Create Purchase Requisition,2011-01-02 19:32:00,2011-01-02 19:32:00,2011-01-02 20:17:00,Anne Olwada,53,0.1258027956176804,0,1,19,1,2612.0,2612.0,1172.0,7,{'lifecycle:transition': 'complete'},deviant
20,Create Purchase Requisition,2011-01-02 21:13:00,2011-01-02 21:13:00,2011-01-02 21:30:00,Anne Olwada,56,0.1258027956176804,0,1,21,1,2713.0,2713.0,1273.0,7,{'lifecycle:transition': 'complete'},regular
19,Create Purchase Requisition,2011-01-02 20:47:00,2011-01-02 20:47:00,2011-01-02 21:36:00,Penn Osterwalder,55,0.1258027956176804,0,1,20,1,2687.0,2687.0,1247.0,7,{'lifecycle:transition': 'complete'},deviant
21,Create Purchase Requisition,2011-01-02 21:17:00,2011-01-02 21:17:00,2011-01-02 22:13:00,Miu Hanwan,57,0.1258027956176804,0,1,21,1,2717.0,2717.0,1277.0,7,{'lifecycle:transition': 'complete'},deviant
22,Create Purchase Requisition,2011-01-02 22:38:00,2011-01-02 22:38:00,2011-01-02 23:05:00,Elvira Lores,58,0.1258027956176804,0,1,22,1,2798.0,2798.0,1358.0,7,{'lifecycle:transition': 'complete'},deviant
23,Create Purchase Requisition,2011-01-02 22:54:00,2011-01-02 22:54:00,2011-01-02 23:41:00,Penn Osterwalder,59,0.1258027956176804,0,1,22,1,2814.0,2814.0,1374.0,7,{'lifecycle:transition': 'complete'},deviant
15,Create Request for Quotation,2011-01-02 18:24:00,2011-01-03 00:40:28,2011-01-03 00:53:28,Christian Francois,51,0.04731771817151492,0,2,0,1,2920.4666666666667,393.46666666666664,40.46666666666667,1,{'lifecycle:transition': 'complete'},deviant
17,Create Request for Quotation,2011-01-02 20:17:00,2011-01-03 02:30:31,2011-01-03 02:40:31,Alberto Duport,54,0.04731771817151492,0,2,2,1,3030.516666666667,418.51666666666665,150.51666666666668,1,{'lifecycle:transition': 'complete'},deviant
1,Send Request for Quotation to Supplier,2011-01-02 12:07:27,2011-01-03 03:04:16,2011-01-03 03:30:16,Karel de Groot,49,0.07225160559123536,0,4,3,1,3064.266666666667,910.8166666666667,184.26666666666668,1,{'lifecycle:transition': 'complete'},deviant
24,Create Purchase Requisition,2011-01-03 03:18:00,2011-01-03 03:18:00,2011-01-03 03:34:00,Miu Hanwan,60,0.1258027956176804,0,1,3,1,3078.0,3078.0,198.0,1,{'lifecycle:transition': 'complete'},deviant
16,Create Request for Quotation,2011-01-02 20:14:00,2011-01-03 04:13:36,2011-01-03 04:22:36,Immanuel Karagianni,54,0.04731771817151492,0,2,4,1,3133.6,528.6,253.6,1,{'lifecycle:transition': 'complete'},regular
12,Analyze Purchase Requisition,2011-01-02 05:41:00,2011-01-03 04:42:31,2011-01-03 04:48:31,Francis Odell,48,0.03333962976955043,0,2,4,1,3162.516666666667,1391.5166666666667,282.51666666666665,1,{'lifecycle:transition': 'complete'},deviant
11,Analyze Purchase Requisition,2011-01-02 05:53:00,2011-01-03 04:59:04,2011-01-03 05:05:04,Francis Odell,48,0.03333962976955043,0,2,4,1,3179.0666666666666,1427.0666666666666,299.06666666666666,1,{'lifecycle:transition': 'complete'},deviant
11,Create Request for Quotation,2011-01-03 05:05:04,2011-01-03 05:27:39,2011-01-03 05:29:39,Francis Odell,60,0.04731771817151492,0,3,5,1,3207.65,28.583333333333332,327.65,1,{'lifecycle:transition': 'complete'},deviant
23,Create Request for Quotation,2011-01-02 23:41:00,2011-01-03 06:30:03,2011-01-03 06:40:03,Esmana Liubiata,59,0.04731771817151492,0,2,6,1,3270.05,456.05,390.05,1,{'lifecycle:transition': 'complete'},deviant
25,Create Purchase Requisition,2011-01-03 07:19:00,2011-01-03 07:19:00,2011-01-03 08:08:00,Anna Kaufmann,61,0.1258027956176804,0,1,7,1,3319.0,3319.0,439.0,1,{'lifecycle:transition': 'complete'},deviant
1,Create Quotation comparison Map,2011-01-03 03:30:16,2011-01-03 06:17:08,2011-01-03 09:48:08,Magdalena Predutta,60,0.4004533434076313,0,5,6,1,3257.133333333333,192.86666666666667,377.1333333333333,1,{'lifecycle:transition': 'complete'},deviant
2,Analyze Request for Quotation,2011-01-02 15:39:25,2011-01-03 09:48:08,2011-01-03 10:21:08,Magdalena Predutta,50,0.1774650547789951,0,5,8,1,3382.1,1007.6833333333333,502.1,1,{'lifecycle:transition': 'complete'},regular
12,Amend Purchase Requisition,2011-01-03 04:48:31,2011-01-03 10:30:24,2011-01-03 10:56:24,Penn Osterwalder,60,0.0017944843218738193,0,3,10,1,3510.4,347.8833333333333,630.4,1,{'lifecycle:transition': 'complete'},deviant
2,Amend Request for Quotation,2011-01-03 10:21:08,2011-01-03 11:01:23,2011-01-03 11:07:23,Esmana Liubiata,61,0.057329051756705704,0,6,11,1,3541.383333333333,159.28333333333333,661.3833333333333,1,{'lifecycle:transition': 'complete'},regular
3,Analyze Request for Quotation,2011-01-02 05:25:31,2011-01-03 11:04:57,2011-01-03 11:25:57,Karel de Groot,47,0.1774650547789951,0,4,11,1,3544.95,1781.4333333333334,664.95,1,{'lifecycle:transition': 'complete'},deviant
24,Create Request for Quotation,2011-01-03 03:34:00,2011-01-03 11:41:24,2011-01-03 11:48:24,Nico Ojenbeer,60,0.04731771817151492,0,2,11,1,3581.4,503.4,701.4,1,{'lifecycle:transition': 'complete'},deviant
14,Analyze Purchase Requisition,2011-01-02 14:50:00,2011-01-03 14:16:31,2011-01-03 14:24:31,Maris Freeman,50,0.03333962976955043,0,2,14,1,3736.516666666667,1458.5166666666667,856.5166666666667,1,{'lifecycle:transition': 'complete'},regular
12,Create Request for Quotation,2011-01-03 10:56:24,2011-01-03 14:18:55,2011-01-03 14:28:55,Tesca Lobes,61,0.04731771817151492,0,4,14,1,3738.9166666666665,228.51666666666668,858.9166666666666,1,{'lifecycle:transition': 'complete'},deviant
14,Create Request for Quotation,2011-01-03 14:24:31,2011-01-03 14:47:30,2011-01-03 14:50:30,Maris Freeman,61,0.04731771817151492,0,3,14,1,3767.5,30.983333333333334,887.5,1,{'lifecycle:transition': 'complete'},regular
10,Analyze Request for Quotation,2011-01-02 09:36:13,2011-01-03 15:32:09,2011-01-03 15:59:09,Francois de Perrier,49,0.1774650547789951,0,3,15,1,3812.15,1802.9333333333334,932.15,1,{'lifecycle:transition': 'complete'},regular
26,Create Purchase Requisition,2011-01-03 16:09:00,2011-01-03 16:09:00,2011-01-03 16:51:00,Tesca Lobes,62,0.1258027956176804,0,1,16,1,3849.0,3849.0,969.0,1,{'lifecycle:transition': 'complete'},deviant
1,Analyze Quotation Comparison Map,2011-01-03 09:48:08,2011-01-03 16:45:05,2011-01-03 17:14:05,Immanuel Karagianni,61,0.0646014355874575,0,6,16,1,3885.0833333333335,627.95,1005.0833333333334,1,{'lifecycle:transition': 'complete'},deviant
1,Choose best option,2011-01-03 17:14:05,2011-01-03 17:14:06,2011-01-03 17:14:06,Tesca Lobes,62,0.0,0,7,17,1,3914.1,29.016666666666666,1034.1,1,{'lifecycle:transition': 'complete'},deviant
27,Create Purchase Requisition,2011-01-03 17:22:00,2011-01-03 17:22:00,2011-01-03 18:16:00,Alberto Duport,63,0.1258027956176804,0,1,17,1,3922.0,3922.0,1042.0,1,{'lifecycle:transition': 'complete'},deviant
4,Analyze Request for Quotation,2011-01-02 11:34:35,2011-01-03 18:25:05,2011-01-03 18:46:05,Francois de Perrier,49,0.1774650547789951,0,4,18,1,3985.0833333333335,1852.5,1105.0833333333333,1,{'lifecycle:transition': 'complete'},deviant
4,Amend Request for Quotation,2011-01-03 18:46:05,2011-01-03 19:15:49,2011-01-03 19:23:49,Nico Ojenbeer,63,0.057329051756705704,0,5,19,1,4035.8166666666666,50.733333333333334,1155.8166666666666,1,{'lifecycle:transition': 'complete'},deviant
18,Analyze Purchase Requisition,2011-01-02 19:52:00,2011-01-03 19:27:23,2011-01-03 19:31:23,Heinz Gutschmidt,54,0.03333962976955043,0,2,19,1,4047.383333333333,1431.3833333333334,1167.3833333333334,1,{'lifecycle:transition': 'complete'},deviant
18,Create Request for Quotation,2011-01-03 19:31:23,2011-01-03 19:52:49,2011-01-03 19:55:49,Heinz Gutschmidt,63,0.04731771817151492,0,3,19,1,4072.8166666666666,25.433333333333334,1192.8166666666666,1,{'lifecycle:transition': 'complete'},deviant
5,Analyze Request for Quotation,2011-01-02 13:23:59,2011-01-03 20:18:38,2011-01-03 20:43:38,Karel de Groot,49,0.1774650547789951,0,4,20,1,4098.633333333333,1855.65,1218.6333333333334,1,{'lifecycle:transition': 'complete'},deviant
5,Amend Request for Quotation,2011-01-03 20:43:38,2011-01-03 21:13:21,2011-01-03 21:25:21,Anne Olwada,63,0.057329051756705704,0,5,21,1,4153.35,54.71666666666667,1273.35,1,{'lifecycle:transition': 'complete'},deviant
20,Analyze Purchase Requisition,2011-01-02 21:30:00,2011-01-03 21:35:23,2011-01-03 21:40:23,Francis Odell,57,0.03333962976955043,0,2,21,1,4175.383333333333,1462.3833333333334,1295.3833333333334,1,{'lifecycle:transition': 'complete'},regular
13,Analyze Request for Quotation,2011-01-02 14:19:05,2011-01-03 21:03:08,2011-01-03 21:45:08,Karel de Groot,50,0.1774650547789951,0,3,21,1,4143.133333333333,1853.05,1263.1333333333334,1,{'lifecycle:transition': 'complete'},regular
19,Analyze Purchase Requisition,2011-01-02 21:36:00,2011-01-03 21:48:46,2011-01-03 21:56:46,Francis Odell,57,0.03333962976955043,0,2,21,1,4188.766666666666,1501.7666666666667,1308.7666666666667,1,{'lifecycle:transition': 'complete'},deviant
20,Create Request for Quotation,2011-01-03 21:40:23,2011-01-03 22:03:08,2011-01-03 22:06:08,Francis Odell,63,0.04731771817151492,0,3,22,1,4203.133333333333,27.75,1323.1333333333334,1,{'lifecycle:transition': 'complete'},regular
21,Analyze Purchase Requisition,2011-01-02 22:13:00,2011-01-03 22:11:33,2011-01-03 22:19:33,Francis Odell,57,0.03333962976955043,0,2,22,1,4211.55,1494.55,1331.55,1,{'lifecycle:transition': 'complete'},deviant
19,Create Request for Quotation,2011-01-03 21:56:46,2011-01-03 22:20:43,2011-01-03 22:21:43,Maris Freeman,63,0.04731771817151492,0,3,22,1,4220.716666666666,31.95,1340.7166666666667,1,{'lifecycle:transition': 'complete'},deviant
21,Create Request for Quotation,2011-01-03 22:19:33,2011-01-03 22:41:16,2011-01-03 22:42:16,Francis Odell,63,0.04731771817151492,0,3,22,1,4241.266666666666,29.716666666666665,1361.2666666666667,1,{'lifecycle:transition': 'complete'},deviant
22,Analyze Purchase Requisition,2011-01-02 23:05:00,2011-01-03 23:41:45,2011-01-03 23:46:45,Maris Freeman,59,0.03333962976955043,0,2,23,1,4301.75,1503.75,1421.75,1,{'lifecycle:transition': 'complete'},deviant
28,Create Purchase Requisition,2011-01-03 23:31:00,2011-01-03 23:31:00,2011-01-03 23:51:00,Miu Hanwan,64,0.1258027956176804,0,1,23,1,4291.0,4291.0,1411.0,1,{'lifecycle:transition': 'complete'},deviant
13,Amend Request for Quotation,2011-01-03 21:45:08,2011-01-03 23:46:59,2011-01-04 00:00:59,Anne Olwada,63,0.057329051756705704,0,4,23,1,4306.983333333334,163.85,1426.9833333333333,1,{'lifecycle:transition': 'complete'},regular
29,Create Purchase Requisition,2011-01-04 02:27:00,2011-01-04 02:27:00,2011-01-04 02:46:00,Penn Osterwalder,65,0.1258027956176804,0,1,2,1,4467.0,4467.0,147.0,2,{'lifecycle:transition': 'complete'},regular
10,Send Request for Quotation to Supplier,2011-01-03 15:59:09,2011-01-04 04:07:44,2011-01-04 04:24:44,Karel de Groot,61,0.07225160559123536,0,4,4,1,4567.733333333334,755.5833333333334,247.73333333333332,2,{'lifecycle:transition': 'complete'},regular
3,Send Request for Quotation to Supplier,2011-01-03 11:25:57,2011-01-04 08:01:13,2011-01-04 08:27:13,Magdalena Predutta,61,0.07225160559123536,0,5,8,1,4801.216666666666,1256.2666666666667,481.21666666666664,2,{'lifecycle:transition': 'complete'},deviant
25,Analyze Purchase Requisition,2011-01-03 08:08:00,2011-01-04 08:53:41,2011-01-04 08:57:41,Francis Odell,61,0.03333962976955043,0,2,8,1,4853.683333333333,1534.6833333333334,533.6833333333333,2,{'lifecycle:transition': 'complete'},deviant
25,Create Request for Quotation,2011-01-04 08:57:41,2011-01-04 09:21:46,2011-01-04 09:22:46,Heinz Gutschmidt,65,0.04731771817151492,0,3,9,1,4881.766666666666,28.083333333333332,561.7666666666667,2,{'lifecycle:transition': 'complete'},deviant
22,Amend Purchase Requisition,2011-01-03 23:46:45,2011-01-04 09:12:58,2011-01-04 09:44:58,Nico Ojenbeer,64,0.0017944843218738193,0,3,9,1,4872.966666666666,571.2166666666667,552.9666666666667,2,{'lifecycle:transition': 'complete'},deviant
1,Settle Conditions With Supplier,2011-01-03 17:14:06,2011-01-04 04:01:48,2011-01-04 11:59:48,Francois de Perrier,62,0.8897808840196448,0,8,4,1,4561.8,647.7,241.8,2,{'lifecycle:transition': 'complete'},deviant
32,Create Purchase Requisition,2011-01-04 12:42:00,2011-01-04 12:42:00,2011-01-04 13:12:00,Christian Francois,68,0.1258027956176804,0,1,12,1,5082.0,5082.0,762.0,2,{'lifecycle:transition': 'complete'},deviant
30,Create Purchase Requisition,2011-01-04 12:33:00,2011-01-04 12:33:00,2011-01-04 13:17:00,Alberto Duport,66,0.1258027956176804,0,1,12,1,5073.0,5073.0,753.0,2,{'lifecycle:transition': 'complete'},regular
31,Create Purchase Requisition,2011-01-04 12:38:00,2011-01-04 12:38:00,2011-01-04 13:22:00,Elvira Lores,67,0.1258027956176804,0,1,12,1,5078.0,5078.0,758.0,2,{'lifecycle:transition': 'complete'},deviant
12,Analyze Request for Quotation,2011-01-03 14:28:55,2011-01-04 13:27:29,2011-01-04 13:31:29,Karel de Groot,61,0.1774650547789951,0,5,13,1,5127.483333333334,1388.5666666666666,807.4833333333333,2,{'lifecycle:transition': 'complete'},deviant
2,Analyze Request for Quotation,2011-01-03 11:07:23,2011-01-04 14:09:29,2011-01-04 14:19:29,Karel de Groot,61,0.1774650547789951,0,7,14,1,5169.483333333334,1628.1,849.4833333333333,2,{'lifecycle:transition': 'complete'},regular
12,Amend Request for Quotation,2011-01-04 13:31:29,2011-01-04 15:17:30,2011-01-04 15:22:30,Penn Osterwalder,68,0.057329051756705704,0,6,15,1,5237.5,110.01666666666667,917.5,2,{'lifecycle:transition': 'complete'},deviant
10,Create Quotation comparison Map,2011-01-04 04:24:44,2011-01-04 14:35:30,2011-01-04 15:32:30,Karel de Groot,65,0.4004533434076313,0,5,14,1,5195.5,627.7666666666667,875.5,2,{'lifecycle:transition': 'complete'},regular
34,Create Purchase Requisition,2011-01-04 15:52:00,2011-01-04 15:52:00,2011-01-04 16:07:00,Esmana Liubiata,70,0.1258027956176804,0,1,15,1,5272.0,5272.0,952.0,2,{'lifecycle:transition': 'complete'},deviant
33,Create Purchase Requisition,2011-01-04 15:30:00,2011-01-04 15:30:00,2011-01-04 16:18:00,Tesca Lobes,69,0.1258027956176804,0,1,15,1,5250.0,5250.0,930.0,2,{'lifecycle:transition': 'complete'},deviant
35,Create Purchase Requisition,2011-01-04 17:08:00,2011-01-04 17:08:00,2011-01-04 17:47:00,Kim Passa,71,0.1258027956176804,0,1,17,1,5348.0,5348.0,1028.0,2,{'lifecycle:transition': 'complete'},deviant
26,Analyze Purchase Requisition,2011-01-03 16:51:00,2011-01-04 17:50:35,2011-01-04 17:58:35,Maris Freeman,62,0.03333962976955043,0,2,17,1,5390.583333333333,1541.5833333333333,1070.5833333333333,2,{'lifecycle:transition': 'complete'},deviant
26,Create Request for Quotation,2011-01-04 17:58:35,2011-01-04 18:22:12,2011-01-04 18:24:12,Heinz Gutschmidt,71,0.04731771817151492,0,3,18,1,5422.2,31.616666666666667,1102.2,2,{'lifecycle:transition': 'complete'},deviant
11,Analyze Request for Quotation,2011-01-03 05:29:39,2011-01-04 18:25:55,2011-01-04 18:49:55,Karel de Groot,60,0.1774650547789951,0,4,18,1,5425.916666666667,2218.266666666667,1105.9166666666667,2,{'lifecycle:transition': 'complete'},deviant
16,Analyze Request for Quotation,2011-01-03 04:22:36,2011-01-04 18:49:55,2011-01-04 19:09:55,Karel de Groot,60,0.1774650547789951,0,3,18,1,5440.933333333333,2307.3333333333335,1120.9333333333334,2,{'lifecycle:transition': 'complete'},regular
3,Create Quotation comparison Map,2011-01-04 08:27:13,2011-01-04 14:24:41,2011-01-04 19:24:41,Francois de Perrier,65,0.4004533434076313,0,6,14,1,5184.683333333333,383.46666666666664,864.6833333333333,2,{'lifecycle:transition': 'complete'},deviant
11,Amend Request for Quotation,2011-01-04 18:49:55,2011-01-04 19:23:46,2011-01-04 19:33:46,Nico Ojenbeer,71,0.057329051756705704,0,5,19,1,5483.766666666666,57.85,1163.7666666666667,2,{'lifecycle:transition': 'complete'},deviant
27,Analyze Purchase Requisition,2011-01-03 18:16:00,2011-01-04 19:29:58,2011-01-04 19:34:58,Francis Odell,63,0.03333962976955043,0,2,19,1,5489.966666666666,1567.9666666666667,1169.9666666666667,2,{'lifecycle:transition': 'complete'},deviant
15,Analyze Request for Quotation,2011-01-03 00:53:28,2011-01-04 19:24:41,2011-01-04 19:36:41,Francois de Perrier,59,0.1774650547789951,0,3,16,1,5307.433333333333,2386.9666666666667,987.4333333333333,2,{'lifecycle:transition': 'complete'},deviant
17,Analyze Request for Quotation,2011-01-03 02:40:31,2011-01-04 19:36:41,2011-01-04 19:57:41,Francois de Perrier,59,0.1774650547789951,0,3,18,1,5447.366666666667,2416.85,1127.3666666666666,2,{'lifecycle:transition': 'complete'},deviant
27,Create Request for Quotation,2011-01-04 19:34:58,2011-01-04 19:58:28,2011-01-04 20:00:28,Maris Freeman,72,0.04731771817151492,0,3,19,1,5518.466666666666,28.5,1198.4666666666667,2,{'lifecycle:transition': 'complete'},deviant
36,Create Purchase Requisition,2011-01-04 19:33:00,2011-01-04 19:33:00,2011-01-04 20:05:00,Anna Kaufmann,72,0.1258027956176804,0,1,19,1,5493.0,5493.0,1173.0,2,{'lifecycle:transition': 'complete'},deviant
1,Create Purchase Order,2011-01-04 11:59:48,2011-01-04 19:54:43,2011-01-04 20:06:43,Karel de Groot,65,0.048073290517567056,0,9,19,1,5514.716666666666,952.9166666666666,1194.7166666666667,2,{'lifecycle:transition': 'complete'},deviant
37,Create Purchase Requisition,2011-01-04 20:48:00,2011-01-04 20:48:00,2011-01-04 21:20:00,Christian Francois,73,0.1258027956176804,0,1,20,1,5568.0,5568.0,1248.0,2,{'lifecycle:transition': 'complete'},deviant
23,Analyze Request for Quotation,2011-01-03 06:40:03,2011-01-04 21:51:48,2011-01-04 22:17:48,Magdalena Predutta,60,0.1774650547789951,0,3,21,1,5631.8,2361.75,1311.8,2,{'lifecycle:transition': 'complete'},deviant
16,Amend Request for Quotation,2011-01-04 19:09:55,2011-01-04 22:13:08,2011-01-04 22:19:08,Kim Passa,71,0.057329051756705704,0,4,22,1,5653.133333333333,212.2,1333.1333333333334,2,{'lifecycle:transition': 'complete'},regular
17,Amend Request for Quotation,2011-01-04 19:57:41,2011-01-04 22:42:41,2011-01-04 22:47:41,Penn Osterwalder,72,0.057329051756705704,0,4,22,1,5682.683333333333,235.31666666666666,1362.6833333333334,2,{'lifecycle:transition': 'complete'},deviant
10,Analyze Quotation Comparison Map,2011-01-04 15:32:30,2011-01-04 22:27:09,2011-01-04 22:48:09,Anna Kaufmann,69,0.0646014355874575,0,6,22,1,5667.15,471.65,1347.15,2,{'lifecycle:transition': 'complete'},regular
10,Choose best option,2011-01-04 22:48:09,2011-01-04 23:02:20,2011-01-04 23:02:20,Nico Ojenbeer,73,0.0,0,7,23,1,5702.333333333333,35.18333333333333,1382.3333333333333,2,{'lifecycle:transition': 'complete'},regular
4,Analyze Request for Quotation,2011-01-03 19:23:49,2011-01-04 23:26:47,2011-01-04 23:49:47,Francois de Perrier,63,0.1774650547789951,0,6,23,1,5726.783333333334,1690.9666666666667,1406.7833333333333,2,{'lifecycle:transition': 'complete'},deviant
38,Create Purchase Requisition,2011-01-04 23:48:00,2011-01-04 23:48:00,2011-01-05 00:14:00,Nico Ojenbeer,74,0.1258027956176804,0,1,23,1,5748.0,5748.0,1428.0,2,{'lifecycle:transition': 'complete'},regular
23,Amend Request for Quotation,2011-01-04 22:17:48,2011-01-05 00:10:45,2011-01-05 00:17:45,Clement Duchot,73,0.057329051756705704,0,4,0,1,5770.75,138.95,10.75,3,{'lifecycle:transition': 'complete'},deviant
28,Analyze Purchase Requisition,2011-01-03 23:51:00,2011-01-05 01:19:51,2011-01-05 01:25:51,Francis Odell,64,0.03333962976955043,0,2,1,1,5839.85,1548.85,79.85,3,{'lifecycle:transition': 'complete'},deviant
28,Create Request for Quotation,2011-01-05 01:25:51,2011-01-05 01:51:41,2011-01-05 01:54:41,Francis Odell,74,0.04731771817151492,0,3,1,1,5871.683333333333,31.833333333333332,111.68333333333334,3,{'lifecycle:transition': 'complete'},deviant
3,Analyze Quotation Comparison Map,2011-01-04 19:24:41,2011-01-05 02:16:11,2011-01-05 02:45:11,Clement Duchot,71,0.0646014355874575,0,7,2,1,5896.183333333333,711.5,136.18333333333334,3,{'lifecycle:transition': 'complete'},deviant
3,Choose best option,2011-01-05 02:45:11,2011-01-05 02:55:28,2011-01-05 02:55:28,Christian Francois,74,0.0,0,8,2,1,5935.466666666666,39.28333333333333,175.46666666666667,3,{'lifecycle:transition': 'complete'},deviant
5,Analyze Request for Quotation,2011-01-03 21:25:21,2011-01-05 02:30:15,2011-01-05 03:04:15,Karel de Groot,63,0.1774650547789951,0,6,2,1,5910.25,1756.9,150.25,3,{'lifecycle:transition': 'complete'},deviant
24,Analyze Request for Quotation,2011-01-03 11:48:24,2011-01-05 03:18:46,2011-01-05 03:43:46,Francois de Perrier,61,0.1774650547789951,0,3,3,1,5958.766666666666,2377.366666666667,198.76666666666668,3,{'lifecycle:transition': 'complete'},deviant
14,Analyze Request for Quotation,2011-01-03 14:50:30,2011-01-05 04:05:28,2011-01-05 04:40:28,Magdalena Predutta,61,0.1774650547789951,0,4,4,1,6005.466666666666,2237.9666666666667,245.46666666666667,3,{'lifecycle:transition': 'complete'},regular
14,Amend Request for Quotation,2011-01-05 04:40:28,2011-01-05 05:08:03,2011-01-05 05:19:03,Christian Francois,74,0.057329051756705704,0,5,5,1,6068.05,62.583333333333336,308.05,3,{'lifecycle:transition': 'complete'},regular
22,Analyze Purchase Requisition,2011-01-04 09:44:58,2011-01-05 06:01:50,2011-01-05 06:06:50,Maris Freeman,65,0.03333962976955043,0,4,6,1,6121.833333333333,1248.8666666666666,361.8333333333333,3,{'lifecycle:transition': 'complete'},deviant
22,Create Request for Quotation,2011-01-05 06:06:50,2011-01-05 06:23:18,2011-01-05 06:25:18,Heinz Gutschmidt,75,0.04731771817151492,0,5,6,1,6143.3,21.466666666666665,383.3,3,{'lifecycle:transition': 'complete'},deviant
39,Create Purchase Requisition,2011-01-05 05:55:00,2011-01-05 05:55:00,2011-01-05 06:47:00,Nico Ojenbeer,75,0.1258027956176804,0,1,5,1,6115.0,6115.0,355.0,3,{'lifecycle:transition': 'complete'},deviant
29,Analyze Purchase Requisition,2011-01-04 02:46:00,2011-01-05 07:00:09,2011-01-05 07:04:09,Francis Odell,65,0.03333962976955043,0,2,7,1,6180.15,1713.15,420.15,3,{'lifecycle:transition': 'complete'},regular
2,Send Request for Quotation to Supplier,2011-01-04 14:19:29,2011-01-05 06:44:48,2011-01-05 07:06:48,Francois de Perrier,68,0.07225160559123536,0,8,6,1,6164.8,995.3166666666667,404.8,3,{'lifecycle:transition': 'complete'},regular
34,Create Request for Quotation,2011-01-04 16:07:00,2011-01-05 07:20:59,2011-01-05 07:27:59,Clement Duchot,70,0.04731771817151492,0,2,7,1,6200.983333333334,928.9833333333333,440.98333333333335,3,{'lifecycle:transition': 'complete'},deviant
29,Create Request for Quotation,2011-01-05 07:04:09,2011-01-05 07:31:59,2011-01-05 07:33:59,Maris Freeman,75,0.04731771817151492,0,3,7,1,6211.983333333334,31.833333333333332,451.98333333333335,3,{'lifecycle:transition': 'complete'},regular
24,Amend Request for Quotation,2011-01-05 03:43:46,2011-01-05 07:38:09,2011-01-05 07:53:09,Heinz Gutschmidt,74,0.057329051756705704,0,4,7,1,6218.15,259.3833333333333,458.15,3,{'lifecycle:transition': 'complete'},deviant
40,Create Purchase Requisition,2011-01-05 08:02:00,2011-01-05 08:02:00,2011-01-05 08:28:00,Miu Hanwan,76,0.1258027956176804,0,1,8,1,6242.0,6242.0,482.0,3,{'lifecycle:transition': 'complete'},deviant
41,Create Purchase Requisition,2011-01-05 10:01:00,2011-01-05 10:01:00,2011-01-05 10:33:00,Alberto Duport,77,0.1258027956176804,0,1,10,1,6361.0,6361.0,601.0,3,{'lifecycle:transition': 'complete'},deviant
18,Analyze Request for Quotation,2011-01-03 19:55:49,2011-01-05 10:18:58,2011-01-05 10:39:58,Karel de Groot,63,0.1774650547789951,0,4,10,1,6378.966666666666,2306.15,618.9666666666667,3,{'lifecycle:transition': 'complete'},deviant
20,Analyze Request for Quotation,2011-01-03 22:06:08,2011-01-05 12:16:54,2011-01-05 12:49:54,Karel de Groot,63,0.1774650547789951,0,4,12,1,6496.9,2293.766666666667,736.9,3,{'lifecycle:transition': 'complete'},regular
19,Analyze Request for Quotation,2011-01-03 22:21:43,2011-01-05 12:20:14,2011-01-05 12:50:14,Francois de Perrier,63,0.1774650547789951,0,4,12,1,6500.233333333334,2279.516666666667,740.2333333333333,3,{'lifecycle:transition': 'complete'},deviant
21,Analyze Request for Quotation,2011-01-03 22:42:16,2011-01-05 13:02:07,2011-01-05 13:26:07,Francois de Perrier,63,0.1774650547789951,0,4,13,1,6542.116666666667,2300.85,782.1166666666667,3,{'lifecycle:transition': 'complete'},deviant
20,Amend Request for Quotation,2011-01-05 12:49:54,2011-01-05 13:16:45,2011-01-05 13:29:45,Christian Francois,77,0.057329051756705704,0,5,13,1,6556.75,59.85,796.75,3,{'lifecycle:transition': 'complete'},regular
15,Send Request for Quotation to Supplier,2011-01-04 19:36:41,2011-01-05 13:20:30,2011-01-05 13:35:30,Karel de Groot,72,0.07225160559123536,0,4,13,1,6560.5,1253.0666666666666,800.5,3,{'lifecycle:transition': 'complete'},deviant
21,Amend Request for Quotation,2011-01-05 13:26:07,2011-01-05 13:54:00,2011-01-05 14:02:00,Anne Olwada,77,0.057329051756705704,0,5,13,1,6594.0,51.88333333333333,834.0,3,{'lifecycle:transition': 'complete'},deviant
13,Analyze Request for Quotation,2011-01-04 00:00:59,2011-01-05 14:12:36,2011-01-05 14:44:36,Magdalena Predutta,64,0.1774650547789951,0,5,14,1,6612.6,2305.616666666667,852.6,3,{'lifecycle:transition': 'complete'},regular
13,Amend Request for Quotation,2011-01-05 14:44:36,2011-01-05 15:11:28,2011-01-05 15:17:28,Christian Francois,77,0.057329051756705704,0,6,15,1,6671.466666666666,58.86666666666667,911.4666666666667,3,{'lifecycle:transition': 'complete'},regular
42,Create Purchase Requisition,2011-01-05 15:15:00,2011-01-05 15:17:28,2011-01-05 15:23:28,Christian Francois,78,0.1258027956176804,0,1,15,1,6675.0,6675.0,915.0,3,{'lifecycle:transition': 'complete'},deviant
32,Analyze Purchase Requisition,2011-01-04 13:12:00,2011-01-05 17:02:33,2011-01-05 17:08:33,Maris Freeman,68,0.03333962976955043,0,2,17,1,6782.55,1700.55,1022.55,3,{'lifecycle:transition': 'complete'},deviant
31,Analyze Purchase Requisition,2011-01-04 13:22:00,2011-01-05 17:34:29,2011-01-05 17:41:29,Heinz Gutschmidt,68,0.03333962976955043,0,2,17,1,6814.483333333334,1736.4833333333333,1054.4833333333333,3,{'lifecycle:transition': 'complete'},deviant
30,Analyze Purchase Requisition,2011-01-04 13:17:00,2011-01-05 17:51:38,2011-01-05 17:57:38,Francis Odell,68,0.03333962976955043,0,2,17,1,6831.633333333333,1758.6333333333334,1071.6333333333334,3,{'lifecycle:transition': 'complete'},regular
31,Create Request for Quotation,2011-01-05 17:41:29,2011-01-05 18:09:10,2011-01-05 18:11:10,Francis Odell,77,0.04731771817151492,0,3,18,1,6849.166666666667,34.68333333333333,1089.1666666666667,3,{'lifecycle:transition': 'complete'},deviant
10,Settle Conditions With Supplier,2011-01-04 23:02:20,2011-01-05 13:35:30,2011-01-05 18:13:30,Karel de Groot,73,0.8897808840196448,0,8,13,1,6569.883333333333,867.55,809.8833333333333,3,{'lifecycle:transition': 'complete'},regular
30,Create Request for Quotation,2011-01-05 17:57:38,2011-01-05 18:26:28,2011-01-05 18:27:28,Maris Freeman,77,0.04731771817151492,0,3,18,1,6866.466666666666,34.833333333333336,1106.4666666666667,3,{'lifecycle:transition': 'complete'},regular
1,Confirm Purchase Order,2011-01-04 20:06:43,2011-01-05 18:11:21,2011-01-05 18:45:21,Sean Manney,72,0.06752927842840951,0,10,18,1,6851.35,1336.6333333333334,1091.35,3,{'lifecycle:transition': 'complete'},deviant
2,Create Quotation comparison Map,2011-01-05 07:06:48,2011-01-05 18:13:30,2011-01-05 19:01:30,Karel de Groot,75,0.4004533434076313,0,9,13,1,6590.75,425.95,830.75,3,{'lifecycle:transition': 'complete'},regular
4,Send Request for Quotation to Supplier,2011-01-04 23:49:47,2011-01-05 19:01:30,2011-01-05 19:20:30,Karel de Groot,74,0.07225160559123536,0,7,16,1,6778.1,1051.3166666666666,1018.1,3,{'lifecycle:transition': 'complete'},deviant
43,Create Purchase Requisition,2011-01-05 20:18:00,2011-01-05 20:18:00,2011-01-05 21:04:00,Anne Olwada,77,0.1258027956176804,0,1,20,1,6978.0,6978.0,1218.0,3,{'lifecycle:transition': 'complete'},deviant
5,Send Request for Quotation to Supplier,2011-01-05 03:04:15,2011-01-05 20:34:28,2011-01-05 21:06:28,Karel de Groot,74,0.07225160559123536,0,7,20,1,6994.466666666666,1084.2166666666667,1234.4666666666667,3,{'lifecycle:transition': 'complete'},deviant
33,Analyze Purchase Requisition,2011-01-04 16:18:00,2011-01-05 21:26:04,2011-01-05 21:33:04,Maris Freeman,70,0.03333962976955043,0,2,21,1,7046.066666666667,1796.0666666666666,1286.0666666666666,3,{'lifecycle:transition': 'complete'},deviant
33,Create Request for Quotation,2011-01-05 21:33:04,2011-01-05 22:02:16,2011-01-05 22:04:16,Francis Odell,77,0.04731771817151492,0,3,22,1,7082.266666666666,36.2,1322.2666666666667,3,{'lifecycle:transition': 'complete'},deviant
44,Create Purchase Requisition,2011-01-05 22:04:00,2011-01-05 22:04:00,2011-01-05 22:28:00,Elvira Lores,78,0.1258027956176804,0,1,22,1,7084.0,7084.0,1324.0,3,{'lifecycle:transition': 'complete'},deviant
35,Analyze Purchase Requisition,2011-01-04 17:47:00,2011-01-05 23:16:39,2011-01-05 23:22:39,Maris Freeman,71,0.03333962976955043,0,2,23,1,7156.65,1808.65,1396.65,3,{'lifecycle:transition': 'complete'},deviant
35,Create Request for Quotation,2011-01-05 23:22:39,2011-01-05 23:52:22,2011-01-05 23:55:22,Heinz Gutschmidt,78,0.04731771817151492,0,3,23,1,7192.366666666667,35.71666666666667,1432.3666666666666,3,{'lifecycle:transition': 'complete'},deviant
45,Create Purchase Requisition,2011-01-05 23:24:00,2011-01-05 23:24:00,2011-01-06 00:10:00,Nico Ojenbeer,79,0.1258027956176804,0,1,23,1,7164.0,7164.0,1404.0,3,{'lifecycle:transition': 'complete'},deviant
12,Analyze Request for Quotation,2011-01-04 15:22:30,2011-01-06 00:11:06,2011-01-06 00:33:06,Karel de Groot,68,0.1774650547789951,0,7,0,1,7211.1,1973.6,11.1,4,{'lifecycle:transition': 'complete'},deviant
12,Amend Request for Quotation,2011-01-06 00:33:06,2011-01-06 00:52:39,2011-01-06 00:57:39,Penn Osterwalder,79,0.057329051756705704,0,8,0,1,7252.65,41.55,52.65,4,{'lifecycle:transition': 'complete'},deviant
36,Analyze Purchase Requisition,2011-01-04 20:05:00,2011-01-06 01:14:34,2011-01-06 01:19:34,Maris Freeman,72,0.03333962976955043,0,2,1,1,7274.566666666667,1781.5666666666666,74.56666666666666,4,{'lifecycle:transition': 'complete'},deviant
36,Create Request for Quotation,2011-01-06 01:19:34,2011-01-06 01:41:31,2011-01-06 01:42:31,Francis Odell,79,0.04731771817151492,0,3,1,1,7301.516666666666,26.95,101.51666666666667,4,{'lifecycle:transition': 'complete'},deviant
2,Analyze Quotation Comparison Map,2011-01-05 19:01:30,2011-01-06 01:58:49,2011-01-06 02:09:49,Esmana Liubiata,76,0.0646014355874575,0,10,1,1,7318.816666666667,728.0666666666667,118.81666666666666,4,{'lifecycle:transition': 'complete'},regular
46,Create Purchase Requisition,2011-01-06 02:10:00,2011-01-06 02:10:00,2011-01-06 03:01:00,Anna Kaufmann,79,0.1258027956176804,0,1,2,1,7330.0,7330.0,130.0,4,{'lifecycle:transition': 'complete'},deviant
3,Settle Conditions With Supplier,2011-01-05 02:55:28,2011-01-05 19:10:04,2011-01-06 03:12:04,Francois de Perrier,74,0.8897808840196448,0,9,19,1,6910.066666666667,974.6,1150.0666666666666,3,{'lifecycle:transition': 'complete'},deviant
37,Analyze Purchase Requisition,2011-01-04 21:20:00,2011-01-06 03:16:48,2011-01-06 03:22:48,Francis Odell,73,0.03333962976955043,0,2,3,1,7396.8,1828.8,196.8,4,{'lifecycle:transition': 'complete'},deviant
37,Create Request for Quotation,2011-01-06 03:22:48,2011-01-06 03:46:16,2011-01-06 03:49:16,Francis Odell,79,0.04731771817151492,0,3,3,1,7426.266666666666,29.466666666666665,226.26666666666668,4,{'lifecycle:transition': 'complete'},deviant
47,Create Purchase Requisition,2011-01-06 04:32:00,2011-01-06 04:32:00,2011-01-06 04:50:00,Anne Olwada,80,0.1258027956176804,0,1,4,1,7472.0,7472.0,272.0,4,{'lifecycle:transition': 'complete'},deviant
15,Create Quotation comparison Map,2011-01-05 13:35:30,2011-01-06 03:07:06,2011-01-06 05:08:06,Magdalena Predutta,77,0.4004533434076313,0,5,3,1,7387.1,826.6,187.1,4,{'lifecycle:transition': 'complete'},deviant
48,Create Purchase Requisition,2011-01-06 05:46:00,2011-01-06 05:46:00,2011-01-06 06:03:00,Nico Ojenbeer,81,0.1258027956176804,0,1,5,1,7546.0,7546.0,346.0,4,{'lifecycle:transition': 'complete'},regular
25,Analyze Request for Quotation,2011-01-04 09:22:46,2011-01-06 08:27:13,2011-01-06 09:02:13,Francois de Perrier,65,0.1774650547789951,0,4,8,1,7707.216666666666,2825.45,507.21666666666664,4,{'lifecycle:transition': 'complete'},deviant
49,Create Purchase Requisition,2011-01-06 09:53:00,2011-01-06 09:53:00,2011-01-06 10:12:00,Tesca Lobes,82,0.1258027956176804,0,1,9,1,7793.0,7793.0,593.0,4,{'lifecycle:transition': 'complete'},deviant
4,Create Quotation comparison Map,2011-01-05 19:20:30,2011-01-06 05:17:48,2011-01-06 10:37:48,Karel de Groot,76,0.4004533434076313,0,8,5,1,7517.8,739.7,317.8,4,{'lifecycle:transition': 'complete'},deviant
18,Send Request for Quotation to Supplier,2011-01-05 10:39:58,2011-01-06 10:37:48,2011-01-06 10:51:48,Karel de Groot,77,0.07225160559123536,0,5,7,1,7665.9,1286.9333333333334,465.9,4,{'lifecycle:transition': 'complete'},deviant
5,Create Quotation comparison Map,2011-01-05 21:06:28,2011-01-06 10:51:48,2011-01-06 11:29:48,Karel de Groot,77,0.4004533434076313,0,8,8,1,7701.833333333333,707.3666666666667,501.8333333333333,4,{'lifecycle:transition': 'complete'},deviant
10,Create Purchase Order,2011-01-05 18:13:30,2011-01-06 11:29:48,2011-01-06 11:37:48,Karel de Groot,77,0.048073290517567056,2,9,9,1,7788.916666666667,1219.0333333333333,588.9166666666666,4,{'lifecycle:transition': 'complete'},regular
19,Send Request for Quotation to Supplier,2011-01-05 12:50:14,2011-01-06 11:37:48,2011-01-06 11:50:48,Karel de Groot,77,0.07225160559123536,0,5,10,1,7807.0,1306.7666666666667,607.0,4,{'lifecycle:transition': 'complete'},deviant
15,Analyze Quotation Comparison Map,2011-01-06 05:08:06,2011-01-06 12:02:59,2011-01-06 12:09:59,Tesca Lobes,80,0.0646014355874575,0,6,12,1,7922.983333333334,535.8833333333333,722.9833333333333,4,{'lifecycle:transition': 'complete'},deviant
11,Analyze Request for Quotation,2011-01-04 19:33:46,2011-01-06 11:50:48,2011-01-06 12:23:48,Karel de Groot,72,0.1774650547789951,0,6,11,1,7896.733333333334,2412.9666666666667,696.7333333333333,4,{'lifecycle:transition': 'complete'},deviant
15,Choose best option,2011-01-06 12:09:59,2011-01-06 12:34:12,2011-01-06 12:34:12,Elvira Lores,82,0.0,0,7,12,1,7954.2,31.216666666666665,754.2,4,{'lifecycle:transition': 'complete'},deviant
50,Create Purchase Requisition,2011-01-06 12:38:00,2011-01-06 12:38:00,2011-01-06 13:05:00,Esmana Liubiata,82,0.1258027956176804,0,1,12,1,7958.0,7958.0,758.0,4,{'lifecycle:transition': 'complete'},deviant
4,Analyze Quotation Comparison Map,2011-01-06 10:37:48,2011-01-06 17:31:45,2011-01-06 17:45:45,Elvira Lores,82,0.0646014355874575,0,9,17,1,8251.75,733.95,1051.75,4,{'lifecycle:transition': 'complete'},deviant
4,Choose best option,2011-01-06 17:45:45,2011-01-06 18:12:39,2011-01-06 18:12:39,Kim Passa,82,0.0,0,10,18,1,8292.65,40.9,1092.65,4,{'lifecycle:transition': 'complete'},deviant
22,Analyze Request for Quotation,2011-01-05 06:25:18,2011-01-06 18:04:26,2011-01-06 18:20:26,Magdalena Predutta,75,0.1774650547789951,0,6,18,1,8284.433333333332,2141.133333333333,1084.4333333333334,4,{'lifecycle:transition': 'complete'},deviant
5,Analyze Quotation Comparison Map,2011-01-06 11:29:48,2011-01-06 18:27:11,2011-01-06 18:39:11,Anne Olwada,82,0.0646014355874575,0,9,18,1,8307.183333333332,605.35,1107.1833333333334,4,{'lifecycle:transition': 'complete'},deviant
22,Amend Request for Quotation,2011-01-06 18:20:26,2011-01-06 18:41:38,2011-01-06 18:51:38,Miu Hanwan,81,0.057329051756705704,0,7,18,1,8321.633333333333,37.2,1121.6333333333334,4,{'lifecycle:transition': 'complete'},deviant
5,Choose best option,2011-01-06 18:39:11,2011-01-06 19:07:12,2011-01-06 19:07:12,Nico Ojenbeer,81,0.0,0,10,19,1,8347.2,40.016666666666666,1147.2,4,{'lifecycle:transition': 'complete'},deviant
26,Analyze Request for Quotation,2011-01-04 18:24:12,2011-01-06 19:49:17,2011-01-06 20:03:17,Karel de Groot,71,0.1774650547789951,0,4,19,1,8389.283333333333,2967.0833333333335,1189.2833333333333,4,{'lifecycle:transition': 'complete'},deviant
26,Amend Request for Quotation,2011-01-06 20:03:17,2011-01-06 20:24:39,2011-01-06 20:30:39,Elvira Lores,80,0.057329051756705704,0,5,20,1,8424.65,35.36666666666667,1224.65,4,{'lifecycle:transition': 'complete'},deviant
14,Analyze Request for Quotation,2011-01-05 05:19:03,2011-01-06 20:42:38,2011-01-06 21:11:38,Karel de Groot,74,0.1774650547789951,0,6,20,1,8442.633333333333,2374.5833333333335,1242.6333333333334,4,{'lifecycle:transition': 'complete'},regular
18,Create Quotation comparison Map,2011-01-06 10:51:48,2011-01-06 19:38:58,2011-01-06 21:32:58,Magdalena Predutta,82,0.4004533434076313,0,6,19,1,8378.966666666667,713.0666666666667,1178.9666666666667,4,{'lifecycle:transition': 'complete'},deviant
14,Amend Request for Quotation,2011-01-06 21:11:38,2011-01-06 21:29:55,2011-01-06 21:36:55,Tesca Lobes,80,0.057329051756705704,0,7,21,1,8489.916666666666,47.28333333333333,1289.9166666666667,4,{'lifecycle:transition': 'complete'},regular
12,Analyze Request for Quotation,2011-01-06 00:57:39,2011-01-06 21:32:58,2011-01-06 21:43:58,Magdalena Predutta,79,0.1774650547789951,0,9,20,1,8436.316666666668,1183.6666666666667,1236.3166666666666,4,{'lifecycle:transition': 'complete'},deviant
23,Analyze Request for Quotation,2011-01-05 00:17:45,2011-01-06 21:37:22,2011-01-06 22:02:22,Karel de Groot,74,0.1774650547789951,0,5,21,1,8497.366666666667,2726.616666666667,1297.3666666666666,4,{'lifecycle:transition': 'complete'},deviant
27,Analyze Request for Quotation,2011-01-04 20:00:28,2011-01-06 22:02:22,2011-01-06 22:30:22,Karel de Groot,72,0.1774650547789951,0,4,21,1,8510.183333333332,2991.7166666666667,1310.1833333333334,4,{'lifecycle:transition': 'complete'},deviant
23,Amend Request for Quotation,2011-01-06 22:02:22,2011-01-06 22:24:00,2011-01-06 22:38:00,Miu Hanwan,80,0.057329051756705704,0,6,22,1,8544.0,46.63333333333333,1344.0,4,{'lifecycle:transition': 'complete'},deviant
17,Analyze Request for Quotation,2011-01-04 22:47:41,2011-01-06 22:30:22,2011-01-06 22:39:22,Karel de Groot,73,0.1774650547789951,0,5,22,1,8541.15,2858.4666666666667,1341.15,4,{'lifecycle:transition': 'complete'},deviant
12,Amend Request for Quotation,2011-01-06 21:43:58,2011-01-06 22:27:22,2011-01-06 22:41:22,Penn Osterwalder,80,0.057329051756705704,0,10,22,1,8547.366666666667,111.05,1347.3666666666666,4,{'lifecycle:transition': 'complete'},deviant
17,Amend Request for Quotation,2011-01-06 22:39:22,2011-01-06 23:03:56,2011-01-06 23:17:56,Anne Olwada,80,0.057329051756705704,0,6,23,1,8583.933333333332,42.78333333333333,1383.9333333333334,4,{'lifecycle:transition': 'complete'},deviant
38,Analyze Purchase Requisition,2011-01-05 00:14:00,2011-01-06 23:50:27,2011-01-06 23:56:27,Francis Odell,74,0.03333962976955043,0,2,23,1,8630.45,2882.45,1430.45,4,{'lifecycle:transition': 'complete'},regular
38,Create Request for Quotation,2011-01-06 23:56:27,2011-01-07 00:33:55,2011-01-07 00:35:55,Maris Freeman,79,0.04731771817151492,0,3,0,1,8673.916666666666,43.46666666666667,33.916666666666664,5,{'lifecycle:transition': 'complete'},regular
19,Create Quotation comparison Map,2011-01-06 11:50:48,2011-01-06 21:06:10,2011-01-07 01:07:10,Francois de Perrier,82,0.4004533434076313,0,6,21,1,8466.166666666666,659.1666666666666,1266.1666666666667,4,{'lifecycle:transition': 'complete'},deviant
22,Analyze Request for Quotation,2011-01-06 18:51:38,2011-01-07 01:05:27,2011-01-07 01:13:27,Karel de Groot,81,0.1774650547789951,0,8,1,1,8705.45,383.81666666666666,65.45,5,{'lifecycle:transition': 'complete'},deviant
3,Create Purchase Order,2011-01-06 03:12:04,2011-01-07 01:07:10,2011-01-07 01:15:10,Francois de Perrier,79,0.048073290517567056,0,10,21,1,8472.6,1562.5333333333333,1272.6,4,{'lifecycle:transition': 'complete'},deviant
16,Analyze Request for Quotation,2011-01-04 22:19:08,2011-01-07 01:15:10,2011-01-07 01:38:10,Francois de Perrier,73,0.1774650547789951,0,5,21,1,8517.433333333332,2864.3,1317.4333333333334,4,{'lifecycle:transition': 'complete'},regular
16,Amend Request for Quotation,2011-01-07 01:38:10,2011-01-07 01:58:01,2011-01-07 02:11:01,Heinz Gutschmidt,78,0.057329051756705704,0,6,1,1,8758.016666666666,240.58333333333334,118.01666666666667,5,{'lifecycle:transition': 'complete'},regular
46,Create Request for Quotation,2011-01-06 03:01:00,2011-01-07 02:27:58,2011-01-07 02:37:58,Miu Hanwan,79,0.04731771817151492,0,2,2,1,8787.966666666667,1457.9666666666667,147.96666666666667,5,{'lifecycle:transition': 'complete'},deviant
42,Create Request for Quotation,2011-01-05 15:23:28,2011-01-07 02:49:29,2011-01-07 03:03:29,Anna Kaufmann,78,0.04731771817151492,0,2,2,1,8809.483333333334,2134.483333333333,169.48333333333332,5,{'lifecycle:transition': 'complete'},deviant
20,Analyze Request for Quotation,2011-01-05 13:29:45,2011-01-07 02:48:52,2011-01-07 03:17:52,Karel de Groot,77,0.1774650547789951,0,6,2,1,8808.866666666667,2252.116666666667,168.86666666666667,5,{'lifecycle:transition': 'complete'},regular
21,Analyze Request for Quotation,2011-01-05 14:02:00,2011-01-07 02:54:47,2011-01-07 03:21:47,Francois de Perrier,77,0.1774650547789951,0,6,2,1,8814.783333333333,2220.7833333333333,174.78333333333333,5,{'lifecycle:transition': 'complete'},deviant
20,Amend Request for Quotation,2011-01-07 03:17:52,2011-01-07 03:32:29,2011-01-07 03:43:29,Anne Olwada,78,0.057329051756705704,0,7,3,1,8852.483333333334,43.61666666666667,212.48333333333332,5,{'lifecycle:transition': 'complete'},regular
21,Amend Request for Quotation,2011-01-07 03:21:47,2011-01-07 03:35:59,2011-01-07 03:49:59,Fjodor Kowalski,78,0.057329051756705704,0,7,3,1,8855.983333333334,41.2,215.98333333333332,5,{'lifecycle:transition': 'complete'},deviant
51,Create Purchase Requisition,2011-01-07 03:53:00,2011-01-07 03:53:00,2011-01-07 04:42:00,Christian Francois,79,0.1258027956176804,0,1,3,1,8873.0,8873.0,233.0,5,{'lifecycle:transition': 'complete'},deviant
18,Analyze Quotation Comparison Map,2011-01-06 21:32:58,2011-01-07 04:36:31,2011-01-07 04:45:31,Tesca Lobes,80,0.0646014355874575,0,7,4,1,8916.516666666666,537.55,276.51666666666665,5,{'lifecycle:transition': 'complete'},deviant
25,Send Request for Quotation to Supplier,2011-01-06 09:02:13,2011-01-07 04:52:05,2011-01-07 05:13:05,Karel de Groot,81,0.07225160559123536,2,5,4,1,8932.083333333334,1224.8666666666666,292.0833333333333,5,{'lifecycle:transition': 'complete'},deviant
18,Choose best option,2011-01-07 04:45:31,2011-01-07 05:29:59,2011-01-07 05:29:59,Anna Kaufmann,79,0.0,0,8,5,1,8969.983333333334,53.46666666666667,329.98333333333335,5,{'lifecycle:transition': 'complete'},deviant
13,Analyze Request for Quotation,2011-01-05 15:17:28,2011-01-07 06:11:08,2011-01-07 06:42:08,Francois de Perrier,78,0.1774650547789951,0,7,6,1,9011.133333333333,2339.6666666666665,371.1333333333333,5,{'lifecycle:transition': 'complete'},regular
10,Confirm Purchase Order,2011-01-06 11:37:48,2011-01-07 06:36:12,2011-01-07 06:45:12,Carmen Finacse,82,0.06752927842840951,0,10,6,1,9036.2,1247.2833333333333,396.2,5,{'lifecycle:transition': 'complete'},regular
13,Amend Request for Quotation,2011-01-07 06:42:08,2011-01-07 06:57:35,2011-01-07 07:06:35,Anne Olwada,79,0.057329051756705704,0,8,6,1,9057.583333333334,46.45,417.5833333333333,5,{'lifecycle:transition': 'complete'},regular
52,Create Purchase Requisition,2011-01-07 06:51:00,2011-01-07 06:51:00,2011-01-07 07:11:00,Nico Ojenbeer,79,0.1258027956176804,0,1,6,1,9051.0,9051.0,411.0,5,{'lifecycle:transition': 'complete'},deviant
24,Analyze Request for Quotation,2011-01-05 07:53:09,2011-01-07 07:18:45,2011-01-07 07:37:45,Karel de Groot,75,0.1774650547789951,0,5,7,1,9078.75,2860.6,438.75,5,{'lifecycle:transition': 'complete'},deviant
19,Analyze Quotation Comparison Map,2011-01-07 01:07:10,2011-01-07 08:11:54,2011-01-07 08:40:54,Anne Olwada,79,0.0646014355874575,0,7,8,1,9131.9,665.7333333333333,491.9,5,{'lifecycle:transition': 'complete'},deviant
19,Choose best option,2011-01-07 08:40:54,2011-01-07 08:55:22,2011-01-07 08:55:22,Esmana Liubiata,79,0.0,0,8,8,1,9175.366666666667,43.46666666666667,535.3666666666667,5,{'lifecycle:transition': 'complete'},deviant
53,Create Purchase Requisition,2011-01-07 10:04:00,2011-01-07 10:04:00,2011-01-07 10:46:00,Clement Duchot,80,0.1258027956176804,0,1,10,1,9244.0,9244.0,604.0,5,{'lifecycle:transition': 'complete'},deviant
49,Create Request for Quotation,2011-01-06 10:12:00,2011-01-07 11:01:27,2011-01-07 11:14:27,Elvira Lores,82,0.04731771817151492,0,2,11,1,9301.45,1508.45,661.45,5,{'lifecycle:transition': 'complete'},deviant
50,Create Request for Quotation,2011-01-06 13:05:00,2011-01-07 13:54:27,2011-01-07 14:00:27,Penn Osterwalder,82,0.04731771817151492,0,2,13,1,9474.45,1516.45,834.45,5,{'lifecycle:transition': 'complete'},deviant
54,Create Purchase Requisition,2011-01-07 14:59:00,2011-01-07 14:59:00,2011-01-07 15:43:00,Clement Duchot,81,0.1258027956176804,0,1,14,1,9539.0,9539.0,899.0,5,{'lifecycle:transition': 'complete'},deviant
15,Settle Conditions With Supplier,2011-01-06 12:34:12,2011-01-07 09:02:21,2011-01-07 17:28:21,Francois de Perrier,81,0.8897808840196448,0,8,9,1,9182.35,1228.15,542.35,5,{'lifecycle:transition': 'complete'},deviant
25,Create Quotation comparison Map,2011-01-07 05:13:05,2011-01-07 15:25:39,2011-01-07 17:51:39,Magdalena Predutta,79,0.4004533434076313,0,6,15,1,9565.65,633.5666666666667,925.65,5,{'lifecycle:transition': 'complete'},deviant
52,Create Request for Quotation,2011-01-07 07:11:00,2011-01-07 17:47:10,2011-01-07 17:56:10,Elvira Lores,79,0.04731771817151492,0,2,17,1,9707.166666666666,656.1666666666666,1067.1666666666667,5,{'lifecycle:transition': 'complete'},deviant
22,Send Request for Quotation to Supplier,2011-01-07 01:13:27,2011-01-07 17:51:39,2011-01-07 18:03:39,Magdalena Predutta,79,0.07225160559123536,0,9,17,1,9674.2,968.75,1034.2,5,{'lifecycle:transition': 'complete'},deviant
39,Analyze Purchase Requisition,2011-01-05 06:47:00,2011-01-07 21:06:30,2011-01-07 21:11:30,Maris Freeman,75,0.03333962976955043,0,2,21,1,9906.5,3791.5,1266.5,5,{'lifecycle:transition': 'complete'},deviant
39,Create Request for Quotation,2011-01-07 21:11:30,2011-01-07 21:33:20,2011-01-07 21:35:20,Heinz Gutschmidt,81,0.04731771817151492,0,3,21,1,9933.333333333334,26.833333333333332,1293.3333333333333,5,{'lifecycle:transition': 'complete'},deviant
14,Analyze Request for Quotation,2011-01-06 21:36:55,2011-01-07 21:09:48,2011-01-07 21:41:48,Magdalena Predutta,80,0.1774650547789951,0,8,21,1,9909.8,1419.8833333333334,1269.8,5,{'lifecycle:transition': 'complete'},regular
53,Create Request for Quotation,2011-01-07 10:46:00,2011-01-07 21:39:18,2011-01-07 21:48:18,Alberto Duport,80,0.04731771817151492,0,2,21,1,9939.3,695.3,1299.3,5,{'lifecycle:transition': 'complete'},deviant
14,Amend Request for Quotation,2011-01-07 21:41:48,2011-01-07 22:07:08,2011-01-07 22:14:08,Clement Duchot,81,0.057329051756705704,0,9,22,1,9967.133333333333,57.333333333333336,1327.1333333333334,5,{'lifecycle:transition': 'complete'},regular
13,Analyze Request for Quotation,2011-01-07 07:06:35,2011-01-07 22:44:07,2011-01-07 23:03:07,Francois de Perrier,79,0.1774650547789951,0,9,22,1,10004.116666666667,946.5333333333333,1364.1166666666666,5,{'lifecycle:transition': 'complete'},regular
34,Analyze Request for Quotation,2011-01-05 07:27:59,2011-01-07 23:03:10,2011-01-07 23:14:10,Magdalena Predutta,75,0.1774650547789951,0,3,23,1,10023.166666666666,3822.1833333333334,1383.1666666666667,5,{'lifecycle:transition': 'complete'},deviant
40,Analyze Purchase Requisition,2011-01-05 08:28:00,2011-01-07 23:19:19,2011-01-07 23:25:19,Heinz Gutschmidt,76,0.03333962976955043,0,2,23,1,10039.316666666668,3797.3166666666666,1399.3166666666666,5,{'lifecycle:transition': 'complete'},deviant
40,Create Request for Quotation,2011-01-07 23:25:19,2011-01-07 23:47:10,2011-01-07 23:48:10,Francis Odell,81,0.04731771817151492,0,3,23,1,10067.166666666666,27.85,1427.1666666666667,5,{'lifecycle:transition': 'complete'},deviant
25,Analyze Quotation Comparison Map,2011-01-07 17:51:39,2011-01-08 00:50:38,2011-01-08 01:12:38,Elvira Lores,81,0.0646014355874575,0,7,0,1,10130.633333333333,564.9833333333333,50.63333333333333,6,{'lifecycle:transition': 'complete'},deviant
25,Choose best option,2011-01-08 01:12:38,2011-01-08 01:22:15,2011-01-08 01:22:15,Fjodor Kowalski,81,0.0,0,8,1,1,10162.25,31.616666666666667,82.25,6,{'lifecycle:transition': 'complete'},deviant
20,Analyze Request for Quotation,2011-01-07 03:43:29,2011-01-08 01:21:01,2011-01-08 01:46:01,Francois de Perrier,78,0.1774650547789951,0,8,1,1,10161.016666666666,1308.5333333333333,81.01666666666667,6,{'lifecycle:transition': 'complete'},regular
41,Analyze Purchase Requisition,2011-01-05 10:33:00,2011-01-08 01:55:15,2011-01-08 02:03:15,Heinz Gutschmidt,77,0.03333962976955043,0,2,1,1,10195.25,3834.25,115.25,6,{'lifecycle:transition': 'complete'},deviant
41,Create Request for Quotation,2011-01-08 02:03:15,2011-01-08 02:26:36,2011-01-08 02:27:36,Francis Odell,81,0.04731771817151492,0,3,2,1,10226.6,31.35,146.6,6,{'lifecycle:transition': 'complete'},deviant
20,Amend Request for Quotation,2011-01-08 01:46:01,2011-01-08 02:24:30,2011-01-08 02:39:30,Esmana Liubiata,81,0.057329051756705704,0,9,2,1,10224.5,63.483333333333334,144.5,6,{'lifecycle:transition': 'complete'},regular
45,Analyze Purchase Requisition,2011-01-06 00:10:00,2011-01-08 02:50:36,2011-01-08 02:58:36,Heinz Gutschmidt,79,0.03333962976955043,0,2,2,1,10250.6,3086.6,170.6,6,{'lifecycle:transition': 'complete'},deviant
54,Create Request for Quotation,2011-01-07 15:43:00,2011-01-08 02:53:53,2011-01-08 03:03:53,Christian Francois,81,0.04731771817151492,0,2,2,1,10253.883333333333,714.8833333333333,173.88333333333333,6,{'lifecycle:transition': 'complete'},deviant
26,Analyze Request for Quotation,2011-01-06 20:30:39,2011-01-08 03:14:26,2011-01-08 03:30:26,Magdalena Predutta,80,0.1774650547789951,0,6,3,1,10274.433333333332,1849.7833333333333,194.43333333333334,6,{'lifecycle:transition': 'complete'},deviant
26,Amend Request for Quotation,2011-01-08 03:30:26,2011-01-08 03:55:12,2011-01-08 04:06:12,Miu Hanwan,81,0.057329051756705704,0,7,3,1,10315.2,40.766666666666666,235.2,6,{'lifecycle:transition': 'complete'},deviant
47,Analyze Purchase Requisition,2011-01-06 04:50:00,2011-01-08 06:21:27,2011-01-08 06:29:27,Maris Freeman,80,0.03333962976955043,0,2,6,1,10461.45,2989.45,381.45,6,{'lifecycle:transition': 'complete'},deviant
18,Settle Conditions With Supplier,2011-01-07 05:29:59,2011-01-07 17:09:37,2011-01-08 06:36:37,Karel de Groot,79,0.8897808840196448,0,9,17,1,9669.616666666667,699.6333333333333,1029.6166666666666,5,{'lifecycle:transition': 'complete'},deviant
23,Analyze Request for Quotation,2011-01-06 22:38:00,2011-01-08 06:33:30,2011-01-08 06:54:30,Magdalena Predutta,80,0.1774650547789951,0,7,6,1,10473.5,1929.5,393.5,6,{'lifecycle:transition': 'complete'},deviant
27,Send Request for Quotation to Supplier,2011-01-06 22:30:22,2011-01-08 06:36:37,2011-01-08 06:57:37,Karel de Groot,80,0.07225160559123536,1,5,18,1,9743.733333333334,1233.55,1103.7333333333333,5,{'lifecycle:transition': 'complete'},deviant
47,Create Request for Quotation,2011-01-08 06:29:27,2011-01-08 07:01:15,2011-01-08 07:04:15,Francis Odell,81,0.04731771817151492,0,3,7,1,10501.25,39.8,421.25,6,{'lifecycle:transition': 'complete'},deviant
48,Analyze Purchase Requisition,2011-01-06 06:03:00,2011-01-08 08:08:42,2011-01-08 08:16:42,Francis Odell,81,0.03333962976955043,0,2,8,1,10568.7,3022.7,488.7,6,{'lifecycle:transition': 'complete'},regular
48,Create Request for Quotation,2011-01-08 08:16:42,2011-01-08 08:48:33,2011-01-08 08:50:33,Heinz Gutschmidt,81,0.04731771817151492,0,3,8,1,10608.55,39.85,528.55,6,{'lifecycle:transition': 'complete'},regular
15,Create Purchase Order,2011-01-07 17:28:21,2011-01-08 09:16:37,2011-01-08 09:26:37,Magdalena Predutta,81,0.048073290517567056,1,9,9,1,10636.616666666667,1454.2666666666667,556.6166666666667,6,{'lifecycle:transition': 'complete'},deviant
16,Analyze Request for Quotation,2011-01-07 02:11:01,2011-01-08 09:26:37,2011-01-08 09:59:37,Magdalena Predutta,78,0.1774650547789951,0,7,9,1,10640.15,1882.1333333333334,560.15,6,{'lifecycle:transition': 'complete'},regular
16,Amend Request for Quotation,2011-01-08 09:59:37,2011-01-08 10:20:34,2011-01-08 10:30:34,Fjodor Kowalski,81,0.057329051756705704,0,8,10,1,10700.566666666668,60.416666666666664,620.5666666666667,6,{'lifecycle:transition': 'complete'},regular
43,Analyze Purchase Requisition,2011-01-05 21:04:00,2011-01-08 12:26:15,2011-01-08 12:35:15,Heinz Gutschmidt,77,0.03333962976955043,0,2,12,1,10826.25,3848.25,746.25,6,{'lifecycle:transition': 'complete'},deviant
51,Analyze Purchase Requisition,2011-01-07 04:42:00,2011-01-08 12:53:06,2011-01-08 13:00:06,Heinz Gutschmidt,79,0.03333962976955043,0,2,12,1,10853.1,1980.1,773.1,6,{'lifecycle:transition': 'complete'},deviant
43,Create Request for Quotation,2011-01-08 12:35:15,2011-01-08 13:00:06,2011-01-08 13:02:06,Heinz Gutschmidt,81,0.04731771817151492,0,3,12,1,10858.6,32.35,778.6,6,{'lifecycle:transition': 'complete'},deviant
51,Create Request for Quotation,2011-01-08 13:00:06,2011-01-08 13:20:22,2011-01-08 13:23:22,Maris Freeman,81,0.04731771817151492,0,3,13,1,10880.366666666667,27.266666666666666,800.3666666666667,6,{'lifecycle:transition': 'complete'},deviant
44,Analyze Purchase Requisition,2011-01-05 22:28:00,2011-01-08 14:20:19,2011-01-08 14:25:19,Maris Freeman,78,0.03333962976955043,0,2,14,1,10940.316666666668,3856.3166666666666,860.3166666666667,6,{'lifecycle:transition': 'complete'},deviant
18,Create Purchase Order,2011-01-08 06:36:37,2011-01-08 14:41:26,2011-01-08 14:47:26,Francois de Perrier,81,0.048073290517567056,0,10,14,1,10961.433333333332,1291.8166666666666,881.4333333333333,6,{'lifecycle:transition': 'complete'},deviant
19,Settle Conditions With Supplier,2011-01-07 08:55:22,2011-01-08 06:57:37,2011-01-08 14:50:37,Karel de Groot,79,0.8897808840196448,0,9,20,1,9867.216666666667,691.85,1227.2166666666667,5,{'lifecycle:transition': 'complete'},deviant
44,Create Request for Quotation,2011-01-08 14:25:19,2011-01-08 14:48:41,2011-01-08 14:50:41,Francis Odell,81,0.04731771817151492,0,3,14,1,10968.683333333332,28.366666666666667,888.6833333333333,6,{'lifecycle:transition': 'complete'},deviant
28,Analyze Request for Quotation,2011-01-05 01:54:41,2011-01-08 14:50:37,2011-01-08 15:07:37,Karel de Groot,74,0.1774650547789951,0,4,20,1,9892.1,4020.4166666666665,1252.1,5,{'lifecycle:transition': 'complete'},deviant
45,Amend Purchase Requisition,2011-01-08 02:58:36,2011-01-08 14:44:11,2011-01-08 15:13:11,Clement Duchot,81,0.0017944843218738193,0,3,14,1,10964.183333333332,713.5833333333334,884.1833333333333,6,{'lifecycle:transition': 'complete'},deviant
24,Send Request for Quotation to Supplier,2011-01-07 07:37:45,2011-01-08 15:07:37,2011-01-08 15:25:37,Karel de Groot,79,0.07225160559123536,0,6,2,1,10247.333333333334,1168.5833333333333,167.33333333333334,6,{'lifecycle:transition': 'complete'},deviant
28,Amend Request for Quotation,2011-01-08 15:07:37,2011-01-08 15:31:25,2011-01-08 15:40:25,Penn Osterwalder,80,0.057329051756705704,0,5,15,1,11011.416666666666,1119.3166666666666,931.4166666666666,6,{'lifecycle:transition': 'complete'},deviant
21,Analyze Request for Quotation,2011-01-07 03:49:59,2011-01-08 15:25:37,2011-01-08 15:45:37,Karel de Groot,78,0.1774650547789951,0,8,2,1,10258.533333333333,1402.55,178.53333333333333,6,{'lifecycle:transition': 'complete'},deviant
17,Analyze Request for Quotation,2011-01-06 23:17:56,2011-01-08 15:45:37,2011-01-08 15:59:37,Karel de Groot,79,0.1774650547789951,0,7,11,1,10754.65,2170.7166666666667,674.65,6,{'lifecycle:transition': 'complete'},deviant
22,Create Quotation comparison Map,2011-01-07 18:03:39,2011-01-08 10:28:33,2011-01-08 16:03:33,Magdalena Predutta,81,0.4004533434076313,0,10,10,1,10708.55,1034.35,628.55,6,{'lifecycle:transition': 'complete'},deviant
21,Amend Request for Quotation,2011-01-08 15:45:37,2011-01-08 16:20:27,2011-01-08 16:32:27,Elvira Lores,80,0.057329051756705704,0,9,16,1,11060.45,801.9166666666666,980.45,6,{'lifecycle:transition': 'complete'},deviant
17,Amend Request for Quotation,2011-01-08 15:59:37,2011-01-08 16:23:41,2011-01-08 16:37:41,Anna Kaufmann,80,0.057329051756705704,0,8,16,1,11063.683333333332,309.03333333333336,983.6833333333333,6,{'lifecycle:transition': 'complete'},deviant
13,Send Request for Quotation to Supplier,2011-01-07 23:03:07,2011-01-08 19:40:48,2011-01-08 20:15:48,Karel de Groot,81,0.07225160559123536,3,10,19,1,11260.8,1256.6833333333334,1180.8,6,{'lifecycle:transition': 'complete'},regular
27,Create Quotation comparison Map,2011-01-08 06:57:37,2011-01-08 16:03:33,2011-01-08 21:10:33,Magdalena Predutta,81,0.4004533434076313,0,6,12,1,10815.683333333332,1071.95,735.6833333333333,6,{'lifecycle:transition': 'complete'},deviant
14,Analyze Request for Quotation,2011-01-07 22:14:08,2011-01-08 20:50:14,2011-01-08 21:27:14,Karel de Groot,81,0.1774650547789951,3,10,20,1,11330.233333333334,1363.1,1250.2333333333333,6,{'lifecycle:transition': 'complete'},regular
23,Send Request for Quotation to Supplier,2011-01-08 06:54:30,2011-01-09 01:36:37,2011-01-09 02:02:37,Karel de Groot,81,0.07225160559123536,4,8,1,1,11616.616666666667,1143.1166666666666,96.61666666666666,7,{'lifecycle:transition': 'complete'},deviant
31,Analyze Request for Quotation,2011-01-05 18:11:10,2011-01-09 02:05:31,2011-01-09 02:43:31,Francois de Perrier,77,0.1774650547789951,0,4,2,1,11645.516666666666,4796.35,125.51666666666667,7,{'lifecycle:transition': 'complete'},deviant
31,Amend Request for Quotation,2011-01-09 02:43:31,2011-01-09 03:08:22,2011-01-09 03:15:22,Anne Olwada,77,0.057329051756705704,0,5,3,1,11708.366666666667,62.85,188.36666666666667,7,{'lifecycle:transition': 'complete'},deviant
15,Confirm Purchase Order,2011-01-08 09:26:37,2011-01-09 04:02:14,2011-01-09 04:07:14,Carmen Finacse,81,0.06752927842840951,0,10,4,1,11762.233333333334,1125.6166666666666,242.23333333333332,7,{'lifecycle:transition': 'complete'},deviant
27,Analyze Quotation Comparison Map,2011-01-08 21:10:33,2011-01-09 04:01:24,2011-01-09 04:18:24,Alberto Duport,78,0.0646014355874575,0,7,4,1,11761.4,945.7166666666667,241.4,7,{'lifecycle:transition': 'complete'},deviant
27,Choose best option,2011-01-09 04:18:24,2011-01-09 04:39:59,2011-01-09 04:39:59,Alberto Duport,76,0.0,0,8,4,1,11799.983333333334,38.583333333333336,279.98333333333335,7,{'lifecycle:transition': 'complete'},deviant
20,Analyze Request for Quotation,2011-01-08 02:39:30,2011-01-09 05:18:31,2011-01-09 05:33:31,Francois de Perrier,81,0.1774650547789951,0,10,5,1,11838.516666666666,1614.0166666666667,318.51666666666665,7,{'lifecycle:transition': 'complete'},regular
23,Create Quotation comparison Map,2011-01-09 02:02:37,2011-01-09 05:20:50,2011-01-09 08:54:50,Karel de Groot,77,0.4004533434076313,0,9,5,1,11840.833333333334,224.21666666666667,320.8333333333333,7,{'lifecycle:transition': 'complete'},deviant
25,Settle Conditions With Supplier,2011-01-08 01:22:15,2011-01-08 21:10:33,2011-01-09 09:07:33,Magdalena Predutta,81,0.8897808840196448,0,9,17,1,11121.3,959.05,1041.3,6,{'lifecycle:transition': 'complete'},deviant
33,Analyze Request for Quotation,2011-01-05 22:04:16,2011-01-09 08:54:50,2011-01-09 09:12:50,Karel de Groot,78,0.1774650547789951,0,4,6,1,11887.45,4805.183333333333,367.45,7,{'lifecycle:transition': 'complete'},deviant
33,Amend Request for Quotation,2011-01-09 09:12:50,2011-01-09 09:37:37,2011-01-09 09:44:37,Clement Duchot,75,0.057329051756705704,0,5,9,1,12097.616666666667,210.16666666666666,577.6166666666667,7,{'lifecycle:transition': 'complete'},deviant
36,Analyze Request for Quotation,2011-01-06 01:42:31,2011-01-09 09:12:50,2011-01-09 09:45:50,Karel de Groot,79,0.1774650547789951,0,4,6,1,11922.116666666667,4620.6,402.1166666666667,7,{'lifecycle:transition': 'complete'},deviant
29,Analyze Request for Quotation,2011-01-05 07:33:59,2011-01-09 09:07:33,2011-01-09 09:46:33,Magdalena Predutta,75,0.1774650547789951,0,4,20,1,11311.15,5099.166666666667,1231.15,6,{'lifecycle:transition': 'complete'},regular
19,Create Purchase Order,2011-01-08 14:50:37,2011-01-09 09:46:33,2011-01-09 09:53:33,Magdalena Predutta,80,0.048073290517567056,1,10,22,1,11434.166666666666,1566.95,1354.1666666666667,6,{'lifecycle:transition': 'complete'},deviant
35,Analyze Request for Quotation,2011-01-05 23:55:22,2011-01-09 09:45:50,2011-01-09 10:11:50,Karel de Groot,79,0.1774650547789951,0,4,7,1,11999.6,4807.233333333334,479.6,7,{'lifecycle:transition': 'complete'},deviant
37,Analyze Request for Quotation,2011-01-06 03:49:16,2011-01-09 10:11:50,2011-01-09 10:30:50,Karel de Groot,79,0.1774650547789951,0,4,8,1,12058.233333333334,4631.966666666666,538.2333333333333,7,{'lifecycle:transition': 'complete'},deviant
36,Amend Request for Quotation,2011-01-09 09:45:50,2011-01-09 10:21:55,2011-01-09 10:31:55,Anne Olwada,75,0.057329051756705704,0,5,10,1,12141.916666666666,219.8,621.9166666666666,7,{'lifecycle:transition': 'complete'},deviant
24,Create Quotation comparison Map,2011-01-08 15:25:37,2011-01-09 09:53:33,2011-01-09 11:10:33,Magdalena Predutta,80,0.4004533434076313,1,7,22,1,11438.15,1190.8166666666666,1358.15,6,{'lifecycle:transition': 'complete'},deviant
37,Amend Request for Quotation,2011-01-09 10:30:50,2011-01-09 11:16:46,2011-01-09 11:24:46,Esmana Liubiata,74,0.057329051756705704,0,5,11,1,12196.766666666666,138.53333333333333,676.7666666666667,7,{'lifecycle:transition': 'complete'},deviant
30,Analyze Request for Quotation,2011-01-05 18:27:28,2011-01-09 11:10:33,2011-01-09 11:40:33,Magdalena Predutta,77,0.1774650547789951,0,4,2,1,11673.3,4806.833333333333,153.3,7,{'lifecycle:transition': 'complete'},regular
34,Send Request for Quotation to Supplier,2011-01-07 23:14:10,2011-01-09 11:40:33,2011-01-09 12:16:33,Magdalena Predutta,81,0.07225160559123536,0,4,6,1,11923.566666666668,1900.4,403.56666666666666,7,{'lifecycle:transition': 'complete'},deviant
30,Amend Request for Quotation,2011-01-09 11:40:33,2011-01-09 12:05:26,2011-01-09 12:19:26,Alberto Duport,74,0.057329051756705704,0,5,12,1,12245.433333333332,572.1333333333333,725.4333333333333,7,{'lifecycle:transition': 'complete'},regular
45,Analyze Purchase Requisition,2011-01-08 15:13:11,2011-01-09 14:08:23,2011-01-09 14:17:23,Maris Freeman,80,0.03333962976955043,0,4,14,1,12368.383333333333,1404.2,848.3833333333333,7,{'lifecycle:transition': 'complete'},deviant
45,Create Request for Quotation,2011-01-09 14:17:23,2011-01-09 14:40:49,2011-01-09 14:41:49,Francis Odell,74,0.04731771817151492,0,5,14,1,12400.816666666668,32.43333333333333,880.8166666666667,7,{'lifecycle:transition': 'complete'},deviant
23,Analyze Quotation Comparison Map,2011-01-09 08:54:50,2011-01-09 16:03:10,2011-01-09 16:13:10,Kim Passa,75,0.0646014355874575,0,10,16,1,12483.166666666666,642.3333333333334,963.1666666666666,7,{'lifecycle:transition': 'complete'},deviant
25,Create Purchase Order,2011-01-09 09:07:33,2011-01-09 16:07:50,2011-01-09 16:19:50,Francois de Perrier,75,0.048073290517567056,0,10,16,1,12487.833333333334,1366.5333333333333,967.8333333333334,7,{'lifecycle:transition': 'complete'},deviant
46,Analyze Request for Quotation,2011-01-07 02:37:58,2011-01-09 17:56:44,2011-01-09 18:21:44,Karel de Groot,78,0.1774650547789951,0,3,17,1,12596.733333333334,3808.766666666667,1076.7333333333333,7,{'lifecycle:transition': 'complete'},deviant
24,Analyze Quotation Comparison Map,2011-01-09 11:10:33,2011-01-09 18:00:12,2011-01-09 18:26:12,Kim Passa,74,0.0646014355874575,0,8,18,1,12600.2,1162.05,1080.2,7,{'lifecycle:transition': 'complete'},deviant
24,Choose best option,2011-01-09 18:26:12,2011-01-09 18:37:57,2011-01-09 18:37:57,Immanuel Karagianni,72,0.0,0,9,18,1,12637.95,37.75,1117.95,7,{'lifecycle:transition': 'complete'},deviant
21,Analyze Request for Quotation,2011-01-08 16:32:27,2011-01-09 18:21:44,2011-01-09 18:42:44,Karel de Groot,79,0.1774650547789951,0,10,18,1,12620.783333333333,1560.3333333333333,1100.7833333333333,7,{'lifecycle:transition': 'complete'},deviant
16,Analyze Request for Quotation,2011-01-08 10:30:34,2011-01-09 21:08:25,2011-01-09 21:33:25,Karel de Groot,81,0.1774650547789951,3,9,21,1,12788.416666666666,2087.85,1268.4166666666667,7,{'lifecycle:transition': 'complete'},regular
42,Analyze Request for Quotation,2011-01-07 03:03:29,2011-01-09 22:34:21,2011-01-09 22:52:21,Karel de Groot,78,0.1774650547789951,0,3,22,1,12874.35,4064.866666666667,1354.35,7,{'lifecycle:transition': 'complete'},deviant
46,Amend Request for Quotation,2011-01-09 18:21:44,2011-01-09 22:40:41,2011-01-09 22:54:41,Tesca Lobes,72,0.057329051756705704,0,4,22,1,12880.683333333332,283.95,1360.6833333333334,7,{'lifecycle:transition': 'complete'},deviant
34,Create Quotation comparison Map,2011-01-09 12:16:33,2011-01-09 23:37:07,2011-01-10 01:57:07,Magdalena Predutta,74,0.4004533434076313,0,5,23,1,12937.116666666667,1013.55,1417.1166666666666,7,{'lifecycle:transition': 'complete'},deviant
38,Analyze Request for Quotation,2011-01-07 00:35:55,2011-01-10 03:26:10,2011-01-10 03:42:10,Karel de Groot,79,0.1774650547789951,0,4,3,1,13166.166666666666,4492.25,206.16666666666666,1,{'lifecycle:transition': 'complete'},regular
27,Settle Conditions With Supplier,2011-01-09 04:39:59,2011-01-09 17:08:31,2011-01-10 03:46:31,Francois de Perrier,76,0.8897808840196448,0,9,17,1,12548.516666666666,748.5333333333333,1028.5166666666667,7,{'lifecycle:transition': 'complete'},deviant
38,Amend Request for Quotation,2011-01-10 03:42:10,2011-01-10 04:03:08,2011-01-10 04:11:08,Miu Hanwan,71,0.057329051756705704,0,5,4,1,13203.133333333333,36.96666666666667,243.13333333333333,1,{'lifecycle:transition': 'complete'},regular
26,Analyze Request for Quotation,2011-01-08 04:06:12,2011-01-10 04:35:38,2011-01-10 05:02:38,Karel de Groot,81,0.1774650547789951,5,8,4,1,13235.633333333333,2920.4333333333334,275.6333333333333,1,{'lifecycle:transition': 'complete'},deviant
26,Amend Request for Quotation,2011-01-10 05:02:38,2011-01-10 05:24:48,2011-01-10 05:39:48,Immanuel Karagianni,71,0.057329051756705704,0,9,5,1,13284.8,49.166666666666664,324.8,1,{'lifecycle:transition': 'complete'},deviant
28,Analyze Request for Quotation,2011-01-08 15:40:25,2011-01-10 06:28:01,2011-01-10 06:50:01,Karel de Groot,80,0.1774650547789951,1,6,6,1,13348.016666666666,2336.6,388.01666666666665,1,{'lifecycle:transition': 'complete'},deviant
28,Amend Request for Quotation,2011-01-10 06:50:01,2011-01-10 07:11:47,2011-01-10 07:22:47,Anne Olwada,71,0.057329051756705704,0,7,7,1,13391.783333333333,43.766666666666666,431.78333333333336,1,{'lifecycle:transition': 'complete'},deviant
29,Send Request for Quotation to Supplier,2011-01-09 09:46:33,2011-01-10 07:14:51,2011-01-10 07:50:51,Karel de Groot,75,0.07225160559123536,1,5,7,1,13394.85,2083.7,434.85,1,{'lifecycle:transition': 'complete'},regular
35,Send Request for Quotation to Supplier,2011-01-09 10:11:50,2011-01-10 07:28:54,2011-01-10 07:59:54,Francois de Perrier,74,0.07225160559123536,0,5,7,1,13408.9,1409.3,448.9,1,{'lifecycle:transition': 'complete'},deviant
49,Analyze Request for Quotation,2011-01-07 11:14:27,2011-01-10 07:50:51,2011-01-10 08:00:51,Karel de Groot,80,0.1774650547789951,0,3,7,1,13397.45,4096.0,437.45,1,{'lifecycle:transition': 'complete'},deviant
34,Analyze Quotation Comparison Map,2011-01-10 01:57:07,2011-01-10 08:51:13,2011-01-10 08:59:13,Clement Duchot,71,0.0646014355874575,0,6,8,1,13491.216666666667,554.1,531.2166666666667,1,{'lifecycle:transition': 'complete'},deviant
34,Choose best option,2011-01-10 08:59:13,2011-01-10 09:01:08,2011-01-10 09:01:08,Nico Ojenbeer,71,0.0,0,7,9,1,13501.133333333333,9.916666666666666,541.1333333333333,1,{'lifecycle:transition': 'complete'},deviant
50,Analyze Request for Quotation,2011-01-07 14:00:27,2011-01-10 10:03:27,2011-01-10 10:11:27,Karel de Groot,80,0.1774650547789951,0,3,10,1,13563.45,4089.0,603.45,1,{'lifecycle:transition': 'complete'},deviant
27,Create Purchase Order,2011-01-10 03:46:31,2011-01-10 10:15:02,2011-01-10 10:22:02,Francois de Perrier,71,0.048073290517567056,0,10,10,1,13575.033333333333,1026.5166666666667,615.0333333333333,1,{'lifecycle:transition': 'complete'},deviant
41,Analyze Request for Quotation,2011-01-08 02:27:36,2011-01-10 10:11:27,2011-01-10 10:37:27,Karel de Groot,81,0.1774650547789951,3,4,10,1,13569.983333333334,3343.383333333333,609.9833333333333,1,{'lifecycle:transition': 'complete'},deviant
17,Analyze Request for Quotation,2011-01-08 16:37:41,2011-01-10 10:44:04,2011-01-10 11:04:04,Francois de Perrier,79,0.1774650547789951,0,9,10,1,13604.066666666668,2540.383333333333,644.0666666666667,1,{'lifecycle:transition': 'complete'},deviant
52,Analyze Request for Quotation,2011-01-07 17:56:10,2011-01-10 11:56:50,2011-01-10 12:15:50,Karel de Groot,81,0.1774650547789951,0,3,11,1,13676.833333333334,3969.6666666666665,716.8333333333334,1,{'lifecycle:transition': 'complete'},deviant
43,Analyze Request for Quotation,2011-01-08 13:02:06,2011-01-10 12:15:50,2011-01-10 12:42:50,Karel de Groot,81,0.1774650547789951,4,4,12,1,13684.683333333332,2826.0833333333335,724.6833333333333,1,{'lifecycle:transition': 'complete'},deviant
44,Analyze Request for Quotation,2011-01-08 14:50:41,2011-01-10 13:46:18,2011-01-10 14:10:18,Francois de Perrier,80,0.1774650547789951,0,4,13,1,13786.3,2817.616666666667,826.3,1,{'lifecycle:transition': 'complete'},deviant
31,Analyze Request for Quotation,2011-01-09 03:15:22,2011-01-10 14:00:04,2011-01-10 14:21:04,Karel de Groot,77,0.1774650547789951,0,6,14,1,13800.066666666668,2091.7,840.0666666666667,1,{'lifecycle:transition': 'complete'},deviant
29,Create Quotation comparison Map,2011-01-10 07:50:51,2011-01-10 09:03:57,2011-01-10 14:46:57,Magdalena Predutta,71,0.4004533434076313,0,6,9,1,13503.95,109.1,543.95,1,{'lifecycle:transition': 'complete'},regular
33,Analyze Request for Quotation,2011-01-09 09:44:37,2011-01-10 18:27:35,2011-01-10 19:02:35,Francois de Perrier,75,0.1774650547789951,0,6,18,1,14067.583333333334,1969.9666666666667,1107.5833333333333,1,{'lifecycle:transition': 'complete'},deviant
35,Create Quotation comparison Map,2011-01-10 07:59:54,2011-01-10 14:46:57,2011-01-10 19:34:57,Magdalena Predutta,71,0.4004533434076313,0,6,9,1,13512.766666666666,103.86666666666666,552.7666666666667,1,{'lifecycle:transition': 'complete'},deviant
54,Analyze Request for Quotation,2011-01-08 03:03:53,2011-01-10 19:34:57,2011-01-10 19:55:57,Magdalena Predutta,81,0.1774650547789951,0,3,9,1,13542.4,3288.516666666667,582.4,1,{'lifecycle:transition': 'complete'},deviant
53,Analyze Request for Quotation,2011-01-07 21:48:18,2011-01-10 19:55:57,2011-01-10 20:16:57,Magdalena Predutta,81,0.1774650547789951,0,3,13,1,13776.05,3836.75,816.05,1,{'lifecycle:transition': 'complete'},deviant
51,Analyze Request for Quotation,2011-01-08 13:23:22,2011-01-10 20:16:57,2011-01-10 20:45:57,Magdalena Predutta,81,0.1774650547789951,1,4,15,1,13912.6,3032.233333333333,952.6,1,{'lifecycle:transition': 'complete'},deviant
24,Settle Conditions With Supplier,2011-01-09 18:37:57,2011-01-10 14:21:04,2011-01-10 21:19:04,Karel de Groot,72,0.8897808840196448,0,10,14,1,13805.683333333332,1167.7333333333333,845.6833333333333,1,{'lifecycle:transition': 'complete'},deviant
51,Amend Request for Quotation,2011-01-10 20:45:57,2011-01-10 21:10:32,2011-01-10 21:23:32,Esmana Liubiata,69,0.057329051756705704,0,5,21,1,14230.533333333333,317.93333333333334,1270.5333333333333,1,{'lifecycle:transition': 'complete'},deviant
16,Send Request for Quotation to Supplier,2011-01-09 21:33:25,2011-01-10 21:02:35,2011-01-10 21:26:35,Magdalena Predutta,71,0.07225160559123536,0,10,21,1,14222.583333333334,1434.1666666666667,1262.5833333333333,1,{'lifecycle:transition': 'complete'},regular
39,Analyze Request for Quotation,2011-01-07 21:35:20,2011-01-10 21:19:04,2011-01-10 21:29:04,Karel de Groot,81,0.1774650547789951,3,4,18,1,14046.033333333333,4112.7,1086.0333333333333,1,{'lifecycle:transition': 'complete'},deviant
54,Amend Request for Quotation,2011-01-10 19:55:57,2011-01-10 21:29:06,2011-01-10 21:42:06,Elvira Lores,69,0.057329051756705704,0,4,21,1,14249.1,706.7,1289.1,1,{'lifecycle:transition': 'complete'},deviant
42,Send Request for Quotation to Supplier,2011-01-09 22:52:21,2011-01-10 21:29:04,2011-01-10 21:47:04,Karel de Groot,71,0.07225160559123536,0,4,19,1,14105.716666666667,1231.3666666666666,1145.7166666666667,1,{'lifecycle:transition': 'complete'},deviant
29,Analyze Quotation Comparison Map,2011-01-10 14:46:57,2011-01-10 21:43:33,2011-01-10 21:51:33,Alberto Duport,69,0.0646014355874575,0,7,21,1,14263.55,759.6,1303.55,1,{'lifecycle:transition': 'complete'},regular
29,Choose best option,2011-01-10 21:51:33,2011-01-10 21:53:11,2011-01-10 21:53:11,Fjodor Kowalski,67,0.0,0,8,21,1,14273.183333333332,9.633333333333333,1313.1833333333334,1,{'lifecycle:transition': 'complete'},regular
39,Amend Request for Quotation,2011-01-10 21:29:04,2011-01-10 21:47:22,2011-01-10 21:56:22,Kim Passa,67,0.057329051756705704,0,5,21,1,14267.366666666667,221.33333333333334,1307.3666666666666,1,{'lifecycle:transition': 'complete'},deviant
47,Analyze Request for Quotation,2011-01-08 07:04:15,2011-01-10 23:16:19,2011-01-10 23:42:19,Karel de Groot,81,0.1774650547789951,3,4,23,1,14356.316666666668,3855.0666666666666,1396.3166666666666,1,{'lifecycle:transition': 'complete'},deviant
49,Send Request for Quotation to Supplier,2011-01-10 08:00:51,2011-01-10 23:37:36,2011-01-10 23:59:36,Magdalena Predutta,71,0.07225160559123536,0,4,23,1,14377.6,980.15,1417.6,1,{'lifecycle:transition': 'complete'},deviant
40,Analyze Request for Quotation,2011-01-07 23:48:10,2011-01-10 23:42:47,2011-01-11 00:08:47,Francois de Perrier,81,0.1774650547789951,0,4,23,1,14382.783333333333,4315.616666666667,1422.7833333333333,1,{'lifecycle:transition': 'complete'},deviant
30,Analyze Request for Quotation,2011-01-09 12:19:26,2011-01-11 00:22:28,2011-01-11 00:40:28,Magdalena Predutta,74,0.1774650547789951,0,6,0,1,14422.466666666667,2177.0333333333333,22.466666666666665,2,{'lifecycle:transition': 'complete'},regular
48,Analyze Request for Quotation,2011-01-08 08:50:33,2011-01-11 00:58:03,2011-01-11 01:08:03,Magdalena Predutta,81,0.1774650547789951,0,4,0,1,14458.05,3849.5,58.05,2,{'lifecycle:transition': 'complete'},regular
30,Amend Request for Quotation,2011-01-11 00:40:28,2011-01-11 01:10:10,2011-01-11 01:21:10,Alberto Duport,67,0.057329051756705704,0,7,1,1,14470.166666666666,47.7,70.16666666666667,2,{'lifecycle:transition': 'complete'},regular
48,Amend Request for Quotation,2011-01-11 01:08:03,2011-01-11 01:43:51,2011-01-11 01:55:51,Miu Hanwan,67,0.057329051756705704,0,5,1,1,14503.85,45.8,103.85,2,{'lifecycle:transition': 'complete'},regular
42,Create Quotation comparison Map,2011-01-10 21:47:04,2011-01-11 01:03:16,2011-01-11 02:03:16,Karel de Groot,67,0.4004533434076313,0,5,1,1,14463.266666666666,357.55,63.266666666666666,2,{'lifecycle:transition': 'complete'},deviant
35,Analyze Quotation Comparison Map,2011-01-10 19:34:57,2011-01-11 02:31:49,2011-01-11 02:41:49,Tesca Lobes,69,0.0646014355874575,0,7,2,1,14551.816666666668,1039.05,151.81666666666666,2,{'lifecycle:transition': 'complete'},deviant
35,Choose best option,2011-01-11 02:41:49,2011-01-11 02:45:14,2011-01-11 02:45:14,Anna Kaufmann,67,0.0,0,8,2,1,14565.233333333334,13.416666666666666,165.23333333333332,2,{'lifecycle:transition': 'complete'},deviant
36,Analyze Request for Quotation,2011-01-09 10:31:55,2011-01-11 02:35:05,2011-01-11 02:54:05,Magdalena Predutta,74,0.1774650547789951,2,6,2,1,14555.083333333334,2413.1666666666665,155.08333333333334,2,{'lifecycle:transition': 'complete'},deviant
37,Analyze Request for Quotation,2011-01-09 11:24:46,2011-01-11 02:40:36,2011-01-11 03:22:36,Karel de Groot,74,0.1774650547789951,0,6,2,1,14560.6,2363.8333333333335,160.6,2,{'lifecycle:transition': 'complete'},deviant
37,Amend Request for Quotation,2011-01-11 03:22:36,2011-01-11 03:49:57,2011-01-11 03:56:57,Nico Ojenbeer,67,0.057329051756705704,0,7,3,1,14629.95,69.35,229.95,2,{'lifecycle:transition': 'complete'},deviant
45,Analyze Request for Quotation,2011-01-09 14:41:49,2011-01-11 04:18:14,2011-01-11 04:50:14,Karel de Groot,74,0.1774650547789951,0,6,4,1,14658.233333333334,2257.4166666666665,258.23333333333335,2,{'lifecycle:transition': 'complete'},deviant
28,Analyze Request for Quotation,2011-01-10 07:22:47,2011-01-11 05:57:24,2011-01-11 06:14:24,Karel de Groot,71,0.1774650547789951,1,8,5,1,14757.4,1365.6166666666666,357.4,2,{'lifecycle:transition': 'complete'},deviant
26,Analyze Request for Quotation,2011-01-10 05:39:48,2011-01-11 06:18:30,2011-01-11 06:41:30,Karel de Groot,71,0.1774650547789951,0,10,6,1,14778.5,1493.7,378.5,2,{'lifecycle:transition': 'complete'},deviant
41,Send Request for Quotation to Supplier,2011-01-10 10:37:27,2011-01-11 06:41:30,2011-01-11 07:05:30,Karel de Groot,70,0.07225160559123536,0,5,6,1,14790.766666666666,1220.7833333333333,390.76666666666665,2,{'lifecycle:transition': 'complete'},deviant
52,Send Request for Quotation to Supplier,2011-01-10 12:15:50,2011-01-11 07:05:30,2011-01-11 07:32:30,Karel de Groot,69,0.07225160559123536,1,4,6,1,14793.933333333332,1117.1,393.93333333333334,2,{'lifecycle:transition': 'complete'},deviant
49,Create Quotation comparison Map,2011-01-10 23:59:36,2011-01-11 03:41:31,2011-01-11 07:32:31,Magdalena Predutta,67,0.4004533434076313,0,5,3,1,14621.516666666666,243.91666666666666,221.51666666666668,2,{'lifecycle:transition': 'complete'},deviant
31,Send Request for Quotation to Supplier,2011-01-10 14:21:04,2011-01-11 07:32:31,2011-01-11 07:45:31,Magdalena Predutta,69,0.07225160559123536,3,7,7,1,14849.216666666667,1049.15,449.21666666666664,2,{'lifecycle:transition': 'complete'},deviant
46,Analyze Request for Quotation,2011-01-09 22:54:41,2011-01-11 07:45:31,2011-01-11 07:50:31,Magdalena Predutta,71,0.1774650547789951,0,5,7,1,14853.1,1972.4166666666667,453.1,2,{'lifecycle:transition': 'complete'},deviant
38,Analyze Request for Quotation,2011-01-10 04:11:08,2011-01-11 07:32:30,2011-01-11 07:58:30,Karel de Groot,71,0.1774650547789951,0,6,7,1,14845.533333333333,1642.4,445.53333333333336,2,{'lifecycle:transition': 'complete'},regular
46,Amend Request for Quotation,2011-01-11 07:50:31,2011-01-11 08:16:47,2011-01-11 08:26:47,Clement Duchot,66,0.057329051756705704,0,6,8,1,14896.783333333333,43.68333333333333,496.78333333333336,2,{'lifecycle:transition': 'complete'},deviant
38,Amend Request for Quotation,2011-01-11 07:58:30,2011-01-11 08:21:50,2011-01-11 08:30:50,Alberto Duport,66,0.057329051756705704,0,7,8,1,14901.833333333334,56.3,501.8333333333333,2,{'lifecycle:transition': 'complete'},regular
43,Send Request for Quotation to Supplier,2011-01-10 12:42:50,2011-01-11 08:24:43,2011-01-11 08:41:43,Karel de Groot,69,0.07225160559123536,0,5,8,1,14904.716666666667,1220.0333333333333,504.71666666666664,2,{'lifecycle:transition': 'complete'},deviant
42,Analyze Quotation Comparison Map,2011-01-11 02:03:16,2011-01-11 08:57:56,2011-01-11 09:24:56,Anna Kaufmann,67,0.0646014355874575,0,6,8,1,14937.933333333332,474.6666666666667,537.9333333333333,2,{'lifecycle:transition': 'complete'},deviant
42,Choose best option,2011-01-11 09:24:56,2011-01-11 09:36:41,2011-01-11 09:36:41,Clement Duchot,66,0.0,0,7,9,1,14976.683333333332,38.75,576.6833333333333,2,{'lifecycle:transition': 'complete'},deviant
44,Send Request for Quotation to Supplier,2011-01-10 14:10:18,2011-01-11 09:49:32,2011-01-11 10:18:32,Magdalena Predutta,69,0.07225160559123536,3,5,9,1,14989.533333333333,1203.2333333333333,589.5333333333333,2,{'lifecycle:transition': 'complete'},deviant
34,Settle Conditions With Supplier,2011-01-10 09:01:08,2011-01-11 00:08:47,2011-01-11 11:12:47,Francois de Perrier,71,0.8897808840196448,0,8,0,1,14403.0,901.8666666666667,3.0,2,{'lifecycle:transition': 'complete'},deviant
50,Send Request for Quotation to Supplier,2011-01-10 10:11:27,2011-01-11 11:12:47,2011-01-11 11:45:47,Francois de Perrier,71,0.07225160559123536,0,4,3,1,14599.883333333333,1036.4333333333334,199.88333333333333,2,{'lifecycle:transition': 'complete'},deviant
43,Create Quotation comparison Map,2011-01-11 08:41:43,2011-01-11 11:07:49,2011-01-11 12:01:49,Magdalena Predutta,66,0.4004533434076313,0,6,11,1,15067.816666666668,163.1,667.8166666666667,2,{'lifecycle:transition': 'complete'},deviant
41,Create Quotation comparison Map,2011-01-11 07:05:30,2011-01-11 08:56:42,2011-01-11 12:44:42,Karel de Groot,66,0.4004533434076313,1,6,8,1,14936.7,145.93333333333334,536.7,2,{'lifecycle:transition': 'complete'},deviant
33,Send Request for Quotation to Supplier,2011-01-10 19:02:35,2011-01-11 12:12:05,2011-01-11 12:45:05,Magdalena Predutta,69,0.07225160559123536,3,7,12,1,15132.083333333334,1064.5,732.0833333333334,2,{'lifecycle:transition': 'complete'},deviant
49,Analyze Quotation Comparison Map,2011-01-11 07:32:31,2011-01-11 14:26:56,2011-01-11 14:34:56,Fjodor Kowalski,66,0.0646014355874575,0,6,14,1,15266.933333333332,645.4166666666666,866.9333333333333,2,{'lifecycle:transition': 'complete'},deviant
49,Choose best option,2011-01-11 14:34:56,2011-01-11 14:46:00,2011-01-11 14:46:00,Anne Olwada,66,0.0,0,7,14,1,15286.0,19.066666666666666,886.0,2,{'lifecycle:transition': 'complete'},deviant
33,Create Quotation comparison Map,2011-01-11 12:45:05,2011-01-11 14:56:37,2011-01-11 16:09:37,Magdalena Predutta,66,0.4004533434076313,0,8,14,1,15296.616666666667,164.53333333333333,896.6166666666667,2,{'lifecycle:transition': 'complete'},deviant
31,Create Quotation comparison Map,2011-01-11 07:45:31,2011-01-11 12:44:42,2011-01-11 17:45:42,Karel de Groot,66,0.4004533434076313,0,8,10,1,15051.583333333334,202.36666666666667,651.5833333333334,2,{'lifecycle:transition': 'complete'},deviant
52,Create Quotation comparison Map,2011-01-11 07:32:30,2011-01-11 17:45:42,2011-01-11 18:28:42,Karel de Groot,66,0.4004533434076313,1,5,13,1,15209.7,415.76666666666665,809.7,2,{'lifecycle:transition': 'complete'},deviant
53,Send Request for Quotation to Supplier,2011-01-10 20:16:57,2011-01-11 18:28:42,2011-01-11 18:56:42,Karel de Groot,69,0.07225160559123536,2,4,14,1,15255.0,1478.95,855.0,2,{'lifecycle:transition': 'complete'},deviant
43,Analyze Quotation Comparison Map,2011-01-11 12:01:49,2011-01-11 18:51:01,2011-01-11 19:14:01,Tesca Lobes,66,0.0646014355874575,0,7,18,1,15531.016666666666,463.2,1131.0166666666667,2,{'lifecycle:transition': 'complete'},deviant
47,Send Request for Quotation to Supplier,2011-01-10 23:42:19,2011-01-11 18:56:42,2011-01-11 19:24:42,Karel de Groot,67,0.07225160559123536,0,5,18,1,15511.133333333333,1154.8166666666666,1111.1333333333334,2,{'lifecycle:transition': 'complete'},deviant
43,Choose best option,2011-01-11 19:14:01,2011-01-11 19:25:06,2011-01-11 19:25:06,Immanuel Karagianni,66,0.0,0,8,19,1,15565.1,34.083333333333336,1165.1,2,{'lifecycle:transition': 'complete'},deviant
34,Create Purchase Order,2011-01-11 11:12:47,2011-01-11 19:33:26,2011-01-11 19:46:26,Magdalena Predutta,66,0.048073290517567056,0,9,19,1,15573.433333333332,1170.4333333333334,1173.4333333333334,2,{'lifecycle:transition': 'complete'},deviant
41,Analyze Quotation Comparison Map,2011-01-11 12:44:42,2011-01-11 19:33:25,2011-01-11 19:58:25,Christian Francois,66,0.0646014355874575,0,7,19,1,15573.416666666666,636.7166666666667,1173.4166666666667,2,{'lifecycle:transition': 'complete'},deviant
41,Choose best option,2011-01-11 19:58:25,2011-01-11 20:05:10,2011-01-11 20:05:10,Elvira Lores,66,0.0,0,8,20,1,15605.166666666666,31.75,1205.1666666666667,2,{'lifecycle:transition': 'complete'},deviant
50,Create Quotation comparison Map,2011-01-11 11:45:47,2011-01-11 19:24:42,2011-01-11 22:13:42,Karel de Groot,66,0.4004533434076313,1,5,18,1,15521.183333333332,921.3,1121.1833333333334,2,{'lifecycle:transition': 'complete'},deviant
40,Send Request for Quotation to Supplier,2011-01-11 00:08:47,2011-01-11 22:13:42,2011-01-11 22:33:42,Karel de Groot,67,0.07225160559123536,0,5,21,1,15694.616666666667,1311.8333333333333,1294.6166666666666,2,{'lifecycle:transition': 'complete'},deviant
29,Settle Conditions With Supplier,2011-01-10 21:53:11,2011-01-11 11:45:47,2011-01-11 22:48:47,Francois de Perrier,67,0.8897808840196448,0,9,5,1,14709.166666666666,435.98333333333335,309.1666666666667,2,{'lifecycle:transition': 'complete'},regular
54,Analyze Request for Quotation,2011-01-10 21:42:06,2011-01-11 22:33:42,2011-01-11 23:01:42,Karel de Groot,67,0.1774650547789951,0,5,21,1,15713.6,1464.5,1313.6,2,{'lifecycle:transition': 'complete'},deviant
33,Analyze Quotation Comparison Map,2011-01-11 16:09:37,2011-01-11 22:59:34,2011-01-11 23:07:34,Esmana Liubiata,66,0.0646014355874575,0,9,22,1,15779.566666666668,482.95,1379.5666666666666,2,{'lifecycle:transition': 'complete'},deviant
33,Choose best option,2011-01-11 23:07:34,2011-01-11 23:11:53,2011-01-11 23:11:53,Anne Olwada,66,0.0,0,10,23,1,15791.883333333333,12.316666666666666,1391.8833333333334,2,{'lifecycle:transition': 'complete'},deviant
36,Send Request for Quotation to Supplier,2011-01-11 02:54:05,2011-01-11 23:01:42,2011-01-11 23:34:42,Karel de Groot,67,0.07225160559123536,0,7,22,1,15741.766666666666,1186.6833333333334,1341.7666666666667,2,{'lifecycle:transition': 'complete'},deviant
45,Send Request for Quotation to Supplier,2011-01-11 04:50:14,2011-01-11 23:34:42,2011-01-11 23:55:42,Karel de Groot,67,0.07225160559123536,0,7,23,1,15783.9,1125.6666666666667,1383.9,2,{'lifecycle:transition': 'complete'},deviant
31,Analyze Quotation Comparison Map,2011-01-11 17:45:42,2011-01-12 00:34:14,2011-01-12 00:53:14,Miu Hanwan,66,0.0646014355874575,0,9,0,1,15874.233333333334,822.65,34.233333333333334,3,{'lifecycle:transition': 'complete'},deviant
31,Choose best option,2011-01-12 00:53:14,2011-01-12 01:01:30,2011-01-12 01:01:30,Tesca Lobes,65,0.0,0,10,1,1,15901.5,27.266666666666666,61.5,3,{'lifecycle:transition': 'complete'},deviant
52,Analyze Quotation Comparison Map,2011-01-11 18:28:42,2011-01-12 01:22:51,2011-01-12 01:29:51,Clement Duchot,66,0.0646014355874575,0,6,1,1,15922.85,713.15,82.85,3,{'lifecycle:transition': 'complete'},deviant
42,Settle Conditions With Supplier,2011-01-11 09:36:41,2011-01-11 19:46:26,2011-01-12 01:37:26,Magdalena Predutta,66,0.8897808840196448,0,8,19,1,15579.516666666666,602.8333333333334,1179.5166666666667,2,{'lifecycle:transition': 'complete'},deviant
52,Choose best option,2011-01-12 01:29:51,2011-01-12 01:38:58,2011-01-12 01:38:58,Kim Passa,64,0.0,0,7,1,1,15938.966666666667,16.116666666666667,98.96666666666667,3,{'lifecycle:transition': 'complete'},deviant
28,Send Request for Quotation to Supplier,2011-01-11 06:14:24,2011-01-12 01:37:26,2011-01-12 02:02:26,Magdalena Predutta,67,0.07225160559123536,0,9,0,1,15894.966666666667,1137.5666666666666,54.96666666666667,3,{'lifecycle:transition': 'complete'},deviant
53,Create Quotation comparison Map,2011-01-11 18:56:42,2011-01-12 00:58:08,2011-01-12 02:19:08,Karel de Groot,66,0.4004533434076313,2,5,0,1,15898.133333333333,643.1333333333333,58.13333333333333,3,{'lifecycle:transition': 'complete'},deviant
50,Analyze Quotation Comparison Map,2011-01-11 22:13:42,2011-01-12 05:10:32,2011-01-12 05:28:32,Esmana Liubiata,66,0.0646014355874575,0,6,5,1,16150.533333333333,629.35,310.53333333333336,3,{'lifecycle:transition': 'complete'},deviant
50,Choose best option,2011-01-12 05:28:32,2011-01-12 05:39:41,2011-01-12 05:39:41,Clement Duchot,64,0.0,0,7,5,1,16179.683333333332,29.15,339.68333333333334,3,{'lifecycle:transition': 'complete'},deviant
40,Create Quotation comparison Map,2011-01-11 22:33:42,2011-01-12 05:00:19,2011-01-12 06:42:19,Magdalena Predutta,66,0.4004533434076313,0,6,5,1,16140.316666666668,445.7,300.31666666666666,3,{'lifecycle:transition': 'complete'},deviant
28,Create Quotation comparison Map,2011-01-12 02:02:26,2011-01-12 06:42:19,2011-01-12 07:36:19,Magdalena Predutta,64,0.4004533434076313,0,10,6,1,16226.816666666668,331.85,386.81666666666666,3,{'lifecycle:transition': 'complete'},deviant
36,Create Quotation comparison Map,2011-01-11 23:34:42,2011-01-12 04:48:37,2011-01-12 08:49:37,Karel de Groot,65,0.4004533434076313,1,8,4,1,16128.616666666667,386.85,288.6166666666667,3,{'lifecycle:transition': 'complete'},deviant
53,Analyze Quotation Comparison Map,2011-01-12 02:19:08,2011-01-12 09:15:19,2011-01-12 09:33:19,Christian Francois,64,0.0646014355874575,0,6,9,1,16395.316666666666,497.18333333333334,555.3166666666667,3,{'lifecycle:transition': 'complete'},deviant
53,Choose best option,2011-01-12 09:33:19,2011-01-12 09:46:46,2011-01-12 09:46:46,Anna Kaufmann,63,0.0,0,7,9,1,16426.766666666666,31.45,586.7666666666667,3,{'lifecycle:transition': 'complete'},deviant
35,Settle Conditions With Supplier,2011-01-11 02:45:14,2011-01-11 22:48:47,2011-01-12 10:42:47,Francois de Perrier,67,0.8897808840196448,0,9,10,1,15010.583333333334,445.35,610.5833333333334,2,{'lifecycle:transition': 'complete'},deviant
40,Analyze Quotation Comparison Map,2011-01-12 06:42:19,2011-01-12 13:31:39,2011-01-12 13:53:39,Nico Ojenbeer,64,0.0646014355874575,0,7,13,1,16651.65,511.3333333333333,811.65,3,{'lifecycle:transition': 'complete'},deviant
40,Choose best option,2011-01-12 13:53:39,2011-01-12 14:04:04,2011-01-12 14:04:04,Tesca Lobes,63,0.0,0,8,14,1,16684.066666666666,32.416666666666664,844.0666666666667,3,{'lifecycle:transition': 'complete'},deviant
44,Create Quotation comparison Map,2011-01-11 10:18:32,2011-01-12 10:42:47,2011-01-12 15:59:47,Francois de Perrier,66,0.4004533434076313,3,6,11,1,15101.916666666666,112.38333333333334,701.9166666666666,2,{'lifecycle:transition': 'complete'},deviant
36,Analyze Quotation Comparison Map,2011-01-12 08:49:37,2011-01-12 15:41:18,2011-01-12 16:05:18,Christian Francois,63,0.0646014355874575,0,9,15,1,16781.3,652.6833333333333,941.3,3,{'lifecycle:transition': 'complete'},deviant
36,Choose best option,2011-01-12 16:05:18,2011-01-12 16:10:49,2011-01-12 16:10:49,Tesca Lobes,63,0.0,0,10,16,1,16810.816666666666,29.516666666666666,970.8166666666667,3,{'lifecycle:transition': 'complete'},deviant
34,Confirm Purchase Order,2011-01-11 19:46:26,2011-01-12 15:56:08,2011-01-12 16:15:08,Carmen Finacse,66,0.06752927842840951,0,10,15,1,16796.133333333335,1222.7,956.1333333333333,3,{'lifecycle:transition': 'complete'},deviant
47,Create Quotation comparison Map,2011-01-11 19:24:42,2011-01-12 15:59:47,2011-01-12 19:08:47,Francois de Perrier,66,0.4004533434076313,2,6,21,1,15704.233333333334,193.1,1304.2333333333333,2,{'lifecycle:transition': 'complete'},deviant
39,Analyze Request for Quotation,2011-01-10 21:56:22,2011-01-12 19:08:47,2011-01-12 19:26:47,Francois de Perrier,67,0.1774650547789951,0,6,22,1,15747.533333333333,1480.1666666666667,1347.5333333333333,2,{'lifecycle:transition': 'complete'},deviant
37,Analyze Request for Quotation,2011-01-11 03:56:57,2011-01-12 19:02:53,2011-01-12 19:41:53,Magdalena Predutta,67,0.1774650547789951,0,8,19,1,16982.883333333335,2352.9333333333334,1142.8833333333334,3,{'lifecycle:transition': 'complete'},deviant
51,Analyze Request for Quotation,2011-01-10 21:23:32,2011-01-12 19:26:47,2011-01-12 19:56:47,Francois de Perrier,68,0.1774650547789951,0,6,22,1,15750.833333333334,1520.3,1350.8333333333333,2,{'lifecycle:transition': 'complete'},deviant
39,Amend Request for Quotation,2011-01-12 19:26:47,2011-01-12 19:46:38,2011-01-12 20:00:38,Penn Osterwalder,61,0.057329051756705704,0,7,19,1,17026.633333333335,1279.1,1186.6333333333334,3,{'lifecycle:transition': 'complete'},deviant
51,Amend Request for Quotation,2011-01-12 19:56:47,2011-01-12 20:15:30,2011-01-12 20:23:30,Christian Francois,61,0.057329051756705704,0,7,20,1,17055.5,1304.6666666666667,1215.5,3,{'lifecycle:transition': 'complete'},deviant
48,Analyze Request for Quotation,2011-01-11 01:55:51,2011-01-12 20:12:02,2011-01-12 20:43:02,Magdalena Predutta,67,0.1774650547789951,0,6,20,1,17052.033333333333,2548.1833333333334,1212.0333333333333,3,{'lifecycle:transition': 'complete'},regular
41,Settle Conditions With Supplier,2011-01-11 20:05:10,2011-01-12 10:26:53,2011-01-12 21:10:53,Karel de Groot,66,0.8897808840196448,0,9,10,1,16466.883333333335,861.7166666666667,626.8833333333333,3,{'lifecycle:transition': 'complete'},deviant
48,Amend Request for Quotation,2011-01-12 20:43:02,2011-01-12 21:03:35,2011-01-12 21:17:35,Alberto Duport,61,0.057329051756705704,0,7,21,1,17103.583333333332,51.55,1263.5833333333333,3,{'lifecycle:transition': 'complete'},regular
30,Analyze Request for Quotation,2011-01-11 01:21:10,2011-01-12 21:10:53,2011-01-12 21:37:53,Karel de Groot,67,0.1774650547789951,0,8,13,1,16652.75,2182.5833333333335,812.75,3,{'lifecycle:transition': 'complete'},regular
30,Amend Request for Quotation,2011-01-12 21:37:53,2011-01-12 22:01:55,2011-01-12 22:15:55,Fjodor Kowalski,61,0.057329051756705704,0,9,22,1,17161.916666666668,509.1666666666667,1321.9166666666667,3,{'lifecycle:transition': 'complete'},regular
44,Analyze Quotation Comparison Map,2011-01-12 15:59:47,2011-01-12 22:48:30,2011-01-12 23:21:30,Christian Francois,63,0.0646014355874575,0,7,22,1,17208.5,2106.5833333333335,1368.5,3,{'lifecycle:transition': 'complete'},deviant
44,Choose best option,2011-01-12 23:21:30,2011-01-12 23:24:45,2011-01-12 23:24:45,Immanuel Karagianni,61,0.0,0,8,23,1,17244.75,36.25,1404.75,3,{'lifecycle:transition': 'complete'},deviant
45,Create Quotation comparison Map,2011-01-11 23:55:42,2011-01-12 19:56:47,2011-01-13 01:57:47,Francois de Perrier,65,0.4004533434076313,4,8,3,1,16069.1,285.2,229.1,3,{'lifecycle:transition': 'complete'},deviant
29,Create Purchase Order,2011-01-11 22:48:47,2011-01-13 01:57:47,2011-01-13 02:06:47,Francois de Perrier,66,0.048073290517567056,5,10,4,1,16134.316666666668,1425.15,294.31666666666666,3,{'lifecycle:transition': 'complete'},regular
47,Analyze Quotation Comparison Map,2011-01-12 19:08:47,2011-01-13 02:00:25,2011-01-13 02:21:25,Elvira Lores,61,0.0646014355874575,0,7,2,1,17400.416666666668,1696.1833333333334,120.41666666666667,4,{'lifecycle:transition': 'complete'},deviant
47,Choose best option,2011-01-13 02:21:25,2011-01-13 02:32:16,2011-01-13 02:32:16,Clement Duchot,60,0.0,0,8,2,1,17432.266666666666,31.85,152.26666666666668,4,{'lifecycle:transition': 'complete'},deviant
49,Settle Conditions With Supplier,2011-01-11 14:46:00,2011-01-13 02:06:47,2011-01-13 06:09:47,Francois de Perrier,66,0.8897808840196448,2,8,8,1,16333.016666666666,1047.0166666666667,493.01666666666665,3,{'lifecycle:transition': 'complete'},deviant
42,Create Purchase Order,2011-01-12 01:37:26,2011-01-13 06:09:47,2011-01-13 06:18:47,Francois de Perrier,64,0.048073290517567056,4,9,10,1,16479.166666666668,899.65,639.1666666666666,3,{'lifecycle:transition': 'complete'},deviant
40,Settle Conditions With Supplier,2011-01-12 14:04:04,2011-01-13 00:50:10,2011-01-13 08:01:10,Karel de Groot,63,0.8897808840196448,1,9,0,1,17330.166666666668,646.1,50.166666666666664,4,{'lifecycle:transition': 'complete'},deviant
45,Analyze Quotation Comparison Map,2011-01-13 01:57:47,2011-01-13 08:58:10,2011-01-13 09:21:10,Miu Hanwan,61,0.0646014355874575,0,9,8,1,17818.166666666668,1749.0666666666666,538.1666666666666,4,{'lifecycle:transition': 'complete'},deviant
45,Choose best option,2011-01-13 09:21:10,2011-01-13 09:42:11,2011-01-13 09:42:11,Clement Duchot,60,0.0,0,10,9,1,17862.183333333334,44.016666666666666,582.1833333333333,4,{'lifecycle:transition': 'complete'},deviant
100,Create Purchase Requisition,2011-01-13 11:42:00,2011-01-13 11:42:00,2011-01-13 12:19:00,Esmana Liubiata,60,0.1258027956176804,0,1,11,1,17982.0,17982.0,702.0,4,{'lifecycle:transition': 'complete'},deviant
101,Create Purchase Requisition,2011-01-13 12:14:00,2011-01-13 12:14:00,2011-01-13 12:56:00,Anne Olwada,61,0.1258027956176804,0,1,12,1,18014.0,18014.0,734.0,4,{'lifecycle:transition': 'complete'},deviant
53,Settle Conditions With Supplier,2011-01-12 09:46:46,2011-01-13 08:01:10,2011-01-13 13:15:10,Karel de Groot,63,0.8897808840196448,0,8,4,1,17571.483333333334,1144.7166666666667,291.48333333333335,4,{'lifecycle:transition': 'complete'},deviant
102,Create Purchase Requisition,2011-01-13 13:17:00,2011-01-13 13:17:00,2011-01-13 13:26:00,Alberto Duport,62,0.1258027956176804,0,1,13,1,18077.0,18077.0,797.0,4,{'lifecycle:transition': 'complete'},deviant
37,Send Request for Quotation to Supplier,2011-01-12 19:41:53,2011-01-13 13:20:06,2011-01-13 13:46:06,Magdalena Predutta,61,0.07225160559123536,0,9,13,1,18080.1,1097.2166666666667,800.1,4,{'lifecycle:transition': 'complete'},deviant
103,Create Purchase Requisition,2011-01-13 13:56:00,2011-01-13 13:56:00,2011-01-13 14:07:00,Nico Ojenbeer,63,0.1258027956176804,0,1,13,1,18116.0,18116.0,836.0,4,{'lifecycle:transition': 'complete'},deviant
104,Create Purchase Requisition,2011-01-13 15:07:00,2011-01-13 15:07:00,2011-01-13 15:22:00,Anna Kaufmann,64,0.1258027956176804,0,1,15,1,18187.0,18187.0,907.0,4,{'lifecycle:transition': 'complete'},deviant
44,Settle Conditions With Supplier,2011-01-12 23:24:45,2011-01-13 13:15:10,2011-01-13 17:16:10,Karel de Groot,61,0.8897808840196448,0,9,12,1,18024.866666666665,780.1166666666667,744.8666666666667,4,{'lifecycle:transition': 'complete'},deviant
106,Create Purchase Requisition,2011-01-13 17:11:00,2011-01-13 17:11:00,2011-01-13 17:18:00,Tesca Lobes,65,0.1258027956176804,0,1,17,1,18311.0,18311.0,1031.0,4,{'lifecycle:transition': 'complete'},deviant
49,Create Purchase Order,2011-01-13 06:09:47,2011-01-13 17:21:20,2011-01-13 17:32:20,Karel de Groot,60,0.048073290517567056,1,9,17,1,18321.333333333332,1988.3166666666666,1041.3333333333333,4,{'lifecycle:transition': 'complete'},deviant
43,Settle Conditions With Supplier,2011-01-11 19:25:06,2011-01-13 06:18:47,2011-01-13 18:39:47,Francois de Perrier,66,0.8897808840196448,2,9,11,1,16521.75,956.65,681.75,3,{'lifecycle:transition': 'complete'},deviant
107,Create Purchase Requisition,2011-01-13 20:04:00,2011-01-13 20:04:00,2011-01-13 20:55:00,Anne Olwada,66,0.1258027956176804,0,1,20,1,18484.0,18484.0,1204.0,4,{'lifecycle:transition': 'complete'},regular
109,Create Purchase Requisition,2011-01-13 20:50:00,2011-01-13 20:50:00,2011-01-13 20:56:00,Christian Francois,67,0.1258027956176804,0,1,20,1,18530.0,18530.0,1250.0,4,{'lifecycle:transition': 'complete'},deviant
37,Create Quotation comparison Map,2011-01-13 13:46:06,2011-01-13 17:58:50,2011-01-13 21:45:50,Magdalena Predutta,62,0.4004533434076313,0,10,17,1,18358.833333333332,278.73333333333335,1078.8333333333333,4,{'lifecycle:transition': 'complete'},deviant
42,Confirm Purchase Order,2011-01-13 06:18:47,2011-01-13 21:45:11,2011-01-13 22:05:11,Sean Manney,60,0.06752927842840951,0,10,21,1,18585.183333333334,2106.016666666667,1305.1833333333334,4,{'lifecycle:transition': 'complete'},deviant
110,Create Purchase Requisition,2011-01-13 23:33:00,2011-01-13 23:33:00,2011-01-13 23:39:00,Esmana Liubiata,66,0.1258027956176804,0,1,23,1,18693.0,18693.0,1413.0,4,{'lifecycle:transition': 'complete'},deviant
111,Create Purchase Requisition,2011-01-13 23:51:00,2011-01-13 23:51:00,2011-01-14 00:11:00,Fjodor Kowalski,67,0.1258027956176804,0,1,23,1,18711.0,18711.0,1431.0,4,{'lifecycle:transition': 'complete'},regular
40,Create Purchase Order,2011-01-13 08:01:10,2011-01-14 00:01:56,2011-01-14 00:14:56,Karel de Groot,60,0.048073290517567056,1,10,0,1,18721.933333333334,1391.7666666666667,1.9333333333333333,5,{'lifecycle:transition': 'complete'},deviant
51,Analyze Request for Quotation,2011-01-12 20:23:30,2011-01-14 01:19:38,2011-01-14 01:39:38,Karel de Groot,61,0.1774650547789951,1,8,1,1,18799.633333333335,1744.1333333333334,79.63333333333334,5,{'lifecycle:transition': 'complete'},deviant
48,Analyze Request for Quotation,2011-01-12 21:17:35,2011-01-14 01:39:38,2011-01-14 02:13:38,Karel de Groot,61,0.1774650547789951,0,8,1,1,18818.866666666665,1715.2833333333333,98.86666666666666,5,{'lifecycle:transition': 'complete'},regular
102,Create Request for Quotation,2011-01-13 13:26:00,2011-01-14 06:17:56,2011-01-14 06:24:56,Clement Duchot,62,0.04731771817151492,0,2,6,1,19097.933333333334,1020.9333333333333,377.93333333333334,5,{'lifecycle:transition': 'complete'},deviant
100,Create Request for Quotation,2011-01-13 12:19:00,2011-01-14 07:17:38,2011-01-14 07:26:38,Clement Duchot,61,0.04731771817151492,0,2,7,1,19157.633333333335,1175.6333333333334,437.6333333333333,5,{'lifecycle:transition': 'complete'},deviant
53,Create Purchase Order,2011-01-13 13:15:10,2011-01-14 07:29:08,2011-01-14 07:39:08,Magdalena Predutta,61,0.048073290517567056,0,9,7,1,19169.133333333335,1597.65,449.1333333333333,5,{'lifecycle:transition': 'complete'},deviant
39,Analyze Request for Quotation,2011-01-12 20:00:38,2011-01-14 07:59:15,2011-01-14 08:31:15,Magdalena Predutta,61,0.1774650547789951,0,8,7,1,19199.25,2172.616666666667,479.25,5,{'lifecycle:transition': 'complete'},deviant
52,Settle Conditions With Supplier,2011-01-12 01:38:58,2011-01-13 18:39:47,2011-01-14 08:39:47,Francois de Perrier,64,0.8897808840196448,4,8,14,1,16727.833333333332,788.8666666666667,887.8333333333334,3,{'lifecycle:transition': 'complete'},deviant
44,Create Purchase Order,2011-01-13 17:16:10,2011-01-14 09:22:42,2011-01-14 09:30:42,Karel de Groot,65,0.048073290517567056,0,10,9,1,19282.7,1257.8333333333333,562.7,5,{'lifecycle:transition': 'complete'},deviant
49,Confirm Purchase Order,2011-01-13 17:32:20,2011-01-14 10:41:15,2011-01-14 10:54:15,Karen Clarens,65,0.06752927842840951,0,10,10,1,19361.25,1039.9166666666667,641.25,5,{'lifecycle:transition': 'complete'},deviant
30,Analyze Request for Quotation,2011-01-12 22:15:55,2011-01-14 11:35:23,2011-01-14 11:54:23,Magdalena Predutta,61,0.1774650547789951,0,10,11,1,19415.383333333335,2253.4666666666667,695.3833333333333,5,{'lifecycle:transition': 'complete'},regular
112,Create Purchase Requisition,2011-01-14 12:30:00,2011-01-14 12:30:00,2011-01-14 12:35:00,Penn Osterwalder,64,0.1258027956176804,0,1,12,1,19470.0,19470.0,750.0,5,{'lifecycle:transition': 'complete'},deviant
50,Settle Conditions With Supplier,2011-01-12 05:39:41,2011-01-14 08:39:47,2011-01-14 16:43:47,Francois de Perrier,64,0.8897808840196448,6,8,16,1,16820.166666666668,640.4833333333333,980.1666666666666,3,{'lifecycle:transition': 'complete'},deviant
54,Send Request for Quotation to Supplier,2011-01-11 23:01:42,2011-01-14 16:43:47,2011-01-14 17:04:47,Francois de Perrier,66,0.07225160559123536,4,6,18,1,16954.316666666666,1240.7166666666667,1114.3166666666666,3,{'lifecycle:transition': 'complete'},deviant
35,Create Purchase Order,2011-01-12 10:42:47,2011-01-14 17:04:47,2011-01-14 17:12:47,Francois de Perrier,63,0.048073290517567056,8,10,19,1,16989.85,1979.2666666666667,1149.85,3,{'lifecycle:transition': 'complete'},deviant
46,Analyze Request for Quotation,2011-01-11 08:26:47,2011-01-14 17:12:47,2011-01-14 17:45:47,Francois de Perrier,66,0.1774650547789951,2,7,19,1,17000.6,2103.8166666666666,1160.6,3,{'lifecycle:transition': 'complete'},deviant
38,Analyze Request for Quotation,2011-01-11 08:30:50,2011-01-14 17:45:47,2011-01-14 18:08:47,Francois de Perrier,66,0.1774650547789951,2,8,22,1,17189.333333333332,2287.5,1349.3333333333333,3,{'lifecycle:transition': 'complete'},regular
46,Amend Request for Quotation,2011-01-14 17:45:47,2011-01-14 18:01:25,2011-01-14 18:12:25,Anne Olwada,64,0.057329051756705704,0,8,18,1,19801.416666666668,2800.8166666666666,1081.4166666666667,5,{'lifecycle:transition': 'complete'},deviant
115,Create Purchase Requisition,2011-01-14 17:40:00,2011-01-14 17:40:00,2011-01-14 18:16:00,Nico Ojenbeer,64,0.1258027956176804,0,1,17,1,19780.0,19780.0,1060.0,5,{'lifecycle:transition': 'complete'},deviant
41,Create Purchase Order,2011-01-12 21:10:53,2011-01-14 18:08:47,2011-01-14 18:20:47,Francois de Perrier,61,0.048073290517567056,9,10,13,1,18097.516666666666,1630.6333333333334,817.5166666666667,4,{'lifecycle:transition': 'complete'},deviant
38,Amend Request for Quotation,2011-01-14 18:08:47,2011-01-14 18:24:03,2011-01-14 18:33:03,Penn Osterwalder,64,0.057329051756705704,0,9,18,1,19824.05,2634.7166666666667,1104.05,5,{'lifecycle:transition': 'complete'},regular
48,Send Request for Quotation to Supplier,2011-01-14 02:13:38,2011-01-14 18:56:45,2011-01-14 19:23:45,Magdalena Predutta,66,0.07225160559123536,0,9,18,1,19856.75,1037.8833333333334,1136.75,5,{'lifecycle:transition': 'complete'},regular
117,Create Purchase Requisition,2011-01-14 19:56:00,2011-01-14 19:56:00,2011-01-14 20:07:00,Anne Olwada,64,0.1258027956176804,0,1,19,1,19916.0,19916.0,1196.0,5,{'lifecycle:transition': 'complete'},deviant
51,Send Request for Quotation to Supplier,2011-01-14 01:39:38,2011-01-14 20:10:47,2011-01-14 20:30:47,Magdalena Predutta,66,0.07225160559123536,0,9,20,1,19930.783333333333,1131.15,1210.7833333333333,5,{'lifecycle:transition': 'complete'},deviant
39,Send Request for Quotation to Supplier,2011-01-14 08:31:15,2011-01-14 23:49:28,2011-01-15 00:14:28,Karel de Groot,66,0.07225160559123536,0,9,23,1,20149.466666666667,950.2166666666667,1429.4666666666667,5,{'lifecycle:transition': 'complete'},deviant
47,Settle Conditions With Supplier,2011-01-13 02:32:16,2011-01-14 18:20:47,2011-01-15 00:58:47,Francois de Perrier,60,0.8897808840196448,8,9,14,1,18173.833333333332,741.5666666666667,893.8333333333334,4,{'lifecycle:transition': 'complete'},deviant
43,Create Purchase Order,2011-01-13 18:39:47,2011-01-15 00:58:47,2011-01-15 01:09:47,Francois de Perrier,65,0.048073290517567056,8,10,11,1,19420.516666666666,2898.766666666667,700.5166666666667,5,{'lifecycle:transition': 'complete'},deviant
115,Create Request for Quotation,2011-01-14 18:16:00,2011-01-15 01:23:34,2011-01-15 01:34:34,Christian Francois,64,0.04731771817151492,0,2,1,1,20243.566666666666,463.56666666666666,83.56666666666666,6,{'lifecycle:transition': 'complete'},deviant
101,Analyze Purchase Requisition,2011-01-13 12:56:00,2011-01-15 03:18:01,2011-01-15 03:22:01,Heinz Gutschmidt,61,0.03333962976955043,0,2,3,1,20358.016666666666,2344.016666666667,198.01666666666668,6,{'lifecycle:transition': 'complete'},deviant
101,Create Request for Quotation,2011-01-15 03:22:01,2011-01-15 03:50:57,2011-01-15 03:53:57,Heinz Gutschmidt,63,0.04731771817151492,0,3,3,1,20390.95,32.93333333333333,230.95,6,{'lifecycle:transition': 'complete'},deviant
53,Confirm Purchase Order,2011-01-14 07:39:08,2011-01-15 03:45:13,2011-01-15 04:09:13,Sean Manney,66,0.06752927842840951,0,10,3,1,20385.216666666667,1216.0833333333333,225.21666666666667,6,{'lifecycle:transition': 'complete'},deviant
54,Create Quotation comparison Map,2011-01-14 17:04:47,2011-01-15 00:14:28,2011-01-15 04:15:28,Karel de Groot,64,0.4004533434076313,0,7,23,1,20150.483333333334,3196.1666666666665,1430.4833333333333,5,{'lifecycle:transition': 'complete'},deviant
52,Create Purchase Order,2011-01-14 08:39:47,2011-01-15 04:15:28,2011-01-15 04:22:28,Karel de Groot,66,0.048073290517567056,0,9,1,1,20257.0,3529.1666666666665,97.0,6,{'lifecycle:transition': 'complete'},deviant
48,Create Quotation comparison Map,2011-01-14 19:23:45,2011-01-15 01:42:31,2011-01-15 05:27:31,Magdalena Predutta,63,0.4004533434076313,0,10,1,1,20262.516666666666,405.76666666666665,102.51666666666667,6,{'lifecycle:transition': 'complete'},regular
103,Analyze Purchase Requisition,2011-01-13 14:07:00,2011-01-15 06:29:33,2011-01-15 06:34:33,Maris Freeman,63,0.03333962976955043,0,2,6,1,20549.55,2433.55,389.55,6,{'lifecycle:transition': 'complete'},deviant
103,Create Request for Quotation,2011-01-15 06:34:33,2011-01-15 07:04:49,2011-01-15 07:06:49,Heinz Gutschmidt,61,0.04731771817151492,0,3,7,1,20584.816666666666,35.266666666666666,424.81666666666666,6,{'lifecycle:transition': 'complete'},deviant
104,Analyze Purchase Requisition,2011-01-13 15:22:00,2011-01-15 08:14:10,2011-01-15 08:18:10,Francis Odell,64,0.03333962976955043,0,2,8,1,20654.166666666668,2467.1666666666665,494.1666666666667,6,{'lifecycle:transition': 'complete'},deviant
104,Create Request for Quotation,2011-01-15 08:18:10,2011-01-15 08:48:27,2011-01-15 08:49:27,Heinz Gutschmidt,61,0.04731771817151492,0,3,8,1,20688.45,34.28333333333333,528.45,6,{'lifecycle:transition': 'complete'},deviant
51,Create Quotation comparison Map,2011-01-14 20:30:47,2011-01-15 03:32:16,2011-01-15 09:36:16,Francois de Perrier,64,0.4004533434076313,1,10,3,1,20372.266666666666,441.48333333333335,212.26666666666668,6,{'lifecycle:transition': 'complete'},deviant
50,Create Purchase Order,2011-01-14 16:43:47,2011-01-15 09:36:16,2011-01-15 09:48:16,Francois de Perrier,64,0.048073290517567056,7,9,5,1,20511.933333333334,3691.766666666667,351.93333333333334,6,{'lifecycle:transition': 'complete'},deviant
47,Create Purchase Order,2011-01-15 00:58:47,2011-01-15 10:21:08,2011-01-15 10:30:08,Karel de Groot,64,0.048073290517567056,0,10,10,1,20781.133333333335,2607.3,621.1333333333333,6,{'lifecycle:transition': 'complete'},deviant
106,Analyze Purchase Requisition,2011-01-13 17:18:00,2011-01-15 10:40:10,2011-01-15 10:45:10,Francis Odell,65,0.03333962976955043,0,2,10,1,20800.166666666668,2489.1666666666665,640.1666666666666,6,{'lifecycle:transition': 'complete'},deviant
118,Create Purchase Requisition,2011-01-15 10:31:00,2011-01-15 10:31:00,2011-01-15 11:16:00,Tesca Lobes,60,0.1258027956176804,0,1,10,1,20791.0,20791.0,631.0,6,{'lifecycle:transition': 'complete'},deviant
106,Create Request for Quotation,2011-01-15 10:45:10,2011-01-15 11:15:26,2011-01-15 11:16:26,Maris Freeman,60,0.04731771817151492,0,3,11,1,20835.433333333334,35.266666666666666,675.4333333333333,6,{'lifecycle:transition': 'complete'},deviant
54,Analyze Quotation Comparison Map,2011-01-15 04:15:28,2011-01-15 11:20:35,2011-01-15 11:39:35,Immanuel Karagianni,62,0.0646014355874575,0,8,11,1,20840.583333333332,690.1,680.5833333333334,6,{'lifecycle:transition': 'complete'},deviant
54,Choose best option,2011-01-15 11:39:35,2011-01-15 11:56:22,2011-01-15 11:56:22,Fjodor Kowalski,60,0.0,0,9,11,1,20876.366666666665,35.78333333333333,716.3666666666667,6,{'lifecycle:transition': 'complete'},deviant
39,Create Quotation comparison Map,2011-01-15 00:14:28,2011-01-15 06:05:32,2011-01-15 12:06:32,Magdalena Predutta,64,0.4004533434076313,0,10,6,1,20525.533333333333,376.06666666666666,365.53333333333336,6,{'lifecycle:transition': 'complete'},deviant
46,Analyze Request for Quotation,2011-01-14 18:12:25,2011-01-15 12:47:02,2011-01-15 13:14:02,Magdalena Predutta,64,0.1774650547789951,0,9,12,1,20927.033333333333,1125.6166666666666,767.0333333333333,6,{'lifecycle:transition': 'complete'},deviant
109,Analyze Purchase Requisition,2011-01-13 20:56:00,2011-01-15 14:09:45,2011-01-15 14:17:45,Heinz Gutschmidt,67,0.03333962976955043,0,2,14,1,21009.75,2479.75,849.75,6,{'lifecycle:transition': 'complete'},deviant
111,Analyze Purchase Requisition,2011-01-14 00:11:00,2011-01-15 14:15:10,2011-01-15 14:22:10,Maris Freeman,67,0.03333962976955043,0,2,14,1,21015.166666666668,2304.1666666666665,855.1666666666666,6,{'lifecycle:transition': 'complete'},regular
111,Create Request for Quotation,2011-01-15 14:22:10,2011-01-15 14:44:46,2011-01-15 14:45:46,Heinz Gutschmidt,58,0.04731771817151492,0,3,14,1,21044.766666666666,29.6,884.7666666666667,6,{'lifecycle:transition': 'complete'},regular
107,Analyze Purchase Requisition,2011-01-13 20:55:00,2011-01-15 14:59:05,2011-01-15 15:06:05,Francis Odell,67,0.03333962976955043,0,2,14,1,21059.083333333332,2575.0833333333335,899.0833333333334,6,{'lifecycle:transition': 'complete'},regular
112,Analyze Purchase Requisition,2011-01-14 12:35:00,2011-01-15 15:21:01,2011-01-15 15:27:01,Maris Freeman,64,0.03333962976955043,0,2,15,1,21081.016666666666,1611.0166666666667,921.0166666666667,6,{'lifecycle:transition': 'complete'},deviant
107,Create Request for Quotation,2011-01-15 15:06:05,2011-01-15 15:36:17,2011-01-15 15:38:17,Francis Odell,58,0.04731771817151492,0,3,15,1,21096.283333333333,37.2,936.2833333333333,6,{'lifecycle:transition': 'complete'},regular
112,Create Request for Quotation,2011-01-15 15:27:01,2011-01-15 15:45:10,2011-01-15 15:48:10,Maris Freeman,58,0.04731771817151492,0,3,15,1,21105.166666666668,24.15,945.1666666666666,6,{'lifecycle:transition': 'complete'},deviant
46,Amend Request for Quotation,2011-01-15 13:14:02,2011-01-15 16:46:58,2011-01-15 16:55:58,Immanuel Karagianni,59,0.057329051756705704,0,10,16,1,21166.966666666667,239.93333333333334,1006.9666666666667,6,{'lifecycle:transition': 'complete'},deviant
110,Analyze Purchase Requisition,2011-01-13 23:39:00,2011-01-15 17:31:35,2011-01-15 17:37:35,Francis Odell,66,0.03333962976955043,0,2,17,1,21211.583333333332,2518.5833333333335,1051.5833333333333,6,{'lifecycle:transition': 'complete'},deviant
110,Create Request for Quotation,2011-01-15 17:37:35,2011-01-15 18:07:47,2011-01-15 18:09:47,Heinz Gutschmidt,57,0.04731771817151492,0,3,18,1,21247.783333333333,36.2,1087.7833333333333,6,{'lifecycle:transition': 'complete'},deviant
52,Confirm Purchase Order,2011-01-15 04:22:28,2011-01-15 21:29:52,2011-01-15 21:54:52,Kiu Kan,62,0.06752927842840951,0,10,21,1,21449.866666666665,1192.8666666666666,1289.8666666666666,6,{'lifecycle:transition': 'complete'},deviant
119,Create Purchase Requisition,2011-01-15 21:34:00,2011-01-15 21:34:00,2011-01-15 22:05:00,Anna Kaufmann,58,0.1258027956176804,0,1,21,1,21454.0,21454.0,1294.0,6,{'lifecycle:transition': 'complete'},deviant
117,Analyze Purchase Requisition,2011-01-14 20:07:00,2011-01-15 22:53:01,2011-01-15 22:59:01,Francis Odell,64,0.03333962976955043,0,2,22,1,21533.016666666666,1617.0166666666667,1373.0166666666667,6,{'lifecycle:transition': 'complete'},deviant
117,Create Request for Quotation,2011-01-15 22:59:01,2011-01-15 23:17:08,2011-01-15 23:19:08,Maris Freeman,57,0.04731771817151492,0,3,23,1,21557.133333333335,24.116666666666667,1397.1333333333334,6,{'lifecycle:transition': 'complete'},deviant
120,Create Purchase Requisition,2011-01-16 01:28:00,2011-01-16 01:28:00,2011-01-16 02:08:00,Immanuel Karagianni,58,0.1258027956176804,0,1,1,1,21688.0,21688.0,88.0,7,{'lifecycle:transition': 'complete'},deviant
50,Confirm Purchase Order,2011-01-15 09:48:16,2011-01-16 02:32:35,2011-01-16 02:45:35,Karen Clarens,60,0.06752927842840951,0,10,2,1,21752.583333333332,1240.65,152.58333333333334,7,{'lifecycle:transition': 'complete'},deviant
54,Settle Conditions With Supplier,2011-01-15 11:56:22,2011-01-15 22:48:48,2011-01-16 05:19:48,Karel de Groot,60,0.8897808840196448,0,10,22,1,21528.8,652.4333333333333,1368.8,6,{'lifecycle:transition': 'complete'},deviant
38,Analyze Request for Quotation,2011-01-14 18:33:03,2011-01-16 05:19:48,2011-01-16 05:55:48,Karel de Groot,63,0.1774650547789951,0,10,0,1,21656.433333333334,1832.3833333333334,56.43333333333333,7,{'lifecycle:transition': 'complete'},regular
122,Create Purchase Requisition,2011-01-16 11:29:00,2011-01-16 11:29:00,2011-01-16 11:54:00,Tesca Lobes,56,0.1258027956176804,0,1,11,1,22289.0,22289.0,689.0,7,{'lifecycle:transition': 'complete'},deviant
123,Create Purchase Requisition,2011-01-16 16:19:00,2011-01-16 16:19:00,2011-01-16 16:24:00,Clement Duchot,57,0.1258027956176804,0,1,16,1,22579.0,22579.0,979.0,7,{'lifecycle:transition': 'complete'},deviant
124,Create Purchase Requisition,2011-01-16 16:38:00,2011-01-16 16:38:00,2011-01-16 17:09:00,Elvira Lores,58,0.1258027956176804,0,1,16,1,22598.0,22598.0,998.0,7,{'lifecycle:transition': 'complete'},regular
122,Create Request for Quotation,2011-01-16 11:54:00,2011-01-16 18:43:12,2011-01-16 18:50:12,Nico Ojenbeer,56,0.04731771817151492,0,2,18,1,22723.2,434.2,1123.2,7,{'lifecycle:transition': 'complete'},deviant
125,Create Purchase Requisition,2011-01-16 19:50:00,2011-01-16 19:50:00,2011-01-16 20:16:00,Christian Francois,59,0.1258027956176804,0,1,19,1,22790.0,22790.0,1190.0,7,{'lifecycle:transition': 'complete'},deviant
101,Analyze Request for Quotation,2011-01-15 03:53:57,2011-01-16 22:00:01,2011-01-16 22:16:01,Karel de Groot,63,0.1774650547789951,1,4,22,1,22920.016666666666,2529.0666666666666,1320.0166666666667,7,{'lifecycle:transition': 'complete'},deviant
100,Analyze Request for Quotation,2011-01-14 07:26:38,2011-01-16 22:05:13,2011-01-16 22:26:13,Francois de Perrier,66,0.1774650547789951,7,3,22,1,22925.216666666667,3767.5833333333335,1325.2166666666667,7,{'lifecycle:transition': 'complete'},deviant
123,Create Request for Quotation,2011-01-16 16:24:00,2011-01-16 23:20:03,2011-01-16 23:30:03,Miu Hanwan,57,0.04731771817151492,0,2,23,1,23000.05,421.05,1400.05,7,{'lifecycle:transition': 'complete'},deviant
115,Analyze Request for Quotation,2011-01-15 01:34:34,2011-01-16 23:46:16,2011-01-16 23:54:16,Karel de Groot,63,0.1774650547789951,0,3,23,1,23026.266666666666,2782.7,1426.2666666666667,7,{'lifecycle:transition': 'complete'},deviant
127,Create Purchase Requisition,2011-01-16 23:35:00,2011-01-16 23:35:00,2011-01-17 00:20:00,Fjodor Kowalski,59,0.1258027956176804,0,1,23,1,23015.0,23015.0,1415.0,7,{'lifecycle:transition': 'complete'},regular
102,Analyze Request for Quotation,2011-01-14 06:24:56,2011-01-17 00:05:39,2011-01-17 00:21:39,Francois de Perrier,66,0.1774650547789951,7,3,0,1,23045.65,3947.7166666666667,5.65,1,{'lifecycle:transition': 'complete'},deviant
118,Analyze Purchase Requisition,2011-01-15 11:16:00,2011-01-17 00:48:35,2011-01-17 00:55:35,Francis Odell,60,0.03333962976955043,0,2,0,1,23088.583333333332,2297.5833333333335,48.583333333333336,1,{'lifecycle:transition': 'complete'},deviant
118,Create Request for Quotation,2011-01-17 00:55:35,2011-01-17 01:23:47,2011-01-17 01:25:47,Maris Freeman,59,0.04731771817151492,0,3,1,1,23123.783333333333,35.2,83.78333333333333,1,{'lifecycle:transition': 'complete'},deviant
128,Create Purchase Requisition,2011-01-17 01:27:00,2011-01-17 01:27:00,2011-01-17 02:18:00,Elvira Lores,60,0.1258027956176804,0,1,1,1,23127.0,23127.0,87.0,1,{'lifecycle:transition': 'complete'},deviant
120,Analyze Purchase Requisition,2011-01-16 02:08:00,2011-01-17 02:42:00,2011-01-17 02:48:00,Francis Odell,58,0.03333962976955043,0,2,2,1,23202.0,1514.0,162.0,1,{'lifecycle:transition': 'complete'},deviant
120,Create Request for Quotation,2011-01-17 02:48:00,2011-01-17 03:11:51,2011-01-17 03:12:51,Francis Odell,60,0.04731771817151492,0,3,3,1,23231.85,29.85,191.85,1,{'lifecycle:transition': 'complete'},deviant
129,Create Purchase Requisition,2011-01-17 03:01:00,2011-01-17 03:01:00,2011-01-17 03:24:00,Nico Ojenbeer,61,0.1258027956176804,0,1,3,1,23221.0,23221.0,181.0,1,{'lifecycle:transition': 'complete'},deviant
125,Create Request for Quotation,2011-01-16 20:16:00,2011-01-17 03:26:05,2011-01-17 03:34:05,Nico Ojenbeer,59,0.04731771817151492,0,2,3,1,23246.083333333332,456.0833333333333,206.08333333333334,1,{'lifecycle:transition': 'complete'},deviant
119,Analyze Purchase Requisition,2011-01-15 22:05:00,2011-01-17 03:39:48,2011-01-17 03:45:48,Maris Freeman,57,0.03333962976955043,0,2,3,1,23259.8,1805.8,219.8,1,{'lifecycle:transition': 'complete'},deviant
119,Create Request for Quotation,2011-01-17 03:45:48,2011-01-17 04:15:32,2011-01-17 04:18:32,Francis Odell,61,0.04731771817151492,0,3,4,1,23295.533333333333,35.733333333333334,255.53333333333333,1,{'lifecycle:transition': 'complete'},deviant
127,Create Request for Quotation,2011-01-17 00:20:00,2011-01-17 05:34:01,2011-01-17 05:44:01,Kim Passa,59,0.04731771817151492,0,2,5,1,23374.016666666666,359.01666666666665,334.01666666666665,1,{'lifecycle:transition': 'complete'},regular
103,Analyze Request for Quotation,2011-01-15 07:06:49,2011-01-17 08:57:03,2011-01-17 09:16:03,Karel de Groot,61,0.1774650547789951,0,4,8,1,23577.05,2992.233333333333,537.05,1,{'lifecycle:transition': 'complete'},deviant
132,Create Purchase Requisition,2011-01-17 08:31:00,2011-01-17 08:31:00,2011-01-17 09:23:00,Immanuel Karagianni,62,0.1258027956176804,0,1,8,1,23551.0,23551.0,511.0,1,{'lifecycle:transition': 'complete'},regular
104,Analyze Request for Quotation,2011-01-15 08:49:27,2011-01-17 10:38:57,2011-01-17 11:06:57,Karel de Groot,61,0.1774650547789951,0,4,10,1,23678.95,2990.5,638.95,1,{'lifecycle:transition': 'complete'},deviant
129,Create Request for Quotation,2011-01-17 03:24:00,2011-01-17 11:43:40,2011-01-17 11:51:40,Nico Ojenbeer,61,0.04731771817151492,0,2,11,1,23743.666666666668,522.6666666666666,703.6666666666666,1,{'lifecycle:transition': 'complete'},deviant
102,Send Request for Quotation to Supplier,2011-01-17 00:21:39,2011-01-17 16:15:35,2011-01-17 16:42:35,Francois de Perrier,59,0.07225160559123536,0,4,16,1,24015.583333333332,969.9333333333333,975.5833333333334,1,{'lifecycle:transition': 'complete'},deviant
101,Send Request for Quotation to Supplier,2011-01-16 22:16:01,2011-01-17 17:10:49,2011-01-17 17:29:49,Francois de Perrier,59,0.07225160559123536,0,5,17,1,24070.816666666666,1150.8,1030.8166666666666,1,{'lifecycle:transition': 'complete'},deviant
124,Analyze Purchase Requisition,2011-01-16 17:09:00,2011-01-17 17:43:00,2011-01-17 17:48:00,Maris Freeman,58,0.03333962976955043,0,2,17,1,24103.0,1505.0,1063.0,1,{'lifecycle:transition': 'complete'},regular
132,Create Request for Quotation,2011-01-17 09:23:00,2011-01-17 17:55:13,2011-01-17 18:04:13,Esmana Liubiata,62,0.04731771817151492,0,2,17,1,24115.216666666667,564.2166666666667,1075.2166666666667,1,{'lifecycle:transition': 'complete'},regular
124,Create Request for Quotation,2011-01-17 17:48:00,2011-01-17 18:11:59,2011-01-17 18:12:59,Francis Odell,61,0.04731771817151492,0,3,18,1,24131.983333333334,28.983333333333334,1091.9833333333333,1,{'lifecycle:transition': 'complete'},regular
133,Create Purchase Requisition,2011-01-17 20:24:00,2011-01-17 20:24:00,2011-01-17 20:57:00,Kim Passa,62,0.1258027956176804,0,1,20,1,24264.0,24264.0,1224.0,1,{'lifecycle:transition': 'complete'},deviant
102,Create Quotation comparison Map,2011-01-17 16:42:35,2011-01-17 20:01:11,2011-01-17 21:07:11,Magdalena Predutta,61,0.4004533434076313,0,5,20,1,24241.183333333334,225.6,1201.1833333333334,1,{'lifecycle:transition': 'complete'},deviant
134,Create Purchase Requisition,2011-01-17 21:00:00,2011-01-17 21:00:00,2011-01-17 21:24:00,Alberto Duport,63,0.1258027956176804,0,1,21,1,24300.0,24300.0,1260.0,1,{'lifecycle:transition': 'complete'},deviant
101,Create Quotation comparison Map,2011-01-17 17:29:49,2011-01-17 18:38:00,2011-01-17 21:56:00,Francois de Perrier,61,0.4004533434076313,0,6,18,1,24158.0,87.18333333333334,1118.0,1,{'lifecycle:transition': 'complete'},deviant
115,Send Request for Quotation to Supplier,2011-01-16 23:54:16,2011-01-17 21:56:00,2011-01-17 22:17:00,Francois de Perrier,59,0.07225160559123536,0,4,19,1,24227.15,1200.8833333333334,1187.15,1,{'lifecycle:transition': 'complete'},deviant
106,Analyze Request for Quotation,2011-01-15 11:16:26,2011-01-17 22:12:27,2011-01-17 22:30:27,Karel de Groot,60,0.1774650547789951,0,4,22,1,24372.45,3537.016666666667,1332.45,1,{'lifecycle:transition': 'complete'},deviant
106,Amend Request for Quotation,2011-01-17 22:30:27,2011-01-17 22:56:10,2011-01-17 23:04:10,Esmana Liubiata,63,0.057329051756705704,0,5,22,1,24416.166666666668,43.71666666666667,1376.1666666666667,1,{'lifecycle:transition': 'complete'},deviant
118,Analyze Request for Quotation,2011-01-17 01:25:47,2011-01-17 23:33:57,2011-01-18 00:07:57,Magdalena Predutta,59,0.1774650547789951,0,4,23,1,24453.95,1330.1666666666667,1413.95,1,{'lifecycle:transition': 'complete'},deviant
135,Create Purchase Requisition,2011-01-17 23:44:00,2011-01-17 23:44:00,2011-01-18 00:28:00,Esmana Liubiata,64,0.1258027956176804,0,1,23,1,24464.0,24464.0,1424.0,1,{'lifecycle:transition': 'complete'},deviant
136,Create Purchase Requisition,2011-01-18 00:47:00,2011-01-18 00:47:00,2011-01-18 00:56:00,Clement Duchot,65,0.1258027956176804,0,1,0,1,24527.0,24527.0,47.0,2,{'lifecycle:transition': 'complete'},deviant
112,Analyze Request for Quotation,2011-01-15 15:48:10,2011-01-18 01:36:01,2011-01-18 02:08:01,Karel de Groot,58,0.1774650547789951,0,4,1,1,24576.016666666666,3470.85,96.01666666666667,2,{'lifecycle:transition': 'complete'},deviant
112,Amend Request for Quotation,2011-01-18 02:08:01,2011-01-18 02:44:41,2011-01-18 02:54:41,Alberto Duport,65,0.057329051756705704,0,5,2,1,24644.683333333334,68.66666666666667,164.68333333333334,2,{'lifecycle:transition': 'complete'},deviant
128,Analyze Purchase Requisition,2011-01-17 02:18:00,2011-01-18 02:50:15,2011-01-18 02:55:15,Heinz Gutschmidt,60,0.03333962976955043,0,2,2,1,24650.25,1523.25,170.25,2,{'lifecycle:transition': 'complete'},deviant
128,Create Request for Quotation,2011-01-18 02:55:15,2011-01-18 03:19:22,2011-01-18 03:21:22,Francis Odell,65,0.04731771817151492,0,3,3,1,24679.366666666665,29.116666666666667,199.36666666666667,2,{'lifecycle:transition': 'complete'},deviant
103,Send Request for Quotation to Supplier,2011-01-17 09:16:03,2011-01-18 03:38:50,2011-01-18 04:12:50,Francois de Perrier,62,0.07225160559123536,0,5,3,1,24698.833333333332,1121.7833333333333,218.83333333333334,2,{'lifecycle:transition': 'complete'},deviant
111,Analyze Request for Quotation,2011-01-15 14:45:46,2011-01-18 04:03:36,2011-01-18 04:16:36,Magdalena Predutta,58,0.1774650547789951,0,4,4,1,24723.6,3678.8333333333335,243.6,2,{'lifecycle:transition': 'complete'},regular
102,Analyze Quotation Comparison Map,2011-01-17 21:07:11,2011-01-18 04:02:52,2011-01-18 04:20:52,Clement Duchot,63,0.0646014355874575,0,6,4,1,24722.866666666665,481.68333333333334,242.86666666666667,2,{'lifecycle:transition': 'complete'},deviant
102,Choose best option,2011-01-18 04:20:52,2011-01-18 04:25:38,2011-01-18 04:25:38,Penn Osterwalder,65,0.0,0,7,4,1,24745.633333333335,22.766666666666666,265.6333333333333,2,{'lifecycle:transition': 'complete'},deviant
111,Amend Request for Quotation,2011-01-18 04:16:36,2011-01-18 04:56:26,2011-01-18 05:02:26,Christian Francois,65,0.057329051756705704,0,5,4,1,24776.433333333334,52.833333333333336,296.43333333333334,2,{'lifecycle:transition': 'complete'},regular
101,Analyze Quotation Comparison Map,2011-01-17 21:56:00,2011-01-18 04:57:49,2011-01-18 05:07:49,Penn Osterwalder,63,0.0646014355874575,0,7,4,1,24777.816666666666,619.8166666666667,297.81666666666666,2,{'lifecycle:transition': 'complete'},deviant
137,Create Purchase Requisition,2011-01-18 04:33:00,2011-01-18 04:33:00,2011-01-18 05:18:00,Alberto Duport,66,0.1258027956176804,0,1,4,1,24753.0,24753.0,273.0,2,{'lifecycle:transition': 'complete'},deviant
101,Choose best option,2011-01-18 05:07:49,2011-01-18 05:18:00,2011-01-18 05:18:00,Alberto Duport,66,0.0,0,8,5,1,24790.45,12.633333333333333,310.45,2,{'lifecycle:transition': 'complete'},deviant
138,Create Purchase Requisition,2011-01-18 05:14:00,2011-01-18 05:14:00,2011-01-18 06:04:00,Immanuel Karagianni,67,0.1258027956176804,0,1,5,1,24794.0,24794.0,314.0,2,{'lifecycle:transition': 'complete'},deviant
119,Analyze Request for Quotation,2011-01-17 04:18:32,2011-01-18 05:58:14,2011-01-18 06:04:14,Magdalena Predutta,61,0.1774650547789951,0,4,5,1,24838.233333333334,1542.7,358.23333333333335,2,{'lifecycle:transition': 'complete'},deviant
122,Analyze Request for Quotation,2011-01-16 18:50:12,2011-01-18 05:24:23,2011-01-18 06:10:23,Francois de Perrier,58,0.1774650547789951,0,3,5,1,24804.383333333335,2081.1833333333334,324.3833333333333,2,{'lifecycle:transition': 'complete'},deviant
139,Create Purchase Requisition,2011-01-18 05:48:00,2011-01-18 05:48:00,2011-01-18 06:16:00,Anna Kaufmann,68,0.1258027956176804,0,1,5,1,24828.0,24828.0,348.0,2,{'lifecycle:transition': 'complete'},deviant
115,Create Quotation comparison Map,2011-01-17 22:17:00,2011-01-18 02:08:01,2011-01-18 06:50:01,Karel de Groot,63,0.4004533434076313,0,5,1,1,24582.333333333332,355.18333333333334,102.33333333333333,2,{'lifecycle:transition': 'complete'},deviant
117,Analyze Request for Quotation,2011-01-15 23:19:08,2011-01-18 06:50:01,2011-01-18 07:20:01,Karel de Groot,57,0.1774650547789951,0,4,2,1,24623.116666666665,3065.983333333333,143.11666666666667,2,{'lifecycle:transition': 'complete'},deviant
122,Amend Request for Quotation,2011-01-18 06:10:23,2011-01-18 08:40:17,2011-01-18 08:47:17,Elvira Lores,68,0.057329051756705704,0,4,8,1,25000.283333333333,195.9,520.2833333333333,2,{'lifecycle:transition': 'complete'},deviant
123,Analyze Request for Quotation,2011-01-16 23:30:03,2011-01-18 10:15:30,2011-01-18 10:35:30,Magdalena Predutta,58,0.1774650547789951,0,3,10,1,25095.5,2095.45,615.5,2,{'lifecycle:transition': 'complete'},deviant
140,Create Purchase Requisition,2011-01-18 11:22:00,2011-01-18 11:22:00,2011-01-18 11:36:00,Anna Kaufmann,69,0.1258027956176804,0,1,11,1,25162.0,25162.0,682.0,2,{'lifecycle:transition': 'complete'},deviant
135,Create Request for Quotation,2011-01-18 00:28:00,2011-01-18 11:46:03,2011-01-18 11:56:03,Alberto Duport,64,0.04731771817151492,0,2,11,1,25186.05,722.05,706.05,2,{'lifecycle:transition': 'complete'},deviant
103,Create Quotation comparison Map,2011-01-18 04:12:50,2011-01-18 07:20:01,2011-01-18 12:18:01,Karel de Groot,65,0.4004533434076313,1,6,6,1,24883.35,184.51666666666668,403.35,2,{'lifecycle:transition': 'complete'},deviant
107,Analyze Request for Quotation,2011-01-15 15:38:17,2011-01-18 12:18:01,2011-01-18 12:52:01,Karel de Groot,58,0.1774650547789951,0,4,11,1,25152.2,4055.9166666666665,672.2,2,{'lifecycle:transition': 'complete'},regular
110,Analyze Request for Quotation,2011-01-15 18:09:47,2011-01-18 13:09:59,2011-01-18 13:40:59,Magdalena Predutta,57,0.1774650547789951,0,4,13,1,25269.983333333334,4022.2,789.9833333333333,2,{'lifecycle:transition': 'complete'},deviant
115,Analyze Quotation Comparison Map,2011-01-18 06:50:01,2011-01-18 13:41:25,2011-01-18 13:56:25,Clement Duchot,68,0.0646014355874575,0,6,13,1,25301.416666666668,719.0833333333334,821.4166666666666,2,{'lifecycle:transition': 'complete'},deviant
115,Choose best option,2011-01-18 13:56:25,2011-01-18 14:03:24,2011-01-18 14:03:24,Anne Olwada,69,0.0,0,7,14,1,25323.4,21.983333333333334,843.4,2,{'lifecycle:transition': 'complete'},deviant
110,Amend Request for Quotation,2011-01-18 13:40:59,2011-01-18 14:21:01,2011-01-18 14:45:01,Maris Freeman,69,0.057329051756705704,0,5,14,1,25341.016666666666,71.03333333333333,861.0166666666667,2,{'lifecycle:transition': 'complete'},deviant
141,Create Purchase Requisition,2011-01-18 17:55:00,2011-01-18 17:55:00,2011-01-18 18:10:00,Elvira Lores,70,0.1258027956176804,0,1,17,1,25555.0,25555.0,1075.0,2,{'lifecycle:transition': 'complete'},deviant
103,Analyze Quotation Comparison Map,2011-01-18 12:18:01,2011-01-18 19:06:39,2011-01-18 19:25:39,Clement Duchot,69,0.0646014355874575,0,7,19,1,25626.65,743.3,1146.65,2,{'lifecycle:transition': 'complete'},deviant
103,Choose best option,2011-01-18 19:25:39,2011-01-18 19:33:38,2011-01-18 19:33:38,Clement Duchot,70,0.0,0,8,19,1,25653.633333333335,26.983333333333334,1173.6333333333334,2,{'lifecycle:transition': 'complete'},deviant
142,Create Purchase Requisition,2011-01-18 19:38:00,2011-01-18 19:38:00,2011-01-18 20:24:00,Esmana Liubiata,71,0.1258027956176804,0,1,19,1,25658.0,25658.0,1178.0,2,{'lifecycle:transition': 'complete'},deviant
118,Send Request for Quotation to Supplier,2011-01-18 00:07:57,2011-01-18 20:38:37,2011-01-18 20:52:37,Francois de Perrier,64,0.07225160559123536,0,5,20,1,25718.616666666665,1264.6666666666667,1238.6166666666666,2,{'lifecycle:transition': 'complete'},deviant
138,Create Request for Quotation,2011-01-18 06:04:00,2011-01-18 20:55:48,2011-01-18 21:04:48,Nico Ojenbeer,68,0.04731771817151492,0,2,20,1,25735.8,941.8,1255.8,2,{'lifecycle:transition': 'complete'},deviant
143,Create Purchase Requisition,2011-01-18 20:39:00,2011-01-18 20:39:00,2011-01-18 21:24:00,Penn Osterwalder,72,0.1258027956176804,0,1,20,1,25719.0,25719.0,1239.0,2,{'lifecycle:transition': 'complete'},deviant
133,Analyze Purchase Requisition,2011-01-17 20:57:00,2011-01-18 21:56:35,2011-01-18 22:01:35,Francis Odell,62,0.03333962976955043,0,2,21,1,25796.583333333332,1532.5833333333333,1316.5833333333333,2,{'lifecycle:transition': 'complete'},deviant
133,Create Request for Quotation,2011-01-18 22:01:35,2011-01-18 22:25:07,2011-01-18 22:27:07,Francis Odell,72,0.04731771817151492,0,3,22,1,25825.116666666665,28.533333333333335,1345.1166666666666,2,{'lifecycle:transition': 'complete'},deviant
134,Analyze Purchase Requisition,2011-01-17 21:24:00,2011-01-18 22:37:58,2011-01-18 22:44:58,Heinz Gutschmidt,63,0.03333962976955043,0,2,22,1,25837.966666666667,1537.9666666666667,1357.9666666666667,2,{'lifecycle:transition': 'complete'},deviant
134,Create Request for Quotation,2011-01-18 22:44:58,2011-01-18 23:08:28,2011-01-18 23:09:28,Maris Freeman,72,0.04731771817151492,0,3,23,1,25868.466666666667,30.5,1388.4666666666667,2,{'lifecycle:transition': 'complete'},deviant
144,Create Purchase Requisition,2011-01-18 23:09:00,2011-01-18 23:09:00,2011-01-18 23:35:00,Anne Olwada,73,0.1258027956176804,0,1,23,1,25869.0,25869.0,1389.0,2,{'lifecycle:transition': 'complete'},deviant
106,Analyze Request for Quotation,2011-01-17 23:04:10,2011-01-18 23:23:00,2011-01-18 23:46:00,Francois de Perrier,63,0.1774650547789951,0,6,23,1,25883.0,1466.8333333333333,1403.0,2,{'lifecycle:transition': 'complete'},deviant
145,Create Purchase Requisition,2011-01-18 23:20:00,2011-01-18 23:20:00,2011-01-18 23:58:00,Immanuel Karagianni,74,0.1258027956176804,0,1,23,1,25880.0,25880.0,1400.0,2,{'lifecycle:transition': 'complete'},deviant
101,Settle Conditions With Supplier,2011-01-18 05:18:00,2011-01-18 14:51:40,2011-01-19 00:26:40,Magdalena Predutta,67,0.8897808840196448,0,9,14,1,25371.666666666668,581.2166666666667,891.6666666666666,2,{'lifecycle:transition': 'complete'},deviant
120,Analyze Request for Quotation,2011-01-17 03:12:51,2011-01-19 00:26:40,2011-01-19 00:59:40,Magdalena Predutta,61,0.1774650547789951,0,4,16,1,25447.333333333332,2215.483333333333,967.3333333333334,2,{'lifecycle:transition': 'complete'},deviant
125,Analyze Request for Quotation,2011-01-17 03:34:05,2011-01-19 00:59:40,2011-01-19 01:26:40,Magdalena Predutta,61,0.1774650547789951,0,3,21,1,25744.616666666665,2498.5333333333333,1264.6166666666666,2,{'lifecycle:transition': 'complete'},deviant
140,Create Request for Quotation,2011-01-18 11:36:00,2011-01-19 01:28:55,2011-01-19 01:34:55,Clement Duchot,69,0.04731771817151492,0,2,1,1,26008.916666666668,846.9166666666666,88.91666666666667,3,{'lifecycle:transition': 'complete'},deviant
120,Amend Request for Quotation,2011-01-19 00:59:40,2011-01-19 01:27:22,2011-01-19 01:41:22,Elvira Lores,73,0.057329051756705704,0,5,1,1,26007.366666666665,560.0333333333333,87.36666666666666,3,{'lifecycle:transition': 'complete'},deviant
127,Analyze Request for Quotation,2011-01-17 05:44:01,2011-01-19 01:26:40,2011-01-19 01:45:40,Magdalena Predutta,61,0.1774650547789951,0,3,0,1,25966.433333333334,2592.4166666666665,46.43333333333333,3,{'lifecycle:transition': 'complete'},regular
119,Send Request for Quotation to Supplier,2011-01-18 06:04:14,2011-01-19 02:48:08,2011-01-19 03:14:08,Magdalena Predutta,68,0.07225160559123536,0,5,2,1,26088.133333333335,1249.9,168.13333333333333,3,{'lifecycle:transition': 'complete'},deviant
125,Amend Request for Quotation,2011-01-19 01:26:40,2011-01-19 04:32:25,2011-01-19 04:45:25,Maris Freeman,73,0.057329051756705704,0,4,4,1,26192.416666666668,447.8,272.4166666666667,3,{'lifecycle:transition': 'complete'},deviant
127,Amend Request for Quotation,2011-01-19 01:45:40,2011-01-19 04:56:45,2011-01-19 05:03:45,Tesca Lobes,73,0.057329051756705704,0,4,4,1,26216.75,250.31666666666666,296.75,3,{'lifecycle:transition': 'complete'},regular
136,Analyze Purchase Requisition,2011-01-18 00:56:00,2011-01-19 05:10:09,2011-01-19 05:16:09,Heinz Gutschmidt,65,0.03333962976955043,0,2,5,1,26230.15,1703.15,310.15,3,{'lifecycle:transition': 'complete'},deviant
136,Create Request for Quotation,2011-01-19 05:16:09,2011-01-19 05:43:25,2011-01-19 05:44:25,Maris Freeman,73,0.04731771817151492,0,3,5,1,26263.416666666668,33.266666666666666,343.4166666666667,3,{'lifecycle:transition': 'complete'},deviant
146,Create Purchase Requisition,2011-01-19 06:25:00,2011-01-19 06:25:00,2011-01-19 06:50:00,Tesca Lobes,74,0.1258027956176804,0,1,6,1,26305.0,26305.0,385.0,3,{'lifecycle:transition': 'complete'},regular
147,Create Purchase Requisition,2011-01-19 06:28:00,2011-01-19 06:28:00,2011-01-19 07:18:00,Christian Francois,75,0.1258027956176804,0,1,6,1,26308.0,26308.0,388.0,3,{'lifecycle:transition': 'complete'},deviant
137,Analyze Purchase Requisition,2011-01-18 05:18:00,2011-01-19 09:48:23,2011-01-19 09:54:23,Heinz Gutschmidt,67,0.03333962976955043,0,2,9,1,26508.383333333335,1755.3833333333334,588.3833333333333,3,{'lifecycle:transition': 'complete'},deviant
137,Create Request for Quotation,2011-01-19 09:54:23,2011-01-19 10:22:29,2011-01-19 10:24:29,Maris Freeman,75,0.04731771817151492,0,3,10,1,26542.483333333334,34.1,622.4833333333333,3,{'lifecycle:transition': 'complete'},deviant
139,Analyze Purchase Requisition,2011-01-18 06:16:00,2011-01-19 10:36:17,2011-01-19 10:41:17,Francis Odell,68,0.03333962976955043,0,2,10,1,26556.283333333333,1728.2833333333333,636.2833333333333,3,{'lifecycle:transition': 'complete'},deviant
139,Create Request for Quotation,2011-01-19 10:41:17,2011-01-19 11:08:22,2011-01-19 11:10:22,Maris Freeman,75,0.04731771817151492,0,3,11,1,26588.366666666665,32.083333333333336,668.3666666666667,3,{'lifecycle:transition': 'complete'},deviant
149,Create Purchase Requisition,2011-01-19 10:49:00,2011-01-19 10:49:00,2011-01-19 11:12:00,Clement Duchot,76,0.1258027956176804,0,1,10,1,26569.0,26569.0,649.0,3,{'lifecycle:transition': 'complete'},deviant
115,Settle Conditions With Supplier,2011-01-18 14:03:24,2011-01-19 01:10:17,2011-01-19 11:50:17,Francois de Perrier,69,0.8897808840196448,0,8,1,1,25990.283333333333,666.8833333333333,70.28333333333333,3,{'lifecycle:transition': 'complete'},deviant
143,Create Request for Quotation,2011-01-18 21:24:00,2011-01-19 11:43:37,2011-01-19 11:52:37,Immanuel Karagianni,72,0.04731771817151492,0,2,11,1,26623.616666666665,904.6166666666667,703.6166666666667,3,{'lifecycle:transition': 'complete'},deviant
117,Send Request for Quotation to Supplier,2011-01-18 07:20:01,2011-01-19 11:50:17,2011-01-19 12:14:17,Francois de Perrier,68,0.07225160559123536,0,5,2,1,26056.583333333332,1433.4666666666667,136.58333333333334,3,{'lifecycle:transition': 'complete'},deviant
129,Analyze Request for Quotation,2011-01-17 11:51:40,2011-01-19 12:14:17,2011-01-19 12:28:17,Francois de Perrier,61,0.1774650547789951,0,3,3,1,26123.816666666666,2380.15,203.81666666666666,3,{'lifecycle:transition': 'complete'},deviant
124,Analyze Request for Quotation,2011-01-17 18:12:59,2011-01-19 12:28:17,2011-01-19 12:57:17,Francois de Perrier,61,0.1774650547789951,0,4,7,1,26358.316666666666,2226.3333333333335,438.31666666666666,3,{'lifecycle:transition': 'complete'},regular
118,Create Quotation comparison Map,2011-01-18 20:52:37,2011-01-19 12:57:17,2011-01-19 13:35:17,Francois de Perrier,72,0.4004533434076313,0,6,7,1,26370.483333333334,651.8666666666667,450.48333333333335,3,{'lifecycle:transition': 'complete'},deviant
124,Amend Request for Quotation,2011-01-19 12:57:17,2011-01-19 13:24:48,2011-01-19 13:37:48,Nico Ojenbeer,76,0.057329051756705704,0,5,13,1,26724.8,366.48333333333335,804.8,3,{'lifecycle:transition': 'complete'},regular
101,Create Purchase Order,2011-01-19 00:26:40,2011-01-19 13:35:17,2011-01-19 13:48:17,Francois de Perrier,73,0.048073290517567056,0,10,8,1,26420.683333333334,1049.0166666666667,500.68333333333334,3,{'lifecycle:transition': 'complete'},deviant
102,Settle Conditions With Supplier,2011-01-18 04:25:38,2011-01-19 02:15:56,2011-01-19 13:54:56,Karel de Groot,65,0.8897808840196448,1,8,2,1,26055.933333333334,1310.3,135.93333333333334,3,{'lifecycle:transition': 'complete'},deviant
107,Send Request for Quotation to Supplier,2011-01-18 12:52:01,2011-01-19 13:48:17,2011-01-19 14:12:17,Francois de Perrier,69,0.07225160559123536,0,5,8,1,26434.9,1282.7,514.9,3,{'lifecycle:transition': 'complete'},regular
123,Send Request for Quotation to Supplier,2011-01-18 10:35:30,2011-01-19 13:54:56,2011-01-19 14:17:56,Karel de Groot,68,0.07225160559123536,0,4,5,1,26259.15,1163.65,339.15,3,{'lifecycle:transition': 'complete'},deviant
150,Create Purchase Requisition,2011-01-19 15:05:00,2011-01-19 15:05:00,2011-01-19 15:22:00,Nico Ojenbeer,76,0.1258027956176804,0,1,15,1,26825.0,26825.0,905.0,3,{'lifecycle:transition': 'complete'},deviant
103,Settle Conditions With Supplier,2011-01-18 19:33:38,2011-01-19 06:32:55,2011-01-19 16:36:55,Magdalena Predutta,70,0.8897808840196448,1,9,6,1,26312.916666666668,659.2833333333333,392.9166666666667,3,{'lifecycle:transition': 'complete'},deviant
132,Analyze Request for Quotation,2011-01-17 18:04:13,2011-01-19 16:36:55,2011-01-19 16:56:55,Magdalena Predutta,61,0.1774650547789951,0,3,9,1,26497.916666666668,2382.7,577.9166666666666,3,{'lifecycle:transition': 'complete'},regular
151,Create Purchase Requisition,2011-01-19 16:32:00,2011-01-19 16:32:00,2011-01-19 17:21:00,Anne Olwada,77,0.1258027956176804,0,1,16,1,26912.0,26912.0,992.0,3,{'lifecycle:transition': 'complete'},deviant
119,Create Quotation comparison Map,2011-01-19 03:14:08,2011-01-19 16:56:55,2011-01-19 18:29:55,Magdalena Predutta,73,0.4004533434076313,0,6,9,1,26504.8,416.6666666666667,584.8,3,{'lifecycle:transition': 'complete'},deviant
118,Analyze Quotation Comparison Map,2011-01-19 13:35:17,2011-01-19 20:26:16,2011-01-19 20:52:16,Fjodor Kowalski,76,0.0646014355874575,0,7,20,1,27146.266666666666,775.7833333333333,1226.2666666666667,3,{'lifecycle:transition': 'complete'},deviant
118,Choose best option,2011-01-19 20:52:16,2011-01-19 20:52:17,2011-01-19 20:52:17,Penn Osterwalder,77,0.0,0,8,20,1,27172.283333333333,26.016666666666666,1252.2833333333333,3,{'lifecycle:transition': 'complete'},deviant
141,Analyze Purchase Requisition,2011-01-18 18:10:00,2011-01-19 23:26:28,2011-01-19 23:32:28,Heinz Gutschmidt,70,0.03333962976955043,0,2,23,1,27326.466666666667,1771.4666666666667,1406.4666666666667,3,{'lifecycle:transition': 'complete'},deviant
141,Create Request for Quotation,2011-01-19 23:32:28,2011-01-20 00:01:41,2011-01-20 00:03:41,Heinz Gutschmidt,77,0.04731771817151492,0,3,0,1,27361.683333333334,35.21666666666667,1.6833333333333333,4,{'lifecycle:transition': 'complete'},deviant
117,Create Quotation comparison Map,2011-01-19 12:14:17,2011-01-19 18:44:16,2011-01-20 00:25:16,Karel de Groot,76,0.4004533434076313,1,6,18,1,27044.266666666666,987.6833333333333,1124.2666666666667,3,{'lifecycle:transition': 'complete'},deviant
152,Create Purchase Requisition,2011-01-20 00:20:00,2011-01-20 00:20:00,2011-01-20 00:29:00,Clement Duchot,78,0.1258027956176804,0,1,0,1,27380.0,27380.0,20.0,4,{'lifecycle:transition': 'complete'},deviant
107,Create Quotation comparison Map,2011-01-19 14:12:17,2011-01-19 20:46:52,2011-01-20 00:57:52,Francois de Perrier,75,0.4004533434076313,0,6,20,1,27166.866666666665,731.9666666666667,1246.8666666666666,3,{'lifecycle:transition': 'complete'},regular
112,Analyze Request for Quotation,2011-01-18 02:54:41,2011-01-20 00:57:52,2011-01-20 01:15:52,Francois de Perrier,65,0.1774650547789951,0,6,0,1,27368.733333333334,2724.05,8.733333333333333,4,{'lifecycle:transition': 'complete'},deviant
119,Analyze Quotation Comparison Map,2011-01-19 18:29:55,2011-01-20 01:13:11,2011-01-20 01:22:11,Alberto Duport,77,0.0646014355874575,0,7,1,1,27433.183333333334,928.3833333333333,73.18333333333334,4,{'lifecycle:transition': 'complete'},deviant
119,Choose best option,2011-01-20 01:22:11,2011-01-20 01:26:55,2011-01-20 01:26:55,Penn Osterwalder,78,0.0,0,8,1,1,27446.916666666668,13.733333333333333,86.91666666666667,4,{'lifecycle:transition': 'complete'},deviant
115,Create Purchase Order,2011-01-19 11:50:17,2011-01-20 01:29:10,2011-01-20 01:37:10,Magdalena Predutta,76,0.048073290517567056,2,9,1,1,27449.166666666668,1458.8833333333334,89.16666666666667,4,{'lifecycle:transition': 'complete'},deviant
142,Analyze Purchase Requisition,2011-01-18 20:24:00,2011-01-20 01:53:39,2011-01-20 01:59:39,Francis Odell,71,0.03333962976955043,0,2,1,1,27473.65,1815.65,113.65,4,{'lifecycle:transition': 'complete'},deviant
142,Create Request for Quotation,2011-01-20 01:59:39,2011-01-20 02:22:56,2011-01-20 02:23:56,Francis Odell,78,0.04731771817151492,0,3,2,1,27502.933333333334,29.283333333333335,142.93333333333334,4,{'lifecycle:transition': 'complete'},deviant
128,Analyze Request for Quotation,2011-01-18 03:21:22,2011-01-20 02:24:17,2011-01-20 02:30:17,Magdalena Predutta,65,0.1774650547789951,0,4,2,1,27504.283333333333,2824.9166666666665,144.28333333333333,4,{'lifecycle:transition': 'complete'},deviant
102,Create Purchase Order,2011-01-19 13:54:56,2011-01-20 02:19:08,2011-01-20 02:31:08,Francois de Perrier,75,0.048073290517567056,0,9,2,1,27499.133333333335,1443.2,139.13333333333333,4,{'lifecycle:transition': 'complete'},deviant
128,Amend Request for Quotation,2011-01-20 02:30:17,2011-01-20 02:51:46,2011-01-20 03:02:46,Alberto Duport,78,0.057329051756705704,0,5,2,1,27531.766666666666,27.483333333333334,171.76666666666668,4,{'lifecycle:transition': 'complete'},deviant
111,Analyze Request for Quotation,2011-01-18 05:02:26,2011-01-20 02:54:03,2011-01-20 03:16:03,Magdalena Predutta,66,0.1774650547789951,0,6,2,1,27534.05,2757.616666666667,174.05,4,{'lifecycle:transition': 'complete'},regular
103,Create Purchase Order,2011-01-19 16:36:55,2011-01-20 04:57:52,2011-01-20 05:03:52,Karel de Groot,77,0.048073290517567056,0,10,4,1,27657.866666666665,1344.95,297.8666666666667,4,{'lifecycle:transition': 'complete'},deviant
145,Analyze Purchase Requisition,2011-01-18 23:58:00,2011-01-20 05:29:02,2011-01-20 05:35:02,Heinz Gutschmidt,73,0.03333962976955043,0,2,5,1,27689.033333333333,1809.0333333333333,329.03333333333336,4,{'lifecycle:transition': 'complete'},deviant
144,Analyze Purchase Requisition,2011-01-18 23:35:00,2011-01-20 05:36:49,2011-01-20 05:43:49,Maris Freeman,74,0.03333962976955043,0,2,5,1,27696.816666666666,1827.8166666666666,336.81666666666666,4,{'lifecycle:transition': 'complete'},deviant
145,Create Request for Quotation,2011-01-20 05:35:02,2011-01-20 05:57:03,2011-01-20 05:59:03,Maris Freeman,77,0.04731771817151492,0,3,5,1,27717.05,28.016666666666666,357.05,4,{'lifecycle:transition': 'complete'},deviant
144,Create Request for Quotation,2011-01-20 05:43:49,2011-01-20 06:07:13,2011-01-20 06:10:13,Maris Freeman,77,0.04731771817151492,0,3,6,1,27727.216666666667,30.4,367.21666666666664,4,{'lifecycle:transition': 'complete'},deviant
117,Analyze Quotation Comparison Map,2011-01-20 00:25:16,2011-01-20 07:17:52,2011-01-20 07:31:52,Alberto Duport,78,0.0646014355874575,0,7,7,1,27797.866666666665,753.6,437.8666666666667,4,{'lifecycle:transition': 'complete'},deviant
117,Choose best option,2011-01-20 07:31:52,2011-01-20 07:40:57,2011-01-20 07:40:57,Alberto Duport,77,0.0,0,8,7,1,27820.95,23.083333333333332,460.95,4,{'lifecycle:transition': 'complete'},deviant
107,Analyze Quotation Comparison Map,2011-01-20 00:57:52,2011-01-20 07:49:12,2011-01-20 07:56:12,Alberto Duport,78,0.0646014355874575,0,7,7,1,27829.2,662.3333333333334,469.2,4,{'lifecycle:transition': 'complete'},regular
107,Choose best option,2011-01-20 07:56:12,2011-01-20 08:05:31,2011-01-20 08:05:31,Anna Kaufmann,77,0.0,0,8,8,1,27845.516666666666,16.316666666666666,485.51666666666665,4,{'lifecycle:transition': 'complete'},regular
153,Create Purchase Requisition,2011-01-20 08:25:00,2011-01-20 08:25:00,2011-01-20 08:34:00,Nico Ojenbeer,78,0.1258027956176804,0,1,8,1,27865.0,27865.0,505.0,4,{'lifecycle:transition': 'complete'},deviant
122,Analyze Request for Quotation,2011-01-18 08:47:17,2011-01-20 08:51:05,2011-01-20 09:08:05,Karel de Groot,68,0.1774650547789951,0,5,8,1,27891.083333333332,2890.8,531.0833333333334,4,{'lifecycle:transition': 'complete'},deviant
122,Amend Request for Quotation,2011-01-20 09:08:05,2011-01-20 09:33:53,2011-01-20 09:41:53,Miu Hanwan,78,0.057329051756705704,0,6,9,1,27933.883333333335,42.8,573.8833333333333,4,{'lifecycle:transition': 'complete'},deviant
123,Create Quotation comparison Map,2011-01-19 14:17:56,2011-01-20 06:48:55,2011-01-20 10:43:55,Francois de Perrier,75,0.4004533434076313,0,5,6,1,27768.916666666668,1509.7666666666667,408.9166666666667,4,{'lifecycle:transition': 'complete'},deviant
129,Send Request for Quotation to Supplier,2011-01-19 12:28:17,2011-01-20 10:43:55,2011-01-20 11:02:55,Francois de Perrier,76,0.07225160559123536,4,4,7,1,27792.216666666667,1668.4,432.21666666666664,4,{'lifecycle:transition': 'complete'},deviant
154,Create Purchase Requisition,2011-01-20 10:40:00,2011-01-20 10:40:00,2011-01-20 11:06:00,Miu Hanwan,79,0.1258027956176804,0,1,10,1,28000.0,28000.0,640.0,4,{'lifecycle:transition': 'complete'},deviant
132,Send Request for Quotation to Supplier,2011-01-19 16:56:55,2011-01-20 11:02:55,2011-01-20 11:28:55,Francois de Perrier,77,0.07225160559123536,0,4,10,1,27995.85,1497.9333333333334,635.85,4,{'lifecycle:transition': 'complete'},regular
135,Analyze Request for Quotation,2011-01-18 11:56:03,2011-01-20 11:54:37,2011-01-20 12:07:37,Magdalena Predutta,69,0.1774650547789951,0,3,11,1,28074.616666666665,2888.5666666666666,714.6166666666667,4,{'lifecycle:transition': 'complete'},deviant
120,Analyze Request for Quotation,2011-01-19 01:41:22,2011-01-20 13:19:37,2011-01-20 13:49:37,Karel de Groot,73,0.1774650547789951,0,6,13,1,28159.616666666665,2152.25,799.6166666666667,4,{'lifecycle:transition': 'complete'},deviant
120,Amend Request for Quotation,2011-01-20 13:49:37,2011-01-20 14:06:41,2011-01-20 14:14:41,Tesca Lobes,79,0.057329051756705704,0,7,14,1,28206.683333333334,47.06666666666667,846.6833333333333,4,{'lifecycle:transition': 'complete'},deviant
119,Settle Conditions With Supplier,2011-01-20 01:26:55,2011-01-20 12:07:38,2011-01-20 16:34:38,Francois de Perrier,78,0.8897808840196448,0,9,12,1,28087.633333333335,640.7166666666667,727.6333333333333,4,{'lifecycle:transition': 'complete'},deviant
147,Create Request for Quotation,2011-01-19 07:18:00,2011-01-20 16:53:49,2011-01-20 17:03:49,Anna Kaufmann,75,0.04731771817151492,0,2,16,1,28373.816666666666,2065.8166666666666,1013.8166666666667,4,{'lifecycle:transition': 'complete'},deviant
123,Analyze Quotation Comparison Map,2011-01-20 10:43:55,2011-01-20 17:40:01,2011-01-20 17:54:01,Penn Osterwalder,79,0.0646014355874575,0,6,17,1,28420.016666666666,651.1,1060.0166666666667,4,{'lifecycle:transition': 'complete'},deviant
123,Choose best option,2011-01-20 17:54:01,2011-01-20 18:04:48,2011-01-20 18:04:48,Nico Ojenbeer,79,0.0,0,7,18,1,28444.8,24.783333333333335,1084.8,4,{'lifecycle:transition': 'complete'},deviant
115,Confirm Purchase Order,2011-01-20 01:37:10,2011-01-20 18:04:20,2011-01-20 18:19:20,Kiu Kan,78,0.06752927842840951,0,10,18,1,28444.333333333332,995.1666666666666,1084.3333333333333,4,{'lifecycle:transition': 'complete'},deviant
102,Confirm Purchase Order,2011-01-20 02:31:08,2011-01-20 18:19:20,2011-01-20 18:49:20,Kiu Kan,78,0.06752927842840951,0,10,18,1,28446.683333333334,947.55,1086.6833333333334,4,{'lifecycle:transition': 'complete'},deviant
155,Create Purchase Requisition,2011-01-20 21:08:00,2011-01-20 21:08:00,2011-01-20 21:48:00,Anna Kaufmann,78,0.1258027956176804,0,1,21,1,28628.0,28628.0,1268.0,4,{'lifecycle:transition': 'complete'},regular
132,Create Quotation comparison Map,2011-01-20 11:28:55,2011-01-20 21:49:25,2011-01-21 00:34:25,Francois de Perrier,79,0.4004533434076313,0,5,21,1,28669.416666666668,673.5666666666667,1309.4166666666667,4,{'lifecycle:transition': 'complete'},regular
107,Settle Conditions With Supplier,2011-01-20 08:05:31,2011-01-20 17:59:47,2011-01-21 01:06:47,Karel de Groot,77,0.8897808840196448,0,9,17,1,28439.783333333333,594.2666666666667,1079.7833333333333,4,{'lifecycle:transition': 'complete'},regular
133,Analyze Request for Quotation,2011-01-18 22:27:07,2011-01-21 00:34:25,2011-01-21 01:08:25,Francois de Perrier,72,0.1774650547789951,0,4,0,1,28815.966666666667,2990.85,15.966666666666667,5,{'lifecycle:transition': 'complete'},deviant
134,Analyze Request for Quotation,2011-01-18 23:09:28,2011-01-21 01:13:30,2011-01-21 01:32:30,Francois de Perrier,73,0.1774650547789951,0,4,1,1,28873.5,3005.0333333333333,73.5,5,{'lifecycle:transition': 'complete'},deviant
133,Amend Request for Quotation,2011-01-21 01:08:25,2011-01-21 01:27:04,2011-01-21 01:34:04,Nico Ojenbeer,78,0.057329051756705704,0,5,1,1,28887.066666666666,71.1,87.06666666666666,5,{'lifecycle:transition': 'complete'},deviant
118,Settle Conditions With Supplier,2011-01-19 20:52:17,2011-01-20 16:58:57,2011-01-21 02:21:57,Magdalena Predutta,77,0.8897808840196448,0,9,16,1,28378.95,1206.6666666666667,1018.95,4,{'lifecycle:transition': 'complete'},deviant
112,Send Request for Quotation to Supplier,2011-01-20 01:15:52,2011-01-21 02:21:57,2011-01-21 02:48:57,Magdalena Predutta,78,0.07225160559123536,0,7,18,1,28445.816666666666,1077.0833333333333,1085.8166666666666,4,{'lifecycle:transition': 'complete'},deviant
138,Analyze Request for Quotation,2011-01-18 21:04:48,2011-01-21 02:48:57,2011-01-21 03:09:57,Magdalena Predutta,72,0.1774650547789951,2,3,19,1,28540.683333333334,2804.883333333333,1180.6833333333334,4,{'lifecycle:transition': 'complete'},deviant
110,Analyze Request for Quotation,2011-01-18 14:45:01,2011-01-21 03:09:57,2011-01-21 03:34:57,Magdalena Predutta,69,0.1774650547789951,0,6,21,1,28657.616666666665,3316.6,1297.6166666666666,4,{'lifecycle:transition': 'complete'},deviant
127,Analyze Request for Quotation,2011-01-19 05:03:45,2011-01-21 03:34:57,2011-01-21 03:47:57,Magdalena Predutta,73,0.1774650547789951,0,5,23,1,28740.166666666668,2523.4166666666665,1380.1666666666667,4,{'lifecycle:transition': 'complete'},regular
124,Analyze Request for Quotation,2011-01-19 13:37:48,2011-01-21 03:47:57,2011-01-21 03:53:57,Magdalena Predutta,76,0.1774650547789951,2,6,23,1,28777.016666666666,2052.2166666666667,1417.0166666666667,4,{'lifecycle:transition': 'complete'},regular
125,Analyze Request for Quotation,2011-01-19 04:45:25,2011-01-21 03:53:57,2011-01-21 04:09:57,Magdalena Predutta,73,0.1774650547789951,0,5,0,1,28826.283333333333,2633.866666666667,26.283333333333335,5,{'lifecycle:transition': 'complete'},deviant
127,Amend Request for Quotation,2011-01-21 03:47:57,2011-01-21 04:03:26,2011-01-21 04:18:26,Esmana Liubiata,78,0.057329051756705704,0,6,4,1,29043.433333333334,303.26666666666665,243.43333333333334,5,{'lifecycle:transition': 'complete'},regular
125,Amend Request for Quotation,2011-01-21 04:09:57,2011-01-21 04:26:17,2011-01-21 04:39:17,Immanuel Karagianni,78,0.057329051756705704,0,6,4,1,29066.283333333333,240.0,266.28333333333336,5,{'lifecycle:transition': 'complete'},deviant
132,Analyze Quotation Comparison Map,2011-01-21 00:34:25,2011-01-21 07:35:53,2011-01-21 07:52:53,Anne Olwada,78,0.0646014355874575,0,6,7,1,29255.883333333335,586.4666666666667,455.8833333333333,5,{'lifecycle:transition': 'complete'},regular
132,Choose best option,2011-01-21 07:52:53,2011-01-21 08:11:17,2011-01-21 08:11:17,Nico Ojenbeer,78,0.0,0,7,8,1,29291.283333333333,35.4,491.28333333333336,5,{'lifecycle:transition': 'complete'},regular
156,Create Purchase Requisition,2011-01-21 08:49:00,2011-01-21 08:49:00,2011-01-21 09:18:00,Penn Osterwalder,79,0.1258027956176804,0,1,8,1,29329.0,29329.0,529.0,5,{'lifecycle:transition': 'complete'},deviant
123,Settle Conditions With Supplier,2011-01-20 18:04:48,2011-01-21 03:18:33,2011-01-21 09:37:33,Francois de Perrier,79,0.8897808840196448,0,8,3,1,28998.55,553.75,198.55,5,{'lifecycle:transition': 'complete'},deviant
119,Create Purchase Order,2011-01-20 16:34:38,2011-01-21 09:37:33,2011-01-21 09:49:33,Francois de Perrier,79,0.048073290517567056,0,10,8,1,29334.0,1246.3666666666666,534.0,5,{'lifecycle:transition': 'complete'},deviant
157,Create Purchase Requisition,2011-01-21 09:59:00,2011-01-21 09:59:00,2011-01-21 10:12:00,Fjodor Kowalski,79,0.1258027956176804,0,1,9,1,29399.0,29399.0,599.0,5,{'lifecycle:transition': 'complete'},deviant
128,Analyze Request for Quotation,2011-01-20 03:02:46,2011-01-21 10:08:35,2011-01-21 10:23:35,Magdalena Predutta,78,0.1774650547789951,0,6,10,1,29408.583333333332,1876.8166666666666,608.5833333333334,5,{'lifecycle:transition': 'complete'},deviant
154,Create Request for Quotation,2011-01-20 11:06:00,2011-01-21 10:32:58,2011-01-21 10:42:58,Tesca Lobes,79,0.04731771817151492,0,2,10,1,29432.966666666667,1432.9666666666667,632.9666666666667,5,{'lifecycle:transition': 'complete'},deviant
135,Send Request for Quotation to Supplier,2011-01-20 12:07:37,2011-01-21 11:42:55,2011-01-21 12:05:55,Francois de Perrier,79,0.07225160559123536,0,4,11,1,29502.916666666668,1428.3,702.9166666666666,5,{'lifecycle:transition': 'complete'},deviant
158,Create Purchase Requisition,2011-01-21 12:26:00,2011-01-21 12:26:00,2011-01-21 13:01:00,Christian Francois,80,0.1258027956176804,0,1,12,1,29546.0,29546.0,746.0,5,{'lifecycle:transition': 'complete'},deviant
107,Create Purchase Order,2011-01-21 01:06:47,2011-01-21 13:20:21,2011-01-21 13:32:21,Magdalena Predutta,78,0.048073290517567056,6,10,13,1,29600.35,1160.5666666666666,800.35,5,{'lifecycle:transition': 'complete'},regular
143,Analyze Request for Quotation,2011-01-19 11:52:37,2011-01-21 14:12:50,2011-01-21 14:40:50,Francois de Perrier,76,0.1774650547789951,5,3,14,1,29652.833333333332,3029.2166666666667,852.8333333333334,5,{'lifecycle:transition': 'complete'},deviant
117,Settle Conditions With Supplier,2011-01-20 07:40:57,2011-01-21 01:06:47,2011-01-21 14:41:47,Karel de Groot,77,0.8897808840196448,0,9,18,1,28499.766666666666,678.8166666666667,1139.7666666666667,4,{'lifecycle:transition': 'complete'},deviant
111,Send Request for Quotation to Supplier,2011-01-20 03:16:03,2011-01-21 14:41:47,2011-01-21 15:03:47,Karel de Groot,78,0.07225160559123536,0,7,19,1,28552.7,1018.65,1192.7,4,{'lifecycle:transition': 'complete'},regular
159,Create Purchase Requisition,2011-01-21 15:02:00,2011-01-21 15:02:00,2011-01-21 15:42:00,Elvira Lores,79,0.1258027956176804,0,1,15,1,29702.0,29702.0,902.0,5,{'lifecycle:transition': 'complete'},regular
160,Create Purchase Requisition,2011-01-21 16:29:00,2011-01-21 16:29:00,2011-01-21 16:59:00,Anna Kaufmann,80,0.1258027956176804,0,1,16,1,29789.0,29789.0,989.0,5,{'lifecycle:transition': 'complete'},deviant
129,Create Quotation comparison Map,2011-01-20 11:02:55,2011-01-21 15:03:47,2011-01-21 19:10:47,Karel de Groot,79,0.4004533434076313,0,5,20,1,28606.633333333335,814.4166666666666,1246.6333333333334,4,{'lifecycle:transition': 'complete'},deviant
120,Analyze Request for Quotation,2011-01-20 14:14:41,2011-01-21 19:10:47,2011-01-21 19:42:47,Karel de Groot,79,0.1774650547789951,0,8,15,1,29706.55,1499.8666666666666,906.55,5,{'lifecycle:transition': 'complete'},deviant
110,Send Request for Quotation to Supplier,2011-01-21 03:34:57,2011-01-21 20:18:53,2011-01-21 20:34:53,Francois de Perrier,78,0.07225160559123536,0,7,20,1,30018.883333333335,1361.2666666666667,1218.8833333333334,5,{'lifecycle:transition': 'complete'},deviant
155,Create Request for Quotation,2011-01-20 21:48:00,2011-01-21 20:48:17,2011-01-21 20:54:17,Elvira Lores,78,0.04731771817151492,0,2,20,1,30048.283333333333,1420.2833333333333,1248.2833333333333,5,{'lifecycle:transition': 'complete'},regular
146,Analyze Purchase Requisition,2011-01-19 06:50:00,2011-01-21 20:51:13,2011-01-21 20:58:13,Maris Freeman,75,0.03333962976955043,0,2,20,1,30051.216666666667,3746.2166666666667,1251.2166666666667,5,{'lifecycle:transition': 'complete'},regular
146,Create Request for Quotation,2011-01-21 20:58:13,2011-01-21 21:19:55,2011-01-21 21:22:55,Heinz Gutschmidt,80,0.04731771817151492,0,3,21,1,30079.916666666668,28.7,1279.9166666666667,5,{'lifecycle:transition': 'complete'},regular
118,Create Purchase Order,2011-01-21 02:21:57,2011-01-21 21:15:53,2011-01-21 21:26:53,Magdalena Predutta,78,0.048073290517567056,6,10,21,1,30075.883333333335,1696.9333333333334,1275.8833333333334,5,{'lifecycle:transition': 'complete'},deviant
122,Analyze Request for Quotation,2011-01-20 09:41:53,2011-01-21 21:08:51,2011-01-21 21:42:51,Francois de Perrier,78,0.1774650547789951,1,7,21,1,30068.85,2134.9666666666667,1268.85,5,{'lifecycle:transition': 'complete'},deviant
122,Amend Request for Quotation,2011-01-21 21:42:51,2011-01-21 22:04:47,2011-01-21 22:10:47,Immanuel Karagianni,79,0.057329051756705704,0,8,22,1,30124.783333333333,55.93333333333333,1324.7833333333333,5,{'lifecycle:transition': 'complete'},deviant
137,Analyze Request for Quotation,2011-01-19 10:24:29,2011-01-21 21:43:35,2011-01-21 22:17:35,Francois de Perrier,75,0.1774650547789951,6,4,21,1,30103.583333333332,3561.1,1303.5833333333333,5,{'lifecycle:transition': 'complete'},deviant
162,Create Purchase Requisition,2011-01-21 23:18:00,2011-01-21 23:18:00,2011-01-21 23:24:00,Elvira Lores,79,0.1258027956176804,0,1,23,1,30198.0,30198.0,1398.0,5,{'lifecycle:transition': 'complete'},deviant
139,Analyze Request for Quotation,2011-01-19 11:10:22,2011-01-21 22:53:05,2011-01-21 23:26:05,Magdalena Predutta,76,0.1774650547789951,2,4,22,1,30173.083333333332,3584.7166666666667,1373.0833333333333,5,{'lifecycle:transition': 'complete'},deviant
158,Create Request for Quotation,2011-01-21 13:01:00,2011-01-21 23:54:18,2011-01-22 00:02:18,Esmana Liubiata,80,0.04731771817151492,0,2,23,1,30234.3,688.3,1434.3,5,{'lifecycle:transition': 'complete'},deviant
123,Create Purchase Order,2011-01-21 09:37:33,2011-01-22 00:27:17,2011-01-22 00:39:17,Magdalena Predutta,79,0.048073290517567056,0,9,0,1,30267.283333333333,1268.7333333333333,27.283333333333335,6,{'lifecycle:transition': 'complete'},deviant
152,Analyze Purchase Requisition,2011-01-20 00:29:00,2011-01-22 00:52:12,2011-01-22 00:59:12,Francis Odell,78,0.03333962976955043,0,2,0,1,30292.2,2912.2,52.2,6,{'lifecycle:transition': 'complete'},deviant
112,Create Quotation comparison Map,2011-01-21 02:48:57,2011-01-21 19:42:47,2011-01-22 01:19:47,Karel de Groot,78,0.4004533434076313,2,8,19,1,29943.533333333333,1497.7166666666667,1143.5333333333333,5,{'lifecycle:transition': 'complete'},deviant
152,Create Request for Quotation,2011-01-22 00:59:12,2011-01-22 01:30:40,2011-01-22 01:31:40,Heinz Gutschmidt,78,0.04731771817151492,0,3,1,1,30330.666666666668,38.46666666666667,90.66666666666667,6,{'lifecycle:transition': 'complete'},deviant
140,Analyze Request for Quotation,2011-01-19 01:34:55,2011-01-22 01:19:47,2011-01-22 01:45:47,Karel de Groot,73,0.1774650547789951,0,3,21,1,30068.083333333332,4059.1666666666665,1268.0833333333333,5,{'lifecycle:transition': 'complete'},deviant
134,Send Request for Quotation to Supplier,2011-01-21 01:32:30,2011-01-22 01:45:47,2011-01-22 01:56:47,Karel de Groot,78,0.07225160559123536,2,5,21,1,30070.55,1197.05,1270.55,5,{'lifecycle:transition': 'complete'},deviant
149,Analyze Purchase Requisition,2011-01-19 11:12:00,2011-01-22 02:03:19,2011-01-22 02:10:19,Heinz Gutschmidt,76,0.03333962976955043,0,2,2,1,30363.316666666666,3794.3166666666666,123.31666666666666,6,{'lifecycle:transition': 'complete'},deviant
124,Send Request for Quotation to Supplier,2011-01-21 03:53:57,2011-01-22 01:56:47,2011-01-22 02:26:47,Karel de Groot,78,0.07225160559123536,2,7,21,1,30091.883333333335,1314.8666666666666,1291.8833333333334,5,{'lifecycle:transition': 'complete'},regular
149,Create Request for Quotation,2011-01-22 02:10:19,2011-01-22 02:33:12,2011-01-22 02:35:12,Heinz Gutschmidt,78,0.04731771817151492,0,3,2,1,30393.2,29.883333333333333,153.2,6,{'lifecycle:transition': 'complete'},deviant
129,Analyze Quotation Comparison Map,2011-01-21 19:10:47,2011-01-22 02:14:45,2011-01-22 02:44:45,Christian Francois,80,0.0646014355874575,0,6,2,1,30374.75,1768.1166666666666,134.75,6,{'lifecycle:transition': 'complete'},deviant
129,Choose best option,2011-01-22 02:44:45,2011-01-22 02:53:33,2011-01-22 02:53:33,Clement Duchot,79,0.0,0,7,2,1,30413.55,38.8,173.55,6,{'lifecycle:transition': 'complete'},deviant
164,Create Purchase Requisition,2011-01-22 02:13:00,2011-01-22 02:13:00,2011-01-22 02:57:00,Fjodor Kowalski,79,0.1258027956176804,0,1,2,1,30373.0,30373.0,133.0,6,{'lifecycle:transition': 'complete'},deviant
110,Create Quotation comparison Map,2011-01-21 20:34:53,2011-01-22 03:07:24,2011-01-22 04:19:24,Magdalena Predutta,80,0.4004533434076313,0,8,3,1,30427.4,408.51666666666665,187.4,6,{'lifecycle:transition': 'complete'},deviant
138,Send Request for Quotation to Supplier,2011-01-21 03:09:57,2011-01-22 04:19:24,2011-01-22 04:47:24,Magdalena Predutta,78,0.07225160559123536,4,4,3,1,30454.016666666666,1913.3333333333333,214.01666666666668,6,{'lifecycle:transition': 'complete'},deviant
133,Analyze Request for Quotation,2011-01-21 01:34:04,2011-01-22 05:04:45,2011-01-22 05:26:45,Magdalena Predutta,78,0.1774650547789951,6,6,5,1,30544.75,1657.6833333333334,304.75,6,{'lifecycle:transition': 'complete'},deviant
150,Analyze Purchase Requisition,2011-01-19 15:22:00,2011-01-22 06:13:19,2011-01-22 06:19:19,Maris Freeman,76,0.03333962976955043,0,2,6,1,30613.316666666666,3788.3166666666666,373.31666666666666,6,{'lifecycle:transition': 'complete'},deviant
124,Create Quotation comparison Map,2011-01-22 02:26:47,2011-01-22 05:12:20,2011-01-22 06:28:20,Francois de Perrier,79,0.4004533434076313,0,8,5,1,30552.333333333332,460.45,312.3333333333333,6,{'lifecycle:transition': 'complete'},regular
150,Create Request for Quotation,2011-01-22 06:19:19,2011-01-22 06:42:21,2011-01-22 06:44:21,Maris Freeman,79,0.04731771817151492,0,3,6,1,30642.35,29.033333333333335,402.35,6,{'lifecycle:transition': 'complete'},deviant
136,Analyze Request for Quotation,2011-01-19 05:44:25,2011-01-22 06:31:34,2011-01-22 06:52:34,Francois de Perrier,73,0.1774650547789951,2,4,6,1,30631.566666666666,4368.15,391.56666666666666,6,{'lifecycle:transition': 'complete'},deviant
111,Create Quotation comparison Map,2011-01-21 15:03:47,2011-01-22 03:02:01,2011-01-22 07:16:01,Karel de Groot,79,0.4004533434076313,1,8,3,1,30422.016666666666,1869.3166666666666,182.01666666666668,6,{'lifecycle:transition': 'complete'},regular
128,Send Request for Quotation to Supplier,2011-01-21 10:23:35,2011-01-22 07:16:01,2011-01-22 07:34:01,Karel de Groot,79,0.07225160559123536,2,7,3,1,30459.516666666666,1050.9333333333334,219.51666666666668,6,{'lifecycle:transition': 'complete'},deviant
112,Analyze Quotation Comparison Map,2011-01-22 01:19:47,2011-01-22 08:22:34,2011-01-22 08:37:34,Fjodor Kowalski,78,0.0646014355874575,0,9,8,1,30742.566666666666,799.0333333333333,502.56666666666666,6,{'lifecycle:transition': 'complete'},deviant
151,Analyze Purchase Requisition,2011-01-19 17:21:00,2011-01-22 08:43:15,2011-01-22 08:50:15,Maris Freeman,77,0.03333962976955043,0,2,8,1,30763.25,3851.25,523.25,6,{'lifecycle:transition': 'complete'},deviant
153,Analyze Purchase Requisition,2011-01-20 08:34:00,2011-01-22 08:57:12,2011-01-22 09:05:12,Heinz Gutschmidt,78,0.03333962976955043,0,2,8,1,30777.2,2912.2,537.2,6,{'lifecycle:transition': 'complete'},deviant
112,Choose best option,2011-01-22 08:37:34,2011-01-22 09:10:36,2011-01-22 09:10:36,Anna Kaufmann,79,0.0,0,10,9,1,30790.6,48.03333333333333,550.6,6,{'lifecycle:transition': 'complete'},deviant
117,Create Purchase Order,2011-01-21 14:41:47,2011-01-22 09:23:15,2011-01-22 09:33:15,Magdalena Predutta,78,0.048073290517567056,0,10,9,1,30803.25,2303.483333333333,563.25,6,{'lifecycle:transition': 'complete'},deviant
153,Create Request for Quotation,2011-01-22 09:05:12,2011-01-22 09:36:40,2011-01-22 09:37:40,Maris Freeman,78,0.04731771817151492,0,3,9,1,30816.666666666668,39.46666666666667,576.6666666666666,6,{'lifecycle:transition': 'complete'},deviant
110,Analyze Quotation Comparison Map,2011-01-22 04:19:24,2011-01-22 11:25:05,2011-01-22 11:48:05,Fjodor Kowalski,79,0.0646014355874575,0,9,11,1,30925.083333333332,497.68333333333334,685.0833333333334,6,{'lifecycle:transition': 'complete'},deviant
110,Choose best option,2011-01-22 11:48:05,2011-01-22 12:06:03,2011-01-22 12:06:03,Esmana Liubiata,76,0.0,0,10,12,1,30966.05,40.96666666666667,726.05,6,{'lifecycle:transition': 'complete'},deviant
134,Create Quotation comparison Map,2011-01-22 01:56:47,2011-01-22 07:34:01,2011-01-22 12:47:01,Karel de Groot,78,0.4004533434076313,1,6,6,1,30633.066666666666,562.5166666666667,393.06666666666666,6,{'lifecycle:transition': 'complete'},deviant
127,Analyze Request for Quotation,2011-01-21 04:18:26,2011-01-22 12:38:11,2011-01-22 13:10:11,Francois de Perrier,78,0.1774650547789951,0,7,12,1,30998.183333333334,1954.75,758.1833333333333,6,{'lifecycle:transition': 'complete'},regular
124,Analyze Quotation Comparison Map,2011-01-22 06:28:20,2011-01-22 13:28:04,2011-01-22 13:35:04,Clement Duchot,79,0.0646014355874575,0,9,13,1,31048.066666666666,495.73333333333335,808.0666666666667,6,{'lifecycle:transition': 'complete'},regular
122,Analyze Request for Quotation,2011-01-21 22:10:47,2011-01-22 13:22:15,2011-01-22 13:43:15,Magdalena Predutta,79,0.1774650547789951,0,9,13,1,31042.25,917.4666666666667,802.25,6,{'lifecycle:transition': 'complete'},deviant
124,Choose best option,2011-01-22 13:35:04,2011-01-22 13:45:36,2011-01-22 13:45:36,Elvira Lores,75,0.0,0,10,13,1,31065.6,17.533333333333335,825.6,6,{'lifecycle:transition': 'complete'},regular
135,Create Quotation comparison Map,2011-01-21 12:05:55,2011-01-22 12:47:01,2011-01-22 14:16:01,Karel de Groot,79,0.4004533434076313,2,5,7,1,30707.983333333334,1205.0666666666666,467.98333333333335,6,{'lifecycle:transition': 'complete'},deviant
111,Analyze Quotation Comparison Map,2011-01-22 07:16:01,2011-01-22 14:18:40,2011-01-22 14:32:40,Elvira Lores,79,0.0646014355874575,0,9,14,1,31098.666666666668,676.65,858.6666666666666,6,{'lifecycle:transition': 'complete'},regular
125,Analyze Request for Quotation,2011-01-21 04:39:17,2011-01-22 14:16:01,2011-01-22 14:49:01,Karel de Groot,78,0.1774650547789951,2,7,11,1,30918.5,1852.2166666666667,678.5,6,{'lifecycle:transition': 'complete'},deviant
138,Create Quotation comparison Map,2011-01-22 04:47:24,2011-01-22 13:55:37,2011-01-22 15:06:37,Magdalena Predutta,79,0.4004533434076313,0,5,13,1,31075.616666666665,621.6,835.6166666666667,6,{'lifecycle:transition': 'complete'},deviant
111,Choose best option,2011-01-22 14:32:40,2011-01-22 15:15:44,2011-01-22 15:15:44,Fjodor Kowalski,74,0.0,0,10,15,1,31155.733333333334,57.06666666666667,915.7333333333333,6,{'lifecycle:transition': 'complete'},regular
169,Create Purchase Requisition,2011-01-22 15:00:00,2011-01-22 15:00:00,2011-01-22 15:55:00,Nico Ojenbeer,74,0.1258027956176804,0,1,15,1,31140.0,31140.0,900.0,6,{'lifecycle:transition': 'complete'},deviant
156,Analyze Purchase Requisition,2011-01-21 09:18:00,2011-01-22 17:29:06,2011-01-22 17:38:06,Francis Odell,79,0.03333962976955043,0,2,17,1,31289.1,1960.1,1049.1,6,{'lifecycle:transition': 'complete'},deviant
156,Create Request for Quotation,2011-01-22 17:38:06,2011-01-22 17:57:42,2011-01-22 18:00:42,Maris Freeman,73,0.04731771817151492,0,3,17,1,31317.7,28.6,1077.7,6,{'lifecycle:transition': 'complete'},deviant
157,Analyze Purchase Requisition,2011-01-21 10:12:00,2011-01-22 18:23:06,2011-01-22 18:30:06,Maris Freeman,79,0.03333962976955043,0,2,18,1,31343.1,1944.1,1103.1,6,{'lifecycle:transition': 'complete'},deviant
157,Create Request for Quotation,2011-01-22 18:30:06,2011-01-22 18:49:42,2011-01-22 18:51:42,Francis Odell,73,0.04731771817151492,0,3,18,1,31369.7,26.6,1129.7,6,{'lifecycle:transition': 'complete'},deviant
123,Confirm Purchase Order,2011-01-22 00:39:17,2011-01-22 18:55:56,2011-01-22 19:04:56,Kiu Kan,78,0.06752927842840951,0,10,18,1,31375.933333333334,1108.65,1135.9333333333334,6,{'lifecycle:transition': 'complete'},deviant
134,Analyze Quotation Comparison Map,2011-01-22 12:47:01,2011-01-22 19:42:46,2011-01-22 19:58:46,Nico Ojenbeer,75,0.0646014355874575,0,7,19,1,31422.766666666666,789.7,1182.7666666666667,6,{'lifecycle:transition': 'complete'},deviant
134,Choose best option,2011-01-22 19:58:46,2011-01-22 20:12:07,2011-01-22 20:12:07,Penn Osterwalder,72,0.0,0,8,20,1,31452.116666666665,29.35,1212.1166666666666,6,{'lifecycle:transition': 'complete'},deviant
128,Create Quotation comparison Map,2011-01-22 07:34:01,2011-01-22 14:49:01,2011-01-22 20:41:01,Karel de Groot,79,0.4004533434076313,1,8,12,1,30963.533333333333,504.01666666666665,723.5333333333333,6,{'lifecycle:transition': 'complete'},deviant
140,Send Request for Quotation to Supplier,2011-01-22 01:45:47,2011-01-22 20:41:01,2011-01-22 20:55:01,Karel de Groot,78,0.07225160559123536,2,4,18,1,31364.316666666666,1296.2333333333333,1124.3166666666666,6,{'lifecycle:transition': 'complete'},deviant
135,Analyze Quotation Comparison Map,2011-01-22 14:16:01,2011-01-22 21:12:50,2011-01-22 21:45:50,Kim Passa,74,0.0646014355874575,0,6,21,1,31512.833333333332,804.85,1272.8333333333333,6,{'lifecycle:transition': 'complete'},deviant
135,Choose best option,2011-01-22 21:45:50,2011-01-22 22:07:00,2011-01-22 22:07:00,Nico Ojenbeer,72,0.0,0,7,22,1,31567.0,54.166666666666664,1327.0,6,{'lifecycle:transition': 'complete'},deviant
138,Analyze Quotation Comparison Map,2011-01-22 15:06:37,2011-01-22 21:56:07,2011-01-22 22:15:07,Fjodor Kowalski,74,0.0646014355874575,0,6,21,1,31556.116666666665,480.5,1316.1166666666666,6,{'lifecycle:transition': 'complete'},deviant
138,Choose best option,2011-01-22 22:15:07,2011-01-22 22:23:18,2011-01-22 22:23:18,Nico Ojenbeer,72,0.0,0,7,22,1,31583.3,27.183333333333334,1343.3,6,{'lifecycle:transition': 'complete'},deviant
170,Create Purchase Requisition,2011-01-22 22:35:00,2011-01-22 22:35:00,2011-01-22 23:20:00,Miu Hanwan,73,0.1258027956176804,0,1,22,1,31595.0,31595.0,1355.0,6,{'lifecycle:transition': 'complete'},deviant
159,Analyze Purchase Requisition,2011-01-21 15:42:00,2011-01-22 23:53:06,2011-01-23 00:00:06,Francis Odell,79,0.03333962976955043,0,2,23,1,31673.1,1971.1,1433.1,6,{'lifecycle:transition': 'complete'},regular
159,Create Request for Quotation,2011-01-23 00:00:06,2011-01-23 00:32:35,2011-01-23 00:35:35,Maris Freeman,73,0.04731771817151492,0,3,0,1,31712.583333333332,39.483333333333334,32.583333333333336,7,{'lifecycle:transition': 'complete'},regular
132,Settle Conditions With Supplier,2011-01-21 08:11:17,2011-01-22 13:14:45,2011-01-23 01:16:45,Francois de Perrier,78,0.8897808840196448,0,8,13,1,31034.75,1743.4666666666667,794.75,6,{'lifecycle:transition': 'complete'},regular
169,Create Request for Quotation,2011-01-22 15:55:00,2011-01-23 01:16:17,2011-01-23 01:28:17,Miu Hanwan,73,0.04731771817151492,0,2,1,1,31756.283333333333,616.2833333333333,76.28333333333333,7,{'lifecycle:transition': 'complete'},deviant
120,Send Request for Quotation to Supplier,2011-01-21 19:42:47,2011-01-23 01:16:45,2011-01-23 01:40:45,Francois de Perrier,80,0.07225160559123536,0,9,13,1,31043.35,1336.8,803.35,6,{'lifecycle:transition': 'complete'},deviant
160,Analyze Purchase Requisition,2011-01-21 16:59:00,2011-01-23 01:36:44,2011-01-23 01:41:44,Francis Odell,80,0.03333962976955043,0,2,1,1,31776.733333333334,1987.7333333333333,96.73333333333333,7,{'lifecycle:transition': 'complete'},deviant
133,Send Request for Quotation to Supplier,2011-01-22 05:26:45,2011-01-23 01:40:45,2011-01-23 02:13:45,Francois de Perrier,79,0.07225160559123536,0,7,22,1,31577.7,1032.95,1337.7,6,{'lifecycle:transition': 'complete'},deviant
160,Create Request for Quotation,2011-01-23 01:41:44,2011-01-23 02:14:21,2011-01-23 02:17:21,Francis Odell,73,0.04731771817151492,0,3,2,1,31814.35,37.61666666666667,134.35,7,{'lifecycle:transition': 'complete'},deviant
129,Settle Conditions With Supplier,2011-01-22 02:53:33,2011-01-22 17:39:26,2011-01-23 03:09:26,Magdalena Predutta,79,0.8897808840196448,0,8,17,1,31299.433333333334,885.8833333333333,1059.4333333333334,6,{'lifecycle:transition': 'complete'},deviant
141,Analyze Request for Quotation,2011-01-20 00:03:41,2011-01-23 03:09:26,2011-01-23 03:21:26,Magdalena Predutta,77,0.1774650547789951,0,4,1,1,31769.716666666667,4408.033333333334,89.71666666666667,7,{'lifecycle:transition': 'complete'},deviant
128,Analyze Quotation Comparison Map,2011-01-22 20:41:01,2011-01-23 03:35:52,2011-01-23 03:54:52,Anne Olwada,72,0.0646014355874575,0,9,3,1,31895.866666666665,932.3333333333334,215.86666666666667,7,{'lifecycle:transition': 'complete'},deviant
136,Send Request for Quotation to Supplier,2011-01-22 06:52:34,2011-01-23 03:46:25,2011-01-23 04:06:25,Magdalena Predutta,79,0.07225160559123536,0,5,3,1,31906.416666666668,1274.85,226.41666666666666,7,{'lifecycle:transition': 'complete'},deviant
128,Choose best option,2011-01-23 03:54:52,2011-01-23 04:22:50,2011-01-23 04:22:50,Nico Ojenbeer,73,0.0,0,10,4,1,31942.833333333332,46.96666666666667,262.8333333333333,7,{'lifecycle:transition': 'complete'},deviant
162,Analyze Purchase Requisition,2011-01-21 23:24:00,2011-01-23 07:35:06,2011-01-23 07:41:06,Heinz Gutschmidt,79,0.03333962976955043,0,2,7,1,32135.1,1937.1,455.1,7,{'lifecycle:transition': 'complete'},deviant
133,Create Quotation comparison Map,2011-01-23 02:13:45,2011-01-23 06:06:27,2011-01-23 07:46:27,Karel de Groot,73,0.4004533434076313,0,8,6,1,32046.45,468.75,366.45,7,{'lifecycle:transition': 'complete'},deviant
162,Create Request for Quotation,2011-01-23 07:41:06,2011-01-23 08:13:30,2011-01-23 08:15:30,Francis Odell,72,0.04731771817151492,0,3,8,1,32173.5,38.4,493.5,7,{'lifecycle:transition': 'complete'},deviant
120,Create Quotation comparison Map,2011-01-23 01:40:45,2011-01-23 05:11:09,2011-01-23 10:51:09,Francois de Perrier,73,0.4004533434076313,1,10,5,1,31991.15,947.8,311.15,7,{'lifecycle:transition': 'complete'},deviant
129,Create Purchase Order,2011-01-23 03:09:26,2011-01-23 13:31:09,2011-01-23 13:42:09,Karel de Groot,73,0.048073290517567056,0,9,13,1,32491.15,1191.7166666666667,811.15,7,{'lifecycle:transition': 'complete'},deviant
140,Create Quotation comparison Map,2011-01-22 20:55:01,2011-01-23 10:51:09,2011-01-23 14:03:09,Francois de Perrier,72,0.4004533434076313,1,5,5,1,31998.8,634.4833333333333,318.8,7,{'lifecycle:transition': 'complete'},deviant
122,Send Request for Quotation to Supplier,2011-01-22 13:43:15,2011-01-23 14:03:09,2011-01-23 14:36:09,Francois de Perrier,75,0.07225160559123536,1,10,6,1,32077.916666666668,1035.6666666666667,397.9166666666667,7,{'lifecycle:transition': 'complete'},deviant
142,Analyze Request for Quotation,2011-01-20 02:23:56,2011-01-23 14:36:09,2011-01-23 14:51:09,Francois de Perrier,78,0.1774650547789951,0,4,7,1,32119.666666666668,4616.733333333334,439.6666666666667,7,{'lifecycle:transition': 'complete'},deviant
133,Analyze Quotation Comparison Map,2011-01-23 07:46:27,2011-01-23 14:47:32,2011-01-23 14:53:32,Christian Francois,72,0.0646014355874575,0,9,14,1,32567.533333333333,521.0833333333334,887.5333333333333,7,{'lifecycle:transition': 'complete'},deviant
133,Choose best option,2011-01-23 14:53:32,2011-01-23 14:56:30,2011-01-23 14:56:30,Anna Kaufmann,70,0.0,0,10,14,1,32576.5,8.966666666666667,896.5,7,{'lifecycle:transition': 'complete'},deviant
127,Send Request for Quotation to Supplier,2011-01-22 13:10:11,2011-01-23 14:51:09,2011-01-23 15:17:09,Francois de Perrier,75,0.07225160559123536,0,8,7,1,32156.216666666667,1158.0333333333333,476.21666666666664,7,{'lifecycle:transition': 'complete'},regular
147,Analyze Request for Quotation,2011-01-20 17:03:49,2011-01-23 15:17:09,2011-01-23 15:34:09,Francois de Perrier,79,0.1774650547789951,0,3,11,1,32355.333333333332,3981.516666666667,675.3333333333334,7,{'lifecycle:transition': 'complete'},deviant
164,Analyze Purchase Requisition,2011-01-22 02:57:00,2011-01-23 17:01:49,2011-01-23 17:07:49,Francis Odell,79,0.03333962976955043,0,2,17,1,32701.816666666666,2328.8166666666666,1021.8166666666667,7,{'lifecycle:transition': 'complete'},deviant
134,Settle Conditions With Supplier,2011-01-22 20:12:07,2011-01-23 04:29:24,2011-01-23 17:33:24,Magdalena Predutta,72,0.8897808840196448,0,9,4,1,31949.4,497.28333333333336,269.4,7,{'lifecycle:transition': 'complete'},deviant
164,Create Request for Quotation,2011-01-23 17:07:49,2011-01-23 17:45:53,2011-01-23 17:47:53,Maris Freeman,69,0.04731771817151492,0,3,17,1,32745.883333333335,44.06666666666667,1065.8833333333334,7,{'lifecycle:transition': 'complete'},deviant
147,Amend Request for Quotation,2011-01-23 15:34:09,2011-01-23 17:45:22,2011-01-23 17:50:22,Esmana Liubiata,69,0.057329051756705704,0,4,17,1,32745.366666666665,390.03333333333336,1065.3666666666666,7,{'lifecycle:transition': 'complete'},deviant
171,Create Purchase Requisition,2011-01-23 17:59:00,2011-01-23 17:59:00,2011-01-23 18:11:00,Anna Kaufmann,70,0.1258027956176804,0,1,17,1,32759.0,32759.0,1079.0,7,{'lifecycle:transition': 'complete'},deviant
172,Create Purchase Requisition,2011-01-23 20:14:00,2011-01-23 20:14:00,2011-01-23 20:49:00,Tesca Lobes,71,0.1258027956176804,0,1,20,1,32894.0,32894.0,1214.0,7,{'lifecycle:transition': 'complete'},deviant
140,Analyze Quotation Comparison Map,2011-01-23 14:03:09,2011-01-23 21:01:32,2011-01-23 21:15:32,Anna Kaufmann,71,0.0646014355874575,0,6,21,1,32941.53333333333,942.7333333333333,1261.5333333333333,7,{'lifecycle:transition': 'complete'},deviant
140,Choose best option,2011-01-23 21:15:32,2011-01-23 21:19:52,2011-01-23 21:19:52,Tesca Lobes,71,0.0,0,7,21,1,32959.86666666667,18.333333333333332,1279.8666666666666,7,{'lifecycle:transition': 'complete'},deviant
136,Create Quotation comparison Map,2011-01-23 04:06:25,2011-01-23 17:33:24,2011-01-23 22:12:24,Magdalena Predutta,73,0.4004533434076313,0,6,7,1,32155.433333333334,249.01666666666668,475.43333333333334,7,{'lifecycle:transition': 'complete'},deviant
127,Create Quotation comparison Map,2011-01-23 15:17:09,2011-01-23 19:04:11,2011-01-23 23:07:11,Francois de Perrier,69,0.4004533434076313,1,9,19,1,32824.183333333334,667.9666666666667,1144.1833333333334,7,{'lifecycle:transition': 'complete'},regular
134,Create Purchase Order,2011-01-23 17:33:24,2011-01-24 01:08:43,2011-01-24 01:20:43,Karel de Groot,69,0.048073290517567056,0,10,1,1,33188.71666666667,1239.3166666666666,68.71666666666667,1,{'lifecycle:transition': 'complete'},deviant
135,Settle Conditions With Supplier,2011-01-22 22:07:00,2011-01-23 23:07:11,2011-01-24 05:41:11,Francois de Perrier,72,0.8897808840196448,1,8,19,1,32828.933333333334,1261.9333333333334,1148.9333333333334,7,{'lifecycle:transition': 'complete'},deviant
136,Analyze Quotation Comparison Map,2011-01-23 22:12:24,2011-01-24 05:11:36,2011-01-24 05:41:36,Penn Osterwalder,71,0.0646014355874575,0,7,5,1,33431.6,1276.1666666666667,311.6,1,{'lifecycle:transition': 'complete'},deviant
136,Choose best option,2011-01-24 05:41:36,2011-01-24 05:44:34,2011-01-24 05:44:34,Esmana Liubiata,70,0.0,0,8,5,1,33464.566666666666,32.96666666666667,344.56666666666666,1,{'lifecycle:transition': 'complete'},deviant
150,Analyze Request for Quotation,2011-01-22 06:44:21,2011-01-24 05:41:11,2011-01-24 05:53:11,Francois de Perrier,79,0.1774650547789951,0,4,5,1,33455.98333333333,2813.633333333333,335.98333333333335,1,{'lifecycle:transition': 'complete'},deviant
138,Settle Conditions With Supplier,2011-01-22 22:23:18,2011-01-23 22:12:24,2011-01-24 06:44:24,Magdalena Predutta,72,0.8897808840196448,0,8,9,1,32246.833333333332,663.5333333333333,566.8333333333334,7,{'lifecycle:transition': 'complete'},deviant
175,Create Purchase Requisition,2011-01-24 06:14:00,2011-01-24 06:14:00,2011-01-24 06:50:00,Elvira Lores,71,0.1258027956176804,0,1,6,1,33494.0,33494.0,374.0,1,{'lifecycle:transition': 'complete'},deviant
127,Analyze Quotation Comparison Map,2011-01-23 23:07:11,2011-01-24 06:16:04,2011-01-24 06:50:04,Fjodor Kowalski,71,0.0646014355874575,0,10,6,1,33496.066666666666,671.8833333333333,376.06666666666666,1,{'lifecycle:transition': 'complete'},regular
132,Create Purchase Order,2011-01-23 01:16:45,2011-01-24 06:44:24,2011-01-24 06:55:24,Magdalena Predutta,73,0.048073290517567056,0,9,13,1,32472.35,1437.6,792.35,7,{'lifecycle:transition': 'complete'},regular
145,Analyze Request for Quotation,2011-01-20 05:59:03,2011-01-24 06:55:24,2011-01-24 07:12:24,Magdalena Predutta,77,0.1774650547789951,0,4,13,1,32514.316666666666,4797.266666666666,834.3166666666667,7,{'lifecycle:transition': 'complete'},deviant
144,Analyze Request for Quotation,2011-01-20 06:10:13,2011-01-24 07:12:24,2011-01-24 07:12:24,Magdalena Predutta,77,0.1774650547789951,0,4,14,1,32541.133333333335,4813.916666666667,861.1333333333333,7,{'lifecycle:transition': 'complete'},deviant
129,Confirm Purchase Order,2011-01-23 13:42:09,2011-01-24 07:10:46,2011-01-24 07:26:46,Carmen Finacse,71,0.06752927842840951,0,10,7,1,33550.76666666667,1059.6166666666666,430.76666666666665,1,{'lifecycle:transition': 'complete'},deviant
176,Create Purchase Requisition,2011-01-24 06:41:00,2011-01-24 06:41:00,2011-01-24 07:32:00,Kim Passa,72,0.1258027956176804,0,1,6,1,33521.0,33521.0,401.0,1,{'lifecycle:transition': 'complete'},deviant
141,Send Request for Quotation to Supplier,2011-01-23 03:21:26,2011-01-24 07:12:24,2011-01-24 07:49:24,Magdalena Predutta,73,0.07225160559123536,0,5,0,1,33142.066666666666,1372.35,22.066666666666666,1,{'lifecycle:transition': 'complete'},deviant
145,Amend Request for Quotation,2011-01-24 07:12:24,2011-01-24 07:45:27,2011-01-24 07:54:27,Clement Duchot,71,0.057329051756705704,0,5,7,1,33585.45,1071.1333333333334,465.45,1,{'lifecycle:transition': 'complete'},deviant
144,Amend Request for Quotation,2011-01-24 07:12:24,2011-01-24 07:45:29,2011-01-24 07:56:29,Penn Osterwalder,71,0.057329051756705704,0,5,7,1,33585.48333333333,1044.35,465.48333333333335,1,{'lifecycle:transition': 'complete'},deviant
158,Analyze Request for Quotation,2011-01-22 00:02:18,2011-01-24 07:49:24,2011-01-24 08:04:24,Magdalena Predutta,78,0.1774650547789951,0,3,5,1,33462.433333333334,3228.133333333333,342.43333333333334,1,{'lifecycle:transition': 'complete'},deviant
170,Analyze Purchase Requisition,2011-01-22 23:20:00,2011-01-24 10:38:21,2011-01-24 10:43:21,Francis Odell,73,0.03333962976955043,0,2,10,1,33758.35,2163.35,638.35,1,{'lifecycle:transition': 'complete'},deviant
170,Create Request for Quotation,2011-01-24 10:43:21,2011-01-24 11:16:38,2011-01-24 11:18:38,Heinz Gutschmidt,70,0.04731771817151492,0,3,11,1,33796.63333333333,38.28333333333333,676.6333333333333,1,{'lifecycle:transition': 'complete'},deviant
141,Create Quotation comparison Map,2011-01-24 07:49:24,2011-01-24 09:08:11,2011-01-24 12:54:11,Karel de Groot,70,0.4004533434076313,0,6,9,1,33668.183333333334,526.1166666666667,548.1833333333333,1,{'lifecycle:transition': 'complete'},deviant
140,Settle Conditions With Supplier,2011-01-23 21:19:52,2011-01-24 06:19:22,2011-01-24 13:12:22,Francois de Perrier,71,0.8897808840196448,1,8,6,1,33499.36666666667,539.5,379.3666666666667,1,{'lifecycle:transition': 'complete'},deviant
146,Analyze Request for Quotation,2011-01-21 21:22:55,2011-01-24 12:54:11,2011-01-24 13:19:11,Karel de Groot,80,0.1774650547789951,2,4,12,1,33851.8,3771.883333333333,731.8,1,{'lifecycle:transition': 'complete'},regular
154,Analyze Request for Quotation,2011-01-21 10:42:58,2011-01-24 13:12:22,2011-01-24 13:48:22,Francois de Perrier,79,0.1774650547789951,0,3,6,1,33523.25,4090.2833333333333,403.25,1,{'lifecycle:transition': 'complete'},deviant
142,Send Request for Quotation to Supplier,2011-01-23 14:51:09,2011-01-24 13:48:22,2011-01-24 14:03:22,Francois de Perrier,70,0.07225160559123536,2,5,12,1,33872.8,1753.1333333333334,752.8,1,{'lifecycle:transition': 'complete'},deviant
156,Analyze Request for Quotation,2011-01-22 18:00:42,2011-01-24 14:03:22,2011-01-24 14:30:22,Francois de Perrier,73,0.1774650547789951,1,4,12,1,33878.683333333334,2560.983333333333,758.6833333333333,1,{'lifecycle:transition': 'complete'},deviant
135,Create Purchase Order,2011-01-24 05:41:11,2011-01-24 14:30:22,2011-01-24 14:39:22,Francois de Perrier,70,0.048073290517567056,1,9,13,1,33908.833333333336,1079.9,788.8333333333334,1,{'lifecycle:transition': 'complete'},deviant
159,Analyze Request for Quotation,2011-01-23 00:35:35,2011-01-24 14:39:22,2011-01-24 14:53:22,Francois de Perrier,73,0.1774650547789951,2,4,13,1,33916.933333333334,2204.35,796.9333333333333,1,{'lifecycle:transition': 'complete'},regular
157,Analyze Request for Quotation,2011-01-22 18:51:42,2011-01-24 14:53:22,2011-01-24 15:03:22,Francois de Perrier,73,0.1774650547789951,1,4,13,1,33929.683333333334,2559.983333333333,809.6833333333333,1,{'lifecycle:transition': 'complete'},deviant
156,Amend Request for Quotation,2011-01-24 14:30:22,2011-01-24 14:55:48,2011-01-24 15:03:48,Penn Osterwalder,70,0.057329051756705704,0,5,14,1,34015.8,137.11666666666667,895.8,1,{'lifecycle:transition': 'complete'},deviant
138,Create Purchase Order,2011-01-24 06:44:24,2011-01-24 15:03:22,2011-01-24 15:13:22,Francois de Perrier,72,0.048073290517567056,1,9,14,1,34006.4,1759.5666666666666,886.4,1,{'lifecycle:transition': 'complete'},deviant
159,Amend Request for Quotation,2011-01-24 14:53:22,2011-01-24 15:21:56,2011-01-24 15:27:56,Christian Francois,70,0.057329051756705704,0,5,15,1,34041.933333333334,125.0,921.9333333333333,1,{'lifecycle:transition': 'complete'},regular
169,Analyze Request for Quotation,2011-01-23 01:28:17,2011-01-24 15:07:09,2011-01-24 15:29:09,Magdalena Predutta,73,0.1774650547789951,0,3,15,1,34027.15,2270.866666666667,907.15,1,{'lifecycle:transition': 'complete'},deviant
157,Amend Request for Quotation,2011-01-24 15:03:22,2011-01-24 15:29:15,2011-01-24 15:37:15,Fjodor Kowalski,70,0.057329051756705704,0,5,15,1,34049.25,119.56666666666666,929.25,1,{'lifecycle:transition': 'complete'},deviant
154,Amend Request for Quotation,2011-01-24 13:48:22,2011-01-24 15:33:36,2011-01-24 15:46:36,Maris Freeman,70,0.057329051756705704,0,4,15,1,34053.6,530.35,933.6,1,{'lifecycle:transition': 'complete'},deviant
179,Create Purchase Requisition,2011-01-24 16:54:00,2011-01-24 16:54:00,2011-01-24 17:35:00,Alberto Duport,71,0.1258027956176804,0,1,16,1,34134.0,34134.0,1014.0,1,{'lifecycle:transition': 'complete'},regular
155,Analyze Request for Quotation,2011-01-21 20:54:17,2011-01-24 17:05:41,2011-01-24 17:35:41,Magdalena Predutta,80,0.1774650547789951,0,3,17,1,34145.683333333334,4097.4,1025.6833333333334,1,{'lifecycle:transition': 'complete'},regular
152,Analyze Request for Quotation,2011-01-22 01:31:40,2011-01-24 17:35:41,2011-01-24 17:56:41,Magdalena Predutta,78,0.1774650547789951,0,4,17,1,34156.25,3825.5833333333335,1036.25,1,{'lifecycle:transition': 'complete'},deviant
180,Create Purchase Requisition,2011-01-24 17:16:00,2011-01-24 17:16:00,2011-01-24 18:12:00,Elvira Lores,72,0.1258027956176804,0,1,17,1,34156.0,34156.0,1036.0,1,{'lifecycle:transition': 'complete'},regular
152,Amend Request for Quotation,2011-01-24 17:56:41,2011-01-24 18:22:32,2011-01-24 18:29:32,Kim Passa,72,0.057329051756705704,0,5,18,1,34222.53333333333,66.28333333333333,1102.5333333333333,1,{'lifecycle:transition': 'complete'},deviant
155,Amend Request for Quotation,2011-01-24 17:35:41,2011-01-24 19:33:38,2011-01-24 19:40:38,Immanuel Karagianni,72,0.057329051756705704,0,4,19,1,34293.63333333333,147.95,1173.6333333333334,1,{'lifecycle:transition': 'complete'},regular
141,Analyze Quotation Comparison Map,2011-01-24 12:54:11,2011-01-24 19:48:30,2011-01-24 20:10:30,Miu Hanwan,70,0.0646014355874575,0,7,19,1,34308.5,640.3166666666667,1188.5,1,{'lifecycle:transition': 'complete'},deviant
141,Choose best option,2011-01-24 20:10:30,2011-01-24 20:13:11,2011-01-24 20:13:11,Alberto Duport,73,0.0,0,8,20,1,34333.183333333334,24.683333333333334,1213.1833333333334,1,{'lifecycle:transition': 'complete'},deviant
183,Create Purchase Requisition,2011-01-24 20:27:00,2011-01-24 20:27:00,2011-01-24 20:49:00,Nico Ojenbeer,74,0.1258027956176804,0,1,20,1,34347.0,34347.0,1227.0,1,{'lifecycle:transition': 'complete'},deviant
182,Create Purchase Requisition,2011-01-24 20:06:00,2011-01-24 20:06:00,2011-01-24 20:52:00,Fjodor Kowalski,73,0.1258027956176804,0,1,20,1,34326.0,34326.0,1206.0,1,{'lifecycle:transition': 'complete'},regular
171,Analyze Purchase Requisition,2011-01-23 18:11:00,2011-01-24 20:47:21,2011-01-24 20:54:21,Maris Freeman,70,0.03333962976955043,0,2,20,1,34367.35,1608.35,1247.35,1,{'lifecycle:transition': 'complete'},deviant
171,Create Request for Quotation,2011-01-24 20:54:21,2011-01-24 21:22:17,2011-01-24 21:24:17,Maris Freeman,74,0.04731771817151492,0,3,21,1,34402.28333333333,34.93333333333333,1282.2833333333333,1,{'lifecycle:transition': 'complete'},deviant
147,Analyze Request for Quotation,2011-01-23 17:50:22,2011-01-24 23:20:10,2011-01-24 23:28:10,Karel de Groot,69,0.1774650547789951,0,5,23,1,34520.166666666664,1774.8,1400.1666666666667,1,{'lifecycle:transition': 'complete'},deviant
172,Analyze Purchase Requisition,2011-01-23 20:49:00,2011-01-24 23:36:55,2011-01-24 23:44:55,Heinz Gutschmidt,71,0.03333962976955043,0,2,23,1,34536.916666666664,1642.9166666666667,1416.9166666666667,1,{'lifecycle:transition': 'complete'},deviant
160,Analyze Request for Quotation,2011-01-23 02:17:21,2011-01-24 23:38:47,2011-01-25 00:12:47,Magdalena Predutta,73,0.1774650547789951,1,4,23,1,34538.78333333333,2724.4333333333334,1418.7833333333333,1,{'lifecycle:transition': 'complete'},deviant
185,Create Purchase Requisition,2011-01-24 23:36:00,2011-01-24 23:36:00,2011-01-25 00:24:00,Penn Osterwalder,75,0.1258027956176804,0,1,23,1,34536.0,34536.0,1416.0,1,{'lifecycle:transition': 'complete'},deviant
186,Create Purchase Requisition,2011-01-25 00:57:00,2011-01-25 00:57:00,2011-01-25 01:10:00,Esmana Liubiata,74,0.1258027956176804,0,1,0,1,34617.0,34617.0,57.0,2,{'lifecycle:transition': 'complete'},deviant
153,Analyze Request for Quotation,2011-01-22 09:37:40,2011-01-25 01:07:52,2011-01-25 01:39:52,Magdalena Predutta,76,0.1774650547789951,0,4,1,1,34627.86666666667,3811.2,67.86666666666666,2,{'lifecycle:transition': 'complete'},deviant
169,Send Request for Quotation to Supplier,2011-01-24 15:29:09,2011-01-25 01:39:52,2011-01-25 02:04:52,Magdalena Predutta,70,0.07225160559123536,0,4,1,1,34647.933333333334,620.7833333333333,87.93333333333334,2,{'lifecycle:transition': 'complete'},deviant
132,Confirm Purchase Order,2011-01-24 06:55:24,2011-01-25 01:53:48,2011-01-25 02:11:48,Kiu Kan,71,0.06752927842840951,0,10,1,1,34673.8,2201.45,113.8,2,{'lifecycle:transition': 'complete'},regular
153,Amend Request for Quotation,2011-01-25 01:39:52,2011-01-25 02:15:50,2011-01-25 02:24:50,Miu Hanwan,74,0.057329051756705704,0,5,2,1,34695.833333333336,67.96666666666667,135.83333333333334,2,{'lifecycle:transition': 'complete'},deviant
188,Create Purchase Requisition,2011-01-25 02:18:00,2011-01-25 02:18:00,2011-01-25 02:38:00,Alberto Duport,74,0.1258027956176804,0,1,2,1,34698.0,34698.0,138.0,2,{'lifecycle:transition': 'complete'},deviant
158,Send Request for Quotation to Supplier,2011-01-24 08:04:24,2011-01-25 02:24:53,2011-01-25 02:48:53,Karel de Groot,70,0.07225160559123536,0,4,2,1,34704.88333333333,1242.45,144.88333333333333,2,{'lifecycle:transition': 'complete'},deviant
136,Settle Conditions With Supplier,2011-01-24 05:44:34,2011-01-24 15:13:22,2011-01-25 03:11:22,Francois de Perrier,70,0.8897808840196448,0,9,14,1,34017.88333333333,553.3166666666667,897.8833333333333,1,{'lifecycle:transition': 'complete'},deviant
142,Create Quotation comparison Map,2011-01-24 14:03:22,2011-01-25 03:11:22,2011-01-25 05:45:22,Francois de Perrier,70,0.4004533434076313,4,6,15,1,34050.566666666666,177.76666666666668,930.5666666666667,1,{'lifecycle:transition': 'complete'},deviant
140,Create Purchase Order,2011-01-24 13:12:22,2011-01-25 05:45:22,2011-01-25 05:52:22,Francois de Perrier,70,0.048073290517567056,4,9,19,1,34292.03333333333,792.6666666666666,1172.0333333333333,1,{'lifecycle:transition': 'complete'},deviant
149,Analyze Request for Quotation,2011-01-22 02:35:12,2011-01-25 05:52:22,2011-01-25 06:10:22,Francois de Perrier,79,0.1774650547789951,0,4,19,1,34299.5,3906.3,1179.5,1,{'lifecycle:transition': 'complete'},deviant
179,Create Request for Quotation,2011-01-24 17:35:00,2011-01-25 06:08:22,2011-01-25 06:16:22,Christian Francois,72,0.04731771817151492,0,2,6,1,34928.36666666667,794.3666666666667,368.3666666666667,2,{'lifecycle:transition': 'complete'},regular
162,Analyze Request for Quotation,2011-01-23 08:15:30,2011-01-25 06:10:22,2011-01-25 06:29:22,Francois de Perrier,72,0.1774650547789951,4,4,20,1,34354.71666666667,2181.2166666666667,1234.7166666666667,1,{'lifecycle:transition': 'complete'},deviant
149,Amend Request for Quotation,2011-01-25 06:10:22,2011-01-25 06:47:28,2011-01-25 06:56:28,Kim Passa,74,0.057329051756705704,0,5,6,1,34967.46666666667,667.9666666666667,407.46666666666664,2,{'lifecycle:transition': 'complete'},deviant
150,Send Request for Quotation to Supplier,2011-01-24 05:53:11,2011-01-25 06:29:22,2011-01-25 06:58:22,Francois de Perrier,70,0.07225160559123536,0,5,1,1,34655.01666666667,1199.0333333333333,95.01666666666667,2,{'lifecycle:transition': 'complete'},deviant
164,Analyze Request for Quotation,2011-01-23 17:47:53,2011-01-25 06:46:59,2011-01-25 06:59:59,Magdalena Predutta,69,0.1774650547789951,4,4,6,1,34966.98333333333,2221.1,406.98333333333335,2,{'lifecycle:transition': 'complete'},deviant
189,Create Purchase Requisition,2011-01-25 07:28:00,2011-01-25 07:28:00,2011-01-25 07:38:00,Nico Ojenbeer,75,0.1258027956176804,0,1,7,1,35008.0,35008.0,448.0,2,{'lifecycle:transition': 'complete'},deviant
191,Create Purchase Requisition,2011-01-25 09:03:00,2011-01-25 09:03:00,2011-01-25 09:28:00,Nico Ojenbeer,76,0.1258027956176804,0,1,9,1,35103.0,35103.0,543.0,2,{'lifecycle:transition': 'complete'},regular
135,Confirm Purchase Order,2011-01-24 14:39:22,2011-01-25 09:13:29,2011-01-25 09:31:29,Esmeralda Clay,70,0.06752927842840951,0,10,9,1,35113.48333333333,1204.65,553.4833333333333,2,{'lifecycle:transition': 'complete'},deviant
138,Confirm Purchase Order,2011-01-24 15:13:22,2011-01-25 09:37:40,2011-01-25 09:48:40,Kiu Kan,70,0.06752927842840951,0,10,9,1,35137.666666666664,1131.2666666666667,577.6666666666666,2,{'lifecycle:transition': 'complete'},deviant
176,Analyze Purchase Requisition,2011-01-24 07:32:00,2011-01-25 09:48:55,2011-01-25 09:56:55,Maris Freeman,70,0.03333962976955043,0,2,9,1,35148.916666666664,1627.9166666666667,588.9166666666666,2,{'lifecycle:transition': 'complete'},deviant
176,Create Request for Quotation,2011-01-25 09:56:55,2011-01-25 10:17:56,2011-01-25 10:18:56,Heinz Gutschmidt,74,0.04731771817151492,0,3,10,1,35177.933333333334,29.016666666666666,617.9333333333333,2,{'lifecycle:transition': 'complete'},deviant
175,Analyze Purchase Requisition,2011-01-24 06:50:00,2011-01-25 10:25:06,2011-01-25 10:32:06,Heinz Gutschmidt,72,0.03333962976955043,0,2,10,1,35185.1,1691.1,625.1,2,{'lifecycle:transition': 'complete'},deviant
193,Create Purchase Requisition,2011-01-25 10:42:00,2011-01-25 10:42:00,2011-01-25 11:01:00,Anne Olwada,75,0.1258027956176804,0,1,10,1,35202.0,35202.0,642.0,2,{'lifecycle:transition': 'complete'},deviant
192,Create Purchase Requisition,2011-01-25 10:21:00,2011-01-25 10:21:00,2011-01-25 11:02:00,Clement Duchot,75,0.1258027956176804,0,1,10,1,35181.0,35181.0,621.0,2,{'lifecycle:transition': 'complete'},deviant
158,Create Quotation comparison Map,2011-01-25 02:48:53,2011-01-25 07:35:13,2011-01-25 11:58:13,Magdalena Predutta,74,0.4004533434076313,0,5,7,1,35015.21666666667,310.3333333333333,455.21666666666664,2,{'lifecycle:transition': 'complete'},deviant
142,Analyze Quotation Comparison Map,2011-01-25 05:45:22,2011-01-25 12:38:47,2011-01-25 12:54:47,Penn Osterwalder,74,0.0646014355874575,0,7,12,1,35318.78333333333,1268.2166666666667,758.7833333333333,2,{'lifecycle:transition': 'complete'},deviant
170,Analyze Request for Quotation,2011-01-24 11:18:38,2011-01-25 12:27:11,2011-01-25 13:04:11,Francois de Perrier,70,0.1774650547789951,1,4,12,1,35307.183333333334,1510.55,747.1833333333333,2,{'lifecycle:transition': 'complete'},deviant
142,Choose best option,2011-01-25 12:54:47,2011-01-25 13:10:25,2011-01-25 13:10:25,Alberto Duport,75,0.0,0,8,13,1,35350.416666666664,31.633333333333333,790.4166666666666,2,{'lifecycle:transition': 'complete'},deviant
195,Create Purchase Requisition,2011-01-25 14:50:00,2011-01-25 14:50:00,2011-01-25 14:57:00,Fjodor Kowalski,76,0.1258027956176804,0,1,14,1,35450.0,35450.0,890.0,2,{'lifecycle:transition': 'complete'},deviant
141,Settle Conditions With Supplier,2011-01-24 20:13:11,2011-01-25 06:08:16,2011-01-25 16:20:16,Karel de Groot,73,0.8897808840196448,0,9,6,1,34928.26666666667,595.0833333333334,368.26666666666665,2,{'lifecycle:transition': 'complete'},deviant
150,Create Quotation comparison Map,2011-01-25 06:58:22,2011-01-25 11:58:13,2011-01-25 16:40:13,Magdalena Predutta,74,0.4004533434076313,0,6,8,1,35092.933333333334,437.9166666666667,532.9333333333333,2,{'lifecycle:transition': 'complete'},deviant
188,Create Request for Quotation,2011-01-25 02:38:00,2011-01-25 16:42:26,2011-01-25 16:55:26,Immanuel Karagianni,74,0.04731771817151492,0,2,16,1,35562.433333333334,864.4333333333333,1002.4333333333333,2,{'lifecycle:transition': 'complete'},deviant
146,Send Request for Quotation to Supplier,2011-01-24 13:19:11,2011-01-25 16:40:13,2011-01-25 17:00:13,Magdalena Predutta,70,0.07225160559123536,0,5,9,1,35148.4,1296.6,588.4,2,{'lifecycle:transition': 'complete'},regular
144,Analyze Request for Quotation,2011-01-24 07:56:29,2011-01-25 17:00:13,2011-01-25 17:20:13,Magdalena Predutta,70,0.1774650547789951,0,6,12,1,35323.73333333333,1738.25,763.7333333333333,2,{'lifecycle:transition': 'complete'},deviant
144,Amend Request for Quotation,2011-01-25 17:20:13,2011-01-25 17:42:35,2011-01-25 17:53:35,Kim Passa,76,0.057329051756705704,0,7,17,1,35622.583333333336,298.85,1062.5833333333333,2,{'lifecycle:transition': 'complete'},deviant
169,Create Quotation comparison Map,2011-01-25 02:04:52,2011-01-25 16:20:16,2011-01-25 17:58:16,Karel de Groot,74,0.4004533434076313,0,5,7,1,35035.066666666666,387.1333333333333,475.06666666666666,2,{'lifecycle:transition': 'complete'},deviant
136,Create Purchase Order,2011-01-25 03:11:22,2011-01-25 17:58:16,2011-01-25 18:09:16,Karel de Groot,74,0.048073290517567056,0,10,10,1,35210.183333333334,1192.3,650.1833333333333,2,{'lifecycle:transition': 'complete'},deviant
145,Analyze Request for Quotation,2011-01-24 07:54:27,2011-01-25 18:09:16,2011-01-25 18:34:16,Karel de Groot,70,0.1774650547789951,0,6,12,1,35306.65,1721.2,746.65,2,{'lifecycle:transition': 'complete'},deviant
158,Analyze Quotation Comparison Map,2011-01-25 11:58:13,2011-01-25 18:49:31,2011-01-25 19:07:31,Fjodor Kowalski,75,0.0646014355874575,0,6,18,1,35689.51666666667,674.3,1129.5166666666667,2,{'lifecycle:transition': 'complete'},deviant
156,Analyze Request for Quotation,2011-01-24 15:03:48,2011-01-25 18:34:16,2011-01-25 19:10:16,Karel de Groot,70,0.1774650547789951,0,6,14,1,35436.8,1421.0,876.8,2,{'lifecycle:transition': 'complete'},deviant
158,Choose best option,2011-01-25 19:07:31,2011-01-25 19:17:14,2011-01-25 19:17:14,Penn Osterwalder,75,0.0,0,7,19,1,35717.23333333333,27.716666666666665,1157.2333333333333,2,{'lifecycle:transition': 'complete'},deviant
154,Analyze Request for Quotation,2011-01-24 15:46:36,2011-01-25 19:19:20,2011-01-25 19:30:20,Magdalena Predutta,70,0.1774650547789951,0,5,19,1,35719.333333333336,1665.7333333333333,1159.3333333333333,2,{'lifecycle:transition': 'complete'},deviant
156,Amend Request for Quotation,2011-01-25 19:10:16,2011-01-25 19:31:11,2011-01-25 19:45:11,Alberto Duport,75,0.057329051756705704,0,7,19,1,35731.183333333334,294.3833333333333,1171.1833333333334,2,{'lifecycle:transition': 'complete'},deviant
157,Analyze Request for Quotation,2011-01-24 15:37:15,2011-01-25 19:10:16,2011-01-25 19:46:16,Karel de Groot,70,0.1774650547789951,0,6,14,1,35444.6,1395.35,884.6,2,{'lifecycle:transition': 'complete'},deviant
159,Analyze Request for Quotation,2011-01-24 15:27:56,2011-01-25 19:46:16,2011-01-25 20:02:16,Karel de Groot,70,0.1774650547789951,0,6,16,1,35547.51666666667,1505.5833333333333,987.5166666666667,2,{'lifecycle:transition': 'complete'},regular
147,Send Request for Quotation to Supplier,2011-01-24 23:28:10,2011-01-25 20:02:16,2011-01-25 20:25:16,Karel de Groot,74,0.07225160559123536,0,6,18,1,35691.46666666667,1171.3,1131.4666666666667,2,{'lifecycle:transition': 'complete'},deviant
159,Amend Request for Quotation,2011-01-25 20:02:16,2011-01-25 20:28:34,2011-01-25 20:40:34,Miu Hanwan,74,0.057329051756705704,0,7,20,1,35788.566666666666,241.05,1228.5666666666666,2,{'lifecycle:transition': 'complete'},regular
180,Analyze Purchase Requisition,2011-01-24 18:12:00,2011-01-25 21:19:20,2011-01-25 21:23:20,Francis Odell,72,0.03333962976955043,0,2,21,1,35839.333333333336,1683.3333333333333,1279.3333333333333,2,{'lifecycle:transition': 'complete'},regular
180,Create Request for Quotation,2011-01-25 21:23:20,2011-01-25 21:45:14,2011-01-25 21:48:14,Maris Freeman,74,0.04731771817151492,0,3,21,1,35865.23333333333,25.9,1305.2333333333333,2,{'lifecycle:transition': 'complete'},regular
189,Create Request for Quotation,2011-01-25 07:38:00,2011-01-25 22:25:09,2011-01-25 22:35:09,Penn Osterwalder,75,0.04731771817151492,0,2,22,1,35905.15,897.15,1345.15,2,{'lifecycle:transition': 'complete'},deviant
197,Create Purchase Requisition,2011-01-25 23:13:00,2011-01-25 23:13:00,2011-01-25 23:47:00,Kim Passa,75,0.1258027956176804,0,1,23,1,35953.0,35953.0,1393.0,2,{'lifecycle:transition': 'complete'},deviant
150,Analyze Quotation Comparison Map,2011-01-25 16:40:13,2011-01-25 23:27:03,2011-01-25 23:52:03,Fjodor Kowalski,76,0.0646014355874575,0,7,23,1,35967.05,874.1166666666667,1407.05,2,{'lifecycle:transition': 'complete'},deviant
150,Choose best option,2011-01-25 23:52:03,2011-01-25 23:59:49,2011-01-25 23:59:49,Elvira Lores,75,0.0,0,8,23,1,35999.816666666666,32.766666666666666,1439.8166666666666,2,{'lifecycle:transition': 'complete'},deviant
169,Analyze Quotation Comparison Map,2011-01-25 17:58:16,2011-01-26 00:54:54,2011-01-26 01:05:54,Kim Passa,76,0.0646014355874575,0,6,0,1,36054.9,1019.8333333333334,54.9,3,{'lifecycle:transition': 'complete'},deviant
146,Create Quotation comparison Map,2011-01-25 17:00:13,2011-01-25 20:13:59,2011-01-26 01:06:59,Magdalena Predutta,76,0.4004533434076313,1,6,20,1,35773.98333333333,625.5833333333334,1213.9833333333333,2,{'lifecycle:transition': 'complete'},regular
169,Choose best option,2011-01-26 01:05:54,2011-01-26 01:17:39,2011-01-26 01:17:39,Tesca Lobes,75,0.0,0,7,1,1,36077.65,22.75,77.65,3,{'lifecycle:transition': 'complete'},deviant
152,Analyze Request for Quotation,2011-01-24 18:29:32,2011-01-26 01:06:59,2011-01-26 01:32:59,Magdalena Predutta,72,0.1774650547789951,0,6,20,1,35777.183333333334,1554.65,1217.1833333333334,2,{'lifecycle:transition': 'complete'},deviant
140,Confirm Purchase Order,2011-01-25 05:52:22,2011-01-26 01:48:00,2011-01-26 01:53:00,Sean Manney,74,0.06752927842840951,0,10,1,1,36108.0,1815.9666666666667,108.0,3,{'lifecycle:transition': 'complete'},deviant
152,Amend Request for Quotation,2011-01-26 01:32:59,2011-01-26 01:50:25,2011-01-26 01:57:25,Miu Hanwan,75,0.057329051756705704,0,7,1,1,36110.416666666664,333.23333333333335,110.41666666666667,3,{'lifecycle:transition': 'complete'},deviant
185,Analyze Purchase Requisition,2011-01-25 00:24:00,2011-01-26 02:00:42,2011-01-26 02:04:42,Francis Odell,73,0.03333962976955043,0,2,2,1,36120.7,1584.7,120.7,3,{'lifecycle:transition': 'complete'},deviant
185,Create Request for Quotation,2011-01-26 02:04:42,2011-01-26 02:32:43,2011-01-26 02:33:43,Heinz Gutschmidt,74,0.04731771817151492,0,3,2,1,36152.71666666667,32.016666666666666,152.71666666666667,3,{'lifecycle:transition': 'complete'},deviant
193,Create Request for Quotation,2011-01-25 11:01:00,2011-01-26 02:59:26,2011-01-26 03:07:26,Christian Francois,75,0.04731771817151492,0,2,2,1,36179.433333333334,977.4333333333333,179.43333333333334,3,{'lifecycle:transition': 'complete'},deviant
142,Settle Conditions With Supplier,2011-01-25 13:10:25,2011-01-25 21:48:07,2011-01-26 03:31:07,Karel de Groot,75,0.8897808840196448,3,9,21,1,35868.11666666667,517.7,1308.1166666666666,2,{'lifecycle:transition': 'complete'},deviant
155,Analyze Request for Quotation,2011-01-24 19:40:38,2011-01-26 03:31:07,2011-01-26 03:58:07,Karel de Groot,72,0.1774650547789951,0,5,22,1,35928.48333333333,1634.85,1368.4833333333333,2,{'lifecycle:transition': 'complete'},regular
141,Create Purchase Order,2011-01-25 16:20:16,2011-01-26 03:58:07,2011-01-26 04:10:07,Karel de Groot,76,0.048073290517567056,5,10,23,1,35959.21666666667,1030.95,1399.2166666666667,2,{'lifecycle:transition': 'complete'},deviant
155,Amend Request for Quotation,2011-01-26 03:58:07,2011-01-26 04:14:29,2011-01-26 04:24:29,Christian Francois,74,0.057329051756705704,0,6,4,1,36254.48333333333,326.0,254.48333333333332,3,{'lifecycle:transition': 'complete'},regular
164,Send Request for Quotation to Supplier,2011-01-25 06:59:59,2011-01-26 04:04:34,2011-01-26 04:24:34,Francois de Perrier,74,0.07225160559123536,0,5,4,1,36244.566666666666,1277.5833333333333,244.56666666666666,3,{'lifecycle:transition': 'complete'},deviant
182,Analyze Purchase Requisition,2011-01-24 20:52:00,2011-01-26 04:20:04,2011-01-26 04:26:04,Maris Freeman,74,0.03333962976955043,0,2,4,1,36260.066666666666,1934.0666666666666,260.06666666666666,3,{'lifecycle:transition': 'complete'},regular
183,Analyze Purchase Requisition,2011-01-24 20:49:00,2011-01-26 04:29:34,2011-01-26 04:36:34,Francis Odell,74,0.03333962976955043,0,2,4,1,36269.566666666666,1922.5666666666666,269.56666666666666,3,{'lifecycle:transition': 'complete'},deviant
182,Create Request for Quotation,2011-01-26 04:26:04,2011-01-26 04:47:53,2011-01-26 04:48:53,Maris Freeman,73,0.04731771817151492,0,3,4,1,36287.88333333333,27.816666666666666,287.8833333333333,3,{'lifecycle:transition': 'complete'},regular
183,Create Request for Quotation,2011-01-26 04:36:34,2011-01-26 04:58:24,2011-01-26 05:01:24,Heinz Gutschmidt,73,0.04731771817151492,0,3,4,1,36298.4,28.833333333333332,298.4,3,{'lifecycle:transition': 'complete'},deviant
195,Create Request for Quotation,2011-01-25 14:57:00,2011-01-26 05:53:32,2011-01-26 06:02:32,Fjodor Kowalski,76,0.04731771817151492,0,2,5,1,36353.53333333333,903.5333333333333,353.53333333333336,3,{'lifecycle:transition': 'complete'},deviant
147,Create Quotation comparison Map,2011-01-25 20:25:16,2011-01-26 04:10:07,2011-01-26 06:08:07,Karel de Groot,74,0.4004533434076313,0,7,0,1,36054.85,363.3833333333333,54.85,3,{'lifecycle:transition': 'complete'},deviant
162,Send Request for Quotation to Supplier,2011-01-25 06:29:22,2011-01-26 06:08:07,2011-01-26 06:29:07,Karel de Groot,74,0.07225160559123536,0,5,2,1,36161.61666666667,1806.9,161.61666666666667,3,{'lifecycle:transition': 'complete'},deviant
199,Create Purchase Requisition,2011-01-26 05:48:00,2011-01-26 05:48:00,2011-01-26 06:37:00,Anne Olwada,74,0.1258027956176804,0,1,5,1,36348.0,36348.0,348.0,3,{'lifecycle:transition': 'complete'},deviant
186,Analyze Purchase Requisition,2011-01-25 01:10:00,2011-01-26 07:20:47,2011-01-26 07:27:47,Maris Freeman,74,0.03333962976955043,0,2,7,1,36440.78333333333,1823.7833333333333,440.78333333333336,3,{'lifecycle:transition': 'complete'},deviant
200,Create Purchase Requisition,2011-01-26 07:23:00,2011-01-26 07:23:00,2011-01-26 07:37:00,Kim Passa,75,0.1258027956176804,0,1,7,1,36443.0,36443.0,443.0,3,{'lifecycle:transition': 'complete'},deviant
186,Create Request for Quotation,2011-01-26 07:27:47,2011-01-26 07:56:58,2011-01-26 07:58:58,Francis Odell,75,0.04731771817151492,0,3,7,1,36476.96666666667,36.18333333333333,476.96666666666664,3,{'lifecycle:transition': 'complete'},deviant
146,Analyze Quotation Comparison Map,2011-01-26 01:06:59,2011-01-26 07:56:36,2011-01-26 08:14:36,Alberto Duport,75,0.0646014355874575,0,7,7,1,36476.6,702.6166666666667,476.6,3,{'lifecycle:transition': 'complete'},regular
146,Choose best option,2011-01-26 08:14:36,2011-01-26 08:22:29,2011-01-26 08:22:29,Fjodor Kowalski,75,0.0,0,8,8,1,36502.48333333333,25.883333333333333,502.48333333333335,3,{'lifecycle:transition': 'complete'},regular
170,Send Request for Quotation to Supplier,2011-01-25 13:04:11,2011-01-26 09:29:40,2011-01-26 09:50:40,Karel de Groot,75,0.07225160559123536,3,5,9,1,36569.666666666664,1262.4833333333333,569.6666666666666,3,{'lifecycle:transition': 'complete'},deviant
171,Analyze Request for Quotation,2011-01-24 21:24:17,2011-01-26 09:59:08,2011-01-26 10:24:08,Karel de Groot,74,0.1774650547789951,0,4,9,1,36599.13333333333,2196.85,599.1333333333333,3,{'lifecycle:transition': 'complete'},deviant
142,Create Purchase Order,2011-01-26 03:31:07,2011-01-26 12:18:00,2011-01-26 12:30:00,Karel de Groot,74,0.048073290517567056,4,10,12,1,36738.0,869.8833333333333,738.0,3,{'lifecycle:transition': 'complete'},deviant
147,Analyze Quotation Comparison Map,2011-01-26 06:08:07,2011-01-26 12:54:52,2011-01-26 13:09:52,Anna Kaufmann,74,0.0646014355874575,0,8,12,1,36774.86666666667,720.0166666666667,774.8666666666667,3,{'lifecycle:transition': 'complete'},deviant
147,Choose best option,2011-01-26 13:09:52,2011-01-26 13:15:01,2011-01-26 13:15:01,Anna Kaufmann,74,0.0,0,9,13,1,36795.01666666667,20.15,795.0166666666667,3,{'lifecycle:transition': 'complete'},deviant
145,Send Request for Quotation to Supplier,2011-01-25 18:34:16,2011-01-26 13:30:37,2011-01-26 13:43:37,Karel de Groot,75,0.07225160559123536,3,7,13,1,36810.61666666667,1503.9666666666667,810.6166666666667,3,{'lifecycle:transition': 'complete'},deviant
154,Send Request for Quotation to Supplier,2011-01-25 19:30:20,2011-01-26 15:23:26,2011-01-26 15:53:26,Magdalena Predutta,75,0.07225160559123536,0,6,15,1,36923.433333333334,1204.1,923.4333333333333,3,{'lifecycle:transition': 'complete'},deviant
191,Analyze Purchase Requisition,2011-01-25 09:28:00,2011-01-26 16:07:36,2011-01-26 16:16:36,Francis Odell,76,0.03333962976955043,0,2,16,1,36967.6,1864.6,967.6,3,{'lifecycle:transition': 'complete'},regular
191,Create Request for Quotation,2011-01-26 16:16:36,2011-01-26 16:45:45,2011-01-26 16:46:45,Maris Freeman,74,0.04731771817151492,0,3,16,1,37005.75,38.15,1005.75,3,{'lifecycle:transition': 'complete'},regular
192,Analyze Purchase Requisition,2011-01-25 11:02:00,2011-01-26 17:27:03,2011-01-26 17:32:03,Heinz Gutschmidt,75,0.03333962976955043,0,2,17,1,37047.05,1866.05,1047.05,3,{'lifecycle:transition': 'complete'},deviant
192,Create Request for Quotation,2011-01-26 17:32:03,2011-01-26 18:01:04,2011-01-26 18:04:04,Francis Odell,74,0.04731771817151492,0,3,18,1,37081.066666666666,34.016666666666666,1081.0666666666666,3,{'lifecycle:transition': 'complete'},deviant
164,Create Quotation comparison Map,2011-01-26 04:24:34,2011-01-26 13:52:44,2011-01-26 18:41:44,Francois de Perrier,73,0.4004533434076313,0,6,13,1,36832.73333333333,588.1666666666666,832.7333333333333,3,{'lifecycle:transition': 'complete'},deviant
149,Analyze Request for Quotation,2011-01-25 06:56:28,2011-01-26 18:41:44,2011-01-26 19:03:44,Francois de Perrier,74,0.1774650547789951,0,6,15,1,36916.833333333336,1949.3666666666666,916.8333333333334,3,{'lifecycle:transition': 'complete'},deviant
204,Create Purchase Requisition,2011-01-26 19:21:00,2011-01-26 19:21:00,2011-01-26 20:07:00,Immanuel Karagianni,75,0.1258027956176804,0,1,19,1,37161.0,37161.0,1161.0,3,{'lifecycle:transition': 'complete'},regular
150,Settle Conditions With Supplier,2011-01-25 23:59:49,2011-01-26 13:58:29,2011-01-26 20:09:29,Karel de Groot,75,0.8897808840196448,2,9,13,1,36838.48333333333,838.6666666666666,838.4833333333333,3,{'lifecycle:transition': 'complete'},deviant
205,Create Purchase Requisition,2011-01-26 22:40:00,2011-01-26 22:40:00,2011-01-26 22:48:00,Tesca Lobes,76,0.1258027956176804,0,1,22,1,37360.0,37360.0,1360.0,3,{'lifecycle:transition': 'complete'},deviant
170,Create Quotation comparison Map,2011-01-26 09:50:40,2011-01-26 20:09:29,2011-01-26 23:31:29,Karel de Groot,75,0.4004533434076313,0,6,14,1,36865.166666666664,295.5,865.1666666666666,3,{'lifecycle:transition': 'complete'},deviant
169,Settle Conditions With Supplier,2011-01-26 01:17:39,2011-01-26 19:03:44,2011-01-26 23:31:44,Francois de Perrier,75,0.8897808840196448,0,8,17,1,37039.13333333333,961.4833333333333,1039.1333333333334,3,{'lifecycle:transition': 'complete'},deviant
206,Create Purchase Requisition,2011-01-27 01:02:00,2011-01-27 01:02:00,2011-01-27 01:12:00,Penn Osterwalder,77,0.1258027956176804,0,1,1,1,37502.0,37502.0,62.0,4,{'lifecycle:transition': 'complete'},deviant
164,Analyze Quotation Comparison Map,2011-01-26 18:41:44,2011-01-27 01:26:37,2011-01-27 01:51:37,Penn Osterwalder,74,0.0646014355874575,0,7,1,1,37526.61666666667,693.8833333333333,86.61666666666666,4,{'lifecycle:transition': 'complete'},deviant
164,Choose best option,2011-01-27 01:51:37,2011-01-27 01:58:26,2011-01-27 01:58:26,Fjodor Kowalski,77,0.0,0,8,1,1,37558.433333333334,31.816666666666666,118.43333333333334,4,{'lifecycle:transition': 'complete'},deviant
162,Create Quotation comparison Map,2011-01-26 06:29:07,2011-01-26 23:31:29,2011-01-27 02:34:29,Karel de Groot,74,0.4004533434076313,0,6,16,1,37000.05,838.4333333333333,1000.05,3,{'lifecycle:transition': 'complete'},deviant
207,Create Purchase Requisition,2011-01-27 02:05:00,2011-01-27 02:05:00,2011-01-27 02:57:00,Esmana Liubiata,78,0.1258027956176804,0,1,2,1,37565.0,37565.0,125.0,4,{'lifecycle:transition': 'complete'},deviant
159,Analyze Request for Quotation,2011-01-25 20:40:34,2011-01-27 02:53:07,2011-01-27 03:19:07,Francois de Perrier,74,0.1774650547789951,0,8,2,1,37613.11666666667,1824.55,173.11666666666667,4,{'lifecycle:transition': 'complete'},regular
158,Settle Conditions With Supplier,2011-01-25 19:17:14,2011-01-26 16:26:01,2011-01-27 04:43:01,Magdalena Predutta,75,0.8897808840196448,0,8,16,1,36986.01666666667,1268.7833333333333,986.0166666666667,3,{'lifecycle:transition': 'complete'},deviant
176,Analyze Request for Quotation,2011-01-25 10:18:56,2011-01-27 04:53:41,2011-01-27 05:14:41,Francois de Perrier,74,0.1774650547789951,0,4,4,1,37733.683333333334,2555.75,293.68333333333334,4,{'lifecycle:transition': 'complete'},deviant
197,Analyze Purchase Requisition,2011-01-25 23:47:00,2011-01-27 06:12:03,2011-01-27 06:16:03,Maris Freeman,75,0.03333962976955043,0,2,6,1,37812.05,1859.05,372.05,4,{'lifecycle:transition': 'complete'},deviant
197,Create Request for Quotation,2011-01-27 06:16:03,2011-01-27 06:39:38,2011-01-27 06:41:38,Maris Freeman,78,0.04731771817151492,0,3,6,1,37839.63333333333,27.583333333333332,399.6333333333333,4,{'lifecycle:transition': 'complete'},deviant
170,Analyze Quotation Comparison Map,2011-01-26 23:31:29,2011-01-27 06:19:12,2011-01-27 06:51:12,Esmana Liubiata,76,0.0646014355874575,0,7,6,1,37819.2,954.0333333333333,379.2,4,{'lifecycle:transition': 'complete'},deviant
170,Choose best option,2011-01-27 06:51:12,2011-01-27 07:03:06,2011-01-27 07:03:06,Tesca Lobes,78,0.0,0,8,7,1,37863.1,43.9,423.1,4,{'lifecycle:transition': 'complete'},deviant
171,Send Request for Quotation to Supplier,2011-01-26 10:24:08,2011-01-27 06:58:09,2011-01-27 07:25:09,Francois de Perrier,75,0.07225160559123536,0,5,6,1,37858.15,1259.0166666666667,418.15,4,{'lifecycle:transition': 'complete'},deviant
209,Create Purchase Requisition,2011-01-27 07:52:00,2011-01-27 07:52:00,2011-01-27 08:00:00,Nico Ojenbeer,79,0.1258027956176804,0,1,7,1,37912.0,37912.0,472.0,4,{'lifecycle:transition': 'complete'},deviant
162,Analyze Quotation Comparison Map,2011-01-27 02:34:29,2011-01-27 09:32:12,2011-01-27 09:44:12,Esmana Liubiata,78,0.0646014355874575,0,7,9,1,38012.2,1012.15,572.2,4,{'lifecycle:transition': 'complete'},deviant
162,Choose best option,2011-01-27 09:44:12,2011-01-27 10:00:41,2011-01-27 10:00:41,Miu Hanwan,79,0.0,0,8,10,1,38040.683333333334,28.483333333333334,600.6833333333333,4,{'lifecycle:transition': 'complete'},deviant
147,Settle Conditions With Supplier,2011-01-26 13:15:01,2011-01-27 02:34:29,2011-01-27 10:16:29,Karel de Groot,74,0.8897808840196448,0,10,0,1,37457.916666666664,662.9,17.916666666666668,4,{'lifecycle:transition': 'complete'},deviant
153,Analyze Request for Quotation,2011-01-25 02:24:50,2011-01-27 10:16:29,2011-01-27 10:45:29,Karel de Groot,74,0.1774650547789951,0,6,2,1,37610.9,2915.0666666666666,170.9,4,{'lifecycle:transition': 'complete'},deviant
156,Analyze Request for Quotation,2011-01-25 19:45:11,2011-01-27 10:45:29,2011-01-27 11:12:29,Karel de Groot,75,0.1774650547789951,2,8,5,1,37773.7,2042.5166666666667,333.7,4,{'lifecycle:transition': 'complete'},deviant
152,Analyze Request for Quotation,2011-01-26 01:57:25,2011-01-27 11:12:29,2011-01-27 11:30:29,Karel de Groot,74,0.1774650547789951,3,8,11,1,38112.46666666667,2002.05,672.4666666666667,4,{'lifecycle:transition': 'complete'},deviant
149,Send Request for Quotation to Supplier,2011-01-26 19:03:44,2011-01-27 11:28:44,2011-01-27 11:55:44,Francois de Perrier,74,0.07225160559123536,1,7,11,1,38128.73333333333,1211.9,688.7333333333333,4,{'lifecycle:transition': 'complete'},deviant
210,Create Purchase Requisition,2011-01-27 11:34:00,2011-01-27 11:34:00,2011-01-27 11:57:00,Elvira Lores,78,0.1258027956176804,0,1,11,1,38134.0,38134.0,694.0,4,{'lifecycle:transition': 'complete'},deviant
152,Amend Request for Quotation,2011-01-27 11:30:29,2011-01-27 11:57:00,2011-01-27 12:09:00,Elvira Lores,77,0.057329051756705704,0,9,11,1,38145.26666666667,32.8,705.2666666666667,4,{'lifecycle:transition': 'complete'},deviant
211,Create Purchase Requisition,2011-01-27 12:59:00,2011-01-27 12:59:00,2011-01-27 13:42:00,Miu Hanwan,79,0.1258027956176804,0,1,12,1,38219.0,38219.0,779.0,4,{'lifecycle:transition': 'complete'},deviant
188,Analyze Request for Quotation,2011-01-25 16:55:26,2011-01-27 14:36:30,2011-01-27 14:56:30,Karel de Groot,76,0.1774650547789951,5,3,14,1,38316.5,2754.0666666666666,876.5,4,{'lifecycle:transition': 'complete'},deviant
188,Amend Request for Quotation,2011-01-27 14:56:30,2011-01-27 15:54:18,2011-01-27 16:02:18,Anna Kaufmann,79,0.057329051756705704,0,4,15,1,38394.3,77.8,954.3,4,{'lifecycle:transition': 'complete'},deviant
149,Create Quotation comparison Map,2011-01-27 11:55:44,2011-01-27 16:19:24,2011-01-27 17:07:24,Karel de Groot,78,0.4004533434076313,0,8,16,1,38419.4,290.6666666666667,979.4,4,{'lifecycle:transition': 'complete'},deviant
199,Create Request for Quotation,2011-01-26 06:37:00,2011-01-27 17:08:51,2011-01-27 17:18:51,Penn Osterwalder,74,0.04731771817151492,0,2,17,1,38468.85,2120.85,1028.85,4,{'lifecycle:transition': 'complete'},deviant
180,Analyze Request for Quotation,2011-01-25 21:48:14,2011-01-27 17:07:24,2011-01-27 17:29:24,Karel de Groot,74,0.1774650547789951,0,4,16,1,38433.25,2568.016666666667,993.25,4,{'lifecycle:transition': 'complete'},regular
164,Settle Conditions With Supplier,2011-01-27 01:58:26,2011-01-27 11:55:44,2011-01-27 17:49:44,Francois de Perrier,77,0.8897808840196448,0,9,11,1,38141.816666666666,583.3833333333333,701.8166666666667,4,{'lifecycle:transition': 'complete'},deviant
169,Create Purchase Order,2011-01-26 23:31:44,2011-01-27 17:49:44,2011-01-27 17:57:44,Francois de Perrier,76,0.048073290517567056,0,9,17,1,38460.0,1420.8666666666666,1020.0,4,{'lifecycle:transition': 'complete'},deviant
155,Analyze Request for Quotation,2011-01-26 04:24:29,2011-01-27 18:20:11,2011-01-27 18:36:11,Karel de Groot,73,0.1774650547789951,1,7,18,1,38540.183333333334,2285.7,1100.1833333333334,4,{'lifecycle:transition': 'complete'},regular
146,Settle Conditions With Supplier,2011-01-26 08:22:29,2011-01-27 04:43:01,2011-01-27 18:46:01,Magdalena Predutta,75,0.8897808840196448,0,9,22,1,37357.01666666667,854.5333333333333,1357.0166666666667,3,{'lifecycle:transition': 'complete'},regular
189,Analyze Request for Quotation,2011-01-25 22:35:09,2011-01-27 19:13:09,2011-01-27 19:19:09,Karel de Groot,74,0.1774650547789951,0,3,19,1,38593.15,2688.0,1153.15,4,{'lifecycle:transition': 'complete'},deviant
154,Create Quotation comparison Map,2011-01-26 15:53:26,2011-01-27 18:46:01,2011-01-27 21:10:01,Magdalena Predutta,74,0.4004533434076313,0,7,22,1,37362.7,439.26666666666665,1362.7,3,{'lifecycle:transition': 'complete'},deviant
171,Create Quotation comparison Map,2011-01-27 07:25:09,2011-01-27 19:25:31,2011-01-27 21:42:31,Karel de Groot,78,0.4004533434076313,2,6,19,1,38605.51666666667,747.3666666666667,1165.5166666666667,4,{'lifecycle:transition': 'complete'},deviant
214,Create Purchase Requisition,2011-01-27 21:58:00,2011-01-27 21:58:00,2011-01-27 22:50:00,Penn Osterwalder,80,0.1258027956176804,0,1,21,1,38758.0,38758.0,1318.0,4,{'lifecycle:transition': 'complete'},regular
149,Analyze Quotation Comparison Map,2011-01-27 17:07:24,2011-01-28 00:13:04,2011-01-28 00:21:04,Fjodor Kowalski,79,0.0646014355874575,0,9,0,1,38893.066666666666,473.6666666666667,13.066666666666666,5,{'lifecycle:transition': 'complete'},deviant
149,Choose best option,2011-01-28 00:21:04,2011-01-28 00:50:27,2011-01-28 00:50:27,Elvira Lores,81,0.0,0,10,0,1,38930.45,37.38333333333333,50.45,5,{'lifecycle:transition': 'complete'},deviant
216,Create Purchase Requisition,2011-01-28 00:18:00,2011-01-28 00:18:00,2011-01-28 00:52:00,Alberto Duport,81,0.1258027956176804,0,1,0,1,38898.0,38898.0,18.0,5,{'lifecycle:transition': 'complete'},deviant
176,Send Request for Quotation to Supplier,2011-01-27 05:14:41,2011-01-28 00:24:37,2011-01-28 00:59:37,Francois de Perrier,78,0.07225160559123536,0,5,0,1,38904.61666666667,1170.9333333333334,24.616666666666667,5,{'lifecycle:transition': 'complete'},deviant
145,Create Quotation comparison Map,2011-01-26 13:43:37,2011-01-27 21:10:01,2011-01-28 02:03:01,Magdalena Predutta,74,0.4004533434076313,0,8,0,1,37487.21666666667,676.6,47.21666666666667,4,{'lifecycle:transition': 'complete'},deviant
179,Analyze Request for Quotation,2011-01-25 06:16:22,2011-01-28 02:03:01,2011-01-28 02:30:01,Magdalena Predutta,74,0.1774650547789951,0,3,4,1,37732.98333333333,2804.616666666667,292.98333333333335,4,{'lifecycle:transition': 'complete'},regular
144,Analyze Request for Quotation,2011-01-25 17:53:35,2011-01-28 02:30:01,2011-01-28 02:49:01,Magdalena Predutta,76,0.1774650547789951,0,8,10,1,38092.25,2469.6666666666665,652.25,4,{'lifecycle:transition': 'complete'},deviant
150,Create Purchase Order,2011-01-26 20:09:29,2011-01-28 02:49:01,2011-01-28 03:00:01,Magdalena Predutta,75,0.048073290517567056,0,10,12,1,38174.88333333333,1336.4,734.8833333333333,4,{'lifecycle:transition': 'complete'},deviant
144,Amend Request for Quotation,2011-01-28 02:49:01,2011-01-28 03:02:54,2011-01-28 03:16:54,Alberto Duport,80,0.057329051756705704,0,9,3,1,39062.9,970.65,182.9,5,{'lifecycle:transition': 'complete'},deviant
153,Send Request for Quotation to Supplier,2011-01-27 10:45:29,2011-01-28 03:03:07,2011-01-28 03:19:07,Francois de Perrier,78,0.07225160559123536,0,7,3,1,39063.11666666667,1452.2166666666667,183.11666666666667,5,{'lifecycle:transition': 'complete'},deviant
154,Analyze Quotation Comparison Map,2011-01-27 21:10:01,2011-01-28 04:04:10,2011-01-28 04:37:10,Esmana Liubiata,79,0.0646014355874575,0,8,4,1,39124.166666666664,1761.4666666666667,244.16666666666666,5,{'lifecycle:transition': 'complete'},deviant
154,Choose best option,2011-01-28 04:37:10,2011-01-28 04:56:14,2011-01-28 04:56:14,Tesca Lobes,79,0.0,0,9,4,1,39176.23333333333,52.06666666666667,296.23333333333335,5,{'lifecycle:transition': 'complete'},deviant
171,Analyze Quotation Comparison Map,2011-01-27 21:42:31,2011-01-28 04:46:54,2011-01-28 04:56:54,Anne Olwada,79,0.0646014355874575,0,7,4,1,39166.9,561.3833333333333,286.9,5,{'lifecycle:transition': 'complete'},deviant
171,Choose best option,2011-01-28 04:56:54,2011-01-28 05:22:36,2011-01-28 05:22:36,Kim Passa,79,0.0,0,8,5,1,39202.6,35.7,322.6,5,{'lifecycle:transition': 'complete'},deviant
217,Create Purchase Requisition,2011-01-28 06:55:00,2011-01-28 06:55:00,2011-01-28 07:07:00,Kim Passa,80,0.1258027956176804,0,1,6,1,39295.0,39295.0,415.0,5,{'lifecycle:transition': 'complete'},deviant
209,Create Request for Quotation,2011-01-27 08:00:00,2011-01-28 07:26:58,2011-01-28 07:36:58,Anne Olwada,79,0.04731771817151492,0,2,7,1,39326.96666666667,1414.9666666666667,446.96666666666664,5,{'lifecycle:transition': 'complete'},deviant
145,Analyze Quotation Comparison Map,2011-01-28 02:03:01,2011-01-28 09:00:40,2011-01-28 09:26:40,Clement Duchot,80,0.0646014355874575,0,9,9,1,39420.666666666664,1933.45,540.6666666666666,5,{'lifecycle:transition': 'complete'},deviant
145,Choose best option,2011-01-28 09:26:40,2011-01-28 09:43:08,2011-01-28 09:43:08,Alberto Duport,80,0.0,0,10,9,1,39463.13333333333,42.46666666666667,583.1333333333333,5,{'lifecycle:transition': 'complete'},deviant
162,Settle Conditions With Supplier,2011-01-27 10:00:41,2011-01-28 03:00:01,2011-01-28 10:20:01,Magdalena Predutta,79,0.8897808840196448,3,9,20,1,38646.45,605.7666666666667,1206.45,4,{'lifecycle:transition': 'complete'},deviant
205,Create Request for Quotation,2011-01-26 22:48:00,2011-01-28 10:34:26,2011-01-28 10:45:26,Fjodor Kowalski,76,0.04731771817151492,0,2,10,1,39514.433333333334,2154.4333333333334,634.4333333333333,5,{'lifecycle:transition': 'complete'},deviant
159,Send Request for Quotation to Supplier,2011-01-27 03:19:07,2011-01-28 10:20:01,2011-01-28 10:48:01,Magdalena Predutta,78,0.07225160559123536,3,9,21,1,38738.36666666667,1125.25,1298.3666666666666,4,{'lifecycle:transition': 'complete'},regular
158,Create Purchase Order,2011-01-27 04:43:01,2011-01-28 10:48:01,2011-01-28 10:57:01,Magdalena Predutta,78,0.048073290517567056,3,9,0,1,38881.11666666667,1895.1,1.1166666666666667,5,{'lifecycle:transition': 'complete'},deviant
216,Create Request for Quotation,2011-01-28 00:52:00,2011-01-28 11:11:36,2011-01-28 11:22:36,Alberto Duport,80,0.04731771817151492,0,2,11,1,39551.6,653.6,671.6,5,{'lifecycle:transition': 'complete'},deviant
183,Analyze Request for Quotation,2011-01-26 05:01:24,2011-01-28 10:57:01,2011-01-28 11:25:01,Magdalena Predutta,73,0.1774650547789951,0,4,8,1,39406.0,3107.6,526.0,5,{'lifecycle:transition': 'complete'},deviant
146,Create Purchase Order,2011-01-27 18:46:01,2011-01-28 11:25:01,2011-01-28 11:32:01,Magdalena Predutta,79,0.048073290517567056,5,10,9,1,39460.35,2103.3333333333335,580.35,5,{'lifecycle:transition': 'complete'},regular
164,Create Purchase Order,2011-01-27 17:49:44,2011-01-28 11:32:01,2011-01-28 11:39:01,Magdalena Predutta,79,0.048073290517567056,5,10,10,1,39504.11666666667,1362.3,624.1166666666667,5,{'lifecycle:transition': 'complete'},deviant
170,Settle Conditions With Supplier,2011-01-27 07:03:06,2011-01-27 21:42:31,2011-01-28 11:43:31,Karel de Groot,78,0.8897808840196448,2,9,20,1,38652.416666666664,789.3166666666667,1212.4166666666667,4,{'lifecycle:transition': 'complete'},deviant
183,Amend Request for Quotation,2011-01-28 11:25:01,2011-01-28 11:39:14,2011-01-28 11:51:14,Immanuel Karagianni,79,0.057329051756705704,0,5,11,1,39579.23333333333,173.23333333333332,699.2333333333333,5,{'lifecycle:transition': 'complete'},deviant
182,Analyze Request for Quotation,2011-01-26 04:48:53,2011-01-28 11:43:31,2011-01-28 12:04:31,Karel de Groot,73,0.1774650547789951,1,4,8,1,39397.38333333333,3109.5,517.3833333333333,5,{'lifecycle:transition': 'complete'},regular
152,Analyze Request for Quotation,2011-01-27 12:09:00,2011-01-28 11:49:07,2011-01-28 12:14:07,Magdalena Predutta,78,0.1774650547789951,4,10,11,1,39589.11666666667,1443.85,709.1166666666667,5,{'lifecycle:transition': 'complete'},deviant
169,Confirm Purchase Order,2011-01-27 17:57:44,2011-01-28 12:07:55,2011-01-28 12:22:55,Sean Manney,79,0.06752927842840951,0,10,12,1,39607.916666666664,1147.9166666666667,727.9166666666666,5,{'lifecycle:transition': 'complete'},deviant
182,Amend Request for Quotation,2011-01-28 12:04:31,2011-01-28 12:18:46,2011-01-28 12:24:46,Christian Francois,77,0.057329051756705704,0,5,12,1,39618.76666666667,221.38333333333333,738.7666666666667,5,{'lifecycle:transition': 'complete'},regular
155,Send Request for Quotation to Supplier,2011-01-27 18:36:11,2011-01-28 12:04:31,2011-01-28 12:29:31,Karel de Groot,79,0.07225160559123536,0,8,10,1,39482.666666666664,942.4833333333333,602.6666666666666,5,{'lifecycle:transition': 'complete'},regular
220,Create Purchase Requisition,2011-01-28 12:10:00,2011-01-28 12:10:00,2011-01-28 12:50:00,Elvira Lores,78,0.1258027956176804,0,1,12,1,39610.0,39610.0,730.0,5,{'lifecycle:transition': 'complete'},deviant
180,Send Request for Quotation to Supplier,2011-01-27 17:29:24,2011-01-28 12:36:33,2011-01-28 12:54:33,Magdalena Predutta,79,0.07225160559123536,5,5,12,1,39636.55,1203.3,756.55,5,{'lifecycle:transition': 'complete'},regular
176,Create Quotation comparison Map,2011-01-28 00:59:37,2011-01-28 09:11:04,2011-01-28 13:15:04,Francois de Perrier,80,0.4004533434076313,0,6,9,1,39431.066666666666,526.45,551.0666666666667,5,{'lifecycle:transition': 'complete'},deviant
153,Create Quotation comparison Map,2011-01-28 03:19:07,2011-01-28 12:29:31,2011-01-28 13:49:31,Karel de Groot,79,0.4004533434076313,0,8,11,1,39580.916666666664,517.8,700.9166666666666,5,{'lifecycle:transition': 'complete'},deviant
189,Send Request for Quotation to Supplier,2011-01-27 19:19:09,2011-01-28 17:46:15,2011-01-28 18:12:15,Magdalena Predutta,79,0.07225160559123536,4,4,17,1,39946.25,1353.1,1066.25,5,{'lifecycle:transition': 'complete'},deviant
217,Create Request for Quotation,2011-01-28 07:07:00,2011-01-28 18:00:18,2011-01-28 18:12:18,Alberto Duport,80,0.04731771817151492,0,2,18,1,39960.3,665.3,1080.3,5,{'lifecycle:transition': 'complete'},deviant
221,Create Purchase Requisition,2011-01-28 17:54:00,2011-01-28 17:54:00,2011-01-28 18:36:00,Anna Kaufmann,77,0.1258027956176804,0,1,17,1,39954.0,39954.0,1074.0,5,{'lifecycle:transition': 'complete'},deviant
176,Analyze Quotation Comparison Map,2011-01-28 13:15:04,2011-01-28 20:14:02,2011-01-28 20:24:02,Nico Ojenbeer,76,0.0646014355874575,0,7,20,1,40094.03333333333,662.9666666666667,1214.0333333333333,5,{'lifecycle:transition': 'complete'},deviant
176,Choose best option,2011-01-28 20:24:02,2011-01-28 20:32:40,2011-01-28 20:32:40,Kim Passa,77,0.0,0,8,20,1,40112.666666666664,18.633333333333333,1232.6666666666667,5,{'lifecycle:transition': 'complete'},deviant
153,Analyze Quotation Comparison Map,2011-01-28 13:49:31,2011-01-28 20:52:06,2011-01-28 21:09:06,Alberto Duport,76,0.0646014355874575,0,9,20,1,40132.1,551.1833333333333,1252.1,5,{'lifecycle:transition': 'complete'},deviant
153,Choose best option,2011-01-28 21:09:06,2011-01-28 21:24:48,2011-01-28 21:24:48,Alberto Duport,77,0.0,0,10,21,1,40164.8,32.7,1284.8,5,{'lifecycle:transition': 'complete'},deviant
200,Analyze Purchase Requisition,2011-01-26 07:37:00,2011-01-28 21:56:30,2011-01-28 22:04:30,Francis Odell,75,0.03333962976955043,0,2,21,1,40196.5,3753.5,1316.5,5,{'lifecycle:transition': 'complete'},deviant
155,Create Quotation comparison Map,2011-01-28 12:29:31,2011-01-28 20:24:04,2011-01-28 22:25:04,Karel de Groot,76,0.4004533434076313,1,9,20,1,40104.066666666666,621.4,1224.0666666666666,5,{'lifecycle:transition': 'complete'},regular
200,Create Request for Quotation,2011-01-28 22:04:30,2011-01-28 22:25:41,2011-01-28 22:27:41,Maris Freeman,76,0.04731771817151492,0,3,22,1,40225.683333333334,29.183333333333334,1345.6833333333334,5,{'lifecycle:transition': 'complete'},deviant
179,Send Request for Quotation to Supplier,2011-01-28 02:30:01,2011-01-28 23:07:50,2011-01-28 23:42:50,Magdalena Predutta,80,0.07225160559123536,5,4,23,1,40267.833333333336,2534.85,1387.8333333333333,5,{'lifecycle:transition': 'complete'},regular
159,Create Quotation comparison Map,2011-01-28 10:48:01,2011-01-28 22:25:04,2011-01-29 00:11:04,Karel de Groot,79,0.4004533434076313,2,10,20,1,40121.75,1383.3833333333334,1241.75,5,{'lifecycle:transition': 'complete'},regular
206,Analyze Purchase Requisition,2011-01-27 01:12:00,2011-01-29 01:01:15,2011-01-29 01:08:15,Maris Freeman,77,0.03333962976955043,0,2,1,1,40381.25,2879.25,61.25,6,{'lifecycle:transition': 'complete'},deviant
206,Create Request for Quotation,2011-01-29 01:08:15,2011-01-29 01:39:27,2011-01-29 01:42:27,Francis Odell,75,0.04731771817151492,0,3,1,1,40419.45,38.2,99.45,6,{'lifecycle:transition': 'complete'},deviant
180,Create Quotation comparison Map,2011-01-28 12:54:33,2011-01-29 00:11:04,2011-01-29 03:15:04,Karel de Groot,76,0.4004533434076313,0,6,21,1,40152.51666666667,515.9666666666667,1272.5166666666667,5,{'lifecycle:transition': 'complete'},regular
193,Analyze Request for Quotation,2011-01-26 03:07:26,2011-01-29 03:15:04,2011-01-29 03:19:04,Karel de Groot,74,0.1774650547789951,4,3,23,1,40272.183333333334,4092.75,1392.1833333333334,5,{'lifecycle:transition': 'complete'},deviant
207,Analyze Purchase Requisition,2011-01-27 02:57:00,2011-01-29 03:20:12,2011-01-29 03:25:12,Francis Odell,78,0.03333962976955043,0,2,3,1,40520.2,2955.2,200.2,6,{'lifecycle:transition': 'complete'},deviant
191,Analyze Request for Quotation,2011-01-26 16:46:45,2011-01-29 03:25:19,2011-01-29 03:50:19,Magdalena Predutta,74,0.1774650547789951,0,4,3,1,40525.316666666666,3519.5666666666666,205.31666666666666,6,{'lifecycle:transition': 'complete'},regular
207,Create Request for Quotation,2011-01-29 03:25:12,2011-01-29 03:56:26,2011-01-29 03:58:26,Maris Freeman,75,0.04731771817151492,0,3,3,1,40556.433333333334,36.233333333333334,236.43333333333334,6,{'lifecycle:transition': 'complete'},deviant
191,Amend Request for Quotation,2011-01-29 03:50:19,2011-01-29 04:12:42,2011-01-29 04:21:42,Immanuel Karagianni,75,0.057329051756705704,0,5,4,1,40572.7,47.38333333333333,252.7,6,{'lifecycle:transition': 'complete'},regular
221,Create Request for Quotation,2011-01-28 18:36:00,2011-01-29 04:39:13,2011-01-29 04:49:13,Tesca Lobes,77,0.04731771817151492,0,2,4,1,40599.21666666667,645.2166666666667,279.21666666666664,6,{'lifecycle:transition': 'complete'},deviant
192,Analyze Request for Quotation,2011-01-26 18:04:04,2011-01-29 04:45:20,2011-01-29 05:13:20,Magdalena Predutta,74,0.1774650547789951,0,4,4,1,40605.333333333336,3524.266666666667,285.3333333333333,6,{'lifecycle:transition': 'complete'},deviant
154,Settle Conditions With Supplier,2011-01-28 04:56:14,2011-01-28 17:03:18,2011-01-29 05:15:18,Francois de Perrier,79,0.8897808840196448,0,10,17,1,39903.3,727.0666666666667,1023.3,5,{'lifecycle:transition': 'complete'},deviant
185,Analyze Request for Quotation,2011-01-26 02:33:43,2011-01-29 05:06:08,2011-01-29 05:26:08,Karel de Groot,74,0.1774650547789951,3,4,5,1,40626.13333333333,4473.416666666667,306.1333333333333,6,{'lifecycle:transition': 'complete'},deviant
193,Amend Request for Quotation,2011-01-29 03:19:04,2011-01-29 05:18:00,2011-01-29 05:31:00,Miu Hanwan,75,0.057329051756705704,0,4,5,1,40638.0,365.81666666666666,318.0,6,{'lifecycle:transition': 'complete'},deviant
155,Analyze Quotation Comparison Map,2011-01-28 22:25:04,2011-01-29 05:42:10,2011-01-29 05:57:10,Elvira Lores,76,0.0646014355874575,0,10,5,1,40662.166666666664,558.1,342.1666666666667,6,{'lifecycle:transition': 'complete'},regular
158,Confirm Purchase Order,2011-01-28 10:57:01,2011-01-29 06:56:31,2011-01-29 07:06:31,Esmeralda Clay,79,0.06752927842840951,0,10,6,1,40736.51666666667,1855.4,416.51666666666665,6,{'lifecycle:transition': 'complete'},deviant
170,Create Purchase Order,2011-01-28 11:43:31,2011-01-29 07:33:58,2011-01-29 07:43:58,Karel de Groot,77,0.048073290517567056,3,10,7,1,40773.96666666667,2121.55,453.96666666666664,6,{'lifecycle:transition': 'complete'},deviant
222,Create Purchase Requisition,2011-01-29 07:54:00,2011-01-29 07:54:00,2011-01-29 08:17:00,Anne Olwada,71,0.1258027956176804,0,1,7,1,40794.0,40794.0,474.0,6,{'lifecycle:transition': 'complete'},deviant
162,Create Purchase Order,2011-01-28 10:20:01,2011-01-29 08:24:24,2011-01-29 08:31:24,Karel de Groot,79,0.048073290517567056,2,10,8,1,40824.4,2177.95,504.4,6,{'lifecycle:transition': 'complete'},deviant
223,Create Purchase Requisition,2011-01-29 08:22:00,2011-01-29 08:22:00,2011-01-29 08:50:00,Elvira Lores,72,0.1258027956176804,0,1,8,1,40822.0,40822.0,502.0,6,{'lifecycle:transition': 'complete'},deviant
144,Analyze Request for Quotation,2011-01-28 03:16:54,2011-01-29 09:10:08,2011-01-29 09:47:08,Karel de Groot,79,0.1774650547789951,0,10,9,1,40870.13333333333,1807.2333333333333,550.1333333333333,6,{'lifecycle:transition': 'complete'},deviant
180,Analyze Quotation Comparison Map,2011-01-29 03:15:04,2011-01-29 10:14:35,2011-01-29 10:28:35,Immanuel Karagianni,75,0.0646014355874575,0,7,10,1,40934.583333333336,782.0666666666667,614.5833333333334,6,{'lifecycle:transition': 'complete'},regular
204,Analyze Purchase Requisition,2011-01-26 20:07:00,2011-01-29 10:26:30,2011-01-29 10:32:30,Maris Freeman,75,0.03333962976955043,0,2,10,1,40946.5,3785.5,626.5,6,{'lifecycle:transition': 'complete'},regular
180,Choose best option,2011-01-29 10:28:35,2011-01-29 10:38:17,2011-01-29 10:38:17,Immanuel Karagianni,70,0.0,0,8,10,1,40958.28333333333,23.7,638.2833333333333,6,{'lifecycle:transition': 'complete'},regular
204,Create Request for Quotation,2011-01-29 10:32:30,2011-01-29 10:54:23,2011-01-29 10:56:23,Heinz Gutschmidt,70,0.04731771817151492,0,3,10,1,40974.38333333333,27.883333333333333,654.3833333333333,6,{'lifecycle:transition': 'complete'},regular
189,Create Quotation comparison Map,2011-01-28 18:12:15,2011-01-29 10:23:44,2011-01-29 12:06:44,Magdalena Predutta,77,0.4004533434076313,0,5,10,1,40943.73333333333,997.4833333333333,623.7333333333333,6,{'lifecycle:transition': 'complete'},deviant
210,Analyze Purchase Requisition,2011-01-27 11:57:00,2011-01-29 12:20:12,2011-01-29 12:24:12,Maris Freeman,78,0.03333962976955043,0,2,12,1,41060.2,2926.2,740.2,6,{'lifecycle:transition': 'complete'},deviant
182,Analyze Request for Quotation,2011-01-28 12:24:46,2011-01-29 12:07:31,2011-01-29 12:30:31,Karel de Groot,76,0.1774650547789951,1,6,12,1,41047.51666666667,1428.75,727.5166666666667,6,{'lifecycle:transition': 'complete'},regular
182,Amend Request for Quotation,2011-01-29 12:30:31,2011-01-29 12:46:27,2011-01-29 12:54:27,Christian Francois,70,0.057329051756705704,0,7,12,1,41086.45,38.93333333333333,766.45,6,{'lifecycle:transition': 'complete'},regular
210,Create Request for Quotation,2011-01-29 12:24:12,2011-01-29 12:55:06,2011-01-29 12:56:06,Heinz Gutschmidt,70,0.04731771817151492,0,3,12,1,41095.1,34.9,775.1,6,{'lifecycle:transition': 'complete'},deviant
211,Analyze Purchase Requisition,2011-01-27 13:42:00,2011-01-29 14:39:17,2011-01-29 14:43:17,Maris Freeman,79,0.03333962976955043,0,2,14,1,41199.28333333333,2980.2833333333333,879.2833333333333,6,{'lifecycle:transition': 'complete'},deviant
211,Create Request for Quotation,2011-01-29 14:43:17,2011-01-29 15:14:13,2011-01-29 15:15:13,Maris Freeman,70,0.04731771817151492,0,3,15,1,41234.21666666667,34.93333333333333,914.2166666666667,6,{'lifecycle:transition': 'complete'},deviant
222,Create Request for Quotation,2011-01-29 08:17:00,2011-01-29 16:57:57,2011-01-29 17:07:57,Nico Ojenbeer,71,0.04731771817151492,0,2,16,1,41337.95,543.95,1017.95,6,{'lifecycle:transition': 'complete'},deviant
223,Create Request for Quotation,2011-01-29 08:50:00,2011-01-29 17:39:20,2011-01-29 17:49:20,Fjodor Kowalski,71,0.04731771817151492,0,2,17,1,41379.333333333336,557.3333333333334,1059.3333333333333,6,{'lifecycle:transition': 'complete'},deviant
171,Settle Conditions With Supplier,2011-01-28 05:22:36,2011-01-29 05:15:18,2011-01-29 18:12:18,Francois de Perrier,79,0.8897808840196448,0,9,18,1,39986.13333333333,783.5333333333333,1106.1333333333334,5,{'lifecycle:transition': 'complete'},deviant
224,Create Purchase Requisition,2011-01-29 18:22:00,2011-01-29 18:22:00,2011-01-29 18:32:00,Fjodor Kowalski,71,0.1258027956176804,0,1,18,1,41422.0,41422.0,1102.0,6,{'lifecycle:transition': 'complete'},deviant
195,Analyze Request for Quotation,2011-01-26 06:02:32,2011-01-29 18:12:18,2011-01-29 18:34:18,Francois de Perrier,74,0.1774650547789951,0,3,3,1,40551.25,4197.716666666666,231.25,6,{'lifecycle:transition': 'complete'},deviant
189,Analyze Quotation Comparison Map,2011-01-29 12:06:44,2011-01-29 19:03:02,2011-01-29 19:24:02,Tesca Lobes,70,0.0646014355874575,0,6,19,1,41463.03333333333,519.3,1143.0333333333333,6,{'lifecycle:transition': 'complete'},deviant
189,Choose best option,2011-01-29 19:24:02,2011-01-29 19:34:53,2011-01-29 19:34:53,Alberto Duport,71,0.0,0,7,19,1,41494.88333333333,31.85,1174.8833333333334,6,{'lifecycle:transition': 'complete'},deviant
179,Create Quotation comparison Map,2011-01-28 23:42:50,2011-01-29 15:36:05,2011-01-29 19:45:05,Magdalena Predutta,76,0.4004533434076313,0,5,15,1,41256.083333333336,988.25,936.0833333333334,6,{'lifecycle:transition': 'complete'},regular
220,Analyze Purchase Requisition,2011-01-28 12:50:00,2011-01-29 20:14:21,2011-01-29 20:19:21,Maris Freeman,76,0.03333962976955043,0,2,20,1,41534.35,1924.35,1214.35,6,{'lifecycle:transition': 'complete'},deviant
195,Amend Request for Quotation,2011-01-29 18:34:18,2011-01-29 20:21:09,2011-01-29 20:33:09,Anna Kaufmann,71,0.057329051756705704,0,4,20,1,41541.15,989.9,1221.15,6,{'lifecycle:transition': 'complete'},deviant
220,Create Request for Quotation,2011-01-29 20:19:21,2011-01-29 20:38:44,2011-01-29 20:40:44,Maris Freeman,71,0.04731771817151492,0,3,20,1,41558.73333333333,24.383333333333333,1238.7333333333333,6,{'lifecycle:transition': 'complete'},deviant
214,Analyze Purchase Requisition,2011-01-27 22:50:00,2011-01-30 00:21:27,2011-01-30 00:25:27,Maris Freeman,80,0.03333962976955043,0,2,0,1,41781.45,3023.45,21.45,7,{'lifecycle:transition': 'complete'},regular
214,Create Request for Quotation,2011-01-30 00:25:27,2011-01-30 01:12:50,2011-01-30 01:15:50,Maris Freeman,71,0.04731771817151492,0,3,1,1,41832.833333333336,51.38333333333333,72.83333333333333,7,{'lifecycle:transition': 'complete'},regular
180,Settle Conditions With Supplier,2011-01-29 10:38:17,2011-01-29 18:18:07,2011-01-30 01:43:07,Karel de Groot,70,0.8897808840196448,0,9,18,1,41418.11666666667,459.8333333333333,1098.1166666666666,6,{'lifecycle:transition': 'complete'},regular
226,Create Purchase Requisition,2011-01-30 01:12:00,2011-01-30 01:12:00,2011-01-30 01:44:00,Kim Passa,72,0.1258027956176804,0,1,1,1,41832.0,41832.0,72.0,7,{'lifecycle:transition': 'complete'},deviant
171,Create Purchase Order,2011-01-29 18:12:18,2011-01-30 01:38:52,2011-01-30 01:46:52,Magdalena Predutta,70,0.048073290517567056,0,10,1,1,41858.86666666667,1872.7333333333333,98.86666666666666,7,{'lifecycle:transition': 'complete'},deviant
186,Analyze Request for Quotation,2011-01-26 07:58:58,2011-01-30 01:43:07,2011-01-30 01:55:07,Karel de Groot,75,0.1774650547789951,0,4,20,1,41569.26666666667,5092.3,1249.2666666666667,6,{'lifecycle:transition': 'complete'},deviant
185,Send Request for Quotation to Supplier,2011-01-29 05:26:08,2011-01-30 01:47:45,2011-01-30 02:01:45,Magdalena Predutta,73,0.07225160559123536,0,5,1,1,41867.75,1241.6166666666666,107.75,7,{'lifecycle:transition': 'complete'},deviant
227,Create Purchase Requisition,2011-01-30 02:47:00,2011-01-30 02:47:00,2011-01-30 03:04:00,Esmana Liubiata,72,0.1258027956176804,0,1,2,1,41927.0,41927.0,167.0,7,{'lifecycle:transition': 'complete'},regular
179,Analyze Quotation Comparison Map,2011-01-29 19:45:05,2011-01-30 02:48:20,2011-01-30 03:08:20,Tesca Lobes,71,0.0646014355874575,0,6,2,1,41928.333333333336,672.25,168.33333333333334,7,{'lifecycle:transition': 'complete'},regular
179,Choose best option,2011-01-30 03:08:20,2011-01-30 03:20:10,2011-01-30 03:20:10,Elvira Lores,72,0.0,0,7,3,1,41960.166666666664,31.833333333333332,200.16666666666666,7,{'lifecycle:transition': 'complete'},regular
199,Analyze Request for Quotation,2011-01-27 17:18:51,2011-01-30 05:45:49,2011-01-30 05:56:49,Magdalena Predutta,79,0.1774650547789951,5,3,5,1,42105.816666666666,3636.9666666666667,345.81666666666666,7,{'lifecycle:transition': 'complete'},deviant
176,Settle Conditions With Supplier,2011-01-28 20:32:40,2011-01-29 18:34:18,2011-01-30 06:08:18,Francois de Perrier,77,0.8897808840196448,1,9,4,1,40571.4,458.73333333333335,251.4,6,{'lifecycle:transition': 'complete'},deviant
183,Analyze Request for Quotation,2011-01-28 11:51:14,2011-01-30 06:08:18,2011-01-30 06:34:18,Francois de Perrier,77,0.1774650547789951,0,6,14,1,41191.26666666667,1612.0333333333333,871.2666666666667,6,{'lifecycle:transition': 'complete'},deviant
188,Analyze Request for Quotation,2011-01-27 16:02:18,2011-01-30 06:34:18,2011-01-30 06:47:18,Francois de Perrier,79,0.1774650547789951,0,5,21,1,41621.583333333336,3227.2833333333333,1301.5833333333333,6,{'lifecycle:transition': 'complete'},deviant
197,Analyze Request for Quotation,2011-01-27 06:41:38,2011-01-30 06:17:14,2011-01-30 06:49:14,Magdalena Predutta,78,0.1774650547789951,3,4,6,1,42137.23333333333,4297.6,377.23333333333335,7,{'lifecycle:transition': 'complete'},deviant
183,Amend Request for Quotation,2011-01-30 06:34:18,2011-01-30 06:55:43,2011-01-30 07:06:43,Immanuel Karagianni,72,0.057329051756705704,0,7,6,1,42175.71666666667,984.45,415.71666666666664,7,{'lifecycle:transition': 'complete'},deviant
229,Create Purchase Requisition,2011-01-30 10:48:00,2011-01-30 10:48:00,2011-01-30 11:44:00,Elvira Lores,73,0.1258027956176804,0,1,10,1,42408.0,42408.0,648.0,7,{'lifecycle:transition': 'complete'},deviant
189,Settle Conditions With Supplier,2011-01-29 19:34:53,2011-01-30 06:47:18,2011-01-30 13:12:18,Francois de Perrier,71,0.8897808840196448,1,8,3,1,41947.45,452.56666666666666,187.45,7,{'lifecycle:transition': 'complete'},deviant
227,Create Request for Quotation,2011-01-30 03:04:00,2011-01-30 13:51:42,2011-01-30 14:01:42,Christian Francois,72,0.04731771817151492,0,2,13,1,42591.7,664.7,831.7,7,{'lifecycle:transition': 'complete'},regular
185,Create Quotation comparison Map,2011-01-30 02:01:45,2011-01-30 13:12:18,2011-01-30 16:20:18,Francois de Perrier,71,0.4004533434076313,2,6,6,1,42130.566666666666,262.81666666666666,370.56666666666666,7,{'lifecycle:transition': 'complete'},deviant
180,Create Purchase Order,2011-01-30 01:43:07,2011-01-30 16:20:18,2011-01-30 16:31:18,Francois de Perrier,72,0.048073290517567056,2,10,7,1,42202.03333333333,783.9166666666666,442.03333333333336,7,{'lifecycle:transition': 'complete'},regular
176,Create Purchase Order,2011-01-30 06:08:18,2011-01-30 16:31:18,2011-01-30 16:41:18,Francois de Perrier,72,0.048073290517567056,3,10,12,1,42506.15,1934.75,746.15,7,{'lifecycle:transition': 'complete'},deviant
191,Analyze Request for Quotation,2011-01-29 04:21:42,2011-01-30 16:41:18,2011-01-30 17:00:18,Francois de Perrier,75,0.1774650547789951,3,6,13,1,42569.35,1996.65,809.35,7,{'lifecycle:transition': 'complete'},regular
229,Create Request for Quotation,2011-01-30 11:44:00,2011-01-30 20:47:35,2011-01-30 20:57:35,Anna Kaufmann,73,0.04731771817151492,0,2,20,1,43007.583333333336,599.5833333333334,1247.5833333333333,7,{'lifecycle:transition': 'complete'},deviant
189,Create Purchase Order,2011-01-30 13:12:18,2011-01-30 21:39:21,2011-01-30 21:51:21,Magdalena Predutta,73,0.048073290517567056,0,9,21,1,43059.35,1111.9,1299.35,7,{'lifecycle:transition': 'complete'},deviant
188,Send Request for Quotation to Supplier,2011-01-30 06:47:18,2011-01-30 23:14:45,2011-01-30 23:29:45,Magdalena Predutta,72,0.07225160559123536,0,6,23,1,43154.75,1533.1666666666667,1394.75,7,{'lifecycle:transition': 'complete'},deviant
185,Analyze Quotation Comparison Map,2011-01-30 16:20:18,2011-01-30 23:19:18,2011-01-30 23:38:18,Esmana Liubiata,73,0.0646014355874575,0,7,23,1,43159.3,1028.7333333333333,1399.3,7,{'lifecycle:transition': 'complete'},deviant
186,Send Request for Quotation to Supplier,2011-01-30 01:55:07,2011-01-30 23:29:45,2011-01-30 23:41:45,Magdalena Predutta,71,0.07225160559123536,0,5,23,1,43155.066666666666,1585.8,1395.0666666666666,7,{'lifecycle:transition': 'complete'},deviant
185,Choose best option,2011-01-30 23:38:18,2011-01-30 23:43:09,2011-01-30 23:43:09,Anna Kaufmann,71,0.0,0,8,23,1,43183.15,23.85,1423.15,7,{'lifecycle:transition': 'complete'},deviant
205,Analyze Request for Quotation,2011-01-28 10:45:26,2011-01-31 00:24:26,2011-01-31 00:48:26,Karel de Groot,79,0.1774650547789951,2,3,0,1,43224.433333333334,3710.0,24.433333333333334,1,{'lifecycle:transition': 'complete'},deviant
230,Create Purchase Requisition,2011-01-31 00:25:00,2011-01-31 00:25:00,2011-01-31 00:55:00,Fjodor Kowalski,72,0.1258027956176804,0,1,0,1,43225.0,43225.0,25.0,1,{'lifecycle:transition': 'complete'},deviant
205,Amend Request for Quotation,2011-01-31 00:48:26,2011-01-31 01:42:39,2011-01-31 01:56:39,Nico Ojenbeer,72,0.057329051756705704,0,4,1,1,43302.65,78.21666666666667,102.65,1,{'lifecycle:transition': 'complete'},deviant
179,Settle Conditions With Supplier,2011-01-30 03:20:10,2011-01-30 17:00:18,2011-01-31 02:55:18,Francois de Perrier,72,0.8897808840196448,3,8,13,1,42586.38333333333,626.2166666666667,826.3833333333333,7,{'lifecycle:transition': 'complete'},regular
226,Analyze Purchase Requisition,2011-01-30 01:44:00,2011-01-31 04:43:44,2011-01-31 04:49:44,Francis Odell,72,0.03333962976955043,0,2,4,1,43483.73333333333,1651.7333333333333,283.73333333333335,1,{'lifecycle:transition': 'complete'},deviant
224,Analyze Purchase Requisition,2011-01-29 18:32:00,2011-01-31 04:59:09,2011-01-31 05:07:09,Maris Freeman,71,0.03333962976955043,0,2,4,1,43499.15,2077.15,299.15,1,{'lifecycle:transition': 'complete'},deviant
226,Create Request for Quotation,2011-01-31 04:49:44,2011-01-31 05:17:33,2011-01-31 05:18:33,Heinz Gutschmidt,72,0.04731771817151492,0,3,5,1,43517.55,33.81666666666667,317.55,1,{'lifecycle:transition': 'complete'},deviant
224,Create Request for Quotation,2011-01-31 05:07:09,2011-01-31 05:40:34,2011-01-31 05:41:34,Francis Odell,72,0.04731771817151492,0,3,5,1,43540.566666666666,41.416666666666664,340.56666666666666,1,{'lifecycle:transition': 'complete'},deviant
188,Create Quotation comparison Map,2011-01-30 23:29:45,2011-01-31 01:10:28,2011-01-31 06:06:28,Magdalena Predutta,71,0.4004533434076313,1,7,1,1,43270.46666666667,115.71666666666667,70.46666666666667,1,{'lifecycle:transition': 'complete'},deviant
186,Create Quotation comparison Map,2011-01-30 23:41:45,2011-01-31 01:33:09,2011-01-31 06:10:09,Karel de Groot,71,0.4004533434076313,0,6,1,1,43293.15,138.08333333333334,93.15,1,{'lifecycle:transition': 'complete'},deviant
193,Analyze Request for Quotation,2011-01-29 05:31:00,2011-01-31 06:06:28,2011-01-31 06:33:28,Magdalena Predutta,73,0.1774650547789951,0,5,1,1,43291.53333333333,2653.5333333333333,91.53333333333333,1,{'lifecycle:transition': 'complete'},deviant
182,Analyze Request for Quotation,2011-01-29 12:54:27,2011-01-31 06:10:09,2011-01-31 06:34:09,Karel de Groot,70,0.1774650547789951,0,8,2,1,43322.86666666667,2236.4166666666665,122.86666666666666,1,{'lifecycle:transition': 'complete'},regular
206,Analyze Request for Quotation,2011-01-29 01:42:27,2011-01-31 06:14:47,2011-01-31 06:34:47,Francois de Perrier,75,0.1774650547789951,1,4,6,1,43574.78333333333,3155.3333333333335,374.78333333333336,1,{'lifecycle:transition': 'complete'},deviant
199,Send Request for Quotation to Supplier,2011-01-30 05:56:49,2011-01-31 06:33:28,2011-01-31 06:52:28,Magdalena Predutta,72,0.07225160559123536,0,4,2,1,43339.05,1233.2333333333333,139.05,1,{'lifecycle:transition': 'complete'},deviant
216,Analyze Request for Quotation,2011-01-28 11:22:36,2011-01-31 06:34:09,2011-01-31 06:58:09,Karel de Groot,79,0.1774650547789951,2,3,2,1,43331.03333333333,3779.4333333333334,131.03333333333333,1,{'lifecycle:transition': 'complete'},deviant
182,Amend Request for Quotation,2011-01-31 06:34:09,2011-01-31 06:53:55,2011-01-31 07:00:55,Immanuel Karagianni,72,0.057329051756705704,0,9,6,1,43613.916666666664,291.05,413.9166666666667,1,{'lifecycle:transition': 'complete'},regular
206,Amend Request for Quotation,2011-01-31 06:34:47,2011-01-31 06:59:15,2011-01-31 07:05:15,Kim Passa,72,0.057329051756705704,0,5,6,1,43619.25,44.46666666666667,419.25,1,{'lifecycle:transition': 'complete'},deviant
209,Analyze Request for Quotation,2011-01-28 07:36:58,2011-01-31 06:58:09,2011-01-31 07:20:09,Karel de Groot,80,0.1774650547789951,0,3,4,1,43468.73333333333,4141.766666666666,268.73333333333335,1,{'lifecycle:transition': 'complete'},deviant
197,Send Request for Quotation to Supplier,2011-01-30 06:49:14,2011-01-31 06:52:28,2011-01-31 07:27:28,Magdalena Predutta,72,0.07225160559123536,0,5,4,1,43465.48333333333,1328.25,265.48333333333335,1,{'lifecycle:transition': 'complete'},deviant
216,Amend Request for Quotation,2011-01-31 06:58:09,2011-01-31 07:43:28,2011-01-31 07:56:28,Tesca Lobes,72,0.057329051756705704,0,4,7,1,43663.46666666667,332.43333333333334,463.46666666666664,1,{'lifecycle:transition': 'complete'},deviant
191,Send Request for Quotation to Supplier,2011-01-30 17:00:18,2011-01-31 08:18:04,2011-01-31 08:46:04,Karel de Groot,71,0.07225160559123536,0,7,8,1,43698.066666666666,1128.7166666666667,498.06666666666666,1,{'lifecycle:transition': 'complete'},regular
204,Analyze Request for Quotation,2011-01-29 10:56:23,2011-01-31 08:31:24,2011-01-31 08:47:24,Francois de Perrier,70,0.1774650547789951,2,4,8,1,43711.4,2737.016666666667,511.4,1,{'lifecycle:transition': 'complete'},regular
204,Amend Request for Quotation,2011-01-31 08:47:24,2011-01-31 09:12:34,2011-01-31 09:19:34,Clement Duchot,72,0.057329051756705704,0,5,9,1,43752.566666666666,41.166666666666664,552.5666666666667,1,{'lifecycle:transition': 'complete'},regular
232,Create Purchase Requisition,2011-01-31 08:47:00,2011-01-31 08:47:00,2011-01-31 09:34:00,Immanuel Karagianni,72,0.1258027956176804,0,1,8,1,43727.0,43727.0,527.0,1,{'lifecycle:transition': 'complete'},regular
233,Create Purchase Requisition,2011-01-31 09:09:00,2011-01-31 09:09:00,2011-01-31 09:51:00,Miu Hanwan,73,0.1258027956176804,0,1,9,1,43749.0,43749.0,549.0,1,{'lifecycle:transition': 'complete'},regular
0_CF,Create Purchase Requisition,2011-01-31 09:09:00,2011-01-31 09:51:00,2011-01-31 09:59:17,Miu Hanwan,75,0.1258027956176804,0,1,9,1,43749.00171028334,43749.00171028334,549.0,1,{'lifecycle:transition': 'complete'},deviant
1_CF,Create Purchase Requisition,2011-01-31 09:09:00,2011-01-31 09:59:17,2011-01-31 10:07:34,Miu Hanwan,76,0.1258027956176804,1,1,9,1,43749.00171028334,43749.00171028334,549.0,1,{'lifecycle:transition': 'complete'},deviant
2_CF,Create Purchase Requisition,2011-01-31 09:09:00,2011-01-31 10:07:34,2011-01-31 10:15:51,Miu Hanwan,77,0.1258027956176804,2,1,9,1,43749.00171028334,43749.00171028334,549.0,1,{'lifecycle:transition': 'complete'},deviant
9_CF,Create Purchase Requisition,2011-01-31 09:09:00,2011-01-31 10:15:51,2011-01-31 10:24:07,Miu Hanwan,78,0.1258027956176804,3,1,9,1,43749.00171028334,43749.00171028334,549.0,1,{'lifecycle:transition': 'complete'},deviant
18_CF,Create Purchase Requisition,2011-01-31 09:09:00,2011-01-31 10:24:07,2011-01-31 10:32:23,Miu Hanwan,79,0.1258027956176804,4,1,9,1,43749.00171028334,43749.00171028334,549.0,1,{'lifecycle:transition': 'complete'},deviant
22_CF,Create Purchase Requisition,2011-01-31 09:09:00,2011-01-31 10:32:23,2011-01-31 10:40:39,Miu Hanwan,80,0.1258027956176804,5,1,9,1,43749.00171028334,43749.00171028334,549.0,1,{'lifecycle:transition': 'complete'},deviant
23_CF,Create Purchase Requisition,2011-01-31 09:09:00,2011-01-31 10:40:39,2011-01-31 10:48:55,Miu Hanwan,81,0.1258027956176804,6,1,9,1,43749.00171028334,43749.00171028334,549.0,1,{'lifecycle:transition': 'complete'},deviant
36_CF,Create Purchase Requisition,2011-01-31 09:09:00,2011-01-31 10:48:55,2011-01-31 10:57:10,Miu Hanwan,82,0.1258027956176804,7,1,9,1,43749.00171028334,43749.00171028334,549.0,1,{'lifecycle:transition': 'complete'},deviant
39_CF,Create Purchase Requisition,2011-01-31 09:09:00,2011-01-31 10:57:10,2011-01-31 11:05:25,Miu Hanwan,83,0.1258027956176804,8,1,9,1,43749.00171028334,43749.00171028334,549.0,1,{'lifecycle:transition': 'complete'},deviant
40_CF,Create Purchase Requisition,2011-01-31 09:09:00,2011-01-31 11:05:25,2011-01-31 11:13:40,Miu Hanwan,83,0.1258027956176804,9,1,9,1,43749.00171028334,43749.00171028334,549.0,1,{'lifecycle:transition': 'complete'},deviant
230,Create Request for Quotation,2011-01-31 00:55:00,2011-01-31 11:50:52,2011-01-31 12:04:52,Kim Passa,72,0.04731771817151492,0,2,11,1,43910.86666666667,685.8666666666667,710.8666666666667,1,{'lifecycle:transition': 'complete'},deviant
199,Create Quotation comparison Map,2011-01-31 06:52:28,2011-01-31 09:29:04,2011-01-31 13:16:04,Francois de Perrier,72,0.4004533434076313,0,5,9,1,43769.066666666666,430.01666666666665,569.0666666666667,1,{'lifecycle:transition': 'complete'},deviant
188,Analyze Quotation Comparison Map,2011-01-31 06:06:28,2011-01-31 13:00:09,2011-01-31 13:33:09,Anne Olwada,72,0.0646014355874575,0,8,13,1,43980.15,709.6833333333333,780.15,1,{'lifecycle:transition': 'complete'},deviant
186,Analyze Quotation Comparison Map,2011-01-31 06:10:09,2011-01-31 13:06:44,2011-01-31 13:36:44,Christian Francois,72,0.0646014355874575,0,7,13,1,43986.73333333333,693.5833333333334,786.7333333333333,1,{'lifecycle:transition': 'complete'},deviant
188,Choose best option,2011-01-31 13:33:09,2011-01-31 13:37:45,2011-01-31 13:37:45,Tesca Lobes,83,0.0,0,9,13,1,44017.75,37.6,817.75,1,{'lifecycle:transition': 'complete'},deviant
186,Choose best option,2011-01-31 13:36:44,2011-01-31 13:39:11,2011-01-31 13:39:11,Elvira Lores,83,0.0,0,8,13,1,44019.183333333334,32.45,819.1833333333333,1,{'lifecycle:transition': 'complete'},deviant
195,Analyze Request for Quotation,2011-01-29 20:33:09,2011-01-31 13:39:23,2011-01-31 14:00:23,Francois de Perrier,71,0.1774650547789951,1,5,13,1,44019.38333333333,2478.233333333333,819.3833333333333,1,{'lifecycle:transition': 'complete'},deviant
214,Analyze Request for Quotation,2011-01-30 01:15:50,2011-01-31 13:53:22,2011-01-31 14:18:22,Karel de Groot,72,0.1774650547789951,1,4,13,1,44033.36666666667,2200.5333333333333,833.3666666666667,1,{'lifecycle:transition': 'complete'},regular
235,Create Purchase Requisition,2011-01-31 13:48:59,2011-01-31 13:48:59,2011-01-31 14:19:59,Anne Olwada,84,0.1258027956176804,0,1,13,1,44028.99999998334,44028.99999998334,828.9833333333333,1,{'lifecycle:transition': 'complete'},regular
195,Amend Request for Quotation,2011-01-31 14:00:23,2011-01-31 14:24:39,2011-01-31 14:31:39,Anne Olwada,84,0.057329051756705704,0,6,14,1,44064.65,45.266666666666666,864.65,1,{'lifecycle:transition': 'complete'},deviant
222,Analyze Request for Quotation,2011-01-29 17:07:57,2011-01-31 14:18:22,2011-01-31 14:37:22,Karel de Groot,70,0.1774650547789951,0,3,14,1,44050.51666666667,2712.5666666666666,850.5166666666667,1,{'lifecycle:transition': 'complete'},deviant
223,Analyze Request for Quotation,2011-01-29 17:49:20,2011-01-31 14:46:56,2011-01-31 15:00:56,Karel de Groot,70,0.1774650547789951,0,3,14,1,44086.933333333334,2707.6,886.9333333333333,1,{'lifecycle:transition': 'complete'},deviant
189,Confirm Purchase Order,2011-01-30 21:51:21,2011-01-31 15:01:49,2011-01-31 15:27:49,Esmeralda Clay,71,0.06752927842840951,0,10,15,1,44101.816666666666,1042.4666666666667,901.8166666666667,1,{'lifecycle:transition': 'complete'},deviant
222,Amend Request for Quotation,2011-01-31 14:37:22,2011-01-31 16:10:23,2011-01-31 16:17:23,Anne Olwada,84,0.057329051756705704,0,4,16,1,44170.38333333333,119.86666666666666,970.3833333333333,1,{'lifecycle:transition': 'complete'},deviant
223,Amend Request for Quotation,2011-01-31 15:00:56,2011-01-31 16:34:44,2011-01-31 16:47:44,Kim Passa,84,0.057329051756705704,0,4,16,1,44194.73333333333,107.8,994.7333333333333,1,{'lifecycle:transition': 'complete'},deviant
185,Settle Conditions With Supplier,2011-01-30 23:43:09,2011-01-31 07:40:15,2011-01-31 17:48:15,Magdalena Predutta,71,0.8897808840196448,0,9,7,1,43660.25,477.1,460.25,1,{'lifecycle:transition': 'complete'},deviant
221,Analyze Request for Quotation,2011-01-29 04:49:13,2011-01-31 17:48:15,2011-01-31 18:06:15,Magdalena Predutta,75,0.1774650547789951,0,3,7,1,43662.03333333333,3062.8166666666666,462.03333333333336,1,{'lifecycle:transition': 'complete'},deviant
217,Analyze Request for Quotation,2011-01-28 18:12:18,2011-01-31 18:06:15,2011-01-31 18:25:15,Magdalena Predutta,77,0.1774650547789951,0,3,8,1,43739.9,3779.6,539.9,1,{'lifecycle:transition': 'complete'},deviant
221,Amend Request for Quotation,2011-01-31 18:06:15,2011-01-31 19:06:40,2011-01-31 19:18:40,Penn Osterwalder,83,0.057329051756705704,0,4,19,1,44346.666666666664,684.6333333333333,1146.6666666666667,1,{'lifecycle:transition': 'complete'},deviant
197,Create Quotation comparison Map,2011-01-31 07:27:28,2011-01-31 18:25:15,2011-01-31 19:52:15,Magdalena Predutta,71,0.4004533434076313,0,6,9,1,43742.25,276.76666666666665,542.25,1,{'lifecycle:transition': 'complete'},deviant
217,Amend Request for Quotation,2011-01-31 18:25:15,2011-01-31 20:02:58,2011-01-31 20:11:58,Fjodor Kowalski,83,0.057329051756705704,0,4,20,1,44402.96666666667,663.0666666666667,1202.9666666666667,1,{'lifecycle:transition': 'complete'},deviant
199,Analyze Quotation Comparison Map,2011-01-31 13:16:04,2011-01-31 20:15:57,2011-01-31 20:32:57,Christian Francois,83,0.0646014355874575,0,6,20,1,44415.95,646.8833333333333,1215.95,1,{'lifecycle:transition': 'complete'},deviant
199,Choose best option,2011-01-31 20:32:57,2011-01-31 20:35:08,2011-01-31 20:35:08,Kim Passa,83,0.0,0,7,20,1,44435.13333333333,19.183333333333334,1235.1333333333334,1,{'lifecycle:transition': 'complete'},deviant
0_CF,Create Request for Quotation,2011-01-31 09:59:17,2011-01-31 21:16:47,2011-01-31 21:30:03,Esmana Liubiata,83,0.04731771817151492,0,2,21,1,44476.78333333333,727.78162305,1276.7833333333333,1,{'lifecycle:transition': 'complete'},deviant
1_CF,Create Request for Quotation,2011-01-31 10:07:34,2011-01-31 21:33:46,2011-01-31 21:47:02,Esmana Liubiata,83,0.04731771817151492,0,2,21,1,44493.76666666667,744.7649563833334,1293.7666666666667,1,{'lifecycle:transition': 'complete'},deviant
233,Create Request for Quotation,2011-01-31 09:51:00,2011-01-31 21:47:02,2011-01-31 21:54:02,Esmana Liubiata,83,0.04731771817151492,0,2,21,1,44499.23333333333,750.2333333333333,1299.2333333333333,1,{'lifecycle:transition': 'complete'},regular
2_CF,Create Request for Quotation,2011-01-31 10:15:51,2011-01-31 21:54:02,2011-01-31 22:07:18,Esmana Liubiata,83,0.04731771817151492,0,2,21,1,44510.86666666667,761.8649563833334,1310.8666666666666,1,{'lifecycle:transition': 'complete'},deviant
9_CF,Create Request for Quotation,2011-01-31 10:24:07,2011-01-31 22:08:02,2011-01-31 22:21:18,Esmana Liubiata,83,0.04731771817151492,0,2,22,1,44528.03333333333,779.03162305,1328.0333333333333,1,{'lifecycle:transition': 'complete'},deviant
18_CF,Create Request for Quotation,2011-01-31 10:32:23,2011-01-31 22:25:19,2011-01-31 22:38:35,Esmana Liubiata,83,0.04731771817151492,0,2,22,1,44545.316666666666,796.3149563833334,1345.3166666666666,1,{'lifecycle:transition': 'complete'},deviant
22_CF,Create Request for Quotation,2011-01-31 10:40:39,2011-01-31 22:42:41,2011-01-31 22:55:57,Esmana Liubiata,83,0.04731771817151492,0,2,22,1,44562.683333333334,813.6816230500001,1362.6833333333334,1,{'lifecycle:transition': 'complete'},deviant
23_CF,Create Request for Quotation,2011-01-31 10:48:55,2011-01-31 23:00:09,2011-01-31 23:13:25,Esmana Liubiata,83,0.04731771817151492,0,2,23,1,44580.15,831.1482897166667,1380.15,1,{'lifecycle:transition': 'complete'},deviant
36_CF,Create Request for Quotation,2011-01-31 10:57:10,2011-01-31 23:17:42,2011-01-31 23:30:58,Esmana Liubiata,83,0.04731771817151492,0,2,23,1,44597.7,848.6982897166667,1397.7,1,{'lifecycle:transition': 'complete'},deviant
39_CF,Create Request for Quotation,2011-01-31 11:05:25,2011-01-31 23:35:21,2011-01-31 23:48:37,Esmana Liubiata,83,0.04731771817151492,0,2,23,1,44615.35,866.3482897166667,1415.35,1,{'lifecycle:transition': 'complete'},deviant
40_CF,Create Request for Quotation,2011-01-31 11:13:40,2011-01-31 23:48:37,2011-02-01 00:01:53,Esmana Liubiata,83,0.04731771817151492,0,2,23,1,44623.6,874.5982897166667,1423.6,1,{'lifecycle:transition': 'complete'},deviant
236,Create Purchase Requisition,2011-01-31 23:51:59,2011-01-31 23:51:59,2011-02-01 00:45:59,Tesca Lobes,84,0.1258027956176804,0,1,23,1,44631.99999998334,44631.99999998334,1431.9833333333333,1,{'lifecycle:transition': 'complete'},regular
191,Create Quotation comparison Map,2011-01-31 08:46:04,2011-01-31 19:52:15,2011-02-01 01:00:15,Magdalena Predutta,71,0.4004533434076313,1,8,10,1,43813.38333333333,115.31666666666666,613.3833333333333,1,{'lifecycle:transition': 'complete'},regular
179,Create Purchase Order,2011-01-31 02:55:18,2011-02-01 01:00:15,2011-02-01 01:11:15,Magdalena Predutta,72,0.048073290517567056,2,9,10,1,43844.21666666667,1257.8333333333333,644.2166666666667,1,{'lifecycle:transition': 'complete'},regular
186,Settle Conditions With Supplier,2011-01-31 13:39:11,2011-01-31 20:42:10,2011-02-01 01:22:10,Karel de Groot,83,0.8897808840196448,0,9,20,1,44442.166666666664,422.98333333333335,1242.1666666666667,1,{'lifecycle:transition': 'complete'},deviant
205,Analyze Request for Quotation,2011-01-31 01:56:39,2011-02-01 01:07:16,2011-02-01 01:37:16,Francois de Perrier,72,0.1774650547789951,0,5,1,2,44707.26666666667,1404.6166666666666,67.26666666666667,2,{'lifecycle:transition': 'complete'},deviant
183,Analyze Request for Quotation,2011-01-30 07:06:43,2011-02-01 01:11:15,2011-02-01 01:41:15,Magdalena Predutta,72,0.1774650547789951,0,8,12,1,43936.75,1761.0333333333333,736.75,1,{'lifecycle:transition': 'complete'},deviant
220,Analyze Request for Quotation,2011-01-29 20:40:44,2011-02-01 01:22:10,2011-02-01 01:46:10,Karel de Groot,71,0.1774650547789951,0,4,20,1,44459.55,2900.8166666666666,1259.55,1,{'lifecycle:transition': 'complete'},deviant
200,Analyze Request for Quotation,2011-01-28 22:27:41,2011-02-01 01:41:15,2011-02-01 02:12:15,Magdalena Predutta,76,0.1774650547789951,0,4,17,1,44277.26666666667,4051.5833333333335,1077.2666666666667,1,{'lifecycle:transition': 'complete'},deviant
237,Create Purchase Requisition,2011-02-01 01:33:59,2011-02-01 01:33:59,2011-02-01 02:24:59,Tesca Lobes,85,0.1258027956176804,0,1,1,2,44733.99999998334,44733.99999998334,93.98333333333333,2,{'lifecycle:transition': 'complete'},deviant
200,Amend Request for Quotation,2011-02-01 02:12:15,2011-02-01 02:34:21,2011-02-01 02:39:21,Anna Kaufmann,83,0.057329051756705704,0,5,2,2,44794.35,517.0833333333334,154.35,2,{'lifecycle:transition': 'complete'},deviant
207,Analyze Request for Quotation,2011-01-29 03:58:26,2011-02-01 02:12:15,2011-02-01 02:46:15,Magdalena Predutta,75,0.1774650547789951,0,4,19,1,44342.35,3785.9166666666665,1142.35,1,{'lifecycle:transition': 'complete'},deviant
185,Create Purchase Order,2011-01-31 17:48:15,2011-02-01 02:46:15,2011-02-01 02:54:15,Magdalena Predutta,83,0.048073290517567056,6,10,23,1,44603.166666666664,942.9166666666666,1403.1666666666667,1,{'lifecycle:transition': 'complete'},deviant
197,Analyze Quotation Comparison Map,2011-01-31 19:52:15,2011-02-01 02:50:45,2011-02-01 03:21:45,Miu Hanwan,83,0.0646014355874575,0,7,2,2,44810.75,1068.5,170.75,2,{'lifecycle:transition': 'complete'},deviant
210,Analyze Request for Quotation,2011-01-29 12:56:06,2011-02-01 02:42:56,2011-02-01 03:21:56,Francois de Perrier,70,0.1774650547789951,2,4,2,2,44802.933333333334,3707.8333333333335,162.93333333333334,2,{'lifecycle:transition': 'complete'},deviant
197,Choose best option,2011-02-01 03:21:45,2011-02-01 03:30:06,2011-02-01 03:30:06,Fjodor Kowalski,82,0.0,0,8,3,2,44850.1,39.35,210.1,2,{'lifecycle:transition': 'complete'},deviant
211,Analyze Request for Quotation,2011-01-29 15:15:13,2011-02-01 04:58:53,2011-02-01 05:33:53,Karel de Groot,70,0.1774650547789951,0,4,4,2,44938.88333333333,3704.6666666666665,298.8833333333333,2,{'lifecycle:transition': 'complete'},deviant
186,Create Purchase Order,2011-02-01 01:22:10,2011-02-01 07:05:51,2011-02-01 07:13:51,Francois de Perrier,84,0.048073290517567056,0,10,7,2,45065.85,623.6833333333333,425.85,2,{'lifecycle:transition': 'complete'},deviant
191,Analyze Quotation Comparison Map,2011-02-01 01:00:15,2011-02-01 07:50:09,2011-02-01 08:11:09,Esmana Liubiata,84,0.0646014355874575,0,9,7,2,45110.15,1296.7666666666667,470.15,2,{'lifecycle:transition': 'complete'},regular
191,Choose best option,2011-02-01 08:11:09,2011-02-01 08:23:18,2011-02-01 08:23:18,Miu Hanwan,80,0.0,0,10,8,2,45143.3,33.15,503.3,2,{'lifecycle:transition': 'complete'},regular
204,Analyze Request for Quotation,2011-01-31 09:19:34,2011-02-01 09:02:34,2011-02-01 09:30:34,Karel de Groot,83,0.1774650547789951,0,6,9,2,45182.566666666666,1430.0,542.5666666666667,2,{'lifecycle:transition': 'complete'},regular
216,Analyze Request for Quotation,2011-01-31 07:56:28,2011-02-01 09:33:04,2011-02-01 10:10:04,Karel de Groot,71,0.1774650547789951,0,5,9,2,45213.066666666666,1549.6,573.0666666666667,2,{'lifecycle:transition': 'complete'},deviant
214,Send Request for Quotation to Supplier,2011-01-31 14:18:22,2011-02-01 10:34:16,2011-02-01 10:56:16,Karel de Groot,84,0.07225160559123536,1,5,10,2,45274.26666666667,1240.9,634.2666666666667,2,{'lifecycle:transition': 'complete'},regular
236,Create Request for Quotation,2011-02-01 00:45:59,2011-02-01 14:30:00,2011-02-01 14:46:00,Fjodor Kowalski,84,0.04731771817151492,0,2,14,2,45510.01666665,878.0166666666667,870.0,2,{'lifecycle:transition': 'complete'},regular
232,Analyze Purchase Requisition,2011-01-31 09:34:00,2011-02-01 14:55:31,2011-02-01 14:59:31,Maris Freeman,83,0.03333962976955043,0,2,14,2,45535.51666666667,1808.5166666666667,895.5166666666667,2,{'lifecycle:transition': 'complete'},regular
188,Settle Conditions With Supplier,2011-01-31 13:37:45,2011-02-01 02:54:15,2011-02-01 15:10:15,Magdalena Predutta,83,0.8897808840196448,6,10,23,1,44624.61666666667,606.8666666666667,1424.6166666666666,1,{'lifecycle:transition': 'complete'},deviant
232,Create Request for Quotation,2011-02-01 14:59:31,2011-02-01 15:21:23,2011-02-01 15:23:23,Francis Odell,78,0.04731771817151492,0,3,15,2,45561.38333333333,25.866666666666667,921.3833333333333,2,{'lifecycle:transition': 'complete'},regular
193,Send Request for Quotation to Supplier,2011-01-31 06:33:28,2011-02-01 15:10:15,2011-02-01 15:30:15,Magdalena Predutta,72,0.07225160559123536,2,6,0,2,44666.76666666667,1375.2333333333333,26.766666666666666,2,{'lifecycle:transition': 'complete'},deviant
229,Analyze Request for Quotation,2011-01-30 20:57:35,2011-02-01 15:59:35,2011-02-01 16:20:35,Francois de Perrier,71,0.1774650547789951,0,3,15,2,45599.583333333336,2592.0,959.5833333333334,2,{'lifecycle:transition': 'complete'},deviant
223,Analyze Request for Quotation,2011-01-31 16:47:44,2011-02-01 16:34:18,2011-02-01 16:40:18,Francois de Perrier,83,0.1774650547789951,0,5,16,2,45634.3,1439.5666666666666,994.3,2,{'lifecycle:transition': 'complete'},deviant
223,Amend Request for Quotation,2011-02-01 16:40:18,2011-02-01 17:00:30,2011-02-01 17:09:30,Anne Olwada,77,0.057329051756705704,0,6,17,2,45660.5,26.2,1020.5,2,{'lifecycle:transition': 'complete'},deviant
229,Amend Request for Quotation,2011-02-01 16:20:35,2011-02-01 17:53:01,2011-02-01 18:07:01,Nico Ojenbeer,77,0.057329051756705704,0,4,17,2,45713.01666666667,113.43333333333334,1073.0166666666667,2,{'lifecycle:transition': 'complete'},deviant
237,Create Request for Quotation,2011-02-01 02:24:59,2011-02-01 18:42:08,2011-02-01 18:50:08,Anne Olwada,83,0.04731771817151492,0,2,18,2,45762.14999998334,1028.15,1122.1333333333334,2,{'lifecycle:transition': 'complete'},deviant
214,Create Quotation comparison Map,2011-02-01 10:56:16,2011-02-01 15:41:40,2011-02-01 19:14:40,Karel de Groot,78,0.4004533434076313,0,6,15,2,45581.666666666664,307.4,941.6666666666666,2,{'lifecycle:transition': 'complete'},regular
193,Create Quotation comparison Map,2011-02-01 15:30:15,2011-02-01 17:22:41,2011-02-01 20:09:41,Francois de Perrier,77,0.4004533434076313,0,7,17,2,45682.683333333334,1015.9166666666666,1042.6833333333334,2,{'lifecycle:transition': 'complete'},deviant
179,Confirm Purchase Order,2011-02-01 01:11:15,2011-02-01 21:21:04,2011-02-01 21:32:04,Carmen Finacse,84,0.06752927842840951,0,10,21,2,45921.066666666666,2076.85,1281.0666666666666,2,{'lifecycle:transition': 'complete'},regular
207,Send Request for Quotation to Supplier,2011-02-01 02:46:15,2011-02-01 22:08:14,2011-02-01 22:24:14,Karel de Groot,83,0.07225160559123536,0,5,22,2,45968.23333333333,1625.8833333333334,1328.2333333333333,2,{'lifecycle:transition': 'complete'},deviant
235,Analyze Purchase Requisition,2011-01-31 14:19:59,2011-02-01 22:40:24,2011-02-01 22:46:24,Heinz Gutschmidt,84,0.03333962976955043,0,2,22,2,46000.41666665,1971.4166666666667,1360.4,2,{'lifecycle:transition': 'complete'},regular
235,Create Request for Quotation,2011-02-01 22:46:24,2011-02-01 23:09:07,2011-02-01 23:11:07,Francis Odell,76,0.04731771817151492,0,3,23,2,46029.13333331667,28.716666666666665,1389.1166666666666,2,{'lifecycle:transition': 'complete'},regular
210,Send Request for Quotation to Supplier,2011-02-01 03:21:56,2011-02-01 22:40:03,2011-02-01 23:13:03,Francois de Perrier,82,0.07225160559123536,0,5,22,2,46000.05,1197.1166666666666,1360.05,2,{'lifecycle:transition': 'complete'},deviant
214,Analyze Quotation Comparison Map,2011-02-01 19:14:40,2011-02-02 02:08:23,2011-02-02 02:40:23,Immanuel Karagianni,77,0.0646014355874575,0,7,2,2,46208.38333333333,626.7166666666667,128.38333333333333,3,{'lifecycle:transition': 'complete'},regular
214,Choose best option,2011-02-02 02:40:23,2011-02-02 02:49:41,2011-02-02 02:49:41,Clement Duchot,76,0.0,0,8,2,2,46249.683333333334,41.3,169.68333333333334,3,{'lifecycle:transition': 'complete'},regular
204,Send Request for Quotation to Supplier,2011-02-01 09:30:34,2011-02-02 02:32:06,2011-02-02 02:55:06,Karel de Groot,79,0.07225160559123536,0,7,2,2,46232.1,1049.5333333333333,152.1,3,{'lifecycle:transition': 'complete'},regular
193,Analyze Quotation Comparison Map,2011-02-01 20:09:41,2011-02-02 02:56:06,2011-02-02 03:13:06,Nico Ojenbeer,77,0.0646014355874575,0,8,2,2,46256.1,573.4166666666666,176.1,3,{'lifecycle:transition': 'complete'},deviant
242,Create Purchase Requisition,2011-02-02 03:17:59,2011-02-02 03:17:59,2011-02-02 03:25:59,Kim Passa,77,0.1258027956176804,0,1,3,2,46277.99999998334,46277.99999998334,197.98333333333332,3,{'lifecycle:transition': 'complete'},deviant
193,Choose best option,2011-02-02 03:13:06,2011-02-02 03:26:12,2011-02-02 03:26:12,Alberto Duport,76,0.0,0,9,3,2,46286.2,30.1,206.2,3,{'lifecycle:transition': 'complete'},deviant
199,Settle Conditions With Supplier,2011-01-31 20:35:08,2011-02-01 15:30:15,2011-02-02 05:15:15,Magdalena Predutta,83,0.8897808840196448,4,8,5,2,44974.01666666667,538.8833333333333,334.01666666666665,2,{'lifecycle:transition': 'complete'},deviant
227,Analyze Request for Quotation,2011-01-30 14:01:42,2011-02-02 05:15:15,2011-02-02 05:48:15,Magdalena Predutta,73,0.1774650547789951,0,3,6,2,45021.71666666667,2430.016666666667,381.71666666666664,2,{'lifecycle:transition': 'complete'},regular
224,Analyze Request for Quotation,2011-01-31 05:41:34,2011-02-02 05:48:15,2011-02-02 06:00:15,Magdalena Predutta,72,0.1774650547789951,3,4,7,2,45063.71666666667,1523.15,423.71666666666664,2,{'lifecycle:transition': 'complete'},deviant
182,Analyze Request for Quotation,2011-01-31 07:00:55,2011-02-02 06:00:15,2011-02-02 06:24:15,Magdalena Predutta,72,0.1774650547789951,0,10,8,2,45142.333333333336,1528.4166666666667,502.3333333333333,2,{'lifecycle:transition': 'complete'},regular
206,Analyze Request for Quotation,2011-01-31 07:05:15,2011-02-02 06:24:15,2011-02-02 06:54:15,Magdalena Predutta,72,0.1774650547789951,0,6,8,2,45163.63333333333,1544.3833333333334,523.6333333333333,2,{'lifecycle:transition': 'complete'},deviant
207,Create Quotation comparison Map,2011-02-01 22:24:14,2011-02-02 02:34:51,2011-02-02 07:55:51,Francois de Perrier,76,0.4004533434076313,0,6,2,2,46234.85,266.6166666666667,154.85,3,{'lifecycle:transition': 'complete'},deviant
245,Create Purchase Requisition,2011-02-02 13:13:59,2011-02-02 13:13:59,2011-02-02 14:10:59,Penn Osterwalder,77,0.1258027956176804,0,1,13,2,46873.99999998334,46873.99999998334,793.9833333333333,3,{'lifecycle:transition': 'complete'},deviant
207,Analyze Quotation Comparison Map,2011-02-02 07:55:51,2011-02-02 14:45:24,2011-02-02 15:18:24,Anne Olwada,76,0.0646014355874575,0,7,14,2,46965.4,730.55,885.4,3,{'lifecycle:transition': 'complete'},deviant
207,Choose best option,2011-02-02 15:18:24,2011-02-02 15:27:12,2011-02-02 15:27:12,Fjodor Kowalski,77,0.0,0,8,15,2,47007.2,41.8,927.2,3,{'lifecycle:transition': 'complete'},deviant
247,Create Purchase Requisition,2011-02-02 18:51:59,2011-02-02 18:51:59,2011-02-02 19:19:59,Alberto Duport,78,0.1258027956176804,0,1,18,2,47211.99999998334,47211.99999998334,1131.9833333333333,3,{'lifecycle:transition': 'complete'},deviant
197,Settle Conditions With Supplier,2011-02-01 03:30:06,2011-02-02 06:54:15,2011-02-02 20:29:15,Magdalena Predutta,82,0.8897808840196448,1,9,13,2,45427.6,577.5,787.6,2,{'lifecycle:transition': 'complete'},deviant
195,Analyze Request for Quotation,2011-01-31 14:31:39,2011-02-02 20:29:15,2011-02-02 20:42:15,Magdalena Predutta,84,0.1774650547789951,6,7,13,2,45442.61666666667,1377.9666666666667,802.6166666666667,2,{'lifecycle:transition': 'complete'},deviant
226,Analyze Request for Quotation,2011-01-31 05:18:33,2011-02-02 20:42:15,2011-02-02 20:45:15,Magdalena Predutta,72,0.1774650547789951,3,4,15,2,45552.066666666666,2034.5166666666667,912.0666666666667,2,{'lifecycle:transition': 'complete'},deviant
195,Amend Request for Quotation,2011-02-02 20:42:15,2011-02-02 21:00:30,2011-02-02 21:07:30,Christian Francois,79,0.057329051756705704,0,8,21,2,47340.5,1897.8833333333334,1260.5,3,{'lifecycle:transition': 'complete'},deviant
222,Analyze Request for Quotation,2011-01-31 16:17:23,2011-02-02 20:45:15,2011-02-02 21:08:15,Magdalena Predutta,83,0.1774650547789951,6,5,16,2,45603.35,1432.9666666666667,963.35,2,{'lifecycle:transition': 'complete'},deviant
248,Create Purchase Requisition,2011-02-02 20:40:59,2011-02-02 20:40:59,2011-02-02 21:34:59,Immanuel Karagianni,79,0.1258027956176804,0,1,20,2,47320.99999998334,47320.99999998334,1240.9833333333333,3,{'lifecycle:transition': 'complete'},deviant
183,Send Request for Quotation to Supplier,2011-02-01 01:41:15,2011-02-02 21:08:15,2011-02-02 21:38:15,Magdalena Predutta,84,0.07225160559123536,5,9,21,2,45912.683333333334,1975.9333333333334,1272.6833333333334,2,{'lifecycle:transition': 'complete'},deviant
221,Analyze Request for Quotation,2011-01-31 19:18:40,2011-02-02 21:38:15,2011-02-02 21:42:15,Magdalena Predutta,83,0.1774650547789951,5,5,21,2,45922.48333333333,1575.8166666666666,1282.4833333333333,2,{'lifecycle:transition': 'complete'},deviant
217,Analyze Request for Quotation,2011-01-31 20:11:58,2011-02-02 21:42:15,2011-02-02 22:04:15,Magdalena Predutta,83,0.1774650547789951,4,5,1,2,46164.683333333334,1761.7166666666667,84.68333333333334,3,{'lifecycle:transition': 'complete'},deviant
221,Amend Request for Quotation,2011-02-02 21:42:15,2011-02-02 22:00:29,2011-02-02 22:11:29,Miu Hanwan,79,0.057329051756705704,0,6,22,2,47400.48333333333,1478.0,1320.4833333333333,3,{'lifecycle:transition': 'complete'},deviant
214,Settle Conditions With Supplier,2011-02-02 02:49:41,2011-02-02 13:25:29,2011-02-02 23:30:29,Karel de Groot,76,0.8897808840196448,0,9,13,2,46885.48333333333,635.8,805.4833333333333,3,{'lifecycle:transition': 'complete'},regular
237,Analyze Request for Quotation,2011-02-01 18:50:08,2011-02-03 01:32:04,2011-02-03 01:54:04,Francois de Perrier,77,0.1774650547789951,0,3,1,2,47612.083333316674,1849.9333333333334,92.06666666666666,4,{'lifecycle:transition': 'complete'},deviant
210,Create Quotation comparison Map,2011-02-01 23:13:03,2011-02-02 22:04:15,2011-02-03 02:39:15,Magdalena Predutta,76,0.4004533434076313,10,6,3,2,46284.15,284.1,204.15,3,{'lifecycle:transition': 'complete'},deviant
230,Analyze Request for Quotation,2011-01-31 12:04:52,2011-02-03 02:39:15,2011-02-03 03:08:15,Magdalena Predutta,83,0.1774650547789951,5,3,6,2,46475.816666666666,2564.95,395.81666666666666,3,{'lifecycle:transition': 'complete'},deviant
227,Send Request for Quotation to Supplier,2011-02-02 05:48:15,2011-02-03 03:03:39,2011-02-03 03:40:39,Francois de Perrier,77,0.07225160559123536,0,4,3,2,47703.65,2681.9333333333334,183.65,4,{'lifecycle:transition': 'complete'},regular
237,Amend Request for Quotation,2011-02-03 01:54:04,2011-02-03 03:36:25,2011-02-03 03:45:25,Immanuel Karagianni,79,0.057329051756705704,0,4,3,2,47736.43333331667,124.35,216.41666666666666,4,{'lifecycle:transition': 'complete'},deviant
230,Amend Request for Quotation,2011-02-03 03:08:15,2011-02-03 04:33:36,2011-02-03 04:47:36,Anne Olwada,79,0.057329051756705704,0,4,4,2,47793.6,1317.7833333333333,273.6,4,{'lifecycle:transition': 'complete'},deviant
197,Create Purchase Order,2011-02-02 20:29:15,2011-02-03 05:01:44,2011-02-03 05:13:44,Francois de Perrier,78,0.048073290517567056,0,10,5,2,47821.73333333333,2394.133333333333,301.73333333333335,4,{'lifecycle:transition': 'complete'},deviant
249,Create Purchase Requisition,2011-02-03 04:56:59,2011-02-03 04:56:59,2011-02-03 05:19:59,Anna Kaufmann,80,0.1258027956176804,0,1,4,2,47816.99999998334,47816.99999998334,296.98333333333335,4,{'lifecycle:transition': 'complete'},deviant
250,Create Purchase Requisition,2011-02-03 05:37:59,2011-02-03 05:37:59,2011-02-03 05:55:59,Nico Ojenbeer,80,0.1258027956176804,0,1,5,2,47857.99999998334,47857.99999998334,337.98333333333335,4,{'lifecycle:transition': 'complete'},regular
204,Create Quotation comparison Map,2011-02-02 02:55:06,2011-02-03 03:08:15,2011-02-03 06:16:15,Magdalena Predutta,76,0.4004533434076313,11,8,8,2,46576.51666666667,344.4166666666667,496.51666666666665,3,{'lifecycle:transition': 'complete'},regular
199,Create Purchase Order,2011-02-02 05:15:15,2011-02-03 06:16:15,2011-02-03 06:25:15,Magdalena Predutta,77,0.048073290517567056,12,9,13,2,46861.8,1887.7833333333333,781.8,3,{'lifecycle:transition': 'complete'},deviant
0_CF,Analyze Request for Quotation,2011-01-31 21:30:03,2011-02-03 06:25:15,2011-02-03 06:37:45,Magdalena Predutta,83,0.1774650547789951,4,3,16,2,47068.65,2591.866666666667,988.65,3,{'lifecycle:transition': 'complete'},deviant
1_CF,Analyze Request for Quotation,2011-01-31 21:47:02,2011-02-03 06:37:45,2011-02-03 06:50:15,Magdalena Predutta,83,0.1774650547789951,4,3,16,2,47081.48333333333,2587.7166666666667,1001.4833333333333,3,{'lifecycle:transition': 'complete'},deviant
233,Analyze Request for Quotation,2011-01-31 21:54:02,2011-02-03 06:50:15,2011-02-03 07:31:15,Magdalena Predutta,83,0.1774650547789951,4,3,16,2,47091.71666666667,2592.483333333333,1011.7166666666667,3,{'lifecycle:transition': 'complete'},regular
2_CF,Analyze Request for Quotation,2011-01-31 22:07:18,2011-02-03 07:31:15,2011-02-03 07:43:44,Magdalena Predutta,83,0.1774650547789951,4,3,16,2,47097.6,2586.733333333333,1017.6,3,{'lifecycle:transition': 'complete'},deviant
9_CF,Analyze Request for Quotation,2011-01-31 22:21:18,2011-02-03 07:43:44,2011-02-03 07:56:13,Magdalena Predutta,83,0.1774650547789951,4,3,17,2,47107.48333333333,2579.45,1027.4833333333333,3,{'lifecycle:transition': 'complete'},deviant
18_CF,Analyze Request for Quotation,2011-01-31 22:38:35,2011-02-03 07:56:13,2011-02-03 08:08:41,Magdalena Predutta,83,0.1774650547789951,4,3,17,2,47120.65,2575.3333333333335,1040.65,3,{'lifecycle:transition': 'complete'},deviant
22_CF,Analyze Request for Quotation,2011-01-31 22:55:57,2011-02-03 08:08:41,2011-02-03 08:21:09,Magdalena Predutta,83,0.1774650547789951,4,3,17,2,47133.933333333334,2571.25,1053.9333333333334,3,{'lifecycle:transition': 'complete'},deviant
23_CF,Analyze Request for Quotation,2011-01-31 23:13:25,2011-02-03 08:21:09,2011-02-03 08:33:37,Magdalena Predutta,83,0.1774650547789951,4,3,17,2,47147.316666666666,2567.1666666666665,1067.3166666666666,3,{'lifecycle:transition': 'complete'},deviant
36_CF,Analyze Request for Quotation,2011-01-31 23:30:58,2011-02-03 08:33:37,2011-02-03 08:46:05,Magdalena Predutta,83,0.1774650547789951,5,3,18,2,47160.8,2563.1,1080.8,3,{'lifecycle:transition': 'complete'},deviant
39_CF,Analyze Request for Quotation,2011-01-31 23:48:37,2011-02-03 08:46:05,2011-02-03 08:58:33,Magdalena Predutta,83,0.1774650547789951,6,3,18,2,47174.4,2559.05,1094.4,3,{'lifecycle:transition': 'complete'},deviant
200,Analyze Request for Quotation,2011-02-01 02:39:21,2011-02-03 08:58:33,2011-02-03 09:26:33,Magdalena Predutta,83,0.1774650547789951,3,6,22,2,47445.78333333333,2651.4333333333334,1365.7833333333333,3,{'lifecycle:transition': 'complete'},deviant
206,Send Request for Quotation to Supplier,2011-02-02 06:54:15,2011-02-03 09:26:33,2011-02-03 09:55:33,Magdalena Predutta,76,0.07225160559123536,9,7,23,2,47482.76666666667,2319.133333333333,1402.7666666666667,3,{'lifecycle:transition': 'complete'},deviant
210,Analyze Quotation Comparison Map,2011-02-03 02:39:15,2011-02-03 09:36:09,2011-02-03 10:06:09,Fjodor Kowalski,79,0.0646014355874575,0,7,9,2,48096.15,1812.0,576.15,4,{'lifecycle:transition': 'complete'},deviant
210,Choose best option,2011-02-03 10:06:09,2011-02-03 10:21:49,2011-02-03 10:21:49,Kim Passa,80,0.0,0,8,10,2,48141.816666666666,45.666666666666664,621.8166666666667,4,{'lifecycle:transition': 'complete'},deviant
193,Settle Conditions With Supplier,2011-02-02 03:26:12,2011-02-02 23:30:29,2011-02-03 11:04:29,Karel de Groot,77,0.8897808840196448,0,10,17,2,47135.1,848.9,1055.1,3,{'lifecycle:transition': 'complete'},deviant
229,Analyze Request for Quotation,2011-02-01 18:07:01,2011-02-03 11:04:29,2011-02-03 11:38:29,Karel de Groot,77,0.1774650547789951,0,5,21,2,47350.333333333336,1637.3166666666666,1270.3333333333333,3,{'lifecycle:transition': 'complete'},deviant
223,Analyze Request for Quotation,2011-02-01 17:09:30,2011-02-03 11:38:29,2011-02-03 11:41:29,Karel de Groot,77,0.1774650547789951,0,7,3,2,47733.2,2072.7,213.2,4,{'lifecycle:transition': 'complete'},deviant
223,Amend Request for Quotation,2011-02-03 11:41:29,2011-02-03 11:57:45,2011-02-03 12:09:45,Alberto Duport,79,0.057329051756705704,0,8,11,2,48237.75,504.55,717.75,4,{'lifecycle:transition': 'complete'},deviant
183,Create Quotation comparison Map,2011-02-02 21:38:15,2011-02-03 09:04:05,2011-02-03 12:46:05,Francois de Perrier,79,0.4004533434076313,0,10,9,2,48064.083333333336,2151.4,544.0833333333334,4,{'lifecycle:transition': 'complete'},deviant
204,Analyze Quotation Comparison Map,2011-02-03 06:16:15,2011-02-03 13:13:57,2011-02-03 13:20:57,Christian Francois,80,0.0646014355874575,0,9,13,2,48313.95,1737.4333333333334,793.95,4,{'lifecycle:transition': 'complete'},regular
204,Choose best option,2011-02-03 13:20:57,2011-02-03 13:36:37,2011-02-03 13:36:37,Penn Osterwalder,78,0.0,0,10,13,2,48336.61666666667,22.666666666666668,816.6166666666667,4,{'lifecycle:transition': 'complete'},regular
207,Settle Conditions With Supplier,2011-02-02 15:27:12,2011-02-03 09:55:33,2011-02-03 16:52:33,Magdalena Predutta,77,0.8897808840196448,10,9,1,2,47594.15,586.95,74.15,4,{'lifecycle:transition': 'complete'},deviant
224,Send Request for Quotation to Supplier,2011-02-02 06:00:15,2011-02-03 16:52:33,2011-02-03 17:12:33,Magdalena Predutta,77,0.07225160559123536,10,5,2,2,47682.433333333334,2618.7166666666667,162.43333333333334,4,{'lifecycle:transition': 'complete'},deviant
226,Send Request for Quotation to Supplier,2011-02-02 20:45:15,2011-02-03 16:59:56,2011-02-03 17:23:56,Francois de Perrier,79,0.07225160559123536,0,5,16,2,48539.933333333334,2987.866666666667,1019.9333333333333,4,{'lifecycle:transition': 'complete'},deviant
40_CF,Analyze Request for Quotation,2011-02-01 00:01:53,2011-02-03 17:12:33,2011-02-03 17:24:48,Magdalena Predutta,84,0.1774650547789951,6,3,3,2,47739.35,3115.75,219.35,4,{'lifecycle:transition': 'complete'},deviant
214,Create Purchase Order,2011-02-02 23:30:29,2011-02-03 17:24:48,2011-02-03 17:32:48,Magdalena Predutta,79,0.048073290517567056,15,10,10,2,48172.05,1286.5666666666666,652.05,4,{'lifecycle:transition': 'complete'},regular
222,Send Request for Quotation to Supplier,2011-02-02 21:08:15,2011-02-03 17:32:48,2011-02-03 18:12:48,Magdalena Predutta,79,0.07225160559123536,17,6,15,2,48438.683333333334,2835.3333333333335,918.6833333333333,4,{'lifecycle:transition': 'complete'},deviant
217,Send Request for Quotation to Supplier,2011-02-02 22:04:15,2011-02-03 18:00:03,2011-02-03 18:20:03,Francois de Perrier,79,0.07225160559123536,0,6,18,2,48600.05,2435.366666666667,1080.05,4,{'lifecycle:transition': 'complete'},deviant
235,Analyze Request for Quotation,2011-02-01 23:11:07,2011-02-03 18:46:45,2011-02-03 18:58:45,Francois de Perrier,76,0.1774650547789951,0,4,18,2,48646.76666665,2617.633333333333,1126.75,4,{'lifecycle:transition': 'complete'},regular
206,Create Quotation comparison Map,2011-02-03 09:55:33,2011-02-03 18:12:48,2011-02-03 21:49:48,Magdalena Predutta,80,0.4004533434076313,3,8,16,2,48494.166666666664,1011.4,974.1666666666666,4,{'lifecycle:transition': 'complete'},deviant
232,Analyze Request for Quotation,2011-02-01 15:23:23,2011-02-03 21:49:48,2011-02-03 22:15:48,Magdalena Predutta,77,0.1774650547789951,8,4,19,2,48695.88333333333,3134.5,1175.8833333333334,4,{'lifecycle:transition': 'complete'},regular
199,Confirm Purchase Order,2011-02-03 06:25:15,2011-02-04 00:16:39,2011-02-04 00:33:39,Karen Clarens,80,0.06752927842840951,0,10,0,2,48976.65,2114.85,16.65,5,{'lifecycle:transition': 'complete'},deviant
227,Create Quotation comparison Map,2011-02-03 03:40:39,2011-02-03 20:15:18,2011-02-04 01:28:18,Francois de Perrier,79,0.4004533434076313,0,5,20,2,48735.3,1031.65,1215.3,4,{'lifecycle:transition': 'complete'},regular
251,Create Purchase Requisition,2011-02-04 01:08:59,2011-02-04 01:08:59,2011-02-04 01:38:59,Christian Francois,76,0.1258027956176804,0,1,1,2,49028.99999998334,49028.99999998334,68.98333333333333,5,{'lifecycle:transition': 'complete'},deviant
236,Analyze Request for Quotation,2011-02-01 14:46:00,2011-02-04 01:28:18,2011-02-04 01:49:18,Francois de Perrier,78,0.1774650547789951,0,3,20,2,48774.11666665001,3264.1,1254.1,4,{'lifecycle:transition': 'complete'},regular
226,Create Quotation comparison Map,2011-02-03 17:23:56,2011-02-04 00:02:42,2011-02-04 02:17:42,Magdalena Predutta,77,0.4004533434076313,3,6,0,2,48962.7,422.76666666666665,2.7,5,{'lifecycle:transition': 'complete'},deviant
245,Create Request for Quotation,2011-02-02 14:10:59,2011-02-04 02:34:06,2011-02-04 02:40:06,Fjodor Kowalski,77,0.04731771817151492,0,2,2,2,49114.11666665001,2240.116666666667,154.1,5,{'lifecycle:transition': 'complete'},deviant
206,Analyze Quotation Comparison Map,2011-02-03 21:49:48,2011-02-04 04:55:51,2011-02-04 05:04:51,Elvira Lores,76,0.0646014355874575,0,9,4,2,49255.85,761.6833333333333,295.85,5,{'lifecycle:transition': 'complete'},deviant
0_CF,Send Request for Quotation to Supplier,2011-02-03 06:37:45,2011-02-04 02:17:42,2011-02-04 05:06:28,Magdalena Predutta,80,0.07225160559123536,14,4,1,2,49053.11666666667,1984.4666666666667,93.11666666666666,5,{'lifecycle:transition': 'complete'},deviant
206,Choose best option,2011-02-04 05:04:51,2011-02-04 05:26:02,2011-02-04 05:26:02,Esmana Liubiata,76,0.0,0,10,5,2,49286.03333333333,30.183333333333334,326.03333333333336,5,{'lifecycle:transition': 'complete'},deviant
210,Settle Conditions With Supplier,2011-02-03 10:21:49,2011-02-03 21:00:54,2011-02-04 07:53:54,Karel de Groot,80,0.8897808840196448,2,9,21,2,48780.9,639.0833333333334,1260.9,4,{'lifecycle:transition': 'complete'},deviant
1_CF,Send Request for Quotation to Supplier,2011-02-03 06:50:15,2011-02-04 05:06:28,2011-02-04 07:53:54,Magdalena Predutta,80,0.07225160559123536,13,4,1,2,49062.96666666667,1981.4833333333333,102.96666666666667,5,{'lifecycle:transition': 'complete'},deviant
233,Send Request for Quotation to Supplier,2011-02-03 07:31:15,2011-02-04 07:53:54,2011-02-04 08:17:54,Magdalena Predutta,80,0.07225160559123536,12,4,2,2,49087.03333333333,1995.3166666666666,127.03333333333333,5,{'lifecycle:transition': 'complete'},regular
227,Analyze Quotation Comparison Map,2011-02-04 01:28:18,2011-02-04 08:36:34,2011-02-04 08:59:34,Nico Ojenbeer,76,0.0646014355874575,0,6,8,2,49476.566666666666,741.2666666666667,516.5666666666667,5,{'lifecycle:transition': 'complete'},regular
227,Choose best option,2011-02-04 08:59:34,2011-02-04 09:08:59,2011-02-04 09:08:59,Anna Kaufmann,75,0.0,0,7,9,2,49508.98333333333,32.416666666666664,548.9833333333333,5,{'lifecycle:transition': 'complete'},regular
226,Analyze Quotation Comparison Map,2011-02-04 02:17:42,2011-02-04 09:22:19,2011-02-04 09:38:19,Elvira Lores,76,0.0646014355874575,0,7,9,2,49522.316666666666,559.6166666666667,562.3166666666667,5,{'lifecycle:transition': 'complete'},deviant
252,Create Purchase Requisition,2011-02-04 09:38:59,2011-02-04 09:38:59,2011-02-04 09:46:59,Alberto Duport,76,0.1258027956176804,0,1,9,2,49538.99999998334,49538.99999998334,578.9833333333333,5,{'lifecycle:transition': 'complete'},deviant
226,Choose best option,2011-02-04 09:38:19,2011-02-04 09:48:10,2011-02-04 09:48:10,Anne Olwada,75,0.0,0,8,9,2,49548.166666666664,25.85,588.1666666666666,5,{'lifecycle:transition': 'complete'},deviant
2_CF,Send Request for Quotation to Supplier,2011-02-03 07:43:44,2011-02-04 08:17:54,2011-02-04 11:03:58,Magdalena Predutta,80,0.07225160559123536,11,4,2,2,49113.76666666667,2016.1666666666667,153.76666666666668,5,{'lifecycle:transition': 'complete'},deviant
251,Create Request for Quotation,2011-02-04 01:38:59,2011-02-04 11:26:22,2011-02-04 11:36:22,Clement Duchot,76,0.04731771817151492,0,2,11,2,49646.38333331667,617.3833333333333,686.3666666666667,5,{'lifecycle:transition': 'complete'},deviant
222,Create Quotation comparison Map,2011-02-03 18:12:48,2011-02-04 07:53:54,2011-02-04 13:39:54,Karel de Groot,76,0.4004533434076313,0,7,0,2,49009.61666666667,570.9333333333333,49.61666666666667,5,{'lifecycle:transition': 'complete'},deviant
9_CF,Send Request for Quotation to Supplier,2011-02-03 07:56:13,2011-02-04 11:03:58,2011-02-04 13:48:26,Magdalena Predutta,80,0.07225160559123536,10,4,2,2,49123.53333333333,2016.05,163.53333333333333,5,{'lifecycle:transition': 'complete'},deviant
237,Analyze Request for Quotation,2011-02-03 03:45:25,2011-02-04 13:53:16,2011-02-04 14:21:16,Francois de Perrier,79,0.1774650547789951,0,5,13,2,49793.28333331667,2056.85,833.2666666666667,5,{'lifecycle:transition': 'complete'},deviant
217,Create Quotation comparison Map,2011-02-03 18:20:03,2011-02-04 13:39:54,2011-02-04 14:25:54,Karel de Groot,76,0.4004533434076313,0,7,1,2,49075.86666666667,475.81666666666666,115.86666666666666,5,{'lifecycle:transition': 'complete'},deviant
200,Send Request for Quotation to Supplier,2011-02-03 09:26:33,2011-02-04 14:25:54,2011-02-04 14:46:54,Karel de Groot,80,0.07225160559123536,2,7,4,2,49213.73333333333,1767.95,253.73333333333332,5,{'lifecycle:transition': 'complete'},deviant
0_CF,Create Quotation comparison Map,2011-02-04 05:06:28,2011-02-04 16:00:58,2011-02-04 16:16:45,Karel de Groot,76,0.4004533434076313,3,5,16,2,49920.96666666667,867.85,960.9666666666667,5,{'lifecycle:transition': 'complete'},deviant
18_CF,Send Request for Quotation to Supplier,2011-02-03 08:08:41,2011-02-04 13:48:26,2011-02-04 16:31:30,Magdalena Predutta,80,0.07225160559123536,9,4,2,2,49133.25,2012.6,173.25,5,{'lifecycle:transition': 'complete'},deviant
1_CF,Create Quotation comparison Map,2011-02-04 07:53:54,2011-02-04 16:16:45,2011-02-04 16:32:36,Karel de Groot,75,0.4004533434076313,3,5,16,2,49930.9,867.9333333333333,970.9,5,{'lifecycle:transition': 'complete'},deviant
232,Send Request for Quotation to Supplier,2011-02-03 22:15:48,2011-02-04 18:01:21,2011-02-04 18:23:21,Francois de Perrier,76,0.07225160559123536,1,5,18,2,50041.35,1345.4666666666667,1081.35,5,{'lifecycle:transition': 'complete'},regular
242,Analyze Purchase Requisition,2011-02-02 03:25:59,2011-02-04 18:48:14,2011-02-04 18:53:14,Maris Freeman,77,0.03333962976955043,0,2,18,2,50088.24999998334,3810.25,1128.2333333333333,5,{'lifecycle:transition': 'complete'},deviant
22_CF,Send Request for Quotation to Supplier,2011-02-03 08:21:09,2011-02-04 16:31:30,2011-02-04 19:13:22,Magdalena Predutta,80,0.07225160559123536,8,4,3,2,49142.933333333334,2009.0,182.93333333333334,5,{'lifecycle:transition': 'complete'},deviant
242,Create Request for Quotation,2011-02-04 18:53:14,2011-02-04 19:14:19,2011-02-04 19:17:19,Maris Freeman,75,0.04731771817151492,0,3,19,2,50114.333333316674,26.083333333333332,1154.3166666666666,5,{'lifecycle:transition': 'complete'},deviant
230,Analyze Request for Quotation,2011-02-03 04:47:36,2011-02-04 19:10:06,2011-02-04 19:34:06,Francois de Perrier,79,0.1774650547789951,0,5,19,2,50110.1,2316.5,1150.1,5,{'lifecycle:transition': 'complete'},deviant
230,Amend Request for Quotation,2011-02-04 19:34:06,2011-02-04 19:51:32,2011-02-04 19:58:32,Clement Duchot,75,0.057329051756705704,0,6,19,2,50151.53333333333,41.43333333333333,1191.5333333333333,5,{'lifecycle:transition': 'complete'},deviant
254,Create Purchase Requisition,2011-02-04 20:03:59,2011-02-04 20:03:59,2011-02-04 20:26:59,Miu Hanwan,76,0.1258027956176804,0,1,20,2,50163.99999998334,50163.99999998334,1203.9833333333333,5,{'lifecycle:transition': 'complete'},deviant
222,Analyze Quotation Comparison Map,2011-02-04 13:39:54,2011-02-04 20:44:37,2011-02-04 20:55:37,Alberto Duport,76,0.0646014355874575,0,8,20,2,50204.61666666667,1195.0,1244.6166666666666,5,{'lifecycle:transition': 'complete'},deviant
222,Choose best option,2011-02-04 20:55:37,2011-02-04 21:18:27,2011-02-04 21:18:27,Fjodor Kowalski,76,0.0,0,9,21,2,50238.45,33.833333333333336,1278.45,5,{'lifecycle:transition': 'complete'},deviant
217,Analyze Quotation Comparison Map,2011-02-04 14:25:54,2011-02-04 21:31:48,2011-02-04 21:47:48,Anna Kaufmann,75,0.0646014355874575,0,8,21,2,50251.8,1175.9333333333334,1291.8,5,{'lifecycle:transition': 'complete'},deviant
23_CF,Send Request for Quotation to Supplier,2011-02-03 08:33:37,2011-02-04 19:13:22,2011-02-04 21:53:48,Magdalena Predutta,80,0.07225160559123536,7,4,3,2,49152.583333333336,2005.2666666666667,192.58333333333334,5,{'lifecycle:transition': 'complete'},deviant
217,Choose best option,2011-02-04 21:47:48,2011-02-04 22:10:14,2011-02-04 22:10:14,Anna Kaufmann,76,0.0,0,9,22,2,50290.23333333333,38.43333333333333,1330.2333333333333,5,{'lifecycle:transition': 'complete'},deviant
233,Create Quotation comparison Map,2011-02-04 08:17:54,2011-02-04 19:18:47,2011-02-04 22:36:47,Karel de Groot,75,0.4004533434076313,2,5,19,2,50118.78333333333,1031.75,1158.7833333333333,5,{'lifecycle:transition': 'complete'},regular
2_CF,Create Quotation comparison Map,2011-02-04 11:03:58,2011-02-04 22:36:47,2011-02-04 22:52:57,Karel de Groot,76,0.4004533434076313,2,5,22,2,50281.583333333336,1167.8166666666666,1321.5833333333333,5,{'lifecycle:transition': 'complete'},deviant
0_CF,Analyze Quotation Comparison Map,2011-02-04 16:16:45,2011-02-04 23:20:22,2011-02-04 23:20:22,Anne Olwada,75,0.0646014355874575,0,6,23,2,50360.36666666667,439.4,1400.3666666666666,5,{'lifecycle:transition': 'complete'},deviant
1_CF,Analyze Quotation Comparison Map,2011-02-04 16:32:36,2011-02-04 23:35:15,2011-02-04 23:35:15,Anne Olwada,75,0.0646014355874575,0,6,23,2,50375.25,444.35,1415.25,5,{'lifecycle:transition': 'complete'},deviant
224,Create Quotation comparison Map,2011-02-03 17:12:33,2011-02-04 21:53:48,2011-02-05 01:05:48,Magdalena Predutta,77,0.4004533434076313,4,6,3,2,49157.066666666666,1474.6333333333334,197.06666666666666,5,{'lifecycle:transition': 'complete'},deviant
200,Create Quotation comparison Map,2011-02-04 14:46:54,2011-02-04 23:13:44,2011-02-05 02:14:44,Karel de Groot,75,0.4004533434076313,0,8,23,2,50353.73333333333,1140.0,1393.7333333333333,5,{'lifecycle:transition': 'complete'},deviant
210,Create Purchase Order,2011-02-04 07:53:54,2011-02-05 02:14:44,2011-02-05 02:27:44,Karel de Groot,75,0.048073290517567056,3,10,23,2,50360.5,1579.6,1400.5,5,{'lifecycle:transition': 'complete'},deviant
9_CF,Create Quotation comparison Map,2011-02-04 13:48:26,2011-02-05 02:27:44,2011-02-05 02:42:50,Karel de Groot,76,0.4004533434076313,1,5,0,2,50447.583333333336,1324.05,47.583333333333336,6,{'lifecycle:transition': 'complete'},deviant
36_CF,Send Request for Quotation to Supplier,2011-02-03 08:46:05,2011-02-05 01:05:48,2011-02-05 03:27:00,Magdalena Predutta,80,0.07225160559123536,6,4,3,2,49162.2,2001.4,202.2,5,{'lifecycle:transition': 'complete'},deviant
18_CF,Create Quotation comparison Map,2011-02-04 16:31:30,2011-02-05 03:31:21,2011-02-05 03:46:32,Karel de Groot,75,0.4004533434076313,0,5,3,2,50611.35,1478.1,211.35,6,{'lifecycle:transition': 'complete'},deviant
232,Create Quotation comparison Map,2011-02-04 18:23:21,2011-02-05 02:47:15,2011-02-05 05:47:15,Francois de Perrier,75,0.4004533434076313,0,6,2,2,50567.25,525.9,167.25,6,{'lifecycle:transition': 'complete'},regular
39_CF,Send Request for Quotation to Supplier,2011-02-03 08:58:33,2011-02-05 03:27:00,2011-02-05 05:47:39,Magdalena Predutta,80,0.07225160559123536,5,4,3,2,49171.8,1997.4,211.8,5,{'lifecycle:transition': 'complete'},deviant
195,Analyze Request for Quotation,2011-02-02 21:07:30,2011-02-05 05:47:39,2011-02-05 05:48:39,Magdalena Predutta,79,0.1774650547789951,17,9,5,2,49274.0,1933.5,314.0,5,{'lifecycle:transition': 'complete'},deviant
207,Create Purchase Order,2011-02-03 16:52:33,2011-02-05 05:48:39,2011-02-05 05:59:39,Magdalena Predutta,77,0.048073290517567056,5,10,5,2,49305.083333333336,1710.9333333333334,345.0833333333333,5,{'lifecycle:transition': 'complete'},deviant
254,Create Request for Quotation,2011-02-04 20:26:59,2011-02-05 06:14:22,2011-02-05 06:24:22,Penn Osterwalder,76,0.04731771817151492,0,2,6,2,50774.38333331667,610.3833333333333,374.3666666666667,6,{'lifecycle:transition': 'complete'},deviant
229,Send Request for Quotation to Supplier,2011-02-03 11:38:29,2011-02-05 05:59:39,2011-02-05 06:26:39,Magdalena Predutta,79,0.07225160559123536,3,6,6,2,49374.28333333333,2023.95,414.28333333333336,5,{'lifecycle:transition': 'complete'},deviant
22_CF,Create Quotation comparison Map,2011-02-04 19:13:22,2011-02-05 06:14:44,2011-02-05 06:30:04,Karel de Groot,75,0.4004533434076313,0,5,6,2,50774.73333333333,1631.8,374.73333333333335,6,{'lifecycle:transition': 'complete'},deviant
221,Analyze Request for Quotation,2011-02-02 22:11:29,2011-02-05 06:26:39,2011-02-05 06:40:39,Magdalena Predutta,79,0.1774650547789951,13,7,10,2,49585.71666666667,2185.233333333333,625.7166666666667,5,{'lifecycle:transition': 'complete'},deviant
249,Analyze Purchase Requisition,2011-02-03 05:19:59,2011-02-05 06:37:47,2011-02-05 06:44:47,Maris Freeman,79,0.03333962976955043,0,2,6,2,50797.799999983334,2980.8,397.78333333333336,6,{'lifecycle:transition': 'complete'},deviant
195,Amend Request for Quotation,2011-02-05 05:48:39,2011-02-05 07:05:45,2011-02-05 07:15:45,Fjodor Kowalski,75,0.057329051756705704,0,10,7,2,50825.75,1551.75,425.75,6,{'lifecycle:transition': 'complete'},deviant
249,Create Request for Quotation,2011-02-05 06:44:47,2011-02-05 07:15:59,2011-02-05 07:17:59,Francis Odell,74,0.04731771817151492,0,3,7,2,50835.99999998334,38.2,435.98333333333335,6,{'lifecycle:transition': 'complete'},deviant
250,Analyze Purchase Requisition,2011-02-03 05:55:59,2011-02-05 07:27:26,2011-02-05 07:31:26,Heinz Gutschmidt,80,0.03333962976955043,0,2,7,2,50847.449999983335,2989.45,447.43333333333334,6,{'lifecycle:transition': 'complete'},regular
250,Create Request for Quotation,2011-02-05 07:31:26,2011-02-05 08:02:35,2011-02-05 08:04:35,Francis Odell,73,0.04731771817151492,0,3,8,2,50882.59999998334,35.15,482.5833333333333,6,{'lifecycle:transition': 'complete'},regular
0_CF,Choose best option,2011-02-04 23:20:22,2011-02-04 23:38:52,2011-02-05 08:06:55,Anne Olwada,76,0.0,0,7,23,2,50378.86666666667,18.5,1418.8666666666666,5,{'lifecycle:transition': 'complete'},deviant
40_CF,Send Request for Quotation to Supplier,2011-02-03 17:24:48,2011-02-05 06:40:39,2011-02-05 08:28:01,Magdalena Predutta,77,0.07225160559123536,3,4,13,2,49779.0,2039.65,819.0,5,{'lifecycle:transition': 'complete'},deviant
224,Analyze Quotation Comparison Map,2011-02-05 01:05:48,2011-02-05 08:10:23,2011-02-05 08:32:23,Tesca Lobes,76,0.0646014355874575,0,7,8,2,50890.38333333333,1733.3166666666666,490.3833333333333,6,{'lifecycle:transition': 'complete'},deviant
235,Send Request for Quotation to Supplier,2011-02-03 18:58:45,2011-02-05 08:28:01,2011-02-05 08:54:01,Magdalena Predutta,76,0.07225160559123536,0,5,13,2,49798.53333331667,1151.7666666666667,838.5166666666667,5,{'lifecycle:transition': 'complete'},regular
224,Choose best option,2011-02-05 08:32:23,2011-02-05 08:55:22,2011-02-05 08:55:22,Miu Hanwan,73,0.0,0,8,8,2,50935.36666666667,44.983333333333334,535.3666666666667,6,{'lifecycle:transition': 'complete'},deviant
36_CF,Create Quotation comparison Map,2011-02-05 03:27:00,2011-02-05 08:52:24,2011-02-05 09:07:33,Karel de Groot,75,0.4004533434076313,0,5,8,2,50932.4,1770.2,532.4,6,{'lifecycle:transition': 'complete'},deviant
23_CF,Create Quotation comparison Map,2011-02-04 21:53:48,2011-02-05 09:07:33,2011-02-05 09:23:03,Karel de Groot,76,0.4004533434076313,0,5,8,2,50937.5,1784.9166666666667,537.5,6,{'lifecycle:transition': 'complete'},deviant
200,Analyze Quotation Comparison Map,2011-02-05 02:14:44,2011-02-05 09:19:58,2011-02-05 09:45:58,Alberto Duport,76,0.0646014355874575,0,9,9,2,50959.96666666667,606.2333333333333,559.9666666666667,6,{'lifecycle:transition': 'complete'},deviant
200,Choose best option,2011-02-05 09:45:58,2011-02-05 10:05:53,2011-02-05 10:05:53,Esmana Liubiata,73,0.0,0,10,10,2,51005.88333333333,45.916666666666664,605.8833333333333,6,{'lifecycle:transition': 'complete'},deviant
229,Create Quotation comparison Map,2011-02-05 06:26:39,2011-02-05 09:28:19,2011-02-05 10:27:19,Francois de Perrier,74,0.4004533434076313,0,7,9,2,50968.316666666666,1594.0333333333333,568.3166666666667,6,{'lifecycle:transition': 'complete'},deviant
39_CF,Create Quotation comparison Map,2011-02-05 05:47:39,2011-02-05 10:57:28,2011-02-05 11:12:44,Karel de Groot,75,0.4004533434076313,0,5,10,2,51057.46666666667,1885.6666666666667,657.4666666666667,6,{'lifecycle:transition': 'complete'},deviant
247,Analyze Purchase Requisition,2011-02-02 19:19:59,2011-02-05 11:12:18,2011-02-05 11:20:18,Maris Freeman,78,0.03333962976955043,0,2,11,2,51072.316666650004,3860.3166666666666,672.3,6,{'lifecycle:transition': 'complete'},deviant
257,Create Purchase Requisition,2011-02-05 11:18:59,2011-02-05 11:18:59,2011-02-05 11:32:59,Nico Ojenbeer,73,0.1258027956176804,0,1,11,2,51078.99999998334,51078.99999998334,678.9833333333333,6,{'lifecycle:transition': 'complete'},deviant
247,Create Request for Quotation,2011-02-05 11:20:18,2011-02-05 11:42:34,2011-02-05 11:43:34,Francis Odell,73,0.04731771817151492,0,3,11,2,51102.583333316674,30.266666666666666,702.5666666666667,6,{'lifecycle:transition': 'complete'},deviant
232,Analyze Quotation Comparison Map,2011-02-05 05:47:15,2011-02-05 12:47:50,2011-02-05 13:19:50,Kim Passa,75,0.0646014355874575,0,7,12,2,51167.833333333336,600.5833333333334,767.8333333333334,6,{'lifecycle:transition': 'complete'},regular
227,Settle Conditions With Supplier,2011-02-04 09:08:59,2011-02-05 08:54:01,2011-02-05 13:20:01,Magdalena Predutta,75,0.8897808840196448,10,8,17,2,49985.73333333333,476.75,1025.7333333333333,5,{'lifecycle:transition': 'complete'},regular
232,Choose best option,2011-02-05 13:19:50,2011-02-05 13:35:22,2011-02-05 13:35:22,Fjodor Kowalski,73,0.0,0,8,13,2,51215.36666666667,47.53333333333333,815.3666666666667,6,{'lifecycle:transition': 'complete'},regular
248,Analyze Purchase Requisition,2011-02-02 21:34:59,2011-02-05 13:56:30,2011-02-05 14:01:30,Maris Freeman,79,0.03333962976955043,0,2,13,2,51236.51666665,3915.516666666667,836.5,6,{'lifecycle:transition': 'complete'},deviant
248,Create Request for Quotation,2011-02-05 14:01:30,2011-02-05 14:23:47,2011-02-05 14:26:47,Francis Odell,73,0.04731771817151492,0,3,14,2,51263.799999983334,27.283333333333335,863.7833333333333,6,{'lifecycle:transition': 'complete'},deviant
259,Create Purchase Requisition,2011-02-05 15:12:59,2011-02-05 15:12:59,2011-02-05 15:25:59,Esmana Liubiata,75,0.1258027956176804,0,1,15,2,51312.99999998334,51312.99999998334,912.9833333333333,6,{'lifecycle:transition': 'complete'},deviant
258,Create Purchase Requisition,2011-02-05 14:50:59,2011-02-05 14:50:59,2011-02-05 15:26:59,Clement Duchot,74,0.1258027956176804,0,1,14,2,51290.99999998334,51290.99999998334,890.9833333333333,6,{'lifecycle:transition': 'complete'},regular
1_CF,Choose best option,2011-02-04 23:35:15,2011-02-05 08:06:55,2011-02-05 16:37:55,Anne Olwada,76,0.0,0,7,0,2,50403.416666666664,28.166666666666668,3.4166666666666665,6,{'lifecycle:transition': 'complete'},deviant
252,Analyze Purchase Requisition,2011-02-04 09:46:59,2011-02-05 16:42:01,2011-02-05 16:47:01,Maris Freeman,76,0.03333962976955043,0,2,16,2,51402.03333331667,1863.0333333333333,1002.0166666666667,6,{'lifecycle:transition': 'complete'},deviant
233,Analyze Quotation Comparison Map,2011-02-04 22:36:47,2011-02-05 16:37:55,2011-02-05 17:03:55,Anne Olwada,76,0.0646014355874575,0,6,5,2,50740.583333333336,621.8,340.5833333333333,6,{'lifecycle:transition': 'complete'},regular
2_CF,Analyze Quotation Comparison Map,2011-02-04 22:52:57,2011-02-05 17:03:55,2011-02-05 17:03:55,Anne Olwada,76,0.0646014355874575,0,6,5,2,50756.6,475.01666666666665,356.6,6,{'lifecycle:transition': 'complete'},deviant
9_CF,Analyze Quotation Comparison Map,2011-02-05 02:42:50,2011-02-05 17:03:55,2011-02-05 17:03:55,Anne Olwada,75,0.0646014355874575,1,6,9,2,50985.25,537.6666666666666,585.25,6,{'lifecycle:transition': 'complete'},deviant
18_CF,Analyze Quotation Comparison Map,2011-02-05 03:46:32,2011-02-05 17:03:55,2011-02-05 17:03:55,Anne Olwada,75,0.0646014355874575,1,6,10,2,51048.98333333333,437.6333333333333,648.9833333333333,6,{'lifecycle:transition': 'complete'},deviant
22_CF,Analyze Quotation Comparison Map,2011-02-05 06:30:04,2011-02-05 17:03:55,2011-02-05 17:03:55,Anne Olwada,74,0.0646014355874575,3,6,13,2,51212.55,437.81666666666666,812.55,6,{'lifecycle:transition': 'complete'},deviant
36_CF,Analyze Quotation Comparison Map,2011-02-05 09:07:33,2011-02-05 17:03:55,2011-02-05 17:03:55,Anne Olwada,73,0.0646014355874575,2,6,16,2,51360.916666666664,428.51666666666665,960.9166666666666,6,{'lifecycle:transition': 'complete'},deviant
23_CF,Analyze Quotation Comparison Map,2011-02-05 09:23:03,2011-02-05 17:03:55,2011-02-05 17:03:55,Anne Olwada,73,0.0646014355874575,2,6,16,2,51385.4,447.9,985.4,6,{'lifecycle:transition': 'complete'},deviant
252,Create Request for Quotation,2011-02-05 16:47:01,2011-02-05 17:06:35,2011-02-05 17:07:35,Francis Odell,75,0.04731771817151492,0,3,17,2,51426.59999998334,24.566666666666666,1026.5833333333333,6,{'lifecycle:transition': 'complete'},deviant
233,Choose best option,2011-02-05 17:03:55,2011-02-05 17:11:49,2011-02-05 17:11:49,Anne Olwada,76,0.0,6,7,17,2,51431.816666666666,691.2333333333333,1031.8166666666666,6,{'lifecycle:transition': 'complete'},regular
260,Create Purchase Requisition,2011-02-05 16:54:59,2011-02-05 16:54:59,2011-02-05 17:12:59,Kim Passa,76,0.1258027956176804,0,1,16,2,51414.99999998334,51414.99999998334,1014.9833333333333,6,{'lifecycle:transition': 'complete'},deviant
229,Analyze Quotation Comparison Map,2011-02-05 10:27:19,2011-02-05 17:19:22,2011-02-05 17:42:22,Fjodor Kowalski,72,0.0646014355874575,0,8,17,2,51439.36666666667,471.05,1039.3666666666666,6,{'lifecycle:transition': 'complete'},deviant
229,Choose best option,2011-02-05 17:42:22,2011-02-05 17:51:06,2011-02-05 17:51:06,Penn Osterwalder,76,0.0,0,9,17,2,51471.1,31.733333333333334,1071.1,6,{'lifecycle:transition': 'complete'},deviant
217,Settle Conditions With Supplier,2011-02-04 22:10:14,2011-02-05 11:45:16,2011-02-05 22:45:16,Karel de Groot,76,0.8897808840196448,1,10,11,2,51105.26666666667,815.0333333333333,705.2666666666667,6,{'lifecycle:transition': 'complete'},deviant
222,Settle Conditions With Supplier,2011-02-04 21:18:27,2011-02-05 12:15:55,2011-02-05 22:48:55,Francois de Perrier,76,0.8897808840196448,0,10,12,2,51135.916666666664,897.4666666666667,735.9166666666666,6,{'lifecycle:transition': 'complete'},deviant
235,Create Quotation comparison Map,2011-02-05 08:54:01,2011-02-05 22:45:16,2011-02-05 23:24:16,Karel de Groot,73,0.4004533434076313,0,6,13,2,51202.45,1403.9166666833332,802.45,6,{'lifecycle:transition': 'complete'},regular
40_CF,Create Quotation comparison Map,2011-02-05 08:28:01,2011-02-05 23:24:16,2011-02-05 23:39:45,Karel de Groot,73,0.4004533434076313,0,5,14,2,51299.666666666664,1520.6666666666667,899.6666666666666,6,{'lifecycle:transition': 'complete'},deviant
0_CF,Settle Conditions With Supplier,2011-02-05 08:06:55,2011-02-05 23:31:42,2011-02-05 23:41:09,Francois de Perrier,73,0.8897808840196448,0,8,23,2,51811.7,1432.8333333333333,1411.7,6,{'lifecycle:transition': 'complete'},deviant
227,Create Purchase Order,2011-02-05 13:20:01,2011-02-06 00:02:25,2011-02-06 00:13:25,Karel de Groot,73,0.048073290517567056,0,9,0,2,51842.416666666664,1856.6833333333334,2.4166666666666665,7,{'lifecycle:transition': 'complete'},regular
221,Send Request for Quotation to Supplier,2011-02-05 06:40:39,2011-02-06 00:53:07,2011-02-06 01:09:07,Francois de Perrier,74,0.07225160559123536,0,8,0,2,51893.11666666667,2307.4,53.11666666666667,7,{'lifecycle:transition': 'complete'},deviant
263,Create Purchase Requisition,2011-02-06 01:06:59,2011-02-06 01:06:59,2011-02-06 01:42:59,Christian Francois,75,0.1258027956176804,0,1,1,2,51906.99999998334,51906.99999998334,66.98333333333333,7,{'lifecycle:transition': 'complete'},deviant
2_CF,Choose best option,2011-02-05 17:03:55,2011-02-05 17:11:59,2011-02-06 01:44:23,Anne Olwada,76,0.0,5,7,17,2,51431.98333333333,675.3833333333333,1031.9833333333333,6,{'lifecycle:transition': 'complete'},deviant
226,Settle Conditions With Supplier,2011-02-04 09:48:10,2011-02-05 13:20:01,2011-02-06 03:12:01,Magdalena Predutta,76,0.8897808840196448,10,9,22,2,50281.65,733.4833333333333,1321.65,5,{'lifecycle:transition': 'complete'},deviant
223,Analyze Request for Quotation,2011-02-03 12:09:45,2011-02-06 03:12:01,2011-02-06 03:31:01,Magdalena Predutta,79,0.1774650547789951,3,9,23,2,50352.1,2114.35,1392.1,5,{'lifecycle:transition': 'complete'},deviant
236,Send Request for Quotation to Supplier,2011-02-04 01:49:18,2011-02-06 03:31:01,2011-02-06 03:56:01,Magdalena Predutta,76,0.07225160559123536,2,4,23,2,50363.833333333336,1589.7166666833332,1403.8333333333333,5,{'lifecycle:transition': 'complete'},regular
260,Create Request for Quotation,2011-02-05 17:12:59,2011-02-06 04:36:50,2011-02-06 04:50:50,Fjodor Kowalski,76,0.04731771817151492,0,2,4,2,52116.84999998334,701.85,276.8333333333333,7,{'lifecycle:transition': 'complete'},deviant
235,Analyze Quotation Comparison Map,2011-02-05 23:24:16,2011-02-06 06:16:34,2011-02-06 06:45:34,Clement Duchot,74,0.0646014355874575,0,7,6,2,52216.566666666666,1014.1166666666667,376.56666666666666,7,{'lifecycle:transition': 'complete'},regular
235,Choose best option,2011-02-06 06:45:34,2011-02-06 06:59:46,2011-02-06 06:59:46,Immanuel Karagianni,75,0.0,0,8,6,2,52259.76666666667,43.2,419.76666666666665,7,{'lifecycle:transition': 'complete'},regular
223,Amend Request for Quotation,2011-02-06 03:31:01,2011-02-06 07:38:59,2011-02-06 07:46:59,Esmana Liubiata,75,0.057329051756705704,0,10,7,2,52298.98333333333,1946.8833333333334,458.98333333333335,7,{'lifecycle:transition': 'complete'},deviant
266,Create Purchase Requisition,2011-02-06 08:31:59,2011-02-06 08:31:59,2011-02-06 09:00:59,Kim Passa,75,0.1258027956176804,0,1,8,2,52351.99999998334,52351.99999998334,511.98333333333335,7,{'lifecycle:transition': 'complete'},regular
229,Settle Conditions With Supplier,2011-02-05 17:51:06,2011-02-06 01:09:57,2011-02-06 10:06:57,Francois de Perrier,76,0.8897808840196448,0,10,1,2,51909.95,438.85,69.95,7,{'lifecycle:transition': 'complete'},deviant
36_CF,Choose best option,2011-02-05 17:03:55,2011-02-06 01:44:23,2011-02-06 10:17:43,Anne Olwada,76,0.0,1,7,17,2,51436.36666666667,75.45,1036.3666666666666,6,{'lifecycle:transition': 'complete'},deviant
230,Analyze Request for Quotation,2011-02-04 19:58:32,2011-02-06 10:06:57,2011-02-06 10:30:57,Francois de Perrier,75,0.1774650547789951,0,7,5,2,52160.21666666667,2008.6833333333334,320.21666666666664,7,{'lifecycle:transition': 'complete'},deviant
226,Create Purchase Order,2011-02-06 03:12:01,2011-02-06 11:38:50,2011-02-06 11:44:50,Karel de Groot,75,0.048073290517567056,0,10,11,2,52538.833333333336,2257.1833333333334,698.8333333333334,7,{'lifecycle:transition': 'complete'},deviant
268,Create Purchase Requisition,2011-02-06 11:54:59,2011-02-06 11:54:59,2011-02-06 12:15:59,Alberto Duport,74,0.1258027956176804,0,1,11,2,52554.99999998334,52554.99999998334,714.9833333333333,7,{'lifecycle:transition': 'complete'},deviant
232,Settle Conditions With Supplier,2011-02-05 13:35:22,2011-02-06 03:56:01,2011-02-06 12:33:01,Magdalena Predutta,73,0.8897808840196448,2,9,21,2,51664.3,448.93333333333334,1264.3,6,{'lifecycle:transition': 'complete'},regular
0_CF,Create Purchase Order,2011-02-05 23:41:09,2011-02-06 12:33:01,2011-02-06 12:51:13,Magdalena Predutta,74,0.048073290517567056,3,9,10,2,52463.86666666667,652.1666666666666,623.8666666666667,7,{'lifecycle:transition': 'complete'},deviant
236,Create Quotation comparison Map,2011-02-06 03:56:01,2011-02-06 14:39:33,2011-02-06 15:17:33,Magdalena Predutta,75,0.4004533434076313,1,5,14,2,52719.55,2355.7166666666667,879.55,7,{'lifecycle:transition': 'complete'},regular
269,Create Purchase Requisition,2011-02-06 17:11:59,2011-02-06 17:11:59,2011-02-06 18:06:59,Elvira Lores,75,0.1258027956176804,0,1,17,2,52871.99999998334,52871.99999998334,1031.9833333333333,7,{'lifecycle:transition': 'complete'},regular
23_CF,Choose best option,2011-02-05 17:03:55,2011-02-06 10:17:43,2011-02-06 18:51:27,Anne Olwada,76,0.0,0,7,17,2,51442.416666666664,57.016666666666666,1042.4166666666667,6,{'lifecycle:transition': 'complete'},deviant
224,Settle Conditions With Supplier,2011-02-05 08:55:22,2011-02-06 10:30:57,2011-02-06 18:51:57,Francois de Perrier,73,0.8897808840196448,0,9,5,2,52185.833333333336,1250.4666666666667,345.8333333333333,7,{'lifecycle:transition': 'complete'},deviant
227,Confirm Purchase Order,2011-02-06 00:13:25,2011-02-06 18:59:12,2011-02-06 19:09:12,Carmen Finacse,74,0.06752927842840951,0,10,18,2,52979.2,1136.7833333333333,1139.2,7,{'lifecycle:transition': 'complete'},regular
266,Create Request for Quotation,2011-02-06 09:00:59,2011-02-06 19:46:09,2011-02-06 19:54:09,Penn Osterwalder,75,0.04731771817151492,0,2,19,2,53026.16666665,674.1666666666666,1186.15,7,{'lifecycle:transition': 'complete'},regular
270,Create Purchase Requisition,2011-02-06 20:47:59,2011-02-06 20:47:59,2011-02-06 20:56:59,Tesca Lobes,75,0.1258027956176804,0,1,20,2,53087.99999998334,53087.99999998334,1247.9833333333333,7,{'lifecycle:transition': 'complete'},deviant
245,Analyze Request for Quotation,2011-02-04 02:40:06,2011-02-06 21:25:06,2011-02-06 21:42:06,Karel de Groot,76,0.1774650547789951,2,3,21,2,53125.11666665001,4011.0,1285.1,7,{'lifecycle:transition': 'complete'},deviant
257,Analyze Purchase Requisition,2011-02-05 11:32:59,2011-02-06 22:03:08,2011-02-06 22:08:08,Heinz Gutschmidt,73,0.03333962976955043,0,2,22,2,53163.14999998334,2084.15,1323.1333333333334,7,{'lifecycle:transition': 'complete'},deviant
236,Analyze Quotation Comparison Map,2011-02-06 15:17:33,2011-02-06 22:14:28,2011-02-06 22:25:28,Esmana Liubiata,74,0.0646014355874575,0,6,22,2,53174.46666666667,454.9166666666667,1334.4666666666667,7,{'lifecycle:transition': 'complete'},regular
236,Choose best option,2011-02-06 22:25:28,2011-02-06 22:30:09,2011-02-06 22:30:09,Fjodor Kowalski,75,0.0,0,7,22,2,53190.15,15.683333333333334,1350.15,7,{'lifecycle:transition': 'complete'},regular
257,Create Request for Quotation,2011-02-06 22:08:08,2011-02-06 22:42:55,2011-02-06 22:43:55,Francis Odell,75,0.04731771817151492,0,3,22,2,53202.93333331667,39.78333333333333,1362.9166666666667,7,{'lifecycle:transition': 'complete'},deviant
245,Amend Request for Quotation,2011-02-06 21:42:06,2011-02-06 23:07:17,2011-02-06 23:22:17,Christian Francois,75,0.057329051756705704,0,4,23,2,53227.299999983334,102.18333333333334,1387.2833333333333,7,{'lifecycle:transition': 'complete'},deviant
259,Analyze Purchase Requisition,2011-02-05 15:25:59,2011-02-07 01:57:00,2011-02-07 02:01:00,Francis Odell,75,0.03333962976955043,0,2,1,2,53397.01666665,2084.016666666667,117.0,1,{'lifecycle:transition': 'complete'},deviant
259,Create Request for Quotation,2011-02-07 02:01:00,2011-02-07 02:31:02,2011-02-07 02:32:02,Francis Odell,75,0.04731771817151492,0,3,2,2,53431.049999983334,34.03333333333333,151.03333333333333,1,{'lifecycle:transition': 'complete'},deviant
258,Analyze Purchase Requisition,2011-02-05 15:26:59,2011-02-07 02:31:39,2011-02-07 02:40:39,Maris Freeman,75,0.03333962976955043,0,2,2,2,53431.66666665,2140.6666666666665,151.65,1,{'lifecycle:transition': 'complete'},regular
258,Create Request for Quotation,2011-02-07 02:40:39,2011-02-07 03:12:45,2011-02-07 03:15:45,Maris Freeman,75,0.04731771817151492,0,3,3,2,53472.76666665,41.1,192.75,1,{'lifecycle:transition': 'complete'},regular
22_CF,Choose best option,2011-02-05 17:03:55,2011-02-06 18:51:27,2011-02-07 03:25:52,Anne Olwada,76,0.0,2,7,17,2,51444.0,231.45,1044.0,6,{'lifecycle:transition': 'complete'},deviant
272,Create Purchase Requisition,2011-02-07 02:47:59,2011-02-07 02:47:59,2011-02-07 03:25:59,Immanuel Karagianni,76,0.1258027956176804,0,1,2,2,53447.99999998334,53447.99999998334,167.98333333333332,1,{'lifecycle:transition': 'complete'},deviant
273,Create Purchase Requisition,2011-02-07 03:22:59,2011-02-07 03:22:59,2011-02-07 03:52:59,Miu Hanwan,77,0.1258027956176804,0,1,3,2,53482.99999998334,53482.99999998334,202.98333333333332,1,{'lifecycle:transition': 'complete'},deviant
251,Analyze Request for Quotation,2011-02-04 11:36:22,2011-02-07 04:03:08,2011-02-07 04:23:08,Magdalena Predutta,76,0.1774650547789951,10,3,4,2,53523.14999998334,3876.766666666667,243.13333333333333,1,{'lifecycle:transition': 'complete'},deviant
224,Create Purchase Order,2011-02-06 18:51:57,2011-02-07 04:23:08,2011-02-07 04:31:08,Magdalena Predutta,75,0.048073290517567056,0,10,4,2,53542.21666666667,1356.3833333333334,262.21666666666664,1,{'lifecycle:transition': 'complete'},deviant
263,Analyze Purchase Requisition,2011-02-06 01:42:59,2011-02-07 04:54:43,2011-02-07 05:00:43,Maris Freeman,75,0.03333962976955043,0,2,4,2,53574.73333331667,1667.7333333333333,294.71666666666664,1,{'lifecycle:transition': 'complete'},deviant
263,Create Request for Quotation,2011-02-07 05:00:43,2011-02-07 05:28:22,2011-02-07 05:29:22,Francis Odell,76,0.04731771817151492,0,3,5,2,53608.38333331667,33.65,328.3666666666667,1,{'lifecycle:transition': 'complete'},deviant
251,Amend Request for Quotation,2011-02-07 04:23:08,2011-02-07 05:24:52,2011-02-07 05:34:52,Miu Hanwan,77,0.057329051756705704,0,4,5,2,53604.88333331667,81.73333333333333,324.8666666666667,1,{'lifecycle:transition': 'complete'},deviant
233,Settle Conditions With Supplier,2011-02-05 17:11:49,2011-02-06 18:51:57,2011-02-07 06:00:57,Francois de Perrier,76,0.8897808840196448,0,8,7,2,52316.566666666666,884.75,476.56666666666666,7,{'lifecycle:transition': 'complete'},regular
275,Create Purchase Requisition,2011-02-07 06:01:59,2011-02-07 06:01:59,2011-02-07 06:54:59,Immanuel Karagianni,77,0.1258027956176804,0,1,6,2,53641.99999998334,53641.99999998334,361.98333333333335,1,{'lifecycle:transition': 'complete'},deviant
248,Analyze Request for Quotation,2011-02-05 14:26:47,2011-02-07 07:16:29,2011-02-07 07:35:29,Karel de Groot,73,0.1774650547789951,1,4,7,2,53716.49999998334,2452.7,436.48333333333335,1,{'lifecycle:transition': 'complete'},deviant
270,Create Request for Quotation,2011-02-06 20:56:59,2011-02-07 07:42:09,2011-02-07 07:53:09,Fjodor Kowalski,75,0.04731771817151492,0,2,7,2,53742.16666665,654.1666666666666,462.15,1,{'lifecycle:transition': 'complete'},deviant
248,Amend Request for Quotation,2011-02-07 07:35:29,2011-02-07 08:00:40,2011-02-07 08:11:40,Christian Francois,77,0.057329051756705704,0,5,8,2,53760.68333331667,44.18333333333333,480.6666666666667,1,{'lifecycle:transition': 'complete'},deviant
236,Settle Conditions With Supplier,2011-02-06 22:30:09,2011-02-07 05:20:30,2011-02-07 10:27:30,Magdalena Predutta,75,0.8897808840196448,0,8,5,2,53600.5,410.35,320.5,1,{'lifecycle:transition': 'complete'},regular
254,Analyze Request for Quotation,2011-02-05 06:24:22,2011-02-07 10:27:30,2011-02-07 10:50:30,Magdalena Predutta,74,0.1774650547789951,7,3,8,2,53819.14999998334,3044.766666666667,539.1333333333333,1,{'lifecycle:transition': 'complete'},deviant
221,Create Quotation comparison Map,2011-02-06 01:09:07,2011-02-07 06:00:57,2011-02-07 10:55:57,Francois de Perrier,75,0.4004533434076313,0,9,8,2,52338.666666666664,445.55,498.6666666666667,7,{'lifecycle:transition': 'complete'},deviant
1_CF,Settle Conditions With Supplier,2011-02-05 16:37:55,2011-02-07 10:55:57,2011-02-07 11:05:40,Francois de Perrier,75,0.8897808840196448,0,8,9,2,52427.53333333333,2024.1166666666666,587.5333333333333,7,{'lifecycle:transition': 'complete'},deviant
2_CF,Settle Conditions With Supplier,2011-02-06 01:44:23,2011-02-07 11:05:40,2011-02-07 11:15:25,Francois de Perrier,75,0.8897808840196448,0,8,14,2,52711.166666666664,1279.1833333333334,871.1666666666666,7,{'lifecycle:transition': 'complete'},deviant
18_CF,Choose best option,2011-02-05 17:03:55,2011-02-07 03:25:52,2011-02-07 11:52:16,Anne Olwada,76,0.0,3,7,17,2,51444.28333333333,395.3,1044.2833333333333,6,{'lifecycle:transition': 'complete'},deviant
252,Analyze Request for Quotation,2011-02-05 17:07:35,2011-02-07 12:12:58,2011-02-07 12:40:58,Magdalena Predutta,76,0.1774650547789951,2,4,12,2,54012.98333331667,2586.383333333333,732.9666666666667,1,{'lifecycle:transition': 'complete'},deviant
252,Amend Request for Quotation,2011-02-07 12:40:58,2011-02-07 13:06:54,2011-02-07 13:19:54,Anna Kaufmann,77,0.057329051756705704,0,5,13,2,54066.91666665,53.93333333333333,786.9,1,{'lifecycle:transition': 'complete'},deviant
242,Analyze Request for Quotation,2011-02-04 19:17:19,2011-02-07 14:29:54,2011-02-07 15:08:54,Magdalena Predutta,75,0.1774650547789951,10,4,14,2,54149.91666665,4035.5833333333335,869.9,1,{'lifecycle:transition': 'complete'},deviant
268,Analyze Purchase Requisition,2011-02-06 12:15:59,2011-02-07 15:15:52,2011-02-07 15:23:52,Francis Odell,74,0.03333962976955043,0,2,15,2,54195.88333331667,1640.8833333333334,915.8666666666667,1,{'lifecycle:transition': 'complete'},deviant
278,Create Purchase Requisition,2011-02-07 14:52:59,2011-02-07 14:52:59,2011-02-07 15:33:59,Elvira Lores,78,0.1258027956176804,0,1,14,2,54172.99999998334,54172.99999998334,892.9833333333333,1,{'lifecycle:transition': 'complete'},deviant
233,Create Purchase Order,2011-02-07 06:00:57,2011-02-07 16:03:55,2011-02-07 16:14:55,Magdalena Predutta,76,0.048073290517567056,0,9,16,2,54243.916666666664,1927.35,963.9166666666666,1,{'lifecycle:transition': 'complete'},regular
279,Create Purchase Requisition,2011-02-07 16:00:59,2011-02-07 16:00:59,2011-02-07 16:55:59,Esmana Liubiata,78,0.1258027956176804,0,1,16,2,54240.99999998334,54240.99999998334,960.9833333333333,1,{'lifecycle:transition': 'complete'},deviant
260,Analyze Request for Quotation,2011-02-06 04:50:50,2011-02-07 17:36:13,2011-02-07 17:58:13,Karel de Groot,75,0.1774650547789951,0,3,17,2,54336.23333331667,2219.383333333333,1056.2166666666667,1,{'lifecycle:transition': 'complete'},deviant
247,Analyze Request for Quotation,2011-02-05 11:43:34,2011-02-07 17:44:56,2011-02-07 18:02:56,Magdalena Predutta,73,0.1774650547789951,3,4,17,2,54344.949999983335,3242.366666666667,1064.9333333333334,1,{'lifecycle:transition': 'complete'},deviant
221,Analyze Quotation Comparison Map,2011-02-07 10:55:57,2011-02-07 18:11:41,2011-02-07 18:28:41,Alberto Duport,77,0.0646014355874575,0,10,18,2,54371.683333333334,2033.0166666666667,1091.6833333333334,1,{'lifecycle:transition': 'complete'},deviant
247,Amend Request for Quotation,2011-02-07 18:02:56,2011-02-07 18:28:33,2011-02-07 18:37:33,Immanuel Karagianni,77,0.057329051756705704,0,5,18,2,54388.566666650004,43.61666666666667,1108.55,1,{'lifecycle:transition': 'complete'},deviant
272,Create Request for Quotation,2011-02-07 03:25:59,2011-02-07 18:30:35,2011-02-07 18:41:35,Esmana Liubiata,77,0.04731771817151492,0,2,18,2,54390.59999998334,942.6,1110.5833333333333,1,{'lifecycle:transition': 'complete'},deviant
2_CF,Create Purchase Order,2011-02-07 11:15:25,2011-02-07 18:56:54,2011-02-07 19:15:16,Magdalena Predutta,77,0.048073290517567056,0,9,18,2,54416.9,1705.7333333333333,1136.9,1,{'lifecycle:transition': 'complete'},deviant
9_CF,Choose best option,2011-02-05 17:03:55,2011-02-07 11:52:16,2011-02-07 20:19:12,Anne Olwada,76,0.0,4,7,17,2,51444.333333333336,459.0833333333333,1044.3333333333333,6,{'lifecycle:transition': 'complete'},deviant
39_CF,Analyze Quotation Comparison Map,2011-02-05 11:12:44,2011-02-07 20:19:12,2011-02-07 20:19:12,Anne Olwada,72,0.0646014355874575,4,6,18,2,51487.03333333333,429.56666666666666,1087.0333333333333,6,{'lifecycle:transition': 'complete'},deviant
40_CF,Analyze Quotation Comparison Map,2011-02-05 23:39:45,2011-02-07 20:19:12,2011-02-07 20:19:12,Anne Olwada,74,0.0646014355874575,6,6,6,2,52233.25,933.5833333333334,393.25,7,{'lifecycle:transition': 'complete'},deviant
275,Create Request for Quotation,2011-02-07 06:54:59,2011-02-07 20:17:54,2011-02-07 20:27:54,Miu Hanwan,77,0.04731771817151492,0,2,20,2,54497.91666665,855.9166666666666,1217.9,1,{'lifecycle:transition': 'complete'},deviant
280,Create Purchase Requisition,2011-02-07 20:48:59,2011-02-07 20:48:59,2011-02-07 20:57:59,Anna Kaufmann,77,0.1258027956176804,0,1,20,2,54528.99999998334,54528.99999998334,1248.9833333333333,1,{'lifecycle:transition': 'complete'},deviant
269,Analyze Purchase Requisition,2011-02-06 18:06:59,2011-02-07 21:18:43,2011-02-07 21:25:43,Heinz Gutschmidt,75,0.03333962976955043,0,2,21,2,54558.73333331667,1686.7333333333333,1278.7166666666667,1,{'lifecycle:transition': 'complete'},regular
269,Create Request for Quotation,2011-02-07 21:25:43,2011-02-07 21:53:37,2011-02-07 21:55:37,Heinz Gutschmidt,77,0.04731771817151492,0,3,21,2,54593.63333331667,34.9,1313.6166666666666,1,{'lifecycle:transition': 'complete'},regular
1_CF,Create Purchase Order,2011-02-07 11:05:40,2011-02-07 22:08:30,2011-02-07 22:27:16,Magdalena Predutta,77,0.048073290517567056,0,9,22,2,54608.5,2180.9666666666667,1328.5,1,{'lifecycle:transition': 'complete'},deviant
250,Analyze Request for Quotation,2011-02-05 08:04:35,2011-02-07 22:31:53,2011-02-07 23:05:53,Magdalena Predutta,73,0.1774650547789951,5,4,22,2,54631.89999998334,3749.3,1351.8833333333334,1,{'lifecycle:transition': 'complete'},regular
281,Create Purchase Requisition,2011-02-07 22:58:59,2011-02-07 22:58:59,2011-02-07 23:18:59,Alberto Duport,78,0.1258027956176804,0,1,22,2,54658.99999998334,54658.99999998334,1378.9833333333333,1,{'lifecycle:transition': 'complete'},deviant
235,Settle Conditions With Supplier,2011-02-06 06:59:46,2011-02-07 11:15:25,2011-02-07 23:40:25,Francois de Perrier,75,0.8897808840196448,2,9,15,2,52748.9,489.1333333333333,908.9,7,{'lifecycle:transition': 'complete'},regular
232,Create Purchase Order,2011-02-06 12:33:01,2011-02-07 23:40:25,2011-02-07 23:48:25,Francois de Perrier,74,0.048073290517567056,3,10,18,2,52958.3,1294.0,1118.3,7,{'lifecycle:transition': 'complete'},regular
36_CF,Settle Conditions With Supplier,2011-02-06 10:17:43,2011-02-07 23:48:25,2011-02-07 23:58:08,Francois de Perrier,74,0.8897808840196448,4,8,22,2,53163.1,1726.7333333333333,1323.1,7,{'lifecycle:transition': 'complete'},deviant
230,Send Request for Quotation to Supplier,2011-02-06 10:30:57,2011-02-07 23:58:08,2011-02-08 00:25:08,Francois de Perrier,74,0.07225160559123536,4,8,5,2,53616.78333333333,1456.5666666666666,336.78333333333336,1,{'lifecycle:transition': 'complete'},deviant
23_CF,Settle Conditions With Supplier,2011-02-06 18:51:27,2011-02-08 00:25:08,2011-02-08 00:34:47,Francois de Perrier,75,0.8897808840196448,6,8,10,2,53929.933333333334,2487.516666666667,649.9333333333333,1,{'lifecycle:transition': 'complete'},deviant
236,Create Purchase Order,2011-02-07 10:27:30,2011-02-08 00:34:47,2011-02-08 00:42:47,Francois de Perrier,77,0.048073290517567056,6,9,17,2,54330.183333333334,729.6833333333333,1050.1833333333334,1,{'lifecycle:transition': 'complete'},regular
22_CF,Settle Conditions With Supplier,2011-02-07 03:25:52,2011-02-08 00:42:47,2011-02-08 00:52:27,Francois de Perrier,77,0.8897808840196448,6,8,19,2,54461.38333333333,3017.383333333333,1181.3833333333334,1,{'lifecycle:transition': 'complete'},deviant
249,Analyze Request for Quotation,2011-02-05 07:17:59,2011-02-08 00:52:27,2011-02-08 01:23:27,Francois de Perrier,73,0.1774650547789951,0,4,21,2,54592.39999998334,3756.4,1312.3833333333334,1,{'lifecycle:transition': 'complete'},deviant
249,Amend Request for Quotation,2011-02-08 01:23:27,2011-02-08 02:00:15,2011-02-08 02:11:15,Miu Hanwan,77,0.057329051756705704,0,5,2,2,54840.25,247.85000001666668,120.25,2,{'lifecycle:transition': 'complete'},deviant
282,Create Purchase Requisition,2011-02-08 02:27:59,2011-02-08 02:27:59,2011-02-08 03:22:59,Anna Kaufmann,78,0.1258027956176804,0,1,2,2,54867.99999998334,54867.99999998334,147.98333333333332,2,{'lifecycle:transition': 'complete'},deviant
18_CF,Settle Conditions With Supplier,2011-02-07 11:52:16,2011-02-08 04:04:21,2011-02-08 04:13:57,Francois de Perrier,77,0.8897808840196448,4,8,4,2,54964.35,3520.0666666666666,244.35,2,{'lifecycle:transition': 'complete'},deviant
39_CF,Choose best option,2011-02-07 20:19:12,2011-02-07 20:35:05,2011-02-08 05:01:24,Anne Olwada,76,0.0,1,7,20,2,54515.083333333336,3028.05,1235.0833333333333,1,{'lifecycle:transition': 'complete'},deviant
254,Send Request for Quotation to Supplier,2011-02-07 10:50:30,2011-02-08 05:29:21,2011-02-08 05:50:21,Magdalena Predutta,77,0.07225160559123536,0,4,5,2,55049.35,1230.2000000166665,329.35,2,{'lifecycle:transition': 'complete'},deviant
258,Analyze Request for Quotation,2011-02-07 03:15:45,2011-02-08 06:01:35,2011-02-08 06:33:35,Francois de Perrier,76,0.1774650547789951,6,4,6,2,55081.59999998334,1608.8333333333333,361.5833333333333,2,{'lifecycle:transition': 'complete'},regular
245,Analyze Request for Quotation,2011-02-06 23:22:17,2011-02-08 06:18:12,2011-02-08 06:42:12,Magdalena Predutta,75,0.1774650547789951,0,5,6,2,55098.216666650005,1870.9166666666667,378.2,2,{'lifecycle:transition': 'complete'},deviant
279,Create Request for Quotation,2011-02-07 16:55:59,2011-02-08 06:37:28,2011-02-08 06:44:28,Esmana Liubiata,78,0.04731771817151492,0,2,6,2,55117.48333331667,876.4833333333333,397.46666666666664,2,{'lifecycle:transition': 'complete'},deviant
36_CF,Create Purchase Order,2011-02-07 23:58:08,2011-02-08 06:54:02,2011-02-08 07:09:37,Magdalena Predutta,77,0.048073290517567056,0,9,6,2,55134.03333333333,1970.9333333333334,414.03333333333336,2,{'lifecycle:transition': 'complete'},deviant
245,Amend Request for Quotation,2011-02-08 06:42:12,2011-02-08 07:09:11,2011-02-08 07:22:11,Elvira Lores,78,0.057329051756705704,0,6,7,2,55149.199999983335,50.983333333333334,429.18333333333334,2,{'lifecycle:transition': 'complete'},deviant
283,Create Purchase Requisition,2011-02-08 07:13:59,2011-02-08 07:13:59,2011-02-08 07:42:59,Fjodor Kowalski,79,0.1258027956176804,0,1,7,2,55153.99999998334,55153.99999998334,433.98333333333335,2,{'lifecycle:transition': 'complete'},deviant
248,Analyze Request for Quotation,2011-02-07 08:11:40,2011-02-08 07:28:10,2011-02-08 07:48:10,Magdalena Predutta,77,0.1774650547789951,0,6,7,2,55168.18333331667,1407.5,448.1666666666667,2,{'lifecycle:transition': 'complete'},deviant
284,Create Purchase Requisition,2011-02-08 07:41:59,2011-02-08 07:41:59,2011-02-08 07:53:59,Immanuel Karagianni,80,0.1258027956176804,0,1,7,2,55181.99999998334,55181.99999998334,461.98333333333335,2,{'lifecycle:transition': 'complete'},deviant
273,Analyze Purchase Requisition,2011-02-07 03:52:59,2011-02-08 07:53:09,2011-02-08 08:02:09,Maris Freeman,77,0.03333962976955043,0,2,7,2,55193.16666665,1710.1666666666667,473.15,2,{'lifecycle:transition': 'complete'},deviant
248,Amend Request for Quotation,2011-02-08 07:48:10,2011-02-08 08:10:14,2011-02-08 08:17:14,Nico Ojenbeer,80,0.057329051756705704,0,7,8,2,55210.24999998334,42.06666666666667,490.23333333333335,2,{'lifecycle:transition': 'complete'},deviant
273,Create Request for Quotation,2011-02-08 08:02:09,2011-02-08 08:22:30,2011-02-08 08:25:30,Maris Freeman,80,0.04731771817151492,0,3,8,2,55222.51666665,29.35,502.5,2,{'lifecycle:transition': 'complete'},deviant
230,Create Quotation comparison Map,2011-02-08 00:25:08,2011-02-08 03:22:43,2011-02-08 08:47:43,Karel de Groot,77,0.4004533434076313,0,9,3,2,54922.71666666667,1305.9333333333334,202.71666666666667,2,{'lifecycle:transition': 'complete'},deviant
23_CF,Create Purchase Order,2011-02-08 00:34:47,2011-02-08 08:40:07,2011-02-08 08:55:18,Magdalena Predutta,77,0.048073290517567056,0,9,8,2,55240.11666666667,1310.1833333333334,520.1166666666667,2,{'lifecycle:transition': 'complete'},deviant
235,Create Purchase Order,2011-02-07 23:40:25,2011-02-08 08:47:43,2011-02-08 08:59:43,Karel de Groot,78,0.048073290517567056,0,10,5,2,55046.78333333333,2297.883333333333,326.78333333333336,2,{'lifecycle:transition': 'complete'},regular
22_CF,Create Purchase Order,2011-02-08 00:52:27,2011-02-08 08:55:40,2011-02-08 09:10:49,Magdalena Predutta,77,0.048073290517567056,0,9,8,2,55255.666666666664,794.2833333333333,535.6666666666666,2,{'lifecycle:transition': 'complete'},deviant
259,Analyze Request for Quotation,2011-02-07 02:32:02,2011-02-08 08:59:43,2011-02-08 09:30:43,Karel de Groot,75,0.1774650547789951,0,4,5,2,55055.333333316674,1624.2833333333333,335.31666666666666,2,{'lifecycle:transition': 'complete'},deviant
251,Analyze Request for Quotation,2011-02-07 05:34:52,2011-02-08 09:10:49,2011-02-08 09:32:49,Magdalena Predutta,76,0.1774650547789951,0,5,9,2,55263.03333331667,1658.15,543.0166666666667,2,{'lifecycle:transition': 'complete'},deviant
0_CF,Confirm Purchase Order,2011-02-06 12:51:13,2011-02-07 07:32:46,2011-02-08 09:45:14,Esmeralda Clay,74,0.06752927842840951,0,10,7,2,53732.76666666667,1268.9,452.76666666666665,1,{'lifecycle:transition': 'complete'},deviant
280,Create Request for Quotation,2011-02-07 20:57:59,2011-02-08 10:20:54,2011-02-08 10:31:54,Elvira Lores,77,0.04731771817151492,0,2,10,2,55340.91666665,811.9166666666666,620.9,2,{'lifecycle:transition': 'complete'},deviant
233,Confirm Purchase Order,2011-02-07 16:14:55,2011-02-08 10:47:26,2011-02-08 11:21:26,Esmeralda Clay,78,0.06752927842840951,0,10,10,2,55367.433333333334,1123.5166666666667,647.4333333333333,2,{'lifecycle:transition': 'complete'},regular
242,Send Request for Quotation to Supplier,2011-02-07 15:08:54,2011-02-08 11:46:46,2011-02-08 12:14:46,Karel de Groot,78,0.07225160559123536,0,5,11,2,55426.78333331667,1276.8666666666666,706.7666666666667,2,{'lifecycle:transition': 'complete'},deviant
18_CF,Create Purchase Order,2011-02-08 04:13:57,2011-02-08 12:36:42,2011-02-08 12:51:19,Magdalena Predutta,78,0.048073290517567056,0,9,12,2,55476.7,512.35,756.7,2,{'lifecycle:transition': 'complete'},deviant
281,Create Request for Quotation,2011-02-07 23:18:59,2011-02-08 13:00:28,2011-02-08 13:10:28,Nico Ojenbeer,78,0.04731771817151492,0,2,13,2,55500.48333331667,841.4833333333333,780.4666666666667,2,{'lifecycle:transition': 'complete'},deviant
252,Analyze Request for Quotation,2011-02-07 13:19:54,2011-02-08 12:58:31,2011-02-08 13:23:31,Magdalena Predutta,77,0.1774650547789951,0,6,12,2,55498.53333331667,1431.6166666666666,778.5166666666667,2,{'lifecycle:transition': 'complete'},deviant
40_CF,Choose best option,2011-02-07 20:19:12,2011-02-08 05:01:24,2011-02-08 13:32:22,Anne Olwada,76,0.0,0,7,20,2,54516.2,2282.95,1236.2,1,{'lifecycle:transition': 'complete'},deviant
266,Analyze Request for Quotation,2011-02-06 19:54:09,2011-02-08 13:21:51,2011-02-08 13:57:51,Karel de Groot,74,0.1774650547789951,0,3,13,2,55521.86666665001,2495.7,801.85,2,{'lifecycle:transition': 'complete'},regular
252,Amend Request for Quotation,2011-02-08 13:23:31,2011-02-08 13:44:21,2011-02-08 14:00:21,Heinz Gutschmidt,76,0.057329051756705704,0,7,13,2,55544.36666665001,45.833333333333336,824.35,2,{'lifecycle:transition': 'complete'},deviant
286,Create Purchase Requisition,2011-02-08 14:05:59,2011-02-08 14:05:59,2011-02-08 14:13:59,Alberto Duport,77,0.1258027956176804,0,1,14,2,55565.99999998334,55565.99999998334,845.9833333333333,2,{'lifecycle:transition': 'complete'},regular
254,Create Quotation comparison Map,2011-02-08 05:50:21,2011-02-08 10:23:56,2011-02-08 14:30:56,Francois de Perrier,78,0.4004533434076313,0,5,10,2,55343.933333333334,294.5833333333333,623.9333333333333,2,{'lifecycle:transition': 'complete'},deviant
257,Analyze Request for Quotation,2011-02-06 22:43:55,2011-02-08 13:57:51,2011-02-08 14:32:51,Karel de Groot,75,0.1774650547789951,0,4,13,2,55555.73333331667,2352.8,835.7166666666667,2,{'lifecycle:transition': 'complete'},deviant
9_CF,Settle Conditions With Supplier,2011-02-07 20:19:12,2011-02-08 14:30:56,2011-02-08 14:40:32,Francois de Perrier,76,0.8897808840196448,6,8,12,2,55469.833333333336,4025.5,749.8333333333334,2,{'lifecycle:transition': 'complete'},deviant
257,Amend Request for Quotation,2011-02-08 14:32:51,2011-02-08 15:04:59,2011-02-08 15:12:59,Alberto Duport,77,0.057329051756705704,0,5,15,2,55624.99999998334,69.26666666666667,904.9833333333333,2,{'lifecycle:transition': 'complete'},deviant
230,Analyze Quotation Comparison Map,2011-02-08 08:47:43,2011-02-08 15:56:50,2011-02-08 16:21:50,Alberto Duport,80,0.0646014355874575,0,10,15,2,55676.833333333336,754.1166666666667,956.8333333333334,2,{'lifecycle:transition': 'complete'},deviant
263,Analyze Request for Quotation,2011-02-07 05:29:22,2011-02-08 16:04:55,2011-02-08 16:25:55,Francois de Perrier,76,0.1774650547789951,6,4,16,2,55684.93333331667,2076.55,964.9166666666666,2,{'lifecycle:transition': 'complete'},deviant
250,Send Request for Quotation to Supplier,2011-02-07 23:05:53,2011-02-08 17:56:21,2011-02-08 18:21:21,Karel de Groot,78,0.07225160559123536,0,5,17,2,55796.36666665001,1164.4666666666667,1076.35,2,{'lifecycle:transition': 'complete'},regular
287,Create Purchase Requisition,2011-02-08 18:37:59,2011-02-08 18:37:59,2011-02-08 19:12:59,Esmana Liubiata,77,0.1258027956176804,0,1,18,2,55837.99999998334,55837.99999998334,1117.9833333333333,2,{'lifecycle:transition': 'complete'},deviant
288,Create Purchase Requisition,2011-02-08 18:44:59,2011-02-08 18:44:59,2011-02-08 19:26:59,Penn Osterwalder,78,0.1258027956176804,0,1,18,2,55844.99999998334,55844.99999998334,1124.9833333333333,2,{'lifecycle:transition': 'complete'},deviant
242,Create Quotation comparison Map,2011-02-08 12:14:46,2011-02-08 16:09:31,2011-02-08 19:43:31,Magdalena Predutta,76,0.4004533434076313,0,6,16,2,55689.53333331667,262.75,969.5166666666667,2,{'lifecycle:transition': 'complete'},deviant
282,Create Request for Quotation,2011-02-08 03:22:59,2011-02-08 19:49:14,2011-02-08 19:58:14,Miu Hanwan,78,0.04731771817151492,0,2,19,2,55909.24999998334,1041.25,1189.2333333333333,2,{'lifecycle:transition': 'complete'},deviant
247,Analyze Request for Quotation,2011-02-07 18:37:33,2011-02-08 19:43:31,2011-02-08 20:02:31,Magdalena Predutta,76,0.1774650547789951,0,6,19,2,55863.39999998334,1474.8333333333333,1143.3833333333334,2,{'lifecycle:transition': 'complete'},deviant
278,Analyze Purchase Requisition,2011-02-07 15:33:59,2011-02-08 20:30:32,2011-02-08 20:37:32,Maris Freeman,77,0.03333962976955043,0,2,20,2,55950.549999983334,1777.55,1230.5333333333333,2,{'lifecycle:transition': 'complete'},deviant
278,Create Request for Quotation,2011-02-08 20:37:32,2011-02-08 20:59:08,2011-02-08 21:02:08,Francis Odell,78,0.04731771817151492,0,3,20,2,55979.14999998334,28.6,1259.1333333333334,2,{'lifecycle:transition': 'complete'},deviant
254,Analyze Quotation Comparison Map,2011-02-08 14:30:56,2011-02-08 21:21:10,2011-02-08 21:31:10,Clement Duchot,77,0.0646014355874575,0,6,21,2,56001.166666666664,657.2333333333333,1281.1666666666667,2,{'lifecycle:transition': 'complete'},deviant
254,Choose best option,2011-02-08 21:31:10,2011-02-08 21:40:26,2011-02-08 21:40:26,Nico Ojenbeer,78,0.0,0,7,21,2,56020.433333333334,19.266666666666666,1300.4333333333334,2,{'lifecycle:transition': 'complete'},deviant
250,Create Quotation comparison Map,2011-02-08 18:21:21,2011-02-08 21:06:48,2011-02-08 22:22:48,Karel de Groot,76,0.4004533434076313,0,6,21,2,55986.816666650004,190.45,1266.8,2,{'lifecycle:transition': 'complete'},regular
9_CF,Create Purchase Order,2011-02-08 14:40:32,2011-02-08 22:39:49,2011-02-08 22:55:24,Magdalena Predutta,77,0.048073290517567056,0,9,22,2,56079.816666666666,609.9833333333333,1359.8166666666666,2,{'lifecycle:transition': 'complete'},deviant
284,Create Request for Quotation,2011-02-08 07:53:59,2011-02-09 00:04:21,2011-02-09 00:12:21,Tesca Lobes,80,0.04731771817151492,0,2,0,2,56164.36666665001,982.3666666666667,4.35,3,{'lifecycle:transition': 'complete'},deviant
39_CF,Settle Conditions With Supplier,2011-02-08 05:01:24,2011-02-09 00:38:55,2011-02-09 00:48:42,Francois de Perrier,78,0.8897808840196448,0,8,0,2,56198.916666666664,1683.8333333333333,38.916666666666664,3,{'lifecycle:transition': 'complete'},deviant
270,Analyze Request for Quotation,2011-02-07 07:53:09,2011-02-09 00:50:59,2011-02-09 01:06:59,Karel de Groot,77,0.1774650547789951,0,3,0,2,56210.99999998334,2468.8333333333335,50.983333333333334,3,{'lifecycle:transition': 'complete'},deviant
242,Analyze Quotation Comparison Map,2011-02-08 19:43:31,2011-02-09 02:34:39,2011-02-09 03:07:39,Esmana Liubiata,78,0.0646014355874575,0,7,2,2,56314.66666665,625.1333333333333,154.65,3,{'lifecycle:transition': 'complete'},deviant
242,Choose best option,2011-02-09 03:07:39,2011-02-09 03:20:18,2011-02-09 03:20:18,Clement Duchot,78,0.0,0,8,3,2,56360.316666650004,45.65,200.3,3,{'lifecycle:transition': 'complete'},deviant
258,Send Request for Quotation to Supplier,2011-02-08 06:33:35,2011-02-09 03:14:26,2011-02-09 03:42:26,Karel de Groot,78,0.07225160559123536,2,5,3,2,56354.449999983335,1272.85,194.43333333333334,3,{'lifecycle:transition': 'complete'},regular
250,Analyze Quotation Comparison Map,2011-02-08 22:22:48,2011-02-09 05:14:06,2011-02-09 05:24:06,Fjodor Kowalski,78,0.0646014355874575,0,7,5,2,56474.11666665001,487.3,314.1,3,{'lifecycle:transition': 'complete'},regular
286,Create Request for Quotation,2011-02-08 14:13:59,2011-02-09 05:20:01,2011-02-09 05:34:01,Miu Hanwan,77,0.04731771817151492,0,2,5,2,56480.03333331667,914.0333333333333,320.01666666666665,3,{'lifecycle:transition': 'complete'},regular
250,Choose best option,2011-02-09 05:24:06,2011-02-09 05:36:38,2011-02-09 05:36:38,Esmana Liubiata,78,0.0,0,8,5,2,56496.64999998334,22.533333333333335,336.6333333333333,3,{'lifecycle:transition': 'complete'},regular
259,Send Request for Quotation to Supplier,2011-02-08 09:30:43,2011-02-09 06:06:18,2011-02-09 06:36:18,Magdalena Predutta,79,0.07225160559123536,0,5,6,2,56526.3,1470.9666666833332,366.3,3,{'lifecycle:transition': 'complete'},deviant
272,Analyze Request for Quotation,2011-02-07 18:41:35,2011-02-09 07:38:31,2011-02-09 08:01:31,Karel de Groot,76,0.1774650547789951,0,3,7,2,56618.53333331667,2227.9333333333334,458.51666666666665,3,{'lifecycle:transition': 'complete'},deviant
290,Create Purchase Requisition,2011-02-09 07:30:59,2011-02-09 07:30:59,2011-02-09 08:13:59,Clement Duchot,79,0.1258027956176804,0,1,7,2,56610.99999998334,56610.99999998334,450.98333333333335,3,{'lifecycle:transition': 'complete'},deviant
266,Send Request for Quotation to Supplier,2011-02-08 13:57:51,2011-02-09 08:57:37,2011-02-09 09:09:37,Magdalena Predutta,76,0.07225160559123536,0,4,8,2,56697.63333331667,1175.7666666666667,537.6166666666667,3,{'lifecycle:transition': 'complete'},regular
291,Create Purchase Requisition,2011-02-09 08:45:59,2011-02-09 08:45:59,2011-02-09 09:13:59,Anne Olwada,80,0.1258027956176804,0,1,8,2,56685.99999998334,56685.99999998334,525.9833333333333,3,{'lifecycle:transition': 'complete'},regular
288,Create Request for Quotation,2011-02-08 19:26:59,2011-02-09 10:08:04,2011-02-09 10:17:04,Tesca Lobes,78,0.04731771817151492,0,2,10,2,56768.083333316674,923.0833333333334,608.0666666666667,3,{'lifecycle:transition': 'complete'},deviant
269,Analyze Request for Quotation,2011-02-07 21:55:37,2011-02-09 11:06:00,2011-02-09 11:16:00,Francois de Perrier,77,0.1774650547789951,7,4,11,2,56826.01666665,2232.383333333333,666.0,3,{'lifecycle:transition': 'complete'},regular
258,Create Quotation comparison Map,2011-02-09 03:42:26,2011-02-09 08:37:57,2011-02-09 11:21:57,Karel de Groot,78,0.4004533434076313,0,6,8,2,56677.966666650005,323.51666666666665,517.95,3,{'lifecycle:transition': 'complete'},regular
275,Analyze Request for Quotation,2011-02-07 20:27:54,2011-02-09 11:59:45,2011-02-09 12:25:45,Magdalena Predutta,76,0.1774650547789951,0,3,11,2,56879.76666665,2381.85,719.75,3,{'lifecycle:transition': 'complete'},deviant
263,Send Request for Quotation to Supplier,2011-02-08 16:25:55,2011-02-09 12:14:33,2011-02-09 12:35:33,Karel de Groot,76,0.07225160559123536,0,5,12,2,56894.566666650004,1209.6333333333334,734.55,3,{'lifecycle:transition': 'complete'},deviant
39_CF,Create Purchase Order,2011-02-09 00:48:42,2011-02-09 12:25:45,2011-02-09 12:41:49,Magdalena Predutta,78,0.048073290517567056,0,9,12,2,56897.73333333333,698.8166666666667,737.7333333333333,3,{'lifecycle:transition': 'complete'},deviant
40_CF,Settle Conditions With Supplier,2011-02-08 13:32:22,2011-02-09 13:08:25,2011-02-09 13:18:04,Francois de Perrier,76,0.8897808840196448,1,8,13,2,56948.416666666664,2432.2166666666667,788.4166666666666,3,{'lifecycle:transition': 'complete'},deviant
293,Create Purchase Requisition,2011-02-09 13:05:59,2011-02-09 13:05:59,2011-02-09 13:53:59,Elvira Lores,81,0.1258027956176804,0,1,13,2,56945.99999998334,56945.99999998334,785.9833333333333,3,{'lifecycle:transition': 'complete'},regular
283,Analyze Purchase Requisition,2011-02-08 07:42:59,2011-02-09 13:55:24,2011-02-09 14:02:24,Maris Freeman,80,0.03333962976955043,0,2,13,2,56995.41666665,1841.4166666666667,835.4,3,{'lifecycle:transition': 'complete'},deviant
247,Send Request for Quotation to Supplier,2011-02-08 20:02:31,2011-02-09 13:36:30,2011-02-09 14:08:30,Karel de Groot,78,0.07225160559123536,0,7,13,2,56976.51666665,1113.1166666666666,816.5,3,{'lifecycle:transition': 'complete'},deviant
283,Create Request for Quotation,2011-02-09 14:02:24,2011-02-09 14:32:33,2011-02-09 14:34:33,Francis Odell,81,0.04731771817151492,0,3,14,2,57032.566666650004,37.15,872.55,3,{'lifecycle:transition': 'complete'},deviant
259,Create Quotation comparison Map,2011-02-09 06:36:18,2011-02-09 14:29:54,2011-02-09 15:19:54,Magdalena Predutta,78,0.4004533434076313,0,6,14,2,57029.9,503.6,869.9,3,{'lifecycle:transition': 'complete'},deviant
275,Amend Request for Quotation,2011-02-09 12:25:45,2011-02-09 15:30:16,2011-02-09 15:37:16,Tesca Lobes,80,0.057329051756705704,0,4,15,2,57090.28333331667,210.51666666666668,930.2666666666667,3,{'lifecycle:transition': 'complete'},deviant
294,Create Purchase Requisition,2011-02-09 15:40:59,2011-02-09 15:40:59,2011-02-09 16:36:59,Kim Passa,82,0.1258027956176804,0,1,15,2,57100.99999998334,57100.99999998334,940.9833333333333,3,{'lifecycle:transition': 'complete'},deviant
2_CF,Confirm Purchase Order,2011-02-07 19:15:16,2011-02-08 14:36:26,2011-02-09 16:48:06,Esmeralda Clay,76,0.06752927842840951,0,10,14,2,55596.433333333334,1179.5333333333333,876.4333333333333,2,{'lifecycle:transition': 'complete'},deviant
248,Analyze Request for Quotation,2011-02-08 08:17:14,2011-02-09 17:02:20,2011-02-09 17:23:20,Magdalena Predutta,80,0.1774650547789951,0,8,17,2,57182.34999998334,1972.1,1022.3333333333334,3,{'lifecycle:transition': 'complete'},deviant
248,Amend Request for Quotation,2011-02-09 17:23:20,2011-02-09 17:40:00,2011-02-09 17:54:00,Elvira Lores,81,0.057329051756705704,0,9,17,2,57220.01666665,37.666666666666664,1060.0,3,{'lifecycle:transition': 'complete'},deviant
258,Analyze Quotation Comparison Map,2011-02-09 11:21:57,2011-02-09 18:08:49,2011-02-09 18:25:49,Immanuel Karagianni,80,0.0646014355874575,0,7,18,2,57248.833333316674,570.8666666666667,1088.8166666666666,3,{'lifecycle:transition': 'complete'},regular
258,Choose best option,2011-02-09 18:25:49,2011-02-09 18:34:05,2011-02-09 18:34:05,Miu Hanwan,82,0.0,0,8,18,2,57274.09999998334,25.266666666666666,1114.0833333333333,3,{'lifecycle:transition': 'complete'},regular
295,Create Purchase Requisition,2011-02-09 17:54:59,2011-02-09 17:54:59,2011-02-09 18:36:59,Tesca Lobes,82,0.1258027956176804,0,1,17,2,57234.99999998334,57234.99999998334,1074.9833333333333,3,{'lifecycle:transition': 'complete'},deviant
296,Create Purchase Requisition,2011-02-09 21:03:59,2011-02-09 21:03:59,2011-02-09 21:21:59,Kim Passa,83,0.1258027956176804,0,1,21,2,57423.99999998334,57423.99999998334,1263.9833333333333,3,{'lifecycle:transition': 'complete'},regular
263,Create Quotation comparison Map,2011-02-09 12:35:33,2011-02-09 17:57:45,2011-02-09 22:09:45,Karel de Groot,80,0.4004533434076313,0,6,17,2,57237.76666665,343.2,1077.75,3,{'lifecycle:transition': 'complete'},deviant
259,Analyze Quotation Comparison Map,2011-02-09 15:19:54,2011-02-09 22:06:46,2011-02-09 22:37:46,Alberto Duport,81,0.0646014355874575,0,7,22,2,57486.76666666667,456.8666666666667,1326.7666666666667,3,{'lifecycle:transition': 'complete'},deviant
259,Choose best option,2011-02-09 22:37:46,2011-02-09 22:43:36,2011-02-09 22:43:36,Fjodor Kowalski,83,0.0,0,8,22,2,57523.6,36.833333333333336,1363.6,3,{'lifecycle:transition': 'complete'},deviant
287,Analyze Purchase Requisition,2011-02-08 19:12:59,2011-02-10 02:13:00,2011-02-10 02:20:00,Heinz Gutschmidt,78,0.03333962976955043,0,2,2,2,57733.01666665,1895.0166666666667,133.0,4,{'lifecycle:transition': 'complete'},deviant
250,Settle Conditions With Supplier,2011-02-09 05:36:38,2011-02-09 22:09:45,2011-02-10 03:59:45,Karel de Groot,78,0.8897808840196448,0,9,18,2,57268.99999998334,772.35,1108.9833333333333,3,{'lifecycle:transition': 'complete'},regular
272,Send Request for Quotation to Supplier,2011-02-09 08:01:31,2011-02-10 03:59:45,2011-02-10 04:25:45,Karel de Groot,79,0.07225160559123536,0,4,22,2,57482.36666665001,863.8333333333334,1322.35,3,{'lifecycle:transition': 'complete'},deviant
263,Analyze Quotation Comparison Map,2011-02-09 22:09:45,2011-02-10 04:52:19,2011-02-10 05:03:19,Tesca Lobes,83,0.0646014355874575,0,7,4,2,57892.333333316674,654.5666666666667,292.31666666666666,4,{'lifecycle:transition': 'complete'},deviant
263,Choose best option,2011-02-10 05:03:19,2011-02-10 05:12:14,2011-02-10 05:12:14,Tesca Lobes,83,0.0,0,8,5,2,57912.24999998334,19.916666666666668,312.23333333333335,4,{'lifecycle:transition': 'complete'},deviant
242,Settle Conditions With Supplier,2011-02-09 03:20:18,2011-02-09 19:47:51,2011-02-10 06:01:51,Magdalena Predutta,78,0.8897808840196448,0,9,19,2,57347.86666665001,987.55,1187.85,3,{'lifecycle:transition': 'complete'},deviant
252,Analyze Request for Quotation,2011-02-08 14:00:21,2011-02-10 06:01:51,2011-02-10 06:10:51,Magdalena Predutta,76,0.1774650547789951,0,8,21,2,57471.09999998334,1926.7333333333333,1311.0833333333333,3,{'lifecycle:transition': 'complete'},deviant
40_CF,Create Purchase Order,2011-02-09 13:18:04,2011-02-10 06:10:51,2011-02-10 06:26:38,Magdalena Predutta,81,0.048073290517567056,0,9,23,2,57560.683333333334,612.2666666666667,1400.6833333333334,3,{'lifecycle:transition': 'complete'},deviant
254,Settle Conditions With Supplier,2011-02-08 21:40:26,2011-02-09 16:41:48,2011-02-10 06:26:48,Francois de Perrier,78,0.8897808840196448,0,8,16,2,57161.8,1141.3666666666666,1001.8,3,{'lifecycle:transition': 'complete'},deviant
270,Send Request for Quotation to Supplier,2011-02-09 01:06:59,2011-02-10 06:26:48,2011-02-10 06:44:48,Francois de Perrier,78,0.07225160559123536,0,4,20,2,57405.41666665,1194.4166666666667,1245.4,3,{'lifecycle:transition': 'complete'},deviant
245,Analyze Request for Quotation,2011-02-08 07:22:11,2011-02-10 06:44:48,2011-02-10 06:58:48,Francois de Perrier,79,0.1774650547789951,0,7,0,2,57633.833333316674,2484.633333333333,33.81666666666667,4,{'lifecycle:transition': 'complete'},deviant
247,Create Quotation comparison Map,2011-02-09 14:08:30,2011-02-10 06:26:38,2011-02-10 07:17:38,Magdalena Predutta,81,0.4004533434076313,0,8,23,2,57577.199999983335,600.6833333333333,1417.1833333333334,3,{'lifecycle:transition': 'complete'},deviant
249,Analyze Request for Quotation,2011-02-08 02:11:15,2011-02-10 07:16:30,2011-02-10 07:40:30,Karel de Groot,77,0.1774650547789951,0,6,7,2,58036.5,3196.25,436.5,4,{'lifecycle:transition': 'complete'},deviant
249,Amend Request for Quotation,2011-02-10 07:40:30,2011-02-10 08:00:34,2011-02-10 08:12:34,Penn Osterwalder,82,0.057329051756705704,0,7,8,2,58080.566666666666,44.06666666666667,480.56666666666666,4,{'lifecycle:transition': 'complete'},deviant
269,Send Request for Quotation to Supplier,2011-02-09 11:16:00,2011-02-10 07:44:09,2011-02-10 08:25:09,Francois de Perrier,80,0.07225160559123536,0,5,7,2,58064.16666665,1238.15,464.15,4,{'lifecycle:transition': 'complete'},regular
279,Analyze Request for Quotation,2011-02-08 06:44:28,2011-02-10 09:29:45,2011-02-10 10:01:45,Karel de Groot,78,0.1774650547789951,2,3,9,2,58169.76666665,3052.2833333333333,569.75,4,{'lifecycle:transition': 'complete'},deviant
266,Create Quotation comparison Map,2011-02-09 09:09:37,2011-02-10 07:17:38,2011-02-10 11:33:38,Magdalena Predutta,80,0.4004533434076313,0,5,0,2,57638.93333331667,941.3,38.916666666666664,4,{'lifecycle:transition': 'complete'},regular
273,Analyze Request for Quotation,2011-02-08 08:25:30,2011-02-10 12:20:12,2011-02-10 12:36:12,Karel de Groot,80,0.1774650547789951,2,4,12,2,58340.216666650005,3117.7,740.2,4,{'lifecycle:transition': 'complete'},deviant
281,Analyze Request for Quotation,2011-02-08 13:10:28,2011-02-10 12:41:48,2011-02-10 13:03:48,Karel de Groot,76,0.1774650547789951,0,3,12,2,58361.816666650004,2861.3333333333335,761.8,4,{'lifecycle:transition': 'complete'},deviant
273,Amend Request for Quotation,2011-02-10 12:36:12,2011-02-10 12:56:55,2011-02-10 13:06:55,Anna Kaufmann,82,0.057329051756705704,0,5,12,2,58376.93333331667,36.71666666666667,776.9166666666666,4,{'lifecycle:transition': 'complete'},deviant
257,Analyze Request for Quotation,2011-02-08 15:12:59,2011-02-10 13:12:16,2011-02-10 13:31:16,Magdalena Predutta,77,0.1774650547789951,0,6,13,2,58392.28333331667,2767.2833333333333,792.2666666666667,4,{'lifecycle:transition': 'complete'},deviant
258,Settle Conditions With Supplier,2011-02-09 18:34:05,2011-02-10 09:11:42,2011-02-10 14:01:42,Francois de Perrier,82,0.8897808840196448,0,9,9,2,58151.716666650005,877.6166666666667,551.7,4,{'lifecycle:transition': 'complete'},regular
257,Amend Request for Quotation,2011-02-10 13:31:16,2011-02-10 13:56:09,2011-02-10 14:08:09,Fjodor Kowalski,82,0.057329051756705704,0,7,13,2,58436.16666665,43.88333333333333,836.15,4,{'lifecycle:transition': 'complete'},deviant
247,Analyze Quotation Comparison Map,2011-02-10 07:17:38,2011-02-10 14:16:41,2011-02-10 14:24:41,Miu Hanwan,82,0.0646014355874575,0,9,14,2,58456.699999983335,879.5,856.6833333333333,4,{'lifecycle:transition': 'complete'},deviant
281,Amend Request for Quotation,2011-02-10 13:03:48,2011-02-10 14:18:01,2011-02-10 14:26:01,Tesca Lobes,82,0.057329051756705704,0,4,14,2,58458.03333331667,96.21666666666667,858.0166666666667,4,{'lifecycle:transition': 'complete'},deviant
280,Analyze Request for Quotation,2011-02-08 10:31:54,2011-02-10 14:01:42,2011-02-10 14:28:42,Francois de Perrier,77,0.1774650547789951,0,3,12,2,58373.53333331667,3032.616666666667,773.5166666666667,4,{'lifecycle:transition': 'complete'},deviant
287,Amend Purchase Requisition,2011-02-10 02:20:00,2011-02-10 14:24:41,2011-02-10 14:47:41,Miu Hanwan,83,0.0017944843218738193,0,3,14,2,58458.59999998334,725.5833333333334,858.5833333333334,4,{'lifecycle:transition': 'complete'},deviant
247,Choose best option,2011-02-10 14:24:41,2011-02-10 15:50:02,2011-02-10 15:50:02,Miu Hanwan,82,0.0,1,10,15,2,58550.049999983334,93.35,950.0333333333333,4,{'lifecycle:transition': 'complete'},deviant
266,Analyze Quotation Comparison Map,2011-02-10 11:33:38,2011-02-10 18:29:54,2011-02-10 18:44:54,Penn Osterwalder,82,0.0646014355874575,0,6,18,2,58709.91666665,1070.9833333333333,1109.9,4,{'lifecycle:transition': 'complete'},regular
270,Create Quotation comparison Map,2011-02-10 06:44:48,2011-02-10 17:15:23,2011-02-10 18:51:23,Magdalena Predutta,82,0.4004533434076313,1,5,17,2,58635.38333333333,1229.9666666833332,1035.3833333333334,4,{'lifecycle:transition': 'complete'},deviant
1_CF,Confirm Purchase Order,2011-02-07 22:27:16,2011-02-09 16:48:06,2011-02-10 18:59:34,Esmeralda Clay,77,0.06752927842840951,0,10,17,2,55756.26666666667,1147.7666666666667,1036.2666666666667,2,{'lifecycle:transition': 'complete'},deviant
266,Choose best option,2011-02-10 18:44:54,2011-02-10 19:01:44,2011-02-10 19:01:44,Penn Osterwalder,81,0.0,0,7,19,2,58741.74999998334,31.833333333333332,1141.7333333333333,4,{'lifecycle:transition': 'complete'},regular
250,Create Purchase Order,2011-02-10 03:59:45,2011-02-10 18:53:59,2011-02-10 19:04:59,Magdalena Predutta,83,0.048073290517567056,4,10,18,2,58733.99999998334,1465.0,1133.9833333333333,4,{'lifecycle:transition': 'complete'},regular
236,Confirm Purchase Order,2011-02-08 00:42:47,2011-02-10 18:59:34,2011-02-10 19:32:34,Esmeralda Clay,77,0.06752927842840951,0,10,21,2,55995.183333333334,1665.0,1275.1833333333334,2,{'lifecycle:transition': 'complete'},regular
290,Create Request for Quotation,2011-02-09 08:13:59,2011-02-10 21:49:08,2011-02-10 21:58:08,Alberto Duport,79,0.04731771817151492,0,2,21,2,58909.14999998334,2298.15,1309.1333333333334,4,{'lifecycle:transition': 'complete'},deviant
282,Analyze Request for Quotation,2011-02-08 19:58:14,2011-02-10 22:21:11,2011-02-10 22:55:11,Magdalena Predutta,78,0.1774650547789951,0,3,22,2,58941.199999983335,3031.95,1341.1833333333334,4,{'lifecycle:transition': 'complete'},deviant
242,Create Purchase Order,2011-02-10 06:01:51,2011-02-10 23:36:46,2011-02-10 23:46:46,Magdalena Predutta,83,0.048073290517567056,4,10,23,2,59016.78333331667,1668.9166666666667,1416.7666666666667,4,{'lifecycle:transition': 'complete'},deviant
282,Amend Request for Quotation,2011-02-10 22:55:11,2011-02-11 00:03:29,2011-02-11 00:11:29,Miu Hanwan,78,0.057329051756705704,0,4,0,2,59043.49999998334,102.3,3.4833333333333334,5,{'lifecycle:transition': 'complete'},deviant
254,Create Purchase Order,2011-02-10 06:26:48,2011-02-11 01:14:13,2011-02-11 01:24:13,Magdalena Predutta,82,0.048073290517567056,1,9,1,2,59114.21666666667,1952.4166666666667,74.21666666666667,5,{'lifecycle:transition': 'complete'},deviant
245,Send Request for Quotation to Supplier,2011-02-10 06:58:48,2011-02-11 01:13:13,2011-02-11 01:41:13,Francois de Perrier,82,0.07225160559123536,0,8,1,2,59113.21666666667,1479.38333335,73.21666666666667,5,{'lifecycle:transition': 'complete'},deviant
270,Analyze Quotation Comparison Map,2011-02-10 18:51:23,2011-02-11 01:56:37,2011-02-11 02:05:37,Miu Hanwan,81,0.0646014355874575,0,6,1,2,59156.61666666667,521.2333333333333,116.61666666666666,5,{'lifecycle:transition': 'complete'},deviant
270,Choose best option,2011-02-11 02:05:37,2011-02-11 02:43:49,2011-02-11 02:43:49,Kim Passa,77,0.0,0,7,2,2,59203.816666666666,47.2,163.81666666666666,5,{'lifecycle:transition': 'complete'},deviant
263,Settle Conditions With Supplier,2011-02-10 05:12:14,2011-02-10 15:33:46,2011-02-11 03:15:46,Karel de Groot,83,0.8897808840196448,0,9,15,2,58533.78333331667,621.5333333333333,933.7666666666667,4,{'lifecycle:transition': 'complete'},deviant
269,Create Quotation comparison Map,2011-02-10 08:25:09,2011-02-11 03:15:46,2011-02-11 04:37:46,Karel de Groot,82,0.4004533434076313,0,6,16,2,58562.816666650004,498.65,962.8,4,{'lifecycle:transition': 'complete'},regular
287,Create Request for Quotation,2011-02-10 14:47:41,2011-02-11 04:41:31,2011-02-11 04:53:31,Anna Kaufmann,82,0.04731771817151492,0,4,4,2,59321.53333331667,862.9333333333333,281.51666666666665,5,{'lifecycle:transition': 'complete'},deviant
278,Analyze Request for Quotation,2011-02-08 21:02:08,2011-02-11 06:54:39,2011-02-11 07:30:39,Francois de Perrier,78,0.1774650547789951,0,4,6,2,59454.66666665,3475.516666666667,414.65,5,{'lifecycle:transition': 'complete'},deviant
278,Amend Request for Quotation,2011-02-11 07:30:39,2011-02-11 07:48:59,2011-02-11 07:59:59,Fjodor Kowalski,77,0.057329051756705704,0,5,7,2,59508.99999998334,54.333333333333336,468.98333333333335,5,{'lifecycle:transition': 'complete'},deviant
266,Settle Conditions With Supplier,2011-02-10 19:01:44,2011-02-11 04:55:44,2011-02-11 08:53:44,Magdalena Predutta,80,0.8897808840196448,0,8,4,2,59335.74999998334,594.0,295.73333333333335,5,{'lifecycle:transition': 'complete'},regular
279,Send Request for Quotation to Supplier,2011-02-10 10:01:45,2011-02-11 08:53:44,2011-02-11 09:18:44,Magdalena Predutta,82,0.07225160559123536,0,4,6,2,59452.549999983334,1282.7833333333333,412.53333333333336,5,{'lifecycle:transition': 'complete'},deviant
258,Create Purchase Order,2011-02-10 14:01:42,2011-02-11 09:18:44,2011-02-11 09:30:44,Magdalena Predutta,82,0.048073290517567056,0,10,7,2,59510.63333331667,1358.9166666666667,470.6166666666667,5,{'lifecycle:transition': 'complete'},regular
275,Analyze Request for Quotation,2011-02-09 15:37:16,2011-02-11 09:30:44,2011-02-11 09:43:44,Magdalena Predutta,81,0.1774650547789951,0,5,9,2,59594.36666665001,2504.0833333333335,554.35,5,{'lifecycle:transition': 'complete'},deviant
295,Create Request for Quotation,2011-02-09 18:36:59,2011-02-11 09:56:36,2011-02-11 10:09:36,Kim Passa,82,0.04731771817151492,0,2,9,2,59636.61666665001,2401.616666666667,596.6,5,{'lifecycle:transition': 'complete'},deviant
259,Settle Conditions With Supplier,2011-02-09 22:43:36,2011-02-11 04:37:46,2011-02-11 11:20:46,Karel de Groot,83,0.8897808840196448,1,9,20,2,58808.7,1285.1,1208.7,4,{'lifecycle:transition': 'complete'},deviant
303,Create Purchase Requisition,2011-02-11 11:01:59,2011-02-11 11:01:59,2011-02-11 11:55:59,Penn Osterwalder,77,0.1258027956176804,0,1,11,2,59701.99999998334,59701.99999998334,661.9833333333333,5,{'lifecycle:transition': 'complete'},deviant
269,Analyze Quotation Comparison Map,2011-02-11 04:37:46,2011-02-11 11:42:45,2011-02-11 12:09:45,Anne Olwada,77,0.0646014355874575,0,7,11,2,59742.76666665,1179.95,702.75,5,{'lifecycle:transition': 'complete'},regular
269,Choose best option,2011-02-11 12:09:45,2011-02-11 12:21:33,2011-02-11 12:21:33,Clement Duchot,77,0.0,0,8,12,2,59781.566666650004,38.8,741.55,5,{'lifecycle:transition': 'complete'},regular
257,Analyze Request for Quotation,2011-02-10 14:08:09,2011-02-11 12:21:34,2011-02-11 12:36:34,Francois de Perrier,82,0.1774650547789951,0,8,12,2,59781.583333316674,1345.4166666666667,741.5666666666667,5,{'lifecycle:transition': 'complete'},deviant
257,Amend Request for Quotation,2011-02-11 12:36:34,2011-02-11 12:59:51,2011-02-11 13:06:51,Alberto Duport,77,0.057329051756705704,0,9,12,2,59819.86666665001,38.28333333333333,779.85,5,{'lifecycle:transition': 'complete'},deviant
245,Create Quotation comparison Map,2011-02-11 01:41:13,2011-02-11 11:03:57,2011-02-11 14:27:57,Magdalena Predutta,77,0.4004533434076313,0,9,11,2,59703.95,590.7333333333333,663.95,5,{'lifecycle:transition': 'complete'},deviant
249,Analyze Request for Quotation,2011-02-10 08:12:34,2011-02-11 14:46:37,2011-02-11 14:58:37,Francois de Perrier,82,0.1774650547789951,0,8,14,2,59926.61666666667,1846.05,886.6166666666667,5,{'lifecycle:transition': 'complete'},deviant
280,Send Request for Quotation to Supplier,2011-02-10 14:28:42,2011-02-11 14:27:57,2011-02-11 15:06:57,Magdalena Predutta,82,0.07225160559123536,0,4,11,2,59717.34999998334,1343.8166666666666,677.3333333333334,5,{'lifecycle:transition': 'complete'},deviant
249,Amend Request for Quotation,2011-02-11 14:58:37,2011-02-11 15:23:51,2011-02-11 15:32:51,Immanuel Karagianni,77,0.057329051756705704,0,9,15,2,59963.85,37.233333333333334,923.85,5,{'lifecycle:transition': 'complete'},deviant
272,Create Quotation comparison Map,2011-02-10 04:25:45,2011-02-11 11:20:46,2011-02-11 16:37:46,Karel de Groot,83,0.4004533434076313,0,5,21,2,58903.699999983335,1421.3333333333333,1303.6833333333334,4,{'lifecycle:transition': 'complete'},deviant
248,Analyze Request for Quotation,2011-02-09 17:54:00,2011-02-11 16:37:46,2011-02-11 16:58:46,Karel de Groot,81,0.1774650547789951,0,10,7,2,59511.833333316674,2291.8166666666666,471.81666666666666,5,{'lifecycle:transition': 'complete'},deviant
284,Analyze Request for Quotation,2011-02-09 00:12:21,2011-02-11 16:43:16,2011-02-11 17:00:16,Francois de Perrier,78,0.1774650547789951,0,3,16,2,60043.28333331667,3878.9166666666665,1003.2666666666667,5,{'lifecycle:transition': 'complete'},deviant
263,Create Purchase Order,2011-02-11 03:15:46,2011-02-11 16:58:46,2011-02-11 17:06:46,Karel de Groot,77,0.048073290517567056,3,10,15,2,59981.966666650005,1448.1833333333334,941.95,5,{'lifecycle:transition': 'complete'},deviant
273,Analyze Request for Quotation,2011-02-10 13:06:55,2011-02-11 17:24:36,2011-02-11 17:43:36,Magdalena Predutta,82,0.1774650547789951,0,6,17,2,60084.61666665001,1707.6833333333334,1044.6,5,{'lifecycle:transition': 'complete'},deviant
284,Amend Request for Quotation,2011-02-11 17:00:16,2011-02-11 19:23:31,2011-02-11 19:32:31,Kim Passa,76,0.057329051756705704,0,4,19,2,60203.53333331667,160.25,1163.5166666666667,5,{'lifecycle:transition': 'complete'},deviant
36_CF,Confirm Purchase Order,2011-02-08 07:09:37,2011-02-10 19:32:34,2011-02-11 21:38:31,Esmeralda Clay,78,0.06752927842840951,0,10,3,2,56379.26666666667,1245.2333333333333,219.26666666666668,3,{'lifecycle:transition': 'complete'},deviant
254,Confirm Purchase Order,2011-02-11 01:24:13,2011-02-11 21:38:56,2011-02-11 22:00:56,Kiu Kan,77,0.06752927842840951,0,10,21,2,60338.933333333334,1224.7166666666667,1298.9333333333334,5,{'lifecycle:transition': 'complete'},deviant
245,Analyze Quotation Comparison Map,2011-02-11 14:27:57,2011-02-11 21:45:20,2011-02-11 22:01:20,Tesca Lobes,77,0.0646014355874575,0,10,21,2,60345.333333333336,641.3833333333333,1305.3333333333333,5,{'lifecycle:transition': 'complete'},deviant
270,Settle Conditions With Supplier,2011-02-11 02:43:49,2011-02-11 18:50:22,2011-02-11 23:04:22,Karel de Groot,77,0.8897808840196448,3,8,18,2,60170.36666666667,966.55,1130.3666666666666,5,{'lifecycle:transition': 'complete'},deviant
266,Create Purchase Order,2011-02-11 08:53:44,2011-02-11 23:43:30,2011-02-11 23:51:30,Karel de Groot,77,0.048073290517567056,2,9,23,2,60463.51666665,1127.7666666666667,1423.5,5,{'lifecycle:transition': 'complete'},regular
286,Analyze Request for Quotation,2011-02-09 05:34:01,2011-02-11 23:26:23,2011-02-11 23:52:23,Magdalena Predutta,78,0.1774650547789951,0,3,23,2,60446.39999998334,3966.366666666667,1406.3833333333334,5,{'lifecycle:transition': 'complete'},regular
303,Create Request for Quotation,2011-02-11 11:55:59,2011-02-11 23:59:40,2011-02-12 00:09:40,Anne Olwada,77,0.04731771817151492,0,2,23,2,60479.68333331667,777.6833333333333,1439.6666666666667,5,{'lifecycle:transition': 'complete'},deviant
272,Analyze Quotation Comparison Map,2011-02-11 16:37:46,2011-02-11 23:40:50,2011-02-12 00:13:50,Clement Duchot,77,0.0646014355874575,0,6,23,2,60460.84999998334,1557.15,1420.8333333333333,5,{'lifecycle:transition': 'complete'},deviant
272,Choose best option,2011-02-12 00:13:50,2011-02-12 00:21:57,2011-02-12 00:21:57,Anna Kaufmann,72,0.0,0,7,0,2,60501.966666650005,41.11666666666667,21.95,6,{'lifecycle:transition': 'complete'},deviant
291,Analyze Purchase Requisition,2011-02-09 09:13:59,2011-02-12 02:03:50,2011-02-12 02:10:50,Francis Odell,80,0.03333962976955043,0,2,2,2,60603.84999998334,3917.85,123.83333333333333,6,{'lifecycle:transition': 'complete'},regular
291,Create Request for Quotation,2011-02-12 02:10:50,2011-02-12 02:33:01,2011-02-12 02:36:01,Heinz Gutschmidt,72,0.04731771817151492,0,3,2,2,60633.03333331667,29.183333333333334,153.01666666666668,6,{'lifecycle:transition': 'complete'},regular
286,Amend Request for Quotation,2011-02-11 23:52:23,2011-02-12 02:41:19,2011-02-12 02:54:19,Christian Francois,72,0.057329051756705704,0,4,2,2,60641.333333316674,194.93333333333334,161.31666666666666,6,{'lifecycle:transition': 'complete'},regular
279,Create Quotation comparison Map,2011-02-11 09:18:44,2011-02-12 00:35:21,2011-02-12 04:25:21,Karel de Groot,77,0.4004533434076313,2,5,0,2,60515.36666665001,1062.8166666666666,35.35,6,{'lifecycle:transition': 'complete'},deviant
275,Send Request for Quotation to Supplier,2011-02-11 09:43:44,2011-02-12 04:25:21,2011-02-12 04:34:21,Karel de Groot,76,0.07225160559123536,2,6,4,2,60739.333333316674,1144.9666666666667,259.31666666666666,6,{'lifecycle:transition': 'complete'},deviant
259,Create Purchase Order,2011-02-11 11:20:46,2011-02-12 06:01:09,2011-02-12 06:14:09,Karel de Groot,77,0.048073290517567056,2,10,6,2,60841.16666665,2032.4666666500002,361.15,6,{'lifecycle:transition': 'complete'},deviant
269,Settle Conditions With Supplier,2011-02-11 12:21:33,2011-02-11 23:27:24,2011-02-12 06:15:24,Francois de Perrier,77,0.8897808840196448,0,9,23,2,60447.41666665,665.85,1407.4,5,{'lifecycle:transition': 'complete'},regular
293,Analyze Purchase Requisition,2011-02-09 13:53:59,2011-02-12 07:11:19,2011-02-12 07:20:19,Francis Odell,81,0.03333962976955043,0,2,7,2,60911.333333316674,3965.3333333333335,431.31666666666666,6,{'lifecycle:transition': 'complete'},regular
293,Create Request for Quotation,2011-02-12 07:20:19,2011-02-12 07:42:24,2011-02-12 07:44:24,Francis Odell,71,0.04731771817151492,0,3,7,2,60942.41666665,31.083333333333332,462.4,6,{'lifecycle:transition': 'complete'},regular
278,Analyze Request for Quotation,2011-02-11 07:59:59,2011-02-12 07:32:47,2011-02-12 07:51:47,Magdalena Predutta,77,0.1774650547789951,2,6,7,2,60932.799999983334,1423.8,452.78333333333336,6,{'lifecycle:transition': 'complete'},deviant
288,Analyze Request for Quotation,2011-02-09 10:17:04,2011-02-12 09:21:57,2011-02-12 10:00:57,Karel de Groot,80,0.1774650547789951,0,3,9,2,61041.966666650005,4273.883333333333,561.95,6,{'lifecycle:transition': 'complete'},deviant
294,Analyze Purchase Requisition,2011-02-09 16:36:59,2011-02-12 10:20:57,2011-02-12 10:25:57,Francis Odell,82,0.03333962976955043,0,2,10,2,61100.966666650005,3999.9666666666667,620.95,6,{'lifecycle:transition': 'complete'},deviant
294,Create Request for Quotation,2011-02-12 10:25:57,2011-02-12 10:48:03,2011-02-12 10:50:03,Heinz Gutschmidt,71,0.04731771817151492,0,3,10,2,61128.066666650004,27.1,648.05,6,{'lifecycle:transition': 'complete'},deviant
279,Analyze Quotation Comparison Map,2011-02-12 04:25:21,2011-02-12 11:28:09,2011-02-12 11:37:09,Nico Ojenbeer,72,0.0646014355874575,0,6,11,2,61168.16666665,652.8,688.15,6,{'lifecycle:transition': 'complete'},deviant
279,Choose best option,2011-02-12 11:37:09,2011-02-12 11:49:23,2011-02-12 11:49:23,Elvira Lores,71,0.0,0,7,11,2,61189.39999998334,21.233333333333334,709.3833333333333,6,{'lifecycle:transition': 'complete'},deviant
288,Amend Request for Quotation,2011-02-12 10:00:57,2011-02-12 11:40:37,2011-02-12 11:53:37,Clement Duchot,71,0.057329051756705704,0,4,11,2,61180.63333331667,138.66666666666666,700.6166666666667,6,{'lifecycle:transition': 'complete'},deviant
280,Create Quotation comparison Map,2011-02-11 15:06:57,2011-02-12 08:58:33,2011-02-12 12:21:33,Francois de Perrier,77,0.4004533434076313,0,5,8,2,61018.55,1301.2000000166665,538.55,6,{'lifecycle:transition': 'complete'},deviant
273,Send Request for Quotation to Supplier,2011-02-11 17:43:36,2011-02-12 12:21:33,2011-02-12 12:40:33,Francois de Perrier,75,0.07225160559123536,0,7,9,2,61079.333333316674,994.7166666666667,599.3166666666667,6,{'lifecycle:transition': 'complete'},deviant
281,Analyze Request for Quotation,2011-02-10 14:26:01,2011-02-12 13:01:08,2011-02-12 13:26:08,Karel de Groot,82,0.1774650547789951,0,5,13,2,61261.14999998334,2803.116666666667,781.1333333333333,6,{'lifecycle:transition': 'complete'},deviant
269,Create Purchase Order,2011-02-12 06:15:24,2011-02-12 13:39:46,2011-02-12 13:46:46,Karel de Groot,71,0.048073290517567056,0,10,13,2,61299.78333331667,852.3666666666667,819.7666666666667,6,{'lifecycle:transition': 'complete'},regular
281,Amend Request for Quotation,2011-02-12 13:26:08,2011-02-12 13:48:04,2011-02-12 13:53:04,Fjodor Kowalski,71,0.057329051756705704,0,6,13,2,61308.083333316674,46.93333333333333,828.0666666666667,6,{'lifecycle:transition': 'complete'},deviant
275,Create Quotation comparison Map,2011-02-12 04:34:21,2011-02-12 09:14:24,2011-02-12 14:27:24,Magdalena Predutta,72,0.4004533434076313,0,7,9,2,61034.41666665,295.0833333333333,554.4,6,{'lifecycle:transition': 'complete'},deviant
270,Create Purchase Order,2011-02-11 23:04:22,2011-02-12 14:27:24,2011-02-12 14:37:24,Magdalena Predutta,72,0.048073290517567056,0,9,11,2,61154.1,983.7333333333333,674.1,6,{'lifecycle:transition': 'complete'},deviant
296,Analyze Purchase Requisition,2011-02-09 21:21:59,2011-02-12 15:31:46,2011-02-12 15:37:46,Heinz Gutschmidt,83,0.03333962976955043,0,2,15,2,61411.78333331667,3987.7833333333333,931.7666666666667,6,{'lifecycle:transition': 'complete'},regular
296,Create Request for Quotation,2011-02-12 15:37:46,2011-02-12 15:59:46,2011-02-12 16:00:46,Heinz Gutschmidt,70,0.04731771817151492,0,3,15,2,61439.78333331667,28.0,959.7666666666667,6,{'lifecycle:transition': 'complete'},regular
306,Create Purchase Requisition,2011-02-12 17:51:59,2011-02-12 17:51:59,2011-02-12 18:11:59,Clement Duchot,72,0.1258027956176804,0,1,17,2,61551.99999998334,61551.99999998334,1071.9833333333333,6,{'lifecycle:transition': 'complete'},regular
307,Create Purchase Requisition,2011-02-12 17:51:59,2011-02-12 17:51:59,2011-02-12 18:28:59,Christian Francois,72,0.1258027956176804,0,1,17,2,61551.99999998334,61551.99999998334,1071.9833333333333,6,{'lifecycle:transition': 'complete'},deviant
249,Analyze Request for Quotation,2011-02-11 15:32:51,2011-02-12 18:43:45,2011-02-12 19:14:45,Francois de Perrier,77,0.1774650547789951,0,10,18,2,61603.75,1639.9,1123.75,6,{'lifecycle:transition': 'complete'},deviant
266,Confirm Purchase Order,2011-02-11 23:51:30,2011-02-12 19:16:34,2011-02-12 19:22:34,Kiu Kan,72,0.06752927842840951,0,10,19,2,61636.583333316674,1173.0666666666666,1156.5666666666666,6,{'lifecycle:transition': 'complete'},regular
280,Analyze Quotation Comparison Map,2011-02-12 12:21:33,2011-02-12 19:22:59,2011-02-12 19:45:59,Anne Olwada,71,0.0646014355874575,0,6,19,2,61642.98333333333,624.4333333333333,1162.9833333333333,6,{'lifecycle:transition': 'complete'},deviant
280,Choose best option,2011-02-12 19:45:59,2011-02-12 20:08:47,2011-02-12 20:08:47,Immanuel Karagianni,70,0.0,0,7,20,2,61688.78333333333,45.8,1208.7833333333333,6,{'lifecycle:transition': 'complete'},deviant
273,Create Quotation comparison Map,2011-02-12 12:40:33,2011-02-12 20:19:52,2011-02-12 21:00:52,Karel de Groot,71,0.4004533434076313,0,8,20,2,61699.86666666667,620.53333335,1219.8666666666666,6,{'lifecycle:transition': 'complete'},deviant
275,Analyze Quotation Comparison Map,2011-02-12 14:27:24,2011-02-12 21:19:08,2011-02-12 21:34:08,Fjodor Kowalski,70,0.0646014355874575,0,8,21,2,61759.14999998334,724.7333333333333,1279.1333333333334,6,{'lifecycle:transition': 'complete'},deviant
275,Choose best option,2011-02-12 21:34:08,2011-02-12 21:49:51,2011-02-12 21:49:51,Kim Passa,70,0.0,0,9,21,2,61789.86666665001,30.716666666666665,1309.85,6,{'lifecycle:transition': 'complete'},deviant
283,Analyze Request for Quotation,2011-02-09 14:34:33,2011-02-12 22:08:57,2011-02-12 22:22:57,Karel de Groot,81,0.1774650547789951,0,4,22,2,61808.966666650005,4776.4,1328.95,6,{'lifecycle:transition': 'complete'},deviant
308,Create Purchase Requisition,2011-02-12 21:55:59,2011-02-12 21:55:59,2011-02-12 22:27:59,Kim Passa,71,0.1258027956176804,0,1,21,2,61795.99999998334,61795.99999998334,1315.9833333333333,6,{'lifecycle:transition': 'complete'},regular
309,Create Purchase Requisition,2011-02-12 22:04:59,2011-02-12 22:04:59,2011-02-12 22:53:59,Anna Kaufmann,72,0.1258027956176804,0,1,22,2,61804.99999998334,61804.99999998334,1324.9833333333333,6,{'lifecycle:transition': 'complete'},deviant
23_CF,Confirm Purchase Order,2011-02-08 08:55:18,2011-02-11 21:38:31,2011-02-12 23:40:48,Esmeralda Clay,80,0.06752927842840951,0,10,3,2,56387.25,1147.1333333333334,227.25,3,{'lifecycle:transition': 'complete'},deviant
278,Send Request for Quotation to Supplier,2011-02-12 07:51:47,2011-02-13 01:07:15,2011-02-13 01:36:15,Karel de Groot,71,0.07225160559123536,0,7,1,2,61987.26666665,1054.4666666666667,67.25,7,{'lifecycle:transition': 'complete'},deviant
307,Create Request for Quotation,2011-02-12 18:28:59,2011-02-13 02:50:04,2011-02-13 02:55:04,Immanuel Karagianni,72,0.04731771817151492,0,2,2,2,62090.083333316674,538.0833333333334,170.06666666666666,7,{'lifecycle:transition': 'complete'},deviant
273,Analyze Quotation Comparison Map,2011-02-12 21:00:52,2011-02-13 03:55:34,2011-02-13 04:09:34,Clement Duchot,70,0.0646014355874575,0,9,3,2,62155.566666666666,455.7,235.56666666666666,7,{'lifecycle:transition': 'complete'},deviant
273,Choose best option,2011-02-13 04:09:34,2011-02-13 04:41:04,2011-02-13 04:41:04,Fjodor Kowalski,70,0.0,0,10,4,2,62201.066666666666,45.5,281.06666666666666,7,{'lifecycle:transition': 'complete'},deviant
306,Create Request for Quotation,2011-02-12 18:11:59,2011-02-13 05:05:00,2011-02-13 05:16:00,Christian Francois,72,0.04731771817151492,0,2,5,2,62225.01666665,673.0166666666667,305.0,7,{'lifecycle:transition': 'complete'},regular
310,Create Purchase Requisition,2011-02-13 05:53:59,2011-02-13 05:53:59,2011-02-13 06:23:59,Kim Passa,70,0.1258027956176804,0,1,5,2,62273.99999998334,62273.99999998334,353.98333333333335,7,{'lifecycle:transition': 'complete'},deviant
279,Settle Conditions With Supplier,2011-02-12 11:49:23,2011-02-12 20:14:28,2011-02-13 06:45:28,Francois de Perrier,71,0.8897808840196448,1,8,20,2,61694.48333331667,505.0833333333333,1214.4666666666667,6,{'lifecycle:transition': 'complete'},deviant
257,Analyze Request for Quotation,2011-02-11 13:06:51,2011-02-13 06:45:28,2011-02-13 07:05:28,Francois de Perrier,77,0.1774650547789951,0,10,1,2,61984.84999998334,2164.983333333333,64.83333333333333,7,{'lifecycle:transition': 'complete'},deviant
311,Create Purchase Requisition,2011-02-13 06:54:59,2011-02-13 06:54:59,2011-02-13 07:13:59,Christian Francois,71,0.1258027956176804,0,1,6,2,62334.99999998334,62334.99999998334,414.98333333333335,7,{'lifecycle:transition': 'complete'},deviant
308,Create Request for Quotation,2011-02-12 22:27:59,2011-02-13 09:03:13,2011-02-13 09:14:13,Immanuel Karagianni,71,0.04731771817151492,0,2,9,2,62463.23333331667,667.2333333333333,543.2166666666667,7,{'lifecycle:transition': 'complete'},regular
270,Confirm Purchase Order,2011-02-12 14:37:24,2011-02-13 09:12:03,2011-02-13 09:38:03,Karen Clarens,70,0.06752927842840951,0,10,9,2,62472.066666650004,1317.9666666500002,552.05,7,{'lifecycle:transition': 'complete'},deviant
272,Settle Conditions With Supplier,2011-02-12 00:21:57,2011-02-13 01:00:18,2011-02-13 09:54:18,Magdalena Predutta,72,0.8897808840196448,0,8,1,2,61980.316666650004,1478.35,60.3,7,{'lifecycle:transition': 'complete'},deviant
314,Create Purchase Requisition,2011-02-13 11:10:59,2011-02-13 11:10:59,2011-02-13 11:19:59,Penn Osterwalder,70,0.1258027956176804,0,1,11,2,62590.99999998334,62590.99999998334,670.9833333333333,7,{'lifecycle:transition': 'complete'},deviant
278,Create Quotation comparison Map,2011-02-13 01:36:15,2011-02-13 09:54:18,2011-02-13 13:13:18,Magdalena Predutta,70,0.4004533434076313,0,8,7,2,62365.01666665,377.75,445.0,7,{'lifecycle:transition': 'complete'},deviant
311,Create Request for Quotation,2011-02-13 07:13:59,2011-02-13 15:55:50,2011-02-13 16:07:50,Anna Kaufmann,70,0.04731771817151492,0,2,15,2,62875.84999998334,540.85,955.8333333333334,7,{'lifecycle:transition': 'complete'},deviant
272,Create Purchase Order,2011-02-13 09:54:18,2011-02-13 19:42:58,2011-02-13 19:54:58,Magdalena Predutta,69,0.048073290517567056,1,9,19,2,63102.98333331667,1122.6666666666667,1182.9666666666667,7,{'lifecycle:transition': 'complete'},deviant
314,Create Request for Quotation,2011-02-13 11:19:59,2011-02-13 19:57:04,2011-02-13 20:10:04,Esmana Liubiata,70,0.04731771817151492,0,2,19,2,63117.083333316674,526.0833333333334,1197.0666666666666,7,{'lifecycle:transition': 'complete'},deviant
278,Analyze Quotation Comparison Map,2011-02-13 13:13:18,2011-02-13 20:10:12,2011-02-13 20:26:12,Nico Ojenbeer,70,0.0646014355874575,0,9,20,2,63130.216666650005,765.2,1210.2,7,{'lifecycle:transition': 'complete'},deviant
278,Choose best option,2011-02-13 20:26:12,2011-02-13 20:30:31,2011-02-13 20:30:31,Penn Osterwalder,70,0.0,0,10,20,2,63150.53333331667,20.316666666666666,1230.5166666666667,7,{'lifecycle:transition': 'complete'},deviant
280,Settle Conditions With Supplier,2011-02-12 20:08:47,2011-02-13 13:51:33,2011-02-13 22:26:33,Francois de Perrier,70,0.8897808840196448,0,8,13,2,62751.55,1062.7666666666667,831.55,7,{'lifecycle:transition': 'complete'},deviant
290,Analyze Request for Quotation,2011-02-10 21:58:08,2011-02-13 22:26:33,2011-02-13 23:07:33,Francois de Perrier,78,0.1774650547789951,0,3,15,2,62827.449999983335,3918.3,907.4333333333333,7,{'lifecycle:transition': 'complete'},deviant
316,Create Purchase Requisition,2011-02-13 22:47:59,2011-02-13 22:47:59,2011-02-13 23:14:59,Nico Ojenbeer,70,0.1258027956176804,0,1,22,2,63287.99999998334,63287.99999998334,1367.9833333333333,7,{'lifecycle:transition': 'complete'},deviant
287,Analyze Request for Quotation,2011-02-11 04:53:31,2011-02-13 23:07:33,2011-02-13 23:30:33,Francois de Perrier,77,0.1774650547789951,0,5,15,2,62872.53333331667,3551.0,952.5166666666667,7,{'lifecycle:transition': 'complete'},deviant
303,Analyze Request for Quotation,2011-02-12 00:09:40,2011-02-14 00:28:26,2011-02-14 00:28:26,Francois de Perrier,72,0.1774650547789951,0,3,0,2,63388.449999983335,2908.766666666667,28.433333333333334,1,{'lifecycle:transition': 'complete'},deviant
22_CF,Confirm Purchase Order,2011-02-08 09:10:49,2011-02-12 23:40:48,2011-02-14 01:33:40,Esmeralda Clay,79,0.06752927842840951,0,10,4,2,56433.066666666666,1177.4,273.06666666666666,3,{'lifecycle:transition': 'complete'},deviant
275,Settle Conditions With Supplier,2011-02-12 21:49:51,2011-02-13 14:44:45,2011-02-14 04:33:45,Karel de Groot,70,0.8897808840196448,0,10,14,2,62804.76666665,1014.9,884.75,7,{'lifecycle:transition': 'complete'},deviant
279,Create Purchase Order,2011-02-13 06:45:28,2011-02-14 04:33:45,2011-02-14 04:44:45,Karel de Groot,70,0.048073290517567056,0,9,15,2,62864.216666650005,1169.7333333333333,944.2,7,{'lifecycle:transition': 'complete'},deviant
288,Analyze Request for Quotation,2011-02-12 11:53:37,2011-02-14 04:57:27,2011-02-14 05:08:27,Magdalena Predutta,71,0.1774650547789951,1,5,4,2,63657.466666650005,2476.8333333333335,297.45,1,{'lifecycle:transition': 'complete'},deviant
282,Analyze Request for Quotation,2011-02-11 00:11:29,2011-02-14 04:44:45,2011-02-14 05:09:45,Karel de Groot,77,0.1774650547789951,3,5,18,2,63002.61666665001,3959.116666666667,1082.6,7,{'lifecycle:transition': 'complete'},deviant
286,Analyze Request for Quotation,2011-02-12 02:54:19,2011-02-14 05:09:45,2011-02-14 05:34:45,Karel de Groot,72,0.1774650547789951,0,5,22,2,63266.68333331667,2625.35,1346.6666666666667,7,{'lifecycle:transition': 'complete'},regular
291,Analyze Request for Quotation,2011-02-12 02:36:01,2011-02-14 05:34:45,2011-02-14 06:02:45,Karel de Groot,72,0.1774650547789951,0,4,0,2,63376.966666650005,2743.9333333333334,16.95,1,{'lifecycle:transition': 'complete'},regular
295,Analyze Request for Quotation,2011-02-11 10:09:36,2011-02-14 06:02:45,2011-02-14 06:31:45,Karel de Groot,76,0.1774650547789951,2,3,2,2,63532.583333316674,3895.9666666666667,172.56666666666666,1,{'lifecycle:transition': 'complete'},deviant
280,Create Purchase Order,2011-02-13 22:26:33,2011-02-14 07:10:16,2011-02-14 07:21:16,Karel de Groot,69,0.048073290517567056,2,9,7,2,63790.26666666667,1038.7166666666667,430.26666666666665,1,{'lifecycle:transition': 'complete'},deviant
295,Amend Request for Quotation,2011-02-14 06:31:45,2011-02-14 08:26:18,2011-02-14 08:35:18,Kim Passa,67,0.057329051756705704,0,4,8,2,63866.316666650004,333.73333333333335,506.3,1,{'lifecycle:transition': 'complete'},deviant
309,Analyze Purchase Requisition,2011-02-12 22:53:59,2011-02-14 08:50:43,2011-02-14 08:58:43,Heinz Gutschmidt,71,0.03333962976955043,0,2,8,2,63890.73333331667,2085.733333333333,530.7166666666667,1,{'lifecycle:transition': 'complete'},deviant
294,Analyze Request for Quotation,2011-02-12 10:50:03,2011-02-14 08:16:37,2011-02-14 09:04:37,Magdalena Predutta,71,0.1774650547789951,0,4,8,2,63856.63333331667,2728.5666666666666,496.6166666666667,1,{'lifecycle:transition': 'complete'},deviant
310,Analyze Purchase Requisition,2011-02-13 06:23:59,2011-02-14 09:00:20,2011-02-14 09:07:20,Maris Freeman,70,0.03333962976955043,0,2,9,2,63900.34999998334,1626.35,540.3333333333334,1,{'lifecycle:transition': 'complete'},deviant
309,Create Request for Quotation,2011-02-14 08:58:43,2011-02-14 09:28:51,2011-02-14 09:30:51,Maris Freeman,67,0.04731771817151492,0,3,9,2,63928.86666665001,38.13333333333333,568.85,1,{'lifecycle:transition': 'complete'},deviant
310,Create Request for Quotation,2011-02-14 09:07:20,2011-02-14 09:33:52,2011-02-14 09:34:52,Heinz Gutschmidt,67,0.04731771817151492,0,3,9,2,63933.88333331667,33.53333333333333,573.8666666666667,1,{'lifecycle:transition': 'complete'},deviant
294,Amend Request for Quotation,2011-02-14 09:04:37,2011-02-14 09:29:00,2011-02-14 09:39:00,Anna Kaufmann,67,0.057329051756705704,0,5,9,2,63929.01666665,72.38333333333334,569.0,1,{'lifecycle:transition': 'complete'},deviant
281,Analyze Request for Quotation,2011-02-12 13:53:04,2011-02-14 11:36:25,2011-02-14 11:49:25,Magdalena Predutta,70,0.1774650547789951,1,7,11,2,64056.43333331667,2748.35,696.4166666666666,1,{'lifecycle:transition': 'complete'},deviant
319,Create Purchase Requisition,2011-02-14 11:46:59,2011-02-14 11:46:59,2011-02-14 11:53:59,Elvira Lores,69,0.1258027956176804,0,1,11,2,64066.99999998334,64066.99999998334,706.9833333333333,1,{'lifecycle:transition': 'complete'},deviant
318,Create Purchase Requisition,2011-02-14 11:35:59,2011-02-14 11:35:59,2011-02-14 12:11:59,Tesca Lobes,68,0.1258027956176804,0,1,11,2,64055.99999998334,64055.99999998334,695.9833333333333,1,{'lifecycle:transition': 'complete'},deviant
284,Analyze Request for Quotation,2011-02-11 19:32:31,2011-02-14 12:11:07,2011-02-14 12:23:07,Francois de Perrier,75,0.1774650547789951,0,5,12,2,64091.13333331667,3887.6,731.1166666666667,1,{'lifecycle:transition': 'complete'},deviant
272,Confirm Purchase Order,2011-02-13 19:54:58,2011-02-14 12:48:42,2011-02-14 13:05:42,Kiu Kan,70,0.06752927842840951,0,10,12,2,64128.716666650005,1025.7333333333333,768.7,1,{'lifecycle:transition': 'complete'},deviant
293,Analyze Request for Quotation,2011-02-12 07:44:24,2011-02-14 13:04:05,2011-02-14 13:17:05,Francois de Perrier,71,0.1774650547789951,0,4,13,2,64144.09999998334,3201.6833333333334,784.0833333333334,1,{'lifecycle:transition': 'complete'},regular
306,Analyze Request for Quotation,2011-02-13 05:16:00,2011-02-14 15:35:38,2011-02-14 15:56:38,Karel de Groot,69,0.1774650547789951,0,3,15,2,64295.64999998334,2070.633333333333,935.6333333333333,1,{'lifecycle:transition': 'complete'},regular
307,Analyze Request for Quotation,2011-02-13 02:55:04,2011-02-14 16:18:19,2011-02-14 16:35:19,Francois de Perrier,70,0.1774650547789951,1,3,16,2,64338.333333316674,2248.25,978.3166666666667,1,{'lifecycle:transition': 'complete'},deviant
325,Create Purchase Requisition,2011-02-14 18:11:59,2011-02-14 18:11:59,2011-02-14 18:25:59,Alberto Duport,69,0.1258027956176804,0,1,18,2,64451.99999998334,64451.99999998334,1091.9833333333333,1,{'lifecycle:transition': 'complete'},deviant
303,Send Request for Quotation to Supplier,2011-02-14 00:28:26,2011-02-14 18:07:59,2011-02-14 18:27:59,Karel de Groot,69,0.07225160559123536,4,4,18,2,64447.99999998334,1059.55,1087.9833333333333,1,{'lifecycle:transition': 'complete'},deviant
307,Amend Request for Quotation,2011-02-14 16:35:19,2011-02-14 18:33:29,2011-02-14 18:44:29,Esmana Liubiata,68,0.057329051756705704,0,4,18,2,64473.49999998334,135.16666666666666,1113.4833333333333,1,{'lifecycle:transition': 'complete'},deviant
326,Create Purchase Requisition,2011-02-14 18:16:59,2011-02-14 18:16:59,2011-02-14 18:50:59,Elvira Lores,70,0.1258027956176804,0,1,18,2,64456.99999998334,64456.99999998334,1096.9833333333333,1,{'lifecycle:transition': 'complete'},regular
290,Send Request for Quotation to Supplier,2011-02-13 23:07:33,2011-02-14 19:11:05,2011-02-14 19:42:05,Francois de Perrier,70,0.07225160559123536,1,4,19,2,64511.083333333336,1683.63333335,1151.0833333333333,1,{'lifecycle:transition': 'complete'},deviant
282,Send Request for Quotation to Supplier,2011-02-14 05:09:45,2011-02-14 22:04:55,2011-02-14 22:37:55,Francois de Perrier,67,0.07225160559123536,0,6,22,2,64684.93333331667,1682.3166666666666,1324.9166666666667,1,{'lifecycle:transition': 'complete'},deviant
279,Confirm Purchase Order,2011-02-14 04:44:45,2011-02-14 22:57:07,2011-02-14 23:19:07,Karen Clarens,67,0.06752927842840951,0,10,22,2,64737.13333331667,1872.9166666666667,1377.1166666666666,1,{'lifecycle:transition': 'complete'},deviant
306,Send Request for Quotation to Supplier,2011-02-14 15:56:38,2011-02-14 23:48:22,2011-02-15 00:20:22,Francois de Perrier,68,0.07225160559123536,0,4,23,2,64788.38333331667,492.73333333333335,1428.3666666666666,1,{'lifecycle:transition': 'complete'},regular
327,Create Purchase Requisition,2011-02-15 00:47:59,2011-02-15 00:47:59,2011-02-15 01:32:59,Penn Osterwalder,70,0.1258027956176804,0,1,0,2,64847.99999998334,64847.99999998334,47.983333333333334,2,{'lifecycle:transition': 'complete'},deviant
316,Analyze Purchase Requisition,2011-02-13 23:14:59,2011-02-15 01:51:20,2011-02-15 01:55:20,Maris Freeman,70,0.03333962976955043,0,2,1,2,64911.34999998334,1623.35,111.33333333333333,2,{'lifecycle:transition': 'complete'},deviant
290,Create Quotation comparison Map,2011-02-14 19:42:05,2011-02-14 22:42:08,2011-02-15 02:05:08,Karel de Groot,70,0.4004533434076313,0,5,22,2,64722.13333333333,211.05,1362.1333333333334,1,{'lifecycle:transition': 'complete'},deviant
18_CF,Confirm Purchase Order,2011-02-08 12:51:19,2011-02-14 01:33:40,2011-02-15 02:06:36,Esmeralda Clay,76,0.06752927842840951,0,10,7,2,56592.96666666667,1116.2666666666667,432.96666666666664,3,{'lifecycle:transition': 'complete'},deviant
280,Confirm Purchase Order,2011-02-14 07:21:16,2011-02-15 01:42:11,2011-02-15 02:09:11,Kiu Kan,67,0.06752927842840951,0,10,1,2,64902.183333333334,1111.9166666666667,102.18333333333334,2,{'lifecycle:transition': 'complete'},deviant
311,Analyze Request for Quotation,2011-02-13 16:07:50,2011-02-15 01:39:38,2011-02-15 02:10:38,Francois de Perrier,70,0.1774650547789951,2,3,1,2,64899.64999998334,2023.8,99.63333333333334,2,{'lifecycle:transition': 'complete'},deviant
316,Create Request for Quotation,2011-02-15 01:55:20,2011-02-15 02:21:44,2011-02-15 02:22:44,Francis Odell,70,0.04731771817151492,0,3,2,2,64941.74999998334,30.4,141.73333333333332,2,{'lifecycle:transition': 'complete'},deviant
286,Send Request for Quotation to Supplier,2011-02-14 05:34:45,2011-02-15 02:05:08,2011-02-15 02:25:08,Karel de Groot,67,0.07225160559123536,2,6,0,2,64824.199999983335,1557.5166666666667,24.183333333333334,2,{'lifecycle:transition': 'complete'},regular
303,Create Quotation comparison Map,2011-02-14 18:27:59,2011-02-14 21:46:17,2011-02-15 02:48:17,Magdalena Predutta,70,0.4004533434076313,0,5,21,2,64666.299999983334,218.3,1306.2833333333333,1,{'lifecycle:transition': 'complete'},deviant
288,Send Request for Quotation to Supplier,2011-02-14 05:08:27,2011-02-15 02:48:17,2011-02-15 03:16:17,Magdalena Predutta,67,0.07225160559123536,0,6,23,2,64750.68333331667,1093.2166666666667,1390.6666666666667,1,{'lifecycle:transition': 'complete'},deviant
291,Send Request for Quotation to Supplier,2011-02-14 06:02:45,2011-02-15 03:16:17,2011-02-15 03:44:17,Magdalena Predutta,67,0.07225160559123536,0,5,1,2,64897.199999983335,1520.2333333333333,97.18333333333334,2,{'lifecycle:transition': 'complete'},regular
311,Amend Request for Quotation,2011-02-15 02:10:38,2011-02-15 03:58:30,2011-02-15 04:04:30,Nico Ojenbeer,68,0.057329051756705704,0,4,3,2,65038.51666665,138.86666666666667,238.5,2,{'lifecycle:transition': 'complete'},deviant
329,Create Purchase Requisition,2011-02-15 03:46:59,2011-02-15 03:46:59,2011-02-15 04:17:59,Tesca Lobes,69,0.1258027956176804,0,1,3,2,65026.99999998334,65026.99999998334,226.98333333333332,2,{'lifecycle:transition': 'complete'},regular
308,Analyze Request for Quotation,2011-02-13 09:14:13,2011-02-15 04:03:21,2011-02-15 04:30:21,Francois de Perrier,70,0.1774650547789951,0,3,4,2,65043.36666665001,2580.133333333333,243.35,2,{'lifecycle:transition': 'complete'},regular
326,Create Request for Quotation,2011-02-14 18:50:59,2011-02-15 04:33:30,2011-02-15 04:42:30,Esmana Liubiata,70,0.04731771817151492,0,2,4,2,65073.51666665,616.5166666666667,273.5,2,{'lifecycle:transition': 'complete'},regular
282,Create Quotation comparison Map,2011-02-14 22:37:55,2011-02-15 03:44:17,2011-02-15 05:31:17,Magdalena Predutta,70,0.4004533434076313,0,7,1,2,64897.74999998334,212.81666666666666,97.73333333333333,2,{'lifecycle:transition': 'complete'},deviant
314,Analyze Request for Quotation,2011-02-13 20:10:04,2011-02-15 05:43:30,2011-02-15 06:02:30,Francois de Perrier,70,0.1774650547789951,2,3,5,2,65143.51666665,2026.4333333333334,343.5,2,{'lifecycle:transition': 'complete'},deviant
296,Analyze Request for Quotation,2011-02-12 16:00:46,2011-02-15 05:55:05,2011-02-15 06:23:05,Karel de Groot,70,0.1774650547789951,0,4,5,2,65155.09999998334,3715.3166666666666,355.0833333333333,2,{'lifecycle:transition': 'complete'},regular
281,Send Request for Quotation to Supplier,2011-02-14 11:49:25,2011-02-15 06:02:30,2011-02-15 06:30:30,Francois de Perrier,69,0.07225160559123536,0,8,5,2,65159.73333331667,1103.3,359.71666666666664,2,{'lifecycle:transition': 'complete'},deviant
325,Create Request for Quotation,2011-02-14 18:25:59,2011-02-15 06:25:49,2011-02-15 06:36:49,Immanuel Karagianni,70,0.04731771817151492,0,2,6,2,65185.833333316674,733.8333333333334,385.81666666666666,2,{'lifecycle:transition': 'complete'},deviant
288,Create Quotation comparison Map,2011-02-15 03:16:17,2011-02-15 05:36:49,2011-02-15 07:49:49,Magdalena Predutta,68,0.4004533434076313,2,7,5,2,65136.833333316674,386.15,336.81666666666666,2,{'lifecycle:transition': 'complete'},deviant
284,Send Request for Quotation to Supplier,2011-02-14 12:23:07,2011-02-15 07:49:49,2011-02-15 08:16:49,Magdalena Predutta,69,0.07225160559123536,0,6,7,2,65262.36666665001,1171.2333333333333,462.35,2,{'lifecycle:transition': 'complete'},deviant
294,Analyze Request for Quotation,2011-02-14 09:39:00,2011-02-15 08:27:13,2011-02-15 08:45:13,Francois de Perrier,67,0.1774650547789951,0,6,8,2,65307.23333331667,1378.2166666666667,507.21666666666664,2,{'lifecycle:transition': 'complete'},deviant
290,Analyze Quotation Comparison Map,2011-02-15 02:05:08,2011-02-15 08:55:02,2011-02-15 09:19:02,Alberto Duport,70,0.0646014355874575,0,6,8,2,65335.03333333333,612.9,535.0333333333333,2,{'lifecycle:transition': 'complete'},deviant
294,Amend Request for Quotation,2011-02-15 08:45:13,2011-02-15 09:10:53,2011-02-15 09:23:53,Miu Hanwan,69,0.057329051756705704,0,7,9,2,65350.89999998334,43.666666666666664,550.8833333333333,2,{'lifecycle:transition': 'complete'},deviant
290,Choose best option,2011-02-15 09:19:02,2011-02-15 09:39:08,2011-02-15 09:39:08,Nico Ojenbeer,69,0.0,0,7,9,2,65379.13333333333,44.1,579.1333333333333,2,{'lifecycle:transition': 'complete'},deviant
303,Analyze Quotation Comparison Map,2011-02-15 02:48:17,2011-02-15 09:41:07,2011-02-15 09:50:07,Elvira Lores,68,0.0646014355874575,0,6,9,2,65381.13333331667,714.8333333333334,581.1166666666667,2,{'lifecycle:transition': 'complete'},deviant
303,Choose best option,2011-02-15 09:50:07,2011-02-15 09:57:13,2011-02-15 09:57:13,Miu Hanwan,69,0.0,0,7,9,2,65397.23333331667,16.1,597.2166666666667,2,{'lifecycle:transition': 'complete'},deviant
306,Create Quotation comparison Map,2011-02-15 00:20:22,2011-02-15 07:29:50,2011-02-15 11:16:50,Karel de Groot,69,0.4004533434076313,0,5,7,2,65249.84999998334,461.46666666666664,449.8333333333333,2,{'lifecycle:transition': 'complete'},regular
293,Send Request for Quotation to Supplier,2011-02-14 13:17:05,2011-02-15 11:16:50,2011-02-15 11:48:50,Karel de Groot,68,0.07225160559123536,0,5,9,2,65346.299999983334,1202.2,546.2833333333333,2,{'lifecycle:transition': 'complete'},regular
282,Analyze Quotation Comparison Map,2011-02-15 05:31:17,2011-02-15 12:16:12,2011-02-15 12:31:12,Elvira Lores,69,0.0646014355874575,0,8,12,2,65536.21666665,638.4666666666667,736.2,2,{'lifecycle:transition': 'complete'},deviant
282,Choose best option,2011-02-15 12:31:12,2011-02-15 12:56:39,2011-02-15 12:56:39,Fjodor Kowalski,69,0.0,0,9,12,2,65576.66666665001,40.45,776.65,2,{'lifecycle:transition': 'complete'},deviant
307,Analyze Request for Quotation,2011-02-14 18:44:29,2011-02-15 12:46:46,2011-02-15 13:09:46,Francois de Perrier,70,0.1774650547789951,0,5,12,2,65566.78333331666,1093.2833333333333,766.7666666666667,2,{'lifecycle:transition': 'complete'},deviant
286,Create Quotation comparison Map,2011-02-15 02:25:08,2011-02-15 08:16:49,2011-02-15 13:21:49,Magdalena Predutta,68,0.4004533434076313,3,7,7,2,65270.65,446.45000001666665,470.65,2,{'lifecycle:transition': 'complete'},regular
295,Analyze Request for Quotation,2011-02-14 08:35:18,2011-02-15 13:21:49,2011-02-15 13:35:49,Magdalena Predutta,67,0.1774650547789951,0,5,8,2,65312.48333331667,1446.1666666666667,512.4666666666667,2,{'lifecycle:transition': 'complete'},deviant
330,Create Purchase Requisition,2011-02-15 13:25:59,2011-02-15 13:25:59,2011-02-15 14:05:59,Nico Ojenbeer,70,0.1258027956176804,0,1,13,2,65605.99999998334,65605.99999998334,805.9833333333333,2,{'lifecycle:transition': 'complete'},deviant
319,Analyze Purchase Requisition,2011-02-14 11:53:59,2011-02-15 14:09:38,2011-02-15 14:16:38,Francis Odell,69,0.03333962976955043,0,2,14,2,65649.64999998333,1582.65,849.6333333333333,2,{'lifecycle:transition': 'complete'},deviant
319,Create Request for Quotation,2011-02-15 14:16:38,2011-02-15 14:38:56,2011-02-15 14:41:56,Francis Odell,69,0.04731771817151492,0,3,14,2,65678.94999998334,29.3,878.9333333333333,2,{'lifecycle:transition': 'complete'},deviant
288,Analyze Quotation Comparison Map,2011-02-15 07:49:49,2011-02-15 14:35:10,2011-02-15 14:50:10,Penn Osterwalder,69,0.0646014355874575,0,8,14,2,65675.18333331667,538.35,875.1666666666666,2,{'lifecycle:transition': 'complete'},deviant
318,Analyze Purchase Requisition,2011-02-14 12:11:59,2011-02-15 14:52:22,2011-02-15 14:56:22,Maris Freeman,69,0.03333962976955043,0,2,14,2,65692.38333331667,1636.3833333333334,892.3666666666667,2,{'lifecycle:transition': 'complete'},deviant
288,Choose best option,2011-02-15 14:50:10,2011-02-15 15:07:28,2011-02-15 15:07:28,Tesca Lobes,69,0.0,0,9,15,2,65707.48333331668,32.3,907.4666666666667,2,{'lifecycle:transition': 'complete'},deviant
318,Create Request for Quotation,2011-02-15 14:56:22,2011-02-15 15:19:50,2011-02-15 15:21:50,Maris Freeman,69,0.04731771817151492,0,3,15,2,65719.84999998334,27.466666666666665,919.8333333333334,2,{'lifecycle:transition': 'complete'},deviant
327,Create Request for Quotation,2011-02-15 01:32:59,2011-02-15 15:34:43,2011-02-15 15:38:43,Kim Passa,70,0.04731771817151492,0,2,15,2,65734.73333331668,886.7333333333333,934.7166666666667,2,{'lifecycle:transition': 'complete'},deviant
291,Create Quotation comparison Map,2011-02-15 03:44:17,2011-02-15 13:35:49,2011-02-15 16:08:49,Magdalena Predutta,68,0.4004533434076313,1,6,8,2,65332.38333331667,435.18333333333334,532.3666666666667,2,{'lifecycle:transition': 'complete'},regular
309,Analyze Request for Quotation,2011-02-14 09:30:51,2011-02-15 16:08:49,2011-02-15 16:25:49,Magdalena Predutta,67,0.1774650547789951,0,4,12,2,65542.49999998334,1613.6333333333334,742.4833333333333,2,{'lifecycle:transition': 'complete'},deviant
281,Create Quotation comparison Map,2011-02-15 06:30:30,2011-02-15 12:36:18,2011-02-15 17:57:18,Karel de Groot,69,0.4004533434076313,0,9,12,2,65556.31666665,396.5833333333333,756.3,2,{'lifecycle:transition': 'complete'},deviant
306,Analyze Quotation Comparison Map,2011-02-15 11:16:50,2011-02-15 18:15:06,2011-02-15 18:23:06,Kim Passa,69,0.0646014355874575,0,6,18,2,65895.11666665,645.2666666666667,1095.1,2,{'lifecycle:transition': 'complete'},regular
306,Choose best option,2011-02-15 18:23:06,2011-02-15 18:32:01,2011-02-15 18:32:01,Penn Osterwalder,69,0.0,0,7,18,2,65912.03333331666,16.916666666666668,1112.0166666666667,2,{'lifecycle:transition': 'complete'},regular
308,Send Request for Quotation to Supplier,2011-02-15 04:30:21,2011-02-15 18:32:49,2011-02-15 18:45:49,Francois de Perrier,69,0.07225160559123536,0,4,18,2,65912.83333331667,869.4666666666667,1112.8166666666666,2,{'lifecycle:transition': 'complete'},regular
293,Create Quotation comparison Map,2011-02-15 11:48:50,2011-02-15 17:57:18,2011-02-15 19:57:18,Karel de Groot,69,0.4004533434076313,0,6,17,2,65871.04999998334,524.75,1071.0333333333333,2,{'lifecycle:transition': 'complete'},regular
286,Analyze Quotation Comparison Map,2011-02-15 13:21:49,2011-02-15 20:05:20,2011-02-15 20:38:20,Nico Ojenbeer,69,0.0646014355874575,0,8,20,2,66005.34999998334,734.6999999833333,1205.3333333333333,2,{'lifecycle:transition': 'complete'},regular
284,Create Quotation comparison Map,2011-02-15 08:16:49,2011-02-15 16:25:49,2011-02-15 20:38:49,Magdalena Predutta,69,0.4004533434076313,1,7,15,2,65710.53333331666,448.1666666666667,910.5166666666667,2,{'lifecycle:transition': 'complete'},deviant
286,Choose best option,2011-02-15 20:38:20,2011-02-15 20:58:46,2011-02-15 20:58:46,Anna Kaufmann,69,0.0,0,9,20,2,66058.78333331666,53.43333333333333,1258.7666666666667,2,{'lifecycle:transition': 'complete'},regular
291,Analyze Quotation Comparison Map,2011-02-15 16:08:49,2011-02-15 22:58:15,2011-02-15 23:05:15,Fjodor Kowalski,69,0.0646014355874575,0,7,22,2,66178.26666665,845.8833333333333,1378.25,2,{'lifecycle:transition': 'complete'},regular
291,Choose best option,2011-02-15 23:05:15,2011-02-15 23:37:03,2011-02-15 23:37:03,Miu Hanwan,69,0.0,0,8,23,2,66217.06666665,38.8,1417.05,2,{'lifecycle:transition': 'complete'},regular
314,Send Request for Quotation to Supplier,2011-02-15 06:02:30,2011-02-16 00:41:43,2011-02-16 01:08:43,Karel de Groot,69,0.07225160559123536,0,4,0,2,66281.73333331668,1138.2166666666667,41.71666666666667,3,{'lifecycle:transition': 'complete'},deviant
281,Analyze Quotation Comparison Map,2011-02-15 17:57:18,2011-02-16 01:02:06,2011-02-16 01:10:06,Nico Ojenbeer,69,0.0646014355874575,0,10,1,2,66302.11666665,745.8,62.1,3,{'lifecycle:transition': 'complete'},deviant
293,Analyze Quotation Comparison Map,2011-02-15 19:57:18,2011-02-16 02:46:48,2011-02-16 02:58:48,Miu Hanwan,69,0.0646014355874575,0,7,2,2,66406.81666665,535.7666666666667,166.8,3,{'lifecycle:transition': 'complete'},regular
293,Choose best option,2011-02-16 02:58:48,2011-02-16 03:16:41,2011-02-16 03:16:41,Kim Passa,68,0.0,0,8,3,2,66436.69999998334,29.883333333333333,196.68333333333334,3,{'lifecycle:transition': 'complete'},regular
9_CF,Confirm Purchase Order,2011-02-08 22:55:24,2011-02-15 02:06:36,2011-02-16 03:27:02,Esmeralda Clay,78,0.06752927842840951,2,10,18,2,57258.916666666664,1179.1,1098.9166666666667,3,{'lifecycle:transition': 'complete'},deviant
282,Settle Conditions With Supplier,2011-02-15 12:56:39,2011-02-15 20:16:12,2011-02-16 03:40:12,Francois de Perrier,69,0.8897808840196448,0,10,20,2,66016.21666665,439.55,1216.2,2,{'lifecycle:transition': 'complete'},deviant
284,Analyze Quotation Comparison Map,2011-02-15 20:38:49,2011-02-16 03:26:58,2011-02-16 03:44:58,Anna Kaufmann,69,0.0646014355874575,0,8,3,2,66446.98333331668,736.45,206.96666666666667,3,{'lifecycle:transition': 'complete'},deviant
310,Analyze Request for Quotation,2011-02-14 09:34:52,2011-02-16 03:40:12,2011-02-16 04:03:12,Francois de Perrier,67,0.1774650547789951,0,4,0,2,66249.53333331666,2315.65,9.516666666666667,3,{'lifecycle:transition': 'complete'},deviant
284,Choose best option,2011-02-16 03:44:58,2011-02-16 04:04:34,2011-02-16 04:04:34,Kim Passa,66,0.0,0,9,4,2,66484.58333331667,37.6,244.56666666666666,3,{'lifecycle:transition': 'complete'},deviant
334,Create Purchase Requisition,2011-02-16 04:44:59,2011-02-16 04:44:59,2011-02-16 05:02:59,Immanuel Karagianni,67,0.1258027956176804,0,1,4,2,66524.99999998334,66524.99999998334,284.98333333333335,3,{'lifecycle:transition': 'complete'},deviant
311,Analyze Request for Quotation,2011-02-15 04:04:30,2011-02-16 04:37:47,2011-02-16 05:03:47,Karel de Groot,69,0.1774650547789951,0,5,4,2,66517.79999998334,1479.2833333333333,277.78333333333336,3,{'lifecycle:transition': 'complete'},deviant
311,Amend Request for Quotation,2011-02-16 05:03:47,2011-02-16 05:38:29,2011-02-16 05:45:29,Fjodor Kowalski,67,0.057329051756705704,0,6,5,2,66578.49999998334,60.7,338.48333333333335,3,{'lifecycle:transition': 'complete'},deviant
335,Create Purchase Requisition,2011-02-16 05:45:59,2011-02-16 05:45:59,2011-02-16 05:52:59,Kim Passa,68,0.1258027956176804,0,1,5,2,66585.99999998334,66585.99999998334,345.98333333333335,3,{'lifecycle:transition': 'complete'},deviant
329,Analyze Purchase Requisition,2011-02-15 04:17:59,2011-02-16 09:21:31,2011-02-16 09:28:31,Maris Freeman,69,0.03333962976955043,0,2,9,2,66801.53333331666,1774.5333333333333,561.5166666666667,3,{'lifecycle:transition': 'complete'},regular
329,Create Request for Quotation,2011-02-16 09:28:31,2011-02-16 09:55:04,2011-02-16 09:58:04,Maris Freeman,68,0.04731771817151492,0,3,9,2,66835.08333331667,33.55,595.0666666666667,3,{'lifecycle:transition': 'complete'},regular
290,Settle Conditions With Supplier,2011-02-15 09:39:08,2011-02-15 20:38:49,2011-02-16 10:24:49,Magdalena Predutta,69,0.8897808840196448,2,8,18,2,65934.78333333334,555.65,1134.7833333333333,2,{'lifecycle:transition': 'complete'},deviant
296,Send Request for Quotation to Supplier,2011-02-15 06:23:05,2011-02-16 10:24:49,2011-02-16 10:47:49,Magdalena Predutta,69,0.07225160559123536,0,5,2,2,66364.53333331666,1209.4333333333334,124.51666666666667,3,{'lifecycle:transition': 'complete'},regular
307,Send Request for Quotation to Supplier,2011-02-15 13:09:46,2011-02-16 10:47:49,2011-02-16 11:29:49,Magdalena Predutta,69,0.07225160559123536,3,6,8,2,66760.46666665,1193.6833333333334,520.45,3,{'lifecycle:transition': 'complete'},deviant
288,Settle Conditions With Supplier,2011-02-15 15:07:28,2011-02-16 05:13:02,2011-02-16 12:02:02,Karel de Groot,69,0.8897808840196448,0,10,5,2,66553.04999998334,845.5666666666667,313.03333333333336,3,{'lifecycle:transition': 'complete'},deviant
309,Send Request for Quotation to Supplier,2011-02-15 16:25:49,2011-02-16 13:06:35,2011-02-16 13:29:35,Karel de Groot,69,0.07225160559123536,0,5,13,2,67026.59999998334,1484.1,786.5833333333334,3,{'lifecycle:transition': 'complete'},deviant
339,Create Purchase Requisition,2011-02-16 14:30:59,2011-02-16 14:30:59,2011-02-16 15:22:59,Nico Ojenbeer,68,0.1258027956176804,0,1,14,2,67110.99999998334,67110.99999998334,870.9833333333333,3,{'lifecycle:transition': 'complete'},deviant
340,Create Purchase Requisition,2011-02-16 17:10:59,2011-02-16 17:10:59,2011-02-16 17:23:59,Nico Ojenbeer,69,0.1258027956176804,0,1,17,2,67270.99999998334,67270.99999998334,1030.9833333333333,3,{'lifecycle:transition': 'complete'},regular
286,Settle Conditions With Supplier,2011-02-15 20:58:46,2011-02-16 11:29:49,2011-02-16 17:26:49,Magdalena Predutta,69,0.8897808840196448,0,10,10,2,66896.24999998334,837.4666666666667,656.2333333333333,3,{'lifecycle:transition': 'complete'},regular
303,Settle Conditions With Supplier,2011-02-15 09:57:13,2011-02-16 06:31:18,2011-02-16 18:22:18,Francois de Perrier,69,0.8897808840196448,0,8,6,2,66631.31666665,1234.0833333333333,391.3,3,{'lifecycle:transition': 'complete'},deviant
290,Create Purchase Order,2011-02-16 10:24:49,2011-02-16 19:06:03,2011-02-16 19:17:03,Karel de Groot,68,0.048073290517567056,0,9,19,2,67386.06666665,1451.2833333166668,1146.05,3,{'lifecycle:transition': 'complete'},deviant
330,Analyze Purchase Requisition,2011-02-15 14:05:59,2011-02-16 19:17:51,2011-02-16 19:23:51,Francis Odell,69,0.03333962976955043,0,2,19,2,67397.86666665,1791.8666666666666,1157.85,3,{'lifecycle:transition': 'complete'},deviant
296,Create Quotation comparison Map,2011-02-16 10:47:49,2011-02-16 17:26:49,2011-02-16 19:24:49,Magdalena Predutta,68,0.4004533434076313,1,6,13,2,67071.21666665,706.6833333333333,831.2,3,{'lifecycle:transition': 'complete'},regular
330,Create Request for Quotation,2011-02-16 19:23:51,2011-02-16 19:50:27,2011-02-16 19:53:27,Heinz Gutschmidt,68,0.04731771817151492,0,3,19,2,67430.46666665,32.6,1190.45,3,{'lifecycle:transition': 'complete'},deviant
307,Create Quotation comparison Map,2011-02-16 11:29:49,2011-02-16 19:24:49,2011-02-16 20:33:49,Magdalena Predutta,68,0.4004533434076313,1,7,15,2,67186.83333331667,426.3666666666667,946.8166666666667,3,{'lifecycle:transition': 'complete'},deviant
308,Create Quotation comparison Map,2011-02-15 18:45:49,2011-02-16 18:22:18,2011-02-16 22:06:18,Francois de Perrier,69,0.4004533434076313,0,5,6,2,66649.14999998333,736.3166666666667,409.1333333333333,3,{'lifecycle:transition': 'complete'},regular
310,Send Request for Quotation to Supplier,2011-02-16 04:03:12,2011-02-17 00:43:25,2011-02-17 01:08:25,Magdalena Predutta,66,0.07225160559123536,1,5,0,2,67723.43333331667,1473.9,43.416666666666664,4,{'lifecycle:transition': 'complete'},deviant
343,Create Purchase Requisition,2011-02-17 00:38:59,2011-02-17 00:38:59,2011-02-17 01:08:59,Christian Francois,69,0.1258027956176804,0,1,0,2,67718.99999998334,67718.99999998334,38.983333333333334,4,{'lifecycle:transition': 'complete'},deviant
296,Analyze Quotation Comparison Map,2011-02-16 19:24:49,2011-02-17 02:06:40,2011-02-17 02:33:40,Esmana Liubiata,68,0.0646014355874575,0,7,2,2,67806.68333331667,735.4666666666667,126.66666666666667,4,{'lifecycle:transition': 'complete'},regular
296,Choose best option,2011-02-17 02:33:40,2011-02-17 02:38:51,2011-02-17 02:38:51,Immanuel Karagianni,69,0.0,0,8,2,2,67838.86666665,32.18333333333333,158.85,4,{'lifecycle:transition': 'complete'},regular
307,Analyze Quotation Comparison Map,2011-02-16 20:33:49,2011-02-17 03:18:40,2011-02-17 03:29:40,Immanuel Karagianni,68,0.0646014355874575,0,8,3,2,67878.68333331667,691.85,198.66666666666666,4,{'lifecycle:transition': 'complete'},deviant
307,Choose best option,2011-02-17 03:29:40,2011-02-17 03:37:28,2011-02-17 03:37:28,Clement Duchot,69,0.0,0,9,3,2,67897.48333331668,18.8,217.46666666666667,4,{'lifecycle:transition': 'complete'},deviant
308,Analyze Quotation Comparison Map,2011-02-16 22:06:18,2011-02-17 05:03:22,2011-02-17 05:30:22,Esmana Liubiata,68,0.0646014355874575,0,6,5,2,67983.38333331667,1334.2333333333333,303.3666666666667,4,{'lifecycle:transition': 'complete'},regular
39_CF,Confirm Purchase Order,2011-02-09 12:41:49,2011-02-16 03:27:02,2011-02-17 05:30:30,Esmeralda Clay,80,0.06752927842840951,6,10,8,2,58130.64999998334,1232.91666665,530.6333333333333,4,{'lifecycle:transition': 'complete'},deviant
308,Choose best option,2011-02-17 05:30:22,2011-02-17 05:40:40,2011-02-17 05:40:40,Anne Olwada,69,0.0,0,7,5,2,68020.68333331667,37.3,340.6666666666667,4,{'lifecycle:transition': 'complete'},regular
325,Analyze Request for Quotation,2011-02-15 06:36:49,2011-02-17 05:40:12,2011-02-17 05:54:12,Karel de Groot,69,0.1774650547789951,0,3,5,2,68020.21666665,2834.383333333333,340.2,4,{'lifecycle:transition': 'complete'},deviant
311,Analyze Request for Quotation,2011-02-16 05:45:29,2011-02-17 05:54:12,2011-02-17 06:22:12,Karel de Groot,67,0.1774650547789951,0,7,5,2,68023.66666665001,1445.1666666666667,343.65,4,{'lifecycle:transition': 'complete'},deviant
344,Create Purchase Requisition,2011-02-17 05:42:59,2011-02-17 05:42:59,2011-02-17 06:26:59,Esmana Liubiata,69,0.1258027956176804,0,1,5,2,68022.99999998334,68022.99999998334,342.98333333333335,4,{'lifecycle:transition': 'complete'},deviant
326,Analyze Request for Quotation,2011-02-15 04:42:30,2011-02-17 06:22:12,2011-02-17 06:44:12,Karel de Groot,69,0.1774650547789951,0,3,6,2,68058.99999998334,2985.483333333333,378.98333333333335,4,{'lifecycle:transition': 'complete'},regular
306,Settle Conditions With Supplier,2011-02-15 18:32:01,2011-02-16 22:06:18,2011-02-17 07:16:18,Francois de Perrier,69,0.8897808840196448,0,8,9,2,66784.08333331667,872.05,544.0666666666667,3,{'lifecycle:transition': 'complete'},regular
326,Amend Request for Quotation,2011-02-17 06:44:12,2011-02-17 07:51:46,2011-02-17 08:09:46,Maris Freeman,68,0.057329051756705704,0,4,7,2,68151.78333331666,92.78333333333333,471.76666666666665,4,{'lifecycle:transition': 'complete'},regular
319,Analyze Request for Quotation,2011-02-15 14:41:56,2011-02-17 07:41:13,2011-02-17 08:11:13,Karel de Groot,69,0.1774650547789951,0,4,7,2,68141.23333331668,2462.2833333333333,461.21666666666664,4,{'lifecycle:transition': 'complete'},deviant
318,Analyze Request for Quotation,2011-02-15 15:21:50,2011-02-17 08:23:43,2011-02-17 08:40:43,Karel de Groot,69,0.1774650547789951,0,4,8,2,68183.73333331668,2463.883333333333,503.71666666666664,4,{'lifecycle:transition': 'complete'},deviant
319,Amend Request for Quotation,2011-02-17 08:11:13,2011-02-17 08:33:00,2011-02-17 08:46:00,Alberto Duport,68,0.057329051756705704,0,5,8,2,68193.01666665,51.78333333333333,513.0,4,{'lifecycle:transition': 'complete'},deviant
318,Amend Request for Quotation,2011-02-17 08:40:43,2011-02-17 09:03:23,2011-02-17 09:16:23,Tesca Lobes,68,0.057329051756705704,0,5,9,2,68223.39999998333,39.666666666666664,543.3833333333333,4,{'lifecycle:transition': 'complete'},deviant
327,Analyze Request for Quotation,2011-02-15 15:38:43,2011-02-17 09:31:37,2011-02-17 09:51:37,Karel de Groot,69,0.1774650547789951,0,3,9,2,68251.63333331667,2516.9,571.6166666666667,4,{'lifecycle:transition': 'complete'},deviant
314,Create Quotation comparison Map,2011-02-16 01:08:43,2011-02-17 07:16:18,2011-02-17 10:28:18,Francois de Perrier,69,0.4004533434076313,1,5,16,2,67233.73333331668,952.0,993.7166666666667,3,{'lifecycle:transition': 'complete'},deviant
294,Analyze Request for Quotation,2011-02-15 09:23:53,2011-02-17 10:28:18,2011-02-17 10:48:18,Francois de Perrier,69,0.1774650547789951,0,8,19,2,67402.01666665,2051.116666666667,1162.0,3,{'lifecycle:transition': 'complete'},deviant
309,Create Quotation comparison Map,2011-02-16 13:29:35,2011-02-17 10:48:18,2011-02-17 11:35:18,Francois de Perrier,67,0.4004533434076313,2,6,21,2,67516.44999998334,489.85,1276.4333333333334,3,{'lifecycle:transition': 'complete'},deviant
316,Analyze Request for Quotation,2011-02-15 02:22:44,2011-02-17 11:35:18,2011-02-17 11:39:18,Francois de Perrier,68,0.1774650547789951,0,4,1,2,67747.48333331668,2805.733333333333,67.46666666666667,4,{'lifecycle:transition': 'complete'},deviant
310,Create Quotation comparison Map,2011-02-17 01:08:25,2011-02-17 08:04:11,2011-02-17 12:58:11,Magdalena Predutta,69,0.4004533434076313,0,6,8,2,68164.19999998334,440.76666666666665,484.18333333333334,4,{'lifecycle:transition': 'complete'},deviant
303,Create Purchase Order,2011-02-16 18:22:18,2011-02-17 12:58:11,2011-02-17 13:05:11,Magdalena Predutta,68,0.048073290517567056,1,9,10,2,68302.74999998334,1671.4333333333334,622.7333333333333,4,{'lifecycle:transition': 'complete'},deviant
290,Confirm Purchase Order,2011-02-16 19:17:03,2011-02-17 13:05:51,2011-02-17 13:35:51,Karen Clarens,68,0.06752927842840951,0,10,13,2,68465.86666665,1079.8,785.85,4,{'lifecycle:transition': 'complete'},deviant
314,Analyze Quotation Comparison Map,2011-02-17 10:28:18,2011-02-17 17:26:26,2011-02-17 17:34:26,Anna Kaufmann,68,0.0646014355874575,0,6,17,2,68726.44999998334,1492.7166666666667,1046.4333333333334,4,{'lifecycle:transition': 'complete'},deviant
314,Choose best option,2011-02-17 17:34:26,2011-02-17 17:42:12,2011-02-17 17:42:12,Miu Hanwan,67,0.0,0,7,17,2,68742.21666665,15.766666666666667,1062.2,4,{'lifecycle:transition': 'complete'},deviant
296,Settle Conditions With Supplier,2011-02-17 02:38:51,2011-02-17 13:05:11,2011-02-17 18:11:11,Magdalena Predutta,69,0.8897808840196448,0,9,12,2,68405.09999998334,566.2333333333333,725.0833333333334,4,{'lifecycle:transition': 'complete'},regular
309,Analyze Quotation Comparison Map,2011-02-17 11:35:18,2011-02-17 18:29:37,2011-02-17 18:41:37,Nico Ojenbeer,68,0.0646014355874575,0,7,18,2,68789.63333331667,1273.1833333333334,1109.6166666666666,4,{'lifecycle:transition': 'complete'},deviant
309,Choose best option,2011-02-17 18:41:37,2011-02-17 18:50:26,2011-02-17 18:50:26,Nico Ojenbeer,67,0.0,0,8,18,2,68810.44999998334,20.816666666666666,1130.4333333333334,4,{'lifecycle:transition': 'complete'},deviant
310,Analyze Quotation Comparison Map,2011-02-17 12:58:11,2011-02-17 20:02:26,2011-02-17 20:31:26,Anne Olwada,68,0.0646014355874575,0,7,20,2,68882.44999998334,718.25,1202.4333333333334,4,{'lifecycle:transition': 'complete'},deviant
310,Choose best option,2011-02-17 20:31:26,2011-02-17 20:54:00,2011-02-17 20:54:00,Tesca Lobes,67,0.0,0,8,20,2,68934.01666665,51.56666666666667,1254.0,4,{'lifecycle:transition': 'complete'},deviant
308,Settle Conditions With Supplier,2011-02-17 05:40:40,2011-02-17 18:11:11,2011-02-17 22:29:11,Magdalena Predutta,68,0.8897808840196448,0,8,16,2,68688.69999998334,668.0166666666667,1008.6833333333333,4,{'lifecycle:transition': 'complete'},regular
306,Create Purchase Order,2011-02-17 07:16:18,2011-02-17 22:39:18,2011-02-17 22:47:18,Karel de Groot,68,0.048073290517567056,0,9,22,2,69039.31666665,2255.233333333333,1359.3,4,{'lifecycle:transition': 'complete'},regular
291,Settle Conditions With Supplier,2011-02-15 23:37:03,2011-02-17 11:39:18,2011-02-18 00:45:18,Francois de Perrier,69,0.8897808840196448,0,9,1,2,67785.51666665,1568.45,105.5,4,{'lifecycle:transition': 'complete'},regular
349,Create Purchase Requisition,2011-02-18 00:40:59,2011-02-18 00:40:59,2011-02-18 01:20:59,Immanuel Karagianni,68,0.1258027956176804,0,1,0,2,69160.99999998334,69160.99999998334,40.983333333333334,5,{'lifecycle:transition': 'complete'},deviant
340,Create Request for Quotation,2011-02-16 17:23:59,2011-02-18 01:20:59,2011-02-18 01:27:59,Immanuel Karagianni,69,0.04731771817151492,0,2,0,2,69163.94999998334,1892.95,43.93333333333333,5,{'lifecycle:transition': 'complete'},regular
344,Create Request for Quotation,2011-02-17 06:26:59,2011-02-18 01:37:38,2011-02-18 01:47:38,Tesca Lobes,68,0.04731771817151492,0,2,1,2,69217.64999998333,1194.65,97.63333333333334,5,{'lifecycle:transition': 'complete'},deviant
303,Confirm Purchase Order,2011-02-17 13:05:11,2011-02-18 06:02:39,2011-02-18 06:07:39,Carmen Finacse,68,0.06752927842840951,0,10,6,2,69482.66666665001,1179.9166666666667,362.65,5,{'lifecycle:transition': 'complete'},deviant
316,Send Request for Quotation to Supplier,2011-02-17 11:39:18,2011-02-18 06:24:46,2011-02-18 06:45:46,Magdalena Predutta,68,0.07225160559123536,1,5,6,2,69504.78333331666,1757.3,384.76666666666665,5,{'lifecycle:transition': 'complete'},deviant
327,Send Request for Quotation to Supplier,2011-02-17 09:51:37,2011-02-18 07:00:35,2011-02-18 07:16:35,Magdalena Predutta,68,0.07225160559123536,0,4,7,2,69540.59999998334,1288.9666666666667,420.5833333333333,5,{'lifecycle:transition': 'complete'},deviant
40_CF,Confirm Purchase Order,2011-02-10 06:26:38,2011-02-17 05:30:30,2011-02-18 07:40:52,Esmeralda Clay,82,0.06752927842840951,6,10,0,2,59083.26666665,1522.5833333166668,43.25,5,{'lifecycle:transition': 'complete'},deviant
293,Settle Conditions With Supplier,2011-02-16 03:16:41,2011-02-18 00:45:18,2011-02-18 08:49:18,Francois de Perrier,68,0.8897808840196448,1,9,2,2,67822.31666665,1385.6166666666666,142.3,4,{'lifecycle:transition': 'complete'},regular
310,Settle Conditions With Supplier,2011-02-17 20:54:00,2011-02-18 08:58:30,2011-02-18 13:11:30,Magdalena Predutta,67,0.8897808840196448,0,9,8,2,69658.51666665,724.5,538.5,5,{'lifecycle:transition': 'complete'},deviant
296,Create Purchase Order,2011-02-17 18:11:11,2011-02-18 13:11:30,2011-02-18 13:17:30,Magdalena Predutta,67,0.048073290517567056,1,10,9,2,69682.21666665,1277.1166666666666,562.2,5,{'lifecycle:transition': 'complete'},regular
308,Create Purchase Order,2011-02-17 22:29:11,2011-02-18 13:17:30,2011-02-18 13:24:30,Magdalena Predutta,67,0.048073290517567056,0,9,12,2,69880.31666665,1191.6166666666666,760.3,5,{'lifecycle:transition': 'complete'},regular
319,Analyze Request for Quotation,2011-02-17 08:46:00,2011-02-18 13:24:30,2011-02-18 13:51:30,Magdalena Predutta,68,0.1774650547789951,0,6,12,2,69883.79999998334,1690.7833333333333,763.7833333333333,5,{'lifecycle:transition': 'complete'},deviant
334,Analyze Purchase Requisition,2011-02-16 05:02:59,2011-02-18 14:36:51,2011-02-18 14:44:51,Francis Odell,67,0.03333962976955043,0,2,14,2,69996.86666664999,3471.866666666667,876.85,5,{'lifecycle:transition': 'complete'},deviant
334,Create Request for Quotation,2011-02-18 14:44:51,2011-02-18 15:04:45,2011-02-18 15:06:45,Heinz Gutschmidt,64,0.04731771817151492,0,3,15,2,70024.76666665,27.9,904.75,5,{'lifecycle:transition': 'complete'},deviant
314,Settle Conditions With Supplier,2011-02-17 17:42:12,2011-02-18 02:10:55,2011-02-18 16:07:55,Karel de Groot,67,0.8897808840196448,0,8,2,2,69250.93333331667,508.71666666666664,130.91666666666666,5,{'lifecycle:transition': 'complete'},deviant
335,Analyze Purchase Requisition,2011-02-16 05:52:59,2011-02-18 16:05:27,2011-02-18 16:11:27,Maris Freeman,68,0.03333962976955043,0,2,16,2,70085.46666665,3499.4666666666667,965.45,5,{'lifecycle:transition': 'complete'},deviant
335,Create Request for Quotation,2011-02-18 16:11:27,2011-02-18 16:31:21,2011-02-18 16:32:21,Francis Odell,64,0.04731771817151492,0,3,16,2,70111.36666664999,25.9,991.35,5,{'lifecycle:transition': 'complete'},deviant
316,Create Quotation comparison Map,2011-02-18 06:45:46,2011-02-18 15:02:36,2011-02-18 16:37:36,Magdalena Predutta,67,0.4004533434076313,0,6,15,2,70022.61666664999,517.8333333333334,902.6,5,{'lifecycle:transition': 'complete'},deviant
284,Settle Conditions With Supplier,2011-02-16 04:04:34,2011-02-18 08:49:18,2011-02-18 17:55:18,Francois de Perrier,66,0.8897808840196448,0,10,2,2,67835.46666665,1350.8833333333334,155.45,4,{'lifecycle:transition': 'complete'},deviant
306,Confirm Purchase Order,2011-02-17 22:47:18,2011-02-18 19:04:55,2011-02-18 19:13:55,Esmeralda Clay,67,0.06752927842840951,0,10,19,2,70264.93333331666,1225.6166666666666,1144.9166666666667,5,{'lifecycle:transition': 'complete'},regular
329,Analyze Request for Quotation,2011-02-16 09:58:04,2011-02-18 19:14:03,2011-02-18 19:34:03,Magdalena Predutta,68,0.1774650547789951,2,4,19,2,70274.06666664999,3438.983333333333,1154.05,5,{'lifecycle:transition': 'complete'},regular
352,Create Purchase Requisition,2011-02-18 19:18:59,2011-02-18 19:18:59,2011-02-18 20:08:59,Anne Olwada,63,0.1258027956176804,0,1,19,2,70278.99999998332,70278.99999998332,1158.9833333333333,5,{'lifecycle:transition': 'complete'},deviant
343,Analyze Purchase Requisition,2011-02-17 01:08:59,2011-02-18 20:35:03,2011-02-18 20:44:03,Francis Odell,69,0.03333962976955043,0,2,20,2,70355.06666664999,2636.0666666666666,1235.05,5,{'lifecycle:transition': 'complete'},deviant
343,Create Request for Quotation,2011-02-18 20:44:03,2011-02-18 21:11:36,2011-02-18 21:14:36,Heinz Gutschmidt,63,0.04731771817151492,0,3,21,2,70391.61666664999,36.55,1271.6,5,{'lifecycle:transition': 'complete'},deviant
307,Settle Conditions With Supplier,2011-02-17 03:37:28,2011-02-18 17:55:18,2011-02-18 22:04:18,Francois de Perrier,69,0.8897808840196448,7,10,15,2,68613.71666665,716.2333333333333,933.7,4,{'lifecycle:transition': 'complete'},deviant
325,Send Request for Quotation to Supplier,2011-02-17 05:54:12,2011-02-18 22:04:18,2011-02-18 22:19:18,Francois de Perrier,69,0.07225160559123536,7,4,2,2,69276.91666665001,1256.7,156.9,5,{'lifecycle:transition': 'complete'},deviant
294,Send Request for Quotation to Supplier,2011-02-17 10:48:18,2011-02-18 22:19:18,2011-02-18 22:49:18,Francois de Perrier,68,0.07225160559123536,5,9,5,2,69421.69999998334,2019.6833333333334,301.68333333333334,5,{'lifecycle:transition': 'complete'},deviant
318,Analyze Request for Quotation,2011-02-17 09:16:23,2011-02-18 22:49:18,2011-02-18 23:13:18,Francois de Perrier,68,0.1774650547789951,6,6,13,2,69912.69999998334,1689.3,792.6833333333333,5,{'lifecycle:transition': 'complete'},deviant
291,Create Purchase Order,2011-02-18 00:45:18,2011-02-18 23:13:18,2011-02-18 23:23:18,Francois de Perrier,68,0.048073290517567056,3,10,17,2,70161.86666664999,2376.35,1041.85,5,{'lifecycle:transition': 'complete'},regular
316,Analyze Quotation Comparison Map,2011-02-18 16:37:36,2011-02-18 23:36:42,2011-02-18 23:52:42,Miu Hanwan,64,0.0646014355874575,0,7,23,2,70536.71666665,514.1,1416.7,5,{'lifecycle:transition': 'complete'},deviant
316,Choose best option,2011-02-18 23:52:42,2011-02-18 23:57:47,2011-02-18 23:57:47,Kim Passa,61,0.0,0,8,23,2,70557.79999998333,21.083333333333332,1437.7833333333333,5,{'lifecycle:transition': 'complete'},deviant
339,Analyze Purchase Requisition,2011-02-16 15:22:59,2011-02-19 01:35:27,2011-02-19 01:41:27,Maris Freeman,68,0.03333962976955043,0,2,1,2,70655.46666665,3544.4666666666667,95.45,6,{'lifecycle:transition': 'complete'},deviant
309,Settle Conditions With Supplier,2011-02-17 18:50:26,2011-02-18 16:07:55,2011-02-19 02:43:55,Karel de Groot,67,0.8897808840196448,0,9,7,2,69542.64999998333,732.2,422.6333333333333,5,{'lifecycle:transition': 'complete'},deviant
293,Create Purchase Order,2011-02-18 08:49:18,2011-02-19 03:21:44,2011-02-19 03:27:44,Karel de Groot,66,0.048073290517567056,1,10,3,2,70761.74999998332,2939.4333333333334,201.73333333333332,6,{'lifecycle:transition': 'complete'},regular
327,Create Quotation comparison Map,2011-02-18 07:16:35,2011-02-18 23:45:07,2011-02-19 05:22:07,Magdalena Predutta,67,0.4004533434076313,0,5,23,2,70545.13333331667,1004.5333333333333,1425.1166666666666,5,{'lifecycle:transition': 'complete'},deviant
349,Analyze Purchase Requisition,2011-02-18 01:20:59,2011-02-19 05:20:39,2011-02-19 05:27:39,Maris Freeman,68,0.03333962976955043,0,2,5,2,70880.66666665,1719.6666666666667,320.65,6,{'lifecycle:transition': 'complete'},deviant
310,Create Purchase Order,2011-02-18 13:11:30,2011-02-19 05:22:07,2011-02-19 05:29:07,Magdalena Predutta,66,0.048073290517567056,3,10,23,2,70545.44999998334,886.9333333333333,1425.4333333333334,5,{'lifecycle:transition': 'complete'},deviant
349,Create Request for Quotation,2011-02-19 05:27:39,2011-02-19 05:46:02,2011-02-19 05:49:02,Francis Odell,60,0.04731771817151492,0,3,5,2,70906.04999998333,25.383333333333333,346.03333333333336,6,{'lifecycle:transition': 'complete'},deviant
314,Create Purchase Order,2011-02-18 16:07:55,2011-02-19 06:24:10,2011-02-19 06:33:10,Magdalena Predutta,64,0.048073290517567056,0,9,6,2,70944.18333331666,1693.25,384.1666666666667,6,{'lifecycle:transition': 'complete'},deviant
339,Amend Purchase Requisition,2011-02-19 01:41:27,2011-02-19 07:42:12,2011-02-19 08:05:12,Elvira Lores,61,0.0017944843218738193,0,3,7,2,71022.21666665,366.75,462.2,6,{'lifecycle:transition': 'complete'},deviant
294,Create Quotation comparison Map,2011-02-18 22:49:18,2011-02-19 08:03:10,2011-02-19 10:30:10,Francois de Perrier,62,0.4004533434076313,2,10,8,2,71043.18333331666,1621.4833333333333,483.1666666666667,6,{'lifecycle:transition': 'complete'},deviant
308,Confirm Purchase Order,2011-02-18 13:24:30,2011-02-19 10:48:34,2011-02-19 10:59:34,Kiu Kan,65,0.06752927842840951,0,10,10,2,71208.58333331667,1328.2666666666667,648.5666666666667,6,{'lifecycle:transition': 'complete'},regular
327,Analyze Quotation Comparison Map,2011-02-19 05:22:07,2011-02-19 12:19:07,2011-02-19 12:36:07,Christian Francois,60,0.0646014355874575,0,6,12,2,71299.13333331667,754.0,739.1166666666667,6,{'lifecycle:transition': 'complete'},deviant
327,Choose best option,2011-02-19 12:36:07,2011-02-19 12:40:10,2011-02-19 12:40:10,Elvira Lores,57,0.0,0,7,12,2,71320.18333331666,21.05,760.1666666666666,6,{'lifecycle:transition': 'complete'},deviant
318,Send Request for Quotation to Supplier,2011-02-18 23:13:18,2011-02-19 14:47:40,2011-02-19 15:24:40,Magdalena Predutta,62,0.07225160559123536,0,7,14,2,71447.68333331666,1534.9833333333333,887.6666666666666,6,{'lifecycle:transition': 'complete'},deviant
309,Create Purchase Order,2011-02-19 02:43:55,2011-02-19 15:24:40,2011-02-19 15:32:40,Magdalena Predutta,61,0.048073290517567056,1,10,15,2,71480.69999998334,1938.05,920.6833333333333,6,{'lifecycle:transition': 'complete'},deviant
325,Create Quotation comparison Map,2011-02-18 22:19:18,2011-02-19 14:06:29,2011-02-19 16:23:29,Francois de Perrier,62,0.4004533434076313,3,5,14,2,71406.49999998332,2129.5833333333335,846.4833333333333,6,{'lifecycle:transition': 'complete'},deviant
316,Settle Conditions With Supplier,2011-02-18 23:57:47,2011-02-19 07:21:32,2011-02-19 19:36:32,Karel de Groot,61,0.8897808840196448,0,9,7,2,71001.54999998333,443.75,441.53333333333336,6,{'lifecycle:transition': 'complete'},deviant
326,Analyze Request for Quotation,2011-02-17 08:09:46,2011-02-19 19:36:32,2011-02-19 19:45:32,Karel de Groot,68,0.1774650547789951,0,5,7,2,71012.48333331666,2860.7,452.46666666666664,6,{'lifecycle:transition': 'complete'},regular
329,Send Request for Quotation to Supplier,2011-02-18 19:34:03,2011-02-19 19:45:32,2011-02-19 20:09:32,Karel de Groot,63,0.07225160559123536,0,5,17,2,71586.19999998334,1312.1333333333334,1026.1833333333334,6,{'lifecycle:transition': 'complete'},regular
330,Analyze Request for Quotation,2011-02-16 19:53:27,2011-02-19 20:00:40,2011-02-19 20:32:40,Francois de Perrier,68,0.1774650547789951,3,4,20,2,71760.68333331666,4330.216666666666,1200.6666666666667,6,{'lifecycle:transition': 'complete'},deviant
330,Amend Request for Quotation,2011-02-19 20:32:40,2011-02-19 20:53:57,2011-02-19 20:59:57,Anne Olwada,56,0.057329051756705704,0,5,20,2,71813.96666665,53.28333333333333,1253.95,6,{'lifecycle:transition': 'complete'},deviant
352,Analyze Purchase Requisition,2011-02-18 20:08:59,2011-02-19 22:37:57,2011-02-19 22:44:57,Heinz Gutschmidt,63,0.03333962976955043,0,2,22,2,71917.96666665,1638.9666666666667,1357.95,6,{'lifecycle:transition': 'complete'},deviant
352,Create Request for Quotation,2011-02-19 22:44:57,2011-02-19 23:03:01,2011-02-19 23:06:01,Heinz Gutschmidt,56,0.04731771817151492,0,3,23,2,71943.03333331666,25.066666666666666,1383.0166666666667,6,{'lifecycle:transition': 'complete'},deviant
325,Analyze Quotation Comparison Map,2011-02-19 16:23:29,2011-02-19 23:25:20,2011-02-19 23:41:20,Nico Ojenbeer,56,0.0646014355874575,0,6,23,2,71965.34999998333,558.85,1405.3333333333333,6,{'lifecycle:transition': 'complete'},deviant
325,Choose best option,2011-02-19 23:41:20,2011-02-19 23:50:38,2011-02-19 23:50:38,Immanuel Karagianni,56,0.0,0,7,23,2,71990.64999998333,25.3,1430.6333333333334,6,{'lifecycle:transition': 'complete'},deviant
314,Confirm Purchase Order,2011-02-19 06:33:10,2011-02-19 23:54:50,2011-02-20 00:19:50,Kiu Kan,59,0.06752927842840951,0,10,23,2,71994.84999998333,1050.6666666666667,1434.8333333333333,6,{'lifecycle:transition': 'complete'},deviant
327,Settle Conditions With Supplier,2011-02-19 12:40:10,2011-02-19 19:11:15,2011-02-20 02:46:15,Magdalena Predutta,57,0.8897808840196448,0,8,19,2,71711.26666665,391.0833333333333,1151.25,6,{'lifecycle:transition': 'complete'},deviant
318,Create Quotation comparison Map,2011-02-19 15:24:40,2011-02-20 02:46:15,2011-02-20 04:34:15,Magdalena Predutta,57,0.4004533434076313,1,8,19,2,71722.28333331666,274.6,1162.2666666666667,6,{'lifecycle:transition': 'complete'},deviant
329,Create Quotation comparison Map,2011-02-19 20:09:32,2011-02-19 23:37:08,2011-02-20 05:34:08,Karel de Groot,56,0.4004533434076313,0,6,23,2,71977.14999998333,390.95,1417.1333333333334,6,{'lifecycle:transition': 'complete'},regular
316,Create Purchase Order,2011-02-19 19:36:32,2011-02-20 05:34:08,2011-02-20 05:44:08,Karel de Groot,56,0.048073290517567056,2,10,1,2,72107.73333331666,1106.1833333333334,107.71666666666667,7,{'lifecycle:transition': 'complete'},deviant
339,Analyze Purchase Requisition,2011-02-19 08:05:12,2011-02-20 05:45:51,2011-02-20 05:51:51,Heinz Gutschmidt,59,0.03333962976955043,0,4,5,2,72345.86666664999,1323.65,345.85,7,{'lifecycle:transition': 'complete'},deviant
339,Create Request for Quotation,2011-02-20 05:51:51,2011-02-20 06:17:30,2011-02-20 06:19:30,Francis Odell,54,0.04731771817151492,0,5,6,2,72377.51666665,31.65,377.5,7,{'lifecycle:transition': 'complete'},deviant
327,Create Purchase Order,2011-02-20 02:46:15,2011-02-20 10:19:22,2011-02-20 10:26:22,Karel de Groot,55,0.048073290517567056,1,9,10,2,72619.38333331667,908.1166666666667,619.3666666666667,7,{'lifecycle:transition': 'complete'},deviant
318,Analyze Quotation Comparison Map,2011-02-20 04:34:15,2011-02-20 11:27:44,2011-02-20 11:39:44,Kim Passa,55,0.0646014355874575,0,9,11,2,72687.74999998332,965.4666666666667,687.7333333333333,7,{'lifecycle:transition': 'complete'},deviant
318,Choose best option,2011-02-20 11:39:44,2011-02-20 11:43:26,2011-02-20 11:43:26,Fjodor Kowalski,54,0.0,0,10,11,2,72703.44999998334,15.7,703.4333333333333,7,{'lifecycle:transition': 'complete'},deviant
329,Analyze Quotation Comparison Map,2011-02-20 05:34:08,2011-02-20 12:28:32,2011-02-20 12:38:32,Penn Osterwalder,55,0.0646014355874575,0,7,12,2,72748.54999998333,771.4,748.5333333333333,7,{'lifecycle:transition': 'complete'},regular
329,Choose best option,2011-02-20 12:38:32,2011-02-20 12:40:49,2011-02-20 12:40:49,Tesca Lobes,53,0.0,0,8,12,2,72760.83333331667,12.283333333333333,760.8166666666667,7,{'lifecycle:transition': 'complete'},regular
340,Analyze Request for Quotation,2011-02-18 01:27:59,2011-02-20 17:32:37,2011-02-20 17:34:37,Francois de Perrier,68,0.1774650547789951,2,3,17,2,73052.63333331667,3888.6833333333334,1052.6166666666666,7,{'lifecycle:transition': 'complete'},regular
325,Settle Conditions With Supplier,2011-02-19 23:50:38,2011-02-20 11:11:14,2011-02-20 17:36:14,Magdalena Predutta,56,0.8897808840196448,1,8,11,2,72671.24999998332,680.6,671.2333333333333,7,{'lifecycle:transition': 'complete'},deviant
326,Send Request for Quotation to Supplier,2011-02-19 19:45:32,2011-02-20 17:36:14,2011-02-20 18:01:14,Magdalena Predutta,56,0.07225160559123536,1,6,14,2,72867.11666664999,1854.6333333333334,867.1,7,{'lifecycle:transition': 'complete'},regular
344,Analyze Request for Quotation,2011-02-18 01:47:38,2011-02-20 19:54:13,2011-02-20 20:11:13,Magdalena Predutta,68,0.1774650547789951,0,3,19,2,73194.23333331666,3976.5833333333335,1194.2166666666667,7,{'lifecycle:transition': 'complete'},deviant
361,Create Purchase Requisition,2011-02-20 20:37:59,2011-02-20 20:37:59,2011-02-20 20:57:59,Tesca Lobes,54,0.1258027956176804,0,1,20,2,73237.99999998332,73237.99999998332,1237.9833333333333,7,{'lifecycle:transition': 'complete'},deviant
362,Create Purchase Requisition,2011-02-20 23:26:59,2011-02-20 23:26:59,2011-02-20 23:43:59,Clement Duchot,55,0.1258027956176804,0,1,23,2,73406.99999998332,73406.99999998332,1406.9833333333333,7,{'lifecycle:transition': 'complete'},deviant
329,Settle Conditions With Supplier,2011-02-20 12:40:49,2011-02-20 20:11:13,2011-02-21 00:15:13,Magdalena Predutta,53,0.8897808840196448,0,9,20,2,73202.41666665,441.5833333333333,1202.4,7,{'lifecycle:transition': 'complete'},regular
363,Create Purchase Requisition,2011-02-21 00:55:59,2011-02-21 00:55:59,2011-02-21 01:15:59,Miu Hanwan,56,0.1258027956176804,0,1,0,2,73495.99999998332,73495.99999998332,55.983333333333334,1,{'lifecycle:transition': 'complete'},deviant
334,Analyze Request for Quotation,2011-02-18 15:06:45,2011-02-21 01:13:09,2011-02-21 01:40:09,Francois de Perrier,64,0.1774650547789951,4,4,1,2,73513.16666665,3488.4,73.15,1,{'lifecycle:transition': 'complete'},deviant
325,Create Purchase Order,2011-02-20 17:36:14,2011-02-21 01:57:02,2011-02-21 02:04:02,Francois de Perrier,53,0.048073290517567056,0,9,1,2,73557.04999998333,885.8,117.03333333333333,1,{'lifecycle:transition': 'complete'},deviant
326,Create Quotation comparison Map,2011-02-20 18:01:14,2011-02-21 00:15:13,2011-02-21 02:36:13,Magdalena Predutta,53,0.4004533434076313,0,7,21,2,73276.29999998333,409.18333333333334,1276.2833333333333,7,{'lifecycle:transition': 'complete'},regular
335,Analyze Request for Quotation,2011-02-18 16:32:21,2011-02-21 02:38:22,2011-02-21 03:05:22,Karel de Groot,64,0.1774650547789951,0,4,2,2,73598.38333331667,3487.016666666667,158.36666666666667,1,{'lifecycle:transition': 'complete'},deviant
327,Confirm Purchase Order,2011-02-20 10:26:22,2011-02-21 03:07:08,2011-02-21 03:34:08,Karen Clarens,54,0.06752927842840951,0,10,3,2,73627.14999998333,1007.7666666666667,187.13333333333333,1,{'lifecycle:transition': 'complete'},deviant
329,Create Purchase Order,2011-02-21 00:15:13,2011-02-21 05:31:07,2011-02-21 05:39:07,Magdalena Predutta,55,0.048073290517567056,1,10,5,2,73771.13333331667,568.7166666666667,331.1166666666667,1,{'lifecycle:transition': 'complete'},regular
363,Create Request for Quotation,2011-02-21 01:15:59,2011-02-21 08:37:07,2011-02-21 08:50:07,Elvira Lores,56,0.04731771817151492,0,2,8,2,73957.13333331667,461.1333333333333,517.1166666666667,1,{'lifecycle:transition': 'complete'},deviant
326,Analyze Quotation Comparison Map,2011-02-21 02:36:13,2011-02-21 09:33:39,2011-02-21 09:52:39,Anna Kaufmann,55,0.0646014355874575,0,8,9,2,74013.66666665,737.3666666666667,573.65,1,{'lifecycle:transition': 'complete'},regular
326,Choose best option,2011-02-21 09:52:39,2011-02-21 09:53:48,2011-02-21 09:53:48,Immanuel Karagianni,53,0.0,0,9,9,2,74033.81666664999,20.15,593.8,1,{'lifecycle:transition': 'complete'},regular
330,Analyze Request for Quotation,2011-02-19 20:59:57,2011-02-21 10:35:21,2011-02-21 11:03:21,Francois de Perrier,56,0.1774650547789951,0,6,10,2,74075.36666664999,2261.4,635.35,1,{'lifecycle:transition': 'complete'},deviant
330,Amend Request for Quotation,2011-02-21 11:03:21,2011-02-21 11:26:24,2011-02-21 11:40:24,Clement Duchot,53,0.057329051756705704,0,7,11,2,74126.41666665,51.05,686.4,1,{'lifecycle:transition': 'complete'},deviant
340,Send Request for Quotation to Supplier,2011-02-20 17:34:37,2011-02-21 13:17:03,2011-02-21 13:33:03,Magdalena Predutta,53,0.07225160559123536,1,4,13,2,74237.06666664999,1184.4333333333334,797.05,1,{'lifecycle:transition': 'complete'},regular
339,Analyze Request for Quotation,2011-02-20 06:19:30,2011-02-21 16:20:57,2011-02-21 16:44:57,Magdalena Predutta,54,0.1774650547789951,0,6,16,2,74420.96666665,2043.45,980.95,1,{'lifecycle:transition': 'complete'},deviant
349,Analyze Request for Quotation,2011-02-19 05:49:02,2011-02-21 16:35:04,2011-02-21 16:49:04,Karel de Groot,59,0.1774650547789951,0,4,16,2,74435.08333331667,3529.0333333333333,995.0666666666667,1,{'lifecycle:transition': 'complete'},deviant
344,Send Request for Quotation to Supplier,2011-02-20 20:11:13,2011-02-21 16:44:57,2011-02-21 17:06:57,Magdalena Predutta,53,0.07225160559123536,1,4,16,2,74421.16666665,1226.9333333333334,981.15,1,{'lifecycle:transition': 'complete'},deviant
339,Amend Request for Quotation,2011-02-21 16:44:57,2011-02-21 17:08:08,2011-02-21 17:21:08,Penn Osterwalder,53,0.057329051756705704,0,7,17,2,74468.14999998333,47.18333333333333,1028.1333333333334,1,{'lifecycle:transition': 'complete'},deviant
343,Analyze Request for Quotation,2011-02-18 21:14:36,2011-02-21 17:06:57,2011-02-21 17:32:57,Magdalena Predutta,63,0.1774650547789951,0,4,16,2,74459.33333331667,4067.7166666666667,1019.3166666666667,1,{'lifecycle:transition': 'complete'},deviant
367,Create Purchase Requisition,2011-02-21 18:37:59,2011-02-21 18:37:59,2011-02-21 19:29:59,Fjodor Kowalski,54,0.1258027956176804,0,1,18,2,74557.99999998332,74557.99999998332,1117.9833333333333,1,{'lifecycle:transition': 'complete'},deviant
325,Confirm Purchase Order,2011-02-21 02:04:02,2011-02-21 19:44:17,2011-02-21 20:04:17,Carmen Finacse,55,0.06752927842840951,0,10,19,2,74624.29999998333,1067.25,1184.2833333333333,1,{'lifecycle:transition': 'complete'},deviant
340,Create Quotation comparison Map,2011-02-21 13:33:03,2011-02-21 17:32:57,2011-02-21 20:58:57,Magdalena Predutta,53,0.4004533434076313,0,5,17,2,74467.34999998333,230.28333333333333,1027.3333333333333,1,{'lifecycle:transition': 'complete'},regular
361,Analyze Purchase Requisition,2011-02-20 20:57:59,2011-02-21 20:56:59,2011-02-21 21:03:59,Heinz Gutschmidt,54,0.03333962976955043,0,2,20,2,74696.99999998332,1459.0,1256.9833333333333,1,{'lifecycle:transition': 'complete'},deviant
361,Create Request for Quotation,2011-02-21 21:03:59,2011-02-21 21:26:33,2011-02-21 21:28:33,Maris Freeman,53,0.04731771817151492,0,3,21,2,74726.56666664999,29.566666666666666,1286.55,1,{'lifecycle:transition': 'complete'},deviant
335,Send Request for Quotation to Supplier,2011-02-21 03:05:22,2011-02-21 23:23:57,2011-02-21 23:52:57,Francois de Perrier,55,0.07225160559123536,0,5,23,2,74843.96666665,1245.5833333333333,1403.95,1,{'lifecycle:transition': 'complete'},deviant
362,Analyze Purchase Requisition,2011-02-20 23:43:59,2011-02-21 23:51:30,2011-02-21 23:57:30,Heinz Gutschmidt,55,0.03333962976955043,0,2,23,2,74871.51666665,1464.5166666666667,1431.5,1,{'lifecycle:transition': 'complete'},deviant
362,Create Request for Quotation,2011-02-21 23:57:30,2011-02-22 00:20:10,2011-02-22 00:22:10,Heinz Gutschmidt,53,0.04731771817151492,0,3,0,2,74900.18333331666,28.666666666666668,20.166666666666668,2,{'lifecycle:transition': 'complete'},deviant
367,Create Request for Quotation,2011-02-21 19:29:59,2011-02-22 02:29:35,2011-02-22 02:35:35,Kim Passa,54,0.04731771817151492,0,2,2,2,75029.59999998333,471.6,149.58333333333334,2,{'lifecycle:transition': 'complete'},deviant
326,Settle Conditions With Supplier,2011-02-21 09:53:48,2011-02-21 20:58:57,2011-02-22 03:28:57,Magdalena Predutta,53,0.8897808840196448,0,10,19,2,74618.41666665,584.6,1178.4,1,{'lifecycle:transition': 'complete'},regular
368,Create Purchase Requisition,2011-02-22 04:00:59,2011-02-22 04:00:59,2011-02-22 04:07:59,Alberto Duport,53,0.1258027956176804,0,1,4,2,75120.99999998332,75120.99999998332,240.98333333333332,2,{'lifecycle:transition': 'complete'},deviant
340,Analyze Quotation Comparison Map,2011-02-21 20:58:57,2011-02-22 03:56:29,2011-02-22 04:19:29,Miu Hanwan,53,0.0646014355874575,0,6,3,2,75116.49999998332,649.15,236.48333333333332,2,{'lifecycle:transition': 'complete'},regular
340,Choose best option,2011-02-22 04:19:29,2011-02-22 04:21:56,2011-02-22 04:21:56,Anne Olwada,53,0.0,0,7,4,2,75141.94999998334,25.45,261.93333333333334,2,{'lifecycle:transition': 'complete'},regular
335,Create Quotation comparison Map,2011-02-21 23:52:57,2011-02-22 01:29:50,2011-02-22 06:35:50,Francois de Perrier,53,0.4004533434076313,0,6,1,2,74969.84999998333,125.88333333333334,89.83333333333333,2,{'lifecycle:transition': 'complete'},deviant
344,Create Quotation comparison Map,2011-02-21 17:06:57,2011-02-22 03:28:57,2011-02-22 07:53:57,Magdalena Predutta,53,0.4004533434076313,1,5,21,2,74711.83333331667,290.6666666666667,1271.8166666666666,1,{'lifecycle:transition': 'complete'},deviant
352,Analyze Request for Quotation,2011-02-19 23:06:01,2011-02-22 07:53:57,2011-02-22 08:24:57,Magdalena Predutta,56,0.1774650547789951,1,4,1,2,74982.79999998333,3039.766666666667,102.78333333333333,2,{'lifecycle:transition': 'complete'},deviant
330,Analyze Request for Quotation,2011-02-21 11:40:24,2011-02-22 08:24:57,2011-02-22 08:57:57,Magdalena Predutta,53,0.1774650547789951,0,8,5,2,75208.49999998332,1082.0833333333333,328.48333333333335,2,{'lifecycle:transition': 'complete'},deviant
370,Create Purchase Requisition,2011-02-22 10:30:59,2011-02-22 10:30:59,2011-02-22 11:04:59,Clement Duchot,53,0.1258027956176804,0,1,10,2,75510.99999998332,75510.99999998332,630.9833333333333,2,{'lifecycle:transition': 'complete'},deviant
349,Send Request for Quotation to Supplier,2011-02-21 16:49:04,2011-02-22 11:14:11,2011-02-22 11:27:11,Magdalena Predutta,53,0.07225160559123536,0,5,11,2,75554.19999998334,1119.1166666666666,674.1833333333333,2,{'lifecycle:transition': 'complete'},deviant
343,Send Request for Quotation to Supplier,2011-02-21 17:32:57,2011-02-22 13:08:11,2011-02-22 13:31:11,Magdalena Predutta,53,0.07225160559123536,1,5,13,2,75668.19999998334,1208.8666666666666,788.1833333333333,2,{'lifecycle:transition': 'complete'},deviant
335,Analyze Quotation Comparison Map,2011-02-22 06:35:50,2011-02-22 13:25:33,2011-02-22 13:53:33,Immanuel Karagianni,53,0.0646014355874575,0,7,13,2,75685.56666664999,715.7166666666667,805.55,2,{'lifecycle:transition': 'complete'},deviant
335,Choose best option,2011-02-22 13:53:33,2011-02-22 14:03:24,2011-02-22 14:03:24,Alberto Duport,53,0.0,0,8,14,2,75723.41666665,37.85,843.4,2,{'lifecycle:transition': 'complete'},deviant
344,Analyze Quotation Comparison Map,2011-02-22 07:53:57,2011-02-22 14:48:13,2011-02-22 15:05:13,Anne Olwada,53,0.0646014355874575,0,6,14,2,75768.23333331666,1056.4,888.2166666666667,2,{'lifecycle:transition': 'complete'},deviant
344,Choose best option,2011-02-22 15:05:13,2011-02-22 15:18:14,2011-02-22 15:18:14,Fjodor Kowalski,53,0.0,0,7,15,2,75798.24999998332,30.016666666666666,918.2333333333333,2,{'lifecycle:transition': 'complete'},deviant
349,Create Quotation comparison Map,2011-02-22 11:27:11,2011-02-22 13:37:02,2011-02-22 18:04:02,Karel de Groot,53,0.4004533434076313,0,6,13,2,75697.04999998333,142.85,817.0333333333333,2,{'lifecycle:transition': 'complete'},deviant
339,Analyze Request for Quotation,2011-02-21 17:21:08,2011-02-22 18:10:46,2011-02-22 18:34:46,Francois de Perrier,53,0.1774650547789951,0,8,18,2,75970.78333331666,1502.6333333333334,1090.7666666666667,2,{'lifecycle:transition': 'complete'},deviant
371,Create Purchase Requisition,2011-02-22 18:58:59,2011-02-22 18:58:59,2011-02-22 19:04:59,Esmana Liubiata,53,0.1258027956176804,0,1,18,2,76018.99999998332,76018.99999998332,1138.9833333333333,2,{'lifecycle:transition': 'complete'},regular
343,Create Quotation comparison Map,2011-02-22 13:31:11,2011-02-22 18:13:01,2011-02-22 22:05:01,Magdalena Predutta,53,0.4004533434076313,0,6,18,2,75973.03333331666,304.8333333333333,1093.0166666666667,2,{'lifecycle:transition': 'complete'},deviant
363,Analyze Request for Quotation,2011-02-21 08:50:07,2011-02-22 22:05:01,2011-02-22 22:36:01,Magdalena Predutta,53,0.1774650547789951,0,3,21,2,76177.74999998332,2220.616666666667,1297.7333333333333,2,{'lifecycle:transition': 'complete'},deviant
370,Create Request for Quotation,2011-02-22 11:04:59,2011-02-22 22:45:41,2011-02-22 22:54:41,Anna Kaufmann,53,0.04731771817151492,0,2,22,2,76245.69999998334,734.7,1365.6833333333334,2,{'lifecycle:transition': 'complete'},deviant
372,Create Purchase Requisition,2011-02-22 23:14:59,2011-02-22 23:14:59,2011-02-22 23:45:59,Clement Duchot,54,0.1258027956176804,0,1,23,2,76274.99999998332,76274.99999998332,1394.9833333333333,2,{'lifecycle:transition': 'complete'},deviant
374,Create Purchase Requisition,2011-02-23 00:22:59,2011-02-23 00:22:59,2011-02-23 00:48:59,Anne Olwada,55,0.1258027956176804,0,1,0,2,76342.99999998332,76342.99999998332,22.983333333333334,3,{'lifecycle:transition': 'complete'},deviant
375,Create Purchase Requisition,2011-02-23 01:09:59,2011-02-23 01:09:59,2011-02-23 01:14:59,Clement Duchot,56,0.1258027956176804,0,1,1,2,76389.99999998332,76389.99999998332,69.98333333333333,3,{'lifecycle:transition': 'complete'},deviant
349,Analyze Quotation Comparison Map,2011-02-22 18:04:02,2011-02-23 00:58:09,2011-02-23 01:24:09,Christian Francois,53,0.0646014355874575,0,7,0,2,76378.16666665,681.1166666666667,58.15,3,{'lifecycle:transition': 'complete'},deviant
349,Choose best option,2011-02-23 01:24:09,2011-02-23 01:37:42,2011-02-23 01:37:42,Miu Hanwan,56,0.0,0,8,1,2,76417.71666665,39.55,97.7,3,{'lifecycle:transition': 'complete'},deviant
376,Create Purchase Requisition,2011-02-23 01:38:59,2011-02-23 01:38:59,2011-02-23 01:47:59,Christian Francois,57,0.1258027956176804,0,1,1,2,76418.99999998332,76418.99999998332,98.98333333333333,3,{'lifecycle:transition': 'complete'},deviant
343,Analyze Quotation Comparison Map,2011-02-22 22:05:01,2011-02-23 04:57:50,2011-02-23 05:27:50,Kim Passa,53,0.0646014355874575,0,7,4,2,76617.84999998333,644.8166666666667,297.8333333333333,3,{'lifecycle:transition': 'complete'},deviant
343,Choose best option,2011-02-23 05:27:50,2011-02-23 05:44:53,2011-02-23 05:44:53,Immanuel Karagianni,57,0.0,0,8,5,2,76664.89999998333,47.05,344.8833333333333,3,{'lifecycle:transition': 'complete'},deviant
368,Analyze Purchase Requisition,2011-02-22 04:07:59,2011-02-23 05:50:22,2011-02-23 05:55:22,Maris Freeman,53,0.03333962976955043,0,2,5,2,76670.38333331667,1549.3833333333334,350.3666666666667,3,{'lifecycle:transition': 'complete'},deviant
368,Create Request for Quotation,2011-02-23 05:55:22,2011-02-23 06:17:24,2011-02-23 06:19:24,Maris Freeman,57,0.04731771817151492,0,3,6,2,76697.41666665,27.033333333333335,377.4,3,{'lifecycle:transition': 'complete'},deviant
371,Create Request for Quotation,2011-02-22 19:04:59,2011-02-23 06:45:41,2011-02-23 06:55:41,Nico Ojenbeer,53,0.04731771817151492,0,2,6,2,76725.69999998334,706.7,405.68333333333334,3,{'lifecycle:transition': 'complete'},regular
340,Settle Conditions With Supplier,2011-02-22 04:21:56,2011-02-22 18:04:02,2011-02-23 08:43:02,Karel de Groot,53,0.8897808840196448,0,8,13,2,75709.13333331667,567.1833333333333,829.1166666666667,2,{'lifecycle:transition': 'complete'},regular
361,Analyze Request for Quotation,2011-02-21 21:28:33,2011-02-23 08:43:02,2011-02-23 09:22:02,Karel de Groot,53,0.1774650547789951,0,4,5,2,76660.93333331666,1934.3666666666666,340.9166666666667,3,{'lifecycle:transition': 'complete'},deviant
361,Amend Request for Quotation,2011-02-23 09:22:02,2011-02-23 09:49:19,2011-02-23 09:59:19,Christian Francois,57,0.057329051756705704,0,5,9,2,76909.33333331667,248.4,589.3166666666667,3,{'lifecycle:transition': 'complete'},deviant
344,Settle Conditions With Supplier,2011-02-22 15:18:14,2011-02-23 02:14:53,2011-02-23 10:55:53,Francois de Perrier,53,0.8897808840196448,0,8,2,2,76454.89999998333,656.65,134.88333333333333,3,{'lifecycle:transition': 'complete'},deviant
352,Send Request for Quotation to Supplier,2011-02-22 08:24:57,2011-02-23 10:55:53,2011-02-23 11:14:53,Francois de Perrier,53,0.07225160559123536,0,5,3,2,76504.13333331667,1521.3333333333333,184.11666666666667,3,{'lifecycle:transition': 'complete'},deviant
372,Create Request for Quotation,2011-02-22 23:45:59,2011-02-23 11:34:33,2011-02-23 11:46:33,Nico Ojenbeer,54,0.04731771817151492,0,2,11,2,77014.56666664999,739.5666666666667,694.55,3,{'lifecycle:transition': 'complete'},deviant
362,Analyze Request for Quotation,2011-02-22 00:22:10,2011-02-23 17:49:32,2011-02-23 18:16:32,Francois de Perrier,53,0.1774650547789951,0,4,17,2,77389.54999998333,2489.366666666667,1069.5333333333333,3,{'lifecycle:transition': 'complete'},deviant
362,Amend Request for Quotation,2011-02-23 18:16:32,2011-02-23 18:42:36,2011-02-23 18:53:36,Christian Francois,57,0.057329051756705704,0,5,18,2,77442.61666664999,53.06666666666667,1122.6,3,{'lifecycle:transition': 'complete'},deviant
380,Create Purchase Requisition,2011-02-23 19:01:59,2011-02-23 19:01:59,2011-02-23 19:10:59,Nico Ojenbeer,58,0.1258027956176804,0,1,19,2,77461.99999998332,77461.99999998332,1141.9833333333333,3,{'lifecycle:transition': 'complete'},deviant
340,Create Purchase Order,2011-02-23 08:43:02,2011-02-23 19:13:59,2011-02-23 19:20:59,Francois de Perrier,57,0.048073290517567056,1,9,19,2,77473.99999998332,1764.8666666666666,1153.9833333333333,3,{'lifecycle:transition': 'complete'},regular
352,Create Quotation comparison Map,2011-02-23 11:14:53,2011-02-23 17:33:42,2011-02-23 21:14:42,Magdalena Predutta,57,0.4004533434076313,0,6,17,2,77373.71666665,869.5833333333334,1053.7,3,{'lifecycle:transition': 'complete'},deviant
367,Analyze Request for Quotation,2011-02-22 02:35:35,2011-02-23 21:14:42,2011-02-23 21:34:42,Magdalena Predutta,53,0.1774650547789951,2,3,20,2,77537.93333331666,2508.3333333333335,1217.9166666666667,3,{'lifecycle:transition': 'complete'},deviant
335,Settle Conditions With Supplier,2011-02-22 14:03:24,2011-02-23 09:22:02,2011-02-23 23:10:02,Karel de Groot,53,0.8897808840196448,1,9,8,2,76808.56666664999,1085.15,488.55,3,{'lifecycle:transition': 'complete'},deviant
381,Create Purchase Requisition,2011-02-23 22:34:59,2011-02-23 22:34:59,2011-02-23 23:15:59,Penn Osterwalder,59,0.1258027956176804,0,1,22,2,77674.99999998332,77674.99999998332,1354.9833333333333,3,{'lifecycle:transition': 'complete'},deviant
363,Send Request for Quotation to Supplier,2011-02-22 22:36:01,2011-02-23 23:10:02,2011-02-23 23:35:02,Karel de Groot,53,0.07225160559123536,0,4,12,2,77076.84999998333,899.1,756.8333333333334,3,{'lifecycle:transition': 'complete'},deviant
344,Create Purchase Order,2011-02-23 10:55:53,2011-02-23 23:35:02,2011-02-23 23:48:02,Karel de Groot,57,0.048073290517567056,0,9,21,2,77616.28333331666,1161.3833333333334,1296.2666666666667,3,{'lifecycle:transition': 'complete'},deviant
383,Create Purchase Requisition,2011-02-24 00:01:59,2011-02-24 00:01:59,2011-02-24 00:41:59,Miu Hanwan,60,0.1258027956176804,0,1,0,2,77761.99999998332,77761.99999998332,1.9833333333333334,4,{'lifecycle:transition': 'complete'},deviant
375,Create Request for Quotation,2011-02-23 01:14:59,2011-02-24 01:36:19,2011-02-24 01:49:19,Christian Francois,56,0.04731771817151492,0,2,1,2,77856.33333331667,1466.3333333333333,96.31666666666666,4,{'lifecycle:transition': 'complete'},deviant
384,Create Purchase Requisition,2011-02-24 02:46:59,2011-02-24 02:46:59,2011-02-24 03:42:59,Miu Hanwan,61,0.1258027956176804,0,1,2,2,77926.99999998332,77926.99999998332,166.98333333333332,4,{'lifecycle:transition': 'complete'},deviant
352,Analyze Quotation Comparison Map,2011-02-23 21:14:42,2011-02-24 04:00:34,2011-02-24 04:31:34,Kim Passa,58,0.0646014355874575,0,7,4,2,78000.58333331667,626.8666666666667,240.56666666666666,4,{'lifecycle:transition': 'complete'},deviant
352,Choose best option,2011-02-24 04:31:34,2011-02-24 04:38:18,2011-02-24 04:38:18,Anna Kaufmann,61,0.0,0,8,4,2,78038.31666664999,37.733333333333334,278.3,4,{'lifecycle:transition': 'complete'},deviant
349,Settle Conditions With Supplier,2011-02-23 01:37:42,2011-02-23 23:25:57,2011-02-24 06:10:57,Francois de Perrier,56,0.8897808840196448,0,9,23,2,77725.96666665,1308.25,1405.95,3,{'lifecycle:transition': 'complete'},deviant
343,Settle Conditions With Supplier,2011-02-23 05:44:53,2011-02-23 21:34:42,2011-02-24 10:15:42,Magdalena Predutta,57,0.8897808840196448,0,9,20,2,77559.53333331666,894.6333333333333,1239.5166666666667,3,{'lifecycle:transition': 'complete'},deviant
335,Create Purchase Order,2011-02-23 23:10:02,2011-02-24 11:08:34,2011-02-24 11:16:34,Magdalena Predutta,59,0.048073290517567056,0,10,11,2,78428.58333331667,1620.0166666666667,668.5666666666667,4,{'lifecycle:transition': 'complete'},deviant
340,Confirm Purchase Order,2011-02-23 19:20:59,2011-02-24 13:11:40,2011-02-24 13:46:40,Esmeralda Clay,58,0.06752927842840951,0,10,13,2,78551.68333331666,1077.6833333333334,791.6666666666666,4,{'lifecycle:transition': 'complete'},regular
386,Create Purchase Requisition,2011-02-24 14:27:59,2011-02-24 14:27:59,2011-02-24 14:37:59,Anna Kaufmann,60,0.1258027956176804,0,1,14,2,78627.99999998332,78627.99999998332,867.9833333333333,4,{'lifecycle:transition': 'complete'},deviant
387,Create Purchase Requisition,2011-02-24 15:02:59,2011-02-24 15:02:59,2011-02-24 15:43:59,Fjodor Kowalski,61,0.1258027956176804,0,1,15,2,78662.99999998332,78662.99999998332,902.9833333333333,4,{'lifecycle:transition': 'complete'},deviant
370,Analyze Request for Quotation,2011-02-22 22:54:41,2011-02-24 15:35:36,2011-02-24 16:10:36,Karel de Groot,53,0.1774650547789951,0,3,15,2,78695.61666664999,2449.9166666666665,935.6,4,{'lifecycle:transition': 'complete'},deviant
383,Create Request for Quotation,2011-02-24 00:41:59,2011-02-24 16:55:43,2011-02-24 17:05:43,Kim Passa,60,0.04731771817151492,0,2,16,2,78775.73333331666,1013.7333333333333,1015.7166666666667,4,{'lifecycle:transition': 'complete'},deviant
363,Create Quotation comparison Map,2011-02-23 23:35:02,2011-02-24 12:59:35,2011-02-24 17:30:35,Francois de Perrier,59,0.4004533434076313,0,5,12,2,78539.59999998333,1462.75,779.5833333333334,4,{'lifecycle:transition': 'complete'},deviant
344,Confirm Purchase Order,2011-02-23 23:48:02,2011-02-24 17:33:49,2011-02-24 18:05:49,Carmen Finacse,59,0.06752927842840951,0,10,17,2,78813.83333331667,1197.55,1053.8166666666666,4,{'lifecycle:transition': 'complete'},deviant
367,Send Request for Quotation to Supplier,2011-02-23 21:34:42,2011-02-24 18:19:33,2011-02-24 18:34:33,Karel de Groot,58,0.07225160559123536,1,4,18,2,78859.56666664999,1321.6333333333334,1099.55,4,{'lifecycle:transition': 'complete'},deviant
389,Create Purchase Requisition,2011-02-24 19:12:59,2011-02-24 19:12:59,2011-02-24 19:18:59,Tesca Lobes,60,0.1258027956176804,0,1,19,2,78912.99999998332,78912.99999998332,1152.9833333333333,4,{'lifecycle:transition': 'complete'},regular
380,Create Request for Quotation,2011-02-23 19:10:59,2011-02-24 19:22:59,2011-02-24 19:32:59,Elvira Lores,58,0.04731771817151492,0,2,19,2,78922.99999998332,1461.0,1162.9833333333333,4,{'lifecycle:transition': 'complete'},deviant
361,Analyze Request for Quotation,2011-02-23 09:59:19,2011-02-24 20:29:57,2011-02-24 20:43:57,Francois de Perrier,57,0.1774650547789951,1,6,20,2,78989.96666665,2080.633333333333,1229.95,4,{'lifecycle:transition': 'complete'},deviant
361,Amend Request for Quotation,2011-02-24 20:43:57,2011-02-24 21:00:24,2011-02-24 21:07:24,Esmana Liubiata,60,0.057329051756705704,0,7,21,2,79020.41666665,30.45,1260.4,4,{'lifecycle:transition': 'complete'},deviant
381,Create Request for Quotation,2011-02-23 23:15:59,2011-02-25 00:06:07,2011-02-25 00:14:07,Penn Osterwalder,59,0.04731771817151492,0,2,0,2,79206.13333331667,1531.1333333333334,6.116666666666666,5,{'lifecycle:transition': 'complete'},deviant
352,Settle Conditions With Supplier,2011-02-24 04:38:18,2011-02-24 18:34:33,2011-02-25 00:47:33,Karel de Groot,61,0.8897808840196448,0,9,18,2,78859.79999998333,821.4833333333333,1099.7833333333333,4,{'lifecycle:transition': 'complete'},deviant
343,Create Purchase Order,2011-02-24 10:15:42,2011-02-25 00:47:33,2011-02-25 00:54:33,Karel de Groot,61,0.048073290517567056,0,10,0,2,79207.76666665,1648.2333333333333,7.75,5,{'lifecycle:transition': 'complete'},deviant
363,Analyze Quotation Comparison Map,2011-02-24 17:30:35,2011-02-25 00:29:22,2011-02-25 01:02:22,Kim Passa,60,0.0646014355874575,0,6,0,2,79229.38333331667,689.7833333333333,29.366666666666667,5,{'lifecycle:transition': 'complete'},deviant
363,Choose best option,2011-02-25 01:02:22,2011-02-25 01:09:38,2011-02-25 01:09:38,Nico Ojenbeer,59,0.0,0,7,1,2,79269.64999998333,40.266666666666666,69.63333333333334,5,{'lifecycle:transition': 'complete'},deviant
374,Analyze Purchase Requisition,2011-02-23 00:48:59,2011-02-25 01:49:58,2011-02-25 01:54:58,Maris Freeman,55,0.03333962976955043,0,2,1,2,79309.98333331666,2966.983333333333,109.96666666666667,5,{'lifecycle:transition': 'complete'},deviant
374,Create Request for Quotation,2011-02-25 01:54:58,2011-02-25 02:14:30,2011-02-25 02:15:30,Francis Odell,59,0.04731771817151492,0,3,2,2,79334.51666665,24.533333333333335,134.5,5,{'lifecycle:transition': 'complete'},deviant
349,Create Purchase Order,2011-02-24 06:10:57,2011-02-25 02:27:59,2011-02-25 02:35:59,Magdalena Predutta,61,0.048073290517567056,0,10,2,2,79347.99999998332,1622.0333333333333,147.98333333333332,5,{'lifecycle:transition': 'complete'},deviant
362,Analyze Request for Quotation,2011-02-23 18:53:36,2011-02-25 02:52:13,2011-02-25 03:03:13,Francois de Perrier,57,0.1774650547789951,0,6,2,2,79372.23333331666,1929.6166666666666,172.21666666666667,5,{'lifecycle:transition': 'complete'},deviant
362,Amend Request for Quotation,2011-02-25 03:03:13,2011-02-25 03:19:11,2011-02-25 03:32:11,Esmana Liubiata,58,0.057329051756705704,0,7,3,2,79399.19999998334,26.966666666666665,199.18333333333334,5,{'lifecycle:transition': 'complete'},deviant
376,Analyze Purchase Requisition,2011-02-23 01:47:59,2011-02-25 04:19:10,2011-02-25 04:26:10,Heinz Gutschmidt,57,0.03333962976955043,0,2,4,2,79459.18333331666,3040.1833333333334,259.1666666666667,5,{'lifecycle:transition': 'complete'},deviant
376,Create Request for Quotation,2011-02-25 04:26:10,2011-02-25 04:45:37,2011-02-25 04:46:37,Francis Odell,58,0.04731771817151492,0,3,4,2,79485.63333331667,26.45,285.6166666666667,5,{'lifecycle:transition': 'complete'},deviant
367,Create Quotation comparison Map,2011-02-24 18:34:33,2011-02-25 04:42:01,2011-02-25 05:37:01,Magdalena Predutta,59,0.4004533434076313,0,5,4,2,79482.03333331666,622.4666666666667,282.01666666666665,5,{'lifecycle:transition': 'complete'},deviant
391,Create Purchase Requisition,2011-02-25 07:32:59,2011-02-25 07:32:59,2011-02-25 07:58:59,Fjodor Kowalski,59,0.1258027956176804,0,1,7,2,79652.99999998332,79652.99999998332,452.98333333333335,5,{'lifecycle:transition': 'complete'},deviant
389,Create Request for Quotation,2011-02-24 19:18:59,2011-02-25 11:32:43,2011-02-25 11:44:43,Elvira Lores,60,0.04731771817151492,0,2,11,2,79892.73333331666,979.7333333333333,692.7166666666667,5,{'lifecycle:transition': 'complete'},regular
367,Analyze Quotation Comparison Map,2011-02-25 05:37:01,2011-02-25 12:41:42,2011-02-25 13:04:42,Christian Francois,58,0.0646014355874575,0,6,12,2,79961.71666665,479.68333333333334,761.7,5,{'lifecycle:transition': 'complete'},deviant
367,Choose best option,2011-02-25 13:04:42,2011-02-25 13:10:03,2011-02-25 13:10:03,Elvira Lores,59,0.0,0,7,13,2,79990.06666664999,28.35,790.05,5,{'lifecycle:transition': 'complete'},deviant
391,Create Request for Quotation,2011-02-25 07:58:59,2011-02-25 14:14:22,2011-02-25 14:21:22,Elvira Lores,59,0.04731771817151492,0,2,14,2,80054.38333331667,401.3833333333333,854.3666666666667,5,{'lifecycle:transition': 'complete'},deviant
393,Create Purchase Requisition,2011-02-25 16:54:59,2011-02-25 16:54:59,2011-02-25 17:03:59,Esmana Liubiata,60,0.1258027956176804,0,1,16,2,80214.99999998332,80214.99999998332,1014.9833333333333,5,{'lifecycle:transition': 'complete'},regular
352,Create Purchase Order,2011-02-25 00:47:33,2011-02-25 18:44:45,2011-02-25 18:57:45,Magdalena Predutta,60,0.048073290517567056,0,10,18,2,80324.76666665,1464.9666666666667,1124.75,5,{'lifecycle:transition': 'complete'},deviant
384,Analyze Purchase Requisition,2011-02-24 03:42:59,2011-02-25 19:07:34,2011-02-25 19:11:34,Maris Freeman,61,0.03333962976955043,0,2,19,2,80347.58333331667,2420.5833333333335,1147.5666666666666,5,{'lifecycle:transition': 'complete'},deviant
384,Create Request for Quotation,2011-02-25 19:11:34,2011-02-25 19:38:27,2011-02-25 19:40:27,Maris Freeman,59,0.04731771817151492,0,3,19,2,80378.46666665,30.883333333333333,1178.45,5,{'lifecycle:transition': 'complete'},deviant
361,Analyze Request for Quotation,2011-02-24 21:07:24,2011-02-25 19:28:36,2011-02-25 19:54:36,Magdalena Predutta,60,0.1774650547789951,0,8,19,2,80368.61666664999,1348.2,1168.6,5,{'lifecycle:transition': 'complete'},deviant
361,Amend Request for Quotation,2011-02-25 19:54:36,2011-02-25 20:17:32,2011-02-25 20:24:32,Anne Olwada,59,0.057329051756705704,0,9,20,2,80417.54999998333,48.93333333333333,1217.5333333333333,5,{'lifecycle:transition': 'complete'},deviant
363,Settle Conditions With Supplier,2011-02-25 01:09:38,2011-02-25 11:50:02,2011-02-26 00:16:02,Francois de Perrier,59,0.8897808840196448,0,8,11,2,79910.04999998333,640.4,710.0333333333333,5,{'lifecycle:transition': 'complete'},deviant
371,Analyze Request for Quotation,2011-02-23 06:55:41,2011-02-26 00:16:02,2011-02-26 00:37:02,Francois de Perrier,57,0.1774650547789951,1,3,20,2,80403.49999998332,3677.8,1203.4833333333333,5,{'lifecycle:transition': 'complete'},regular
396,Create Purchase Requisition,2011-02-26 03:15:59,2011-02-26 03:15:59,2011-02-26 03:42:59,Elvira Lores,60,0.1258027956176804,0,1,3,2,80835.99999998332,80835.99999998332,195.98333333333332,6,{'lifecycle:transition': 'complete'},deviant
397,Create Purchase Requisition,2011-02-26 03:37:59,2011-02-26 03:37:59,2011-02-26 04:30:59,Anna Kaufmann,61,0.1258027956176804,0,1,3,2,80857.99999998332,80857.99999998332,217.98333333333332,6,{'lifecycle:transition': 'complete'},deviant
372,Analyze Request for Quotation,2011-02-23 11:46:33,2011-02-26 04:31:45,2011-02-26 04:55:45,Karel de Groot,57,0.1774650547789951,0,3,4,2,80911.76666665,3897.2,271.75,6,{'lifecycle:transition': 'complete'},deviant
386,Analyze Purchase Requisition,2011-02-24 14:37:59,2011-02-26 05:34:14,2011-02-26 05:40:14,Maris Freeman,60,0.03333962976955043,0,2,5,2,80974.24999998332,2346.25,334.23333333333335,6,{'lifecycle:transition': 'complete'},deviant
368,Analyze Request for Quotation,2011-02-23 06:19:24,2011-02-26 05:28:56,2011-02-26 05:45:56,Karel de Groot,57,0.1774650547789951,1,4,5,2,80968.94999998334,4271.533333333334,328.93333333333334,6,{'lifecycle:transition': 'complete'},deviant
386,Create Request for Quotation,2011-02-26 05:40:14,2011-02-26 06:10:28,2011-02-26 06:11:28,Maris Freeman,61,0.04731771817151492,0,3,6,2,81010.48333331666,36.233333333333334,370.46666666666664,6,{'lifecycle:transition': 'complete'},deviant
387,Analyze Purchase Requisition,2011-02-24 15:43:59,2011-02-26 07:08:34,2011-02-26 07:13:34,Francis Odell,61,0.03333962976955043,0,2,7,2,81068.58333331667,2405.5833333333335,428.56666666666666,6,{'lifecycle:transition': 'complete'},deviant
387,Create Request for Quotation,2011-02-26 07:13:34,2011-02-26 07:43:48,2011-02-26 07:45:48,Francis Odell,61,0.04731771817151492,0,3,7,2,81103.81666664999,35.233333333333334,463.8,6,{'lifecycle:transition': 'complete'},deviant
363,Create Purchase Order,2011-02-26 00:16:02,2011-02-26 08:59:11,2011-02-26 09:08:11,Karel de Groot,59,0.048073290517567056,0,9,8,2,81179.19999998334,1269.15,539.1833333333333,6,{'lifecycle:transition': 'complete'},deviant
397,Create Request for Quotation,2011-02-26 04:30:59,2011-02-26 10:31:44,2011-02-26 10:40:44,Christian Francois,61,0.04731771817151492,0,2,10,2,81271.74999998332,413.75,631.7333333333333,6,{'lifecycle:transition': 'complete'},deviant
367,Settle Conditions With Supplier,2011-02-25 13:10:03,2011-02-26 00:37:02,2011-02-26 12:41:02,Francois de Perrier,59,0.8897808840196448,0,8,22,2,80564.38333331667,574.3166666666667,1364.3666666666666,5,{'lifecycle:transition': 'complete'},deviant
362,Analyze Request for Quotation,2011-02-25 03:32:11,2011-02-26 12:41:02,2011-02-26 12:59:02,Francois de Perrier,58,0.1774650547789951,0,8,0,2,80644.49999998332,1245.3,4.483333333333333,6,{'lifecycle:transition': 'complete'},deviant
398,Create Purchase Requisition,2011-02-26 13:47:59,2011-02-26 13:47:59,2011-02-26 13:59:59,Penn Osterwalder,61,0.1258027956176804,0,1,13,2,81467.99999998332,81467.99999998332,827.9833333333333,6,{'lifecycle:transition': 'complete'},deviant
361,Analyze Request for Quotation,2011-02-25 20:24:32,2011-02-26 14:25:23,2011-02-26 14:42:23,Karel de Groot,59,0.1774650547789951,0,10,14,2,81505.39999998333,1087.85,865.3833333333333,6,{'lifecycle:transition': 'complete'},deviant
400,Create Purchase Requisition,2011-02-26 15:04:59,2011-02-26 15:04:59,2011-02-26 15:55:59,Clement Duchot,61,0.1258027956176804,0,1,15,2,81544.99999998332,81544.99999998332,904.9833333333333,6,{'lifecycle:transition': 'complete'},deviant
401,Create Purchase Requisition,2011-02-26 15:09:59,2011-02-26 15:09:59,2011-02-26 16:03:59,Kim Passa,62,0.1258027956176804,0,1,15,2,81549.99999998332,81549.99999998332,909.9833333333333,6,{'lifecycle:transition': 'complete'},deviant
375,Analyze Request for Quotation,2011-02-24 01:49:19,2011-02-26 15:55:09,2011-02-26 16:08:09,Francois de Perrier,60,0.1774650547789951,0,3,15,2,81595.16666665,3738.8333333333335,955.15,6,{'lifecycle:transition': 'complete'},deviant
371,Send Request for Quotation to Supplier,2011-02-26 00:37:02,2011-02-26 16:53:16,2011-02-26 17:15:16,Francois de Perrier,59,0.07225160559123536,2,4,16,2,81653.28333331666,1249.7833333333333,1013.2666666666667,6,{'lifecycle:transition': 'complete'},regular
393,Analyze Purchase Requisition,2011-02-25 17:03:59,2011-02-26 18:44:51,2011-02-26 18:49:51,Heinz Gutschmidt,60,0.03333962976955043,0,2,18,2,81764.86666664999,1549.8666666666666,1124.85,6,{'lifecycle:transition': 'complete'},regular
393,Create Request for Quotation,2011-02-26 18:49:51,2011-02-26 19:07:56,2011-02-26 19:10:56,Francis Odell,62,0.04731771817151492,0,3,19,2,81787.94999998334,23.083333333333332,1147.9333333333334,6,{'lifecycle:transition': 'complete'},regular
367,Create Purchase Order,2011-02-26 12:41:02,2011-02-26 20:21:59,2011-02-26 20:29:59,Francois de Perrier,61,0.048073290517567056,1,9,20,2,81861.99999998332,1297.6166666666666,1221.9833333333333,6,{'lifecycle:transition': 'complete'},deviant
372,Send Request for Quotation to Supplier,2011-02-26 04:55:45,2011-02-26 22:46:40,2011-02-26 23:13:40,Francois de Perrier,61,0.07225160559123536,1,4,22,2,82006.68333331666,1094.9166666666667,1366.6666666666667,6,{'lifecycle:transition': 'complete'},deviant
371,Create Quotation comparison Map,2011-02-26 17:15:16,2011-02-26 23:49:14,2011-02-27 01:55:14,Francois de Perrier,62,0.4004533434076313,0,5,23,2,82069.24999998332,415.96666666666664,1429.2333333333333,6,{'lifecycle:transition': 'complete'},regular
368,Send Request for Quotation to Supplier,2011-02-26 05:45:56,2011-02-27 02:11:12,2011-02-27 02:25:12,Karel de Groot,61,0.07225160559123536,0,5,2,2,82211.21666665,1242.2666666666667,131.2,7,{'lifecycle:transition': 'complete'},deviant
404,Create Purchase Requisition,2011-02-27 03:03:59,2011-02-27 03:03:59,2011-02-27 03:45:59,Tesca Lobes,63,0.1258027956176804,0,1,3,2,82263.99999998332,82263.99999998332,183.98333333333332,7,{'lifecycle:transition': 'complete'},deviant
405,Create Purchase Requisition,2011-02-27 07:03:59,2011-02-27 07:03:59,2011-02-27 07:50:59,Nico Ojenbeer,64,0.1258027956176804,0,1,7,2,82503.99999998332,82503.99999998332,423.98333333333335,7,{'lifecycle:transition': 'complete'},regular
371,Analyze Quotation Comparison Map,2011-02-27 01:55:14,2011-02-27 08:48:01,2011-02-27 09:02:01,Nico Ojenbeer,62,0.0646014355874575,0,6,8,2,82608.03333331666,538.7833333333333,528.0166666666667,7,{'lifecycle:transition': 'complete'},regular
371,Choose best option,2011-02-27 09:02:01,2011-02-27 09:07:22,2011-02-27 09:07:22,Clement Duchot,64,0.0,0,7,9,2,82627.38333331667,19.35,547.3666666666667,7,{'lifecycle:transition': 'complete'},regular
372,Create Quotation comparison Map,2011-02-26 23:13:40,2011-02-27 06:00:17,2011-02-27 09:48:17,Karel de Groot,62,0.4004533434076313,0,5,6,2,82440.29999998333,433.6166666666667,360.28333333333336,7,{'lifecycle:transition': 'complete'},deviant
375,Send Request for Quotation to Supplier,2011-02-26 16:08:09,2011-02-27 09:48:17,2011-02-27 10:09:17,Karel de Groot,62,0.07225160559123536,0,4,7,2,82510.33333331667,915.1666666666666,430.31666666666666,7,{'lifecycle:transition': 'complete'},deviant
396,Analyze Purchase Requisition,2011-02-26 03:42:59,2011-02-27 10:10:16,2011-02-27 10:18:16,Heinz Gutschmidt,61,0.03333962976955043,0,2,10,2,82690.28333331666,1854.2833333333333,610.2666666666667,7,{'lifecycle:transition': 'complete'},deviant
363,Confirm Purchase Order,2011-02-26 09:08:11,2011-02-27 10:07:25,2011-02-27 10:25:25,Karen Clarens,61,0.06752927842840951,0,10,10,2,82687.43333331666,1508.2333333333333,607.4166666666666,7,{'lifecycle:transition': 'complete'},deviant
383,Analyze Request for Quotation,2011-02-24 17:05:43,2011-02-27 10:03:05,2011-02-27 10:28:05,Francois de Perrier,60,0.1774650547789951,0,3,10,2,82683.09999998333,3907.366666666667,603.0833333333334,7,{'lifecycle:transition': 'complete'},deviant
380,Analyze Request for Quotation,2011-02-24 19:32:59,2011-02-27 10:28:05,2011-02-27 10:44:05,Francois de Perrier,60,0.1774650547789951,0,3,10,2,82697.66666665,3774.6666666666665,617.65,7,{'lifecycle:transition': 'complete'},deviant
368,Create Quotation comparison Map,2011-02-27 02:25:12,2011-02-27 05:29:00,2011-02-27 10:56:00,Magdalena Predutta,62,0.4004533434076313,0,6,5,2,82409.01666665,197.8,329.0,7,{'lifecycle:transition': 'complete'},deviant
404,Create Request for Quotation,2011-02-27 03:45:59,2011-02-27 11:25:48,2011-02-27 11:32:48,Anna Kaufmann,63,0.04731771817151492,0,2,11,2,82765.81666664999,501.81666666666666,685.8,7,{'lifecycle:transition': 'complete'},deviant
383,Amend Request for Quotation,2011-02-27 10:28:05,2011-02-27 12:43:29,2011-02-27 12:48:29,Penn Osterwalder,63,0.057329051756705704,0,4,12,2,82843.49999998332,160.4,763.4833333333333,7,{'lifecycle:transition': 'complete'},deviant
381,Analyze Request for Quotation,2011-02-25 00:14:07,2011-02-27 14:51:34,2011-02-27 15:18:34,Karel de Groot,60,0.1774650547789951,1,3,14,2,82971.58333331667,3765.45,891.5666666666667,7,{'lifecycle:transition': 'complete'},deviant
372,Analyze Quotation Comparison Map,2011-02-27 09:48:17,2011-02-27 16:43:07,2011-02-27 17:16:07,Penn Osterwalder,64,0.0646014355874575,0,6,16,2,83083.13333331667,642.8333333333334,1003.1166666666667,7,{'lifecycle:transition': 'complete'},deviant
372,Choose best option,2011-02-27 17:16:07,2011-02-27 17:20:35,2011-02-27 17:20:35,Fjodor Kowalski,63,0.0,0,7,17,2,83120.59999998333,37.46666666666667,1040.5833333333333,7,{'lifecycle:transition': 'complete'},deviant
367,Confirm Purchase Order,2011-02-26 20:29:59,2011-02-27 17:11:45,2011-02-27 17:35:45,Kiu Kan,62,0.06752927842840951,0,10,17,2,83111.76666665,1249.7666666666667,1031.75,7,{'lifecycle:transition': 'complete'},deviant
368,Analyze Quotation Comparison Map,2011-02-27 10:56:00,2011-02-27 17:53:52,2011-02-27 18:06:52,Clement Duchot,63,0.0646014355874575,0,7,17,2,83153.88333331667,744.8666666666667,1073.8666666666666,7,{'lifecycle:transition': 'complete'},deviant
368,Choose best option,2011-02-27 18:06:52,2011-02-27 18:10:27,2011-02-27 18:10:27,Elvira Lores,62,0.0,0,8,18,2,83170.46666665,16.583333333333332,1090.45,7,{'lifecycle:transition': 'complete'},deviant
375,Create Quotation comparison Map,2011-02-27 10:09:17,2011-02-27 17:36:27,2011-02-27 18:14:27,Karel de Groot,64,0.4004533434076313,0,5,17,2,83136.46666665,626.1333333333333,1056.45,7,{'lifecycle:transition': 'complete'},deviant
408,Create Purchase Requisition,2011-02-27 19:24:59,2011-02-27 19:24:59,2011-02-27 19:44:59,Tesca Lobes,63,0.1258027956176804,0,1,19,2,83244.99999998332,83244.99999998332,1164.9833333333333,7,{'lifecycle:transition': 'complete'},deviant
398,Analyze Purchase Requisition,2011-02-26 13:59:59,2011-02-27 20:40:35,2011-02-27 20:45:35,Francis Odell,61,0.03333962976955043,0,2,20,2,83320.59999998333,1852.6,1240.5833333333333,7,{'lifecycle:transition': 'complete'},deviant
398,Create Request for Quotation,2011-02-27 20:45:35,2011-02-27 21:22:35,2011-02-27 21:25:35,Maris Freeman,63,0.04731771817151492,0,3,21,2,83362.59999998333,42.0,1282.5833333333333,7,{'lifecycle:transition': 'complete'},deviant
401,Analyze Purchase Requisition,2011-02-26 16:03:59,2011-02-27 22:28:55,2011-02-27 22:34:55,Francis Odell,62,0.03333962976955043,0,2,22,2,83428.93333331666,1878.9333333333334,1348.9166666666667,7,{'lifecycle:transition': 'complete'},deviant
400,Analyze Purchase Requisition,2011-02-26 15:55:59,2011-02-27 22:43:39,2011-02-27 22:50:39,Maris Freeman,62,0.03333962976955043,0,2,22,2,83443.66666665,1898.6666666666667,1363.65,7,{'lifecycle:transition': 'complete'},deviant
401,Create Request for Quotation,2011-02-27 22:34:55,2011-02-27 23:09:18,2011-02-27 23:12:18,Heinz Gutschmidt,63,0.04731771817151492,0,3,23,2,83469.31666664999,40.38333333333333,1389.3,7,{'lifecycle:transition': 'complete'},deviant
374,Analyze Request for Quotation,2011-02-25 02:15:30,2011-02-27 22:51:50,2011-02-27 23:26:50,Karel de Groot,59,0.1774650547789951,0,4,22,2,83451.84999998333,4117.333333333333,1371.8333333333333,7,{'lifecycle:transition': 'complete'},deviant
400,Create Request for Quotation,2011-02-27 22:50:39,2011-02-27 23:27:34,2011-02-27 23:29:34,Francis Odell,63,0.04731771817151492,0,3,23,2,83487.58333331667,43.916666666666664,1407.5666666666666,7,{'lifecycle:transition': 'complete'},deviant
396,Amend Purchase Requisition,2011-02-27 10:18:16,2011-02-28 00:17:55,2011-02-28 00:42:55,Immanuel Karagianni,64,0.0017944843218738193,0,3,0,2,83537.93333331666,847.65,17.916666666666668,1,{'lifecycle:transition': 'complete'},deviant
375,Analyze Quotation Comparison Map,2011-02-27 18:14:27,2011-02-28 01:16:13,2011-02-28 01:27:13,Alberto Duport,62,0.0646014355874575,0,6,1,2,83596.23333331666,459.76666666666665,76.21666666666667,1,{'lifecycle:transition': 'complete'},deviant
375,Choose best option,2011-02-28 01:27:13,2011-02-28 01:27:31,2011-02-28 01:27:31,Nico Ojenbeer,63,0.0,0,7,1,2,83607.53333331666,11.3,87.51666666666667,1,{'lifecycle:transition': 'complete'},deviant
371,Settle Conditions With Supplier,2011-02-27 09:07:22,2011-02-27 19:24:19,2011-02-28 05:24:19,Francois de Perrier,64,0.8897808840196448,0,8,19,2,83244.33333331667,616.95,1164.3166666666666,7,{'lifecycle:transition': 'complete'},regular
391,Analyze Request for Quotation,2011-02-25 14:21:22,2011-02-28 05:24:19,2011-02-28 05:53:19,Francois de Perrier,59,0.1774650547789951,0,3,20,2,83326.73333331666,3272.35,1246.7166666666667,7,{'lifecycle:transition': 'complete'},deviant
376,Analyze Request for Quotation,2011-02-25 04:46:37,2011-02-28 05:53:19,2011-02-28 06:15:19,Francois de Perrier,58,0.1774650547789951,0,4,22,2,83455.83333331667,3970.2,1375.8166666666666,7,{'lifecycle:transition': 'complete'},deviant
389,Analyze Request for Quotation,2011-02-25 11:44:43,2011-02-28 06:15:19,2011-02-28 06:40:19,Francois de Perrier,59,0.1774650547789951,0,3,23,2,83485.58333331667,3592.85,1405.5666666666666,7,{'lifecycle:transition': 'complete'},regular
397,Analyze Request for Quotation,2011-02-26 10:40:44,2011-02-28 06:40:19,2011-02-28 07:08:19,Francois de Perrier,61,0.1774650547789951,1,3,5,2,83879.04999998333,2607.3,359.03333333333336,1,{'lifecycle:transition': 'complete'},deviant
380,Send Request for Quotation to Supplier,2011-02-27 10:44:05,2011-02-28 07:08:19,2011-02-28 07:36:19,Francois de Perrier,63,0.07225160559123536,0,4,7,2,83944.39999998333,1246.7333333333333,424.3833333333333,1,{'lifecycle:transition': 'complete'},deviant
411,Create Purchase Requisition,2011-02-28 07:51:59,2011-02-28 07:51:59,2011-02-28 08:29:59,Nico Ojenbeer,63,0.1258027956176804,0,1,7,2,83991.99999998332,83991.99999998332,471.98333333333335,1,{'lifecycle:transition': 'complete'},regular
405,Analyze Purchase Requisition,2011-02-27 07:50:59,2011-02-28 09:22:36,2011-02-28 09:30:36,Francis Odell,64,0.03333962976955043,0,2,9,2,84082.61666664999,1578.6166666666666,562.6,1,{'lifecycle:transition': 'complete'},regular
405,Create Request for Quotation,2011-02-28 09:30:36,2011-02-28 09:55:39,2011-02-28 09:56:39,Francis Odell,63,0.04731771817151492,0,3,9,2,84115.66666665,33.05,595.65,1,{'lifecycle:transition': 'complete'},regular
372,Settle Conditions With Supplier,2011-02-27 17:20:35,2011-02-28 03:49:49,2011-02-28 11:47:49,Magdalena Predutta,63,0.8897808840196448,0,8,3,2,83749.83333331667,629.2333333333333,229.81666666666666,1,{'lifecycle:transition': 'complete'},deviant
413,Create Purchase Requisition,2011-02-28 13:14:59,2011-02-28 13:14:59,2011-02-28 13:45:59,Fjodor Kowalski,64,0.1258027956176804,0,1,13,2,84314.99999998332,84314.99999998332,794.9833333333333,1,{'lifecycle:transition': 'complete'},deviant
368,Settle Conditions With Supplier,2011-02-27 18:10:27,2011-02-28 01:20:31,2011-02-28 15:45:31,Karel de Groot,62,0.8897808840196448,0,9,1,2,83600.53333331666,430.06666666666666,80.51666666666667,1,{'lifecycle:transition': 'complete'},deviant
381,Send Request for Quotation to Supplier,2011-02-27 15:18:34,2011-02-28 15:45:31,2011-02-28 16:10:31,Karel de Groot,63,0.07225160559123536,0,4,10,2,84169.38333331667,1197.8,649.3666666666667,1,{'lifecycle:transition': 'complete'},deviant
380,Create Quotation comparison Map,2011-02-28 07:36:19,2011-02-28 11:47:49,2011-02-28 16:21:49,Magdalena Predutta,62,0.4004533434076313,0,5,10,2,84135.01666665,190.61666666666667,615.0,1,{'lifecycle:transition': 'complete'},deviant
384,Analyze Request for Quotation,2011-02-25 19:40:27,2011-02-28 16:21:49,2011-02-28 16:46:49,Magdalena Predutta,59,0.1774650547789951,0,4,14,2,84361.81666664999,3983.35,841.8,1,{'lifecycle:transition': 'complete'},deviant
411,Create Request for Quotation,2011-02-28 08:29:59,2011-02-28 17:15:05,2011-02-28 17:19:05,Esmana Liubiata,63,0.04731771817151492,0,2,17,2,84555.09999998333,563.1,1035.0833333333333,1,{'lifecycle:transition': 'complete'},regular
386,Analyze Request for Quotation,2011-02-26 06:11:28,2011-02-28 17:37:24,2011-02-28 17:52:24,Karel de Groot,61,0.1774650547789951,0,4,17,2,84577.41666665,3566.9333333333334,1057.4,1,{'lifecycle:transition': 'complete'},deviant
386,Amend Request for Quotation,2011-02-28 17:52:24,2011-02-28 18:18:15,2011-02-28 18:23:15,Alberto Duport,64,0.057329051756705704,0,5,18,2,84618.26666665,40.85,1098.25,1,{'lifecycle:transition': 'complete'},deviant
372,Create Purchase Order,2011-02-28 11:47:49,2011-02-28 18:28:29,2011-02-28 18:38:29,Karel de Groot,63,0.048073290517567056,1,9,18,2,84628.49999998332,878.6666666666666,1108.4833333333333,1,{'lifecycle:transition': 'complete'},deviant
396,Analyze Purchase Requisition,2011-02-28 00:42:55,2011-02-28 19:17:01,2011-02-28 19:24:01,Francis Odell,63,0.03333962976955043,0,4,19,2,84677.03333331666,1139.1,1157.0166666666667,1,{'lifecycle:transition': 'complete'},deviant
414,Create Purchase Requisition,2011-02-28 19:22:59,2011-02-28 19:22:59,2011-02-28 19:47:59,Clement Duchot,65,0.1258027956176804,0,1,19,2,84682.99999998332,84682.99999998332,1162.9833333333333,1,{'lifecycle:transition': 'complete'},deviant
396,Create Request for Quotation,2011-02-28 19:24:01,2011-02-28 19:46:27,2011-02-28 19:48:27,Heinz Gutschmidt,65,0.04731771817151492,0,5,19,2,84706.46666665,29.433333333333334,1186.45,1,{'lifecycle:transition': 'complete'},deviant
381,Create Quotation comparison Map,2011-02-28 16:10:31,2011-02-28 19:29:06,2011-02-28 20:26:06,Karel de Groot,64,0.4004533434076313,0,5,19,2,84689.11666664999,519.7333333333333,1169.1,1,{'lifecycle:transition': 'complete'},deviant
375,Settle Conditions With Supplier,2011-02-28 01:27:31,2011-02-28 09:10:45,2011-02-28 20:51:45,Francois de Perrier,63,0.8897808840196448,3,8,9,2,84070.76666665,463.23333333333335,550.75,1,{'lifecycle:transition': 'complete'},deviant
374,Send Request for Quotation to Supplier,2011-02-27 23:26:50,2011-02-28 20:30:40,2011-02-28 20:53:40,Karel de Groot,63,0.07225160559123536,0,5,20,2,84750.68333331666,1298.8333333333333,1230.6666666666667,1,{'lifecycle:transition': 'complete'},deviant
371,Create Purchase Order,2011-02-28 05:24:19,2011-02-28 20:51:45,2011-02-28 21:02:45,Francois de Perrier,63,0.048073290517567056,3,9,12,2,84258.68333331666,1014.35,738.6666666666666,1,{'lifecycle:transition': 'complete'},regular
408,Analyze Purchase Requisition,2011-02-27 19:44:59,2011-02-28 21:06:32,2011-02-28 21:13:32,Maris Freeman,63,0.03333962976955043,0,2,21,2,84786.54999998333,1541.55,1266.5333333333333,1,{'lifecycle:transition': 'complete'},deviant
368,Create Purchase Order,2011-02-28 15:45:31,2011-02-28 21:07:25,2011-02-28 21:19:25,Magdalena Predutta,64,0.048073290517567056,1,10,21,2,84787.43333331666,1186.9,1267.4166666666667,1,{'lifecycle:transition': 'complete'},deviant
387,Analyze Request for Quotation,2011-02-26 07:45:48,2011-02-28 21:02:45,2011-02-28 21:19:45,Francois de Perrier,61,0.1774650547789951,1,4,19,2,84670.49999998332,3566.6833333333334,1150.4833333333333,1,{'lifecycle:transition': 'complete'},deviant
397,Send Request for Quotation to Supplier,2011-02-28 07:08:19,2011-02-28 21:06:49,2011-02-28 21:19:49,Karel de Groot,62,0.07225160559123536,0,4,21,2,84786.83333331667,907.7833333333333,1266.8166666666666,1,{'lifecycle:transition': 'complete'},deviant
408,Create Request for Quotation,2011-02-28 21:13:32,2011-02-28 21:38:46,2011-02-28 21:41:46,Francis Odell,65,0.04731771817151492,0,3,21,2,84818.78333331666,32.233333333333334,1298.7666666666667,1,{'lifecycle:transition': 'complete'},deviant
383,Analyze Request for Quotation,2011-02-27 12:48:29,2011-02-28 21:19:45,2011-02-28 21:42:45,Francois de Perrier,63,0.1774650547789951,0,5,20,2,84723.29999998333,1879.8,1203.2833333333333,1,{'lifecycle:transition': 'complete'},deviant
383,Amend Request for Quotation,2011-02-28 21:42:45,2011-02-28 22:05:11,2011-02-28 22:20:11,Immanuel Karagianni,64,0.057329051756705704,0,6,22,2,84845.19999998334,121.9,1325.1833333333334,1,{'lifecycle:transition': 'complete'},deviant
380,Analyze Quotation Comparison Map,2011-02-28 16:21:49,2011-02-28 23:20:34,2011-02-28 23:31:34,Anne Olwada,64,0.0646014355874575,0,6,23,2,84920.58333331667,785.5666666666667,1400.5666666666666,1,{'lifecycle:transition': 'complete'},deviant
380,Choose best option,2011-02-28 23:31:34,2011-02-28 23:31:43,2011-02-28 23:31:43,Penn Osterwalder,64,0.0,0,7,23,2,84931.73333331666,11.15,1411.7166666666667,1,{'lifecycle:transition': 'complete'},deviant
397,Create Quotation comparison Map,2011-02-28 21:19:49,2011-02-28 23:42:01,2011-03-01 00:50:01,Magdalena Predutta,64,0.4004533434076313,0,5,23,2,84942.03333331666,155.2,1422.0166666666667,1,{'lifecycle:transition': 'complete'},deviant
389,Send Request for Quotation to Supplier,2011-02-28 06:40:19,2011-03-01 00:50:01,2011-03-01 01:08:01,Magdalena Predutta,62,0.07225160559123536,0,4,0,3,84997.74999998332,1512.1666666666667,37.733333333333334,2,{'lifecycle:transition': 'complete'},regular
404,Analyze Request for Quotation,2011-02-27 11:32:48,2011-03-01 01:12:51,2011-03-01 01:31:51,Karel de Groot,63,0.1774650547789951,0,3,1,3,85032.86666664999,2267.05,72.85,2,{'lifecycle:transition': 'complete'},deviant
374,Create Quotation comparison Map,2011-02-28 20:53:40,2011-02-28 22:07:26,2011-03-01 02:14:26,Francois de Perrier,65,0.4004533434076313,2,6,22,2,84847.44999998334,96.76666666666667,1327.4333333333334,1,{'lifecycle:transition': 'complete'},deviant
401,Analyze Request for Quotation,2011-02-27 23:12:18,2011-03-01 02:40:32,2011-03-01 02:56:32,Magdalena Predutta,63,0.1774650547789951,0,4,2,3,85120.54999998333,1651.2333333333333,160.53333333333333,2,{'lifecycle:transition': 'complete'},deviant
375,Create Purchase Order,2011-02-28 20:51:45,2011-03-01 02:46:51,2011-03-01 02:56:51,Francois de Perrier,65,0.048073290517567056,3,9,2,3,85126.86666664999,1056.1,166.85,2,{'lifecycle:transition': 'complete'},deviant
376,Send Request for Quotation to Supplier,2011-02-28 06:15:19,2011-03-01 03:01:24,2011-03-01 03:21:24,Francois de Perrier,62,0.07225160559123536,2,5,3,3,85141.41666665,1685.5833333333333,181.4,2,{'lifecycle:transition': 'complete'},deviant
381,Analyze Quotation Comparison Map,2011-02-28 20:26:06,2011-03-01 03:21:51,2011-03-01 03:44:51,Esmana Liubiata,65,0.0646014355874575,0,6,3,3,85161.86666664999,472.75,201.85,2,{'lifecycle:transition': 'complete'},deviant
381,Choose best option,2011-03-01 03:44:51,2011-03-01 03:46:15,2011-03-01 03:46:15,Fjodor Kowalski,63,0.0,0,7,3,3,85186.26666665,24.4,226.25,2,{'lifecycle:transition': 'complete'},deviant
401,Amend Request for Quotation,2011-03-01 02:56:32,2011-03-01 03:34:10,2011-03-01 03:48:10,Maris Freeman,63,0.057329051756705704,0,5,3,3,85174.18333331666,53.63333333333333,214.16666666666666,2,{'lifecycle:transition': 'complete'},deviant
418,Create Purchase Requisition,2011-03-01 06:30:59,2011-03-01 06:30:59,2011-03-01 07:01:59,Tesca Lobes,64,0.1258027956176804,0,1,6,3,85350.99999998332,85350.99999998332,390.98333333333335,2,{'lifecycle:transition': 'complete'},deviant
419,Create Purchase Requisition,2011-03-01 06:57:59,2011-03-01 06:57:59,2011-03-01 07:25:59,Christian Francois,65,0.1258027956176804,0,1,6,3,85377.99999998332,85377.99999998332,417.98333333333335,2,{'lifecycle:transition': 'complete'},deviant
393,Analyze Request for Quotation,2011-02-26 19:10:56,2011-03-01 07:15:04,2011-03-01 07:39:04,Karel de Groot,62,0.1774650547789951,0,4,7,3,85395.08333331667,3607.133333333333,435.06666666666666,2,{'lifecycle:transition': 'complete'},regular
397,Analyze Quotation Comparison Map,2011-03-01 00:50:01,2011-03-01 07:45:50,2011-03-01 08:11:50,Kim Passa,64,0.0646014355874575,0,6,7,3,85425.84999998333,483.81666666666666,465.8333333333333,2,{'lifecycle:transition': 'complete'},deviant
397,Choose best option,2011-03-01 08:11:50,2011-03-01 08:14:24,2011-03-01 08:14:24,Kim Passa,65,0.0,0,7,8,3,85454.41666665,28.566666666666666,494.4,2,{'lifecycle:transition': 'complete'},deviant
374,Analyze Quotation Comparison Map,2011-03-01 02:14:26,2011-03-01 09:07:54,2011-03-01 09:30:54,Christian Francois,63,0.0646014355874575,0,7,9,3,85507.91666665,660.4666666666667,547.9,2,{'lifecycle:transition': 'complete'},deviant
374,Choose best option,2011-03-01 09:30:54,2011-03-01 09:38:17,2011-03-01 09:38:17,Kim Passa,65,0.0,0,8,9,3,85538.29999998333,30.383333333333333,578.2833333333333,2,{'lifecycle:transition': 'complete'},deviant
376,Create Quotation comparison Map,2011-03-01 03:21:24,2011-03-01 05:47:26,2011-03-01 10:22:26,Francois de Perrier,63,0.4004533434076313,0,6,5,3,85307.44999998334,166.03333333333333,347.43333333333334,2,{'lifecycle:transition': 'complete'},deviant
398,Analyze Request for Quotation,2011-02-27 21:25:35,2011-03-01 10:22:26,2011-03-01 10:40:26,Francois de Perrier,63,0.1774650547789951,1,4,8,3,85470.58333331667,2107.983333333333,510.56666666666666,2,{'lifecycle:transition': 'complete'},deviant
400,Analyze Request for Quotation,2011-02-27 23:29:34,2011-03-01 10:40:26,2011-03-01 11:09:26,Francois de Perrier,63,0.1774650547789951,3,4,10,3,85597.78333331666,2110.2,637.7666666666667,2,{'lifecycle:transition': 'complete'},deviant
380,Settle Conditions With Supplier,2011-02-28 23:31:43,2011-03-01 07:35:40,2011-03-01 12:07:40,Magdalena Predutta,64,0.8897808840196448,0,8,7,3,85415.68333331666,483.95,455.6666666666667,2,{'lifecycle:transition': 'complete'},deviant
384,Send Request for Quotation to Supplier,2011-02-28 16:46:49,2011-03-01 12:36:24,2011-03-01 12:48:24,Magdalena Predutta,64,0.07225160559123536,0,5,12,3,85716.41666665,1354.6,756.4,2,{'lifecycle:transition': 'complete'},deviant
389,Create Quotation comparison Map,2011-03-01 01:08:01,2011-03-01 10:08:27,2011-03-01 15:11:27,Karel de Groot,64,0.4004533434076313,0,5,10,3,85568.46666665,570.7166666666667,608.45,2,{'lifecycle:transition': 'complete'},regular
413,Analyze Purchase Requisition,2011-02-28 13:45:59,2011-03-01 15:14:50,2011-03-01 15:22:50,Heinz Gutschmidt,64,0.03333962976955043,0,2,15,3,85874.84999998333,1559.85,914.8333333333334,2,{'lifecycle:transition': 'complete'},deviant
372,Confirm Purchase Order,2011-02-28 18:38:29,2011-03-01 15:17:26,2011-03-01 15:32:26,Karen Clarens,64,0.06752927842840951,0,10,15,3,85877.44999998334,1248.95,917.4333333333333,2,{'lifecycle:transition': 'complete'},deviant
413,Create Request for Quotation,2011-03-01 15:22:50,2011-03-01 15:46:48,2011-03-01 15:47:48,Francis Odell,65,0.04731771817151492,0,3,15,3,85906.81666664999,31.966666666666665,946.8,2,{'lifecycle:transition': 'complete'},deviant
405,Analyze Request for Quotation,2011-02-28 09:56:39,2011-03-01 16:46:52,2011-03-01 16:57:52,Karel de Groot,63,0.1774650547789951,0,4,16,3,85966.88333331667,1851.2166666666667,1006.8666666666667,2,{'lifecycle:transition': 'complete'},regular
371,Confirm Purchase Order,2011-02-28 21:02:45,2011-03-01 17:02:18,2011-03-01 17:21:18,Carmen Finacse,65,0.06752927842840951,0,10,17,3,85982.31666664999,1723.6333333333334,1022.3,2,{'lifecycle:transition': 'complete'},regular
376,Analyze Quotation Comparison Map,2011-03-01 10:22:26,2011-03-01 17:15:22,2011-03-01 17:44:22,Christian Francois,65,0.0646014355874575,0,7,17,3,85995.38333331667,687.9333333333333,1035.3666666666666,2,{'lifecycle:transition': 'complete'},deviant
376,Choose best option,2011-03-01 17:44:22,2011-03-01 17:52:45,2011-03-01 17:52:45,Elvira Lores,63,0.0,0,8,17,3,86032.76666665,37.38333333333333,1072.75,2,{'lifecycle:transition': 'complete'},deviant
384,Create Quotation comparison Map,2011-03-01 12:48:24,2011-03-01 15:46:25,2011-03-01 18:45:25,Magdalena Predutta,65,0.4004533434076313,0,6,15,3,85906.43333331666,190.01666666666668,946.4166666666666,2,{'lifecycle:transition': 'complete'},deviant
387,Send Request for Quotation to Supplier,2011-02-28 21:19:45,2011-03-01 18:45:25,2011-03-01 19:10:25,Magdalena Predutta,64,0.07225160559123536,0,5,15,3,85913.24999998332,1242.75,953.2333333333333,2,{'lifecycle:transition': 'complete'},deviant
380,Create Purchase Order,2011-03-01 12:07:40,2011-03-01 19:10:25,2011-03-01 19:19:25,Magdalena Predutta,65,0.048073290517567056,0,9,18,3,86093.76666665,678.0833333333334,1133.75,2,{'lifecycle:transition': 'complete'},deviant
389,Analyze Quotation Comparison Map,2011-03-01 15:11:27,2011-03-01 22:09:58,2011-03-01 22:22:58,Nico Ojenbeer,65,0.0646014355874575,0,6,22,3,86289.98333331666,721.5166666666667,1329.9666666666667,2,{'lifecycle:transition': 'complete'},regular
375,Confirm Purchase Order,2011-03-01 02:56:51,2011-03-01 22:17:27,2011-03-01 22:26:27,Sean Manney,63,0.06752927842840951,0,10,22,3,86297.46666665,1170.6,1337.45,2,{'lifecycle:transition': 'complete'},deviant
389,Choose best option,2011-03-01 22:22:58,2011-03-01 22:32:28,2011-03-01 22:32:28,Immanuel Karagianni,63,0.0,0,7,22,3,86312.48333331666,22.5,1352.4666666666667,2,{'lifecycle:transition': 'complete'},regular
414,Analyze Purchase Requisition,2011-02-28 19:47:59,2011-03-02 01:11:10,2011-03-02 01:15:10,Heinz Gutschmidt,65,0.03333962976955043,0,2,1,3,86471.18333331666,1788.1833333333334,71.16666666666667,3,{'lifecycle:transition': 'complete'},deviant
414,Create Request for Quotation,2011-03-02 01:15:10,2011-03-02 01:38:40,2011-03-02 01:40:40,Francis Odell,62,0.04731771817151492,0,3,1,3,86498.68333331666,27.5,98.66666666666667,3,{'lifecycle:transition': 'complete'},deviant
384,Analyze Quotation Comparison Map,2011-03-01 18:45:25,2011-03-02 01:37:34,2011-03-02 01:52:34,Anna Kaufmann,63,0.0646014355874575,0,7,1,3,86497.58333331667,591.15,97.56666666666666,3,{'lifecycle:transition': 'complete'},deviant
384,Choose best option,2011-03-02 01:52:34,2011-03-02 02:00:11,2011-03-02 02:00:11,Immanuel Karagianni,62,0.0,0,8,2,3,86520.19999998334,22.616666666666667,120.18333333333334,3,{'lifecycle:transition': 'complete'},deviant
381,Settle Conditions With Supplier,2011-03-01 03:46:15,2011-03-01 14:55:16,2011-03-02 04:13:16,Francois de Perrier,63,0.8897808840196448,0,8,14,3,85855.28333331666,669.0166666666667,895.2666666666667,2,{'lifecycle:transition': 'complete'},deviant
387,Create Quotation comparison Map,2011-03-01 19:10:25,2011-03-02 04:13:16,2011-03-02 07:46:16,Francois de Perrier,63,0.4004533434076313,0,6,21,3,86230.28333331666,317.03333333333336,1270.2666666666667,2,{'lifecycle:transition': 'complete'},deviant
383,Analyze Request for Quotation,2011-02-28 22:20:11,2011-03-02 07:46:16,2011-03-02 08:06:16,Francois de Perrier,64,0.1774650547789951,0,7,2,3,86544.73333331666,1699.5333333333333,144.71666666666667,3,{'lifecycle:transition': 'complete'},deviant
423,Create Purchase Requisition,2011-03-02 07:35:59,2011-03-02 07:35:59,2011-03-02 08:30:59,Clement Duchot,63,0.1258027956176804,0,1,7,3,86855.99999998332,86855.99999998332,455.98333333333335,3,{'lifecycle:transition': 'complete'},deviant
374,Settle Conditions With Supplier,2011-03-01 09:38:17,2011-03-01 19:19:25,2011-03-02 08:37:25,Magdalena Predutta,65,0.8897808840196448,0,9,19,3,86107.48333331666,569.1833333333333,1147.4666666666667,2,{'lifecycle:transition': 'complete'},deviant
386,Analyze Request for Quotation,2011-02-28 18:23:15,2011-03-02 08:37:25,2011-03-02 09:03:25,Magdalena Predutta,64,0.1774650547789951,0,6,19,3,86125.23333331666,1506.9666666666667,1165.2166666666667,2,{'lifecycle:transition': 'complete'},deviant
393,Send Request for Quotation to Supplier,2011-03-01 07:39:04,2011-03-02 09:03:25,2011-03-02 09:16:25,Magdalena Predutta,65,0.07225160559123536,0,5,1,3,86493.21666665,1098.1333333333334,93.2,3,{'lifecycle:transition': 'complete'},regular
411,Analyze Request for Quotation,2011-02-28 17:19:05,2011-03-02 09:16:47,2011-03-02 09:22:47,Francois de Perrier,64,0.1774650547789951,1,3,9,3,86956.79999998333,2401.7,556.7833333333333,3,{'lifecycle:transition': 'complete'},regular
386,Amend Request for Quotation,2011-03-02 09:03:25,2011-03-02 09:22:13,2011-03-02 09:37:13,Penn Osterwalder,62,0.057329051756705704,0,7,9,3,86962.23333331666,837.0,562.2166666666667,3,{'lifecycle:transition': 'complete'},deviant
397,Settle Conditions With Supplier,2011-03-01 08:14:24,2011-03-01 19:57:42,2011-03-02 09:43:42,Karel de Groot,65,0.8897808840196448,0,8,19,3,86157.71666665,703.3,1197.7,2,{'lifecycle:transition': 'complete'},deviant
396,Analyze Request for Quotation,2011-02-28 19:48:27,2011-03-02 09:16:25,2011-03-02 09:45:25,Magdalena Predutta,65,0.1774650547789951,0,6,4,3,86676.86666664999,1970.4,276.85,3,{'lifecycle:transition': 'complete'},deviant
398,Send Request for Quotation to Supplier,2011-03-01 10:40:26,2011-03-02 09:43:42,2011-03-02 10:10:42,Karel de Groot,65,0.07225160559123536,0,5,7,3,86847.73333331666,1377.15,447.71666666666664,3,{'lifecycle:transition': 'complete'},deviant
400,Send Request for Quotation to Supplier,2011-03-01 11:09:26,2011-03-02 10:10:42,2011-03-02 10:40:42,Karel de Groot,65,0.07225160559123536,0,5,7,3,86877.01666665,1279.2333333333333,477.0,3,{'lifecycle:transition': 'complete'},deviant
418,Analyze Purchase Requisition,2011-03-01 07:01:59,2011-03-02 11:08:22,2011-03-02 11:16:22,Maris Freeman,65,0.03333962976955043,0,2,11,3,87068.38333331667,1717.3833333333334,668.3666666666667,3,{'lifecycle:transition': 'complete'},deviant
419,Analyze Purchase Requisition,2011-03-01 07:25:59,2011-03-02 11:16:22,2011-03-02 11:23:22,Maris Freeman,65,0.03333962976955043,0,2,11,3,87071.64999998333,1693.65,671.6333333333333,3,{'lifecycle:transition': 'complete'},deviant
419,Create Request for Quotation,2011-03-02 11:23:22,2011-03-02 11:46:52,2011-03-02 11:48:52,Heinz Gutschmidt,61,0.04731771817151492,0,3,11,3,87106.88333331667,35.233333333333334,706.8666666666667,3,{'lifecycle:transition': 'complete'},deviant
424,Create Purchase Requisition,2011-03-02 12:10:59,2011-03-02 12:10:59,2011-03-02 12:57:59,Anna Kaufmann,62,0.1258027956176804,0,1,12,3,87130.99999998332,87130.99999998332,730.9833333333333,3,{'lifecycle:transition': 'complete'},deviant
380,Confirm Purchase Order,2011-03-01 19:19:25,2011-03-02 14:00:37,2011-03-02 14:24:37,Karen Clarens,63,0.06752927842840951,0,10,14,3,87240.63333331667,1146.8666666666666,840.6166666666667,3,{'lifecycle:transition': 'complete'},deviant
387,Analyze Quotation Comparison Map,2011-03-02 07:46:16,2011-03-02 14:36:11,2011-03-02 14:45:11,Nico Ojenbeer,63,0.0646014355874575,0,7,14,3,87276.19999998334,1045.9166666666667,876.1833333333333,3,{'lifecycle:transition': 'complete'},deviant
387,Choose best option,2011-03-02 14:45:11,2011-03-02 14:49:11,2011-03-02 14:49:11,Anne Olwada,61,0.0,0,8,14,3,87289.19999998334,13.0,889.1833333333333,3,{'lifecycle:transition': 'complete'},deviant
389,Settle Conditions With Supplier,2011-03-01 22:32:28,2011-03-02 09:45:25,2011-03-02 17:42:25,Magdalena Predutta,62,0.8897808840196448,1,8,9,3,86954.54999998333,642.0666666666667,554.5333333333333,3,{'lifecycle:transition': 'complete'},regular
393,Create Quotation comparison Map,2011-03-02 09:16:25,2011-03-02 13:03:38,2011-03-02 18:11:38,Francois de Perrier,62,0.4004533434076313,0,6,13,3,87183.64999998333,690.4333333333333,783.6333333333333,3,{'lifecycle:transition': 'complete'},regular
381,Create Purchase Order,2011-03-02 04:13:16,2011-03-02 18:11:38,2011-03-02 18:21:38,Francois de Perrier,62,0.048073290517567056,2,9,13,3,87188.59999998333,1333.3166666666666,788.5833333333334,3,{'lifecycle:transition': 'complete'},deviant
401,Analyze Request for Quotation,2011-03-01 03:48:10,2011-03-02 18:21:38,2011-03-02 18:52:38,Francois de Perrier,63,0.1774650547789951,0,6,13,3,87221.38333331667,2047.2,821.3666666666667,3,{'lifecycle:transition': 'complete'},deviant
401,Amend Request for Quotation,2011-03-02 18:52:38,2011-03-02 19:23:00,2011-03-02 19:33:00,Immanuel Karagianni,61,0.057329051756705704,0,7,19,3,87563.01666665,341.6333333333333,1163.0,3,{'lifecycle:transition': 'complete'},deviant
400,Create Quotation comparison Map,2011-03-02 10:40:42,2011-03-02 17:42:25,2011-03-02 22:39:25,Magdalena Predutta,62,0.4004533434076313,0,6,17,3,87459.34999998333,582.3333333333334,1059.3333333333333,3,{'lifecycle:transition': 'complete'},deviant
376,Settle Conditions With Supplier,2011-03-01 17:52:45,2011-03-02 10:40:42,2011-03-02 22:44:42,Karel de Groot,63,0.8897808840196448,0,9,8,3,86917.01666665,884.25,517.0,3,{'lifecycle:transition': 'complete'},deviant
397,Create Purchase Order,2011-03-02 09:43:42,2011-03-02 22:51:46,2011-03-02 22:58:46,Magdalena Predutta,62,0.048073290517567056,1,9,22,3,87771.78333331666,1614.0666666666666,1371.7666666666667,3,{'lifecycle:transition': 'complete'},deviant
408,Analyze Request for Quotation,2011-02-28 21:41:46,2011-03-02 22:44:42,2011-03-02 23:11:42,Karel de Groot,64,0.1774650547789951,0,4,8,3,86918.78333331666,2100.0,518.7666666666667,3,{'lifecycle:transition': 'complete'},deviant
425,Create Purchase Requisition,2011-03-02 23:50:59,2011-03-02 23:50:59,2011-03-03 00:01:59,Immanuel Karagianni,62,0.1258027956176804,0,1,23,3,87830.99999998332,87830.99999998332,1430.9833333333333,3,{'lifecycle:transition': 'complete'},deviant
398,Create Quotation comparison Map,2011-03-02 10:10:42,2011-03-02 18:52:38,2011-03-03 00:29:38,Francois de Perrier,62,0.4004533434076313,0,6,17,3,87428.81666664999,581.0833333333334,1028.8,3,{'lifecycle:transition': 'complete'},deviant
374,Create Purchase Order,2011-03-02 08:37:25,2011-03-03 00:29:38,2011-03-03 00:41:38,Francois de Perrier,62,0.048073290517567056,0,10,21,3,87679.89999998333,1572.4166666666667,1279.8833333333334,3,{'lifecycle:transition': 'complete'},deviant
393,Analyze Quotation Comparison Map,2011-03-02 18:11:38,2011-03-03 00:58:21,2011-03-03 01:21:21,Anna Kaufmann,61,0.0646014355874575,0,7,0,3,87898.36666664999,714.7166666666667,58.35,4,{'lifecycle:transition': 'complete'},regular
393,Choose best option,2011-03-03 01:21:21,2011-03-03 01:26:47,2011-03-03 01:26:47,Christian Francois,61,0.0,0,8,1,3,87926.79999998333,28.433333333333334,86.78333333333333,4,{'lifecycle:transition': 'complete'},regular
384,Settle Conditions With Supplier,2011-03-02 02:00:11,2011-03-02 23:11:42,2011-03-03 05:03:42,Karel de Groot,62,0.8897808840196448,0,9,12,3,87145.16666665,624.9666666666667,745.15,3,{'lifecycle:transition': 'complete'},deviant
405,Send Request for Quotation to Supplier,2011-03-01 16:57:52,2011-03-03 05:03:42,2011-03-03 05:24:42,Karel de Groot,64,0.07225160559123536,0,5,12,3,87149.88333331667,1183.0,749.8666666666667,3,{'lifecycle:transition': 'complete'},regular
400,Analyze Quotation Comparison Map,2011-03-02 22:39:25,2011-03-03 05:24:45,2011-03-03 05:41:45,Kim Passa,61,0.0646014355874575,0,7,5,3,88164.76666665,705.4166666666666,324.75,4,{'lifecycle:transition': 'complete'},deviant
400,Choose best option,2011-03-03 05:41:45,2011-03-03 05:46:17,2011-03-03 05:46:17,Fjodor Kowalski,61,0.0,0,8,5,3,88186.29999998333,21.533333333333335,346.28333333333336,4,{'lifecycle:transition': 'complete'},deviant
411,Send Request for Quotation to Supplier,2011-03-02 09:22:47,2011-03-03 05:24:42,2011-03-03 06:03:42,Karel de Groot,62,0.07225160559123536,4,4,3,3,88042.96666665,1086.1666666666667,202.95,4,{'lifecycle:transition': 'complete'},regular
396,Send Request for Quotation to Supplier,2011-03-02 09:45:25,2011-03-03 06:03:42,2011-03-03 06:27:42,Karel de Groot,62,0.07225160559123536,3,7,3,3,88066.14999998333,1389.2833333333333,226.13333333333333,4,{'lifecycle:transition': 'complete'},deviant
398,Analyze Quotation Comparison Map,2011-03-03 00:29:38,2011-03-03 07:24:59,2011-03-03 07:50:59,Alberto Duport,62,0.0646014355874575,0,7,7,3,88284.99999998332,856.1833333333333,444.98333333333335,4,{'lifecycle:transition': 'complete'},deviant
398,Choose best option,2011-03-03 07:50:59,2011-03-03 07:57:17,2011-03-03 07:57:17,Elvira Lores,61,0.0,0,8,7,3,88317.29999998333,32.3,477.28333333333336,4,{'lifecycle:transition': 'complete'},deviant
401,Analyze Request for Quotation,2011-03-02 19:33:00,2011-03-03 08:54:22,2011-03-03 09:06:22,Karel de Groot,61,0.1774650547789951,3,8,8,3,88374.38333331667,811.3666666666667,534.3666666666667,4,{'lifecycle:transition': 'complete'},deviant
401,Amend Request for Quotation,2011-03-03 09:06:22,2011-03-03 09:25:22,2011-03-03 09:38:22,Nico Ojenbeer,61,0.057329051756705704,0,9,9,3,88405.38333331667,31.0,565.3666666666667,4,{'lifecycle:transition': 'complete'},deviant
381,Confirm Purchase Order,2011-03-02 18:21:38,2011-03-03 11:54:02,2011-03-03 12:15:02,Karen Clarens,61,0.06752927842840951,0,10,11,3,88554.04999998333,1365.45,714.0333333333333,4,{'lifecycle:transition': 'complete'},deviant
387,Settle Conditions With Supplier,2011-03-02 14:49:11,2011-03-03 02:08:44,2011-03-03 14:01:44,Magdalena Predutta,61,0.8897808840196448,0,9,2,3,87968.74999998332,679.55,128.73333333333332,4,{'lifecycle:transition': 'complete'},deviant
413,Analyze Request for Quotation,2011-03-01 15:47:48,2011-03-03 14:01:44,2011-03-03 14:28:44,Magdalena Predutta,64,0.1774650547789951,0,4,6,3,88256.03333331666,2349.2166666666667,416.01666666666665,4,{'lifecycle:transition': 'complete'},deviant
389,Create Purchase Order,2011-03-02 17:42:25,2011-03-03 14:28:44,2011-03-03 14:40:44,Magdalena Predutta,61,0.048073290517567056,1,9,7,3,88263.83333331667,1309.2833333333333,423.81666666666666,4,{'lifecycle:transition': 'complete'},regular
405,Create Quotation comparison Map,2011-03-03 05:24:42,2011-03-03 09:44:26,2011-03-03 15:36:26,Francois de Perrier,61,0.4004533434076313,0,6,9,3,88424.44999998334,1274.5666666666666,584.4333333333333,4,{'lifecycle:transition': 'complete'},regular
424,Create Request for Quotation,2011-03-02 12:57:59,2011-03-03 15:44:03,2011-03-03 15:51:03,Penn Osterwalder,62,0.04731771817151492,0,2,15,3,88784.06666664999,1653.0666666666666,944.05,4,{'lifecycle:transition': 'complete'},deviant
425,Create Request for Quotation,2011-03-03 00:01:59,2011-03-03 16:25:46,2011-03-03 16:34:46,Alberto Duport,62,0.04731771817151492,0,2,16,3,88825.78333331666,994.7833333333333,985.7666666666667,4,{'lifecycle:transition': 'complete'},deviant
397,Confirm Purchase Order,2011-03-02 22:58:46,2011-03-03 17:52:37,2011-03-03 18:20:37,Sean Manney,61,0.06752927842840951,0,10,17,3,88912.63333331667,1140.85,1072.6166666666666,4,{'lifecycle:transition': 'complete'},deviant
411,Create Quotation comparison Map,2011-03-03 06:03:42,2011-03-03 16:39:57,2011-03-03 19:05:57,Karel de Groot,61,0.4004533434076313,1,5,16,3,88839.96666665,797.0,999.95,4,{'lifecycle:transition': 'complete'},regular
376,Create Purchase Order,2011-03-02 22:44:42,2011-03-03 19:05:57,2011-03-03 19:11:57,Karel de Groot,61,0.048073290517567056,3,10,16,3,88840.96666665,1923.95,1000.95,4,{'lifecycle:transition': 'complete'},deviant
396,Create Quotation comparison Map,2011-03-03 06:27:42,2011-03-03 15:36:26,2011-03-03 19:22:26,Francois de Perrier,61,0.4004533434076313,0,8,10,3,88444.54999998333,378.4,604.5333333333333,4,{'lifecycle:transition': 'complete'},deviant
431,Create Purchase Requisition,2011-03-03 22:35:59,2011-03-03 22:35:59,2011-03-03 23:04:59,Penn Osterwalder,59,0.1258027956176804,0,1,22,3,89195.99999998332,89195.99999998332,1355.9833333333333,4,{'lifecycle:transition': 'complete'},deviant
405,Analyze Quotation Comparison Map,2011-03-03 15:36:26,2011-03-03 22:39:14,2011-03-03 23:11:14,Anna Kaufmann,60,0.0646014355874575,0,7,22,3,89199.24999998332,774.8,1359.2333333333333,4,{'lifecycle:transition': 'complete'},regular
405,Choose best option,2011-03-03 23:11:14,2011-03-03 23:22:59,2011-03-03 23:22:59,Anne Olwada,59,0.0,0,8,23,3,89242.99999998332,43.75,1402.9833333333333,4,{'lifecycle:transition': 'complete'},regular
393,Settle Conditions With Supplier,2011-03-03 01:26:47,2011-03-03 14:40:44,2011-03-04 00:13:44,Magdalena Predutta,61,0.8897808840196448,0,9,11,3,88534.14999998333,607.35,694.1333333333333,4,{'lifecycle:transition': 'complete'},regular
414,Analyze Request for Quotation,2011-03-02 01:40:40,2011-03-04 00:13:44,2011-03-04 00:50:44,Magdalena Predutta,62,0.1774650547789951,2,4,15,3,88784.44999998334,2285.766666666667,944.4333333333333,4,{'lifecycle:transition': 'complete'},deviant
411,Analyze Quotation Comparison Map,2011-03-03 19:05:57,2011-03-04 02:13:44,2011-03-04 02:41:44,Penn Osterwalder,59,0.0646014355874575,0,6,2,3,89413.74999998332,573.7833333333333,133.73333333333332,5,{'lifecycle:transition': 'complete'},regular
400,Settle Conditions With Supplier,2011-03-03 05:46:17,2011-03-03 19:22:26,2011-03-04 02:42:26,Francois de Perrier,61,0.8897808840196448,0,9,14,3,88694.16666665,507.8666666666667,854.15,4,{'lifecycle:transition': 'complete'},deviant
396,Analyze Quotation Comparison Map,2011-03-03 19:22:26,2011-03-04 02:27:41,2011-03-04 02:47:41,Immanuel Karagianni,58,0.0646014355874575,0,9,2,3,89427.69999998334,983.15,147.68333333333334,5,{'lifecycle:transition': 'complete'},deviant
411,Choose best option,2011-03-04 02:41:44,2011-03-04 03:01:19,2011-03-04 03:01:19,Penn Osterwalder,59,0.0,0,7,3,3,89461.33333331667,47.583333333333336,181.31666666666666,5,{'lifecycle:transition': 'complete'},regular
386,Analyze Request for Quotation,2011-03-02 09:37:13,2011-03-04 02:42:26,2011-03-04 03:13:26,Francois de Perrier,62,0.1774650547789951,0,8,15,3,88788.24999998332,1826.0166666666667,948.2333333333333,4,{'lifecycle:transition': 'complete'},deviant
396,Choose best option,2011-03-04 02:47:41,2011-03-04 03:21:33,2011-03-04 03:21:33,Nico Ojenbeer,59,0.0,0,10,3,3,89481.56666664999,53.86666666666667,201.55,5,{'lifecycle:transition': 'complete'},deviant
408,Send Request for Quotation to Supplier,2011-03-02 23:11:42,2011-03-04 03:13:26,2011-03-04 03:36:26,Francois de Perrier,61,0.07225160559123536,1,5,19,3,89010.31666664999,2091.5333333333333,1170.3,4,{'lifecycle:transition': 'complete'},deviant
386,Amend Request for Quotation,2011-03-04 03:13:26,2011-03-04 03:25:23,2011-03-04 03:40:23,Kim Passa,59,0.057329051756705704,0,9,3,3,89485.39999998333,697.15,205.38333333333333,5,{'lifecycle:transition': 'complete'},deviant
398,Settle Conditions With Supplier,2011-03-03 07:57:17,2011-03-03 19:11:57,2011-03-04 04:04:57,Karel de Groot,61,0.8897808840196448,0,9,17,3,88860.88333331667,543.5833333333334,1020.8666666666667,4,{'lifecycle:transition': 'complete'},deviant
384,Create Purchase Order,2011-03-03 05:03:42,2011-03-04 04:04:57,2011-03-04 04:16:57,Karel de Groot,61,0.048073290517567056,3,10,18,3,88924.89999998333,1779.7333333333333,1084.8833333333334,4,{'lifecycle:transition': 'complete'},deviant
387,Create Purchase Order,2011-03-03 14:01:44,2011-03-04 04:39:14,2011-03-04 04:50:14,Karel de Groot,60,0.048073290517567056,0,10,4,3,89559.24999998332,1590.5,279.23333333333335,5,{'lifecycle:transition': 'complete'},deviant
434,Create Purchase Requisition,2011-03-04 04:41:59,2011-03-04 04:41:59,2011-03-04 05:31:59,Elvira Lores,58,0.1258027956176804,0,1,4,3,89561.99999998332,89561.99999998332,281.98333333333335,5,{'lifecycle:transition': 'complete'},regular
389,Confirm Purchase Order,2011-03-03 14:40:44,2011-03-04 05:25:21,2011-03-04 05:48:21,Sean Manney,60,0.06752927842840951,0,10,5,3,89605.36666664999,1341.5333333333333,325.35,5,{'lifecycle:transition': 'complete'},regular
434,Create Request for Quotation,2011-03-04 05:31:59,2011-03-04 11:33:28,2011-03-04 11:41:28,Nico Ojenbeer,57,0.04731771817151492,0,2,11,3,89973.48333331666,411.48333333333335,693.4666666666667,5,{'lifecycle:transition': 'complete'},regular
401,Analyze Request for Quotation,2011-03-03 09:38:22,2011-03-04 13:07:35,2011-03-04 13:26:35,Magdalena Predutta,61,0.1774650547789951,2,10,13,3,90067.59999998333,1662.2166666666667,787.5833333333334,5,{'lifecycle:transition': 'complete'},deviant
405,Settle Conditions With Supplier,2011-03-03 23:22:59,2011-03-04 09:10:37,2011-03-04 14:30:37,Francois de Perrier,59,0.8897808840196448,2,9,9,3,89830.63333331667,587.6333333333333,550.6166666666667,5,{'lifecycle:transition': 'complete'},regular
413,Send Request for Quotation to Supplier,2011-03-03 14:28:44,2011-03-04 14:30:37,2011-03-04 14:57:37,Francois de Perrier,60,0.07225160559123536,2,5,9,3,89836.98333331666,1580.95,556.9666666666667,5,{'lifecycle:transition': 'complete'},deviant
423,Analyze Purchase Requisition,2011-03-02 08:30:59,2011-03-04 15:03:46,2011-03-04 15:12:46,Heinz Gutschmidt,62,0.03333962976955043,0,2,15,3,90183.78333331666,3327.7833333333333,903.7666666666667,5,{'lifecycle:transition': 'complete'},deviant
408,Create Quotation comparison Map,2011-03-04 03:36:26,2011-03-04 14:57:37,2011-03-04 15:40:37,Francois de Perrier,58,0.4004533434076313,0,6,11,3,89959.99999998332,949.6833333333333,679.9833333333333,5,{'lifecycle:transition': 'complete'},deviant
431,Create Request for Quotation,2011-03-03 23:04:59,2011-03-04 17:35:48,2011-03-04 17:48:48,Esmana Liubiata,59,0.04731771817151492,0,2,17,3,90335.81666664999,1139.8166666666666,1055.8,5,{'lifecycle:transition': 'complete'},deviant
398,Create Purchase Order,2011-03-04 04:04:57,2011-03-04 18:59:44,2011-03-04 19:07:44,Magdalena Predutta,58,0.048073290517567056,0,10,18,3,90419.74999998332,1558.8666666666666,1139.7333333333333,5,{'lifecycle:transition': 'complete'},deviant
411,Settle Conditions With Supplier,2011-03-04 03:01:19,2011-03-04 12:44:14,2011-03-04 19:53:14,Karel de Groot,59,0.8897808840196448,1,8,12,3,90044.24999998332,582.9166666666666,764.2333333333333,5,{'lifecycle:transition': 'complete'},regular
400,Create Purchase Order,2011-03-04 02:42:26,2011-03-04 19:53:14,2011-03-04 20:05:14,Karel de Groot,59,0.048073290517567056,1,10,18,3,90388.14999998333,1693.9833333333333,1108.1333333333334,5,{'lifecycle:transition': 'complete'},deviant
393,Create Purchase Order,2011-03-04 00:13:44,2011-03-04 20:14:06,2011-03-04 20:21:06,Karel de Groot,59,0.048073290517567056,1,10,20,3,90494.11666664999,1959.9666666666667,1214.1,5,{'lifecycle:transition': 'complete'},regular
414,Send Request for Quotation to Supplier,2011-03-04 00:50:44,2011-03-04 21:04:43,2011-03-04 21:40:43,Magdalena Predutta,59,0.07225160559123536,0,5,21,3,90544.73333331666,1760.2833333333333,1264.7166666666667,5,{'lifecycle:transition': 'complete'},deviant
437,Create Purchase Requisition,2011-03-04 21:27:59,2011-03-04 21:27:59,2011-03-04 22:14:59,Anna Kaufmann,52,0.1258027956176804,0,1,21,3,90567.99999998332,90567.99999998332,1287.9833333333333,5,{'lifecycle:transition': 'complete'},regular
408,Analyze Quotation Comparison Map,2011-03-04 15:40:37,2011-03-04 22:45:19,2011-03-04 22:57:19,Anne Olwada,54,0.0646014355874575,0,7,22,3,90645.33333331667,685.3333333333334,1365.3166666666666,5,{'lifecycle:transition': 'complete'},deviant
408,Choose best option,2011-03-04 22:57:19,2011-03-04 23:03:04,2011-03-04 23:03:04,Fjodor Kowalski,52,0.0,0,8,23,3,90663.08333331667,17.75,1383.0666666666666,5,{'lifecycle:transition': 'complete'},deviant
405,Create Purchase Order,2011-03-04 14:30:37,2011-03-04 23:17:12,2011-03-04 23:28:12,Magdalena Predutta,55,0.048073290517567056,0,10,23,3,90677.21666665,846.5833333333334,1397.2,5,{'lifecycle:transition': 'complete'},regular
438,Create Purchase Requisition,2011-03-05 01:48:59,2011-03-05 01:48:59,2011-03-05 02:16:59,Alberto Duport,52,0.1258027956176804,0,1,1,3,90828.99999998332,90828.99999998332,108.98333333333333,6,{'lifecycle:transition': 'complete'},deviant
437,Create Request for Quotation,2011-03-04 22:14:59,2011-03-05 03:28:49,2011-03-05 03:39:49,Miu Hanwan,52,0.04731771817151492,0,2,3,3,90928.83333331667,360.8333333333333,208.81666666666666,6,{'lifecycle:transition': 'complete'},regular
413,Create Quotation comparison Map,2011-03-04 14:57:37,2011-03-04 23:28:12,2011-03-05 04:53:12,Magdalena Predutta,55,0.4004533434076313,0,6,23,3,90678.98333331666,842.0,1398.9666666666667,5,{'lifecycle:transition': 'complete'},deviant
414,Create Quotation comparison Map,2011-03-04 21:40:43,2011-03-05 04:53:12,2011-03-05 10:02:12,Magdalena Predutta,52,0.4004533434076313,0,6,3,3,90925.63333331667,380.9,205.61666666666667,6,{'lifecycle:transition': 'complete'},deviant
411,Create Purchase Order,2011-03-04 19:53:14,2011-03-05 10:02:12,2011-03-05 10:12:12,Magdalena Predutta,53,0.048073290517567056,0,9,5,3,91068.03333331666,1023.7833333333333,348.01666666666665,6,{'lifecycle:transition': 'complete'},regular
386,Analyze Request for Quotation,2011-03-04 03:40:23,2011-03-05 10:12:12,2011-03-05 10:29:12,Magdalena Predutta,58,0.1774650547789951,0,10,7,3,91157.71666665,1672.3166666666666,437.7,6,{'lifecycle:transition': 'complete'},deviant
413,Analyze Quotation Comparison Map,2011-03-05 04:53:12,2011-03-05 11:52:37,2011-03-05 12:20:37,Alberto Duport,52,0.0646014355874575,0,7,11,3,91432.63333331667,753.65,712.6166666666667,6,{'lifecycle:transition': 'complete'},deviant
413,Choose best option,2011-03-05 12:20:37,2011-03-05 12:29:26,2011-03-05 12:29:26,Esmana Liubiata,51,0.0,0,8,12,3,91469.44999998334,36.81666666666667,749.4333333333333,6,{'lifecycle:transition': 'complete'},deviant
414,Analyze Quotation Comparison Map,2011-03-05 10:02:12,2011-03-05 17:05:58,2011-03-05 17:22:58,Anne Olwada,52,0.0646014355874575,0,7,17,3,91745.98333331666,820.35,1025.9666666666667,6,{'lifecycle:transition': 'complete'},deviant
414,Choose best option,2011-03-05 17:22:58,2011-03-05 17:29:51,2011-03-05 17:29:51,Anne Olwada,51,0.0,0,8,17,3,91769.86666664999,23.883333333333333,1049.85,6,{'lifecycle:transition': 'complete'},deviant
408,Settle Conditions With Supplier,2011-03-04 23:03:04,2011-03-05 10:29:12,2011-03-05 23:34:12,Magdalena Predutta,52,0.8897808840196448,0,9,9,3,91275.24999998332,612.1666666666666,555.2333333333333,6,{'lifecycle:transition': 'complete'},deviant
419,Analyze Request for Quotation,2011-03-02 11:48:52,2011-03-05 23:34:12,2011-03-05 23:58:12,Magdalena Predutta,61,0.1774650547789951,0,4,11,3,91401.13333331667,4294.25,681.1166666666667,6,{'lifecycle:transition': 'complete'},deviant
413,Settle Conditions With Supplier,2011-03-05 12:29:26,2011-03-05 20:39:43,2011-03-06 04:10:43,Karel de Groot,51,0.8897808840196448,0,9,20,3,91959.73333331666,490.28333333333336,1239.7166666666667,6,{'lifecycle:transition': 'complete'},deviant
411,Confirm Purchase Order,2011-03-05 10:12:12,2011-03-06 03:48:16,2011-03-06 04:16:16,Carmen Finacse,52,0.06752927842840951,0,10,3,3,92388.28333331666,1320.25,228.26666666666668,7,{'lifecycle:transition': 'complete'},regular
408,Create Purchase Order,2011-03-05 23:34:12,2011-03-06 06:03:46,2011-03-06 06:12:46,Magdalena Predutta,51,0.048073290517567056,1,10,6,3,92523.78333331666,1248.5333333333333,363.76666666666665,7,{'lifecycle:transition': 'complete'},deviant
438,Analyze Purchase Requisition,2011-03-05 02:16:59,2011-03-06 06:10:32,2011-03-06 06:15:32,Francis Odell,52,0.03333962976955043,0,2,6,3,92530.54999998333,1701.55,370.53333333333336,7,{'lifecycle:transition': 'complete'},deviant
438,Create Request for Quotation,2011-03-06 06:15:32,2011-03-06 06:52:31,2011-03-06 06:54:31,Maris Freeman,49,0.04731771817151492,0,3,6,3,92572.53333331666,41.983333333333334,412.51666666666665,7,{'lifecycle:transition': 'complete'},deviant
424,Analyze Request for Quotation,2011-03-03 15:51:03,2011-03-06 08:06:53,2011-03-06 08:24:53,Francois de Perrier,60,0.1774650547789951,2,3,8,3,92646.89999998333,3862.8333333333335,486.8833333333333,7,{'lifecycle:transition': 'complete'},deviant
424,Amend Request for Quotation,2011-03-06 08:24:53,2011-03-06 09:40:00,2011-03-06 09:49:00,Tesca Lobes,49,0.057329051756705704,0,4,9,3,92740.01666665,93.11666666666666,580.0,7,{'lifecycle:transition': 'complete'},deviant
413,Create Purchase Order,2011-03-06 04:10:43,2011-03-06 09:42:46,2011-03-06 09:52:46,Francois de Perrier,51,0.048073290517567056,0,10,9,3,92742.78333331666,783.05,582.7666666666667,7,{'lifecycle:transition': 'complete'},deviant
446,Create Purchase Requisition,2011-03-06 16:24:59,2011-03-06 16:24:59,2011-03-06 16:30:59,Anna Kaufmann,49,0.1258027956176804,0,1,16,3,93144.99999998332,93144.99999998332,984.9833333333333,7,{'lifecycle:transition': 'complete'},deviant
437,Analyze Request for Quotation,2011-03-05 03:39:49,2011-03-06 18:55:11,2011-03-06 19:12:11,Karel de Groot,52,0.1774650547789951,0,3,18,3,93295.19999998334,2366.366666666667,1135.1833333333334,7,{'lifecycle:transition': 'complete'},regular
414,Settle Conditions With Supplier,2011-03-05 17:29:51,2011-03-06 06:15:46,2011-03-06 20:36:46,Magdalena Predutta,51,0.8897808840196448,1,9,6,3,92535.78333331666,765.9166666666666,375.76666666666665,7,{'lifecycle:transition': 'complete'},deviant
425,Analyze Request for Quotation,2011-03-03 16:34:46,2011-03-06 20:36:46,2011-03-06 20:49:46,Magdalena Predutta,60,0.1774650547789951,1,3,7,3,92582.73333331666,3756.95,422.71666666666664,7,{'lifecycle:transition': 'complete'},deviant
419,Send Request for Quotation to Supplier,2011-03-05 23:58:12,2011-03-06 20:27:17,2011-03-06 20:55:17,Karel de Groot,51,0.07225160559123536,0,5,20,3,93387.29999998333,1986.1666666666667,1227.2833333333333,7,{'lifecycle:transition': 'complete'},deviant
434,Analyze Request for Quotation,2011-03-04 11:41:28,2011-03-06 20:49:46,2011-03-06 21:02:46,Magdalena Predutta,56,0.1774650547789951,0,3,16,3,93151.43333331666,3177.95,991.4166666666666,7,{'lifecycle:transition': 'complete'},regular
448,Create Purchase Requisition,2011-03-06 21:04:59,2011-03-06 21:04:59,2011-03-06 21:21:59,Nico Ojenbeer,49,0.1258027956176804,0,1,21,3,93424.99999998332,93424.99999998332,1264.9833333333333,7,{'lifecycle:transition': 'complete'},deviant
437,Amend Request for Quotation,2011-03-06 19:12:11,2011-03-06 21:32:07,2011-03-06 21:37:07,Anne Olwada,49,0.057329051756705704,0,4,21,3,93452.13333331667,156.93333333333334,1292.1166666666666,7,{'lifecycle:transition': 'complete'},regular
446,Create Request for Quotation,2011-03-06 16:30:59,2011-03-06 22:35:04,2011-03-06 22:47:04,Fjodor Kowalski,49,0.04731771817151492,0,2,22,3,93515.08333331667,370.0833333333333,1355.0666666666666,7,{'lifecycle:transition': 'complete'},deviant
449,Create Purchase Requisition,2011-03-07 00:44:59,2011-03-07 00:44:59,2011-03-07 01:09:59,Anne Olwada,50,0.1258027956176804,0,1,0,3,93644.99999998332,93644.99999998332,44.983333333333334,1,{'lifecycle:transition': 'complete'},deviant
450,Create Purchase Requisition,2011-03-07 01:13:59,2011-03-07 01:13:59,2011-03-07 01:43:59,Immanuel Karagianni,51,0.1258027956176804,0,1,1,3,93673.99999998332,93673.99999998332,73.98333333333333,1,{'lifecycle:transition': 'complete'},deviant
424,Analyze Request for Quotation,2011-03-06 09:49:00,2011-03-07 02:25:14,2011-03-07 02:35:14,Francois de Perrier,49,0.1774650547789951,0,5,2,3,93745.24999998332,1005.2333333333333,145.23333333333332,1,{'lifecycle:transition': 'complete'},deviant
431,Analyze Request for Quotation,2011-03-04 17:48:48,2011-03-07 04:50:55,2011-03-07 05:07:55,Francois de Perrier,54,0.1774650547789951,0,3,4,3,93890.93333331666,3555.116666666667,290.9166666666667,1,{'lifecycle:transition': 'complete'},deviant
419,Create Quotation comparison Map,2011-03-06 20:55:17,2011-03-07 00:00:45,2011-03-07 05:55:45,Karel de Groot,48,0.4004533434076313,0,6,0,3,93600.76666665,213.46666666666667,0.75,1,{'lifecycle:transition': 'complete'},deviant
414,Create Purchase Order,2011-03-06 20:36:46,2011-03-07 05:55:45,2011-03-07 06:02:45,Karel de Groot,49,0.048073290517567056,0,10,2,3,93760.03333331666,1224.25,160.01666666666668,1,{'lifecycle:transition': 'complete'},deviant
452,Create Purchase Requisition,2011-03-07 05:56:59,2011-03-07 05:56:59,2011-03-07 06:42:59,Anne Olwada,52,0.1258027956176804,0,1,5,3,93956.99999998332,93956.99999998332,356.98333333333335,1,{'lifecycle:transition': 'complete'},deviant
450,Create Request for Quotation,2011-03-07 01:43:59,2011-03-07 08:13:10,2011-03-07 08:25:10,Miu Hanwan,51,0.04731771817151492,0,2,8,3,94093.18333331666,419.18333333333334,493.1666666666667,1,{'lifecycle:transition': 'complete'},deviant
438,Analyze Request for Quotation,2011-03-06 06:54:31,2011-03-07 12:32:26,2011-03-07 12:51:26,Francois de Perrier,49,0.1774650547789951,0,4,12,3,94352.44999998334,1779.9166666666667,752.4333333333333,1,{'lifecycle:transition': 'complete'},deviant
419,Analyze Quotation Comparison Map,2011-03-07 05:55:45,2011-03-07 12:52:46,2011-03-07 13:02:46,Tesca Lobes,51,0.0646014355874575,0,7,12,3,94372.78333331666,772.0166666666667,772.7666666666667,1,{'lifecycle:transition': 'complete'},deviant
419,Choose best option,2011-03-07 13:02:46,2011-03-07 13:03:27,2011-03-07 13:03:27,Elvira Lores,51,0.0,0,8,13,3,94383.46666665,10.683333333333334,783.45,1,{'lifecycle:transition': 'complete'},deviant
438,Amend Request for Quotation,2011-03-07 12:51:26,2011-03-07 13:20:09,2011-03-07 13:46:09,Heinz Gutschmidt,51,0.057329051756705704,0,5,13,3,94400.16666665,47.71666666666667,800.15,1,{'lifecycle:transition': 'complete'},deviant
434,Send Request for Quotation to Supplier,2011-03-06 21:02:46,2011-03-07 17:03:32,2011-03-07 17:29:32,Karel de Groot,48,0.07225160559123536,0,4,17,3,94623.54999998333,1472.1166666666666,1023.5333333333333,1,{'lifecycle:transition': 'complete'},regular
457,Create Purchase Requisition,2011-03-07 19:53:59,2011-03-07 19:53:59,2011-03-07 20:12:59,Christian Francois,52,0.1258027956176804,0,1,19,3,94793.99999998332,94793.99999998332,1193.9833333333333,1,{'lifecycle:transition': 'complete'},deviant
448,Analyze Purchase Requisition,2011-03-06 21:21:59,2011-03-07 20:40:46,2011-03-07 20:45:46,Francis Odell,49,0.03333962976955043,0,2,20,3,94840.78333331666,1415.7833333333333,1240.7666666666667,1,{'lifecycle:transition': 'complete'},deviant
448,Create Request for Quotation,2011-03-07 20:45:46,2011-03-07 21:07:51,2011-03-07 21:09:51,Francis Odell,52,0.04731771817151492,0,3,21,3,94867.86666664999,27.083333333333332,1267.85,1,{'lifecycle:transition': 'complete'},deviant
437,Analyze Request for Quotation,2011-03-06 21:37:07,2011-03-07 20:31:51,2011-03-07 21:17:51,Francois de Perrier,49,0.1774650547789951,0,5,20,3,94831.86666664999,1379.7333333333333,1231.85,1,{'lifecycle:transition': 'complete'},regular
431,Send Request for Quotation to Supplier,2011-03-07 05:07:55,2011-03-07 20:57:36,2011-03-07 21:20:36,Karel de Groot,51,0.07225160559123536,1,4,20,3,94857.61666664999,966.6833333333333,1257.6,1,{'lifecycle:transition': 'complete'},deviant
458,Create Purchase Requisition,2011-03-07 21:28:59,2011-03-07 21:28:59,2011-03-07 21:40:59,Anne Olwada,53,0.1258027956176804,0,1,21,3,94888.99999998332,94888.99999998332,1288.9833333333333,1,{'lifecycle:transition': 'complete'},deviant
424,Send Request for Quotation to Supplier,2011-03-07 02:35:14,2011-03-07 22:16:46,2011-03-07 22:17:46,Karel de Groot,51,0.07225160559123536,0,6,22,3,94936.78333331666,1191.5333333333333,1336.7666666666667,1,{'lifecycle:transition': 'complete'},deviant
459,Create Purchase Requisition,2011-03-07 22:11:59,2011-03-07 22:11:59,2011-03-07 22:27:59,Christian Francois,54,0.1258027956176804,0,1,22,3,94931.99999998332,94931.99999998332,1331.9833333333333,1,{'lifecycle:transition': 'complete'},deviant
449,Analyze Purchase Requisition,2011-03-07 01:09:59,2011-03-07 23:50:25,2011-03-07 23:59:25,Heinz Gutschmidt,50,0.03333962976955043,0,2,23,3,95030.43333331666,1385.4333333333334,1430.4166666666667,1,{'lifecycle:transition': 'complete'},deviant
419,Settle Conditions With Supplier,2011-03-07 13:03:27,2011-03-07 19:41:10,2011-03-08 00:16:10,Magdalena Predutta,51,0.8897808840196448,0,9,19,3,94781.18333331666,397.71666666666664,1181.1666666666667,1,{'lifecycle:transition': 'complete'},deviant
449,Create Request for Quotation,2011-03-07 23:59:25,2011-03-08 00:25:53,2011-03-08 00:27:53,Francis Odell,54,0.04731771817151492,0,3,0,3,95065.89999998333,35.46666666666667,25.883333333333333,2,{'lifecycle:transition': 'complete'},deviant
434,Create Quotation comparison Map,2011-03-07 17:29:32,2011-03-07 21:17:51,2011-03-08 02:38:51,Francois de Perrier,51,0.4004533434076313,0,5,21,3,94871.59999998333,248.05,1271.5833333333333,1,{'lifecycle:transition': 'complete'},regular
458,Create Request for Quotation,2011-03-07 21:40:59,2011-03-08 04:30:11,2011-03-08 04:43:11,Clement Duchot,53,0.04731771817151492,0,2,4,3,95310.19999998334,421.2,270.18333333333334,2,{'lifecycle:transition': 'complete'},deviant
459,Create Request for Quotation,2011-03-07 22:27:59,2011-03-08 05:27:35,2011-03-08 05:33:35,Esmana Liubiata,54,0.04731771817151492,0,2,5,3,95367.59999998333,435.6,327.5833333333333,2,{'lifecycle:transition': 'complete'},deviant
419,Create Purchase Order,2011-03-08 00:16:10,2011-03-08 05:35:25,2011-03-08 05:43:25,Francois de Perrier,54,0.048073290517567056,0,10,5,3,95375.43333331666,594.25,335.4166666666667,2,{'lifecycle:transition': 'complete'},deviant
452,Analyze Purchase Requisition,2011-03-07 06:42:59,2011-03-08 05:39:00,2011-03-08 05:44:00,Francis Odell,51,0.03333962976955043,0,2,5,3,95379.01666665,1422.0166666666667,339.0,2,{'lifecycle:transition': 'complete'},deviant
446,Analyze Request for Quotation,2011-03-06 22:47:04,2011-03-08 05:13:56,2011-03-08 05:49:56,Magdalena Predutta,49,0.1774650547789951,0,3,5,3,95353.94999998334,1838.8666666666666,313.93333333333334,2,{'lifecycle:transition': 'complete'},deviant
424,Create Quotation comparison Map,2011-03-07 22:17:46,2011-03-08 00:02:27,2011-03-08 05:56:27,Karel de Groot,54,0.4004533434076313,0,7,0,3,95042.46666665,105.68333333333334,2.45,2,{'lifecycle:transition': 'complete'},deviant
446,Amend Request for Quotation,2011-03-08 05:49:56,2011-03-08 07:59:56,2011-03-08 08:11:56,Anne Olwada,52,0.057329051756705704,0,4,7,3,95519.94999998334,166.0,479.93333333333334,2,{'lifecycle:transition': 'complete'},deviant
461,Create Purchase Requisition,2011-03-08 08:55:59,2011-03-08 08:55:59,2011-03-08 09:25:59,Anna Kaufmann,53,0.1258027956176804,0,1,8,3,95575.99999998332,95575.99999998332,535.9833333333333,2,{'lifecycle:transition': 'complete'},deviant
434,Analyze Quotation Comparison Map,2011-03-08 02:38:51,2011-03-08 09:33:08,2011-03-08 10:04:08,Tesca Lobes,54,0.0646014355874575,0,6,9,3,95613.14999998333,741.55,573.1333333333333,2,{'lifecycle:transition': 'complete'},regular
462,Create Purchase Requisition,2011-03-08 09:48:59,2011-03-08 09:48:59,2011-03-08 10:16:59,Anna Kaufmann,54,0.1258027956176804,0,1,9,3,95628.99999998332,95628.99999998332,588.9833333333333,2,{'lifecycle:transition': 'complete'},deviant
431,Create Quotation comparison Map,2011-03-07 21:20:36,2011-03-08 05:56:27,2011-03-08 10:17:27,Karel de Groot,52,0.4004533434076313,0,5,1,3,95145.31666664999,287.7,105.3,2,{'lifecycle:transition': 'complete'},deviant
434,Choose best option,2011-03-08 10:04:08,2011-03-08 10:18:11,2011-03-08 10:18:11,Kim Passa,54,0.0,0,7,10,3,95658.19999998334,45.05,618.1833333333333,2,{'lifecycle:transition': 'complete'},regular
438,Analyze Request for Quotation,2011-03-07 13:46:09,2011-03-08 12:36:59,2011-03-08 12:46:59,Karel de Groot,51,0.1774650547789951,0,6,12,3,95796.99999998332,1396.8333333333333,756.9833333333333,2,{'lifecycle:transition': 'complete'},deviant
424,Analyze Quotation Comparison Map,2011-03-08 05:56:27,2011-03-08 12:48:13,2011-03-08 13:09:13,Tesca Lobes,52,0.0646014355874575,0,8,12,3,95808.23333331666,765.7666666666667,768.2166666666667,2,{'lifecycle:transition': 'complete'},deviant
424,Choose best option,2011-03-08 13:09:13,2011-03-08 13:10:41,2011-03-08 13:10:41,Anna Kaufmann,54,0.0,0,9,13,3,95830.69999998334,22.466666666666665,790.6833333333333,2,{'lifecycle:transition': 'complete'},deviant
438,Amend Request for Quotation,2011-03-08 12:46:59,2011-03-08 13:18:57,2011-03-08 13:29:57,Immanuel Karagianni,54,0.057329051756705704,0,7,13,3,95838.96666665,41.96666666666667,798.95,2,{'lifecycle:transition': 'complete'},deviant
437,Send Request for Quotation to Supplier,2011-03-07 21:17:51,2011-03-08 16:13:24,2011-03-08 16:33:24,Karel de Groot,52,0.07225160559123536,0,6,16,3,96013.41666665,1181.55,973.4,2,{'lifecycle:transition': 'complete'},regular
431,Analyze Quotation Comparison Map,2011-03-08 10:17:27,2011-03-08 17:13:52,2011-03-08 17:26:52,Clement Duchot,54,0.0646014355874575,0,6,17,3,96073.88333331667,928.5666666666667,1033.8666666666666,2,{'lifecycle:transition': 'complete'},deviant
431,Choose best option,2011-03-08 17:26:52,2011-03-08 17:29:40,2011-03-08 17:29:40,Penn Osterwalder,54,0.0,0,7,17,3,96089.68333331666,15.8,1049.6666666666667,2,{'lifecycle:transition': 'complete'},deviant
457,Analyze Purchase Requisition,2011-03-07 20:12:59,2011-03-08 19:12:47,2011-03-08 19:17:47,Francis Odell,52,0.03333962976955043,0,2,19,3,96192.79999998333,1398.8,1152.7833333333333,2,{'lifecycle:transition': 'complete'},deviant
467,Create Purchase Requisition,2011-03-08 18:58:59,2011-03-08 18:58:59,2011-03-08 19:19:59,Christian Francois,55,0.1258027956176804,0,1,18,3,96178.99999998332,96178.99999998332,1138.9833333333333,2,{'lifecycle:transition': 'complete'},regular
457,Create Request for Quotation,2011-03-08 19:17:47,2011-03-08 19:43:05,2011-03-08 19:45:05,Maris Freeman,55,0.04731771817151492,0,3,19,3,96223.09999998333,30.3,1183.0833333333333,2,{'lifecycle:transition': 'complete'},deviant
450,Analyze Request for Quotation,2011-03-07 08:25:10,2011-03-08 20:09:38,2011-03-08 20:37:38,Magdalena Predutta,51,0.1774650547789951,0,3,20,3,96249.64999998333,2156.4666666666667,1209.6333333333334,2,{'lifecycle:transition': 'complete'},deviant
461,Create Request for Quotation,2011-03-08 09:25:59,2011-03-08 21:06:41,2011-03-08 21:17:41,Tesca Lobes,53,0.04731771817151492,0,2,21,3,96306.69999998334,730.7,1266.6833333333334,2,{'lifecycle:transition': 'complete'},deviant
462,Create Request for Quotation,2011-03-08 10:16:59,2011-03-08 21:37:22,2011-03-08 21:46:22,Christian Francois,54,0.04731771817151492,0,2,21,3,96337.38333331667,708.3833333333333,1297.3666666666666,2,{'lifecycle:transition': 'complete'},deviant
470,Create Purchase Requisition,2011-03-08 22:19:59,2011-03-08 22:19:59,2011-03-08 23:10:59,Esmana Liubiata,56,0.1258027956176804,0,1,22,3,96379.99999998332,96379.99999998332,1339.9833333333333,2,{'lifecycle:transition': 'complete'},deviant
450,Amend Request for Quotation,2011-03-08 20:37:38,2011-03-09 00:04:27,2011-03-09 00:10:27,Alberto Duport,55,0.057329051756705704,0,4,0,3,96484.46666665,234.81666666666666,4.45,3,{'lifecycle:transition': 'complete'},deviant
437,Create Quotation comparison Map,2011-03-08 16:33:24,2011-03-08 20:37:38,2011-03-09 02:33:38,Magdalena Predutta,54,0.4004533434076313,0,7,20,3,96256.99999998332,243.58333333333334,1216.9833333333333,2,{'lifecycle:transition': 'complete'},regular
431,Settle Conditions With Supplier,2011-03-08 17:29:40,2011-03-09 02:40:55,2011-03-09 06:56:55,Karel de Groot,54,0.8897808840196448,0,8,2,3,96640.93333331666,551.25,160.91666666666666,3,{'lifecycle:transition': 'complete'},deviant
449,Analyze Request for Quotation,2011-03-08 00:27:53,2011-03-09 08:34:36,2011-03-09 08:51:36,Magdalena Predutta,54,0.1774650547789951,0,4,8,3,96994.61666664999,1928.7166666666667,514.6,3,{'lifecycle:transition': 'complete'},deviant
424,Settle Conditions With Supplier,2011-03-08 13:10:41,2011-03-08 21:44:30,2011-03-09 09:23:30,Francois de Perrier,54,0.8897808840196448,0,10,21,3,96344.51666665,513.8166666666667,1304.5,2,{'lifecycle:transition': 'complete'},deviant
437,Analyze Quotation Comparison Map,2011-03-09 02:33:38,2011-03-09 09:28:07,2011-03-09 10:00:07,Tesca Lobes,56,0.0646014355874575,0,8,9,3,97048.13333331667,791.1333333333333,568.1166666666667,3,{'lifecycle:transition': 'complete'},regular
437,Choose best option,2011-03-09 10:00:07,2011-03-09 10:05:51,2011-03-09 10:05:51,Christian Francois,54,0.0,0,9,10,3,97085.86666664999,37.733333333333334,605.85,3,{'lifecycle:transition': 'complete'},regular
431,Create Purchase Order,2011-03-09 06:56:55,2011-03-09 18:47:54,2011-03-09 18:58:54,Karel de Groot,56,0.048073290517567056,0,9,18,3,97607.91666665,966.9833333333333,1127.9,3,{'lifecycle:transition': 'complete'},deviant
467,Analyze Purchase Requisition,2011-03-08 19:19:59,2011-03-09 21:43:36,2011-03-09 21:47:36,Maris Freeman,55,0.03333962976955043,0,2,21,3,97783.61666664999,1604.6166666666666,1303.6,3,{'lifecycle:transition': 'complete'},regular
467,Create Request for Quotation,2011-03-09 21:47:36,2011-03-09 22:10:31,2011-03-09 22:11:31,Heinz Gutschmidt,54,0.04731771817151492,0,3,22,3,97810.53333331666,26.916666666666668,1330.5166666666667,3,{'lifecycle:transition': 'complete'},regular
434,Settle Conditions With Supplier,2011-03-08 10:18:11,2011-03-09 09:23:30,2011-03-09 23:32:30,Francois de Perrier,54,0.8897808840196448,0,8,23,3,96431.11666664999,772.9166666666666,1391.1,2,{'lifecycle:transition': 'complete'},regular
438,Analyze Request for Quotation,2011-03-08 13:29:57,2011-03-09 23:13:01,2011-03-09 23:43:01,Magdalena Predutta,54,0.1774650547789951,0,8,23,3,97873.03333331666,2034.0666666666666,1393.0166666666667,3,{'lifecycle:transition': 'complete'},deviant
448,Analyze Request for Quotation,2011-03-07 21:09:51,2011-03-09 23:32:30,2011-03-10 00:01:30,Francois de Perrier,52,0.1774650547789951,0,4,23,3,96467.96666665,1600.1,1427.95,2,{'lifecycle:transition': 'complete'},deviant
459,Analyze Request for Quotation,2011-03-08 05:33:35,2011-03-09 23:28:41,2011-03-10 00:01:41,Karel de Groot,54,0.1774650547789951,1,3,23,3,97888.69999998334,2521.1,1408.6833333333334,3,{'lifecycle:transition': 'complete'},deviant
458,Analyze Request for Quotation,2011-03-08 04:43:11,2011-03-10 00:01:41,2011-03-10 00:06:41,Karel de Groot,54,0.1774650547789951,1,3,23,3,97907.53333331666,2597.3333333333335,1427.5166666666667,3,{'lifecycle:transition': 'complete'},deviant
438,Amend Request for Quotation,2011-03-09 23:43:01,2011-03-10 00:06:38,2011-03-10 00:21:38,Alberto Duport,54,0.057329051756705704,0,9,0,3,97926.64999998333,53.61666666666667,6.633333333333334,4,{'lifecycle:transition': 'complete'},deviant
459,Amend Request for Quotation,2011-03-10 00:01:41,2011-03-10 00:56:03,2011-03-10 01:10:03,Immanuel Karagianni,54,0.057329051756705704,0,4,0,3,97976.06666664999,87.36666666666666,56.05,4,{'lifecycle:transition': 'complete'},deviant
458,Amend Request for Quotation,2011-03-10 00:06:41,2011-03-10 01:16:27,2011-03-10 01:24:27,Kim Passa,54,0.057329051756705704,0,4,1,3,97996.46666665,88.93333333333334,76.45,4,{'lifecycle:transition': 'complete'},deviant
470,Analyze Purchase Requisition,2011-03-08 23:10:59,2011-03-10 01:44:56,2011-03-10 01:51:56,Maris Freeman,56,0.03333962976955043,0,2,1,3,98024.94999998334,1644.95,104.93333333333334,4,{'lifecycle:transition': 'complete'},deviant
470,Create Request for Quotation,2011-03-10 01:51:56,2011-03-10 02:13:54,2011-03-10 02:15:54,Francis Odell,54,0.04731771817151492,0,3,2,3,98053.91666665,28.966666666666665,133.9,4,{'lifecycle:transition': 'complete'},deviant
446,Analyze Request for Quotation,2011-03-08 08:11:56,2011-03-10 03:36:44,2011-03-10 04:14:44,Karel de Groot,52,0.1774650547789951,0,5,3,3,98136.74999998332,2616.8,216.73333333333332,4,{'lifecycle:transition': 'complete'},deviant
446,Amend Request for Quotation,2011-03-10 04:14:44,2011-03-10 04:42:35,2011-03-10 04:48:35,Kim Passa,54,0.057329051756705704,0,6,4,3,98202.59999998333,65.85,282.5833333333333,4,{'lifecycle:transition': 'complete'},deviant
462,Analyze Request for Quotation,2011-03-08 21:46:22,2011-03-10 08:47:19,2011-03-10 09:10:19,Magdalena Predutta,55,0.1774650547789951,0,3,8,3,98447.33333331667,2109.95,527.3166666666667,4,{'lifecycle:transition': 'complete'},deviant
437,Settle Conditions With Supplier,2011-03-09 10:05:51,2011-03-10 00:01:30,2011-03-10 09:22:30,Francois de Perrier,54,0.8897808840196448,1,10,21,3,97747.61666664999,661.75,1267.6,3,{'lifecycle:transition': 'complete'},regular
431,Confirm Purchase Order,2011-03-09 18:58:54,2011-03-10 12:41:24,2011-03-10 13:06:24,Karen Clarens,54,0.06752927842840951,0,10,12,3,98681.41666665,1073.5,761.4,4,{'lifecycle:transition': 'complete'},deviant
434,Create Purchase Order,2011-03-09 23:32:30,2011-03-10 13:27:21,2011-03-10 13:39:21,Karel de Groot,54,0.048073290517567056,0,9,13,3,98727.36666664999,2296.25,807.35,4,{'lifecycle:transition': 'complete'},regular
461,Analyze Request for Quotation,2011-03-08 21:17:41,2011-03-10 14:29:20,2011-03-10 14:40:20,Francois de Perrier,55,0.1774650547789951,0,3,14,3,98789.34999998333,2482.65,869.3333333333334,4,{'lifecycle:transition': 'complete'},deviant
457,Analyze Request for Quotation,2011-03-08 19:45:05,2011-03-10 18:42:20,2011-03-10 19:01:20,Magdalena Predutta,55,0.1774650547789951,0,4,18,3,99042.34999998333,2819.25,1122.3333333333333,4,{'lifecycle:transition': 'complete'},deviant
448,Send Request for Quotation to Supplier,2011-03-10 00:01:30,2011-03-10 19:36:05,2011-03-10 19:43:05,Magdalena Predutta,54,0.07225160559123536,0,5,19,3,99096.09999998333,2628.133333333333,1176.0833333333333,4,{'lifecycle:transition': 'complete'},deviant
450,Analyze Request for Quotation,2011-03-09 00:10:27,2011-03-10 19:46:49,2011-03-10 20:01:49,Magdalena Predutta,56,0.1774650547789951,0,5,19,3,99106.83333331667,2622.366666666667,1186.8166666666666,4,{'lifecycle:transition': 'complete'},deviant
450,Amend Request for Quotation,2011-03-10 20:01:49,2011-03-10 20:22:31,2011-03-10 20:27:31,Fjodor Kowalski,52,0.057329051756705704,0,6,20,3,99142.53333331666,35.7,1222.5166666666667,4,{'lifecycle:transition': 'complete'},deviant
448,Create Quotation comparison Map,2011-03-10 19:43:05,2011-03-10 22:51:58,2011-03-11 01:14:58,Francois de Perrier,52,0.4004533434076313,0,6,22,3,99291.98333331666,195.88333333333333,1371.9666666666667,4,{'lifecycle:transition': 'complete'},deviant
486,Create Purchase Requisition,2011-03-11 03:13:59,2011-03-11 03:13:59,2011-03-11 03:49:59,Tesca Lobes,53,0.1258027956176804,0,1,3,3,99553.99999998332,99553.99999998332,193.98333333333332,5,{'lifecycle:transition': 'complete'},deviant
487,Create Purchase Requisition,2011-03-11 05:37:59,2011-03-11 05:37:59,2011-03-11 06:09:59,Esmana Liubiata,54,0.1258027956176804,0,1,5,3,99697.99999998332,99697.99999998332,337.98333333333335,5,{'lifecycle:transition': 'complete'},deviant
434,Confirm Purchase Order,2011-03-10 13:39:21,2011-03-11 05:47:11,2011-03-11 06:16:11,Carmen Finacse,52,0.06752927842840951,0,10,5,3,99707.19999998334,979.8333333333334,347.18333333333334,5,{'lifecycle:transition': 'complete'},regular
462,Send Request for Quotation to Supplier,2011-03-10 09:10:19,2011-03-11 06:38:19,2011-03-11 07:03:19,Karel de Groot,54,0.07225160559123536,0,4,6,3,99758.33333331667,1311.0,398.31666666666666,5,{'lifecycle:transition': 'complete'},deviant
448,Analyze Quotation Comparison Map,2011-03-11 01:14:58,2011-03-11 08:16:44,2011-03-11 08:30:44,Tesca Lobes,52,0.0646014355874575,0,7,8,3,99856.74999998332,564.7666666666667,496.73333333333335,5,{'lifecycle:transition': 'complete'},deviant
448,Choose best option,2011-03-11 08:30:44,2011-03-11 08:36:23,2011-03-11 08:36:23,Esmana Liubiata,53,0.0,0,8,8,3,99876.39999998333,19.65,516.3833333333333,5,{'lifecycle:transition': 'complete'},deviant
486,Create Request for Quotation,2011-03-11 03:49:59,2011-03-11 09:11:52,2011-03-11 09:21:52,Penn Osterwalder,53,0.04731771817151492,0,2,9,3,99911.88333331667,357.8833333333333,551.8666666666667,5,{'lifecycle:transition': 'complete'},deviant
489,Create Purchase Requisition,2011-03-11 09:18:59,2011-03-11 09:18:59,2011-03-11 09:38:59,Kim Passa,54,0.1258027956176804,0,1,9,3,99918.99999998332,99918.99999998332,558.9833333333333,5,{'lifecycle:transition': 'complete'},deviant
492,Create Purchase Requisition,2011-03-11 10:55:59,2011-03-11 10:55:59,2011-03-11 11:16:59,Tesca Lobes,55,0.1258027956176804,0,1,10,3,100015.99999998332,100015.99999998332,655.9833333333333,5,{'lifecycle:transition': 'complete'},regular
487,Create Request for Quotation,2011-03-11 06:09:59,2011-03-11 11:40:09,2011-03-11 11:49:09,Clement Duchot,54,0.04731771817151492,0,2,11,3,100060.16666665,362.1666666666667,700.15,5,{'lifecycle:transition': 'complete'},deviant
438,Analyze Request for Quotation,2011-03-10 00:21:38,2011-03-11 12:23:25,2011-03-11 12:38:25,Karel de Groot,54,0.1774650547789951,0,10,12,3,100103.43333331666,2176.7833333333333,743.4166666666666,5,{'lifecycle:transition': 'complete'},deviant
461,Send Request for Quotation to Supplier,2011-03-10 14:40:20,2011-03-11 12:46:00,2011-03-11 13:09:00,Karel de Groot,52,0.07225160559123536,0,4,12,3,100126.01666665,1336.6666666666667,766.0,5,{'lifecycle:transition': 'complete'},deviant
446,Analyze Request for Quotation,2011-03-10 04:48:35,2011-03-11 13:09:00,2011-03-11 13:28:00,Karel de Groot,54,0.1774650547789951,0,7,12,3,100126.38333331667,1923.7833333333333,766.3666666666667,5,{'lifecycle:transition': 'complete'},deviant
457,Send Request for Quotation to Supplier,2011-03-10 19:01:20,2011-03-11 15:00:01,2011-03-11 15:24:01,Francois de Perrier,52,0.07225160559123536,0,5,15,3,100260.03333331666,1217.6833333333334,900.0166666666667,5,{'lifecycle:transition': 'complete'},deviant
497,Create Purchase Requisition,2011-03-11 19:36:59,2011-03-11 19:36:59,2011-03-11 20:22:59,Esmana Liubiata,54,0.1258027956176804,0,1,19,3,100536.99999998332,100536.99999998332,1176.9833333333333,5,{'lifecycle:transition': 'complete'},deviant
459,Analyze Request for Quotation,2011-03-10 01:10:03,2011-03-12 00:03:36,2011-03-12 00:22:36,Francois de Perrier,54,0.1774650547789951,0,5,0,3,100803.61666664999,2827.55,3.6,6,{'lifecycle:transition': 'complete'},deviant
459,Amend Request for Quotation,2011-03-12 00:22:36,2011-03-12 00:47:57,2011-03-12 00:57:57,Anne Olwada,54,0.057329051756705704,0,6,0,3,100847.96666665,44.35,47.95,6,{'lifecycle:transition': 'complete'},deviant
462,Create Quotation comparison Map,2011-03-11 07:03:19,2011-03-11 21:23:57,2011-03-12 01:28:57,Karel de Groot,53,0.4004533434076313,0,5,21,3,100643.96666665,885.6333333333333,1283.95,5,{'lifecycle:transition': 'complete'},deviant
457,Create Quotation comparison Map,2011-03-11 15:24:01,2011-03-12 03:22:24,2011-03-12 06:27:24,Francois de Perrier,53,0.4004533434076313,0,6,3,3,101002.41666665,742.3833333333333,202.4,6,{'lifecycle:transition': 'complete'},deviant
462,Analyze Quotation Comparison Map,2011-03-12 01:28:57,2011-03-12 08:24:29,2011-03-12 08:37:29,Tesca Lobes,54,0.0646014355874575,0,6,8,3,101304.49999998332,660.5333333333333,504.48333333333335,6,{'lifecycle:transition': 'complete'},deviant
462,Choose best option,2011-03-12 08:37:29,2011-03-12 08:44:04,2011-03-12 08:44:04,Fjodor Kowalski,54,0.0,0,7,8,3,101324.08333331667,19.583333333333332,524.0666666666667,6,{'lifecycle:transition': 'complete'},deviant
489,Analyze Purchase Requisition,2011-03-11 09:38:59,2011-03-12 09:37:00,2011-03-12 09:44:00,Francis Odell,54,0.03333962976955043,0,2,9,3,101377.01666665,1458.0166666666667,577.0,6,{'lifecycle:transition': 'complete'},deviant
489,Create Request for Quotation,2011-03-12 09:44:00,2011-03-12 10:00:37,2011-03-12 10:02:37,Francis Odell,54,0.04731771817151492,0,3,10,3,101400.63333331667,23.616666666666667,600.6166666666667,6,{'lifecycle:transition': 'complete'},deviant
448,Settle Conditions With Supplier,2011-03-11 08:36:23,2011-03-11 20:36:24,2011-03-12 11:00:24,Magdalena Predutta,53,0.8897808840196448,0,9,20,3,100596.41666665,720.0166666666667,1236.4,5,{'lifecycle:transition': 'complete'},deviant
450,Analyze Request for Quotation,2011-03-10 20:27:31,2011-03-12 11:00:24,2011-03-12 11:12:24,Magdalena Predutta,52,0.1774650547789951,0,7,7,3,101279.36666664999,2136.8333333333335,479.35,6,{'lifecycle:transition': 'complete'},deviant
450,Amend Request for Quotation,2011-03-12 11:12:24,2011-03-12 11:35:25,2011-03-12 11:43:25,Immanuel Karagianni,54,0.057329051756705704,0,8,11,3,101495.43333331666,216.06666666666666,695.4166666666666,6,{'lifecycle:transition': 'complete'},deviant
492,Analyze Purchase Requisition,2011-03-11 11:16:59,2011-03-12 11:47:08,2011-03-12 11:51:08,Maris Freeman,55,0.03333962976955043,0,2,11,3,101507.14999998333,1491.15,707.1333333333333,6,{'lifecycle:transition': 'complete'},regular
461,Create Quotation comparison Map,2011-03-11 13:09:00,2011-03-12 06:46:52,2011-03-12 11:54:52,Karel de Groot,54,0.4004533434076313,1,5,6,3,101206.88333331667,1080.8666666666666,406.8666666666667,6,{'lifecycle:transition': 'complete'},deviant
492,Create Request for Quotation,2011-03-12 11:51:08,2011-03-12 12:08:51,2011-03-12 12:10:51,Heinz Gutschmidt,54,0.04731771817151492,0,3,12,3,101528.86666664999,21.716666666666665,728.85,6,{'lifecycle:transition': 'complete'},regular
458,Analyze Request for Quotation,2011-03-10 01:24:27,2011-03-12 11:54:52,2011-03-12 12:25:52,Karel de Groot,54,0.1774650547789951,0,5,6,3,101213.34999998333,3216.883333333333,413.3333333333333,6,{'lifecycle:transition': 'complete'},deviant
457,Analyze Quotation Comparison Map,2011-03-12 06:27:24,2011-03-12 13:23:46,2011-03-12 13:55:46,Clement Duchot,54,0.0646014355874575,0,7,13,3,101603.78333331666,601.3666666666667,803.7666666666667,6,{'lifecycle:transition': 'complete'},deviant
457,Choose best option,2011-03-12 13:55:46,2011-03-12 14:17:58,2011-03-12 14:17:58,Esmana Liubiata,54,0.0,0,8,14,3,101657.98333331666,54.2,857.9666666666667,6,{'lifecycle:transition': 'complete'},deviant
461,Analyze Quotation Comparison Map,2011-03-12 11:54:52,2011-03-12 18:47:44,2011-03-12 18:58:44,Nico Ojenbeer,54,0.0646014355874575,0,6,18,3,101927.74999998332,720.8666666666667,1127.7333333333333,6,{'lifecycle:transition': 'complete'},deviant
461,Choose best option,2011-03-12 18:58:44,2011-03-12 19:10:15,2011-03-12 19:10:15,Miu Hanwan,54,0.0,0,7,19,3,101950.26666665,22.516666666666666,1150.25,6,{'lifecycle:transition': 'complete'},deviant
497,Analyze Purchase Requisition,2011-03-11 20:22:59,2011-03-12 20:40:18,2011-03-12 20:46:18,Heinz Gutschmidt,54,0.03333962976955043,0,2,20,3,102040.31666664999,1503.3166666666666,1240.3,6,{'lifecycle:transition': 'complete'},deviant
497,Create Request for Quotation,2011-03-12 20:46:18,2011-03-12 21:03:59,2011-03-12 21:05:59,Heinz Gutschmidt,54,0.04731771817151492,0,3,21,3,102063.99999998332,23.683333333333334,1263.9833333333333,6,{'lifecycle:transition': 'complete'},deviant
470,Analyze Request for Quotation,2011-03-10 02:15:54,2011-03-12 21:27:14,2011-03-12 21:56:14,Magdalena Predutta,54,0.1774650547789951,0,4,21,3,102087.24999998332,4033.3333333333335,1287.2333333333333,6,{'lifecycle:transition': 'complete'},deviant
470,Amend Request for Quotation,2011-03-12 21:56:14,2011-03-12 22:24:45,2011-03-12 22:40:45,Heinz Gutschmidt,54,0.057329051756705704,0,5,22,3,102144.76666665,57.516666666666666,1344.75,6,{'lifecycle:transition': 'complete'},deviant
462,Settle Conditions With Supplier,2011-03-12 08:44:04,2011-03-12 15:31:30,2011-03-12 22:58:30,Karel de Groot,54,0.8897808840196448,1,8,15,3,101731.51666665,407.43333333333334,931.5,6,{'lifecycle:transition': 'complete'},deviant
448,Create Purchase Order,2011-03-12 11:00:24,2011-03-12 22:58:30,2011-03-12 23:06:30,Karel de Groot,54,0.048073290517567056,1,10,17,3,101869.91666665,1273.5,1069.9,6,{'lifecycle:transition': 'complete'},deviant
462,Create Purchase Order,2011-03-12 22:58:30,2011-03-13 06:50:37,2011-03-13 06:58:37,Karel de Groot,54,0.048073290517567056,1,9,6,3,102650.63333331667,919.1166666666667,410.6166666666667,7,{'lifecycle:transition': 'complete'},deviant
458,Send Request for Quotation to Supplier,2011-03-12 12:25:52,2011-03-13 07:26:16,2011-03-13 07:50:16,Karel de Groot,54,0.07225160559123536,0,6,7,3,102686.28333331666,1472.9333333333334,446.26666666666665,7,{'lifecycle:transition': 'complete'},deviant
504,Create Purchase Requisition,2011-03-13 07:18:59,2011-03-13 07:18:59,2011-03-13 07:50:59,Christian Francois,54,0.1258027956176804,0,1,7,3,102678.99999998332,102678.99999998332,438.98333333333335,7,{'lifecycle:transition': 'complete'},deviant
457,Settle Conditions With Supplier,2011-03-12 14:17:58,2011-03-13 02:30:07,2011-03-13 09:49:07,Francois de Perrier,54,0.8897808840196448,0,9,2,3,102390.13333331667,732.15,150.11666666666667,7,{'lifecycle:transition': 'complete'},deviant
467,Analyze Request for Quotation,2011-03-09 22:11:31,2011-03-13 09:49:07,2011-03-13 10:01:07,Francois de Perrier,54,0.1774650547789951,2,4,3,3,102455.41666665,4644.883333333333,215.4,7,{'lifecycle:transition': 'complete'},regular
486,Analyze Request for Quotation,2011-03-11 09:21:52,2011-03-13 10:01:07,2011-03-13 10:31:07,Francois de Perrier,54,0.1774650547789951,0,3,9,3,102792.96666665,2881.0833333333335,552.95,7,{'lifecycle:transition': 'complete'},deviant
505,Create Purchase Requisition,2011-03-13 10:56:59,2011-03-13 10:56:59,2011-03-13 11:31:59,Penn Osterwalder,54,0.1258027956176804,0,1,10,3,102896.99999998332,102896.99999998332,656.9833333333333,7,{'lifecycle:transition': 'complete'},deviant
487,Analyze Request for Quotation,2011-03-11 11:49:09,2011-03-13 12:14:58,2011-03-13 12:36:58,Karel de Groot,55,0.1774650547789951,0,3,12,3,102974.98333331666,2914.8166666666666,734.9666666666667,7,{'lifecycle:transition': 'complete'},deviant
504,Create Request for Quotation,2011-03-13 07:50:59,2011-03-13 14:26:47,2011-03-13 14:40:47,Anna Kaufmann,54,0.04731771817151492,0,2,14,3,103106.79999998333,427.8,866.7833333333333,7,{'lifecycle:transition': 'complete'},deviant
457,Create Purchase Order,2011-03-13 09:49:07,2011-03-13 15:04:22,2011-03-13 15:14:22,Karel de Groot,54,0.048073290517567056,0,10,15,3,103144.38333331667,754.25,904.3666666666667,7,{'lifecycle:transition': 'complete'},deviant
459,Analyze Request for Quotation,2011-03-12 00:57:57,2011-03-13 16:17:15,2011-03-13 17:05:15,Karel de Groot,54,0.1774650547789951,0,7,16,3,103217.26666665,2369.3,977.25,7,{'lifecycle:transition': 'complete'},deviant
461,Settle Conditions With Supplier,2011-03-12 19:10:15,2011-03-13 08:04:01,2011-03-13 17:21:01,Magdalena Predutta,54,0.8897808840196448,0,8,8,3,102724.03333331666,773.7666666666667,484.01666666666665,7,{'lifecycle:transition': 'complete'},deviant
459,Amend Request for Quotation,2011-03-13 17:05:15,2011-03-13 17:31:03,2011-03-13 17:46:03,Anna Kaufmann,53,0.057329051756705704,0,8,17,3,103291.06666664999,73.8,1051.05,7,{'lifecycle:transition': 'complete'},deviant
458,Create Quotation comparison Map,2011-03-13 07:50:16,2011-03-13 17:21:01,2011-03-13 19:04:01,Magdalena Predutta,54,0.4004533434076313,0,7,13,3,103020.93333331666,334.65,780.9166666666666,7,{'lifecycle:transition': 'complete'},deviant
461,Create Purchase Order,2011-03-13 17:21:01,2011-03-14 00:45:25,2011-03-14 00:52:25,Magdalena Predutta,53,0.048073290517567056,1,9,0,3,103725.43333331666,1001.4,45.416666666666664,1,{'lifecycle:transition': 'complete'},deviant
462,Confirm Purchase Order,2011-03-13 06:58:37,2011-03-14 00:58:34,2011-03-14 01:03:34,Sean Manney,53,0.06752927842840951,0,10,0,3,103738.58333331667,1087.95,58.56666666666667,1,{'lifecycle:transition': 'complete'},deviant
458,Analyze Quotation Comparison Map,2011-03-13 19:04:01,2011-03-14 02:00:24,2011-03-14 02:26:24,Immanuel Karagianni,53,0.0646014355874575,0,8,2,3,103800.41666665,779.4833333333333,120.4,1,{'lifecycle:transition': 'complete'},deviant
458,Choose best option,2011-03-14 02:26:24,2011-03-14 02:26:35,2011-03-14 02:26:35,Anna Kaufmann,52,0.0,0,9,2,3,103826.59999998333,26.183333333333334,146.58333333333334,1,{'lifecycle:transition': 'complete'},deviant
450,Analyze Request for Quotation,2011-03-12 11:43:25,2011-03-14 04:15:33,2011-03-14 04:46:33,Magdalena Predutta,54,0.1774650547789951,0,9,4,3,103935.56666664999,2440.133333333333,255.55,1,{'lifecycle:transition': 'complete'},deviant
489,Analyze Request for Quotation,2011-03-12 10:02:37,2011-03-14 06:07:12,2011-03-14 06:33:12,Karel de Groot,54,0.1774650547789951,1,4,6,3,104047.21666665,2646.5833333333335,367.2,1,{'lifecycle:transition': 'complete'},deviant
489,Amend Request for Quotation,2011-03-14 06:33:12,2011-03-14 06:59:57,2011-03-14 07:07:57,Tesca Lobes,52,0.057329051756705704,0,5,6,3,104099.96666665,52.75,419.95,1,{'lifecycle:transition': 'complete'},deviant
467,Send Request for Quotation to Supplier,2011-03-13 10:01:07,2011-03-14 06:57:51,2011-03-14 07:26:51,Magdalena Predutta,54,0.07225160559123536,0,5,6,3,104097.86666664999,1642.45,417.85,1,{'lifecycle:transition': 'complete'},regular
515,Create Purchase Requisition,2011-03-14 09:03:59,2011-03-14 09:03:59,2011-03-14 09:52:59,Penn Osterwalder,53,0.1258027956176804,0,1,9,3,104223.99999998332,104223.99999998332,543.9833333333333,1,{'lifecycle:transition': 'complete'},deviant
505,Analyze Purchase Requisition,2011-03-13 11:31:59,2011-03-14 11:30:59,2011-03-14 11:36:59,Heinz Gutschmidt,54,0.03333962976955043,0,2,11,3,104370.99999998332,1474.0,690.9833333333333,1,{'lifecycle:transition': 'complete'},deviant
505,Create Request for Quotation,2011-03-14 11:36:59,2011-03-14 11:59:33,2011-03-14 12:01:33,Heinz Gutschmidt,53,0.04731771817151492,0,3,11,3,104399.56666664999,28.566666666666666,719.55,1,{'lifecycle:transition': 'complete'},deviant
467,Create Quotation comparison Map,2011-03-14 07:26:51,2011-03-14 08:48:04,2011-03-14 13:28:04,Francois de Perrier,52,0.4004533434076313,0,6,8,3,104208.08333331667,110.21666666666667,528.0666666666667,1,{'lifecycle:transition': 'complete'},regular
487,Send Request for Quotation to Supplier,2011-03-13 12:36:58,2011-03-14 13:28:04,2011-03-14 13:52:04,Francois de Perrier,54,0.07225160559123536,0,4,8,3,104209.64999998333,1234.6666666666667,529.6333333333333,1,{'lifecycle:transition': 'complete'},deviant
492,Analyze Request for Quotation,2011-03-12 12:10:51,2011-03-14 13:44:11,2011-03-14 13:59:11,Karel de Groot,54,0.1774650547789951,0,4,13,3,104504.19999998334,2975.3333333333335,824.1833333333333,1,{'lifecycle:transition': 'complete'},regular
492,Amend Request for Quotation,2011-03-14 13:59:11,2011-03-14 14:26:28,2011-03-14 14:39:28,Elvira Lores,53,0.057329051756705704,0,5,14,3,104546.48333331666,42.28333333333333,866.4666666666667,1,{'lifecycle:transition': 'complete'},regular
519,Create Purchase Requisition,2011-03-14 16:27:59,2011-03-14 16:27:59,2011-03-14 17:00:59,Alberto Duport,54,0.1258027956176804,0,1,16,3,104667.99999998332,104667.99999998332,987.9833333333333,1,{'lifecycle:transition': 'complete'},deviant
461,Confirm Purchase Order,2011-03-14 00:52:25,2011-03-14 18:30:19,2011-03-14 19:03:19,Sean Manney,53,0.06752927842840951,0,10,18,3,104790.33333331667,1064.9,1110.3166666666666,1,{'lifecycle:transition': 'complete'},deviant
467,Analyze Quotation Comparison Map,2011-03-14 13:28:04,2011-03-14 20:24:19,2011-03-14 20:47:19,Alberto Duport,53,0.0646014355874575,0,7,20,3,104904.33333331667,696.25,1224.3166666666666,1,{'lifecycle:transition': 'complete'},regular
467,Choose best option,2011-03-14 20:47:19,2011-03-14 20:47:42,2011-03-14 20:47:42,Tesca Lobes,53,0.0,0,8,20,3,104927.71666665,23.383333333333333,1247.7,1,{'lifecycle:transition': 'complete'},regular
459,Analyze Request for Quotation,2011-03-13 17:46:03,2011-03-14 20:53:16,2011-03-14 21:05:16,Magdalena Predutta,53,0.1774650547789951,0,9,20,3,104933.28333331666,1642.2166666666667,1253.2666666666667,1,{'lifecycle:transition': 'complete'},deviant
522,Create Purchase Requisition,2011-03-14 22:20:59,2011-03-14 22:20:59,2011-03-14 22:45:59,Miu Hanwan,54,0.1258027956176804,0,1,22,3,105020.99999998332,105020.99999998332,1340.9833333333333,1,{'lifecycle:transition': 'complete'},deviant
459,Amend Request for Quotation,2011-03-14 21:05:16,2011-03-15 00:29:30,2011-03-15 00:34:30,Kim Passa,53,0.057329051756705704,0,10,0,3,105149.51666665,216.23333333333332,29.5,2,{'lifecycle:transition': 'complete'},deviant
470,Analyze Request for Quotation,2011-03-12 22:40:45,2011-03-14 23:57:21,2011-03-15 00:42:21,Magdalena Predutta,54,0.1774650547789951,0,6,23,3,105117.36666664999,2972.6,1437.35,1,{'lifecycle:transition': 'complete'},deviant
504,Analyze Request for Quotation,2011-03-13 14:40:47,2011-03-15 00:59:38,2011-03-15 01:28:38,Magdalena Predutta,54,0.1774650547789951,1,3,0,3,105179.64999998333,2072.85,59.63333333333333,2,{'lifecycle:transition': 'complete'},deviant
458,Settle Conditions With Supplier,2011-03-14 02:26:35,2011-03-14 14:10:40,2011-03-15 03:59:40,Karel de Groot,52,0.8897808840196448,0,10,14,3,104530.68333331666,704.0833333333334,850.6666666666666,1,{'lifecycle:transition': 'complete'},deviant
489,Analyze Request for Quotation,2011-03-14 07:07:57,2011-03-15 05:09:08,2011-03-15 05:28:08,Francois de Perrier,52,0.1774650547789951,0,6,5,3,105429.14999998333,1329.1833333333334,309.1333333333333,2,{'lifecycle:transition': 'complete'},deviant
489,Amend Request for Quotation,2011-03-15 05:28:08,2011-03-15 05:50:39,2011-03-15 05:59:39,Kim Passa,51,0.057329051756705704,0,7,5,3,105470.66666665,41.516666666666666,350.65,2,{'lifecycle:transition': 'complete'},deviant
487,Create Quotation comparison Map,2011-03-14 13:52:04,2011-03-15 03:59:40,2011-03-15 08:51:40,Karel de Groot,53,0.4004533434076313,0,5,19,3,104852.13333331667,642.4833333333333,1172.1166666666666,1,{'lifecycle:transition': 'complete'},deviant
450,Send Request for Quotation to Supplier,2011-03-14 04:46:33,2011-03-15 08:43:32,2011-03-15 09:04:32,Magdalena Predutta,52,0.07225160559123536,0,10,8,3,105643.54999998333,1707.9833333333333,523.5333333333333,2,{'lifecycle:transition': 'complete'},deviant
515,Analyze Purchase Requisition,2011-03-14 09:52:59,2011-03-15 09:03:00,2011-03-15 09:08:00,Francis Odell,53,0.03333962976955043,0,2,9,3,105663.01666665,1439.0166666666667,543.0,2,{'lifecycle:transition': 'complete'},deviant
497,Analyze Request for Quotation,2011-03-12 21:05:59,2011-03-15 08:51:40,2011-03-15 09:22:40,Karel de Groot,54,0.1774650547789951,1,4,22,3,105037.74999998332,2973.75,1357.7333333333333,1,{'lifecycle:transition': 'complete'},deviant
525,Create Purchase Requisition,2011-03-15 08:44:59,2011-03-15 08:44:59,2011-03-15 09:24:59,Alberto Duport,52,0.1258027956176804,0,1,8,3,105644.99999998332,105644.99999998332,524.9833333333333,2,{'lifecycle:transition': 'complete'},regular
515,Create Request for Quotation,2011-03-15 09:08:00,2011-03-15 09:33:31,2011-03-15 09:36:31,Maris Freeman,51,0.04731771817151492,0,3,9,3,105693.53333331666,30.516666666666666,573.5166666666667,2,{'lifecycle:transition': 'complete'},deviant
492,Analyze Request for Quotation,2011-03-14 14:39:28,2011-03-15 13:43:15,2011-03-15 13:52:15,Francois de Perrier,53,0.1774650547789951,0,6,13,3,105943.26666665,1396.7833333333333,823.25,2,{'lifecycle:transition': 'complete'},regular
487,Analyze Quotation Comparison Map,2011-03-15 08:51:40,2011-03-15 15:46:34,2011-03-15 16:10:34,Miu Hanwan,52,0.0646014355874575,0,6,15,3,106066.58333331667,1214.45,946.5666666666667,2,{'lifecycle:transition': 'complete'},deviant
487,Choose best option,2011-03-15 16:10:34,2011-03-15 16:16:23,2011-03-15 16:16:23,Tesca Lobes,51,0.0,0,7,16,3,106096.39999998333,29.816666666666666,976.3833333333333,2,{'lifecycle:transition': 'complete'},deviant
519,Analyze Purchase Requisition,2011-03-14 17:00:59,2011-03-15 16:21:34,2011-03-15 16:26:34,Heinz Gutschmidt,54,0.03333962976955043,0,2,16,3,106101.58333331667,1433.5833333333333,981.5666666666667,2,{'lifecycle:transition': 'complete'},deviant
519,Create Request for Quotation,2011-03-15 16:26:34,2011-03-15 16:52:01,2011-03-15 16:54:01,Francis Odell,51,0.04731771817151492,0,3,16,3,106132.03333331666,30.45,1012.0166666666667,2,{'lifecycle:transition': 'complete'},deviant
467,Settle Conditions With Supplier,2011-03-14 20:47:42,2011-03-15 09:22:40,2011-03-15 18:46:40,Karel de Groot,53,0.8897808840196448,1,9,3,3,105318.43333331666,390.71666666666664,198.41666666666666,2,{'lifecycle:transition': 'complete'},regular
504,Send Request for Quotation to Supplier,2011-03-15 01:28:38,2011-03-15 19:20:03,2011-03-15 19:49:03,Magdalena Predutta,52,0.07225160559123536,0,4,19,3,106280.06666664999,1100.4166666666667,1160.05,2,{'lifecycle:transition': 'complete'},deviant
505,Analyze Request for Quotation,2011-03-14 12:01:33,2011-03-15 20:13:55,2011-03-15 20:52:55,Magdalena Predutta,53,0.1774650547789951,0,4,20,3,106333.93333331666,1934.3666666666666,1213.9166666666667,2,{'lifecycle:transition': 'complete'},deviant
505,Amend Request for Quotation,2011-03-15 20:52:55,2011-03-15 21:25:20,2011-03-15 21:31:20,Miu Hanwan,51,0.057329051756705704,0,5,21,3,106405.34999998333,71.41666666666667,1285.3333333333333,2,{'lifecycle:transition': 'complete'},deviant
522,Analyze Purchase Requisition,2011-03-14 22:45:59,2011-03-15 22:06:34,2011-03-15 22:14:34,Francis Odell,54,0.03333962976955043,0,2,22,3,106446.58333331667,1425.5833333333333,1326.5666666666666,2,{'lifecycle:transition': 'complete'},deviant
467,Create Purchase Order,2011-03-15 18:46:40,2011-03-16 01:17:00,2011-03-16 01:27:00,Karel de Groot,51,0.048073290517567056,0,10,1,3,106637.01666665,1318.5833333333333,77.0,3,{'lifecycle:transition': 'complete'},regular
492,Send Request for Quotation to Supplier,2011-03-15 13:52:15,2011-03-16 06:32:45,2011-03-16 06:58:45,Karel de Groot,51,0.07225160559123536,0,7,6,3,106952.76666665,1009.5,392.75,3,{'lifecycle:transition': 'complete'},regular
504,Create Quotation comparison Map,2011-03-15 19:49:03,2011-03-16 06:39:32,2011-03-16 08:08:32,Magdalena Predutta,51,0.4004533434076313,0,5,6,3,106959.54999998333,679.4833333333333,399.53333333333336,3,{'lifecycle:transition': 'complete'},deviant
525,Analyze Purchase Requisition,2011-03-15 09:24:59,2011-03-16 11:15:10,2011-03-16 11:19:10,Maris Freeman,51,0.03333962976955043,0,2,11,3,107235.18333331666,1590.1833333333334,675.1666666666666,3,{'lifecycle:transition': 'complete'},regular
525,Create Request for Quotation,2011-03-16 11:19:10,2011-03-16 11:41:30,2011-03-16 11:43:30,Francis Odell,49,0.04731771817151492,0,3,11,3,107261.51666665,26.333333333333332,701.5,3,{'lifecycle:transition': 'complete'},regular
487,Settle Conditions With Supplier,2011-03-15 16:16:23,2011-03-16 02:29:05,2011-03-16 11:48:05,Francois de Perrier,51,0.8897808840196448,0,8,2,3,106709.09999998333,612.7,149.08333333333334,3,{'lifecycle:transition': 'complete'},deviant
497,Send Request for Quotation to Supplier,2011-03-15 09:22:40,2011-03-16 11:48:05,2011-03-16 12:13:05,Francois de Perrier,51,0.07225160559123536,0,5,3,3,106793.28333331666,1755.5333333333333,233.26666666666668,3,{'lifecycle:transition': 'complete'},deviant
492,Create Quotation comparison Map,2011-03-16 06:58:45,2011-03-16 10:42:59,2011-03-16 12:33:59,Karel de Groot,49,0.4004533434076313,0,8,10,3,107202.99999998332,250.23333333333332,642.9833333333333,3,{'lifecycle:transition': 'complete'},regular
489,Analyze Request for Quotation,2011-03-15 05:59:39,2011-03-16 14:55:46,2011-03-16 15:13:46,Francois de Perrier,51,0.1774650547789951,0,8,14,3,107455.78333331666,1985.1166666666666,895.7666666666667,3,{'lifecycle:transition': 'complete'},deviant
504,Analyze Quotation Comparison Map,2011-03-16 08:08:32,2011-03-16 15:03:11,2011-03-16 15:20:11,Anne Olwada,49,0.0646014355874575,0,6,15,3,107463.19999998334,503.65,903.1833333333333,3,{'lifecycle:transition': 'complete'},deviant
504,Choose best option,2011-03-16 15:20:11,2011-03-16 15:21:21,2011-03-16 15:21:21,Immanuel Karagianni,49,0.0,0,7,15,3,107481.36666664999,18.166666666666668,921.35,3,{'lifecycle:transition': 'complete'},deviant
497,Create Quotation comparison Map,2011-03-16 12:13:05,2011-03-16 17:46:42,2011-03-16 19:09:42,Magdalena Predutta,49,0.4004533434076313,0,6,17,3,107626.71666665,833.4333333333333,1066.7,3,{'lifecycle:transition': 'complete'},deviant
492,Analyze Quotation Comparison Map,2011-03-16 12:33:59,2011-03-16 19:26:13,2011-03-16 19:49:13,Elvira Lores,49,0.0646014355874575,0,9,19,3,107726.23333331666,523.2333333333333,1166.2166666666667,3,{'lifecycle:transition': 'complete'},regular
492,Choose best option,2011-03-16 19:49:13,2011-03-16 19:52:33,2011-03-16 19:52:33,Christian Francois,49,0.0,0,10,19,3,107752.56666664999,26.333333333333332,1192.55,3,{'lifecycle:transition': 'complete'},regular
487,Create Purchase Order,2011-03-16 11:48:05,2011-03-17 01:33:05,2011-03-17 01:43:05,Francois de Perrier,49,0.048073290517567056,1,9,1,3,108093.09999998333,1384.0,93.08333333333333,4,{'lifecycle:transition': 'complete'},deviant
497,Analyze Quotation Comparison Map,2011-03-16 19:09:42,2011-03-17 01:55:38,2011-03-17 02:08:38,Kim Passa,49,0.0646014355874575,0,7,1,3,108115.64999998333,488.93333333333334,115.63333333333334,4,{'lifecycle:transition': 'complete'},deviant
497,Choose best option,2011-03-17 02:08:38,2011-03-17 02:14:15,2011-03-17 02:14:15,Miu Hanwan,48,0.0,0,8,2,3,108134.26666665,18.616666666666667,134.25,4,{'lifecycle:transition': 'complete'},deviant
504,Settle Conditions With Supplier,2011-03-16 15:21:21,2011-03-17 00:53:28,2011-03-17 08:15:28,Magdalena Predutta,49,0.8897808840196448,0,8,0,3,108053.48333331666,572.1166666666667,53.46666666666667,4,{'lifecycle:transition': 'complete'},deviant
515,Analyze Request for Quotation,2011-03-15 09:36:31,2011-03-17 08:15:28,2011-03-17 08:37:28,Magdalena Predutta,51,0.1774650547789951,0,4,3,3,108210.41666665,2516.883333333333,210.4,4,{'lifecycle:transition': 'complete'},deviant
515,Amend Request for Quotation,2011-03-17 08:37:28,2011-03-17 08:59:16,2011-03-17 09:14:16,Maris Freeman,48,0.057329051756705704,0,5,8,3,108539.28333331666,328.8666666666667,539.2666666666667,4,{'lifecycle:transition': 'complete'},deviant
489,Send Request for Quotation to Supplier,2011-03-16 15:13:46,2011-03-17 09:03:12,2011-03-17 09:20:12,Karel de Groot,49,0.07225160559123536,0,9,9,3,108543.21666665,1087.4333333333334,543.2,4,{'lifecycle:transition': 'complete'},deviant
519,Analyze Request for Quotation,2011-03-15 16:54:01,2011-03-17 10:50:33,2011-03-17 11:13:33,Magdalena Predutta,51,0.1774650547789951,0,4,10,3,108650.56666664999,2518.5333333333333,650.55,4,{'lifecycle:transition': 'complete'},deviant
505,Analyze Request for Quotation,2011-03-15 21:31:20,2011-03-17 11:49:47,2011-03-17 12:13:47,Francois de Perrier,51,0.1774650547789951,0,6,11,3,108709.79999998333,2304.45,709.7833333333333,4,{'lifecycle:transition': 'complete'},deviant
487,Confirm Purchase Order,2011-03-17 01:43:05,2011-03-17 18:09:53,2011-03-17 18:33:53,Carmen Finacse,48,0.06752927842840951,0,10,18,3,109089.89999998333,996.8,1089.8833333333334,4,{'lifecycle:transition': 'complete'},deviant
497,Settle Conditions With Supplier,2011-03-17 02:14:15,2011-03-17 14:21:54,2011-03-17 18:33:54,Magdalena Predutta,48,0.8897808840196448,0,9,14,3,108861.91666665,727.65,861.9,4,{'lifecycle:transition': 'complete'},deviant
504,Create Purchase Order,2011-03-17 08:15:28,2011-03-17 21:08:01,2011-03-17 21:15:01,Francois de Perrier,48,0.048073290517567056,0,9,21,3,109268.03333331666,1214.55,1268.0166666666667,4,{'lifecycle:transition': 'complete'},deviant
489,Create Quotation comparison Map,2011-03-17 09:20:12,2011-03-17 18:33:54,2011-03-18 00:24:54,Magdalena Predutta,48,0.4004533434076313,0,10,16,3,108977.68333331666,434.46666666666664,977.6666666666666,4,{'lifecycle:transition': 'complete'},deviant
537,Create Purchase Requisition,2011-03-18 00:37:59,2011-03-18 00:37:59,2011-03-18 01:13:59,Anne Olwada,47,0.1258027956176804,0,1,0,3,109477.99999998332,109477.99999998332,37.983333333333334,5,{'lifecycle:transition': 'complete'},deviant
538,Create Purchase Requisition,2011-03-18 02:21:59,2011-03-18 02:21:59,2011-03-18 02:52:59,Tesca Lobes,48,0.1258027956176804,0,1,2,3,109581.99999998332,109581.99999998332,141.98333333333332,5,{'lifecycle:transition': 'complete'},deviant
505,Send Request for Quotation to Supplier,2011-03-17 12:13:47,2011-03-18 05:22:26,2011-03-18 05:54:26,Francois de Perrier,48,0.07225160559123536,0,7,5,3,109762.44999998334,1052.65,322.43333333333334,5,{'lifecycle:transition': 'complete'},deviant
519,Send Request for Quotation to Supplier,2011-03-17 11:13:33,2011-03-18 06:16:38,2011-03-18 06:47:38,Karel de Groot,48,0.07225160559123536,0,5,6,3,109816.64999998333,1166.0833333333333,376.6333333333333,5,{'lifecycle:transition': 'complete'},deviant
497,Create Purchase Order,2011-03-17 18:33:54,2011-03-18 10:39:44,2011-03-18 10:51:44,Magdalena Predutta,47,0.048073290517567056,1,10,10,3,110079.74999998332,1217.8333333333333,639.7333333333333,5,{'lifecycle:transition': 'complete'},deviant
505,Create Quotation comparison Map,2011-03-18 05:54:26,2011-03-18 12:39:48,2011-03-18 17:20:48,Karel de Groot,48,0.4004533434076313,0,8,12,3,110199.81666664999,437.3666666666667,759.8,5,{'lifecycle:transition': 'complete'},deviant
504,Confirm Purchase Order,2011-03-17 21:15:01,2011-03-18 17:08:30,2011-03-18 17:36:30,Karen Clarens,47,0.06752927842840951,0,10,17,3,110468.51666665,1200.4833333333333,1028.5,5,{'lifecycle:transition': 'complete'},deviant
515,Analyze Request for Quotation,2011-03-17 09:14:16,2011-03-18 18:22:56,2011-03-18 18:45:56,Karel de Groot,48,0.1774650547789951,0,6,18,3,110542.94999998334,2003.6666666666667,1102.9333333333334,5,{'lifecycle:transition': 'complete'},deviant
515,Amend Request for Quotation,2011-03-18 18:45:56,2011-03-18 19:07:34,2011-03-18 19:18:34,Miu Hanwan,46,0.057329051756705704,0,7,19,3,110587.58333331667,44.63333333333333,1147.5666666666666,5,{'lifecycle:transition': 'complete'},deviant
519,Create Quotation comparison Map,2011-03-18 06:47:38,2011-03-18 16:56:37,2011-03-18 21:20:37,Magdalena Predutta,48,0.4004533434076313,0,6,16,3,110456.63333331667,639.9833333333333,1016.6166666666667,5,{'lifecycle:transition': 'complete'},deviant
537,Analyze Purchase Requisition,2011-03-18 01:13:59,2011-03-19 00:12:20,2011-03-19 00:18:20,Francis Odell,47,0.03333962976955043,0,2,0,3,110892.34999998333,1414.35,12.333333333333334,6,{'lifecycle:transition': 'complete'},deviant
505,Analyze Quotation Comparison Map,2011-03-18 17:20:48,2011-03-19 00:23:00,2011-03-19 00:31:00,Miu Hanwan,47,0.0646014355874575,0,9,0,3,110903.01666665,703.2,23.0,6,{'lifecycle:transition': 'complete'},deviant
505,Choose best option,2011-03-19 00:31:00,2011-03-19 00:35:20,2011-03-19 00:35:20,Penn Osterwalder,46,0.0,0,10,0,3,110915.34999998333,12.333333333333334,35.333333333333336,6,{'lifecycle:transition': 'complete'},deviant
537,Create Request for Quotation,2011-03-19 00:18:20,2011-03-19 00:35:45,2011-03-19 00:37:45,Maris Freeman,46,0.04731771817151492,0,3,0,3,110915.76666665,23.416666666666668,35.75,6,{'lifecycle:transition': 'complete'},deviant
538,Analyze Purchase Requisition,2011-03-18 02:52:59,2011-03-19 02:01:32,2011-03-19 02:06:32,Francis Odell,48,0.03333962976955043,0,2,2,3,111001.54999998333,1419.55,121.53333333333333,6,{'lifecycle:transition': 'complete'},deviant
519,Analyze Quotation Comparison Map,2011-03-18 21:20:37,2011-03-19 04:17:12,2011-03-19 04:36:12,Fjodor Kowalski,46,0.0646014355874575,0,7,4,3,111137.21666665,680.5833333333334,257.2,6,{'lifecycle:transition': 'complete'},deviant
519,Choose best option,2011-03-19 04:36:12,2011-03-19 04:40:13,2011-03-19 04:40:13,Tesca Lobes,44,0.0,0,8,4,3,111160.23333331666,23.016666666666666,280.21666666666664,6,{'lifecycle:transition': 'complete'},deviant
525,Analyze Request for Quotation,2011-03-16 11:43:30,2011-03-19 08:36:24,2011-03-19 09:04:24,Magdalena Predutta,49,0.1774650547789951,0,4,8,3,111396.41666665,4134.9,516.4,6,{'lifecycle:transition': 'complete'},regular
544,Create Purchase Requisition,2011-03-19 14:41:59,2011-03-19 14:41:59,2011-03-19 15:32:59,Anne Olwada,45,0.1258027956176804,0,1,14,3,111761.99999998332,111761.99999998332,881.9833333333333,6,{'lifecycle:transition': 'complete'},deviant
544,Create Request for Quotation,2011-03-19 15:32:59,2011-03-19 19:28:10,2011-03-19 19:39:10,Christian Francois,45,0.04731771817151492,0,2,19,3,112048.18333331666,286.18333333333334,1168.1666666666667,6,{'lifecycle:transition': 'complete'},deviant
519,Settle Conditions With Supplier,2011-03-19 04:40:13,2011-03-19 16:26:25,2011-03-20 00:01:25,Karel de Groot,44,0.8897808840196448,0,9,16,3,111866.43333331666,706.2,986.4166666666666,6,{'lifecycle:transition': 'complete'},deviant
515,Analyze Request for Quotation,2011-03-18 19:18:34,2011-03-20 03:34:57,2011-03-20 04:08:57,Magdalena Predutta,46,0.1774650547789951,0,8,3,3,112534.96666665,1947.3833333333334,214.95,7,{'lifecycle:transition': 'complete'},deviant
547,Create Purchase Requisition,2011-03-20 03:59:59,2011-03-20 03:59:59,2011-03-20 04:26:59,Tesca Lobes,46,0.1258027956176804,0,1,3,3,112559.99999998332,112559.99999998332,239.98333333333332,7,{'lifecycle:transition': 'complete'},deviant
515,Amend Request for Quotation,2011-03-20 04:08:57,2011-03-20 04:37:56,2011-03-20 04:51:56,Penn Osterwalder,46,0.057329051756705704,0,9,4,3,112597.94999998334,62.983333333333334,277.93333333333334,7,{'lifecycle:transition': 'complete'},deviant
525,Send Request for Quotation to Supplier,2011-03-19 09:04:24,2011-03-20 05:04:59,2011-03-20 05:32:59,Francois de Perrier,44,0.07225160559123536,0,5,5,3,112624.99999998332,1228.5833333333333,304.98333333333335,7,{'lifecycle:transition': 'complete'},regular
519,Create Purchase Order,2011-03-20 00:01:25,2011-03-20 05:40:45,2011-03-20 05:53:45,Karel de Groot,45,0.048073290517567056,0,10,5,3,112660.76666665,794.3333333333334,340.75,7,{'lifecycle:transition': 'complete'},deviant
549,Create Purchase Requisition,2011-03-20 09:24:59,2011-03-20 09:24:59,2011-03-20 09:37:59,Kim Passa,46,0.1258027956176804,0,1,9,3,112884.99999998332,112884.99999998332,564.9833333333333,7,{'lifecycle:transition': 'complete'},deviant
525,Create Quotation comparison Map,2011-03-20 05:32:59,2011-03-20 08:58:34,2011-03-20 12:25:34,Francois de Perrier,46,0.4004533434076313,0,6,8,3,112858.58333331667,233.58333333333334,538.5666666666667,7,{'lifecycle:transition': 'complete'},regular
525,Analyze Quotation Comparison Map,2011-03-20 12:25:34,2011-03-20 19:22:03,2011-03-20 19:37:03,Tesca Lobes,46,0.0646014355874575,0,7,19,3,113482.06666664999,623.4833333333333,1162.05,7,{'lifecycle:transition': 'complete'},regular
525,Choose best option,2011-03-20 19:37:03,2011-03-20 19:38:31,2011-03-20 19:38:31,Clement Duchot,46,0.0,0,8,19,3,113498.53333331666,16.466666666666665,1178.5166666666667,7,{'lifecycle:transition': 'complete'},regular
537,Analyze Request for Quotation,2011-03-19 00:37:45,2011-03-21 01:20:25,2011-03-21 01:53:25,Karel de Groot,45,0.1774650547789951,0,4,1,3,113840.43333331666,2924.6666666666665,80.41666666666667,1,{'lifecycle:transition': 'complete'},deviant
547,Analyze Purchase Requisition,2011-03-20 04:26:59,2011-03-21 03:23:26,2011-03-21 03:27:26,Francis Odell,46,0.03333962976955043,0,2,3,3,113963.44999998334,1403.45,203.43333333333334,1,{'lifecycle:transition': 'complete'},deviant
544,Analyze Request for Quotation,2011-03-19 19:39:10,2011-03-21 05:47:09,2011-03-21 05:59:09,Magdalena Predutta,45,0.1774650547789951,0,3,5,3,114107.16666665,2058.983333333333,347.15,1,{'lifecycle:transition': 'complete'},deviant
515,Analyze Request for Quotation,2011-03-20 04:51:56,2011-03-21 06:22:38,2011-03-21 06:46:38,Karel de Groot,46,0.1774650547789951,0,10,6,3,114142.64999998333,1544.7,382.6333333333333,1,{'lifecycle:transition': 'complete'},deviant
549,Analyze Purchase Requisition,2011-03-20 09:37:59,2011-03-21 08:34:26,2011-03-21 08:42:26,Maris Freeman,46,0.03333962976955043,0,2,8,3,114274.44999998334,1389.45,514.4333333333333,1,{'lifecycle:transition': 'complete'},deviant
525,Settle Conditions With Supplier,2011-03-20 19:38:31,2011-03-21 03:07:52,2011-03-21 08:56:52,Francois de Perrier,46,0.8897808840196448,0,9,3,3,113947.88333331667,449.35,187.86666666666667,1,{'lifecycle:transition': 'complete'},regular
549,Create Request for Quotation,2011-03-21 08:42:26,2011-03-21 09:03:47,2011-03-21 09:05:47,Maris Freeman,44,0.04731771817151492,0,3,9,3,114303.79999998333,29.35,543.7833333333333,1,{'lifecycle:transition': 'complete'},deviant
547,Amend Purchase Requisition,2011-03-21 03:27:26,2011-03-21 08:43:14,2011-03-21 09:15:14,Immanuel Karagianni,46,0.0017944843218738193,0,3,8,3,114283.24999998332,319.8,523.2333333333333,1,{'lifecycle:transition': 'complete'},deviant
525,Create Purchase Order,2011-03-21 08:56:52,2011-03-21 13:41:05,2011-03-21 13:48:05,Magdalena Predutta,44,0.048073290517567056,0,10,13,3,114581.09999998333,633.2166666666667,821.0833333333334,1,{'lifecycle:transition': 'complete'},regular
537,Send Request for Quotation to Supplier,2011-03-21 01:53:25,2011-03-21 20:03:52,2011-03-21 20:31:52,Magdalena Predutta,46,0.07225160559123536,0,5,20,3,114963.88333331667,1123.45,1203.8666666666666,1,{'lifecycle:transition': 'complete'},deviant
537,Create Quotation comparison Map,2011-03-21 20:31:52,2011-03-21 21:21:13,2011-03-22 02:10:13,Magdalena Predutta,43,0.4004533434076313,0,6,21,3,115041.23333331666,77.35,1281.2166666666667,1,{'lifecycle:transition': 'complete'},deviant
547,Analyze Purchase Requisition,2011-03-21 09:15:14,2011-03-22 04:35:51,2011-03-22 04:42:51,Maris Freeman,44,0.03333962976955043,0,4,4,3,115475.86666664999,1192.6166666666666,275.85,2,{'lifecycle:transition': 'complete'},deviant
547,Create Request for Quotation,2011-03-22 04:42:51,2011-03-22 04:59:58,2011-03-22 05:01:58,Francis Odell,43,0.04731771817151492,0,5,4,3,115499.98333331666,24.116666666666667,299.96666666666664,2,{'lifecycle:transition': 'complete'},deviant
537,Analyze Quotation Comparison Map,2011-03-22 02:10:13,2011-03-22 09:02:49,2011-03-22 09:19:49,Tesca Lobes,43,0.0646014355874575,0,7,9,3,115742.83333331667,701.6,542.8166666666667,2,{'lifecycle:transition': 'complete'},deviant
537,Choose best option,2011-03-22 09:19:49,2011-03-22 09:24:47,2011-03-22 09:24:47,Penn Osterwalder,43,0.0,0,8,9,3,115764.79999998333,21.966666666666665,564.7833333333333,2,{'lifecycle:transition': 'complete'},deviant
549,Analyze Request for Quotation,2011-03-21 09:05:47,2011-03-22 15:12:20,2011-03-22 15:36:20,Karel de Groot,44,0.1774650547789951,0,4,15,3,116112.34999998333,1808.55,912.3333333333334,2,{'lifecycle:transition': 'complete'},deviant
549,Send Request for Quotation to Supplier,2011-03-22 15:36:20,2011-03-23 10:54:51,2011-03-23 11:31:51,Karel de Groot,43,0.07225160559123536,0,5,10,3,117294.86666664999,1182.5166666666667,654.85,3,{'lifecycle:transition': 'complete'},deviant
537,Settle Conditions With Supplier,2011-03-22 09:24:47,2011-03-23 08:26:43,2011-03-23 19:13:43,Magdalena Predutta,43,0.8897808840196448,0,9,8,3,117146.73333331666,1381.9333333333334,506.71666666666664,3,{'lifecycle:transition': 'complete'},deviant
547,Analyze Request for Quotation,2011-03-22 05:01:58,2011-03-23 19:13:43,2011-03-23 19:32:43,Magdalena Predutta,43,0.1774650547789951,0,6,16,3,117652.21666665,2152.233333333333,1012.2,3,{'lifecycle:transition': 'complete'},deviant
547,Amend Request for Quotation,2011-03-23 19:32:43,2011-03-23 19:56:42,2011-03-23 20:10:42,Alberto Duport,43,0.057329051756705704,0,7,19,3,117836.71666665,184.5,1196.7,3,{'lifecycle:transition': 'complete'},deviant
549,Create Quotation comparison Map,2011-03-23 11:31:51,2011-03-23 19:32:43,2011-03-24 00:07:43,Magdalena Predutta,43,0.4004533434076313,0,6,17,3,117705.99999998332,411.1333333333333,1065.9833333333333,3,{'lifecycle:transition': 'complete'},deviant
547,Analyze Request for Quotation,2011-03-23 20:10:42,2011-03-24 01:25:16,2011-03-24 01:57:16,Francois de Perrier,43,0.1774650547789951,0,8,1,3,118165.28333331666,328.56666666666666,85.26666666666667,4,{'lifecycle:transition': 'complete'},deviant
549,Analyze Quotation Comparison Map,2011-03-24 00:07:43,2011-03-24 07:02:53,2011-03-24 07:23:53,Penn Osterwalder,43,0.0646014355874575,0,7,7,3,118502.89999998333,796.9,422.8833333333333,4,{'lifecycle:transition': 'complete'},deviant
549,Choose best option,2011-03-24 07:23:53,2011-03-24 07:30:04,2011-03-24 07:30:04,Clement Duchot,43,0.0,0,8,7,3,118530.08333331667,27.183333333333334,450.06666666666666,4,{'lifecycle:transition': 'complete'},deviant
537,Create Purchase Order,2011-03-23 19:13:43,2011-03-24 12:27:53,2011-03-24 12:34:53,Magdalena Predutta,43,0.048073290517567056,2,10,12,3,118827.89999998333,1681.1666666666667,747.8833333333333,4,{'lifecycle:transition': 'complete'},deviant
547,Send Request for Quotation to Supplier,2011-03-24 01:57:16,2011-03-24 17:16:14,2011-03-24 17:45:14,Karel de Groot,43,0.07225160559123536,0,9,17,3,119116.24999998332,950.9666666666667,1036.2333333333333,4,{'lifecycle:transition': 'complete'},deviant
547,Create Quotation comparison Map,2011-03-24 17:45:14,2011-03-24 22:33:25,2011-03-25 01:16:25,Magdalena Predutta,42,0.4004533434076313,0,10,22,3,119433.43333331666,317.18333333333334,1353.4166666666667,4,{'lifecycle:transition': 'complete'},deviant
549,Settle Conditions With Supplier,2011-03-24 07:30:04,2011-03-24 17:49:37,2011-03-25 08:19:37,Karel de Groot,43,0.8897808840196448,0,9,17,3,119149.63333331667,619.55,1069.6166666666666,4,{'lifecycle:transition': 'complete'},deviant
549,Create Purchase Order,2011-03-25 08:19:37,2011-03-25 17:52:03,2011-03-25 18:01:03,Karel de Groot,41,0.048073290517567056,0,10,17,3,120592.06666664999,1442.4333333333334,1072.05,5,{'lifecycle:transition': 'complete'},deviant
1004,Create Purchase Requisition,2011-05-26 20:38:59,2011-05-26 20:38:59,2011-05-26 20:55:59,Tesca Lobes,41,0.1258027956176804,0,1,20,5,210038.99999998332,210038.99999998332,1238.9833333333333,4,{'lifecycle:transition': 'complete'},deviant
1004,Analyze Purchase Requisition,2011-05-26 20:55:59,2011-05-28 04:14:11,2011-05-28 04:23:11,Heinz Gutschmidt,41,0.03333962976955043,0,2,4,5,211934.19999998334,1895.2,254.18333333333334,6,{'lifecycle:transition': 'complete'},deviant
1004,Create Request for Quotation,2011-05-28 04:23:11,2011-05-28 04:53:19,2011-05-28 04:54:19,Heinz Gutschmidt,41,0.04731771817151492,0,3,4,5,211973.33333331667,39.13333333333333,293.31666666666666,6,{'lifecycle:transition': 'complete'},deviant
1008,Create Purchase Requisition,2011-05-28 08:26:59,2011-05-28 08:26:59,2011-05-28 08:49:59,Fjodor Kowalski,42,0.1258027956176804,0,1,8,5,212186.99999998332,212186.99999998332,506.98333333333335,6,{'lifecycle:transition': 'complete'},deviant
1009,Create Purchase Requisition,2011-05-28 09:29:59,2011-05-28 09:29:59,2011-05-28 09:51:59,Christian Francois,43,0.1258027956176804,0,1,9,5,212249.99999998332,212249.99999998332,569.9833333333333,6,{'lifecycle:transition': 'complete'},deviant
1008,Create Request for Quotation,2011-05-28 08:49:59,2011-05-28 12:23:42,2011-05-28 12:32:42,Miu Hanwan,42,0.04731771817151492,0,2,12,5,212423.71666665,236.71666666666667,743.7,6,{'lifecycle:transition': 'complete'},deviant
1009,Create Request for Quotation,2011-05-28 09:51:59,2011-05-28 13:32:39,2011-05-28 13:41:39,Immanuel Karagianni,43,0.04731771817151492,0,2,13,5,212492.66666665,242.66666666666666,812.65,6,{'lifecycle:transition': 'complete'},deviant
1011,Create Purchase Requisition,2011-05-28 13:19:59,2011-05-28 13:19:59,2011-05-28 13:58:59,Fjodor Kowalski,44,0.1258027956176804,0,1,13,5,212479.99999998332,212479.99999998332,799.9833333333333,6,{'lifecycle:transition': 'complete'},deviant
1011,Create Request for Quotation,2011-05-28 13:58:59,2011-05-28 17:46:47,2011-05-28 17:59:47,Miu Hanwan,44,0.04731771817151492,0,2,17,5,212746.79999998334,266.8,1066.7833333333333,6,{'lifecycle:transition': 'complete'},deviant
1015,Create Purchase Requisition,2011-05-28 20:49:59,2011-05-28 20:49:59,2011-05-28 21:04:59,Alberto Duport,45,0.1258027956176804,0,1,20,5,212929.99999998332,212929.99999998332,1249.9833333333333,6,{'lifecycle:transition': 'complete'},deviant
1018,Create Purchase Requisition,2011-05-28 23:38:59,2011-05-28 23:38:59,2011-05-29 00:15:59,Penn Osterwalder,46,0.1258027956176804,0,1,23,5,213098.99999998332,213098.99999998332,1418.9833333333333,6,{'lifecycle:transition': 'complete'},deviant
1020,Create Purchase Requisition,2011-05-29 01:55:59,2011-05-29 01:55:59,2011-05-29 02:27:59,Immanuel Karagianni,47,0.1258027956176804,0,1,1,5,213235.99999998332,213235.99999998332,115.98333333333333,7,{'lifecycle:transition': 'complete'},regular
1021,Create Purchase Requisition,2011-05-29 02:05:59,2011-05-29 02:05:59,2011-05-29 02:33:59,Esmana Liubiata,48,0.1258027956176804,0,1,2,5,213245.99999998332,213245.99999998332,125.98333333333333,7,{'lifecycle:transition': 'complete'},deviant
1022,Create Purchase Requisition,2011-05-29 03:30:59,2011-05-29 03:30:59,2011-05-29 04:10:59,Kim Passa,49,0.1258027956176804,0,1,3,5,213330.99999998332,213330.99999998332,210.98333333333332,7,{'lifecycle:transition': 'complete'},deviant
1023,Create Purchase Requisition,2011-05-29 05:28:59,2011-05-29 05:28:59,2011-05-29 05:56:59,Clement Duchot,50,0.1258027956176804,0,1,5,5,213448.99999998332,213448.99999998332,328.98333333333335,7,{'lifecycle:transition': 'complete'},deviant
1021,Create Request for Quotation,2011-05-29 02:33:59,2011-05-29 08:15:18,2011-05-29 08:24:18,Anna Kaufmann,48,0.04731771817151492,0,2,8,5,213615.31666665,369.31666666666666,495.3,7,{'lifecycle:transition': 'complete'},deviant
1018,Create Request for Quotation,2011-05-29 00:15:59,2011-05-29 09:02:53,2011-05-29 09:08:53,Nico Ojenbeer,46,0.04731771817151492,0,2,9,5,213662.89999998332,563.9,542.8833333333333,7,{'lifecycle:transition': 'complete'},deviant
1022,Create Request for Quotation,2011-05-29 04:10:59,2011-05-29 10:15:04,2011-05-29 10:26:04,Tesca Lobes,49,0.04731771817151492,0,2,10,5,213735.08333331667,404.0833333333333,615.0666666666667,7,{'lifecycle:transition': 'complete'},deviant
1025,Create Purchase Requisition,2011-05-29 13:03:59,2011-05-29 13:03:59,2011-05-29 13:24:59,Elvira Lores,51,0.1258027956176804,0,1,13,5,213903.99999998332,213903.99999998332,783.9833333333333,7,{'lifecycle:transition': 'complete'},deviant
1008,Analyze Request for Quotation,2011-05-28 12:32:42,2011-05-29 20:12:23,2011-05-29 20:43:23,Magdalena Predutta,43,0.1774650547789951,0,3,20,5,214332.39999998332,1908.6833333333334,1212.3833333333334,7,{'lifecycle:transition': 'complete'},deviant
1009,Analyze Request for Quotation,2011-05-28 13:41:39,2011-05-29 21:56:35,2011-05-29 22:19:35,Karel de Groot,44,0.1774650547789951,0,3,21,5,214436.59999998333,1943.9333333333334,1316.5833333333333,7,{'lifecycle:transition': 'complete'},deviant
1015,Analyze Purchase Requisition,2011-05-28 21:04:59,2011-05-29 23:08:57,2011-05-29 23:12:57,Heinz Gutschmidt,45,0.03333962976955043,0,2,23,5,214508.96666665,1578.9666666666667,1388.95,7,{'lifecycle:transition': 'complete'},deviant
1020,Analyze Purchase Requisition,2011-05-29 02:27:59,2011-05-30 01:34:03,2011-05-30 01:39:03,Heinz Gutschmidt,48,0.03333962976955043,0,2,1,5,214654.06666665,1418.0666666666666,94.05,1,{'lifecycle:transition': 'complete'},regular
1020,Create Request for Quotation,2011-05-30 01:39:03,2011-05-30 02:00:45,2011-05-30 02:01:45,Maris Freeman,49,0.04731771817151492,0,3,2,5,214680.76666665,26.7,120.75,1,{'lifecycle:transition': 'complete'},regular
1011,Analyze Request for Quotation,2011-05-28 17:59:47,2011-05-30 02:28:33,2011-05-30 02:42:33,Francois de Perrier,44,0.1774650547789951,0,3,2,5,214708.56666665,1961.7666666666667,148.55,1,{'lifecycle:transition': 'complete'},deviant
1009,Amend Request for Quotation,2011-05-29 22:19:35,2011-05-30 02:38:00,2011-05-30 02:46:00,Kim Passa,50,0.057329051756705704,0,4,2,5,214718.01666665,281.4166666666667,158.0,1,{'lifecycle:transition': 'complete'},deviant
1023,Analyze Purchase Requisition,2011-05-29 05:56:59,2011-05-30 05:23:30,2011-05-30 05:31:30,Heinz Gutschmidt,50,0.03333962976955043,0,2,5,5,214883.51666665,1434.5166666666667,323.5,1,{'lifecycle:transition': 'complete'},deviant
1011,Amend Request for Quotation,2011-05-30 02:42:33,2011-05-30 06:49:25,2011-05-30 06:56:25,Miu Hanwan,49,0.057329051756705704,0,4,6,5,214969.43333331667,260.8666666666667,409.4166666666667,1,{'lifecycle:transition': 'complete'},deviant
1009,Analyze Request for Quotation,2011-05-30 02:46:00,2011-05-30 11:36:46,2011-05-30 12:00:46,Francois de Perrier,49,0.1774650547789951,0,5,11,5,215256.78333331665,538.7666666666667,696.7666666666667,1,{'lifecycle:transition': 'complete'},deviant
1018,Analyze Request for Quotation,2011-05-29 09:08:53,2011-05-30 12:00:46,2011-05-30 12:39:46,Francois de Perrier,50,0.1774650547789951,0,3,11,5,215268.84999998333,1605.95,708.8333333333334,1,{'lifecycle:transition': 'complete'},deviant
1025,Analyze Purchase Requisition,2011-05-29 13:24:59,2011-05-30 12:59:23,2011-05-30 13:04:23,Maris Freeman,51,0.03333962976955043,0,2,12,5,215339.39999998332,1435.4,779.3833333333333,1,{'lifecycle:transition': 'complete'},deviant
1009,Amend Request for Quotation,2011-05-30 12:00:46,2011-05-30 13:00:08,2011-05-30 13:09:08,Immanuel Karagianni,48,0.057329051756705704,0,6,13,5,215340.14999998332,83.36666666666666,780.1333333333333,1,{'lifecycle:transition': 'complete'},deviant
1004,Analyze Request for Quotation,2011-05-28 04:54:19,2011-05-30 12:39:46,2011-05-30 13:14:46,Francois de Perrier,41,0.1774650547789951,0,4,12,5,215280.81666665,3307.483333333333,720.8,1,{'lifecycle:transition': 'complete'},deviant
1025,Create Request for Quotation,2011-05-30 13:04:23,2011-05-30 13:26:18,2011-05-30 13:28:18,Francis Odell,48,0.04731771817151492,0,3,13,5,215366.31666665,26.916666666666668,806.3,1,{'lifecycle:transition': 'complete'},deviant
1021,Analyze Request for Quotation,2011-05-29 08:24:18,2011-05-30 15:00:39,2011-05-30 15:25:39,Francois de Perrier,50,0.1774650547789951,0,3,15,5,215460.66666665,1845.35,900.65,1,{'lifecycle:transition': 'complete'},deviant
1018,Amend Request for Quotation,2011-05-30 12:39:46,2011-05-30 16:06:13,2011-05-30 16:28:13,Maris Freeman,48,0.057329051756705704,0,4,16,5,215526.23333331666,257.3833333333333,966.2166666666667,1,{'lifecycle:transition': 'complete'},deviant
1011,Analyze Request for Quotation,2011-05-30 06:56:25,2011-05-30 16:15:23,2011-05-30 16:34:23,Karel de Groot,48,0.1774650547789951,0,5,16,5,215535.39999998332,565.9666666666667,975.3833333333333,1,{'lifecycle:transition': 'complete'},deviant
1022,Analyze Request for Quotation,2011-05-29 10:26:04,2011-05-30 17:10:07,2011-05-30 17:41:07,Magdalena Predutta,50,0.1774650547789951,0,3,17,5,215590.13333331665,1855.05,1030.1166666666666,1,{'lifecycle:transition': 'complete'},deviant
1011,Amend Request for Quotation,2011-05-30 16:34:23,2011-05-30 17:36:25,2011-05-30 17:41:25,Fjodor Kowalski,46,0.057329051756705704,0,6,17,5,215616.43333331667,81.03333333333333,1056.4166666666667,1,{'lifecycle:transition': 'complete'},deviant
1031,Create Purchase Requisition,2011-05-30 17:37:59,2011-05-30 17:37:59,2011-05-30 17:56:59,Anne Olwada,47,0.1258027956176804,0,1,17,5,215617.99999998332,215617.99999998332,1057.9833333333333,1,{'lifecycle:transition': 'complete'},deviant
1031,Create Request for Quotation,2011-05-30 17:56:59,2011-05-30 23:19:49,2011-05-30 23:25:49,Penn Osterwalder,46,0.04731771817151492,0,2,23,5,215959.83333331667,341.8333333333333,1399.8166666666666,1,{'lifecycle:transition': 'complete'},deviant
1033,Create Purchase Requisition,2011-05-31 06:37:59,2011-05-31 06:37:59,2011-05-31 07:04:59,Anne Olwada,47,0.1258027956176804,0,1,6,5,216397.99999998332,216397.99999998332,397.98333333333335,2,{'lifecycle:transition': 'complete'},regular
1020,Analyze Request for Quotation,2011-05-30 02:01:45,2011-05-31 10:22:47,2011-05-31 10:42:47,Magdalena Predutta,49,0.1774650547789951,0,4,10,5,216622.79999998334,1942.0333333333333,622.7833333333333,2,{'lifecycle:transition': 'complete'},regular
1020,Amend Request for Quotation,2011-05-31 10:42:47,2011-05-31 11:17:48,2011-05-31 11:23:48,Anne Olwada,47,0.057329051756705704,0,5,11,5,216677.81666665,55.016666666666666,677.8,2,{'lifecycle:transition': 'complete'},regular
1009,Analyze Request for Quotation,2011-05-30 13:09:08,2011-05-31 13:04:41,2011-05-31 13:31:41,Francois de Perrier,48,0.1774650547789951,0,7,13,5,216784.69999998334,1444.55,784.6833333333333,2,{'lifecycle:transition': 'complete'},deviant
1035,Create Purchase Requisition,2011-05-31 13:36:59,2011-05-31 13:36:59,2011-05-31 13:54:59,Penn Osterwalder,48,0.1258027956176804,0,1,13,5,216816.99999998332,216816.99999998332,816.9833333333333,2,{'lifecycle:transition': 'complete'},deviant
1009,Amend Request for Quotation,2011-05-31 13:31:41,2011-05-31 13:57:44,2011-05-31 14:07:44,Anne Olwada,47,0.057329051756705704,0,8,13,5,216837.74999998332,53.05,837.7333333333333,2,{'lifecycle:transition': 'complete'},deviant
1011,Analyze Request for Quotation,2011-05-30 17:41:25,2011-05-31 14:07:49,2011-05-31 14:32:49,Magdalena Predutta,46,0.1774650547789951,0,7,14,5,216847.83333331667,1231.4,847.8166666666667,2,{'lifecycle:transition': 'complete'},deviant
1011,Amend Request for Quotation,2011-05-31 14:32:49,2011-05-31 15:00:03,2011-05-31 15:09:03,Christian Francois,48,0.057329051756705704,0,8,15,5,216900.06666665,52.233333333333334,900.05,2,{'lifecycle:transition': 'complete'},deviant
1033,Create Request for Quotation,2011-05-31 07:04:59,2011-05-31 17:59:37,2011-05-31 18:10:37,Fjodor Kowalski,47,0.04731771817151492,0,2,17,5,217079.63333331665,681.6333333333333,1079.6166666666666,2,{'lifecycle:transition': 'complete'},regular
1018,Analyze Request for Quotation,2011-05-30 16:28:13,2011-05-31 18:35:53,2011-05-31 18:43:53,Francois de Perrier,46,0.1774650547789951,0,5,18,5,217115.89999998332,1589.6666666666667,1115.8833333333334,2,{'lifecycle:transition': 'complete'},deviant
1018,Amend Request for Quotation,2011-05-31 18:43:53,2011-05-31 19:19:22,2011-05-31 19:28:22,Christian Francois,48,0.057329051756705704,0,6,19,5,217159.38333331665,43.483333333333334,1159.3666666666666,2,{'lifecycle:transition': 'complete'},deviant
1025,Analyze Request for Quotation,2011-05-30 13:28:18,2011-05-31 21:14:09,2011-05-31 21:42:09,Francois de Perrier,47,0.1774650547789951,0,4,21,5,217274.16666665,1907.85,1274.15,2,{'lifecycle:transition': 'complete'},deviant
1025,Amend Request for Quotation,2011-05-31 21:42:09,2011-05-31 22:17:26,2011-05-31 22:22:26,Kim Passa,48,0.057329051756705704,0,5,22,5,217337.44999998334,63.28333333333333,1337.4333333333334,2,{'lifecycle:transition': 'complete'},deviant
1031,Analyze Request for Quotation,2011-05-30 23:25:49,2011-06-01 08:52:06,2011-06-01 09:09:06,Francois de Perrier,46,0.1774650547789951,0,3,8,6,217972.11666665,2012.2833333333333,532.1,3,{'lifecycle:transition': 'complete'},deviant
1041,Create Purchase Requisition,2011-06-01 14:46:59,2011-06-01 14:46:59,2011-06-01 14:53:59,Anna Kaufmann,49,0.1258027956176804,0,1,14,6,218326.99999998332,218326.99999998332,886.9833333333333,3,{'lifecycle:transition': 'complete'},deviant
1035,Analyze Purchase Requisition,2011-05-31 13:54:59,2011-06-01 15:10:22,2011-06-01 15:17:22,Francis Odell,48,0.03333962976955043,0,2,15,6,218350.38333331665,1533.3833333333334,910.3666666666667,3,{'lifecycle:transition': 'complete'},deviant
1035,Create Request for Quotation,2011-06-01 15:17:22,2011-06-01 15:39:30,2011-06-01 15:42:30,Francis Odell,49,0.04731771817151492,0,3,15,6,218379.51666665,29.133333333333333,939.5,3,{'lifecycle:transition': 'complete'},deviant
1042,Create Purchase Requisition,2011-06-01 18:02:59,2011-06-01 18:02:59,2011-06-01 18:36:59,Miu Hanwan,50,0.1258027956176804,0,1,18,6,218522.99999998332,218522.99999998332,1082.9833333333333,3,{'lifecycle:transition': 'complete'},regular
1009,Analyze Request for Quotation,2011-05-31 14:07:44,2011-06-02 00:57:38,2011-06-02 01:19:38,Karel de Groot,48,0.1774650547789951,0,9,0,6,218937.64999998332,2099.9,57.63333333333333,4,{'lifecycle:transition': 'complete'},deviant
1020,Analyze Request for Quotation,2011-05-31 11:23:48,2011-06-02 02:03:07,2011-06-02 02:31:07,Francois de Perrier,47,0.1774650547789951,0,6,2,6,219003.13333331665,2325.3166666666666,123.11666666666666,4,{'lifecycle:transition': 'complete'},regular
1031,Send Request for Quotation to Supplier,2011-06-01 09:09:06,2011-06-02 02:31:07,2011-06-02 02:59:07,Francois de Perrier,48,0.07225160559123536,0,4,2,6,219004.58333331667,1032.4666666666667,124.56666666666666,4,{'lifecycle:transition': 'complete'},deviant
1009,Amend Request for Quotation,2011-06-02 01:19:38,2011-06-02 04:05:39,2011-06-02 04:18:39,Heinz Gutschmidt,50,0.057329051756705704,0,10,4,6,219125.66666665,188.01666666666668,245.65,4,{'lifecycle:transition': 'complete'},deviant
1033,Analyze Request for Quotation,2011-05-31 18:10:37,2011-06-02 04:26:18,2011-06-02 04:37:18,Magdalena Predutta,48,0.1774650547789951,0,3,4,6,219146.31666665,2066.6833333333334,266.3,4,{'lifecycle:transition': 'complete'},regular
1011,Analyze Request for Quotation,2011-05-31 15:09:03,2011-06-02 04:27:00,2011-06-02 04:55:00,Francois de Perrier,48,0.1774650547789951,0,9,4,6,219147.01666665,2246.95,267.0,4,{'lifecycle:transition': 'complete'},deviant
1044,Create Purchase Requisition,2011-06-02 05:44:59,2011-06-02 05:44:59,2011-06-02 05:52:59,Esmana Liubiata,50,0.1258027956176804,0,1,5,6,219224.99999998332,219224.99999998332,344.98333333333335,4,{'lifecycle:transition': 'complete'},regular
1033,Amend Request for Quotation,2011-06-02 04:37:18,2011-06-02 06:03:07,2011-06-02 06:16:07,Immanuel Karagianni,49,0.057329051756705704,0,4,6,6,219243.13333331665,96.81666666666666,363.1166666666667,4,{'lifecycle:transition': 'complete'},regular
1018,Analyze Request for Quotation,2011-05-31 19:28:22,2011-06-02 06:04:38,2011-06-02 06:20:38,Francois de Perrier,48,0.1774650547789951,0,7,6,6,219244.64999998332,2085.266666666667,364.6333333333333,4,{'lifecycle:transition': 'complete'},deviant
1011,Amend Request for Quotation,2011-06-02 04:55:00,2011-06-02 06:46:37,2011-06-02 06:55:37,Esmana Liubiata,49,0.057329051756705704,0,10,6,6,219286.63333331665,139.61666666666667,406.6166666666667,4,{'lifecycle:transition': 'complete'},deviant
1018,Amend Request for Quotation,2011-06-02 06:20:38,2011-06-02 06:40:23,2011-06-02 06:56:23,Heinz Gutschmidt,50,0.057329051756705704,0,8,6,6,219280.39999998332,35.75,400.3833333333333,4,{'lifecycle:transition': 'complete'},deviant
1041,Create Request for Quotation,2011-06-01 14:53:59,2011-06-02 09:42:09,2011-06-02 09:46:09,Nico Ojenbeer,49,0.04731771817151492,0,2,9,6,219462.16666665,1135.1666666666667,582.15,4,{'lifecycle:transition': 'complete'},deviant
1047,Create Purchase Requisition,2011-06-02 11:48:59,2011-06-02 11:48:59,2011-06-02 12:15:59,Kim Passa,50,0.1258027956176804,0,1,11,6,219588.99999998332,219588.99999998332,708.9833333333333,4,{'lifecycle:transition': 'complete'},deviant
1025,Analyze Request for Quotation,2011-05-31 22:22:26,2011-06-02 13:23:07,2011-06-02 13:46:07,Magdalena Predutta,48,0.1774650547789951,0,6,13,6,219683.13333331665,2345.6833333333334,803.1166666666667,4,{'lifecycle:transition': 'complete'},deviant
1025,Amend Request for Quotation,2011-06-02 13:46:07,2011-06-02 14:09:12,2011-06-02 14:22:12,Esmana Liubiata,50,0.057329051756705704,0,7,14,6,219729.21666665,46.083333333333336,849.2,4,{'lifecycle:transition': 'complete'},deviant
1048,Create Purchase Requisition,2011-06-02 14:37:59,2011-06-02 14:37:59,2011-06-02 14:51:59,Fjodor Kowalski,51,0.1258027956176804,0,1,14,6,219757.99999998332,219757.99999998332,877.9833333333333,4,{'lifecycle:transition': 'complete'},deviant
1031,Create Quotation comparison Map,2011-06-02 02:59:07,2011-06-02 13:20:07,2011-06-02 16:17:07,Francois de Perrier,50,0.4004533434076313,0,5,13,6,219680.13333331665,675.55,800.1166666666667,4,{'lifecycle:transition': 'complete'},deviant
1044,Create Request for Quotation,2011-06-02 05:52:59,2011-06-02 19:18:45,2011-06-02 19:28:45,Anne Olwada,50,0.04731771817151492,0,2,19,6,220038.76666665,813.7666666666667,1158.75,4,{'lifecycle:transition': 'complete'},regular
1020,Send Request for Quotation to Supplier,2011-06-02 02:31:07,2011-06-02 19:41:29,2011-06-02 20:10:29,Magdalena Predutta,50,0.07225160559123536,0,7,19,6,220061.49999998332,1058.3666666666666,1181.4833333333333,4,{'lifecycle:transition': 'complete'},regular
1031,Analyze Quotation Comparison Map,2011-06-02 16:17:07,2011-06-02 23:22:19,2011-06-02 23:32:19,Penn Osterwalder,51,0.0646014355874575,0,6,23,6,220282.33333331667,602.2,1402.3166666666666,4,{'lifecycle:transition': 'complete'},deviant
1031,Choose best option,2011-06-02 23:32:19,2011-06-03 00:08:12,2011-06-03 00:08:12,Christian Francois,51,0.0,0,7,0,6,220328.21666665,45.88333333333333,8.2,5,{'lifecycle:transition': 'complete'},deviant
1020,Create Quotation comparison Map,2011-06-02 20:10:29,2011-06-03 01:42:57,2011-06-03 06:06:57,Magdalena Predutta,51,0.4004533434076313,0,8,1,6,220422.96666665,361.46666666666664,102.95,5,{'lifecycle:transition': 'complete'},regular
1052,Create Purchase Requisition,2011-06-03 12:07:59,2011-06-03 12:07:59,2011-06-03 12:13:59,Penn Osterwalder,52,0.1258027956176804,0,1,12,6,221047.99999998332,221047.99999998332,727.9833333333333,5,{'lifecycle:transition': 'complete'},regular
1020,Analyze Quotation Comparison Map,2011-06-03 06:06:57,2011-06-03 13:07:48,2011-06-03 13:22:48,Christian Francois,51,0.0646014355874575,0,9,13,6,221107.81666665,684.85,787.8,5,{'lifecycle:transition': 'complete'},regular
1020,Choose best option,2011-06-03 13:22:48,2011-06-03 13:34:39,2011-06-03 13:34:39,Elvira Lores,52,0.0,0,10,13,6,221134.66666665,26.85,814.65,5,{'lifecycle:transition': 'complete'},regular
1018,Analyze Request for Quotation,2011-06-02 06:56:23,2011-06-03 14:16:45,2011-06-03 14:51:45,Magdalena Predutta,49,0.1774650547789951,0,9,14,6,221176.76666665,1896.3666666666666,856.75,5,{'lifecycle:transition': 'complete'},deviant
1042,Analyze Purchase Requisition,2011-06-01 18:36:59,2011-06-03 15:49:52,2011-06-03 15:57:52,Francis Odell,50,0.03333962976955043,0,2,15,6,221269.88333331665,2746.883333333333,949.8666666666667,5,{'lifecycle:transition': 'complete'},regular
1042,Create Request for Quotation,2011-06-03 15:57:52,2011-06-03 16:17:01,2011-06-03 16:18:01,Heinz Gutschmidt,51,0.04731771817151492,0,3,16,6,221297.03333331665,27.15,977.0166666666667,5,{'lifecycle:transition': 'complete'},regular
1025,Analyze Request for Quotation,2011-06-02 14:22:12,2011-06-03 16:35:29,2011-06-03 16:42:29,Karel de Groot,50,0.1774650547789951,0,8,16,6,221315.49999998332,1586.2833333333333,995.4833333333333,5,{'lifecycle:transition': 'complete'},deviant
1025,Amend Request for Quotation,2011-06-03 16:42:29,2011-06-03 17:09:21,2011-06-03 17:15:21,Anna Kaufmann,51,0.057329051756705704,0,9,17,6,221349.36666665,33.86666666666667,1029.35,5,{'lifecycle:transition': 'complete'},deviant
1052,Create Request for Quotation,2011-06-03 12:13:59,2011-06-03 17:27:49,2011-06-03 17:39:49,Nico Ojenbeer,52,0.04731771817151492,0,2,17,6,221367.83333331667,319.8333333333333,1047.8166666666666,5,{'lifecycle:transition': 'complete'},regular
1057,Create Purchase Requisition,2011-06-03 18:20:59,2011-06-03 18:20:59,2011-06-03 18:47:59,Esmana Liubiata,52,0.1258027956176804,0,1,18,6,221420.99999998332,221420.99999998332,1100.9833333333333,5,{'lifecycle:transition': 'complete'},deviant
1060,Create Purchase Requisition,2011-06-03 22:47:59,2011-06-03 22:47:59,2011-06-03 22:52:59,Esmana Liubiata,53,0.1258027956176804,0,1,22,6,221687.99999998332,221687.99999998332,1367.9833333333333,5,{'lifecycle:transition': 'complete'},deviant
1047,Analyze Purchase Requisition,2011-06-02 12:15:59,2011-06-03 22:52:31,2011-06-03 22:58:31,Maris Freeman,50,0.03333962976955043,0,2,22,6,221692.53333331665,2103.5333333333333,1372.5166666666667,5,{'lifecycle:transition': 'complete'},deviant
1047,Create Request for Quotation,2011-06-03 22:58:31,2011-06-03 23:24:49,2011-06-03 23:26:49,Francis Odell,53,0.04731771817151492,0,3,23,6,221724.83333331667,32.3,1404.8166666666666,5,{'lifecycle:transition': 'complete'},deviant
1048,Analyze Purchase Requisition,2011-06-02 14:51:59,2011-06-04 01:52:34,2011-06-04 02:01:34,Heinz Gutschmidt,51,0.03333962976955043,0,2,1,6,221872.58333331667,2114.5833333333335,112.56666666666666,6,{'lifecycle:transition': 'complete'},deviant
1048,Create Request for Quotation,2011-06-04 02:01:34,2011-06-04 02:31:38,2011-06-04 02:32:38,Maris Freeman,53,0.04731771817151492,0,3,2,6,221911.64999998332,39.06666666666667,151.63333333333333,6,{'lifecycle:transition': 'complete'},deviant
1060,Create Request for Quotation,2011-06-03 22:52:59,2011-06-04 04:14:52,2011-06-04 04:20:52,Penn Osterwalder,53,0.04731771817151492,0,2,4,6,222014.88333331665,326.8833333333333,254.86666666666667,6,{'lifecycle:transition': 'complete'},deviant
1063,Create Purchase Requisition,2011-06-04 06:15:59,2011-06-04 06:15:59,2011-06-04 07:09:59,Anne Olwada,54,0.1258027956176804,0,1,6,6,222135.99999998332,222135.99999998332,375.98333333333335,6,{'lifecycle:transition': 'complete'},deviant
1065,Create Purchase Requisition,2011-06-04 07:54:59,2011-06-04 07:54:59,2011-06-04 08:00:59,Immanuel Karagianni,55,0.1258027956176804,0,1,7,6,222234.99999998332,222234.99999998332,474.98333333333335,6,{'lifecycle:transition': 'complete'},deviant
1031,Settle Conditions With Supplier,2011-06-03 00:08:12,2011-06-03 23:02:41,2011-06-04 08:18:41,Francois de Perrier,51,0.8897808840196448,0,8,23,6,221702.69999998334,1374.4833333333333,1382.6833333333334,5,{'lifecycle:transition': 'complete'},deviant
1063,Create Request for Quotation,2011-06-04 07:09:59,2011-06-04 12:22:18,2011-06-04 12:33:18,Tesca Lobes,54,0.04731771817151492,0,2,12,6,222502.31666665,366.31666666666666,742.3,6,{'lifecycle:transition': 'complete'},deviant
1025,Analyze Request for Quotation,2011-06-03 17:15:21,2011-06-04 12:39:48,2011-06-04 12:47:48,Francois de Perrier,51,0.1774650547789951,0,10,12,6,222519.81666665,1170.45,759.8,6,{'lifecycle:transition': 'complete'},deviant
1066,Create Purchase Requisition,2011-06-04 12:44:59,2011-06-04 12:44:59,2011-06-04 13:23:59,Tesca Lobes,56,0.1258027956176804,0,1,12,6,222524.99999998332,222524.99999998332,764.9833333333333,6,{'lifecycle:transition': 'complete'},regular
1018,Send Request for Quotation to Supplier,2011-06-03 14:51:45,2011-06-04 13:43:49,2011-06-04 14:05:49,Magdalena Predutta,51,0.07225160559123536,0,10,13,6,222583.83333331667,1407.0666666666666,823.8166666666667,6,{'lifecycle:transition': 'complete'},deviant
1068,Create Purchase Requisition,2011-06-04 16:16:59,2011-06-04 16:16:59,2011-06-04 16:33:59,Anna Kaufmann,55,0.1258027956176804,0,1,16,6,222736.99999998332,222736.99999998332,976.9833333333333,6,{'lifecycle:transition': 'complete'},regular
1031,Create Purchase Order,2011-06-04 08:18:41,2011-06-04 16:29:57,2011-06-04 16:38:57,Francois de Perrier,55,0.048073290517567056,0,9,16,6,222749.96666665,1047.2666666666667,989.95,6,{'lifecycle:transition': 'complete'},deviant
4_CF,Create Purchase Requisition,2011-06-04 16:17:00,2011-06-04 16:33:59,2011-06-04 16:42:25,Anna Kaufmann,56,0.1258027956176804,0,1,16,6,222737.0116439167,222737.0116439167,977.0,6,{'lifecycle:transition': 'complete'},deviant
1041,Analyze Request for Quotation,2011-06-02 09:46:09,2011-06-04 17:48:02,2011-06-04 18:05:02,Francois de Perrier,49,0.1774650547789951,0,3,17,6,222828.04999998334,3365.883333333333,1068.0333333333333,6,{'lifecycle:transition': 'complete'},deviant
1057,Analyze Purchase Requisition,2011-06-03 18:47:59,2011-06-04 18:40:51,2011-06-04 18:44:51,Francis Odell,52,0.03333962976955043,0,2,18,6,222880.86666665,1459.8666666666666,1120.85,6,{'lifecycle:transition': 'complete'},deviant
1041,Amend Request for Quotation,2011-06-04 18:05:02,2011-06-04 21:19:15,2011-06-04 21:28:15,Kim Passa,56,0.057329051756705704,0,4,21,6,223039.26666665,211.21666666666667,1279.25,6,{'lifecycle:transition': 'complete'},deviant
4_CF,Create Request for Quotation,2011-06-04 16:42:25,2011-06-04 21:52:16,2011-06-04 22:10:32,Fjodor Kowalski,56,0.04731771817151492,0,2,21,6,223072.28333331665,335.27168939999996,1312.2666666666667,6,{'lifecycle:transition': 'complete'},deviant
1068,Create Request for Quotation,2011-06-04 16:33:59,2011-06-04 22:10:32,2011-06-04 22:20:32,Fjodor Kowalski,56,0.04731771817151492,0,2,22,6,223080.69999998334,343.7,1320.6833333333334,6,{'lifecycle:transition': 'complete'},regular
1033,Analyze Request for Quotation,2011-06-02 06:16:07,2011-06-04 22:13:12,2011-06-04 22:28:12,Magdalena Predutta,50,0.1774650547789951,0,5,22,6,223093.21666665,3850.0833333333335,1333.2,6,{'lifecycle:transition': 'complete'},regular
1035,Analyze Request for Quotation,2011-06-01 15:42:30,2011-06-05 00:13:58,2011-06-05 00:33:58,Francois de Perrier,49,0.1774650547789951,0,4,0,6,223213.98333331666,4834.466666666666,13.966666666666667,7,{'lifecycle:transition': 'complete'},deviant
1044,Analyze Request for Quotation,2011-06-02 19:28:45,2011-06-05 05:55:50,2011-06-05 06:02:50,Francois de Perrier,51,0.1774650547789951,0,3,5,6,223555.84999998333,3517.0833333333335,355.8333333333333,7,{'lifecycle:transition': 'complete'},regular
1044,Amend Request for Quotation,2011-06-05 06:02:50,2011-06-05 09:34:28,2011-06-05 09:47:28,Miu Hanwan,55,0.057329051756705704,0,4,9,6,223774.48333331666,218.63333333333333,574.4666666666667,7,{'lifecycle:transition': 'complete'},regular
1065,Analyze Purchase Requisition,2011-06-04 08:00:59,2011-06-05 12:46:34,2011-06-05 12:54:34,Maris Freeman,55,0.03333962976955043,0,2,12,6,223966.58333331667,1731.5833333333333,766.5666666666667,7,{'lifecycle:transition': 'complete'},deviant
1065,Create Request for Quotation,2011-06-05 12:54:34,2011-06-05 13:31:30,2011-06-05 13:34:30,Maris Freeman,55,0.04731771817151492,0,3,13,6,224011.51666665,44.93333333333333,811.5,7,{'lifecycle:transition': 'complete'},deviant
1033,Send Request for Quotation to Supplier,2011-06-04 22:28:12,2011-06-05 15:14:15,2011-06-05 15:32:15,Magdalena Predutta,55,0.07225160559123536,0,6,15,6,224114.26666665,1021.05,914.25,7,{'lifecycle:transition': 'complete'},regular
1052,Analyze Request for Quotation,2011-06-03 17:39:49,2011-06-05 16:10:00,2011-06-05 16:24:00,Francois de Perrier,51,0.1774650547789951,0,3,16,6,224170.01666665,2802.1833333333334,970.0,7,{'lifecycle:transition': 'complete'},regular
1031,Confirm Purchase Order,2011-06-04 16:38:57,2011-06-05 17:14:59,2011-06-05 17:38:59,Sean Manney,56,0.06752927842840951,0,10,17,6,224234.99999998332,1485.0333333333333,1034.9833333333333,7,{'lifecycle:transition': 'complete'},deviant
1066,Analyze Purchase Requisition,2011-06-04 13:23:59,2011-06-05 18:21:33,2011-06-05 18:28:33,Francis Odell,55,0.03333962976955043,0,2,18,6,224301.56666665,1776.5666666666666,1101.55,7,{'lifecycle:transition': 'complete'},regular
1066,Create Request for Quotation,2011-06-05 18:28:33,2011-06-05 19:05:37,2011-06-05 19:08:37,Maris Freeman,54,0.04731771817151492,0,3,19,6,224345.63333331665,44.06666666666667,1145.6166666666666,7,{'lifecycle:transition': 'complete'},regular
1052,Amend Request for Quotation,2011-06-05 16:24:00,2011-06-05 19:43:15,2011-06-05 19:51:15,Alberto Duport,55,0.057329051756705704,0,4,19,6,224383.26666665,213.25,1183.25,7,{'lifecycle:transition': 'complete'},regular
1060,Analyze Request for Quotation,2011-06-04 04:20:52,2011-06-05 20:13:07,2011-06-05 20:35:07,Francois de Perrier,53,0.1774650547789951,0,3,20,6,224413.13333331665,2398.25,1213.1166666666666,7,{'lifecycle:transition': 'complete'},deviant
1033,Create Quotation comparison Map,2011-06-05 15:32:15,2011-06-05 19:54:29,2011-06-05 20:36:29,Karel de Groot,55,0.4004533434076313,0,7,19,6,224394.49999998332,280.23333333333335,1194.4833333333333,7,{'lifecycle:transition': 'complete'},regular
1035,Send Request for Quotation to Supplier,2011-06-05 00:33:58,2011-06-05 21:42:40,2011-06-05 22:00:40,Francois de Perrier,55,0.07225160559123536,0,5,21,6,224502.68333331667,1288.7,1302.6666666666667,7,{'lifecycle:transition': 'complete'},deviant
1079,Create Purchase Requisition,2011-06-05 23:40:59,2011-06-05 23:40:59,2011-06-05 23:54:59,Penn Osterwalder,55,0.1258027956176804,0,1,23,6,224620.99999996665,224620.99999996665,1420.9833333333333,7,{'lifecycle:transition': 'complete'},deviant
1080,Create Purchase Requisition,2011-06-06 00:23:59,2011-06-06 00:23:59,2011-06-06 00:37:59,Christian Francois,56,0.1258027956176804,0,1,0,6,224663.99999996665,224663.99999996665,23.983333333333334,1,{'lifecycle:transition': 'complete'},regular
1033,Analyze Quotation Comparison Map,2011-06-05 20:36:29,2011-06-06 03:33:06,2011-06-06 03:44:06,Nico Ojenbeer,54,0.0646014355874575,0,8,3,6,224853.11666665,458.6166666666667,213.1,1,{'lifecycle:transition': 'complete'},regular
1033,Choose best option,2011-06-06 03:44:06,2011-06-06 03:45:35,2011-06-06 03:45:35,Miu Hanwan,56,0.0,0,9,3,6,224865.59999998333,12.483333333333333,225.58333333333334,1,{'lifecycle:transition': 'complete'},regular
1035,Create Quotation comparison Map,2011-06-05 22:00:40,2011-06-06 00:05:10,2011-06-06 05:23:10,Karel de Groot,54,0.4004533434076313,0,6,0,6,224645.18333331667,142.5,5.166666666666667,1,{'lifecycle:transition': 'complete'},deviant
1063,Analyze Request for Quotation,2011-06-04 12:33:18,2011-06-06 05:23:10,2011-06-06 05:55:10,Karel de Groot,55,0.1774650547789951,0,3,3,6,224861.99999998332,2359.6833333333334,221.98333333333332,1,{'lifecycle:transition': 'complete'},deviant
1042,Analyze Request for Quotation,2011-06-03 16:18:01,2011-06-06 09:33:09,2011-06-06 09:46:09,Karel de Groot,51,0.1774650547789951,0,4,9,6,225213.16666665,3916.133333333333,573.15,1,{'lifecycle:transition': 'complete'},regular
1042,Amend Request for Quotation,2011-06-06 09:46:09,2011-06-06 10:06:46,2011-06-06 10:12:46,Tesca Lobes,56,0.057329051756705704,0,5,10,6,225246.78333331665,33.61666666666667,606.7666666666667,1,{'lifecycle:transition': 'complete'},regular
1048,Analyze Request for Quotation,2011-06-04 02:32:38,2011-06-06 10:26:31,2011-06-06 10:41:31,Karel de Groot,53,0.1774650547789951,0,4,10,6,225266.53333331665,3354.883333333333,626.5166666666667,1,{'lifecycle:transition': 'complete'},deviant
1048,Amend Request for Quotation,2011-06-06 10:41:31,2011-06-06 11:07:41,2011-06-06 11:31:41,Maris Freeman,56,0.057329051756705704,0,5,11,6,225307.69999998334,41.166666666666664,667.6833333333333,1,{'lifecycle:transition': 'complete'},deviant
1035,Analyze Quotation Comparison Map,2011-06-06 05:23:10,2011-06-06 12:14:37,2011-06-06 12:32:37,Esmana Liubiata,56,0.0646014355874575,0,7,12,6,225374.63333331665,729.45,734.6166666666667,1,{'lifecycle:transition': 'complete'},deviant
1035,Choose best option,2011-06-06 12:32:37,2011-06-06 12:33:31,2011-06-06 12:33:31,Anne Olwada,56,0.0,0,8,12,6,225393.53333331665,18.9,753.5166666666667,1,{'lifecycle:transition': 'complete'},deviant
4_CF,Analyze Request for Quotation,2011-06-04 22:10:32,2011-06-06 13:51:23,2011-06-06 14:05:46,Magdalena Predutta,55,0.1774650547789951,0,3,13,6,225471.39999998332,2399.116666666667,831.3833333333333,1,{'lifecycle:transition': 'complete'},deviant
1068,Analyze Request for Quotation,2011-06-04 22:20:32,2011-06-06 14:15:34,2011-06-06 14:26:34,Magdalena Predutta,55,0.1774650547789951,0,3,14,6,225495.58333331667,2414.883333333333,855.5666666666667,1,{'lifecycle:transition': 'complete'},regular
1044,Analyze Request for Quotation,2011-06-05 09:47:28,2011-06-06 15:20:00,2011-06-06 15:32:00,Karel de Groot,55,0.1774650547789951,0,5,15,6,225560.01666665,1785.5333333333333,920.0,1,{'lifecycle:transition': 'complete'},regular
1060,Send Request for Quotation to Supplier,2011-06-05 20:35:07,2011-06-06 16:14:38,2011-06-06 16:41:38,Karel de Groot,54,0.07225160559123536,0,4,16,6,225614.64999998332,1201.5166666666667,974.6333333333333,1,{'lifecycle:transition': 'complete'},deviant
1041,Analyze Request for Quotation,2011-06-04 21:28:15,2011-06-06 16:40:31,2011-06-06 16:59:31,Francois de Perrier,55,0.1774650547789951,0,5,16,6,225640.53333331665,2601.266666666667,1000.5166666666667,1,{'lifecycle:transition': 'complete'},deviant
1068,Amend Request for Quotation,2011-06-06 14:26:34,2011-06-06 17:01:39,2011-06-06 17:07:39,Penn Osterwalder,56,0.057329051756705704,0,4,17,6,225661.66666665,166.08333333333334,1021.65,1,{'lifecycle:transition': 'complete'},regular
4_CF,Amend Request for Quotation,2011-06-06 14:05:46,2011-06-06 17:43:51,2011-06-06 18:02:34,Penn Osterwalder,56,0.057329051756705704,0,4,17,6,225703.86666665,232.46666666666667,1063.85,1,{'lifecycle:transition': 'complete'},deviant
1033,Settle Conditions With Supplier,2011-06-06 03:45:35,2011-06-06 15:42:39,2011-06-06 23:13:39,Magdalena Predutta,56,0.8897808840196448,0,10,15,6,225582.66666665,717.0666666666667,942.65,1,{'lifecycle:transition': 'complete'},regular
1085,Create Purchase Requisition,2011-06-06 22:23:59,2011-06-06 22:23:59,2011-06-06 23:18:59,Clement Duchot,56,0.1258027956176804,0,1,22,6,225983.99999996665,225983.99999996665,1343.9833333333333,1,{'lifecycle:transition': 'complete'},deviant
1063,Send Request for Quotation to Supplier,2011-06-06 05:55:10,2011-06-06 23:13:39,2011-06-06 23:25:39,Magdalena Predutta,56,0.07225160559123536,0,4,16,6,225652.53333331665,790.5333333333333,1012.5166666666667,1,{'lifecycle:transition': 'complete'},deviant
1035,Settle Conditions With Supplier,2011-06-06 12:33:31,2011-06-06 19:38:04,2011-06-06 23:35:04,Karel de Groot,56,0.8897808840196448,0,9,19,6,225818.08333331667,424.55,1178.0666666666666,1,{'lifecycle:transition': 'complete'},deviant
1047,Analyze Request for Quotation,2011-06-03 23:26:49,2011-06-06 23:35:04,2011-06-07 00:05:04,Karel de Groot,53,0.1774650547789951,0,4,19,6,225819.09999998333,4094.266666666667,1179.0833333333333,1,{'lifecycle:transition': 'complete'},deviant
1079,Analyze Purchase Requisition,2011-06-05 23:54:59,2011-06-07 00:02:30,2011-06-07 00:09:30,Maris Freeman,55,0.03333962976955043,0,2,0,6,226082.51666663334,1461.5166666666667,2.5,2,{'lifecycle:transition': 'complete'},deviant
1065,Analyze Request for Quotation,2011-06-05 13:34:30,2011-06-07 00:05:04,2011-06-07 00:26:04,Karel de Groot,55,0.1774650547789951,0,4,23,6,226065.99999998332,2054.483333333333,1425.9833333333333,1,{'lifecycle:transition': 'complete'},deviant
1080,Analyze Purchase Requisition,2011-06-06 00:37:59,2011-06-07 00:20:50,2011-06-07 00:29:50,Maris Freeman,56,0.03333962976955043,0,2,0,6,226100.84999996665,1436.85,20.833333333333332,2,{'lifecycle:transition': 'complete'},regular
1079,Create Request for Quotation,2011-06-07 00:09:30,2011-06-07 00:34:11,2011-06-07 00:37:11,Maris Freeman,54,0.04731771817151492,0,3,0,6,226114.19999996666,31.683333333333334,34.18333333333333,2,{'lifecycle:transition': 'complete'},deviant
1080,Create Request for Quotation,2011-06-07 00:29:50,2011-06-07 00:54:57,2011-06-07 00:56:57,Heinz Gutschmidt,54,0.04731771817151492,0,3,0,6,226134.96666663332,34.11666666666667,54.95,2,{'lifecycle:transition': 'complete'},regular
1065,Amend Request for Quotation,2011-06-07 00:26:04,2011-06-07 01:32:58,2011-06-07 01:52:58,Francis Odell,54,0.057329051756705704,0,5,1,6,226172.98333331666,106.98333333333333,92.96666666666667,2,{'lifecycle:transition': 'complete'},deviant
1052,Analyze Request for Quotation,2011-06-05 19:51:15,2011-06-07 02:42:58,2011-06-07 03:19:58,Karel de Groot,54,0.1774650547789951,0,5,2,6,226242.98333331666,1859.7166666666667,162.96666666666667,2,{'lifecycle:transition': 'complete'},regular
1060,Create Quotation comparison Map,2011-06-06 16:41:38,2011-06-06 23:25:39,2011-06-07 03:21:39,Magdalena Predutta,56,0.4004533434076313,0,5,20,6,225892.53333331665,277.8833333333333,1252.5166666666667,1,{'lifecycle:transition': 'complete'},deviant
1052,Amend Request for Quotation,2011-06-07 03:19:58,2011-06-07 03:54:28,2011-06-07 04:06:28,Fjodor Kowalski,54,0.057329051756705704,0,6,3,6,226314.48333331666,71.5,234.46666666666667,2,{'lifecycle:transition': 'complete'},regular
1063,Create Quotation comparison Map,2011-06-06 23:25:39,2011-06-07 01:32:38,2011-06-07 04:36:38,Francois de Perrier,55,0.4004533434076313,0,5,1,6,226172.64999998332,520.1166666666667,92.63333333333334,2,{'lifecycle:transition': 'complete'},deviant
1035,Create Purchase Order,2011-06-06 23:35:04,2011-06-07 04:36:38,2011-06-07 04:46:38,Francois de Perrier,55,0.048073290517567056,0,10,4,6,226335.68333331667,517.6,255.66666666666666,2,{'lifecycle:transition': 'complete'},deviant
1066,Analyze Request for Quotation,2011-06-05 19:08:37,2011-06-07 04:50:51,2011-06-07 05:11:51,Francois de Perrier,54,0.1774650547789951,0,4,4,6,226370.86666665,2025.2333333333333,290.85,2,{'lifecycle:transition': 'complete'},regular
1085,Create Request for Quotation,2011-06-06 23:18:59,2011-06-07 06:34:53,2011-06-07 06:49:53,Nico Ojenbeer,55,0.04731771817151492,0,2,6,6,226474.89999996667,490.9,394.8833333333333,2,{'lifecycle:transition': 'complete'},deviant
1088,Create Purchase Requisition,2011-06-07 07:50:59,2011-06-07 07:50:59,2011-06-07 08:33:59,Immanuel Karagianni,54,0.1258027956176804,0,1,7,6,226550.99999996665,226550.99999996665,470.98333333333335,2,{'lifecycle:transition': 'complete'},deviant
1048,Analyze Request for Quotation,2011-06-06 11:31:41,2011-06-07 09:54:44,2011-06-07 10:23:44,Francois de Perrier,56,0.1774650547789951,0,6,9,6,226674.74999998332,1367.05,594.7333333333333,2,{'lifecycle:transition': 'complete'},deviant
1060,Analyze Quotation Comparison Map,2011-06-07 03:21:39,2011-06-07 10:15:08,2011-06-07 10:30:08,Immanuel Karagianni,54,0.0646014355874575,0,6,10,6,226695.14999998332,802.6166666666667,615.1333333333333,2,{'lifecycle:transition': 'complete'},deviant
1060,Choose best option,2011-06-07 10:30:08,2011-06-07 10:31:51,2011-06-07 10:31:51,Miu Hanwan,54,0.0,0,7,10,6,226711.86666665,16.716666666666665,631.85,2,{'lifecycle:transition': 'complete'},deviant
1042,Analyze Request for Quotation,2011-06-06 10:12:46,2011-06-07 10:32:38,2011-06-07 10:52:38,Magdalena Predutta,56,0.1774650547789951,0,6,10,6,226712.64999998332,1465.8666666666666,632.6333333333333,2,{'lifecycle:transition': 'complete'},regular
1048,Amend Request for Quotation,2011-06-07 10:23:44,2011-06-07 10:49:59,2011-06-07 11:07:59,Heinz Gutschmidt,54,0.057329051756705704,0,7,10,6,226729.99999998332,55.25,649.9833333333333,2,{'lifecycle:transition': 'complete'},deviant
1042,Amend Request for Quotation,2011-06-07 10:52:38,2011-06-07 11:21:28,2011-06-07 11:28:28,Elvira Lores,54,0.057329051756705704,0,7,11,6,226761.48333331666,48.833333333333336,681.4666666666667,2,{'lifecycle:transition': 'complete'},regular
1044,Send Request for Quotation to Supplier,2011-06-06 15:32:00,2011-06-07 11:16:14,2011-06-07 11:35:14,Karel de Groot,56,0.07225160559123536,0,6,11,6,226756.24999998332,1196.2333333333333,676.2333333333333,2,{'lifecycle:transition': 'complete'},regular
1063,Analyze Quotation Comparison Map,2011-06-07 04:36:38,2011-06-07 11:30:29,2011-06-07 11:55:29,Penn Osterwalder,54,0.0646014355874575,0,6,11,6,226770.49999998332,597.85,690.4833333333333,2,{'lifecycle:transition': 'complete'},deviant
1063,Choose best option,2011-06-07 11:55:29,2011-06-07 12:00:17,2011-06-07 12:00:17,Elvira Lores,54,0.0,0,7,12,6,226800.29999998334,29.8,720.2833333333333,2,{'lifecycle:transition': 'complete'},deviant
1068,Analyze Request for Quotation,2011-06-06 17:07:39,2011-06-07 12:14:46,2011-06-07 12:51:46,Francois de Perrier,55,0.1774650547789951,0,5,12,6,226814.78333331665,1153.1166666666666,734.7666666666667,2,{'lifecycle:transition': 'complete'},regular
4_CF,Analyze Request for Quotation,2011-06-06 18:02:34,2011-06-07 12:57:21,2011-06-07 13:08:45,Francois de Perrier,55,0.1774650547789951,0,5,12,6,226857.36666665,1153.5,777.35,2,{'lifecycle:transition': 'complete'},deviant
1068,Amend Request for Quotation,2011-06-07 12:51:46,2011-06-07 13:17:47,2011-06-07 13:35:47,Maris Freeman,54,0.057329051756705704,0,6,13,6,226877.79999998334,63.016666666666666,797.7833333333333,2,{'lifecycle:transition': 'complete'},regular
4_CF,Amend Request for Quotation,2011-06-07 13:08:45,2011-06-07 13:38:04,2011-06-07 13:55:01,Maris Freeman,54,0.057329051756705704,0,6,13,6,226898.08333331667,40.71666666666667,818.0666666666667,2,{'lifecycle:transition': 'complete'},deviant
1088,Create Request for Quotation,2011-06-07 08:33:59,2011-06-07 20:22:33,2011-06-07 20:33:33,Esmana Liubiata,54,0.04731771817151492,0,2,20,6,227302.56666663333,751.5666666666667,1222.55,2,{'lifecycle:transition': 'complete'},deviant
1090,Create Purchase Requisition,2011-06-07 19:48:59,2011-06-07 19:48:59,2011-06-07 20:43:59,Tesca Lobes,55,0.1258027956176804,0,1,19,6,227268.99999996665,227268.99999996665,1188.9833333333333,2,{'lifecycle:transition': 'complete'},deviant
1044,Create Quotation comparison Map,2011-06-07 11:35:14,2011-06-07 17:00:07,2011-06-07 21:36:07,Francois de Perrier,54,0.4004533434076313,0,7,17,6,227100.13333331665,343.8833333333333,1020.1166666666667,2,{'lifecycle:transition': 'complete'},regular
1094,Create Purchase Requisition,2011-06-08 02:35:59,2011-06-08 02:35:59,2011-06-08 02:54:59,Anna Kaufmann,56,0.1258027956176804,0,1,2,6,227675.99999996665,227675.99999996665,155.98333333333332,3,{'lifecycle:transition': 'complete'},deviant
1044,Analyze Quotation Comparison Map,2011-06-07 21:36:07,2011-06-08 04:27:51,2011-06-08 04:55:51,Anne Olwada,55,0.0646014355874575,0,8,4,6,227787.86666665,687.7333333333333,267.85,3,{'lifecycle:transition': 'complete'},regular
1044,Choose best option,2011-06-08 04:55:51,2011-06-08 05:10:35,2011-06-08 05:10:35,Kim Passa,56,0.0,0,9,5,6,227830.59999998333,42.733333333333334,310.5833333333333,3,{'lifecycle:transition': 'complete'},regular
1060,Settle Conditions With Supplier,2011-06-07 10:31:51,2011-06-07 21:36:07,2011-06-08 07:07:07,Francois de Perrier,54,0.8897808840196448,0,8,19,6,227260.01666665,548.15,1180.0,2,{'lifecycle:transition': 'complete'},deviant
1066,Send Request for Quotation to Supplier,2011-06-07 05:11:51,2011-06-08 07:07:07,2011-06-08 07:28:07,Francois de Perrier,53,0.07225160559123536,0,5,2,6,227660.01666665,1289.15,140.0,3,{'lifecycle:transition': 'complete'},regular
1090,Create Request for Quotation,2011-06-07 20:43:59,2011-06-08 08:40:29,2011-06-08 08:49:29,Anna Kaufmann,55,0.04731771817151492,0,2,8,6,228040.49999996665,771.5,520.4833333333333,3,{'lifecycle:transition': 'complete'},deviant
1065,Analyze Request for Quotation,2011-06-07 01:52:58,2011-06-08 09:50:52,2011-06-08 10:28:52,Karel de Groot,54,0.1774650547789951,0,6,9,6,228110.88333331665,1937.9,590.8666666666667,3,{'lifecycle:transition': 'complete'},deviant
1065,Amend Request for Quotation,2011-06-08 10:28:52,2011-06-08 10:55:49,2011-06-08 11:02:49,Kim Passa,56,0.057329051756705704,0,7,10,6,228175.83333331667,64.95,655.8166666666667,3,{'lifecycle:transition': 'complete'},deviant
1066,Create Quotation comparison Map,2011-06-08 07:28:07,2011-06-08 18:40:52,2011-06-08 23:03:52,Magdalena Predutta,56,0.4004533434076313,0,6,18,6,228640.88333331665,980.8666666666667,1120.8666666666666,3,{'lifecycle:transition': 'complete'},regular
1080,Analyze Request for Quotation,2011-06-07 00:56:57,2011-06-08 23:03:52,2011-06-08 23:14:52,Magdalena Predutta,54,0.1774650547789951,0,4,19,6,228717.23333329998,2582.266666666667,1197.2166666666667,3,{'lifecycle:transition': 'complete'},regular
1048,Analyze Request for Quotation,2011-06-07 11:07:59,2011-06-08 23:14:52,2011-06-08 23:43:52,Magdalena Predutta,54,0.1774650547789951,0,8,22,6,228897.43333331667,2167.4333333333334,1377.4166666666667,3,{'lifecycle:transition': 'complete'},deviant
1048,Amend Request for Quotation,2011-06-08 23:43:52,2011-06-09 00:02:50,2011-06-09 00:14:50,Christian Francois,56,0.057329051756705704,0,9,0,6,228962.84999998333,65.41666666666667,2.8333333333333335,4,{'lifecycle:transition': 'complete'},deviant
1063,Settle Conditions With Supplier,2011-06-07 12:00:17,2011-06-08 15:07:06,2011-06-09 01:34:06,Francois de Perrier,54,0.8897808840196448,0,8,15,6,228427.11666665,1626.8166666666666,907.1,3,{'lifecycle:transition': 'complete'},deviant
1060,Create Purchase Order,2011-06-08 07:07:07,2011-06-09 01:34:06,2011-06-09 01:44:06,Francois de Perrier,56,0.048073290517567056,1,9,19,6,228680.66666665,1420.65,1160.65,3,{'lifecycle:transition': 'complete'},deviant
1052,Analyze Request for Quotation,2011-06-07 04:06:28,2011-06-09 01:44:06,2011-06-09 01:50:06,Francois de Perrier,54,0.1774650547789951,0,7,21,6,228782.28333331665,2467.8,1262.2666666666667,3,{'lifecycle:transition': 'complete'},regular
1085,Analyze Request for Quotation,2011-06-07 06:49:53,2011-06-09 01:50:06,2011-06-09 02:07:06,Francois de Perrier,53,0.1774650547789951,0,3,22,6,228847.48333329998,2372.5833333333335,1327.4666666666667,3,{'lifecycle:transition': 'complete'},deviant
1052,Amend Request for Quotation,2011-06-09 01:50:06,2011-06-09 02:10:55,2011-06-09 02:17:55,Anne Olwada,56,0.057329051756705704,0,8,2,6,229090.93333331667,308.65,130.91666666666666,4,{'lifecycle:transition': 'complete'},regular
1079,Analyze Request for Quotation,2011-06-07 00:37:11,2011-06-09 02:07:06,2011-06-09 02:31:06,Francois de Perrier,54,0.1774650547789951,0,4,1,6,229064.23333329998,2950.0333333333333,104.21666666666667,4,{'lifecycle:transition': 'complete'},deviant
1042,Analyze Request for Quotation,2011-06-07 11:28:28,2011-06-09 03:22:18,2011-06-09 03:57:18,Magdalena Predutta,54,0.1774650547789951,0,8,3,6,229162.31666665,2400.8333333333335,202.3,4,{'lifecycle:transition': 'complete'},regular
1042,Amend Request for Quotation,2011-06-09 03:57:18,2011-06-09 04:16:55,2011-06-09 04:24:55,Anne Olwada,54,0.057329051756705704,0,9,4,6,229216.93333331667,54.61666666666667,256.9166666666667,4,{'lifecycle:transition': 'complete'},regular
1044,Settle Conditions With Supplier,2011-06-08 05:10:35,2011-06-08 16:31:15,2011-06-09 04:42:15,Karel de Groot,56,0.8897808840196448,0,10,16,6,228511.26666665,680.6666666666666,991.25,3,{'lifecycle:transition': 'complete'},regular
1068,Analyze Request for Quotation,2011-06-07 13:35:47,2011-06-09 04:42:15,2011-06-09 04:58:15,Karel de Groot,54,0.1774650547789951,0,7,1,6,229066.76666665,2188.9666666666667,106.75,4,{'lifecycle:transition': 'complete'},regular
4_CF,Analyze Request for Quotation,2011-06-07 13:55:01,2011-06-09 04:58:15,2011-06-09 05:11:06,Karel de Groot,54,0.1774650547789951,0,7,3,6,229164.41666665,2266.3333333333335,204.4,4,{'lifecycle:transition': 'complete'},deviant
1066,Analyze Quotation Comparison Map,2011-06-08 23:03:52,2011-06-09 05:50:19,2011-06-09 06:17:19,Penn Osterwalder,56,0.0646014355874575,0,7,5,6,229310.33333331667,669.45,350.31666666666666,4,{'lifecycle:transition': 'complete'},regular
1066,Choose best option,2011-06-09 06:17:19,2011-06-09 06:17:20,2011-06-09 06:17:20,Kim Passa,53,0.0,0,8,6,6,229337.34999998333,27.016666666666666,377.3333333333333,4,{'lifecycle:transition': 'complete'},regular
1065,Analyze Request for Quotation,2011-06-08 11:02:49,2011-06-09 07:45:07,2011-06-09 08:09:07,Magdalena Predutta,56,0.1774650547789951,0,8,7,6,229425.13333331665,1249.3,465.1166666666667,4,{'lifecycle:transition': 'complete'},deviant
1065,Amend Request for Quotation,2011-06-09 08:09:07,2011-06-09 08:30:37,2011-06-09 08:37:37,Fjodor Kowalski,53,0.057329051756705704,0,9,8,6,229470.63333331665,45.5,510.6166666666667,4,{'lifecycle:transition': 'complete'},deviant
1104,Create Purchase Requisition,2011-06-09 10:34:59,2011-06-09 10:34:59,2011-06-09 11:31:59,Alberto Duport,54,0.1258027956176804,0,1,10,6,229594.99999996665,229594.99999996665,634.9833333333333,4,{'lifecycle:transition': 'complete'},deviant
1088,Analyze Request for Quotation,2011-06-07 20:33:33,2011-06-09 13:51:52,2011-06-09 14:03:52,Karel de Groot,55,0.1774650547789951,0,3,13,6,229791.88333329998,2489.3166666666666,831.8666666666667,4,{'lifecycle:transition': 'complete'},deviant
1063,Create Purchase Order,2011-06-09 01:34:06,2011-06-09 17:15:32,2011-06-09 17:27:32,Magdalena Predutta,56,0.048073290517567056,0,9,17,6,229995.54999998334,1568.4333333333334,1035.5333333333333,4,{'lifecycle:transition': 'complete'},deviant
1080,Send Request for Quotation to Supplier,2011-06-08 23:14:52,2011-06-09 18:23:49,2011-06-09 18:47:49,Magdalena Predutta,56,0.07225160559123536,1,5,18,6,230063.83333331667,1346.6000000166666,1103.8166666666666,4,{'lifecycle:transition': 'complete'},regular
1060,Confirm Purchase Order,2011-06-09 01:44:06,2011-06-09 19:02:01,2011-06-09 19:36:01,Kiu Kan,56,0.06752927842840951,0,10,19,6,230102.03333331665,1421.3666666666666,1142.0166666666667,4,{'lifecycle:transition': 'complete'},deviant
1066,Settle Conditions With Supplier,2011-06-09 06:17:20,2011-06-09 18:50:04,2011-06-10 02:18:04,Magdalena Predutta,53,0.8897808840196448,0,9,18,6,230090.08333331667,752.7333333333333,1130.0666666666666,4,{'lifecycle:transition': 'complete'},regular
1068,Send Request for Quotation to Supplier,2011-06-09 04:58:15,2011-06-10 02:18:04,2011-06-10 02:45:04,Magdalena Predutta,53,0.07225160559123536,0,8,22,6,230336.51666665,1269.75,1376.5,4,{'lifecycle:transition': 'complete'},regular
1052,Analyze Request for Quotation,2011-06-09 02:17:55,2011-06-10 04:15:07,2011-06-10 04:46:07,Karel de Groot,55,0.1774650547789951,1,9,4,6,230655.13333331665,1564.2,255.11666666666667,5,{'lifecycle:transition': 'complete'},regular
1094,Analyze Purchase Requisition,2011-06-08 02:54:59,2011-06-10 04:41:12,2011-06-10 04:46:12,Maris Freeman,56,0.03333962976955043,0,2,4,6,230681.21666663332,3005.2166666666667,281.2,5,{'lifecycle:transition': 'complete'},deviant
1080,Create Quotation comparison Map,2011-06-09 18:47:49,2011-06-10 00:23:38,2011-06-10 04:56:38,Francois de Perrier,54,0.4004533434076313,0,6,0,6,230423.64999998332,359.81666666666666,23.633333333333333,5,{'lifecycle:transition': 'complete'},regular
1094,Create Request for Quotation,2011-06-10 04:46:12,2011-06-10 05:05:22,2011-06-10 05:08:22,Francis Odell,53,0.04731771817151492,0,3,5,6,230705.38333329998,24.166666666666668,305.3666666666667,5,{'lifecycle:transition': 'complete'},deviant
4_CF,Send Request for Quotation to Supplier,2011-06-09 05:11:06,2011-06-10 02:45:04,2011-06-10 06:08:29,Magdalena Predutta,53,0.07225160559123536,0,8,23,6,230373.44999998334,1209.0333333333333,1413.4333333333334,4,{'lifecycle:transition': 'complete'},deviant
1052,Amend Request for Quotation,2011-06-10 04:46:07,2011-06-10 08:17:36,2011-06-10 08:24:36,Esmana Liubiata,53,0.057329051756705704,0,10,8,6,230897.61666665,242.48333333333332,497.6,5,{'lifecycle:transition': 'complete'},regular
1048,Analyze Request for Quotation,2011-06-09 00:14:50,2011-06-10 09:12:12,2011-06-10 09:45:12,Karel de Groot,56,0.1774650547789951,0,10,9,6,230952.21666665,1989.3666666666666,552.2,5,{'lifecycle:transition': 'complete'},deviant
1080,Analyze Quotation Comparison Map,2011-06-10 04:56:38,2011-06-10 11:59:52,2011-06-10 12:15:52,Clement Duchot,53,0.0646014355874575,0,7,11,6,231119.88333331665,696.2333333333333,719.8666666666667,5,{'lifecycle:transition': 'complete'},regular
1080,Choose best option,2011-06-10 12:15:52,2011-06-10 12:19:20,2011-06-10 12:19:20,Anne Olwada,51,0.0,0,8,12,6,231139.34999998333,19.466666666666665,739.3333333333334,5,{'lifecycle:transition': 'complete'},regular
1088,Send Request for Quotation to Supplier,2011-06-09 14:03:52,2011-06-10 12:20:13,2011-06-10 12:56:13,Magdalena Predutta,54,0.07225160559123536,0,4,12,6,231140.23333329998,1348.35,740.2166666666667,5,{'lifecycle:transition': 'complete'},deviant
1065,Analyze Request for Quotation,2011-06-09 08:37:37,2011-06-10 12:40:30,2011-06-10 12:59:30,Francois de Perrier,53,0.1774650547789951,0,10,12,6,231160.51666665,1689.8833333333334,760.5,5,{'lifecycle:transition': 'complete'},deviant
1111,Create Purchase Requisition,2011-06-10 14:31:59,2011-06-10 14:31:59,2011-06-10 14:39:59,Immanuel Karagianni,51,0.1258027956176804,0,1,14,6,231271.99999996665,231271.99999996665,871.9833333333333,5,{'lifecycle:transition': 'complete'},deviant
1063,Confirm Purchase Order,2011-06-09 17:27:32,2011-06-10 14:22:17,2011-06-10 14:50:17,Karen Clarens,54,0.06752927842840951,0,10,14,6,231262.29999998334,1266.75,862.2833333333333,5,{'lifecycle:transition': 'complete'},deviant
4_CF,Create Quotation comparison Map,2011-06-10 06:08:29,2011-06-10 16:05:32,2011-06-10 16:22:06,Magdalena Predutta,53,0.4004533434076313,0,9,16,6,231365.54999998334,992.1,965.5333333333333,5,{'lifecycle:transition': 'complete'},deviant
1066,Create Purchase Order,2011-06-10 02:18:04,2011-06-10 18:47:19,2011-06-10 19:00:19,Francois de Perrier,53,0.048073290517567056,0,10,18,6,231527.33333331667,1437.25,1127.3166666666666,5,{'lifecycle:transition': 'complete'},regular
1114,Create Purchase Requisition,2011-06-10 19:27:59,2011-06-10 19:27:59,2011-06-10 20:04:59,Miu Hanwan,50,0.1258027956176804,0,1,19,6,231567.99999996665,231567.99999996665,1167.9833333333333,5,{'lifecycle:transition': 'complete'},deviant
1068,Create Quotation comparison Map,2011-06-10 02:45:04,2011-06-10 16:22:06,2011-06-10 21:17:06,Magdalena Predutta,53,0.4004533434076313,1,9,16,6,231370.33333331667,1033.8166666666666,970.3166666666667,5,{'lifecycle:transition': 'complete'},regular
1042,Analyze Request for Quotation,2011-06-09 04:24:55,2011-06-10 21:17:06,2011-06-10 21:37:06,Magdalena Predutta,54,0.1774650547789951,0,10,17,6,231430.93333331667,2214.0,1030.9166666666667,5,{'lifecycle:transition': 'complete'},regular
1116,Create Purchase Requisition,2011-06-10 23:04:59,2011-06-10 23:04:59,2011-06-10 23:25:59,Tesca Lobes,50,0.1258027956176804,0,1,23,6,231784.99999996665,231784.99999996665,1384.9833333333333,5,{'lifecycle:transition': 'complete'},regular
4_CF,Analyze Quotation Comparison Map,2011-06-10 16:22:06,2011-06-10 23:38:21,2011-06-10 23:38:21,Nico Ojenbeer,50,0.0646014355874575,0,10,23,6,231818.36666665,452.81666666666666,1418.35,5,{'lifecycle:transition': 'complete'},deviant
1104,Analyze Purchase Requisition,2011-06-09 11:31:59,2011-06-10 23:47:14,2011-06-10 23:53:14,Heinz Gutschmidt,54,0.03333962976955043,0,2,23,6,231827.24999996665,2232.25,1427.2333333333333,5,{'lifecycle:transition': 'complete'},deviant
1118,Create Purchase Requisition,2011-06-11 02:43:59,2011-06-11 02:43:59,2011-06-11 03:33:59,Anne Olwada,49,0.1258027956176804,0,1,2,6,232003.99999996665,232003.99999996665,163.98333333333332,6,{'lifecycle:transition': 'complete'},regular
1116,Create Request for Quotation,2011-06-10 23:25:59,2011-06-11 04:24:24,2011-06-11 04:33:24,Kim Passa,50,0.04731771817151492,0,2,4,6,232104.41666663333,319.4166666666667,264.4,6,{'lifecycle:transition': 'complete'},regular
1068,Analyze Quotation Comparison Map,2011-06-10 21:17:06,2011-06-11 04:33:01,2011-06-11 04:42:01,Nico Ojenbeer,50,0.0646014355874575,0,10,4,6,232113.03333331665,742.7,273.01666666666665,6,{'lifecycle:transition': 'complete'},regular
1118,Create Request for Quotation,2011-06-11 03:33:59,2011-06-11 08:00:57,2011-06-11 08:10:57,Clement Duchot,49,0.04731771817151492,0,2,8,6,232320.96666663332,316.96666666666664,480.95,6,{'lifecycle:transition': 'complete'},regular
1080,Settle Conditions With Supplier,2011-06-10 12:19:20,2011-06-10 21:37:06,2011-06-11 09:54:06,Magdalena Predutta,51,0.8897808840196448,0,9,19,6,231542.69999998334,403.35,1142.6833333333334,5,{'lifecycle:transition': 'complete'},regular
1090,Analyze Request for Quotation,2011-06-08 08:49:29,2011-06-11 09:54:06,2011-06-11 10:11:06,Magdalena Predutta,56,0.1774650547789951,0,3,21,6,231679.66666663333,3639.1666666666665,1279.65,5,{'lifecycle:transition': 'complete'},deviant
1088,Create Quotation comparison Map,2011-06-10 12:56:13,2011-06-11 06:59:23,2011-06-11 10:38:23,Francois de Perrier,51,0.4004533434076313,0,5,6,6,232259.39999996667,1119.1666666666667,419.3833333333333,6,{'lifecycle:transition': 'complete'},deviant
1111,Analyze Purchase Requisition,2011-06-10 14:39:59,2011-06-11 14:21:13,2011-06-11 14:26:13,Francis Odell,51,0.03333962976955043,0,2,14,6,232701.23333329998,1429.2333333333333,861.2166666666667,6,{'lifecycle:transition': 'complete'},deviant
1111,Create Request for Quotation,2011-06-11 14:26:13,2011-06-11 14:43:45,2011-06-11 14:45:45,Heinz Gutschmidt,48,0.04731771817151492,0,3,14,6,232723.76666663334,22.533333333333335,883.75,6,{'lifecycle:transition': 'complete'},deviant
1080,Create Purchase Order,2011-06-11 09:54:06,2011-06-11 16:26:05,2011-06-11 16:35:05,Francois de Perrier,48,0.048073290517567056,0,10,16,6,232826.09999998333,1283.4,986.0833333333334,6,{'lifecycle:transition': 'complete'},regular
1088,Analyze Quotation Comparison Map,2011-06-11 10:38:23,2011-06-11 17:31:13,2011-06-11 17:43:13,Penn Osterwalder,48,0.0646014355874575,0,6,17,6,232891.23333329998,631.8333333333334,1051.2166666666667,6,{'lifecycle:transition': 'complete'},deviant
1088,Choose best option,2011-06-11 17:43:13,2011-06-11 17:49:49,2011-06-11 17:49:49,Fjodor Kowalski,47,0.0,0,7,17,6,232909.8333333,18.6,1069.8166666666666,6,{'lifecycle:transition': 'complete'},deviant
1114,Analyze Purchase Requisition,2011-06-10 20:04:59,2011-06-11 19:34:58,2011-06-11 19:43:58,Maris Freeman,50,0.03333962976955043,0,2,19,6,233014.98333329998,1446.9833333333333,1174.9666666666667,6,{'lifecycle:transition': 'complete'},deviant
1088,Settle Conditions With Supplier,2011-06-11 17:49:49,2011-06-12 01:50:31,2011-06-12 12:40:31,Francois de Perrier,47,0.8897808840196448,0,8,1,6,233390.5333333,480.7,110.51666666666667,7,{'lifecycle:transition': 'complete'},deviant
1090,Send Request for Quotation to Supplier,2011-06-11 10:11:06,2011-06-12 12:40:31,2011-06-12 13:12:31,Francois de Perrier,48,0.07225160559123536,0,4,4,6,233540.98333331666,1861.3166666833333,260.96666666666664,7,{'lifecycle:transition': 'complete'},deviant
1123,Create Purchase Requisition,2011-06-12 15:49:59,2011-06-12 15:49:59,2011-06-12 16:30:59,Fjodor Kowalski,47,0.1258027956176804,0,1,15,6,234229.99999996665,234229.99999996665,949.9833333333333,7,{'lifecycle:transition': 'complete'},deviant
1116,Analyze Request for Quotation,2011-06-11 04:33:24,2011-06-12 18:12:05,2011-06-12 18:29:05,Francois de Perrier,49,0.1774650547789951,0,3,18,6,234372.09999996665,2267.6833333333334,1092.0833333333333,7,{'lifecycle:transition': 'complete'},regular
1088,Create Purchase Order,2011-06-12 12:40:31,2011-06-12 18:56:28,2011-06-12 19:05:28,Francois de Perrier,46,0.048073290517567056,1,9,18,6,234416.48333329998,1025.95,1136.4666666666667,7,{'lifecycle:transition': 'complete'},deviant
1116,Amend Request for Quotation,2011-06-12 18:29:05,2011-06-12 20:51:04,2011-06-12 20:59:04,Nico Ojenbeer,47,0.057329051756705704,0,4,20,6,234531.0833333,158.98333333333332,1251.0666666666666,7,{'lifecycle:transition': 'complete'},regular
1094,Analyze Request for Quotation,2011-06-10 05:08:22,2011-06-12 21:12:25,2011-06-12 21:28:25,Magdalena Predutta,53,0.1774650547789951,0,4,21,6,234552.4333333,3847.05,1272.4166666666667,7,{'lifecycle:transition': 'complete'},deviant
1118,Analyze Request for Quotation,2011-06-11 08:10:57,2011-06-12 22:07:44,2011-06-12 22:20:44,Karel de Groot,48,0.1774650547789951,0,3,22,6,234607.74999996665,2286.7833333333333,1327.7333333333333,7,{'lifecycle:transition': 'complete'},regular
1090,Create Quotation comparison Map,2011-06-12 13:12:31,2011-06-12 22:13:36,2011-06-12 23:41:36,Magdalena Predutta,46,0.4004533434076313,0,5,22,6,234613.61666663332,1072.6333333166667,1333.6,7,{'lifecycle:transition': 'complete'},deviant
1090,Analyze Quotation Comparison Map,2011-06-12 23:41:36,2011-06-13 06:38:49,2011-06-13 06:45:49,Clement Duchot,46,0.0646014355874575,0,6,6,6,235118.8333333,505.21666666666664,398.81666666666666,1,{'lifecycle:transition': 'complete'},deviant
1090,Choose best option,2011-06-13 06:45:49,2011-06-13 06:45:50,2011-06-13 06:45:50,Kim Passa,46,0.0,0,7,6,6,235125.84999996665,7.016666666666667,405.8333333333333,1,{'lifecycle:transition': 'complete'},deviant
1088,Confirm Purchase Order,2011-06-12 19:05:28,2011-06-13 11:24:01,2011-06-13 11:54:01,Esmeralda Clay,47,0.06752927842840951,0,10,11,6,235404.0333333,987.55,684.0166666666667,1,{'lifecycle:transition': 'complete'},deviant
1118,Send Request for Quotation to Supplier,2011-06-12 22:20:44,2011-06-13 14:49:32,2011-06-13 15:03:32,Francois de Perrier,46,0.07225160559123536,0,4,14,6,235609.54999996666,1001.8,889.5333333333333,1,{'lifecycle:transition': 'complete'},regular
1123,Analyze Purchase Requisition,2011-06-12 16:30:59,2011-06-13 15:34:44,2011-06-13 15:41:44,Francis Odell,47,0.03333962976955043,0,2,15,6,235654.74999996665,1424.75,934.7333333333333,1,{'lifecycle:transition': 'complete'},deviant
1123,Create Request for Quotation,2011-06-13 15:41:44,2011-06-13 16:03:12,2011-06-13 16:05:12,Heinz Gutschmidt,45,0.04731771817151492,0,3,16,6,235683.21666663332,28.466666666666665,963.2,1,{'lifecycle:transition': 'complete'},deviant
1111,Analyze Request for Quotation,2011-06-11 14:45:45,2011-06-13 17:29:28,2011-06-13 17:56:28,Karel de Groot,48,0.1774650547789951,0,4,17,6,235769.48333329998,3045.7166666666667,1049.4666666666667,1,{'lifecycle:transition': 'complete'},deviant
1111,Amend Request for Quotation,2011-06-13 17:56:28,2011-06-13 18:25:38,2011-06-13 18:31:38,Penn Osterwalder,45,0.057329051756705704,0,5,18,6,235825.64999996667,56.166666666666664,1105.6333333333334,1,{'lifecycle:transition': 'complete'},deviant
1118,Create Quotation comparison Map,2011-06-13 15:03:32,2011-06-13 17:19:07,2011-06-13 20:02:07,Francois de Perrier,45,0.4004533434076313,0,5,17,6,235759.13333329998,149.58333333333334,1039.1166666666666,1,{'lifecycle:transition': 'complete'},regular
1116,Analyze Request for Quotation,2011-06-12 20:59:04,2011-06-13 20:02:07,2011-06-13 20:09:07,Francois de Perrier,47,0.1774650547789951,0,5,19,6,235865.51666663334,1334.4333333333334,1145.5,1,{'lifecycle:transition': 'complete'},regular
1116,Amend Request for Quotation,2011-06-13 20:09:07,2011-06-13 20:46:33,2011-06-13 20:59:33,Esmana Liubiata,45,0.057329051756705704,0,6,20,6,235966.56666663333,101.05,1246.55,1,{'lifecycle:transition': 'complete'},regular
1128,Create Purchase Requisition,2011-06-13 20:57:59,2011-06-13 20:57:59,2011-06-13 21:23:59,Fjodor Kowalski,46,0.1258027956176804,0,1,20,6,235977.99999996665,235977.99999996665,1257.9833333333333,1,{'lifecycle:transition': 'complete'},deviant
1090,Settle Conditions With Supplier,2011-06-13 06:45:50,2011-06-13 13:43:17,2011-06-14 02:40:17,Magdalena Predutta,46,0.8897808840196448,0,8,13,6,235543.29999996666,417.45,823.2833333333333,1,{'lifecycle:transition': 'complete'},deviant
1128,Create Request for Quotation,2011-06-13 21:23:59,2011-06-14 02:42:32,2011-06-14 02:52:32,Immanuel Karagianni,46,0.04731771817151492,0,2,2,6,236322.54999996666,344.55,162.53333333333333,2,{'lifecycle:transition': 'complete'},deviant
1118,Analyze Quotation Comparison Map,2011-06-13 20:02:07,2011-06-14 03:02:00,2011-06-14 03:22:00,Kim Passa,45,0.0646014355874575,0,6,3,6,236342.01666663334,582.8833333333333,182.0,2,{'lifecycle:transition': 'complete'},regular
1118,Choose best option,2011-06-14 03:22:00,2011-06-14 03:22:02,2011-06-14 03:22:02,Immanuel Karagianni,46,0.0,0,7,3,6,236362.04999996666,20.033333333333335,202.03333333333333,2,{'lifecycle:transition': 'complete'},regular
1090,Create Purchase Order,2011-06-14 02:40:17,2011-06-14 09:12:47,2011-06-14 09:23:47,Karel de Groot,46,0.048073290517567056,0,9,9,6,236712.79999996666,1169.5,552.7833333333333,2,{'lifecycle:transition': 'complete'},deviant
1118,Settle Conditions With Supplier,2011-06-14 03:22:02,2011-06-14 11:05:24,2011-06-14 17:39:24,Francois de Perrier,46,0.8897808840196448,0,8,11,6,236825.41666663333,463.3666666666667,665.4,2,{'lifecycle:transition': 'complete'},regular
1111,Analyze Request for Quotation,2011-06-13 18:31:38,2011-06-14 17:57:45,2011-06-14 18:12:45,Karel de Groot,45,0.1774650547789951,0,6,17,6,237237.76666663334,1412.1166666666666,1077.75,2,{'lifecycle:transition': 'complete'},deviant
1111,Amend Request for Quotation,2011-06-14 18:12:45,2011-06-14 18:35:47,2011-06-14 18:41:47,Fjodor Kowalski,46,0.057329051756705704,0,7,18,6,237275.79999996666,38.03333333333333,1115.7833333333333,2,{'lifecycle:transition': 'complete'},deviant
1116,Analyze Request for Quotation,2011-06-13 20:59:33,2011-06-14 22:14:26,2011-06-14 22:36:26,Francois de Perrier,46,0.1774650547789951,0,7,22,6,237494.44999996666,1527.8833333333334,1334.4333333333334,2,{'lifecycle:transition': 'complete'},regular
1123,Analyze Request for Quotation,2011-06-13 16:05:12,2011-06-14 22:02:15,2011-06-14 22:43:15,Magdalena Predutta,45,0.1774650547789951,0,4,22,6,237482.26666663334,1799.05,1322.25,2,{'lifecycle:transition': 'complete'},deviant
1116,Amend Request for Quotation,2011-06-14 22:36:26,2011-06-14 23:00:46,2011-06-14 23:07:46,Esmana Liubiata,46,0.057329051756705704,0,8,23,6,237540.7833333,46.333333333333336,1380.7666666666667,2,{'lifecycle:transition': 'complete'},regular
1118,Create Purchase Order,2011-06-14 17:39:24,2011-06-15 01:38:31,2011-06-15 01:45:31,Magdalena Predutta,46,0.048073290517567056,0,9,1,6,237698.5333333,873.1166666666667,98.51666666666667,3,{'lifecycle:transition': 'complete'},regular
1090,Confirm Purchase Order,2011-06-14 09:23:47,2011-06-15 07:01:41,2011-06-15 07:33:41,Carmen Finacse,46,0.06752927842840951,0,10,7,6,238021.69999996666,1308.9,421.68333333333334,3,{'lifecycle:transition': 'complete'},deviant
1141,Create Purchase Requisition,2011-06-15 14:45:59,2011-06-15 14:45:59,2011-06-15 15:21:59,Miu Hanwan,45,0.1258027956176804,0,1,14,6,238485.99999996665,238485.99999996665,885.9833333333333,3,{'lifecycle:transition': 'complete'},deviant
1128,Analyze Request for Quotation,2011-06-14 02:52:32,2011-06-15 15:01:48,2011-06-15 15:29:48,Karel de Groot,46,0.1774650547789951,0,3,15,6,238501.81666663333,2179.266666666667,901.8,3,{'lifecycle:transition': 'complete'},deviant
1128,Amend Request for Quotation,2011-06-15 15:29:48,2011-06-15 17:18:27,2011-06-15 17:26:27,Clement Duchot,45,0.057329051756705704,0,4,17,6,238638.46666663332,136.65,1038.45,3,{'lifecycle:transition': 'complete'},deviant
1118,Confirm Purchase Order,2011-06-15 01:45:31,2011-06-15 21:44:31,2011-06-15 21:52:31,Kiu Kan,45,0.06752927842840951,0,10,21,6,238904.5333333,1206.0,1304.5166666666667,3,{'lifecycle:transition': 'complete'},regular
1144,Create Purchase Requisition,2011-06-16 01:38:59,2011-06-16 01:38:59,2011-06-16 02:02:59,Esmana Liubiata,45,0.1258027956176804,0,1,1,6,239138.99999996665,239138.99999996665,98.98333333333333,4,{'lifecycle:transition': 'complete'},deviant
1111,Analyze Request for Quotation,2011-06-14 18:41:47,2011-06-16 04:16:48,2011-06-16 04:40:48,Francois de Perrier,46,0.1774650547789951,0,8,4,6,239296.81666663333,2021.0166666666667,256.8,4,{'lifecycle:transition': 'complete'},deviant
1111,Amend Request for Quotation,2011-06-16 04:40:48,2011-06-16 04:57:33,2011-06-16 05:09:33,Kim Passa,45,0.057329051756705704,0,9,4,6,239337.56666663333,40.75,297.55,4,{'lifecycle:transition': 'complete'},deviant
1116,Analyze Request for Quotation,2011-06-14 23:07:46,2011-06-16 06:44:57,2011-06-16 07:21:57,Karel de Groot,45,0.1774650547789951,0,9,6,6,239444.96666663332,1904.1833333333334,404.95,4,{'lifecycle:transition': 'complete'},regular
1141,Create Request for Quotation,2011-06-15 15:21:59,2011-06-16 08:01:08,2011-06-16 08:14:08,Tesca Lobes,45,0.04731771817151492,0,2,8,6,239521.14999996667,1035.15,481.1333333333333,4,{'lifecycle:transition': 'complete'},deviant
1146,Create Purchase Requisition,2011-06-16 08:18:59,2011-06-16 08:18:59,2011-06-16 08:55:59,Christian Francois,46,0.1258027956176804,0,1,8,6,239538.99999996665,239538.99999996665,498.98333333333335,4,{'lifecycle:transition': 'complete'},deviant
1144,Create Request for Quotation,2011-06-16 02:02:59,2011-06-16 14:17:37,2011-06-16 14:28:37,Kim Passa,45,0.04731771817151492,0,2,14,6,239897.63333329998,758.6333333333333,857.6166666666667,4,{'lifecycle:transition': 'complete'},deviant
1146,Create Request for Quotation,2011-06-16 08:55:59,2011-06-16 21:24:11,2011-06-16 21:34:11,Miu Hanwan,46,0.04731771817151492,0,2,21,6,240324.19999996666,785.2,1284.1833333333334,4,{'lifecycle:transition': 'complete'},deviant
1116,Send Request for Quotation to Supplier,2011-06-16 07:21:57,2011-06-17 01:59:14,2011-06-17 02:29:14,Karel de Groot,45,0.07225160559123536,0,10,1,6,240599.24999996665,1154.2833333333333,119.23333333333333,5,{'lifecycle:transition': 'complete'},regular
1151,Create Purchase Requisition,2011-06-17 02:37:59,2011-06-17 02:37:59,2011-06-17 03:31:59,Clement Duchot,46,0.1258027956176804,0,1,2,6,240637.99999996665,240637.99999996665,157.98333333333332,5,{'lifecycle:transition': 'complete'},deviant
1153,Create Purchase Requisition,2011-06-17 09:25:59,2011-06-17 09:25:59,2011-06-17 10:00:59,Anne Olwada,47,0.1258027956176804,0,1,9,6,241045.99999996665,241045.99999996665,565.9833333333333,5,{'lifecycle:transition': 'complete'},deviant
1111,Analyze Request for Quotation,2011-06-16 05:09:33,2011-06-17 16:04:02,2011-06-17 16:31:02,Karel de Groot,45,0.1774650547789951,0,10,16,6,241444.04999996666,2106.483333333333,964.0333333333333,5,{'lifecycle:transition': 'complete'},deviant
1158,Create Purchase Requisition,2011-06-17 19:08:59,2011-06-17 19:08:59,2011-06-17 19:29:59,Penn Osterwalder,47,0.1258027956176804,0,1,19,6,241628.99999996665,241628.99999996665,1148.9833333333333,5,{'lifecycle:transition': 'complete'},deviant
1151,Analyze Purchase Requisition,2011-06-17 03:31:59,2011-06-18 02:20:28,2011-06-18 02:25:28,Francis Odell,46,0.03333962976955043,0,2,2,6,242060.48333329998,1422.4833333333333,140.46666666666667,6,{'lifecycle:transition': 'complete'},deviant
1151,Create Request for Quotation,2011-06-18 02:25:28,2011-06-18 02:42:52,2011-06-18 02:43:52,Heinz Gutschmidt,47,0.04731771817151492,0,3,2,6,242082.88333329998,22.4,162.86666666666667,6,{'lifecycle:transition': 'complete'},deviant
1160,Create Purchase Requisition,2011-06-18 06:47:59,2011-06-18 06:47:59,2011-06-18 07:12:59,Fjodor Kowalski,48,0.1258027956176804,0,1,6,6,242327.99999996665,242327.99999996665,407.98333333333335,6,{'lifecycle:transition': 'complete'},regular
1161,Create Purchase Requisition,2011-06-18 07:15:59,2011-06-18 07:15:59,2011-06-18 08:01:59,Alberto Duport,49,0.1258027956176804,0,1,7,6,242355.99999996665,242355.99999996665,435.98333333333335,6,{'lifecycle:transition': 'complete'},deviant
1153,Analyze Purchase Requisition,2011-06-17 10:00:59,2011-06-18 08:59:20,2011-06-18 09:04:20,Maris Freeman,47,0.03333962976955043,0,2,8,6,242459.34999996665,1413.35,539.3333333333334,6,{'lifecycle:transition': 'complete'},deviant
1128,Analyze Request for Quotation,2011-06-15 17:26:27,2011-06-18 11:09:35,2011-06-18 11:27:35,Karel de Groot,45,0.1774650547789951,0,5,11,6,242589.59999996665,3951.133333333333,669.5833333333334,6,{'lifecycle:transition': 'complete'},deviant
1128,Amend Request for Quotation,2011-06-18 11:27:35,2011-06-18 11:50:29,2011-06-18 12:00:29,Penn Osterwalder,48,0.057329051756705704,0,6,11,6,242630.49999996665,40.9,710.4833333333333,6,{'lifecycle:transition': 'complete'},deviant
1141,Analyze Request for Quotation,2011-06-16 08:14:08,2011-06-18 14:50:33,2011-06-18 15:15:33,Magdalena Predutta,45,0.1774650547789951,0,3,14,6,242810.56666663333,3289.4166666666665,890.55,6,{'lifecycle:transition': 'complete'},deviant
1141,Amend Request for Quotation,2011-06-18 15:15:33,2011-06-18 18:18:39,2011-06-18 18:30:39,Nico Ojenbeer,48,0.057329051756705704,0,4,18,6,243018.66666663333,208.1,1098.65,6,{'lifecycle:transition': 'complete'},deviant
1158,Analyze Purchase Requisition,2011-06-17 19:29:59,2011-06-18 18:28:20,2011-06-18 18:36:20,Francis Odell,47,0.03333962976955043,0,2,18,6,243028.34999996665,1399.35,1108.3333333333333,6,{'lifecycle:transition': 'complete'},deviant
1158,Create Request for Quotation,2011-06-18 18:36:20,2011-06-18 18:53:45,2011-06-18 18:55:45,Heinz Gutschmidt,48,0.04731771817151492,0,3,18,6,243053.76666663334,25.416666666666668,1133.75,6,{'lifecycle:transition': 'complete'},deviant
1144,Analyze Request for Quotation,2011-06-16 14:28:37,2011-06-18 22:52:59,2011-06-18 23:12:59,Magdalena Predutta,46,0.1774650547789951,0,3,22,6,243292.99999996665,3395.366666666667,1372.9833333333333,6,{'lifecycle:transition': 'complete'},deviant
1146,Analyze Request for Quotation,2011-06-16 21:34:11,2011-06-19 06:05:41,2011-06-19 06:26:41,Karel de Groot,46,0.1774650547789951,0,3,6,6,243725.69999996666,3401.5,365.68333333333334,7,{'lifecycle:transition': 'complete'},deviant
1160,Analyze Purchase Requisition,2011-06-18 07:12:59,2011-06-19 10:02:01,2011-06-19 10:08:01,Francis Odell,48,0.03333962976955043,0,2,10,6,243962.0333333,1634.0333333333333,602.0166666666667,7,{'lifecycle:transition': 'complete'},regular
1160,Create Request for Quotation,2011-06-19 10:08:01,2011-06-19 10:45:02,2011-06-19 10:48:02,Maris Freeman,47,0.04731771817151492,0,3,10,6,244005.04999996666,43.016666666666666,645.0333333333333,7,{'lifecycle:transition': 'complete'},regular
1161,Analyze Purchase Requisition,2011-06-18 08:01:59,2011-06-19 11:06:39,2011-06-19 11:10:39,Maris Freeman,49,0.03333962976955043,0,2,11,6,244026.66666663333,1670.6666666666667,666.65,7,{'lifecycle:transition': 'complete'},deviant
1161,Create Request for Quotation,2011-06-19 11:10:39,2011-06-19 11:47:40,2011-06-19 11:50:40,Francis Odell,47,0.04731771817151492,0,3,11,6,244067.6833333,41.016666666666666,707.6666666666666,7,{'lifecycle:transition': 'complete'},deviant
1146,Send Request for Quotation to Supplier,2011-06-19 06:26:41,2011-06-20 02:33:01,2011-06-20 03:08:01,Magdalena Predutta,47,0.07225160559123536,0,4,2,6,244953.0333333,1227.3333333333333,153.01666666666668,1,{'lifecycle:transition': 'complete'},deviant
1177,Create Purchase Requisition,2011-06-20 03:32:59,2011-06-20 03:32:59,2011-06-20 04:28:59,Kim Passa,48,0.1258027956176804,0,1,3,6,245012.99999996665,245012.99999996665,212.98333333333332,1,{'lifecycle:transition': 'complete'},deviant
1151,Analyze Request for Quotation,2011-06-18 02:43:52,2011-06-20 04:21:39,2011-06-20 04:38:39,Magdalena Predutta,47,0.1774650547789951,0,4,4,6,245061.66666663333,2978.7833333333333,261.65,1,{'lifecycle:transition': 'complete'},deviant
1128,Analyze Request for Quotation,2011-06-18 12:00:29,2011-06-20 04:38:39,2011-06-20 04:51:39,Magdalena Predutta,48,0.1774650547789951,0,7,4,6,245070.0833333,2439.5833333333335,270.06666666666666,1,{'lifecycle:transition': 'complete'},deviant
1178,Create Purchase Requisition,2011-06-20 05:31:59,2011-06-20 05:31:59,2011-06-20 06:21:59,Fjodor Kowalski,48,0.1258027956176804,0,1,5,6,245131.99999996665,245131.99999996665,331.98333333333335,1,{'lifecycle:transition': 'complete'},regular
1146,Create Quotation comparison Map,2011-06-20 03:08:01,2011-06-20 06:36:39,2011-06-20 08:31:39,Karel de Groot,47,0.4004533434076313,0,5,6,6,245196.66666663333,243.63333333333333,396.65,1,{'lifecycle:transition': 'complete'},deviant
1179,Create Purchase Requisition,2011-06-20 08:38:59,2011-06-20 08:38:59,2011-06-20 09:26:59,Anna Kaufmann,49,0.1258027956176804,0,1,8,6,245318.99999996665,245318.99999996665,518.9833333333333,1,{'lifecycle:transition': 'complete'},regular
1177,Create Request for Quotation,2011-06-20 04:28:59,2011-06-20 10:29:54,2011-06-20 10:41:54,Alberto Duport,48,0.04731771817151492,0,2,10,6,245429.91666663333,416.9166666666667,629.9,1,{'lifecycle:transition': 'complete'},deviant
1141,Analyze Request for Quotation,2011-06-18 18:30:39,2011-06-20 10:57:07,2011-06-20 11:36:07,Karel de Groot,48,0.1774650547789951,0,5,10,6,245457.13333329998,2438.4666666666667,657.1166666666667,1,{'lifecycle:transition': 'complete'},deviant
1141,Amend Request for Quotation,2011-06-20 11:36:07,2011-06-20 12:02:42,2011-06-20 12:13:42,Elvira Lores,49,0.057329051756705704,0,6,12,6,245522.71666663332,65.58333333333333,722.7,1,{'lifecycle:transition': 'complete'},deviant
1146,Analyze Quotation Comparison Map,2011-06-20 08:31:39,2011-06-20 15:28:12,2011-06-20 16:00:12,Anne Olwada,48,0.0646014355874575,0,6,15,6,245728.21666663332,531.55,928.2,1,{'lifecycle:transition': 'complete'},deviant
1146,Choose best option,2011-06-20 16:00:12,2011-06-20 16:00:13,2011-06-20 16:00:13,Immanuel Karagianni,49,0.0,0,7,16,6,245760.23333329998,32.016666666666666,960.2166666666667,1,{'lifecycle:transition': 'complete'},deviant
1160,Analyze Request for Quotation,2011-06-19 10:48:02,2011-06-20 17:01:39,2011-06-20 17:23:39,Magdalena Predutta,47,0.1774650547789951,0,4,17,6,245821.66666663333,1816.6166666666666,1021.65,1,{'lifecycle:transition': 'complete'},regular
1160,Amend Request for Quotation,2011-06-20 17:23:39,2011-06-20 17:53:35,2011-06-20 18:00:35,Penn Osterwalder,49,0.057329051756705704,0,5,17,6,245873.59999996665,51.93333333333333,1073.5833333333333,1,{'lifecycle:transition': 'complete'},regular
1161,Analyze Request for Quotation,2011-06-19 11:50:40,2011-06-20 18:08:19,2011-06-20 18:36:19,Francois de Perrier,47,0.1774650547789951,0,4,18,6,245888.3333333,1820.65,1088.3166666666666,1,{'lifecycle:transition': 'complete'},deviant
1161,Amend Request for Quotation,2011-06-20 18:36:19,2011-06-20 19:06:13,2011-06-20 19:11:13,Anna Kaufmann,49,0.057329051756705704,0,5,19,6,245946.23333329998,57.9,1146.2166666666667,1,{'lifecycle:transition': 'complete'},deviant
1182,Create Purchase Requisition,2011-06-20 19:43:59,2011-06-20 19:43:59,2011-06-20 19:53:59,Nico Ojenbeer,50,0.1258027956176804,0,1,19,6,245983.99999996665,245983.99999996665,1183.9833333333333,1,{'lifecycle:transition': 'complete'},deviant
1158,Analyze Request for Quotation,2011-06-18 18:55:45,2011-06-20 21:18:09,2011-06-20 22:01:09,Magdalena Predutta,48,0.1774650547789951,0,4,21,6,246078.16666663333,3024.4,1278.15,1,{'lifecycle:transition': 'complete'},deviant
1128,Send Request for Quotation to Supplier,2011-06-20 04:51:39,2011-06-20 21:58:38,2011-06-20 22:16:38,Francois de Perrier,47,0.07225160559123536,0,8,21,6,246118.64999996667,1048.5666666666666,1318.6333333333334,1,{'lifecycle:transition': 'complete'},deviant
1128,Create Quotation comparison Map,2011-06-20 22:16:38,2011-06-20 22:57:03,2011-06-21 01:14:03,Francois de Perrier,49,0.4004533434076313,0,9,22,6,246177.06666663333,58.416666666666664,1377.05,1,{'lifecycle:transition': 'complete'},deviant
1182,Create Request for Quotation,2011-06-20 19:53:59,2011-06-21 02:13:31,2011-06-21 02:21:31,Esmana Liubiata,50,0.04731771817151492,0,2,2,6,246373.5333333,389.53333333333336,133.51666666666668,2,{'lifecycle:transition': 'complete'},deviant
1184,Create Purchase Requisition,2011-06-21 02:28:59,2011-06-21 02:28:59,2011-06-21 02:41:59,Christian Francois,50,0.1258027956176804,0,1,2,6,246388.99999996665,246388.99999996665,148.98333333333332,2,{'lifecycle:transition': 'complete'},deviant
1178,Analyze Purchase Requisition,2011-06-20 06:21:59,2011-06-21 04:44:23,2011-06-21 04:50:23,Heinz Gutschmidt,48,0.03333962976955043,0,2,4,6,246524.39999996667,1392.4,284.3833333333333,2,{'lifecycle:transition': 'complete'},regular
1178,Create Request for Quotation,2011-06-21 04:50:23,2011-06-21 05:16:19,2011-06-21 05:18:19,Francis Odell,50,0.04731771817151492,0,3,5,6,246556.3333333,31.933333333333334,316.31666666666666,2,{'lifecycle:transition': 'complete'},regular
1187,Create Purchase Requisition,2011-06-21 06:09:59,2011-06-21 06:09:59,2011-06-21 06:50:59,Alberto Duport,51,0.1258027956176804,0,1,6,6,246609.99999996665,246609.99999996665,369.98333333333335,2,{'lifecycle:transition': 'complete'},deviant
1146,Settle Conditions With Supplier,2011-06-20 16:00:13,2011-06-21 01:14:03,2011-06-21 07:19:03,Francois de Perrier,49,0.8897808840196448,0,8,0,6,246250.26666663334,490.03333333333336,10.25,2,{'lifecycle:transition': 'complete'},deviant
1141,Analyze Request for Quotation,2011-06-20 12:13:42,2011-06-21 07:10:36,2011-06-21 07:34:36,Karel de Groot,49,0.1774650547789951,0,7,7,6,246670.61666663332,1147.9,430.6,2,{'lifecycle:transition': 'complete'},deviant
1179,Analyze Purchase Requisition,2011-06-20 09:26:59,2011-06-21 07:58:15,2011-06-21 08:06:15,Maris Freeman,49,0.03333962976955043,0,2,7,6,246718.26666663334,1399.2666666666667,478.25,2,{'lifecycle:transition': 'complete'},regular
1141,Amend Request for Quotation,2011-06-21 07:34:36,2011-06-21 08:07:46,2011-06-21 08:12:46,Penn Osterwalder,51,0.057329051756705704,0,8,8,6,246727.7833333,57.166666666666664,487.76666666666665,2,{'lifecycle:transition': 'complete'},deviant
1128,Analyze Quotation Comparison Map,2011-06-21 01:14:03,2011-06-21 08:09:47,2011-06-21 08:22:47,Elvira Lores,49,0.0646014355874575,0,10,8,6,246729.79999996666,552.7333333333333,489.78333333333336,2,{'lifecycle:transition': 'complete'},deviant
1179,Create Request for Quotation,2011-06-21 08:06:15,2011-06-21 08:32:02,2011-06-21 08:35:02,Maris Freeman,51,0.04731771817151492,0,3,8,6,246752.04999996666,33.78333333333333,512.0333333333333,2,{'lifecycle:transition': 'complete'},regular
1146,Create Purchase Order,2011-06-21 07:19:03,2011-06-21 15:59:49,2011-06-21 16:11:49,Magdalena Predutta,51,0.048073290517567056,0,9,15,6,247199.8333333,949.5666666666667,959.8166666666667,2,{'lifecycle:transition': 'complete'},deviant
1192,Create Purchase Requisition,2011-06-21 15:55:59,2011-06-21 15:55:59,2011-06-21 16:25:59,Immanuel Karagianni,52,0.1258027956176804,0,1,15,6,247195.99999996665,247195.99999996665,955.9833333333333,2,{'lifecycle:transition': 'complete'},deviant
1191,Create Purchase Requisition,2011-06-21 15:51:59,2011-06-21 15:51:59,2011-06-21 16:34:59,Christian Francois,51,0.1258027956176804,0,1,15,6,247191.99999996665,247191.99999996665,951.9833333333333,2,{'lifecycle:transition': 'complete'},deviant
1160,Analyze Request for Quotation,2011-06-20 18:00:35,2011-06-21 19:20:23,2011-06-21 19:38:23,Magdalena Predutta,49,0.1774650547789951,0,6,19,6,247400.39999996667,1526.8,1160.3833333333334,2,{'lifecycle:transition': 'complete'},regular
1160,Amend Request for Quotation,2011-06-21 19:38:23,2011-06-21 20:10:46,2011-06-21 20:25:46,Immanuel Karagianni,52,0.057329051756705704,0,7,20,6,247450.7833333,50.38333333333333,1210.7666666666667,2,{'lifecycle:transition': 'complete'},regular
1161,Analyze Request for Quotation,2011-06-20 19:11:13,2011-06-21 20:34:48,2011-06-21 21:01:48,Karel de Groot,49,0.1774650547789951,0,6,20,6,247474.81666663333,1528.5833333333333,1234.8,2,{'lifecycle:transition': 'complete'},deviant
1161,Amend Request for Quotation,2011-06-21 21:01:48,2011-06-21 21:34:12,2011-06-21 21:45:12,Nico Ojenbeer,52,0.057329051756705704,0,7,21,6,247534.21666663332,59.4,1294.2,2,{'lifecycle:transition': 'complete'},deviant
1177,Analyze Request for Quotation,2011-06-20 10:41:54,2011-06-21 21:28:39,2011-06-21 22:02:39,Francois de Perrier,49,0.1774650547789951,0,3,21,6,247528.66666663333,2098.75,1288.65,2,{'lifecycle:transition': 'complete'},deviant
1197,Create Purchase Requisition,2011-06-21 22:54:59,2011-06-21 22:54:59,2011-06-21 23:28:59,Nico Ojenbeer,53,0.1258027956176804,0,1,22,6,247614.99999996665,247614.99999996665,1374.9833333333333,2,{'lifecycle:transition': 'complete'},deviant
1198,Create Purchase Requisition,2011-06-22 01:52:59,2011-06-22 01:52:59,2011-06-22 02:01:59,Penn Osterwalder,54,0.1258027956176804,0,1,1,6,247792.99999996665,247792.99999996665,112.98333333333333,3,{'lifecycle:transition': 'complete'},regular
1184,Analyze Purchase Requisition,2011-06-21 02:41:59,2011-06-22 04:16:09,2011-06-22 04:21:09,Heinz Gutschmidt,50,0.03333962976955043,0,2,4,6,247936.16666663333,1547.1666666666667,256.15,3,{'lifecycle:transition': 'complete'},deviant
1184,Create Request for Quotation,2011-06-22 04:21:09,2011-06-22 04:43:46,2011-06-22 04:45:46,Francis Odell,54,0.04731771817151492,0,3,4,6,247963.7833333,27.616666666666667,283.76666666666665,3,{'lifecycle:transition': 'complete'},deviant
1187,Analyze Purchase Requisition,2011-06-21 06:50:59,2011-06-22 08:34:45,2011-06-22 08:39:45,Francis Odell,51,0.03333962976955043,0,2,8,6,248194.76666663334,1584.7666666666667,514.75,3,{'lifecycle:transition': 'complete'},deviant
1187,Create Request for Quotation,2011-06-22 08:39:45,2011-06-22 09:02:25,2011-06-22 09:05:25,Heinz Gutschmidt,54,0.04731771817151492,0,3,9,6,248222.4333333,27.666666666666668,542.4166666666666,3,{'lifecycle:transition': 'complete'},deviant
1177,Send Request for Quotation to Supplier,2011-06-21 22:02:39,2011-06-22 10:04:43,2011-06-22 10:22:43,Karel de Groot,52,0.07225160559123536,0,4,10,6,248284.73333329998,756.0666666666667,604.7166666666667,3,{'lifecycle:transition': 'complete'},deviant
1146,Confirm Purchase Order,2011-06-21 16:11:49,2011-06-22 11:37:55,2011-06-22 12:09:55,Sean Manney,52,0.06752927842840951,0,10,11,6,248377.9333333,1178.1,697.9166666666666,3,{'lifecycle:transition': 'complete'},deviant
1192,Analyze Purchase Requisition,2011-06-21 16:25:59,2011-06-22 17:59:01,2011-06-22 18:03:01,Francis Odell,52,0.03333962976955043,0,2,17,6,248759.0333333,1563.0333333333333,1079.0166666666667,3,{'lifecycle:transition': 'complete'},deviant
1191,Analyze Purchase Requisition,2011-06-21 16:34:59,2011-06-22 18:22:03,2011-06-22 18:27:03,Maris Freeman,52,0.03333962976955043,0,2,18,6,248782.06666663333,1590.0666666666666,1102.05,3,{'lifecycle:transition': 'complete'},deviant
1191,Create Request for Quotation,2011-06-22 18:27:03,2011-06-22 18:49:38,2011-06-22 18:51:38,Francis Odell,53,0.04731771817151492,0,3,18,6,248809.64999996667,27.583333333333332,1129.6333333333334,3,{'lifecycle:transition': 'complete'},deviant
1182,Analyze Request for Quotation,2011-06-21 02:21:31,2011-06-22 19:47:31,2011-06-22 20:18:31,Magdalena Predutta,49,0.1774650547789951,0,3,19,6,248867.5333333,2494.0,1187.5166666666667,3,{'lifecycle:transition': 'complete'},deviant
1141,Analyze Request for Quotation,2011-06-21 08:12:46,2011-06-22 22:37:51,2011-06-22 22:59:51,Francois de Perrier,51,0.1774650547789951,0,9,22,6,249037.86666663332,2310.0833333333335,1357.85,3,{'lifecycle:transition': 'complete'},deviant
1178,Analyze Request for Quotation,2011-06-21 05:18:19,2011-06-22 22:38:44,2011-06-22 23:11:44,Magdalena Predutta,50,0.1774650547789951,0,4,22,6,249038.74999996665,2482.4166666666665,1358.7333333333333,3,{'lifecycle:transition': 'complete'},regular
1178,Amend Request for Quotation,2011-06-22 23:11:44,2011-06-22 23:36:53,2011-06-22 23:43:53,Elvira Lores,52,0.057329051756705704,0,5,23,6,249096.89999996667,58.15,1416.8833333333334,3,{'lifecycle:transition': 'complete'},regular
1198,Create Request for Quotation,2011-06-22 02:01:59,2011-06-22 23:45:09,2011-06-22 23:56:09,Penn Osterwalder,54,0.04731771817151492,0,2,23,6,249105.16666663333,1312.1666666666667,1425.15,3,{'lifecycle:transition': 'complete'},regular
1177,Create Quotation comparison Map,2011-06-22 10:22:43,2011-06-22 22:16:26,2011-06-23 01:12:26,Karel de Groot,54,0.4004533434076313,0,5,22,6,249016.44999996666,731.7166666666667,1336.4333333333334,3,{'lifecycle:transition': 'complete'},deviant
1197,Analyze Purchase Requisition,2011-06-21 23:28:59,2011-06-23 01:32:23,2011-06-23 01:36:23,Heinz Gutschmidt,53,0.03333962976955043,0,2,1,6,249212.39999996667,1597.4,92.38333333333334,4,{'lifecycle:transition': 'complete'},deviant
1192,Amend Purchase Requisition,2011-06-22 18:03:01,2011-06-23 02:21:13,2011-06-23 02:45:13,Kim Passa,53,0.0017944843218738193,0,3,2,6,249261.23333329998,502.2,141.21666666666667,4,{'lifecycle:transition': 'complete'},deviant
1179,Analyze Request for Quotation,2011-06-21 08:35:02,2011-06-23 05:17:33,2011-06-23 05:37:33,Francois de Perrier,50,0.1774650547789951,0,4,5,6,249437.56666663333,2685.516666666667,317.55,4,{'lifecycle:transition': 'complete'},regular
1179,Amend Request for Quotation,2011-06-23 05:37:33,2011-06-23 06:00:17,2011-06-23 06:13:17,Kim Passa,51,0.057329051756705704,0,5,6,6,249480.29999996666,42.733333333333334,360.28333333333336,4,{'lifecycle:transition': 'complete'},regular
1161,Analyze Request for Quotation,2011-06-21 21:45:12,2011-06-23 07:06:16,2011-06-23 07:40:16,Francois de Perrier,52,0.1774650547789951,0,8,7,6,249546.2833333,2012.0666666666666,426.26666666666665,4,{'lifecycle:transition': 'complete'},deviant
1160,Analyze Request for Quotation,2011-06-21 20:25:46,2011-06-23 07:32:20,2011-06-23 07:56:20,Karel de Groot,52,0.1774650547789951,0,8,7,6,249572.34999996665,2121.5666666666666,452.3333333333333,4,{'lifecycle:transition': 'complete'},regular
1160,Amend Request for Quotation,2011-06-23 07:56:20,2011-06-23 08:18:00,2011-06-23 08:32:00,Penn Osterwalder,51,0.057329051756705704,0,9,8,6,249618.01666663334,45.666666666666664,498.0,4,{'lifecycle:transition': 'complete'},regular
1177,Analyze Quotation Comparison Map,2011-06-23 01:12:26,2011-06-23 08:10:12,2011-06-23 08:39:12,Immanuel Karagianni,52,0.0646014355874575,0,6,8,6,249610.21666663332,593.7666666666667,490.2,4,{'lifecycle:transition': 'complete'},deviant
1177,Choose best option,2011-06-23 08:39:12,2011-06-23 09:02:34,2011-06-23 09:02:34,Clement Duchot,51,0.0,0,7,9,6,249662.5833333,52.36666666666667,542.5666666666667,4,{'lifecycle:transition': 'complete'},deviant
1141,Send Request for Quotation to Supplier,2011-06-22 22:59:51,2011-06-23 18:42:46,2011-06-23 19:02:46,Karel de Groot,52,0.07225160559123536,0,10,18,6,250242.7833333,1204.9166666666667,1122.7666666666667,4,{'lifecycle:transition': 'complete'},deviant
1161,Send Request for Quotation to Supplier,2011-06-23 07:40:16,2011-06-24 01:09:11,2011-06-24 01:45:11,Karel de Groot,51,0.07225160559123536,0,9,1,6,250629.19999996666,1082.9166666666667,69.18333333333334,5,{'lifecycle:transition': 'complete'},deviant
1212,Create Purchase Requisition,2011-06-24 02:08:59,2011-06-24 02:08:59,2011-06-24 02:39:59,Fjodor Kowalski,51,0.1258027956176804,0,1,2,6,250688.99999996665,250688.99999996665,128.98333333333332,5,{'lifecycle:transition': 'complete'},deviant
1192,Analyze Purchase Requisition,2011-06-23 02:45:13,2011-06-24 02:52:37,2011-06-24 03:00:37,Heinz Gutschmidt,51,0.03333962976955043,0,4,2,6,250732.63333329998,1471.4,172.61666666666667,5,{'lifecycle:transition': 'complete'},deviant
1214,Create Purchase Requisition,2011-06-24 05:13:59,2011-06-24 05:13:59,2011-06-24 05:31:59,Fjodor Kowalski,51,0.1258027956176804,0,1,5,6,250873.99999996665,250873.99999996665,313.98333333333335,5,{'lifecycle:transition': 'complete'},deviant
1215,Create Purchase Requisition,2011-06-24 08:48:59,2011-06-24 08:48:59,2011-06-24 09:13:59,Christian Francois,52,0.1258027956176804,0,1,8,6,251088.99999996665,251088.99999996665,528.9833333333333,5,{'lifecycle:transition': 'complete'},deviant
1178,Analyze Request for Quotation,2011-06-22 23:43:53,2011-06-24 09:09:03,2011-06-24 09:43:03,Francois de Perrier,52,0.1774650547789951,0,6,9,6,251109.06666663333,2012.1666666666667,549.05,5,{'lifecycle:transition': 'complete'},regular
1178,Amend Request for Quotation,2011-06-24 09:43:03,2011-06-24 09:59:59,2011-06-24 10:09:59,Fjodor Kowalski,52,0.057329051756705704,0,7,9,6,251159.99999996665,50.93333333333333,599.9833333333333,5,{'lifecycle:transition': 'complete'},regular
1161,Create Quotation comparison Map,2011-06-24 01:45:11,2011-06-24 08:09:20,2011-06-24 10:27:20,Magdalena Predutta,50,0.4004533434076313,0,10,8,6,251049.34999996665,420.15,489.3333333333333,5,{'lifecycle:transition': 'complete'},deviant
1215,Create Request for Quotation,2011-06-24 09:13:59,2011-06-24 14:27:49,2011-06-24 14:40:49,Miu Hanwan,52,0.04731771817151492,0,2,14,6,251427.8333333,338.8333333333333,867.8166666666667,5,{'lifecycle:transition': 'complete'},deviant
1179,Analyze Request for Quotation,2011-06-23 06:13:17,2011-06-24 18:00:42,2011-06-24 18:25:42,Karel de Groot,51,0.1774650547789951,0,6,18,6,251640.71666663332,2160.4166666666665,1080.7,5,{'lifecycle:transition': 'complete'},regular
1177,Settle Conditions With Supplier,2011-06-23 09:02:34,2011-06-24 09:43:03,2011-06-24 18:36:03,Francois de Perrier,51,0.8897808840196448,0,8,9,6,251136.06666663333,1473.4833333333333,576.05,5,{'lifecycle:transition': 'complete'},deviant
1160,Analyze Request for Quotation,2011-06-23 08:32:00,2011-06-24 20:57:04,2011-06-24 21:27:04,Magdalena Predutta,51,0.1774650547789951,0,10,20,6,251817.0833333,2199.0666666666666,1257.0666666666666,5,{'lifecycle:transition': 'complete'},regular
1212,Analyze Purchase Requisition,2011-06-24 02:39:59,2011-06-25 02:21:13,2011-06-25 02:29:13,Heinz Gutschmidt,51,0.03333962976955043,0,2,2,6,252141.23333329998,1452.2333333333333,141.21666666666667,6,{'lifecycle:transition': 'complete'},deviant
1212,Create Request for Quotation,2011-06-25 02:29:13,2011-06-25 02:46:46,2011-06-25 02:47:46,Heinz Gutschmidt,50,0.04731771817151492,0,3,2,6,252166.7833333,25.55,166.76666666666668,6,{'lifecycle:transition': 'complete'},deviant
1214,Analyze Purchase Requisition,2011-06-24 05:31:59,2011-06-25 05:13:13,2011-06-25 05:21:13,Francis Odell,51,0.03333962976955043,0,2,5,6,252313.23333329998,1439.2333333333333,313.21666666666664,6,{'lifecycle:transition': 'complete'},deviant
1220,Create Purchase Requisition,2011-06-25 04:55:59,2011-06-25 04:55:59,2011-06-25 05:35:59,Fjodor Kowalski,51,0.1258027956176804,0,1,4,6,252295.99999996665,252295.99999996665,295.98333333333335,6,{'lifecycle:transition': 'complete'},deviant
1214,Create Request for Quotation,2011-06-25 05:21:13,2011-06-25 05:38:46,2011-06-25 05:40:46,Maris Freeman,51,0.04731771817151492,0,3,5,6,252338.7833333,25.55,338.76666666666665,6,{'lifecycle:transition': 'complete'},deviant
1177,Create Purchase Order,2011-06-24 18:36:03,2011-06-25 09:53:32,2011-06-25 09:59:32,Magdalena Predutta,51,0.048073290517567056,0,9,9,6,252593.54999996666,1457.4833333333333,593.5333333333333,6,{'lifecycle:transition': 'complete'},deviant
1220,Create Request for Quotation,2011-06-25 05:35:59,2011-06-25 10:20:19,2011-06-25 10:35:19,Clement Duchot,51,0.04731771817151492,0,2,10,6,252620.3333333,324.3333333333333,620.3166666666667,6,{'lifecycle:transition': 'complete'},deviant
1179,Send Request for Quotation to Supplier,2011-06-24 18:25:42,2011-06-25 13:05:59,2011-06-25 13:41:59,Magdalena Predutta,51,0.07225160559123536,0,7,13,6,252785.99999996665,1145.2833333333333,785.9833333333333,6,{'lifecycle:transition': 'complete'},regular
1184,Analyze Request for Quotation,2011-06-22 04:45:46,2011-06-25 14:26:02,2011-06-25 14:44:02,Francois de Perrier,54,0.1774650547789951,0,4,14,6,252866.04999996666,4902.266666666666,866.0333333333333,6,{'lifecycle:transition': 'complete'},deviant
1184,Amend Request for Quotation,2011-06-25 14:44:02,2011-06-25 15:07:45,2011-06-25 15:20:45,Esmana Liubiata,51,0.057329051756705704,0,5,15,6,252907.76666663334,41.71666666666667,907.75,6,{'lifecycle:transition': 'complete'},deviant
1178,Analyze Request for Quotation,2011-06-24 10:09:59,2011-06-25 18:10:13,2011-06-25 18:29:13,Francois de Perrier,52,0.1774650547789951,0,8,18,6,253090.23333329998,1930.2333333333333,1090.2166666666667,6,{'lifecycle:transition': 'complete'},regular
1225,Create Purchase Requisition,2011-06-25 18:06:59,2011-06-25 18:06:59,2011-06-25 18:51:59,Alberto Duport,52,0.1258027956176804,0,1,18,6,253086.99999996665,253086.99999996665,1086.9833333333333,6,{'lifecycle:transition': 'complete'},deviant
1178,Amend Request for Quotation,2011-06-25 18:29:13,2011-06-25 18:47:51,2011-06-25 18:54:51,Fjodor Kowalski,52,0.057329051756705704,0,9,18,6,253127.86666663332,37.63333333333333,1127.85,6,{'lifecycle:transition': 'complete'},regular
1187,Analyze Request for Quotation,2011-06-22 09:05:25,2011-06-25 18:46:42,2011-06-25 19:04:42,Francois de Perrier,54,0.1774650547789951,0,4,18,6,253126.71666663332,4904.283333333334,1126.7,6,{'lifecycle:transition': 'complete'},deviant
1198,Analyze Request for Quotation,2011-06-22 23:56:09,2011-06-25 20:28:18,2011-06-25 20:55:18,Karel de Groot,52,0.1774650547789951,0,3,20,6,253228.31666663333,4123.15,1228.3,6,{'lifecycle:transition': 'complete'},regular
1198,Amend Request for Quotation,2011-06-25 20:55:18,2011-06-25 22:21:04,2011-06-25 22:35:04,Miu Hanwan,51,0.057329051756705704,0,4,22,6,253341.0833333,112.76666666666667,1341.0666666666666,6,{'lifecycle:transition': 'complete'},regular
1179,Create Quotation comparison Map,2011-06-25 13:41:59,2011-06-25 17:34:48,2011-06-25 22:53:48,Magdalena Predutta,51,0.4004533434076313,0,8,17,6,253054.81666663333,268.81666666666666,1054.8,6,{'lifecycle:transition': 'complete'},regular
1191,Analyze Request for Quotation,2011-06-22 18:51:38,2011-06-26 04:21:15,2011-06-26 04:42:15,Francois de Perrier,53,0.1774650547789951,0,4,4,6,253701.26666663334,4891.616666666667,261.25,7,{'lifecycle:transition': 'complete'},deviant
1191,Amend Request for Quotation,2011-06-26 04:42:15,2011-06-26 05:09:12,2011-06-26 05:14:12,Elvira Lores,51,0.057329051756705704,0,5,5,6,253749.21666663332,47.95,309.2,7,{'lifecycle:transition': 'complete'},deviant
1179,Analyze Quotation Comparison Map,2011-06-25 22:53:48,2011-06-26 05:46:40,2011-06-26 05:59:40,Fjodor Kowalski,51,0.0646014355874575,0,9,5,6,253786.6833333,731.8666666666667,346.6666666666667,7,{'lifecycle:transition': 'complete'},regular
1179,Choose best option,2011-06-26 05:59:40,2011-06-26 06:10:48,2011-06-26 06:10:48,Nico Ojenbeer,51,0.0,0,10,6,6,253810.81666663333,24.133333333333333,370.8,7,{'lifecycle:transition': 'complete'},regular
1177,Confirm Purchase Order,2011-06-25 09:59:32,2011-06-26 07:59:35,2011-06-26 08:12:35,Carmen Finacse,51,0.06752927842840951,0,10,7,6,253919.59999996665,1326.05,479.5833333333333,7,{'lifecycle:transition': 'complete'},deviant
1215,Analyze Request for Quotation,2011-06-24 14:40:49,2011-06-26 16:23:34,2011-06-26 16:50:34,Magdalena Predutta,51,0.1774650547789951,0,3,16,6,254423.5833333,2995.75,983.5666666666667,7,{'lifecycle:transition': 'complete'},deviant
1227,Create Purchase Requisition,2011-06-26 17:34:59,2011-06-26 17:34:59,2011-06-26 17:54:59,Esmana Liubiata,50,0.1258027956176804,0,1,17,6,254494.99999996665,254494.99999996665,1054.9833333333333,7,{'lifecycle:transition': 'complete'},deviant
1215,Amend Request for Quotation,2011-06-26 16:50:34,2011-06-26 18:54:22,2011-06-26 19:04:22,Fjodor Kowalski,49,0.057329051756705704,0,4,18,6,254574.38333329998,150.8,1134.3666666666666,7,{'lifecycle:transition': 'complete'},deviant
1225,Analyze Purchase Requisition,2011-06-25 18:51:59,2011-06-26 22:45:32,2011-06-26 22:53:32,Francis Odell,52,0.03333962976955043,0,2,22,6,254805.54999996666,1718.55,1365.5333333333333,7,{'lifecycle:transition': 'complete'},deviant
1225,Create Request for Quotation,2011-06-26 22:53:32,2011-06-26 23:30:30,2011-06-26 23:32:30,Maris Freeman,50,0.04731771817151492,0,3,23,6,254850.51666663334,44.96666666666667,1410.5,7,{'lifecycle:transition': 'complete'},deviant
1220,Analyze Request for Quotation,2011-06-25 10:35:19,2011-06-26 23:23:54,2011-06-26 23:50:54,Francois de Perrier,51,0.1774650547789951,0,3,23,6,254843.91666663333,2223.5833333333335,1403.9,7,{'lifecycle:transition': 'complete'},deviant
1178,Analyze Request for Quotation,2011-06-25 18:54:51,2011-06-27 01:00:17,2011-06-27 01:20:17,Karel de Groot,52,0.1774650547789951,0,10,1,6,254940.29999996666,1812.4333333333334,60.28333333333333,1,{'lifecycle:transition': 'complete'},regular
1220,Amend Request for Quotation,2011-06-26 23:50:54,2011-06-27 04:12:15,2011-06-27 04:18:15,Alberto Duport,50,0.057329051756705704,0,4,4,6,255132.26666663334,288.35,252.25,1,{'lifecycle:transition': 'complete'},deviant
1212,Analyze Request for Quotation,2011-06-25 02:47:46,2011-06-27 06:48:30,2011-06-27 07:06:30,Magdalena Predutta,50,0.1774650547789951,0,4,6,6,255288.51666663334,3121.733333333333,408.5,1,{'lifecycle:transition': 'complete'},deviant
1212,Amend Request for Quotation,2011-06-27 07:06:30,2011-06-27 07:35:36,2011-06-27 07:49:36,Elvira Lores,49,0.057329051756705704,0,5,7,6,255335.61666663332,47.1,455.6,1,{'lifecycle:transition': 'complete'},deviant
1214,Analyze Request for Quotation,2011-06-25 05:40:46,2011-06-27 10:20:15,2011-06-27 10:48:15,Karel de Groot,51,0.1774650547789951,0,4,10,6,255500.26666663334,3161.483333333333,620.25,1,{'lifecycle:transition': 'complete'},deviant
1198,Analyze Request for Quotation,2011-06-25 22:35:04,2011-06-27 10:47:54,2011-06-27 11:10:54,Francois de Perrier,51,0.1774650547789951,0,5,10,6,255527.91666663333,2186.8333333333335,647.9,1,{'lifecycle:transition': 'complete'},regular
1214,Amend Request for Quotation,2011-06-27 10:48:15,2011-06-27 11:17:15,2011-06-27 11:28:15,Christian Francois,49,0.057329051756705704,0,5,11,6,255557.26666663334,57.0,677.25,1,{'lifecycle:transition': 'complete'},deviant
1198,Amend Request for Quotation,2011-06-27 11:10:54,2011-06-27 11:33:55,2011-06-27 11:47:55,Immanuel Karagianni,49,0.057329051756705704,0,6,11,6,255573.9333333,46.016666666666666,693.9166666666666,1,{'lifecycle:transition': 'complete'},regular
1184,Analyze Request for Quotation,2011-06-25 15:20:45,2011-06-27 12:50:45,2011-06-27 13:16:45,Francois de Perrier,51,0.1774650547789951,0,6,12,6,255650.76666663334,2743.0,770.75,1,{'lifecycle:transition': 'complete'},deviant
1220,Analyze Request for Quotation,2011-06-27 04:18:15,2011-06-27 13:16:45,2011-06-27 13:31:45,Francois de Perrier,49,0.1774650547789951,0,5,13,6,255662.11666663332,529.85,782.1,1,{'lifecycle:transition': 'complete'},deviant
1184,Amend Request for Quotation,2011-06-27 13:16:45,2011-06-27 13:43:06,2011-06-27 13:54:06,Clement Duchot,49,0.057329051756705704,0,7,13,6,255703.11666663332,52.35,823.1,1,{'lifecycle:transition': 'complete'},deviant
1191,Analyze Request for Quotation,2011-06-26 05:14:12,2011-06-27 14:14:38,2011-06-27 14:34:38,Karel de Groot,51,0.1774650547789951,0,6,14,6,255734.64999996667,1985.4333333333334,854.6333333333333,1,{'lifecycle:transition': 'complete'},deviant
1220,Amend Request for Quotation,2011-06-27 13:31:45,2011-06-27 14:28:17,2011-06-27 14:41:17,Anne Olwada,49,0.057329051756705704,0,6,14,6,255748.29999996666,86.18333333333334,868.2833333333333,1,{'lifecycle:transition': 'complete'},deviant
1191,Amend Request for Quotation,2011-06-27 14:34:38,2011-06-27 14:57:12,2011-06-27 15:06:12,Elvira Lores,49,0.057329051756705704,0,7,14,6,255777.21666663332,42.56666666666667,897.2,1,{'lifecycle:transition': 'complete'},deviant
1227,Analyze Purchase Requisition,2011-06-26 17:54:59,2011-06-27 17:21:30,2011-06-27 17:28:30,Maris Freeman,50,0.03333962976955043,0,2,17,6,255921.51666663334,1426.5166666666667,1041.5,1,{'lifecycle:transition': 'complete'},deviant
1227,Create Request for Quotation,2011-06-27 17:28:30,2011-06-27 17:50:26,2011-06-27 17:52:26,Francis Odell,49,0.04731771817151492,0,3,17,6,255950.44999996666,28.933333333333334,1070.4333333333334,1,{'lifecycle:transition': 'complete'},deviant
1215,Analyze Request for Quotation,2011-06-26 19:04:22,2011-06-28 00:46:47,2011-06-28 01:18:47,Karel de Groot,50,0.1774650547789951,0,5,0,6,256366.79999996666,1792.4166666666667,46.78333333333333,2,{'lifecycle:transition': 'complete'},deviant
1215,Amend Request for Quotation,2011-06-28 01:18:47,2011-06-28 01:49:40,2011-06-28 02:01:40,Miu Hanwan,49,0.057329051756705704,0,6,1,6,256429.6833333,62.88333333333333,109.66666666666667,2,{'lifecycle:transition': 'complete'},deviant
1198,Analyze Request for Quotation,2011-06-27 11:47:55,2011-06-28 04:23:19,2011-06-28 04:44:19,Karel de Groot,49,0.1774650547789951,0,7,4,6,256583.3333333,1009.4,263.31666666666666,2,{'lifecycle:transition': 'complete'},regular
1212,Analyze Request for Quotation,2011-06-27 07:49:36,2011-06-28 04:37:18,2011-06-28 05:01:18,Magdalena Predutta,49,0.1774650547789951,0,6,4,6,256597.31666663333,1261.7,277.3,2,{'lifecycle:transition': 'complete'},deviant
1198,Amend Request for Quotation,2011-06-28 04:44:19,2011-06-28 05:17:07,2011-06-28 05:25:07,Clement Duchot,49,0.057329051756705704,0,8,5,6,256637.13333329998,53.8,317.1166666666667,2,{'lifecycle:transition': 'complete'},regular
1212,Amend Request for Quotation,2011-06-28 05:01:18,2011-06-28 05:32:22,2011-06-28 05:48:22,Heinz Gutschmidt,49,0.057329051756705704,0,7,5,6,256652.38333329998,55.06666666666667,332.3666666666667,2,{'lifecycle:transition': 'complete'},deviant
1225,Analyze Request for Quotation,2011-06-26 23:32:30,2011-06-28 05:33:37,2011-06-28 06:06:37,Magdalena Predutta,50,0.1774650547789951,0,4,5,6,256653.63333329998,1803.1166666666666,333.6166666666667,2,{'lifecycle:transition': 'complete'},deviant
1225,Amend Request for Quotation,2011-06-28 06:06:37,2011-06-28 06:41:09,2011-06-28 06:51:09,Nico Ojenbeer,49,0.057329051756705704,0,5,6,6,256721.16666663333,67.53333333333333,401.15,2,{'lifecycle:transition': 'complete'},deviant
1184,Analyze Request for Quotation,2011-06-27 13:54:06,2011-06-28 07:16:25,2011-06-28 07:49:25,Karel de Groot,49,0.1774650547789951,0,8,7,6,256756.4333333,1053.3166666666666,436.4166666666667,2,{'lifecycle:transition': 'complete'},deviant
1214,Analyze Request for Quotation,2011-06-27 11:28:15,2011-06-28 08:17:40,2011-06-28 08:40:40,Karel de Groot,49,0.1774650547789951,0,6,8,6,256817.6833333,1260.4166666666667,497.6666666666667,2,{'lifecycle:transition': 'complete'},deviant
1184,Amend Request for Quotation,2011-06-28 07:49:25,2011-06-28 08:28:35,2011-06-28 08:52:35,Heinz Gutschmidt,49,0.057329051756705704,0,9,8,6,256828.59999996665,72.16666666666667,508.5833333333333,2,{'lifecycle:transition': 'complete'},deviant
1220,Analyze Request for Quotation,2011-06-27 14:41:17,2011-06-28 11:57:00,2011-06-28 12:25:00,Karel de Groot,49,0.1774650547789951,0,7,11,6,257037.01666663334,1288.7166666666667,717.0,2,{'lifecycle:transition': 'complete'},deviant
1220,Amend Request for Quotation,2011-06-28 12:25:00,2011-06-28 12:54:54,2011-06-28 13:10:54,Francis Odell,48,0.057329051756705704,0,8,12,6,257094.91666663333,57.9,774.9,2,{'lifecycle:transition': 'complete'},deviant
1191,Analyze Request for Quotation,2011-06-27 15:06:12,2011-06-28 13:02:14,2011-06-28 13:22:14,Magdalena Predutta,49,0.1774650547789951,0,8,13,6,257102.24999996665,1325.0333333333333,782.2333333333333,2,{'lifecycle:transition': 'complete'},deviant
1242,Create Purchase Requisition,2011-06-28 20:15:59,2011-06-28 20:15:59,2011-06-28 20:38:59,Penn Osterwalder,49,0.1258027956176804,0,1,20,6,257535.99999996665,257535.99999996665,1215.9833333333333,2,{'lifecycle:transition': 'complete'},deviant
1227,Analyze Request for Quotation,2011-06-27 17:52:26,2011-06-29 02:14:22,2011-06-29 02:28:22,Karel de Groot,49,0.1774650547789951,0,4,2,6,257894.38333329998,1943.9333333333334,134.36666666666667,3,{'lifecycle:transition': 'complete'},deviant
1227,Amend Request for Quotation,2011-06-29 02:28:22,2011-06-29 02:58:19,2011-06-29 03:10:19,Immanuel Karagianni,49,0.057329051756705704,0,5,2,6,257938.3333333,43.95,178.31666666666666,3,{'lifecycle:transition': 'complete'},deviant
1191,Send Request for Quotation to Supplier,2011-06-28 13:22:14,2011-06-29 07:56:35,2011-06-29 08:27:35,Francois de Perrier,48,0.07225160559123536,0,9,7,6,258236.59999996665,1134.35,476.5833333333333,3,{'lifecycle:transition': 'complete'},deviant
1191,Create Quotation comparison Map,2011-06-29 08:27:35,2011-06-29 15:59:55,2011-06-29 18:06:55,Francois de Perrier,49,0.4004533434076313,0,10,15,6,258719.9333333,483.3333333333333,959.9166666666666,3,{'lifecycle:transition': 'complete'},deviant
1212,Analyze Request for Quotation,2011-06-28 05:48:22,2011-06-29 18:08:50,2011-06-29 18:38:50,Karel de Groot,49,0.1774650547789951,0,8,18,6,258848.84999996665,2196.4666666666667,1088.8333333333333,3,{'lifecycle:transition': 'complete'},deviant
1198,Analyze Request for Quotation,2011-06-28 05:25:07,2011-06-29 18:40:39,2011-06-29 18:59:39,Magdalena Predutta,49,0.1774650547789951,0,9,18,6,258880.66666663333,2243.5333333333333,1120.65,3,{'lifecycle:transition': 'complete'},regular
1212,Amend Request for Quotation,2011-06-29 18:38:50,2011-06-29 18:58:31,2011-06-29 19:04:31,Alberto Duport,48,0.057329051756705704,0,9,18,6,258898.5333333,49.68333333333333,1138.5166666666667,3,{'lifecycle:transition': 'complete'},deviant
1215,Analyze Request for Quotation,2011-06-28 02:01:40,2011-06-29 19:19:22,2011-06-29 19:34:22,Francois de Perrier,49,0.1774650547789951,0,7,19,6,258919.38333329998,2489.7,1159.3666666666666,3,{'lifecycle:transition': 'complete'},deviant
1215,Amend Request for Quotation,2011-06-29 19:34:22,2011-06-29 19:57:58,2011-06-29 20:10:58,Francis Odell,48,0.057329051756705704,0,8,19,6,258957.98333329998,38.6,1197.9666666666667,3,{'lifecycle:transition': 'complete'},deviant
1225,Analyze Request for Quotation,2011-06-28 06:51:09,2011-06-29 20:46:32,2011-06-29 21:09:32,Magdalena Predutta,49,0.1774650547789951,0,6,20,6,259006.54999996666,2285.383333333333,1246.5333333333333,3,{'lifecycle:transition': 'complete'},deviant
1225,Amend Request for Quotation,2011-06-29 21:09:32,2011-06-29 21:39:25,2011-06-29 21:53:25,Kim Passa,48,0.057329051756705704,0,7,21,6,259059.4333333,52.88333333333333,1299.4166666666667,3,{'lifecycle:transition': 'complete'},deviant
1242,Analyze Purchase Requisition,2011-06-28 20:38:59,2011-06-29 22:03:41,2011-06-29 22:08:41,Heinz Gutschmidt,49,0.03333962976955043,0,2,22,6,259083.69999996666,1547.7,1323.6833333333334,3,{'lifecycle:transition': 'complete'},deviant
1184,Analyze Request for Quotation,2011-06-28 08:52:35,2011-06-29 22:46:31,2011-06-29 23:11:31,Karel de Groot,48,0.1774650547789951,0,10,22,6,259126.5333333,2297.9333333333334,1366.5166666666667,3,{'lifecycle:transition': 'complete'},deviant
1220,Analyze Request for Quotation,2011-06-28 13:10:54,2011-06-30 01:01:14,2011-06-30 01:43:14,Magdalena Predutta,48,0.1774650547789951,0,9,1,6,259261.24999996665,2166.3333333333335,61.233333333333334,4,{'lifecycle:transition': 'complete'},deviant
1220,Amend Request for Quotation,2011-06-30 01:43:14,2011-06-30 04:28:30,2011-06-30 04:35:30,Nico Ojenbeer,46,0.057329051756705704,0,10,4,6,259468.51666663334,207.26666666666668,268.5,4,{'lifecycle:transition': 'complete'},deviant
1225,Analyze Request for Quotation,2011-06-29 21:53:25,2011-06-30 12:18:17,2011-06-30 12:45:17,Magdalena Predutta,48,0.1774650547789951,0,8,12,6,259938.29999996666,878.8666666666667,738.2833333333333,4,{'lifecycle:transition': 'complete'},deviant
1225,Amend Request for Quotation,2011-06-30 12:45:17,2011-06-30 13:06:40,2011-06-30 13:18:40,Immanuel Karagianni,45,0.057329051756705704,0,9,13,6,259986.6833333,48.38333333333333,786.6666666666666,4,{'lifecycle:transition': 'complete'},deviant
1198,Send Request for Quotation to Supplier,2011-06-29 18:59:39,2011-06-30 15:02:30,2011-06-30 15:13:30,Francois de Perrier,48,0.07225160559123536,0,10,15,6,260102.51666663334,1221.85,902.5,4,{'lifecycle:transition': 'complete'},regular
1227,Analyze Request for Quotation,2011-06-29 03:10:19,2011-06-30 15:21:59,2011-06-30 15:44:59,Magdalena Predutta,49,0.1774650547789951,0,6,15,6,260121.99999996665,2183.6666666666665,921.9833333333333,4,{'lifecycle:transition': 'complete'},deviant
1215,Analyze Request for Quotation,2011-06-29 20:10:58,2011-06-30 20:31:43,2011-06-30 20:50:43,Magdalena Predutta,48,0.1774650547789951,0,9,20,6,260431.73333329998,1473.75,1231.7166666666667,4,{'lifecycle:transition': 'complete'},deviant
1255,Create Purchase Requisition,2011-06-30 22:27:59,2011-06-30 22:27:59,2011-06-30 23:09:59,Alberto Duport,45,0.1258027956176804,0,1,22,6,260547.99999996665,260547.99999996665,1347.9833333333333,4,{'lifecycle:transition': 'complete'},regular
1212,Analyze Request for Quotation,2011-06-29 19:04:31,2011-07-01 06:46:19,2011-07-01 06:56:19,Karel de Groot,48,0.1774650547789951,0,10,6,7,261046.3333333,2147.8,406.31666666666666,5,{'lifecycle:transition': 'complete'},deviant
1259,Create Purchase Requisition,2011-07-01 07:51:59,2011-07-01 07:51:59,2011-07-01 08:43:59,Elvira Lores,45,0.1258027956176804,0,1,7,7,261111.99999996665,261111.99999996665,471.98333333333335,5,{'lifecycle:transition': 'complete'},deviant
1227,Send Request for Quotation to Supplier,2011-06-30 15:44:59,2011-07-01 08:59:54,2011-07-01 09:15:54,Magdalena Predutta,44,0.07225160559123536,0,7,8,7,261179.91666663333,1057.9166666666667,539.9,5,{'lifecycle:transition': 'complete'},deviant
1259,Create Request for Quotation,2011-07-01 08:43:59,2011-07-01 13:07:29,2011-07-01 13:17:29,Miu Hanwan,45,0.04731771817151492,0,2,13,7,261427.49999996665,315.5,787.4833333333333,5,{'lifecycle:transition': 'complete'},deviant
1215,Send Request for Quotation to Supplier,2011-06-30 20:50:43,2011-07-01 13:31:55,2011-07-01 13:38:55,Francois de Perrier,44,0.07225160559123536,0,10,13,7,261451.9333333,1020.2,811.9166666666666,5,{'lifecycle:transition': 'complete'},deviant
1227,Create Quotation comparison Map,2011-07-01 09:15:54,2011-07-01 14:13:47,2011-07-01 20:13:47,Magdalena Predutta,45,0.4004533434076313,0,8,14,7,261493.79999996666,313.8833333333333,853.7833333333333,5,{'lifecycle:transition': 'complete'},deviant
1225,Analyze Request for Quotation,2011-06-30 13:18:40,2011-07-01 21:07:38,2011-07-01 21:42:38,Magdalena Predutta,45,0.1774650547789951,0,10,21,7,261907.64999996667,1920.9666666666667,1267.6333333333334,5,{'lifecycle:transition': 'complete'},deviant
1227,Analyze Quotation Comparison Map,2011-07-01 20:13:47,2011-07-02 03:14:44,2011-07-02 03:38:44,Tesca Lobes,44,0.0646014355874575,0,9,3,7,262274.74999996665,780.95,194.73333333333332,6,{'lifecycle:transition': 'complete'},deviant
1227,Choose best option,2011-07-02 03:38:44,2011-07-02 03:42:20,2011-07-02 03:42:20,Alberto Duport,43,0.0,0,10,3,7,262302.3499999667,27.6,222.33333333333334,6,{'lifecycle:transition': 'complete'},deviant
1255,Analyze Purchase Requisition,2011-06-30 23:09:59,2011-07-02 07:52:26,2011-07-02 07:57:26,Francis Odell,45,0.03333962976955043,0,2,7,7,262552.44999996666,2004.45,472.43333333333334,6,{'lifecycle:transition': 'complete'},regular
1255,Create Request for Quotation,2011-07-02 07:57:26,2011-07-02 08:27:33,2011-07-02 08:28:33,Maris Freeman,42,0.04731771817151492,0,3,8,7,262587.5666666333,35.11666666666667,507.55,6,{'lifecycle:transition': 'complete'},regular
1259,Analyze Request for Quotation,2011-07-01 13:17:29,2011-07-03 07:47:33,2011-07-03 08:14:33,Magdalena Predutta,45,0.1774650547789951,0,3,7,7,263987.5666666333,2560.0666666666666,467.55,7,{'lifecycle:transition': 'complete'},deviant
1259,Amend Request for Quotation,2011-07-03 08:14:33,2011-07-03 11:32:08,2011-07-03 11:42:08,Fjodor Kowalski,42,0.057329051756705704,0,4,11,7,264212.14999996667,224.58333333333334,692.1333333333333,7,{'lifecycle:transition': 'complete'},deviant
1282,Create Purchase Requisition,2011-07-04 02:47:59,2011-07-04 02:47:59,2011-07-04 03:17:59,Alberto Duport,43,0.1258027956176804,0,1,2,7,265127.99999996665,265127.99999996665,167.98333333333332,1,{'lifecycle:transition': 'complete'},deviant
1284,Create Purchase Requisition,2011-07-04 06:37:59,2011-07-04 06:37:59,2011-07-04 07:15:59,Christian Francois,44,0.1258027956176804,0,1,6,7,265357.99999996665,265357.99999996665,397.98333333333335,1,{'lifecycle:transition': 'complete'},deviant
1284,Create Request for Quotation,2011-07-04 07:15:59,2011-07-04 12:42:11,2011-07-04 12:52:11,Fjodor Kowalski,44,0.04731771817151492,0,2,12,7,265722.19999996666,364.2,762.1833333333333,1,{'lifecycle:transition': 'complete'},deviant
1259,Analyze Request for Quotation,2011-07-03 11:42:08,2011-07-04 13:21:27,2011-07-04 13:51:27,Magdalena Predutta,42,0.1774650547789951,0,5,13,7,265761.4666666333,1549.3166666666666,801.45,1,{'lifecycle:transition': 'complete'},deviant
1259,Amend Request for Quotation,2011-07-04 13:51:27,2011-07-04 14:30:33,2011-07-04 14:44:33,Nico Ojenbeer,44,0.057329051756705704,0,6,14,7,265830.5666666333,69.1,870.55,1,{'lifecycle:transition': 'complete'},deviant
1287,Create Purchase Requisition,2011-07-04 14:38:59,2011-07-04 14:38:59,2011-07-04 15:24:59,Fjodor Kowalski,45,0.1258027956176804,0,1,14,7,265838.99999996665,265838.99999996665,878.9833333333333,1,{'lifecycle:transition': 'complete'},deviant
1255,Analyze Request for Quotation,2011-07-02 08:28:33,2011-07-04 16:46:04,2011-07-04 16:52:04,Karel de Groot,42,0.1774650547789951,0,4,16,7,265966.0833333,3378.516666666667,1006.0666666666667,1,{'lifecycle:transition': 'complete'},regular
1290,Create Purchase Requisition,2011-07-04 21:20:59,2011-07-04 21:20:59,2011-07-04 21:52:59,Penn Osterwalder,46,0.1258027956176804,0,1,21,7,266240.99999996665,266240.99999996665,1280.9833333333333,1,{'lifecycle:transition': 'complete'},deviant
1282,Analyze Purchase Requisition,2011-07-04 03:17:59,2011-07-05 01:00:28,2011-07-05 01:04:28,Heinz Gutschmidt,43,0.03333962976955043,0,2,1,7,266460.4833333,1332.4833333333333,60.46666666666667,2,{'lifecycle:transition': 'complete'},deviant
1294,Create Purchase Requisition,2011-07-05 03:20:59,2011-07-05 03:20:59,2011-07-05 04:09:59,Christian Francois,46,0.1258027956176804,0,1,3,7,266600.99999996665,266600.99999996665,200.98333333333332,2,{'lifecycle:transition': 'complete'},deviant
1255,Send Request for Quotation to Supplier,2011-07-04 16:52:04,2011-07-05 11:09:02,2011-07-05 11:30:02,Karel de Groot,45,0.07225160559123536,0,5,11,7,267069.04999996664,1102.9666666666667,669.0333333333333,2,{'lifecycle:transition': 'complete'},regular
1287,Analyze Purchase Requisition,2011-07-04 15:24:59,2011-07-05 13:08:47,2011-07-05 13:15:47,Heinz Gutschmidt,45,0.03333962976955043,0,2,13,7,267188.79999996664,1349.8,788.7833333333333,2,{'lifecycle:transition': 'complete'},deviant
1287,Create Request for Quotation,2011-07-05 13:15:47,2011-07-05 13:41:07,2011-07-05 13:43:07,Heinz Gutschmidt,46,0.04731771817151492,0,3,13,7,267221.1333333,32.333333333333336,821.1166666666667,2,{'lifecycle:transition': 'complete'},deviant
1255,Create Quotation comparison Map,2011-07-05 11:30:02,2011-07-05 13:55:37,2011-07-05 17:58:37,Karel de Groot,46,0.4004533434076313,0,6,13,7,267235.6333333,166.58333333333334,835.6166666666667,2,{'lifecycle:transition': 'complete'},regular
1259,Analyze Request for Quotation,2011-07-04 14:44:33,2011-07-05 17:58:37,2011-07-05 18:24:37,Karel de Groot,45,0.1774650547789951,0,7,14,7,267292.1333333,1461.5666666666666,892.1166666666667,2,{'lifecycle:transition': 'complete'},deviant
1259,Amend Request for Quotation,2011-07-05 18:24:37,2011-07-05 18:52:51,2011-07-05 19:03:51,Clement Duchot,46,0.057329051756705704,0,8,18,7,267532.86666663334,240.73333333333332,1132.85,2,{'lifecycle:transition': 'complete'},deviant
1290,Analyze Purchase Requisition,2011-07-04 21:52:59,2011-07-05 19:58:35,2011-07-05 20:02:35,Heinz Gutschmidt,46,0.03333962976955043,0,2,19,7,267598.5999999667,1357.6,1198.5833333333333,2,{'lifecycle:transition': 'complete'},deviant
1284,Analyze Request for Quotation,2011-07-04 12:52:11,2011-07-05 21:31:20,2011-07-05 21:51:20,Karel de Groot,44,0.1774650547789951,0,3,21,7,267691.3499999667,1969.15,1291.3333333333333,2,{'lifecycle:transition': 'complete'},deviant
1255,Analyze Quotation Comparison Map,2011-07-05 17:58:37,2011-07-06 00:50:22,2011-07-06 00:58:22,Tesca Lobes,46,0.0646014355874575,0,7,0,7,267890.3833333,654.75,50.36666666666667,3,{'lifecycle:transition': 'complete'},regular
1255,Choose best option,2011-07-06 00:58:22,2011-07-06 01:09:16,2011-07-06 01:09:16,Penn Osterwalder,45,0.0,0,8,1,7,267909.2833333,18.9,69.26666666666667,3,{'lifecycle:transition': 'complete'},regular
1284,Amend Request for Quotation,2011-07-05 21:51:20,2011-07-06 01:08:31,2011-07-06 01:22:31,Clement Duchot,45,0.057329051756705704,0,4,1,7,267908.5333333,217.18333333333334,68.51666666666667,3,{'lifecycle:transition': 'complete'},deviant
1294,Analyze Purchase Requisition,2011-07-05 04:09:59,2011-07-06 05:07:06,2011-07-06 05:14:06,Francis Odell,46,0.03333962976955043,0,2,5,7,268147.11666663334,1546.1166666666666,307.1,3,{'lifecycle:transition': 'complete'},deviant
1294,Create Request for Quotation,2011-07-06 05:14:06,2011-07-06 05:35:57,2011-07-06 05:38:57,Heinz Gutschmidt,45,0.04731771817151492,0,3,5,7,268175.9666666333,28.85,335.95,3,{'lifecycle:transition': 'complete'},deviant
1298,Create Purchase Requisition,2011-07-06 05:32:59,2011-07-06 05:32:59,2011-07-06 05:51:59,Clement Duchot,46,0.1258027956176804,0,1,5,7,268172.99999996665,268172.99999996665,332.98333333333335,3,{'lifecycle:transition': 'complete'},regular
1299,Create Purchase Requisition,2011-07-06 09:16:59,2011-07-06 09:16:59,2011-07-06 10:13:59,Penn Osterwalder,47,0.1258027956176804,0,1,9,7,268396.99999996665,268396.99999996665,556.9833333333333,3,{'lifecycle:transition': 'complete'},deviant
1300,Create Purchase Requisition,2011-07-06 11:51:59,2011-07-06 11:51:59,2011-07-06 12:28:59,Tesca Lobes,48,0.1258027956176804,0,1,11,7,268551.99999996665,268551.99999996665,711.9833333333333,3,{'lifecycle:transition': 'complete'},deviant
1305,Create Purchase Requisition,2011-07-06 16:42:59,2011-07-06 16:42:59,2011-07-06 17:11:59,Anne Olwada,49,0.1258027956176804,0,1,16,7,268842.99999996665,268842.99999996665,1002.9833333333333,3,{'lifecycle:transition': 'complete'},deviant
1255,Settle Conditions With Supplier,2011-07-06 01:09:16,2011-07-06 16:50:02,2011-07-06 22:19:02,Magdalena Predutta,45,0.8897808840196448,0,9,16,7,268850.04999996664,940.7666666666667,1010.0333333333333,3,{'lifecycle:transition': 'complete'},regular
1259,Analyze Request for Quotation,2011-07-05 19:03:51,2011-07-07 02:52:33,2011-07-07 03:23:33,Karel de Groot,46,0.1774650547789951,0,9,2,7,269452.5666666333,1919.7,172.55,4,{'lifecycle:transition': 'complete'},deviant
1300,Create Request for Quotation,2011-07-06 12:28:59,2011-07-07 06:43:55,2011-07-07 06:57:55,Tesca Lobes,48,0.04731771817151492,0,2,6,7,269683.9333333,1131.9333333333334,403.9166666666667,4,{'lifecycle:transition': 'complete'},deviant
1287,Analyze Request for Quotation,2011-07-05 13:43:07,2011-07-07 08:00:04,2011-07-07 08:16:04,Karel de Groot,46,0.1774650547789951,0,4,8,7,269760.0833333,2538.95,480.06666666666666,4,{'lifecycle:transition': 'complete'},deviant
1308,Create Purchase Requisition,2011-07-07 07:32:59,2011-07-07 07:32:59,2011-07-07 08:19:59,Nico Ojenbeer,50,0.1258027956176804,0,1,7,7,269732.99999996665,269732.99999996665,452.98333333333335,4,{'lifecycle:transition': 'complete'},deviant
1255,Create Purchase Order,2011-07-06 22:19:02,2011-07-07 13:12:07,2011-07-07 13:21:07,Karel de Groot,49,0.048073290517567056,0,10,13,7,270072.1333333,1222.0833333333333,792.1166666666667,4,{'lifecycle:transition': 'complete'},regular
1309,Create Purchase Requisition,2011-07-07 16:57:59,2011-07-07 16:57:59,2011-07-07 17:25:59,Fjodor Kowalski,49,0.1258027956176804,0,1,16,7,270297.99999996665,270297.99999996665,1017.9833333333333,4,{'lifecycle:transition': 'complete'},deviant
1310,Create Purchase Requisition,2011-07-07 20:11:59,2011-07-07 20:11:59,2011-07-07 20:45:59,Christian Francois,50,0.1258027956176804,0,1,20,7,270491.99999996665,270491.99999996665,1211.9833333333333,4,{'lifecycle:transition': 'complete'},deviant
1308,Create Request for Quotation,2011-07-07 08:19:59,2011-07-07 21:40:08,2011-07-07 21:49:08,Esmana Liubiata,49,0.04731771817151492,0,2,21,7,270580.14999996667,847.15,1300.1333333333334,4,{'lifecycle:transition': 'complete'},deviant
1259,Send Request for Quotation to Supplier,2011-07-07 03:23:33,2011-07-07 22:50:58,2011-07-07 23:18:58,Karel de Groot,49,0.07225160559123536,0,10,22,7,270650.9833333,1198.4166666666667,1370.9666666666667,4,{'lifecycle:transition': 'complete'},deviant
1298,Analyze Purchase Requisition,2011-07-06 05:51:59,2011-07-08 00:04:12,2011-07-08 00:11:12,Heinz Gutschmidt,46,0.03333962976955043,0,2,0,7,270724.2166666333,2551.2166666666667,4.2,5,{'lifecycle:transition': 'complete'},regular
1298,Create Request for Quotation,2011-07-08 00:11:12,2011-07-08 00:30:20,2011-07-08 00:31:20,Heinz Gutschmidt,49,0.04731771817151492,0,3,0,7,270750.3499999667,26.133333333333333,30.333333333333332,5,{'lifecycle:transition': 'complete'},regular
1284,Analyze Request for Quotation,2011-07-06 01:22:31,2011-07-08 01:14:33,2011-07-08 01:46:33,Francois de Perrier,45,0.1774650547789951,0,5,1,7,270794.5666666333,2886.0333333333333,74.55,5,{'lifecycle:transition': 'complete'},deviant
1284,Amend Request for Quotation,2011-07-08 01:46:33,2011-07-08 02:06:44,2011-07-08 02:12:44,Anne Olwada,49,0.057329051756705704,0,6,2,7,270846.74999996665,52.18333333333333,126.73333333333333,5,{'lifecycle:transition': 'complete'},deviant
1299,Analyze Purchase Requisition,2011-07-06 10:13:59,2011-07-08 05:10:54,2011-07-08 05:16:54,Heinz Gutschmidt,47,0.03333962976955043,0,2,5,7,271030.91666663333,2633.9166666666665,310.9,5,{'lifecycle:transition': 'complete'},deviant
1299,Create Request for Quotation,2011-07-08 05:16:54,2011-07-08 05:36:01,2011-07-08 05:37:01,Heinz Gutschmidt,49,0.04731771817151492,0,3,5,7,271056.0333333,25.116666666666667,336.01666666666665,5,{'lifecycle:transition': 'complete'},deviant
1309,Create Request for Quotation,2011-07-07 17:25:59,2011-07-08 06:36:52,2011-07-08 06:47:52,Christian Francois,49,0.04731771817151492,0,2,6,7,271116.8833333,818.8833333333333,396.8666666666667,5,{'lifecycle:transition': 'complete'},deviant
1310,Create Request for Quotation,2011-07-07 20:45:59,2011-07-08 10:11:45,2011-07-08 10:21:45,Clement Duchot,50,0.04731771817151492,0,2,10,7,271331.7666666333,839.7666666666667,611.75,5,{'lifecycle:transition': 'complete'},deviant
1305,Analyze Purchase Requisition,2011-07-06 17:11:59,2011-07-08 13:39:19,2011-07-08 13:44:19,Heinz Gutschmidt,49,0.03333962976955043,0,2,13,7,271539.3333333,2696.3333333333335,819.3166666666667,5,{'lifecycle:transition': 'complete'},deviant
1294,Analyze Request for Quotation,2011-07-06 05:38:57,2011-07-09 13:14:49,2011-07-09 13:40:49,Magdalena Predutta,46,0.1774650547789951,0,4,13,7,272954.8333333,4778.866666666667,794.8166666666667,6,{'lifecycle:transition': 'complete'},deviant
1284,Analyze Request for Quotation,2011-07-08 02:12:44,2011-07-09 14:40:56,2011-07-09 15:07:56,Francois de Perrier,49,0.1774650547789951,0,7,14,7,273040.94999996666,2194.2,880.9333333333333,6,{'lifecycle:transition': 'complete'},deviant
1300,Analyze Request for Quotation,2011-07-07 06:57:55,2011-07-09 14:55:50,2011-07-09 15:20:50,Magdalena Predutta,49,0.1774650547789951,0,3,14,7,273055.8499999667,3371.9166666666665,895.8333333333334,6,{'lifecycle:transition': 'complete'},deviant
1300,Amend Request for Quotation,2011-07-09 15:20:50,2011-07-09 18:29:44,2011-07-09 18:37:44,Clement Duchot,47,0.057329051756705704,0,4,18,7,273269.74999996665,213.9,1109.7333333333333,6,{'lifecycle:transition': 'complete'},deviant
1308,Analyze Request for Quotation,2011-07-07 21:49:08,2011-07-10 07:49:40,2011-07-10 08:16:40,Karel de Groot,50,0.1774650547789951,0,3,7,7,274069.6833333,3489.5333333333333,469.6666666666667,7,{'lifecycle:transition': 'complete'},deviant
1284,Send Request for Quotation to Supplier,2011-07-09 15:07:56,2011-07-10 10:54:18,2011-07-10 11:11:18,Magdalena Predutta,47,0.07225160559123536,0,8,10,7,274254.3166666333,1213.3666666666666,654.3,7,{'lifecycle:transition': 'complete'},deviant
1308,Amend Request for Quotation,2011-07-10 08:16:40,2011-07-10 11:49:47,2011-07-10 12:04:47,Miu Hanwan,47,0.057329051756705704,0,4,11,7,274309.79999996664,240.11666666666667,709.7833333333333,7,{'lifecycle:transition': 'complete'},deviant
1309,Analyze Request for Quotation,2011-07-08 06:47:52,2011-07-10 14:59:30,2011-07-10 15:19:30,Francois de Perrier,49,0.1774650547789951,0,3,14,7,274499.5166666333,3382.633333333333,899.5,7,{'lifecycle:transition': 'complete'},deviant
1284,Create Quotation comparison Map,2011-07-10 11:11:18,2011-07-10 15:08:25,2011-07-10 15:59:25,Karel de Groot,47,0.4004533434076313,0,9,15,7,274508.4333333,254.11666666666667,908.4166666666666,7,{'lifecycle:transition': 'complete'},deviant
1298,Analyze Request for Quotation,2011-07-08 00:31:20,2011-07-10 16:37:04,2011-07-10 16:50:04,Karel de Groot,49,0.1774650547789951,0,4,16,7,274597.0833333,3846.733333333333,997.0666666666667,7,{'lifecycle:transition': 'complete'},regular
1309,Amend Request for Quotation,2011-07-10 15:19:30,2011-07-10 18:14:31,2011-07-10 18:20:31,Alberto Duport,47,0.057329051756705704,0,4,18,7,274694.5333333,195.01666666666668,1094.5166666666667,7,{'lifecycle:transition': 'complete'},deviant
1310,Analyze Request for Quotation,2011-07-08 10:21:45,2011-07-10 18:39:33,2011-07-10 18:59:33,Francois de Perrier,49,0.1774650547789951,0,3,18,7,274719.5666666333,3387.8,1119.55,7,{'lifecycle:transition': 'complete'},deviant
1310,Amend Request for Quotation,2011-07-10 18:59:33,2011-07-10 21:55:33,2011-07-10 22:07:33,Nico Ojenbeer,47,0.057329051756705704,0,4,21,7,274915.5666666333,196.0,1315.55,7,{'lifecycle:transition': 'complete'},deviant
1299,Analyze Request for Quotation,2011-07-08 05:37:01,2011-07-10 21:46:09,2011-07-10 22:09:09,Magdalena Predutta,49,0.1774650547789951,0,4,21,7,274906.16666663333,3850.133333333333,1306.15,7,{'lifecycle:transition': 'complete'},deviant
1284,Analyze Quotation Comparison Map,2011-07-10 15:59:25,2011-07-10 23:05:39,2011-07-10 23:14:39,Fjodor Kowalski,47,0.0646014355874575,0,10,23,7,274985.66666663333,477.23333333333335,1385.65,7,{'lifecycle:transition': 'complete'},deviant
1300,Analyze Request for Quotation,2011-07-09 18:37:44,2011-07-11 10:06:02,2011-07-11 10:22:02,Karel de Groot,47,0.1774650547789951,0,5,10,7,275646.04999996664,2376.3,606.0333333333333,1,{'lifecycle:transition': 'complete'},deviant
1300,Amend Request for Quotation,2011-07-11 10:22:02,2011-07-11 10:48:25,2011-07-11 10:55:25,Kim Passa,46,0.057329051756705704,0,6,10,7,275688.4333333,42.38333333333333,648.4166666666666,1,{'lifecycle:transition': 'complete'},deviant
1328,Create Purchase Requisition,2011-07-11 13:11:59,2011-07-11 13:11:59,2011-07-11 13:32:59,Anne Olwada,47,0.1258027956176804,0,1,13,7,275831.99999996665,275831.99999996665,791.9833333333333,1,{'lifecycle:transition': 'complete'},deviant
1298,Send Request for Quotation to Supplier,2011-07-10 16:50:04,2011-07-11 13:48:06,2011-07-11 14:09:06,Karel de Groot,47,0.07225160559123536,0,5,13,7,275868.11666663334,1271.0333333333333,828.1,1,{'lifecycle:transition': 'complete'},regular
1308,Analyze Request for Quotation,2011-07-10 12:04:47,2011-07-11 14:01:03,2011-07-11 14:16:03,Francois de Perrier,47,0.1774650547789951,0,5,14,7,275881.0666666333,1571.2666666666667,841.05,1,{'lifecycle:transition': 'complete'},deviant
1308,Amend Request for Quotation,2011-07-11 14:16:03,2011-07-11 14:42:17,2011-07-11 14:59:17,Maris Freeman,47,0.057329051756705704,0,6,14,7,275922.29999996664,41.233333333333334,882.2833333333333,1,{'lifecycle:transition': 'complete'},deviant
1298,Create Quotation comparison Map,2011-07-11 14:09:06,2011-07-11 15:21:34,2011-07-11 18:32:34,Karel de Groot,47,0.4004533434076313,0,6,15,7,275961.5833333,93.46666666666667,921.5666666666667,1,{'lifecycle:transition': 'complete'},regular
1299,Send Request for Quotation to Supplier,2011-07-10 22:09:09,2011-07-11 19:06:40,2011-07-11 19:34:40,Karel de Groot,47,0.07225160559123536,0,5,19,7,276186.6833333,1280.5166666666667,1146.6666666666667,1,{'lifecycle:transition': 'complete'},deviant
1309,Analyze Request for Quotation,2011-07-10 18:20:31,2011-07-11 23:49:09,2011-07-12 00:03:09,Magdalena Predutta,47,0.1774650547789951,0,5,23,7,276469.16666663333,1774.6333333333334,1429.15,1,{'lifecycle:transition': 'complete'},deviant
1299,Create Quotation comparison Map,2011-07-11 19:34:40,2011-07-11 20:46:13,2011-07-12 00:04:13,Francois de Perrier,47,0.4004533434076313,0,6,20,7,276286.2333333,99.55,1246.2166666666667,1,{'lifecycle:transition': 'complete'},deviant
1309,Amend Request for Quotation,2011-07-12 00:03:09,2011-07-12 00:36:08,2011-07-12 00:43:08,Elvira Lores,47,0.057329051756705704,0,6,0,7,276516.14999996667,46.983333333333334,36.13333333333333,2,{'lifecycle:transition': 'complete'},deviant
1298,Analyze Quotation Comparison Map,2011-07-11 18:32:34,2011-07-12 01:28:54,2011-07-12 02:00:54,Kim Passa,47,0.0646014355874575,0,7,1,7,276568.91666663333,607.3333333333334,88.9,2,{'lifecycle:transition': 'complete'},regular
1298,Choose best option,2011-07-12 02:00:54,2011-07-12 02:00:55,2011-07-12 02:00:55,Penn Osterwalder,47,0.0,0,8,2,7,276600.9333333,32.016666666666666,120.91666666666667,2,{'lifecycle:transition': 'complete'},regular
1310,Analyze Request for Quotation,2011-07-10 22:07:33,2011-07-12 02:22:40,2011-07-12 02:39:40,Magdalena Predutta,47,0.1774650547789951,0,5,2,7,276622.6833333,1707.1166666666666,142.66666666666666,2,{'lifecycle:transition': 'complete'},deviant
1300,Analyze Request for Quotation,2011-07-11 10:55:25,2011-07-12 05:10:35,2011-07-12 05:38:35,Francois de Perrier,46,0.1774650547789951,0,7,5,7,276790.5999999667,1102.1666666666667,310.5833333333333,2,{'lifecycle:transition': 'complete'},deviant
1300,Amend Request for Quotation,2011-07-12 05:38:35,2011-07-12 06:12:35,2011-07-12 06:22:35,Alberto Duport,47,0.057329051756705704,0,8,6,7,276852.5999999667,62.0,372.5833333333333,2,{'lifecycle:transition': 'complete'},deviant
1299,Analyze Quotation Comparison Map,2011-07-12 00:04:13,2011-07-12 06:55:53,2011-07-12 07:12:53,Anna Kaufmann,47,0.0646014355874575,0,7,6,7,276895.89999996667,609.6666666666666,415.8833333333333,2,{'lifecycle:transition': 'complete'},deviant
1299,Choose best option,2011-07-12 07:12:53,2011-07-12 07:21:02,2011-07-12 07:21:02,Tesca Lobes,47,0.0,0,8,7,7,276921.04999996664,25.15,441.03333333333336,2,{'lifecycle:transition': 'complete'},deviant
1328,Analyze Purchase Requisition,2011-07-11 13:32:59,2011-07-12 11:46:50,2011-07-12 11:50:50,Heinz Gutschmidt,47,0.03333962976955043,0,2,11,7,277186.8499999667,1354.85,706.8333333333334,2,{'lifecycle:transition': 'complete'},deviant
1328,Create Request for Quotation,2011-07-12 11:50:50,2011-07-12 12:17:03,2011-07-12 12:19:03,Francis Odell,47,0.04731771817151492,0,3,12,7,277217.0666666333,30.216666666666665,737.05,2,{'lifecycle:transition': 'complete'},deviant
1337,Create Purchase Requisition,2011-07-13 01:07:59,2011-07-13 01:07:59,2011-07-13 01:17:59,Anne Olwada,48,0.1258027956176804,0,1,1,7,277987.99999996665,277987.99999996665,67.98333333333333,3,{'lifecycle:transition': 'complete'},deviant
1338,Create Purchase Requisition,2011-07-13 01:26:59,2011-07-13 01:26:59,2011-07-13 02:00:59,Immanuel Karagianni,49,0.1258027956176804,0,1,1,7,278006.99999996665,278006.99999996665,86.98333333333333,3,{'lifecycle:transition': 'complete'},deviant
1298,Settle Conditions With Supplier,2011-07-12 02:00:55,2011-07-12 11:42:18,2011-07-13 02:20:18,Karel de Groot,47,0.8897808840196448,0,9,11,7,277182.3166666333,581.3833333333333,702.3,2,{'lifecycle:transition': 'complete'},regular
1308,Analyze Request for Quotation,2011-07-11 14:59:17,2011-07-13 02:20:18,2011-07-13 02:44:18,Karel de Groot,47,0.1774650547789951,0,7,13,7,277301.9333333,1379.6333333333334,821.9166666666666,2,{'lifecycle:transition': 'complete'},deviant
1308,Amend Request for Quotation,2011-07-13 02:44:18,2011-07-13 03:07:25,2011-07-13 03:13:25,Elvira Lores,49,0.057329051756705704,0,8,3,7,278107.4333333,805.5,187.41666666666666,3,{'lifecycle:transition': 'complete'},deviant
1299,Settle Conditions With Supplier,2011-07-12 07:21:02,2011-07-13 02:44:18,2011-07-13 12:30:18,Karel de Groot,47,0.8897808840196448,0,9,20,7,277725.54999996664,804.5,1245.5333333333333,2,{'lifecycle:transition': 'complete'},deviant
1310,Send Request for Quotation to Supplier,2011-07-12 02:39:40,2011-07-13 12:30:18,2011-07-13 12:57:18,Karel de Groot,47,0.07225160559123536,0,6,22,7,277817.79999996664,1195.1166666666666,1337.7833333333333,2,{'lifecycle:transition': 'complete'},deviant
1298,Create Purchase Order,2011-07-13 02:20:18,2011-07-13 15:08:20,2011-07-13 15:19:20,Francois de Perrier,49,0.048073290517567056,0,10,15,7,278828.3499999667,1646.0333333333333,908.3333333333334,3,{'lifecycle:transition': 'complete'},regular
1309,Analyze Request for Quotation,2011-07-12 00:43:08,2011-07-13 18:24:55,2011-07-13 18:37:55,Francois de Perrier,47,0.1774650547789951,0,7,18,7,279024.9333333,2508.7833333333333,1104.9166666666667,3,{'lifecycle:transition': 'complete'},deviant
1300,Analyze Request for Quotation,2011-07-12 06:22:35,2011-07-13 20:14:26,2011-07-13 20:40:26,Karel de Groot,47,0.1774650547789951,0,9,20,7,279134.44999996666,2281.85,1214.4333333333334,3,{'lifecycle:transition': 'complete'},deviant
1338,Create Request for Quotation,2011-07-13 02:00:59,2011-07-13 20:49:09,2011-07-13 20:55:09,Nico Ojenbeer,49,0.04731771817151492,0,2,20,7,279169.16666663333,1162.1666666666667,1249.15,3,{'lifecycle:transition': 'complete'},deviant
1310,Create Quotation comparison Map,2011-07-13 12:57:18,2011-07-13 23:34:55,2011-07-14 03:18:55,Karel de Groot,49,0.4004533434076313,0,7,23,7,279334.9333333,1517.1333333333334,1414.9166666666667,3,{'lifecycle:transition': 'complete'},deviant
1308,Analyze Request for Quotation,2011-07-13 03:13:25,2011-07-14 03:40:14,2011-07-14 04:00:14,Karel de Groot,49,0.1774650547789951,1,9,3,7,279580.24999996665,1472.8166666666666,220.23333333333332,4,{'lifecycle:transition': 'complete'},deviant
1299,Create Purchase Order,2011-07-13 12:30:18,2011-07-14 04:00:14,2011-07-14 04:07:14,Karel de Groot,49,0.048073290517567056,1,10,3,7,279583.5666666333,1858.0166666666667,223.55,4,{'lifecycle:transition': 'complete'},deviant
1328,Analyze Request for Quotation,2011-07-12 12:19:03,2011-07-14 04:39:12,2011-07-14 05:04:12,Magdalena Predutta,47,0.1774650547789951,0,4,4,7,279639.2166666333,2422.15,279.2,4,{'lifecycle:transition': 'complete'},deviant
1347,Create Purchase Requisition,2011-07-14 05:02:59,2011-07-14 05:02:59,2011-07-14 05:34:59,Clement Duchot,47,0.1258027956176804,0,1,5,7,279662.99999996665,279662.99999996665,302.98333333333335,4,{'lifecycle:transition': 'complete'},deviant
1328,Amend Request for Quotation,2011-07-14 05:04:12,2011-07-14 05:26:32,2011-07-14 05:35:32,Tesca Lobes,47,0.057329051756705704,0,5,5,7,279686.54999996664,47.333333333333336,326.53333333333336,4,{'lifecycle:transition': 'complete'},deviant
1308,Amend Request for Quotation,2011-07-14 04:00:14,2011-07-14 07:11:05,2011-07-14 07:20:05,Miu Hanwan,47,0.057329051756705704,0,10,7,7,279791.0999999667,210.85,431.0833333333333,4,{'lifecycle:transition': 'complete'},deviant
1310,Analyze Quotation Comparison Map,2011-07-14 03:18:55,2011-07-14 10:16:23,2011-07-14 10:27:23,Miu Hanwan,47,0.0646014355874575,0,8,10,7,279976.39999996667,641.4666666666667,616.3833333333333,4,{'lifecycle:transition': 'complete'},deviant
1310,Choose best option,2011-07-14 10:27:23,2011-07-14 10:44:21,2011-07-14 10:44:21,Miu Hanwan,46,0.0,0,9,10,7,280004.36666663334,27.966666666666665,644.35,4,{'lifecycle:transition': 'complete'},deviant
1309,Send Request for Quotation to Supplier,2011-07-13 18:37:55,2011-07-14 12:05:11,2011-07-14 12:30:11,Francois de Perrier,48,0.07225160559123536,0,8,12,7,280085.19999996666,1060.2666666666667,725.1833333333333,4,{'lifecycle:transition': 'complete'},deviant
1353,Create Purchase Requisition,2011-07-14 13:58:59,2011-07-14 13:58:59,2011-07-14 14:17:59,Christian Francois,47,0.1258027956176804,0,1,13,7,280198.99999996665,280198.99999996665,838.9833333333333,4,{'lifecycle:transition': 'complete'},deviant
1309,Create Quotation comparison Map,2011-07-14 12:30:11,2011-07-14 18:18:32,2011-07-14 20:52:32,Magdalena Predutta,46,0.4004533434076313,0,9,18,7,280458.54999996664,373.35,1098.5333333333333,4,{'lifecycle:transition': 'complete'},deviant
1337,Analyze Purchase Requisition,2011-07-13 01:17:59,2011-07-14 20:59:58,2011-07-14 21:05:58,Maris Freeman,48,0.03333962976955043,0,2,20,7,280619.9833333,2631.983333333333,1259.9666666666667,4,{'lifecycle:transition': 'complete'},deviant
1358,Create Purchase Requisition,2011-07-14 22:50:59,2011-07-14 22:50:59,2011-07-14 23:06:59,Alberto Duport,48,0.1258027956176804,0,1,22,7,280730.99999996665,280730.99999996665,1370.9833333333333,4,{'lifecycle:transition': 'complete'},deviant
1309,Analyze Quotation Comparison Map,2011-07-14 20:52:32,2011-07-15 04:12:02,2011-07-15 04:45:02,Alberto Duport,47,0.0646014355874575,0,10,4,7,281052.04999996664,593.5,252.03333333333333,5,{'lifecycle:transition': 'complete'},deviant
1360,Create Purchase Requisition,2011-07-15 04:05:59,2011-07-15 04:05:59,2011-07-15 04:51:59,Tesca Lobes,49,0.1258027956176804,0,1,4,7,281045.99999996665,281045.99999996665,245.98333333333332,5,{'lifecycle:transition': 'complete'},deviant
1361,Create Purchase Requisition,2011-07-15 05:31:59,2011-07-15 05:31:59,2011-07-15 06:09:59,Elvira Lores,49,0.1258027956176804,0,1,5,7,281131.99999996665,281131.99999996665,331.98333333333335,5,{'lifecycle:transition': 'complete'},regular
1337,Amend Purchase Requisition,2011-07-14 21:05:58,2011-07-15 07:35:44,2011-07-15 08:04:44,Christian Francois,47,0.0017944843218738193,0,3,7,7,281255.74999996665,635.7666666666667,455.73333333333335,5,{'lifecycle:transition': 'complete'},deviant
1310,Settle Conditions With Supplier,2011-07-14 10:44:21,2011-07-15 01:22:43,2011-07-15 08:44:43,Magdalena Predutta,46,0.8897808840196448,0,10,1,7,280882.7333333,878.3666666666667,82.71666666666667,5,{'lifecycle:transition': 'complete'},deviant
1362,Create Purchase Requisition,2011-07-15 10:28:59,2011-07-15 10:28:59,2011-07-15 10:46:59,Christian Francois,49,0.1258027956176804,0,1,10,7,281428.99999996665,281428.99999996665,628.9833333333333,5,{'lifecycle:transition': 'complete'},deviant
1361,Create Request for Quotation,2011-07-15 06:09:59,2011-07-15 11:01:01,2011-07-15 11:12:01,Alberto Duport,49,0.04731771817151492,0,2,11,7,281461.0333333,329.03333333333336,661.0166666666667,5,{'lifecycle:transition': 'complete'},regular
1347,Analyze Purchase Requisition,2011-07-14 05:34:59,2011-07-15 15:01:52,2011-07-15 15:08:52,Heinz Gutschmidt,47,0.03333962976955043,0,2,15,7,281701.8833333,2038.8833333333334,901.8666666666667,5,{'lifecycle:transition': 'complete'},deviant
1347,Create Request for Quotation,2011-07-15 15:08:52,2011-07-15 15:35:03,2011-07-15 15:36:03,Heinz Gutschmidt,49,0.04731771817151492,0,3,15,7,281735.0666666333,33.18333333333333,935.05,5,{'lifecycle:transition': 'complete'},deviant
1328,Analyze Request for Quotation,2011-07-14 05:35:32,2011-07-15 15:50:53,2011-07-15 16:06:53,Karel de Groot,47,0.1774650547789951,0,6,15,7,281750.89999996667,2064.35,950.8833333333333,5,{'lifecycle:transition': 'complete'},deviant
1328,Amend Request for Quotation,2011-07-15 16:06:53,2011-07-15 16:28:53,2011-07-15 16:36:53,Miu Hanwan,49,0.057329051756705704,0,7,16,7,281788.89999996667,38.0,988.8833333333333,5,{'lifecycle:transition': 'complete'},deviant
1366,Create Purchase Requisition,2011-07-15 21:40:59,2011-07-15 21:40:59,2011-07-15 22:20:59,Elvira Lores,50,0.1258027956176804,0,1,21,7,282100.99999996665,282100.99999996665,1300.9833333333333,5,{'lifecycle:transition': 'complete'},deviant
1353,Analyze Purchase Requisition,2011-07-14 14:17:59,2011-07-15 23:44:52,2011-07-15 23:49:52,Maris Freeman,47,0.03333962976955043,0,2,23,7,282224.8833333,2025.8833333333334,1424.8666666666666,5,{'lifecycle:transition': 'complete'},deviant
1353,Create Request for Quotation,2011-07-15 23:49:52,2011-07-16 00:16:04,2011-07-16 00:17:04,Francis Odell,50,0.04731771817151492,0,3,0,7,282256.0833333,31.2,16.066666666666666,6,{'lifecycle:transition': 'complete'},deviant
1360,Analyze Purchase Requisition,2011-07-15 04:51:59,2011-07-16 04:07:00,2011-07-16 04:13:00,Francis Odell,48,0.03333962976955043,0,2,4,7,282487.0166666333,1441.0166666666667,247.0,6,{'lifecycle:transition': 'complete'},deviant
1337,Analyze Purchase Requisition,2011-07-15 08:04:44,2011-07-16 06:10:53,2011-07-16 06:16:53,Heinz Gutschmidt,49,0.03333962976955043,0,4,6,7,282610.89999996667,1355.15,370.8833333333333,6,{'lifecycle:transition': 'complete'},deviant
1367,Create Purchase Requisition,2011-07-16 05:47:59,2011-07-16 05:47:59,2011-07-16 06:36:59,Penn Osterwalder,50,0.1258027956176804,0,1,5,7,282587.99999996665,282587.99999996665,347.98333333333335,6,{'lifecycle:transition': 'complete'},deviant
1368,Create Purchase Requisition,2011-07-16 06:21:59,2011-07-16 06:21:59,2011-07-16 06:36:59,Miu Hanwan,51,0.1258027956176804,0,1,6,7,282621.99999996665,282621.99999996665,381.98333333333335,6,{'lifecycle:transition': 'complete'},deviant
1337,Create Request for Quotation,2011-07-16 06:16:53,2011-07-16 06:41:04,2011-07-16 06:43:04,Maris Freeman,50,0.04731771817151492,0,5,6,7,282641.0833333,30.183333333333334,401.06666666666666,6,{'lifecycle:transition': 'complete'},deviant
1358,Analyze Purchase Requisition,2011-07-14 23:06:59,2011-07-16 08:56:41,2011-07-16 09:03:41,Maris Freeman,48,0.03333962976955043,0,2,8,7,282776.69999996666,2045.7,536.6833333333333,6,{'lifecycle:transition': 'complete'},deviant
1358,Create Request for Quotation,2011-07-16 09:03:41,2011-07-16 09:33:45,2011-07-16 09:36:45,Heinz Gutschmidt,51,0.04731771817151492,0,3,9,7,282813.7666666333,37.06666666666667,573.75,6,{'lifecycle:transition': 'complete'},deviant
1362,Analyze Purchase Requisition,2011-07-15 10:46:59,2011-07-16 10:06:04,2011-07-16 10:12:04,Heinz Gutschmidt,49,0.03333962976955043,0,2,10,7,282846.0833333,1417.0833333333333,606.0666666666667,6,{'lifecycle:transition': 'complete'},deviant
1338,Analyze Request for Quotation,2011-07-13 20:55:09,2011-07-16 12:28:02,2011-07-16 12:41:02,Karel de Groot,47,0.1774650547789951,0,3,12,7,282988.04999996664,3818.883333333333,748.0333333333333,6,{'lifecycle:transition': 'complete'},deviant
1338,Amend Request for Quotation,2011-07-16 12:41:02,2011-07-16 15:12:36,2011-07-16 15:27:36,Fjodor Kowalski,50,0.057329051756705704,0,4,15,7,283152.61666663334,164.56666666666666,912.6,6,{'lifecycle:transition': 'complete'},deviant
1366,Analyze Purchase Requisition,2011-07-15 22:20:59,2011-07-16 21:50:58,2011-07-16 21:58:58,Francis Odell,50,0.03333962976955043,0,2,21,7,283550.9833333,1449.9833333333333,1310.9666666666667,6,{'lifecycle:transition': 'complete'},deviant
1366,Create Request for Quotation,2011-07-16 21:58:58,2011-07-16 22:16:29,2011-07-16 22:19:29,Maris Freeman,50,0.04731771817151492,0,3,22,7,283576.49999996665,25.516666666666666,1336.4833333333333,6,{'lifecycle:transition': 'complete'},deviant
1328,Analyze Request for Quotation,2011-07-15 16:36:53,2011-07-17 01:45:35,2011-07-17 01:55:35,Francois de Perrier,49,0.1774650547789951,0,8,1,7,283785.5999999667,1996.7,105.58333333333333,7,{'lifecycle:transition': 'complete'},deviant
1328,Amend Request for Quotation,2011-07-17 01:55:35,2011-07-17 02:21:43,2011-07-17 02:31:43,Immanuel Karagianni,50,0.057329051756705704,0,9,2,7,283821.7333333,36.13333333333333,141.71666666666667,7,{'lifecycle:transition': 'complete'},deviant
1361,Analyze Request for Quotation,2011-07-15 11:12:01,2011-07-17 08:14:48,2011-07-17 08:36:48,Karel de Groot,49,0.1774650547789951,0,3,8,7,284174.8166666333,2713.7833333333333,494.8,7,{'lifecycle:transition': 'complete'},regular
1368,Analyze Purchase Requisition,2011-07-16 06:36:59,2011-07-17 09:47:49,2011-07-17 09:53:49,Maris Freeman,51,0.03333962976955043,0,2,9,7,284267.8333333,1645.8333333333333,587.8166666666667,7,{'lifecycle:transition': 'complete'},deviant
1367,Analyze Purchase Requisition,2011-07-16 06:36:59,2011-07-17 10:02:56,2011-07-17 10:07:56,Maris Freeman,51,0.03333962976955043,0,2,10,7,284282.94999996666,1694.95,602.9333333333333,7,{'lifecycle:transition': 'complete'},deviant
1361,Amend Request for Quotation,2011-07-17 08:36:48,2011-07-17 11:55:03,2011-07-17 12:09:03,Elvira Lores,50,0.057329051756705704,0,4,11,7,284395.0666666333,220.25,715.05,7,{'lifecycle:transition': 'complete'},regular
1375,Create Purchase Requisition,2011-07-17 19:45:59,2011-07-17 19:45:59,2011-07-17 20:04:59,Anne Olwada,49,0.1258027956176804,0,1,19,7,284865.99999996665,284865.99999996665,1185.9833333333333,7,{'lifecycle:transition': 'complete'},regular
1377,Create Purchase Requisition,2011-07-17 22:06:59,2011-07-17 22:06:59,2011-07-17 22:39:59,Nico Ojenbeer,50,0.1258027956176804,0,1,22,7,285006.99999996665,285006.99999996665,1326.9833333333333,7,{'lifecycle:transition': 'complete'},deviant
1337,Analyze Request for Quotation,2011-07-16 06:43:04,2011-07-18 00:09:28,2011-07-18 00:32:28,Karel de Groot,51,0.1774650547789951,0,6,0,7,285129.4833333,2488.4,9.466666666666667,1,{'lifecycle:transition': 'complete'},deviant
1378,Create Purchase Requisition,2011-07-18 00:03:59,2011-07-18 00:03:59,2011-07-18 00:42:59,Anne Olwada,51,0.1258027956176804,0,1,0,7,285123.99999996665,285123.99999996665,3.9833333333333334,1,{'lifecycle:transition': 'complete'},deviant
1337,Amend Request for Quotation,2011-07-18 00:32:28,2011-07-18 01:01:30,2011-07-18 01:11:30,Christian Francois,51,0.057329051756705704,0,7,1,7,285181.5166666333,52.03333333333333,61.5,1,{'lifecycle:transition': 'complete'},deviant
1375,Create Request for Quotation,2011-07-17 20:04:59,2011-07-18 02:09:04,2011-07-18 02:17:04,Alberto Duport,49,0.04731771817151492,0,2,2,7,285249.0833333,383.0833333333333,129.06666666666666,1,{'lifecycle:transition': 'complete'},regular
1338,Analyze Request for Quotation,2011-07-16 15:27:36,2011-07-18 03:00:08,2011-07-18 03:28:08,Magdalena Predutta,50,0.1774650547789951,0,5,3,7,285300.14999996667,2147.5333333333333,180.13333333333333,1,{'lifecycle:transition': 'complete'},deviant
1377,Create Request for Quotation,2011-07-17 22:39:59,2011-07-18 04:50:12,2011-07-18 05:02:12,Anne Olwada,50,0.04731771817151492,0,2,4,7,285410.2166666333,403.21666666666664,290.2,1,{'lifecycle:transition': 'complete'},deviant
1380,Create Purchase Requisition,2011-07-18 05:05:59,2011-07-18 05:05:59,2011-07-18 05:33:59,Anne Olwada,52,0.1258027956176804,0,1,5,7,285425.99999996665,285425.99999996665,305.98333333333335,1,{'lifecycle:transition': 'complete'},deviant
1328,Analyze Request for Quotation,2011-07-17 02:31:43,2011-07-18 07:04:03,2011-07-18 07:19:03,Magdalena Predutta,50,0.1774650547789951,0,10,7,7,285544.0666666333,1722.3333333333333,424.05,1,{'lifecycle:transition': 'complete'},deviant
1353,Analyze Request for Quotation,2011-07-16 00:17:04,2011-07-18 10:13:21,2011-07-18 10:34:21,Francois de Perrier,50,0.1774650547789951,0,4,10,7,285733.36666663334,3477.2833333333333,613.35,1,{'lifecycle:transition': 'complete'},deviant
1353,Amend Request for Quotation,2011-07-18 10:34:21,2011-07-18 11:03:42,2011-07-18 11:10:42,Miu Hanwan,51,0.057329051756705704,0,5,11,7,285783.7166666333,50.35,663.7,1,{'lifecycle:transition': 'complete'},deviant
1380,Create Request for Quotation,2011-07-18 05:33:59,2011-07-18 12:13:04,2011-07-18 12:22:04,Anne Olwada,52,0.04731771817151492,0,2,12,7,285853.0833333,427.0833333333333,733.0666666666667,1,{'lifecycle:transition': 'complete'},deviant
1347,Analyze Request for Quotation,2011-07-15 15:36:03,2011-07-18 12:56:09,2011-07-18 13:14:09,Francois de Perrier,49,0.1774650547789951,0,4,12,7,285896.16666663333,4161.1,776.15,1,{'lifecycle:transition': 'complete'},deviant
1361,Analyze Request for Quotation,2011-07-17 12:09:03,2011-07-18 16:43:07,2011-07-18 17:03:07,Karel de Groot,48,0.1774650547789951,0,5,16,7,286123.1333333,1728.0666666666666,1003.1166666666667,1,{'lifecycle:transition': 'complete'},regular
1361,Amend Request for Quotation,2011-07-18 17:03:07,2011-07-18 17:36:19,2011-07-18 17:43:19,Kim Passa,50,0.057329051756705704,0,6,17,7,286176.3333333,53.2,1056.3166666666666,1,{'lifecycle:transition': 'complete'},regular
1337,Analyze Request for Quotation,2011-07-18 01:11:30,2011-07-18 18:27:10,2011-07-18 18:51:10,Karel de Groot,51,0.1774650547789951,0,8,18,7,286227.1833333,1045.6666666666667,1107.1666666666667,1,{'lifecycle:transition': 'complete'},deviant
1338,Send Request for Quotation to Supplier,2011-07-18 03:28:08,2011-07-18 22:32:09,2011-07-18 23:02:09,Karel de Groot,51,0.07225160559123536,0,6,22,7,286472.16666663333,1172.0166666666667,1352.15,1,{'lifecycle:transition': 'complete'},deviant
1378,Analyze Purchase Requisition,2011-07-18 00:42:59,2011-07-18 23:32:56,2011-07-18 23:39:56,Maris Freeman,51,0.03333962976955043,0,2,23,7,286532.94999996666,1408.95,1412.9333333333334,1,{'lifecycle:transition': 'complete'},deviant
1358,Analyze Request for Quotation,2011-07-16 09:36:45,2011-07-19 00:27:19,2011-07-19 00:36:19,Francois de Perrier,51,0.1774650547789951,0,4,0,7,286587.3333333,3773.5666666666666,27.316666666666666,2,{'lifecycle:transition': 'complete'},deviant
1358,Amend Request for Quotation,2011-07-19 00:36:19,2011-07-19 01:16:58,2011-07-19 01:26:58,Kim Passa,48,0.057329051756705704,0,5,1,7,286636.9833333,49.65,76.96666666666667,2,{'lifecycle:transition': 'complete'},deviant
1366,Analyze Request for Quotation,2011-07-16 22:19:29,2011-07-19 02:15:22,2011-07-19 02:41:22,Francois de Perrier,50,0.1774650547789951,0,4,2,7,286695.3833333,3118.883333333333,135.36666666666667,2,{'lifecycle:transition': 'complete'},deviant
1338,Create Quotation comparison Map,2011-07-18 23:02:09,2011-07-19 00:00:53,2011-07-19 03:03:53,Karel de Groot,49,0.4004533434076313,0,7,0,7,286560.89999996667,88.73333333333333,0.8833333333333333,2,{'lifecycle:transition': 'complete'},deviant
1366,Amend Request for Quotation,2011-07-19 02:41:22,2011-07-19 03:18:48,2011-07-19 03:32:48,Fjodor Kowalski,48,0.057329051756705704,0,5,3,7,286758.8166666333,63.43333333333333,198.8,2,{'lifecycle:transition': 'complete'},deviant
1386,Create Purchase Requisition,2011-07-19 07:39:59,2011-07-19 07:39:59,2011-07-19 08:28:59,Anna Kaufmann,49,0.1258027956176804,0,1,7,7,287019.99999996665,287019.99999996665,459.98333333333335,2,{'lifecycle:transition': 'complete'},deviant
1338,Analyze Quotation Comparison Map,2011-07-19 03:03:53,2011-07-19 09:50:43,2011-07-19 10:13:43,Alberto Duport,48,0.0646014355874575,0,8,9,7,287150.7333333,589.8333333333334,590.7166666666667,2,{'lifecycle:transition': 'complete'},deviant
1338,Choose best option,2011-07-19 10:13:43,2011-07-19 10:23:27,2011-07-19 10:23:27,Christian Francois,49,0.0,0,9,10,7,287183.4666666333,32.733333333333334,623.45,2,{'lifecycle:transition': 'complete'},deviant
1353,Analyze Request for Quotation,2011-07-18 11:10:42,2011-07-19 11:07:58,2011-07-19 11:26:58,Karel de Groot,51,0.1774650547789951,0,6,11,7,287227.9833333,1444.2666666666667,667.9666666666667,2,{'lifecycle:transition': 'complete'},deviant
1387,Create Purchase Requisition,2011-07-19 12:07:59,2011-07-19 12:07:59,2011-07-19 12:23:59,Tesca Lobes,49,0.1258027956176804,0,1,12,7,287287.99999996665,287287.99999996665,727.9833333333333,2,{'lifecycle:transition': 'complete'},deviant
1375,Analyze Request for Quotation,2011-07-18 02:17:04,2011-07-19 14:33:36,2011-07-19 15:00:36,Karel de Groot,51,0.1774650547789951,0,3,14,7,287433.61666663334,2184.5333333333333,873.6,2,{'lifecycle:transition': 'complete'},regular
1375,Amend Request for Quotation,2011-07-19 15:00:36,2011-07-19 17:37:45,2011-07-19 17:51:45,Anne Olwada,49,0.057329051756705704,0,4,17,7,287617.7666666333,184.15,1057.75,2,{'lifecycle:transition': 'complete'},regular
1377,Analyze Request for Quotation,2011-07-18 05:02:12,2011-07-19 17:30:25,2011-07-19 18:05:25,Francois de Perrier,51,0.1774650547789951,0,3,17,7,287610.4333333,2200.2166666666667,1050.4166666666667,2,{'lifecycle:transition': 'complete'},deviant
1388,Create Purchase Requisition,2011-07-19 18:58:59,2011-07-19 18:58:59,2011-07-19 19:47:59,Miu Hanwan,49,0.1258027956176804,0,1,18,7,287698.99999996665,287698.99999996665,1138.9833333333333,2,{'lifecycle:transition': 'complete'},regular
1361,Analyze Request for Quotation,2011-07-18 17:43:19,2011-07-19 19:59:03,2011-07-19 20:19:03,Francois de Perrier,50,0.1774650547789951,0,7,19,7,287759.0666666333,1582.7333333333333,1199.05,2,{'lifecycle:transition': 'complete'},regular
1380,Analyze Request for Quotation,2011-07-18 12:22:04,2011-07-20 00:11:54,2011-07-20 00:32:54,Francois de Perrier,51,0.1774650547789951,0,3,0,7,288011.91666663333,2158.8333333333335,11.9,3,{'lifecycle:transition': 'complete'},deviant
1338,Settle Conditions With Supplier,2011-07-19 10:23:27,2011-07-20 02:43:39,2011-07-20 09:57:39,Karel de Groot,49,0.8897808840196448,0,10,2,7,288163.66666663333,980.2,163.65,3,{'lifecycle:transition': 'complete'},deviant
1386,Analyze Purchase Requisition,2011-07-19 08:28:59,2011-07-20 09:53:41,2011-07-20 10:01:41,Francis Odell,49,0.03333962976955043,0,2,9,7,288593.69999996666,1573.7,593.6833333333333,3,{'lifecycle:transition': 'complete'},deviant
1386,Create Request for Quotation,2011-07-20 10:01:41,2011-07-20 10:23:44,2011-07-20 10:25:44,Francis Odell,47,0.04731771817151492,0,3,10,7,288623.74999996665,30.05,623.7333333333333,3,{'lifecycle:transition': 'complete'},deviant
1387,Analyze Purchase Requisition,2011-07-19 12:23:59,2011-07-20 13:48:41,2011-07-20 13:54:41,Maris Freeman,49,0.03333962976955043,0,2,13,7,288828.69999996666,1540.7,828.6833333333333,3,{'lifecycle:transition': 'complete'},deviant
1361,Send Request for Quotation to Supplier,2011-07-19 20:19:03,2011-07-20 14:09:55,2011-07-20 14:35:55,Magdalena Predutta,49,0.07225160559123536,0,8,14,7,288849.9333333,1090.8666666666666,849.9166666666666,3,{'lifecycle:transition': 'complete'},regular
1388,Analyze Purchase Requisition,2011-07-19 19:47:59,2011-07-20 21:12:41,2011-07-20 21:18:41,Heinz Gutschmidt,49,0.03333962976955043,0,2,21,7,289272.69999996666,1573.7,1272.6833333333334,3,{'lifecycle:transition': 'complete'},regular
1358,Analyze Request for Quotation,2011-07-19 01:26:58,2011-07-20 20:58:33,2011-07-20 21:29:33,Francois de Perrier,48,0.1774650547789951,0,6,20,7,289258.5666666333,2621.5833333333335,1258.55,3,{'lifecycle:transition': 'complete'},deviant
1388,Create Request for Quotation,2011-07-20 21:18:41,2011-07-20 21:40:41,2011-07-20 21:41:41,Heinz Gutschmidt,46,0.04731771817151492,0,3,21,7,289300.69999996666,28.0,1300.6833333333334,3,{'lifecycle:transition': 'complete'},regular
1358,Amend Request for Quotation,2011-07-20 21:29:33,2011-07-20 21:54:16,2011-07-20 22:01:16,Anne Olwada,46,0.057329051756705704,0,7,21,7,289314.2833333,55.71666666666667,1314.2666666666667,3,{'lifecycle:transition': 'complete'},deviant
1366,Analyze Request for Quotation,2011-07-19 03:32:48,2011-07-20 23:38:08,2011-07-21 00:16:08,Francois de Perrier,48,0.1774650547789951,0,6,23,7,289418.14999996667,2659.3333333333335,1418.1333333333334,3,{'lifecycle:transition': 'complete'},deviant
1361,Create Quotation comparison Map,2011-07-20 14:35:55,2011-07-20 20:02:08,2011-07-21 01:05:08,Karel de Groot,46,0.4004533434076313,0,9,20,7,289202.14999996667,352.21666666666664,1202.1333333333334,3,{'lifecycle:transition': 'complete'},regular
1361,Analyze Quotation Comparison Map,2011-07-21 01:05:08,2011-07-21 08:16:14,2011-07-21 08:37:14,Alberto Duport,46,0.0646014355874575,0,10,8,7,289936.24999996665,734.1,496.23333333333335,4,{'lifecycle:transition': 'complete'},regular
1394,Create Purchase Requisition,2011-07-21 08:23:59,2011-07-21 08:23:59,2011-07-21 09:07:59,Christian Francois,47,0.1258027956176804,0,1,8,7,289943.99999996665,289943.99999996665,503.98333333333335,4,{'lifecycle:transition': 'complete'},deviant
1375,Analyze Request for Quotation,2011-07-19 17:51:45,2011-07-21 10:07:40,2011-07-21 10:32:40,Karel de Groot,49,0.1774650547789951,0,5,10,7,290047.6833333,2429.9166666666665,607.6666666666666,4,{'lifecycle:transition': 'complete'},regular
1395,Create Purchase Requisition,2011-07-21 10:14:59,2011-07-21 10:14:59,2011-07-21 10:59:59,Christian Francois,47,0.1258027956176804,0,1,10,7,290054.99999996665,290054.99999996665,614.9833333333333,4,{'lifecycle:transition': 'complete'},deviant
1375,Amend Request for Quotation,2011-07-21 10:32:40,2011-07-21 10:57:48,2011-07-21 11:04:48,Miu Hanwan,47,0.057329051756705704,0,6,10,7,290097.8166666333,50.13333333333333,657.8,4,{'lifecycle:transition': 'complete'},regular
1366,Send Request for Quotation to Supplier,2011-07-21 00:16:08,2011-07-21 17:21:06,2011-07-21 17:45:06,Francois de Perrier,46,0.07225160559123536,0,7,17,7,290481.11666663334,1062.9666666666667,1041.1,4,{'lifecycle:transition': 'complete'},deviant
1394,Create Request for Quotation,2011-07-21 09:07:59,2011-07-21 21:02:44,2011-07-21 21:07:44,Immanuel Karagianni,46,0.04731771817151492,0,2,21,7,290702.74999996665,758.75,1262.7333333333333,4,{'lifecycle:transition': 'complete'},deviant
1358,Analyze Request for Quotation,2011-07-20 22:01:16,2011-07-22 00:11:15,2011-07-22 00:25:15,Francois de Perrier,46,0.1774650547789951,0,8,0,7,290891.2666666333,1576.9833333333333,11.25,5,{'lifecycle:transition': 'complete'},deviant
1358,Amend Request for Quotation,2011-07-22 00:25:15,2011-07-22 00:39:22,2011-07-22 00:53:22,Fjodor Kowalski,47,0.057329051756705704,0,9,0,7,290919.3833333,28.116666666666667,39.36666666666667,5,{'lifecycle:transition': 'complete'},deviant
1404,Create Purchase Requisition,2011-07-22 03:37:59,2011-07-22 03:37:59,2011-07-22 03:46:59,Kim Passa,48,0.1258027956176804,0,1,3,7,291097.99999996665,291097.99999996665,217.98333333333332,5,{'lifecycle:transition': 'complete'},deviant
1366,Create Quotation comparison Map,2011-07-21 17:45:06,2011-07-21 22:25:36,2011-07-22 03:47:36,Karel de Groot,47,0.4004533434076313,0,8,22,7,290785.61666663334,304.5,1345.6,4,{'lifecycle:transition': 'complete'},deviant
1404,Create Request for Quotation,2011-07-22 03:46:59,2011-07-22 08:30:50,2011-07-22 08:39:50,Tesca Lobes,48,0.04731771817151492,0,2,8,7,291390.8499999667,292.85,510.8333333333333,5,{'lifecycle:transition': 'complete'},deviant
1366,Analyze Quotation Comparison Map,2011-07-22 03:47:36,2011-07-22 10:49:13,2011-07-22 11:12:13,Immanuel Karagianni,48,0.0646014355874575,0,9,10,7,291529.2333333,743.6166666666667,649.2166666666667,5,{'lifecycle:transition': 'complete'},deviant
1366,Choose best option,2011-07-22 11:12:13,2011-07-22 11:20:26,2011-07-22 11:20:26,Christian Francois,48,0.0,0,10,11,7,291560.44999996666,31.216666666666665,680.4333333333333,5,{'lifecycle:transition': 'complete'},deviant
1375,Analyze Request for Quotation,2011-07-21 11:04:48,2011-07-22 19:26:46,2011-07-22 19:42:46,Karel de Groot,47,0.1774650547789951,0,7,19,7,292046.7833333,1948.9666666666667,1166.7666666666667,5,{'lifecycle:transition': 'complete'},regular
1375,Amend Request for Quotation,2011-07-22 19:42:46,2011-07-22 20:04:26,2011-07-22 20:16:26,Anne Olwada,47,0.057329051756705704,0,8,20,7,292084.44999996666,37.666666666666664,1204.4333333333334,5,{'lifecycle:transition': 'complete'},regular
1395,Analyze Purchase Requisition,2011-07-21 10:59:59,2011-07-22 20:26:52,2011-07-22 20:35:52,Francis Odell,47,0.03333962976955043,0,2,20,7,292106.8833333,2051.883333333333,1226.8666666666666,5,{'lifecycle:transition': 'complete'},deviant
1358,Analyze Request for Quotation,2011-07-22 00:53:22,2011-07-23 04:09:38,2011-07-23 04:29:38,Magdalena Predutta,47,0.1774650547789951,0,10,4,7,292569.64999996667,1650.2666666666667,249.63333333333333,6,{'lifecycle:transition': 'complete'},deviant
1417,Create Purchase Requisition,2011-07-23 13:52:59,2011-07-23 13:52:59,2011-07-23 14:30:59,Christian Francois,46,0.1258027956176804,0,1,13,7,293152.99999996665,293152.99999996665,832.9833333333333,6,{'lifecycle:transition': 'complete'},deviant
1386,Analyze Request for Quotation,2011-07-20 10:25:44,2011-07-23 18:29:37,2011-07-23 18:40:37,Francois de Perrier,47,0.1774650547789951,0,4,18,7,293429.6333333,4805.883333333333,1109.6166666666666,6,{'lifecycle:transition': 'complete'},deviant
1417,Create Request for Quotation,2011-07-23 14:30:59,2011-07-23 18:33:47,2011-07-23 18:41:47,Immanuel Karagianni,46,0.04731771817151492,0,2,18,7,293433.79999996664,280.8,1113.7833333333333,6,{'lifecycle:transition': 'complete'},deviant
1375,Analyze Request for Quotation,2011-07-22 20:16:26,2011-07-23 18:30:47,2011-07-23 18:58:47,Magdalena Predutta,47,0.1774650547789951,0,9,18,7,293430.79999996664,1346.35,1110.7833333333333,6,{'lifecycle:transition': 'complete'},regular
1420,Create Purchase Requisition,2011-07-23 23:36:59,2011-07-23 23:36:59,2011-07-24 00:23:59,Anna Kaufmann,46,0.1258027956176804,0,1,23,7,293736.99999996665,293736.99999996665,1416.9833333333333,6,{'lifecycle:transition': 'complete'},deviant
1388,Analyze Request for Quotation,2011-07-20 21:41:41,2011-07-24 01:15:18,2011-07-24 01:38:18,Francois de Perrier,46,0.1774650547789951,0,4,1,7,293835.3166666333,4534.616666666667,75.3,7,{'lifecycle:transition': 'complete'},regular
1388,Amend Request for Quotation,2011-07-24 01:38:18,2011-07-24 02:04:16,2011-07-24 02:18:16,Francis Odell,46,0.057329051756705704,0,5,2,7,293884.2833333,48.96666666666667,124.26666666666667,7,{'lifecycle:transition': 'complete'},regular
1404,Analyze Request for Quotation,2011-07-22 08:39:50,2011-07-24 05:04:57,2011-07-24 05:30:57,Karel de Groot,48,0.1774650547789951,0,3,5,7,294064.9666666333,2674.116666666667,304.95,7,{'lifecycle:transition': 'complete'},deviant
1394,Analyze Request for Quotation,2011-07-21 21:07:44,2011-07-24 06:10:03,2011-07-24 06:35:03,Francois de Perrier,47,0.1774650547789951,0,3,6,7,294130.0666666333,3427.3166666666666,370.05,7,{'lifecycle:transition': 'complete'},deviant
1394,Amend Request for Quotation,2011-07-24 06:35:03,2011-07-24 09:44:13,2011-07-24 09:59:13,Clement Duchot,45,0.057329051756705704,0,4,9,7,294344.2333333,214.16666666666666,584.2166666666667,7,{'lifecycle:transition': 'complete'},deviant
1422,Create Purchase Requisition,2011-07-24 09:51:59,2011-07-24 09:51:59,2011-07-24 10:07:59,Christian Francois,46,0.1258027956176804,0,1,9,7,294351.99999996665,294351.99999996665,591.9833333333333,7,{'lifecycle:transition': 'complete'},deviant
1375,Send Request for Quotation to Supplier,2011-07-23 18:58:47,2011-07-24 12:47:40,2011-07-24 13:09:40,Francois de Perrier,45,0.07225160559123536,0,10,12,7,294527.6833333,1096.8833333333334,767.6666666666666,7,{'lifecycle:transition': 'complete'},regular
1420,Analyze Purchase Requisition,2011-07-24 00:23:59,2011-07-25 03:09:11,2011-07-25 03:18:11,Heinz Gutschmidt,46,0.03333962976955043,0,2,3,7,295389.19999996666,1652.2,189.18333333333334,1,{'lifecycle:transition': 'complete'},deviant
1420,Create Request for Quotation,2011-07-25 03:18:11,2011-07-25 03:41:52,2011-07-25 03:43:52,Maris Freeman,45,0.04731771817151492,0,3,3,7,295421.8833333,32.68333333333333,221.86666666666667,1,{'lifecycle:transition': 'complete'},deviant
1417,Analyze Request for Quotation,2011-07-23 18:41:47,2011-07-25 05:01:10,2011-07-25 05:23:10,Karel de Groot,45,0.1774650547789951,0,3,5,7,295501.1833333,2067.383333333333,301.1666666666667,1,{'lifecycle:transition': 'complete'},deviant
1417,Amend Request for Quotation,2011-07-25 05:23:10,2011-07-25 08:02:14,2011-07-25 08:12:14,Anna Kaufmann,45,0.057329051756705704,0,4,8,7,295682.24999996665,181.06666666666666,482.23333333333335,1,{'lifecycle:transition': 'complete'},deviant
1388,Analyze Request for Quotation,2011-07-24 02:18:16,2011-07-25 07:38:25,2011-07-25 08:16:25,Karel de Groot,46,0.1774650547789951,0,6,7,7,295658.4333333,1774.15,458.4166666666667,1,{'lifecycle:transition': 'complete'},regular
1422,Analyze Purchase Requisition,2011-07-24 10:07:59,2011-07-25 08:55:30,2011-07-25 09:04:30,Heinz Gutschmidt,46,0.03333962976955043,0,2,8,7,295735.5166666333,1383.5166666666667,535.5,1,{'lifecycle:transition': 'complete'},deviant
1422,Create Request for Quotation,2011-07-25 09:04:30,2011-07-25 09:24:54,2011-07-25 09:25:54,Maris Freeman,45,0.04731771817151492,0,3,9,7,295764.91666663333,29.4,564.9,1,{'lifecycle:transition': 'complete'},deviant
1394,Analyze Request for Quotation,2011-07-24 09:59:13,2011-07-25 12:13:35,2011-07-25 12:45:35,Magdalena Predutta,46,0.1774650547789951,0,5,12,7,295933.5999999667,1589.3666666666666,733.5833333333334,1,{'lifecycle:transition': 'complete'},deviant
1394,Amend Request for Quotation,2011-07-25 12:45:35,2011-07-25 13:11:39,2011-07-25 13:24:39,Penn Osterwalder,45,0.057329051756705704,0,6,13,7,295991.66666663333,58.06666666666667,791.65,1,{'lifecycle:transition': 'complete'},deviant
1388,Send Request for Quotation to Supplier,2011-07-25 08:16:25,2011-07-25 23:29:22,2011-07-25 23:50:22,Karel de Groot,45,0.07225160559123536,0,7,23,7,296609.3833333,950.95,1409.3666666666666,1,{'lifecycle:transition': 'complete'},regular
1417,Analyze Request for Quotation,2011-07-25 08:12:14,2011-07-26 00:11:38,2011-07-26 00:31:38,Magdalena Predutta,45,0.1774650547789951,0,5,0,7,296651.64999996667,969.4,11.633333333333333,2,{'lifecycle:transition': 'complete'},deviant
1388,Create Quotation comparison Map,2011-07-25 23:50:22,2011-07-26 01:15:43,2011-07-26 06:32:43,Magdalena Predutta,45,0.4004533434076313,0,8,1,7,296715.7333333,106.35,75.71666666666667,2,{'lifecycle:transition': 'complete'},regular
1420,Analyze Request for Quotation,2011-07-25 03:43:52,2011-07-26 06:19:00,2011-07-26 06:50:00,Francois de Perrier,45,0.1774650547789951,0,4,6,7,297019.0166666333,1597.1333333333334,379.0,2,{'lifecycle:transition': 'complete'},deviant
1420,Amend Request for Quotation,2011-07-26 06:50:00,2011-07-26 07:23:20,2011-07-26 07:38:20,Anne Olwada,44,0.057329051756705704,0,5,7,7,297083.3499999667,64.33333333333333,443.3333333333333,2,{'lifecycle:transition': 'complete'},deviant
1394,Analyze Request for Quotation,2011-07-25 13:24:39,2011-07-26 11:22:05,2011-07-26 11:36:05,Francois de Perrier,45,0.1774650547789951,0,7,11,7,297322.0999999667,1330.4333333333334,682.0833333333334,2,{'lifecycle:transition': 'complete'},deviant
1439,Create Purchase Requisition,2011-07-26 13:13:59,2011-07-26 13:13:59,2011-07-26 13:21:59,Anna Kaufmann,45,0.1258027956176804,0,1,13,7,297433.99999996665,297433.99999996665,793.9833333333333,2,{'lifecycle:transition': 'complete'},deviant
1388,Analyze Quotation Comparison Map,2011-07-26 06:32:43,2011-07-26 13:22:44,2011-07-26 13:50:44,Anne Olwada,44,0.0646014355874575,0,9,13,7,297442.74999996665,727.0166666666667,802.7333333333333,2,{'lifecycle:transition': 'complete'},regular
1388,Choose best option,2011-07-26 13:50:44,2011-07-26 14:00:27,2011-07-26 14:00:27,Penn Osterwalder,45,0.0,0,10,14,7,297480.4666666333,37.71666666666667,840.45,2,{'lifecycle:transition': 'complete'},regular
1422,Analyze Request for Quotation,2011-07-25 09:25:54,2011-07-26 16:10:40,2011-07-26 16:12:40,Francois de Perrier,45,0.1774650547789951,0,4,16,7,297610.6833333,1845.7666666666667,970.6666666666666,2,{'lifecycle:transition': 'complete'},deviant
1394,Send Request for Quotation to Supplier,2011-07-26 11:36:05,2011-07-27 05:20:26,2011-07-27 05:43:26,Karel de Groot,44,0.07225160559123536,0,8,5,7,298400.44999996666,1078.35,320.43333333333334,3,{'lifecycle:transition': 'complete'},deviant
1394,Create Quotation comparison Map,2011-07-27 05:43:26,2011-07-27 10:05:53,2011-07-27 13:05:53,Francois de Perrier,44,0.4004533434076313,0,9,10,7,298685.89999996667,285.45,605.8833333333333,3,{'lifecycle:transition': 'complete'},deviant
1422,Send Request for Quotation to Supplier,2011-07-26 16:12:40,2011-07-27 13:05:53,2011-07-27 13:23:53,Francois de Perrier,44,0.07225160559123536,0,5,11,7,298770.54999996664,1159.8666666666666,690.5333333333333,3,{'lifecycle:transition': 'complete'},deviant
1439,Analyze Purchase Requisition,2011-07-26 13:21:59,2011-07-27 14:10:09,2011-07-27 14:16:09,Heinz Gutschmidt,45,0.03333962976955043,0,2,14,7,298930.16666663333,1496.1666666666667,850.15,3,{'lifecycle:transition': 'complete'},deviant
1439,Create Request for Quotation,2011-07-27 14:16:09,2011-07-27 14:37:56,2011-07-27 14:39:56,Maris Freeman,44,0.04731771817151492,0,3,14,7,298957.94999996666,27.783333333333335,877.9333333333333,3,{'lifecycle:transition': 'complete'},deviant
1394,Analyze Quotation Comparison Map,2011-07-27 13:05:53,2011-07-27 20:11:36,2011-07-27 20:41:36,Immanuel Karagianni,44,0.0646014355874575,0,10,20,7,299291.61666663334,605.7166666666667,1211.6,3,{'lifecycle:transition': 'complete'},deviant
1422,Create Quotation comparison Map,2011-07-27 13:23:53,2011-07-27 19:18:53,2011-07-27 21:36:53,Karel de Groot,44,0.4004533434076313,0,6,19,7,299238.89999996667,468.35,1158.8833333333334,3,{'lifecycle:transition': 'complete'},deviant
1420,Analyze Request for Quotation,2011-07-26 07:38:20,2011-07-27 21:34:46,2011-07-27 21:57:46,Magdalena Predutta,44,0.1774650547789951,0,6,21,7,299374.7833333,2291.4333333333334,1294.7666666666667,3,{'lifecycle:transition': 'complete'},deviant
1422,Analyze Quotation Comparison Map,2011-07-27 21:36:53,2011-07-28 04:22:14,2011-07-28 04:50:14,Esmana Liubiata,43,0.0646014355874575,0,7,4,7,299782.24999996665,543.35,262.23333333333335,4,{'lifecycle:transition': 'complete'},deviant
1422,Choose best option,2011-07-28 04:50:14,2011-07-28 04:53:31,2011-07-28 04:53:31,Esmana Liubiata,43,0.0,0,8,4,7,299813.5333333,31.283333333333335,293.51666666666665,4,{'lifecycle:transition': 'complete'},deviant
1448,Create Purchase Requisition,2011-07-28 08:23:59,2011-07-28 08:23:59,2011-07-28 09:13:59,Anna Kaufmann,44,0.1258027956176804,0,1,8,7,300023.99999996665,300023.99999996665,503.98333333333335,4,{'lifecycle:transition': 'complete'},regular
1420,Send Request for Quotation to Supplier,2011-07-27 21:57:46,2011-07-28 15:19:22,2011-07-28 15:49:22,Francois de Perrier,43,0.07225160559123536,0,7,15,7,300439.3833333,1064.6,919.3666666666667,4,{'lifecycle:transition': 'complete'},deviant
1452,Create Purchase Requisition,2011-07-28 19:37:59,2011-07-28 19:37:59,2011-07-28 19:54:59,Elvira Lores,45,0.1258027956176804,0,1,19,7,300697.99999996665,300697.99999996665,1177.9833333333333,4,{'lifecycle:transition': 'complete'},deviant
1422,Settle Conditions With Supplier,2011-07-28 04:53:31,2011-07-28 15:49:22,2011-07-28 20:54:22,Francois de Perrier,43,0.8897808840196448,0,9,15,7,300441.7166666333,628.1833333333333,921.7,4,{'lifecycle:transition': 'complete'},deviant
1448,Create Request for Quotation,2011-07-28 09:13:59,2011-07-28 21:15:20,2011-07-28 21:24:20,Elvira Lores,44,0.04731771817151492,0,2,21,7,300795.3499999667,771.35,1275.3333333333333,4,{'lifecycle:transition': 'complete'},regular
1420,Create Quotation comparison Map,2011-07-28 15:49:22,2011-07-28 21:31:20,2011-07-29 02:47:20,Francois de Perrier,44,0.4004533434076313,1,8,21,7,300811.3499999667,371.96666666666664,1291.3333333333333,4,{'lifecycle:transition': 'complete'},deviant
1422,Create Purchase Order,2011-07-28 20:54:22,2011-07-29 06:33:11,2011-07-29 06:44:11,Karel de Groot,45,0.048073290517567056,0,10,6,7,301353.19999996666,911.4833333333333,393.18333333333334,5,{'lifecycle:transition': 'complete'},deviant
1420,Analyze Quotation Comparison Map,2011-07-29 02:47:20,2011-07-29 09:48:17,2011-07-29 10:17:17,Miu Hanwan,45,0.0646014355874575,0,9,9,7,301548.29999996664,736.95,588.2833333333333,5,{'lifecycle:transition': 'complete'},deviant
1420,Choose best option,2011-07-29 10:17:17,2011-07-29 10:24:02,2011-07-29 10:24:02,Anne Olwada,44,0.0,0,10,10,7,301584.04999996664,35.75,624.0333333333333,5,{'lifecycle:transition': 'complete'},deviant
1457,Create Purchase Requisition,2011-07-29 12:29:59,2011-07-29 12:29:59,2011-07-29 13:22:59,Clement Duchot,44,0.1258027956176804,0,1,12,7,301709.99999996665,301709.99999996665,749.9833333333333,5,{'lifecycle:transition': 'complete'},deviant
1458,Create Purchase Requisition,2011-07-29 14:56:59,2011-07-29 14:56:59,2011-07-29 15:46:59,Tesca Lobes,45,0.1258027956176804,0,1,14,7,301856.99999996665,301856.99999996665,896.9833333333333,5,{'lifecycle:transition': 'complete'},regular
1463,Create Purchase Requisition,2011-07-30 00:57:59,2011-07-30 00:57:59,2011-07-30 01:43:59,Clement Duchot,46,0.1258027956176804,0,1,0,7,302457.99999996665,302457.99999996665,57.983333333333334,6,{'lifecycle:transition': 'complete'},deviant
1452,Analyze Purchase Requisition,2011-07-28 19:54:59,2011-07-30 04:37:26,2011-07-30 04:45:26,Francis Odell,45,0.03333962976955043,0,2,4,7,302677.44999996666,1979.45,277.43333333333334,6,{'lifecycle:transition': 'complete'},deviant
1452,Create Request for Quotation,2011-07-30 04:45:26,2011-07-30 05:15:32,2011-07-30 05:17:32,Heinz Gutschmidt,46,0.04731771817151492,0,3,5,7,302715.54999996664,38.1,315.53333333333336,6,{'lifecycle:transition': 'complete'},deviant
1457,Analyze Purchase Requisition,2011-07-29 13:22:59,2011-07-30 11:52:42,2011-07-30 12:01:42,Heinz Gutschmidt,44,0.03333962976955043,0,2,11,7,303112.7166666333,1402.7166666666667,712.7,6,{'lifecycle:transition': 'complete'},deviant
1457,Create Request for Quotation,2011-07-30 12:01:42,2011-07-30 12:19:03,2011-07-30 12:20:03,Heinz Gutschmidt,46,0.04731771817151492,0,3,12,7,303139.0666666333,26.35,739.05,6,{'lifecycle:transition': 'complete'},deviant
1458,Analyze Purchase Requisition,2011-07-29 15:46:59,2011-07-30 14:25:56,2011-07-30 14:34:56,Maris Freeman,45,0.03333962976955043,0,2,14,7,303265.94999996666,1408.95,865.9333333333333,6,{'lifecycle:transition': 'complete'},regular
1458,Create Request for Quotation,2011-07-30 14:34:56,2011-07-30 14:52:19,2011-07-30 14:54:19,Maris Freeman,46,0.04731771817151492,0,3,14,7,303292.3333333,26.383333333333333,892.3166666666667,6,{'lifecycle:transition': 'complete'},regular
1439,Analyze Request for Quotation,2011-07-27 14:39:56,2011-07-30 21:47:44,2011-07-30 22:00:44,Francois de Perrier,44,0.1774650547789951,0,4,21,7,303707.74999996665,4749.8,1307.7333333333333,6,{'lifecycle:transition': 'complete'},deviant
1463,Analyze Purchase Requisition,2011-07-30 01:43:59,2011-07-31 04:02:40,2011-07-31 04:10:40,Heinz Gutschmidt,46,0.03333962976955043,0,2,4,7,304082.6833333,1624.6833333333334,242.66666666666666,7,{'lifecycle:transition': 'complete'},deviant
1463,Create Request for Quotation,2011-07-31 04:10:40,2011-07-31 04:47:44,2011-07-31 04:48:44,Heinz Gutschmidt,46,0.04731771817151492,0,3,4,7,304127.74999996665,45.06666666666667,287.73333333333335,7,{'lifecycle:transition': 'complete'},deviant
1448,Analyze Request for Quotation,2011-07-28 21:24:20,2011-07-31 05:21:32,2011-07-31 05:50:32,Karel de Groot,45,0.1774650547789951,0,3,5,7,304161.54999996664,3366.2,321.53333333333336,7,{'lifecycle:transition': 'complete'},regular
1476,Create Purchase Requisition,2011-07-31 07:03:59,2011-07-31 07:03:59,2011-07-31 07:50:59,Esmana Liubiata,47,0.1258027956176804,0,1,7,7,304263.99999996665,304263.99999996665,423.98333333333335,7,{'lifecycle:transition': 'complete'},deviant
1448,Amend Request for Quotation,2011-07-31 05:50:32,2011-07-31 09:15:12,2011-07-31 09:28:12,Miu Hanwan,46,0.057329051756705704,0,4,9,7,304395.2166666333,233.66666666666666,555.2,7,{'lifecycle:transition': 'complete'},regular
1477,Create Purchase Requisition,2011-07-31 10:54:59,2011-07-31 10:54:59,2011-07-31 11:16:59,Kim Passa,48,0.1258027956176804,0,1,10,7,304494.99999996665,304494.99999996665,654.9833333333333,7,{'lifecycle:transition': 'complete'},deviant
1476,Create Request for Quotation,2011-07-31 07:50:59,2011-07-31 13:43:04,2011-07-31 13:55:04,Fjodor Kowalski,47,0.04731771817151492,0,2,13,7,304663.0833333,399.0833333333333,823.0666666666667,7,{'lifecycle:transition': 'complete'},deviant
1477,Create Request for Quotation,2011-07-31 11:16:59,2011-07-31 17:15:01,2011-07-31 17:28:01,Fjodor Kowalski,48,0.04731771817151492,0,2,17,7,304875.0333333,380.03333333333336,1035.0166666666667,7,{'lifecycle:transition': 'complete'},deviant
1439,Send Request for Quotation to Supplier,2011-07-30 22:00:44,2011-07-31 18:40:48,2011-07-31 19:03:48,Karel de Groot,46,0.07225160559123536,0,5,18,7,304960.8166666333,1253.0666666666666,1120.8,7,{'lifecycle:transition': 'complete'},deviant
1439,Create Quotation comparison Map,2011-07-31 19:03:48,2011-07-31 23:02:19,2011-08-01 03:09:19,Karel de Groot,48,0.4004533434076313,0,6,23,7,305222.3333333,261.51666666666665,1382.3166666666666,7,{'lifecycle:transition': 'complete'},deviant
1439,Analyze Quotation Comparison Map,2011-08-01 03:09:19,2011-08-01 10:04:26,2011-08-01 10:27:26,Anna Kaufmann,48,0.0646014355874575,0,7,10,8,305884.44999996666,662.1166666666667,604.4333333333333,1,{'lifecycle:transition': 'complete'},deviant
1439,Choose best option,2011-08-01 10:27:26,2011-08-01 10:27:27,2011-08-01 10:27:27,Penn Osterwalder,48,0.0,0,8,10,8,305907.4666666333,23.016666666666666,627.45,1,{'lifecycle:transition': 'complete'},deviant
1463,Analyze Request for Quotation,2011-07-31 04:48:44,2011-08-01 10:27:39,2011-08-01 10:54:39,Magdalena Predutta,46,0.1774650547789951,0,4,10,8,305907.66666663333,1779.9166666666667,627.65,1,{'lifecycle:transition': 'complete'},deviant
1448,Analyze Request for Quotation,2011-07-31 09:28:12,2011-08-01 11:24:51,2011-08-01 11:43:51,Karel de Groot,47,0.1774650547789951,0,5,11,8,305964.86666663334,1569.65,684.85,1,{'lifecycle:transition': 'complete'},regular
1448,Amend Request for Quotation,2011-08-01 11:43:51,2011-08-01 12:10:43,2011-08-01 12:18:43,Christian Francois,47,0.057329051756705704,0,6,12,8,306010.7333333,45.86666666666667,730.7166666666667,1,{'lifecycle:transition': 'complete'},regular
1457,Analyze Request for Quotation,2011-07-30 12:20:03,2011-08-01 13:06:57,2011-08-01 13:42:57,Karel de Groot,46,0.1774650547789951,0,4,13,8,306066.9666666333,2927.9,786.95,1,{'lifecycle:transition': 'complete'},deviant
1458,Analyze Request for Quotation,2011-07-30 14:54:19,2011-08-01 15:47:18,2011-08-01 16:11:18,Magdalena Predutta,46,0.1774650547789951,0,4,15,8,306227.3166666333,2934.983333333333,947.3,1,{'lifecycle:transition': 'complete'},regular
1452,Analyze Request for Quotation,2011-07-30 05:17:32,2011-08-01 16:27:42,2011-08-01 16:48:42,Karel de Groot,46,0.1774650547789951,0,4,16,8,306267.7166666333,3552.1666666666665,987.7,1,{'lifecycle:transition': 'complete'},deviant
1476,Analyze Request for Quotation,2011-07-31 13:55:04,2011-08-01 19:44:42,2011-08-01 20:14:42,Francois de Perrier,48,0.1774650547789951,0,3,19,8,306464.7166666333,1801.6333333333334,1184.7,1,{'lifecycle:transition': 'complete'},deviant
1477,Analyze Request for Quotation,2011-07-31 17:28:01,2011-08-01 23:27:50,2011-08-01 23:56:50,Karel de Groot,48,0.1774650547789951,0,3,23,8,306687.8499999667,1812.8166666666666,1407.8333333333333,1,{'lifecycle:transition': 'complete'},deviant
1477,Amend Request for Quotation,2011-08-01 23:56:50,2011-08-02 01:57:06,2011-08-02 02:03:06,Nico Ojenbeer,45,0.057329051756705704,0,4,1,8,306837.11666663334,149.26666666666668,117.1,2,{'lifecycle:transition': 'complete'},deviant
1439,Settle Conditions With Supplier,2011-08-01 10:27:27,2011-08-01 18:24:12,2011-08-02 06:19:12,Magdalena Predutta,48,0.8897808840196448,0,9,18,8,306384.2166666333,476.75,1104.2,1,{'lifecycle:transition': 'complete'},deviant
1488,Create Purchase Requisition,2011-08-02 07:01:59,2011-08-02 07:01:59,2011-08-02 07:21:59,Alberto Duport,46,0.1258027956176804,0,1,7,8,307141.99999996665,307141.99999996665,421.98333333333335,2,{'lifecycle:transition': 'complete'},deviant
1476,Send Request for Quotation to Supplier,2011-08-01 20:14:42,2011-08-02 08:33:52,2011-08-02 09:03:52,Francois de Perrier,45,0.07225160559123536,0,4,8,8,307233.8833333,769.1666666666666,513.8666666666667,2,{'lifecycle:transition': 'complete'},deviant
1458,Send Request for Quotation to Supplier,2011-08-01 16:11:18,2011-08-02 10:21:12,2011-08-02 10:44:12,Karel de Groot,46,0.07225160559123536,0,5,10,8,307341.2166666333,1113.9,621.2,2,{'lifecycle:transition': 'complete'},regular
1448,Analyze Request for Quotation,2011-08-01 12:18:43,2011-08-02 10:25:00,2011-08-02 10:50:00,Magdalena Predutta,47,0.1774650547789951,0,7,10,8,307345.0166666333,1334.2833333333333,625.0,2,{'lifecycle:transition': 'complete'},regular
1439,Create Purchase Order,2011-08-02 06:19:12,2011-08-02 12:19:13,2011-08-02 12:26:13,Francois de Perrier,45,0.048073290517567056,0,10,12,8,307459.2333333,1075.0166666666667,739.2166666666667,2,{'lifecycle:transition': 'complete'},deviant
1458,Create Quotation comparison Map,2011-08-02 10:44:12,2011-08-02 13:05:01,2011-08-02 18:04:01,Karel de Groot,46,0.4004533434076313,0,6,13,8,307505.0333333,163.81666666666666,785.0166666666667,2,{'lifecycle:transition': 'complete'},regular
1476,Create Quotation comparison Map,2011-08-02 09:03:52,2011-08-02 16:18:48,2011-08-02 18:56:48,Francois de Perrier,46,0.4004533434076313,0,5,16,8,307698.8166666333,464.93333333333334,978.8,2,{'lifecycle:transition': 'complete'},deviant
1458,Analyze Quotation Comparison Map,2011-08-02 18:04:01,2011-08-03 00:55:19,2011-08-03 01:28:19,Penn Osterwalder,45,0.0646014355874575,0,7,0,8,308215.3333333,710.3,55.31666666666667,3,{'lifecycle:transition': 'complete'},regular
1458,Choose best option,2011-08-03 01:28:19,2011-08-03 01:35:57,2011-08-03 01:35:57,Christian Francois,45,0.0,0,8,1,8,308255.9666666333,40.63333333333333,95.95,3,{'lifecycle:transition': 'complete'},regular
1476,Analyze Quotation Comparison Map,2011-08-02 18:56:48,2011-08-03 01:53:29,2011-08-03 02:17:29,Christian Francois,45,0.0646014355874575,0,6,1,8,308273.49999996665,574.6833333333333,113.48333333333333,3,{'lifecycle:transition': 'complete'},deviant
1476,Choose best option,2011-08-03 02:17:29,2011-08-03 02:29:34,2011-08-03 02:29:34,Christian Francois,45,0.0,0,7,2,8,308309.5833333,36.083333333333336,149.56666666666666,3,{'lifecycle:transition': 'complete'},deviant
1448,Send Request for Quotation to Supplier,2011-08-02 10:50:00,2011-08-03 04:28:56,2011-08-03 04:41:56,Francois de Perrier,46,0.07225160559123536,0,8,4,8,308428.94999996666,1083.9333333333334,268.93333333333334,3,{'lifecycle:transition': 'complete'},regular
1488,Analyze Purchase Requisition,2011-08-02 07:21:59,2011-08-03 08:19:06,2011-08-03 08:25:06,Maris Freeman,46,0.03333962976955043,0,2,8,8,308659.11666663334,1517.1166666666666,499.1,3,{'lifecycle:transition': 'complete'},deviant
1477,Analyze Request for Quotation,2011-08-02 02:03:06,2011-08-03 11:24:39,2011-08-03 11:43:39,Francois de Perrier,45,0.1774650547789951,0,5,11,8,308844.66666663333,2007.55,684.65,3,{'lifecycle:transition': 'complete'},deviant
1448,Create Quotation comparison Map,2011-08-03 04:41:56,2011-08-03 09:12:11,2011-08-03 15:05:11,Karel de Groot,45,0.4004533434076313,0,9,9,8,308712.19999996666,283.25,552.1833333333333,3,{'lifecycle:transition': 'complete'},regular
1476,Settle Conditions With Supplier,2011-08-03 02:29:34,2011-08-03 15:29:43,2011-08-03 21:28:43,Francois de Perrier,45,0.8897808840196448,0,8,15,8,309089.7333333,780.15,929.7166666666667,3,{'lifecycle:transition': 'complete'},deviant
1448,Analyze Quotation Comparison Map,2011-08-03 15:05:11,2011-08-03 22:11:04,2011-08-03 22:32:04,Anna Kaufmann,43,0.0646014355874575,0,10,22,8,309491.0833333,778.8833333333333,1331.0666666666666,3,{'lifecycle:transition': 'complete'},regular
1499,Create Purchase Requisition,2011-08-04 07:16:59,2011-08-04 07:16:59,2011-08-04 07:37:59,Tesca Lobes,43,0.1258027956176804,0,1,7,8,310036.99999996665,310036.99999996665,436.98333333333335,4,{'lifecycle:transition': 'complete'},deviant
1458,Settle Conditions With Supplier,2011-08-03 01:35:57,2011-08-03 21:28:43,2011-08-04 08:08:43,Francois de Perrier,45,0.8897808840196448,0,9,20,8,309415.79999996664,1159.8333333333333,1255.7833333333333,3,{'lifecycle:transition': 'complete'},regular
1500,Create Purchase Requisition,2011-08-04 09:22:59,2011-08-04 09:22:59,2011-08-04 10:03:59,Penn Osterwalder,44,0.1258027956176804,0,1,9,8,310162.99999996665,310162.99999996665,562.9833333333333,4,{'lifecycle:transition': 'complete'},deviant
1476,Create Purchase Order,2011-08-03 21:28:43,2011-08-04 14:09:33,2011-08-04 14:18:33,Francois de Perrier,43,0.048073290517567056,1,9,14,8,310449.5666666333,1359.8333333333333,849.55,4,{'lifecycle:transition': 'complete'},deviant
1499,Create Request for Quotation,2011-08-04 07:37:59,2011-08-04 19:26:21,2011-08-04 19:36:21,Esmana Liubiata,43,0.04731771817151492,0,2,19,8,310766.36666663334,729.3666666666667,1166.35,4,{'lifecycle:transition': 'complete'},deviant
1458,Create Purchase Order,2011-08-04 08:08:43,2011-08-05 02:58:00,2011-08-05 03:06:00,Magdalena Predutta,43,0.048073290517567056,0,10,2,8,311218.0166666333,1802.2166666666667,178.0,5,{'lifecycle:transition': 'complete'},regular
1506,Create Purchase Requisition,2011-08-05 09:08:59,2011-08-05 09:08:59,2011-08-05 09:18:59,Fjodor Kowalski,44,0.1258027956176804,0,1,9,8,311588.99999996665,311588.99999996665,548.9833333333333,5,{'lifecycle:transition': 'complete'},deviant
1476,Confirm Purchase Order,2011-08-04 14:18:33,2011-08-05 09:26:58,2011-08-05 09:44:58,Karen Clarens,44,0.06752927842840951,0,10,9,8,311606.9833333,1157.4166666666667,566.9666666666667,5,{'lifecycle:transition': 'complete'},deviant
1500,Analyze Purchase Requisition,2011-08-04 10:03:59,2011-08-05 18:24:49,2011-08-05 18:33:49,Francis Odell,44,0.03333962976955043,0,2,18,8,312144.8333333,1981.8333333333333,1104.8166666666666,5,{'lifecycle:transition': 'complete'},deviant
1500,Create Request for Quotation,2011-08-05 18:33:49,2011-08-05 18:59:58,2011-08-05 19:01:58,Heinz Gutschmidt,43,0.04731771817151492,0,3,18,8,312179.9833333,35.15,1139.9666666666667,5,{'lifecycle:transition': 'complete'},deviant
1506,Analyze Purchase Requisition,2011-08-05 09:18:59,2011-08-06 07:48:42,2011-08-06 07:55:42,Francis Odell,44,0.03333962976955043,0,2,7,8,312948.7166666333,1359.7166666666667,468.7,6,{'lifecycle:transition': 'complete'},deviant
1506,Create Request for Quotation,2011-08-06 07:55:42,2011-08-06 08:13:04,2011-08-06 08:15:04,Maris Freeman,43,0.04731771817151492,0,3,8,8,312973.0833333,24.366666666666667,493.06666666666666,6,{'lifecycle:transition': 'complete'},deviant
1511,Create Purchase Requisition,2011-08-06 12:44:59,2011-08-06 12:44:59,2011-08-06 13:13:59,Anne Olwada,44,0.1258027956176804,0,1,12,8,313244.99999996665,313244.99999996665,764.9833333333333,6,{'lifecycle:transition': 'complete'},deviant
1499,Analyze Request for Quotation,2011-08-04 19:36:21,2011-08-07 03:05:30,2011-08-07 03:35:30,Magdalena Predutta,44,0.1774650547789951,0,3,3,8,314105.5166666333,3339.15,185.5,7,{'lifecycle:transition': 'complete'},deviant
1511,Analyze Purchase Requisition,2011-08-06 13:13:59,2011-08-07 15:03:32,2011-08-07 15:09:32,Heinz Gutschmidt,44,0.03333962976955043,0,2,15,8,314823.54999996664,1578.55,903.5333333333333,7,{'lifecycle:transition': 'complete'},deviant
1511,Create Request for Quotation,2011-08-07 15:09:32,2011-08-07 15:46:42,2011-08-07 15:47:42,Maris Freeman,43,0.04731771817151492,0,3,15,8,314866.7166666333,43.166666666666664,946.7,7,{'lifecycle:transition': 'complete'},deviant
1506,Analyze Request for Quotation,2011-08-06 08:15:04,2011-08-08 07:06:19,2011-08-08 07:23:19,Karel de Groot,43,0.1774650547789951,0,4,7,8,315786.3333333,2813.25,426.31666666666666,1,{'lifecycle:transition': 'complete'},deviant
1500,Analyze Request for Quotation,2011-08-05 19:01:58,2011-08-08 13:34:35,2011-08-08 13:56:35,Karel de Groot,43,0.1774650547789951,0,4,13,8,316174.5999999667,3994.616666666667,814.5833333333334,1,{'lifecycle:transition': 'complete'},deviant
1511,Analyze Request for Quotation,2011-08-07 15:47:42,2011-08-08 19:59:14,2011-08-08 20:27:14,Magdalena Predutta,43,0.1774650547789951,0,4,19,8,316559.24999996665,1692.5333333333333,1199.2333333333333,1,{'lifecycle:transition': 'complete'},deviant
1547,Create Purchase Requisition,2011-08-11 09:07:59,2011-08-11 09:07:59,2011-08-11 09:38:59,Esmana Liubiata,41,0.1258027956176804,0,1,9,8,320227.99999996665,320227.99999996665,547.9833333333333,4,{'lifecycle:transition': 'complete'},regular
3_CF,Create Purchase Requisition,2011-08-11 09:08:00,2011-08-11 09:38:59,2011-08-11 09:47:20,Esmana Liubiata,43,0.1258027956176804,0,1,9,8,320228.00966926664,320228.00966926664,548.0,4,{'lifecycle:transition': 'complete'},regular
5_CF,Create Purchase Requisition,2011-08-11 09:08:00,2011-08-11 09:47:20,2011-08-11 09:55:41,Esmana Liubiata,44,0.1258027956176804,1,1,9,8,320228.00966926664,320228.00966926664,548.0,4,{'lifecycle:transition': 'complete'},regular
6_CF,Create Purchase Requisition,2011-08-11 09:08:00,2011-08-11 09:55:41,2011-08-11 10:04:02,Esmana Liubiata,45,0.1258027956176804,2,1,9,8,320228.00966926664,320228.00966926664,548.0,4,{'lifecycle:transition': 'complete'},regular
7_CF,Create Purchase Requisition,2011-08-11 09:08:00,2011-08-11 10:04:02,2011-08-11 10:12:23,Esmana Liubiata,46,0.1258027956176804,3,1,9,8,320228.00966926664,320228.00966926664,548.0,4,{'lifecycle:transition': 'complete'},regular
8_CF,Create Purchase Requisition,2011-08-11 09:08:00,2011-08-11 10:12:23,2011-08-11 10:20:44,Esmana Liubiata,47,0.1258027956176804,4,1,9,8,320228.00966926664,320228.00966926664,548.0,4,{'lifecycle:transition': 'complete'},regular
10_CF,Create Purchase Requisition,2011-08-11 09:08:00,2011-08-11 10:20:44,2011-08-11 10:29:05,Esmana Liubiata,48,0.1258027956176804,5,1,9,8,320228.00966926664,320228.00966926664,548.0,4,{'lifecycle:transition': 'complete'},regular
11_CF,Create Purchase Requisition,2011-08-11 09:08:00,2011-08-11 10:29:05,2011-08-11 10:37:26,Esmana Liubiata,49,0.1258027956176804,6,1,9,8,320228.00966926664,320228.00966926664,548.0,4,{'lifecycle:transition': 'complete'},regular
12_CF,Create Purchase Requisition,2011-08-11 09:08:00,2011-08-11 10:37:26,2011-08-11 10:45:47,Esmana Liubiata,50,0.1258027956176804,7,1,9,8,320228.00966926664,320228.00966926664,548.0,4,{'lifecycle:transition': 'complete'},regular
13_CF,Create Purchase Requisition,2011-08-11 09:08:00,2011-08-11 10:45:47,2011-08-11 10:54:08,Esmana Liubiata,51,0.1258027956176804,8,1,9,8,320228.00966926664,320228.00966926664,548.0,4,{'lifecycle:transition': 'complete'},regular
14_CF,Create Purchase Requisition,2011-08-11 09:08:00,2011-08-11 10:54:08,2011-08-11 11:02:29,Esmana Liubiata,52,0.1258027956176804,9,1,9,8,320228.00966926664,320228.00966926664,548.0,4,{'lifecycle:transition': 'complete'},regular
15_CF,Create Purchase Requisition,2011-08-11 09:08:00,2011-08-11 11:02:29,2011-08-11 11:10:50,Esmana Liubiata,53,0.1258027956176804,10,1,9,8,320228.00966926664,320228.00966926664,548.0,4,{'lifecycle:transition': 'complete'},regular
16_CF,Create Purchase Requisition,2011-08-11 09:08:00,2011-08-11 11:10:50,2011-08-11 11:19:11,Esmana Liubiata,54,0.1258027956176804,11,1,9,8,320228.00966926664,320228.00966926664,548.0,4,{'lifecycle:transition': 'complete'},regular
17_CF,Create Purchase Requisition,2011-08-11 09:08:00,2011-08-11 11:19:11,2011-08-11 11:27:32,Esmana Liubiata,55,0.1258027956176804,12,1,9,8,320228.00966926664,320228.00966926664,548.0,4,{'lifecycle:transition': 'complete'},regular
19_CF,Create Purchase Requisition,2011-08-11 09:08:00,2011-08-11 11:27:32,2011-08-11 11:35:53,Esmana Liubiata,56,0.1258027956176804,13,1,9,8,320228.00966926664,320228.00966926664,548.0,4,{'lifecycle:transition': 'complete'},regular
20_CF,Create Purchase Requisition,2011-08-11 09:08:00,2011-08-11 11:35:53,2011-08-11 11:44:13,Esmana Liubiata,57,0.1258027956176804,14,1,9,8,320228.00966926664,320228.00966926664,548.0,4,{'lifecycle:transition': 'complete'},regular
21_CF,Create Purchase Requisition,2011-08-11 09:08:00,2011-08-11 11:44:13,2011-08-11 11:52:33,Esmana Liubiata,58,0.1258027956176804,15,1,9,8,320228.00966926664,320228.00966926664,548.0,4,{'lifecycle:transition': 'complete'},regular
24_CF,Create Purchase Requisition,2011-08-11 09:08:00,2011-08-11 11:52:33,2011-08-11 12:00:53,Esmana Liubiata,59,0.1258027956176804,16,1,9,8,320228.00966926664,320228.00966926664,548.0,4,{'lifecycle:transition': 'complete'},regular
25_CF,Create Purchase Requisition,2011-08-11 09:08:00,2011-08-11 12:00:53,2011-08-11 12:09:13,Esmana Liubiata,60,0.1258027956176804,17,1,9,8,320228.00966926664,320228.00966926664,548.0,4,{'lifecycle:transition': 'complete'},regular
26_CF,Create Purchase Requisition,2011-08-11 09:08:00,2011-08-11 12:09:13,2011-08-11 12:17:33,Esmana Liubiata,61,0.1258027956176804,18,1,9,8,320228.00966926664,320228.00966926664,548.0,4,{'lifecycle:transition': 'complete'},regular
27_CF,Create Purchase Requisition,2011-08-11 09:08:00,2011-08-11 12:17:33,2011-08-11 12:25:53,Esmana Liubiata,62,0.1258027956176804,19,1,9,8,320228.00966926664,320228.00966926664,548.0,4,{'lifecycle:transition': 'complete'},regular
28_CF,Create Purchase Requisition,2011-08-11 09:08:00,2011-08-11 12:25:53,2011-08-11 12:34:13,Esmana Liubiata,63,0.1258027956176804,20,1,9,8,320228.00966926664,320228.00966926664,548.0,4,{'lifecycle:transition': 'complete'},regular
29_CF,Create Purchase Requisition,2011-08-11 09:08:00,2011-08-11 12:34:13,2011-08-11 12:42:33,Esmana Liubiata,64,0.1258027956176804,21,1,9,8,320228.00966926664,320228.00966926664,548.0,4,{'lifecycle:transition': 'complete'},regular
30_CF,Create Purchase Requisition,2011-08-11 09:08:00,2011-08-11 12:42:33,2011-08-11 12:50:53,Esmana Liubiata,65,0.1258027956176804,22,1,9,8,320228.00966926664,320228.00966926664,548.0,4,{'lifecycle:transition': 'complete'},regular
31_CF,Create Purchase Requisition,2011-08-11 09:08:00,2011-08-11 12:50:53,2011-08-11 12:59:13,Esmana Liubiata,66,0.1258027956176804,23,1,9,8,320228.00966926664,320228.00966926664,548.0,4,{'lifecycle:transition': 'complete'},regular
32_CF,Create Purchase Requisition,2011-08-11 09:08:00,2011-08-11 12:59:13,2011-08-11 13:07:33,Esmana Liubiata,67,0.1258027956176804,24,1,9,8,320228.00966926664,320228.00966926664,548.0,4,{'lifecycle:transition': 'complete'},regular
33_CF,Create Purchase Requisition,2011-08-11 09:08:00,2011-08-11 13:07:33,2011-08-11 13:15:53,Esmana Liubiata,68,0.1258027956176804,25,1,9,8,320228.00966926664,320228.00966926664,548.0,4,{'lifecycle:transition': 'complete'},regular
34_CF,Create Purchase Requisition,2011-08-11 09:08:00,2011-08-11 13:15:53,2011-08-11 13:24:13,Esmana Liubiata,69,0.1258027956176804,26,1,9,8,320228.00966926664,320228.00966926664,548.0,4,{'lifecycle:transition': 'complete'},regular
35_CF,Create Purchase Requisition,2011-08-11 09:08:00,2011-08-11 13:24:13,2011-08-11 13:32:33,Esmana Liubiata,70,0.1258027956176804,27,1,9,8,320228.00966926664,320228.00966926664,548.0,4,{'lifecycle:transition': 'complete'},regular
37_CF,Create Purchase Requisition,2011-08-11 09:08:00,2011-08-11 13:32:33,2011-08-11 13:40:53,Esmana Liubiata,71,0.1258027956176804,28,1,9,8,320228.00966926664,320228.00966926664,548.0,4,{'lifecycle:transition': 'complete'},regular
38_CF,Create Purchase Requisition,2011-08-11 09:08:00,2011-08-11 13:40:53,2011-08-11 13:49:13,Esmana Liubiata,72,0.1258027956176804,29,1,9,8,320228.00966926664,320228.00966926664,548.0,4,{'lifecycle:transition': 'complete'},regular
41_CF,Create Purchase Requisition,2011-08-11 09:08:00,2011-08-11 13:49:13,2011-08-11 13:57:32,Esmana Liubiata,73,0.1258027956176804,30,1,9,8,320228.00966926664,320228.00966926664,548.0,4,{'lifecycle:transition': 'complete'},regular
42_CF,Create Purchase Requisition,2011-08-11 09:08:00,2011-08-11 13:57:32,2011-08-11 14:05:51,Esmana Liubiata,74,0.1258027956176804,31,1,9,8,320228.00966926664,320228.00966926664,548.0,4,{'lifecycle:transition': 'complete'},regular
43_CF,Create Purchase Requisition,2011-08-11 09:08:00,2011-08-11 14:05:51,2011-08-11 14:14:10,Esmana Liubiata,75,0.1258027956176804,32,1,9,8,320228.00966926664,320228.00966926664,548.0,4,{'lifecycle:transition': 'complete'},regular
44_CF,Create Purchase Requisition,2011-08-11 09:08:00,2011-08-11 14:14:10,2011-08-11 14:22:29,Esmana Liubiata,76,0.1258027956176804,33,1,9,8,320228.00966926664,320228.00966926664,548.0,4,{'lifecycle:transition': 'complete'},regular
45_CF,Create Purchase Requisition,2011-08-11 09:08:00,2011-08-11 14:22:29,2011-08-11 14:30:48,Esmana Liubiata,77,0.1258027956176804,34,1,9,8,320228.00966926664,320228.00966926664,548.0,4,{'lifecycle:transition': 'complete'},regular
46_CF,Create Purchase Requisition,2011-08-11 09:08:00,2011-08-11 14:30:48,2011-08-11 14:39:07,Esmana Liubiata,78,0.1258027956176804,35,1,9,8,320228.00966926664,320228.00966926664,548.0,4,{'lifecycle:transition': 'complete'},regular
47_CF,Create Purchase Requisition,2011-08-11 09:08:00,2011-08-11 14:39:07,2011-08-11 14:47:26,Esmana Liubiata,79,0.1258027956176804,36,1,9,8,320228.00966926664,320228.00966926664,548.0,4,{'lifecycle:transition': 'complete'},regular
48_CF,Create Purchase Requisition,2011-08-11 09:08:00,2011-08-11 14:47:26,2011-08-11 14:55:45,Esmana Liubiata,80,0.1258027956176804,37,1,9,8,320228.00966926664,320228.00966926664,548.0,4,{'lifecycle:transition': 'complete'},regular
49_CF,Create Purchase Requisition,2011-08-11 09:08:00,2011-08-11 14:55:45,2011-08-11 15:04:04,Esmana Liubiata,81,0.1258027956176804,38,1,9,8,320228.00966926664,320228.00966926664,548.0,4,{'lifecycle:transition': 'complete'},regular
50_CF,Create Purchase Requisition,2011-08-11 09:08:00,2011-08-11 15:04:04,2011-08-11 15:12:23,Esmana Liubiata,82,0.1258027956176804,39,1,9,8,320228.00966926664,320228.00966926664,548.0,4,{'lifecycle:transition': 'complete'},regular
51_CF,Create Purchase Requisition,2011-08-11 09:08:00,2011-08-11 15:12:23,2011-08-11 15:20:42,Esmana Liubiata,82,0.1258027956176804,40,1,9,8,320228.00966926664,320228.00966926664,548.0,4,{'lifecycle:transition': 'complete'},regular
3_CF,Create Request for Quotation,2011-08-11 09:47:20,2011-08-12 00:34:53,2011-08-12 00:52:10,Esmana Liubiata,82,0.04731771817151492,40,2,0,8,321154.89999996667,926.8903307,34.88333333333333,5,{'lifecycle:transition': 'complete'},regular
5_CF,Create Request for Quotation,2011-08-11 09:55:41,2011-08-12 00:53:30,2011-08-12 01:10:47,Esmana Liubiata,82,0.04731771817151492,39,2,0,8,321173.5166666333,945.5069973666667,53.5,5,{'lifecycle:transition': 'complete'},regular
1547,Create Request for Quotation,2011-08-11 09:38:59,2011-08-12 01:10:47,2011-08-12 01:20:47,Esmana Liubiata,82,0.04731771817151492,41,2,0,8,321178.2333333,950.2333333333333,58.21666666666667,5,{'lifecycle:transition': 'complete'},regular
6_CF,Create Request for Quotation,2011-08-11 10:04:02,2011-08-12 01:20:47,2011-08-12 01:38:04,Esmana Liubiata,82,0.04731771817151492,38,2,1,8,321192.2666666333,964.2569973666667,72.25,5,{'lifecycle:transition': 'complete'},regular
7_CF,Create Request for Quotation,2011-08-11 10:12:23,2011-08-12 01:38:04,2011-08-12 01:55:22,Esmana Liubiata,82,0.04731771817151492,37,2,1,8,321211.14999996667,983.1403307,91.13333333333334,5,{'lifecycle:transition': 'complete'},regular
8_CF,Create Request for Quotation,2011-08-11 10:20:44,2011-08-12 01:55:22,2011-08-12 02:12:40,Esmana Liubiata,82,0.04731771817151492,36,2,1,8,321230.1833333,1002.1736640333334,110.16666666666667,5,{'lifecycle:transition': 'complete'},regular
10_CF,Create Request for Quotation,2011-08-11 10:29:05,2011-08-12 02:12:40,2011-08-12 02:29:58,Esmana Liubiata,82,0.04731771817151492,35,2,2,8,321249.3499999667,1021.3403307000001,129.33333333333334,5,{'lifecycle:transition': 'complete'},regular
11_CF,Create Request for Quotation,2011-08-11 10:37:26,2011-08-12 02:29:58,2011-08-12 02:47:17,Esmana Liubiata,82,0.04731771817151492,34,2,2,8,321268.66666663333,1040.6569973666667,148.65,5,{'lifecycle:transition': 'complete'},regular
12_CF,Create Request for Quotation,2011-08-11 10:45:47,2011-08-12 02:48:06,2011-08-12 03:05:25,Esmana Liubiata,82,0.04731771817151492,33,2,2,8,321288.11666663334,1060.1069973666667,168.1,5,{'lifecycle:transition': 'complete'},regular
13_CF,Create Request for Quotation,2011-08-11 10:54:08,2011-08-12 03:07:44,2011-08-12 03:25:03,Esmana Liubiata,82,0.04731771817151492,32,2,3,8,321307.74999996665,1079.7403307,187.73333333333332,5,{'lifecycle:transition': 'complete'},regular
14_CF,Create Request for Quotation,2011-08-11 11:02:29,2011-08-12 03:27:32,2011-08-12 03:44:52,Esmana Liubiata,82,0.04731771817151492,31,2,3,8,321327.54999996664,1099.5403307000001,207.53333333333333,5,{'lifecycle:transition': 'complete'},regular
15_CF,Create Request for Quotation,2011-08-11 11:10:50,2011-08-12 03:47:29,2011-08-12 04:04:49,Esmana Liubiata,82,0.04731771817151492,30,2,3,8,321347.49999996665,1119.4903307,227.48333333333332,5,{'lifecycle:transition': 'complete'},regular
16_CF,Create Request for Quotation,2011-08-11 11:19:11,2011-08-12 04:07:35,2011-08-12 04:24:55,Esmana Liubiata,82,0.04731771817151492,29,2,4,8,321367.5999999667,1139.5903307,247.58333333333334,5,{'lifecycle:transition': 'complete'},regular
17_CF,Create Request for Quotation,2011-08-11 11:27:32,2011-08-12 04:27:50,2011-08-12 04:45:11,Esmana Liubiata,82,0.04731771817151492,28,2,4,8,321387.8499999667,1159.8403307,267.8333333333333,5,{'lifecycle:transition': 'complete'},regular
19_CF,Create Request for Quotation,2011-08-11 11:35:53,2011-08-12 04:48:16,2011-08-12 05:05:37,Esmana Liubiata,82,0.04731771817151492,27,2,4,8,321408.2833333,1180.2736640333335,288.26666666666665,5,{'lifecycle:transition': 'complete'},regular
20_CF,Create Request for Quotation,2011-08-11 11:44:13,2011-08-12 05:08:50,2011-08-12 05:26:11,Esmana Liubiata,82,0.04731771817151492,26,2,5,8,321428.8499999667,1200.8403307,308.8333333333333,5,{'lifecycle:transition': 'complete'},regular
21_CF,Create Request for Quotation,2011-08-11 11:52:33,2011-08-12 05:29:33,2011-08-12 05:46:54,Esmana Liubiata,82,0.04731771817151492,25,2,5,8,321449.5666666333,1221.5569973666668,329.55,5,{'lifecycle:transition': 'complete'},regular
24_CF,Create Request for Quotation,2011-08-11 12:00:53,2011-08-12 05:50:26,2011-08-12 06:07:48,Esmana Liubiata,82,0.04731771817151492,24,2,5,8,321470.44999996666,1242.4403307,350.43333333333334,5,{'lifecycle:transition': 'complete'},regular
25_CF,Create Request for Quotation,2011-08-11 12:09:13,2011-08-12 06:11:30,2011-08-12 06:28:52,Esmana Liubiata,82,0.04731771817151492,23,2,6,8,321491.5166666333,1263.5069973666666,371.5,5,{'lifecycle:transition': 'complete'},regular
26_CF,Create Request for Quotation,2011-08-11 12:17:33,2011-08-12 06:32:44,2011-08-12 06:50:06,Esmana Liubiata,82,0.04731771817151492,22,2,6,8,321512.74999996665,1284.7403307,392.73333333333335,5,{'lifecycle:transition': 'complete'},regular
27_CF,Create Request for Quotation,2011-08-11 12:25:53,2011-08-12 06:54:08,2011-08-12 07:11:31,Esmana Liubiata,82,0.04731771817151492,21,2,6,8,321534.14999996667,1306.1403307,414.1333333333333,5,{'lifecycle:transition': 'complete'},regular
28_CF,Create Request for Quotation,2011-08-11 12:34:13,2011-08-12 07:15:41,2011-08-12 07:33:04,Esmana Liubiata,82,0.04731771817151492,20,2,7,8,321555.69999996666,1327.6903307,435.68333333333334,5,{'lifecycle:transition': 'complete'},regular
29_CF,Create Request for Quotation,2011-08-11 12:42:33,2011-08-12 07:37:24,2011-08-12 07:54:47,Esmana Liubiata,82,0.04731771817151492,19,2,7,8,321577.41666663333,1349.4069973666667,457.4,5,{'lifecycle:transition': 'complete'},regular
30_CF,Create Request for Quotation,2011-08-11 12:50:53,2011-08-12 07:59:19,2011-08-12 08:16:42,Esmana Liubiata,82,0.04731771817151492,18,2,7,8,321599.3333333,1371.3236640333334,479.31666666666666,5,{'lifecycle:transition': 'complete'},regular
31_CF,Create Request for Quotation,2011-08-11 12:59:13,2011-08-12 08:21:24,2011-08-12 08:38:48,Esmana Liubiata,82,0.04731771817151492,17,2,8,8,321621.41666663333,1393.4069973666667,501.4,5,{'lifecycle:transition': 'complete'},regular
32_CF,Create Request for Quotation,2011-08-11 13:07:33,2011-08-12 08:43:39,2011-08-12 09:01:03,Esmana Liubiata,82,0.04731771817151492,16,2,8,8,321643.66666663333,1415.6569973666667,523.65,5,{'lifecycle:transition': 'complete'},regular
33_CF,Create Request for Quotation,2011-08-11 13:15:53,2011-08-12 09:06:03,2011-08-12 09:23:27,Esmana Liubiata,82,0.04731771817151492,15,2,9,8,321666.0666666333,1438.0569973666668,546.05,5,{'lifecycle:transition': 'complete'},regular
34_CF,Create Request for Quotation,2011-08-11 13:24:13,2011-08-12 09:28:37,2011-08-12 09:46:02,Esmana Liubiata,82,0.04731771817151492,14,2,9,8,321688.6333333,1460.6236640333334,568.6166666666667,5,{'lifecycle:transition': 'complete'},regular
35_CF,Create Request for Quotation,2011-08-11 13:32:33,2011-08-12 09:51:21,2011-08-12 10:08:46,Esmana Liubiata,82,0.04731771817151492,13,2,9,8,321711.36666663334,1483.3569973666667,591.35,5,{'lifecycle:transition': 'complete'},regular
37_CF,Create Request for Quotation,2011-08-11 13:40:53,2011-08-12 10:14:15,2011-08-12 10:31:40,Esmana Liubiata,82,0.04731771817151492,12,2,10,8,321734.2666666333,1506.2569973666666,614.25,5,{'lifecycle:transition': 'complete'},regular
38_CF,Create Request for Quotation,2011-08-11 13:49:13,2011-08-12 10:37:18,2011-08-12 10:54:43,Esmana Liubiata,82,0.04731771817151492,11,2,10,8,321757.3166666333,1529.3069973666668,637.3,5,{'lifecycle:transition': 'complete'},regular
41_CF,Create Request for Quotation,2011-08-11 13:57:32,2011-08-12 11:00:29,2011-08-12 11:17:55,Esmana Liubiata,82,0.04731771817151492,10,2,11,8,321780.49999996665,1552.4903307,660.4833333333333,5,{'lifecycle:transition': 'complete'},regular
42_CF,Create Request for Quotation,2011-08-11 14:05:51,2011-08-12 11:23:50,2011-08-12 11:41:16,Esmana Liubiata,82,0.04731771817151492,9,2,11,8,321803.8499999667,1575.8403307,683.8333333333334,5,{'lifecycle:transition': 'complete'},regular
43_CF,Create Request for Quotation,2011-08-11 14:14:10,2011-08-12 11:47:21,2011-08-12 12:04:47,Esmana Liubiata,82,0.04731771817151492,8,2,11,8,321827.36666663334,1599.3569973666667,707.35,5,{'lifecycle:transition': 'complete'},regular
44_CF,Create Request for Quotation,2011-08-11 14:22:29,2011-08-12 12:11:01,2011-08-12 12:28:27,Esmana Liubiata,82,0.04731771817151492,7,2,12,8,321851.0333333,1623.0236640333335,731.0166666666667,5,{'lifecycle:transition': 'complete'},regular
45_CF,Create Request for Quotation,2011-08-11 14:30:48,2011-08-12 12:34:50,2011-08-12 12:52:17,Esmana Liubiata,82,0.04731771817151492,6,2,12,8,321874.8499999667,1646.8403307,754.8333333333334,5,{'lifecycle:transition': 'complete'},regular
46_CF,Create Request for Quotation,2011-08-11 14:39:07,2011-08-12 12:58:49,2011-08-12 13:16:16,Esmana Liubiata,82,0.04731771817151492,5,2,12,8,321898.8333333,1670.8236640333334,778.8166666666667,5,{'lifecycle:transition': 'complete'},regular
47_CF,Create Request for Quotation,2011-08-11 14:47:26,2011-08-12 13:22:57,2011-08-12 13:40:24,Esmana Liubiata,82,0.04731771817151492,4,2,13,8,321922.9666666333,1694.9569973666667,802.95,5,{'lifecycle:transition': 'complete'},regular
48_CF,Create Request for Quotation,2011-08-11 14:55:45,2011-08-12 13:47:14,2011-08-12 14:04:41,Esmana Liubiata,82,0.04731771817151492,3,2,13,8,321947.24999996665,1719.2403307,827.2333333333333,5,{'lifecycle:transition': 'complete'},regular
49_CF,Create Request for Quotation,2011-08-11 15:04:04,2011-08-12 14:11:40,2011-08-12 14:29:07,Esmana Liubiata,82,0.04731771817151492,2,2,14,8,321971.6833333,1743.6736640333334,851.6666666666666,5,{'lifecycle:transition': 'complete'},regular
50_CF,Create Request for Quotation,2011-08-11 15:12:23,2011-08-12 14:36:16,2011-08-12 14:53:44,Esmana Liubiata,82,0.04731771817151492,1,2,14,8,321996.2833333,1768.2736640333335,876.2666666666667,5,{'lifecycle:transition': 'complete'},regular
51_CF,Create Request for Quotation,2011-08-11 15:20:42,2011-08-12 14:53:44,2011-08-12 15:11:12,Esmana Liubiata,82,0.04731771817151492,0,2,14,8,322004.5999999667,1776.5903307,884.5833333333334,5,{'lifecycle:transition': 'complete'},regular
1558,Create Purchase Requisition,2011-08-12 23:24:59,2011-08-12 23:24:59,2011-08-12 23:36:59,Elvira Lores,83,0.1258027956176804,0,1,23,8,322524.99999995,322524.99999995,1404.9833333333333,5,{'lifecycle:transition': 'complete'},deviant
1558,Analyze Purchase Requisition,2011-08-12 23:36:59,2011-08-14 09:38:23,2011-08-14 09:42:23,Francis Odell,83,0.03333962976955043,0,2,9,8,324578.39999995,2053.4,578.3833333333333,7,{'lifecycle:transition': 'complete'},deviant
1558,Create Request for Quotation,2011-08-14 09:42:23,2011-08-14 10:16:19,2011-08-14 10:18:19,Francis Odell,83,0.04731771817151492,0,3,10,8,324616.3333332834,37.93333333333333,616.3166666666667,7,{'lifecycle:transition': 'complete'},deviant
3_CF,Analyze Request for Quotation,2011-08-12 00:52:10,2011-08-14 19:56:39,2011-08-14 20:09:46,Francois de Perrier,82,0.1774650547789951,0,3,19,8,325196.66666663333,4041.766666666667,1196.65,7,{'lifecycle:transition': 'complete'},regular
5_CF,Analyze Request for Quotation,2011-08-12 01:10:47,2011-08-14 20:11:07,2011-08-14 20:24:14,Francois de Perrier,82,0.1774650547789951,0,3,20,8,325211.1333333,4037.616666666667,1211.1166666666666,7,{'lifecycle:transition': 'complete'},regular
1547,Analyze Request for Quotation,2011-08-12 01:20:47,2011-08-14 20:24:14,2011-08-14 20:51:14,Francois de Perrier,82,0.1774650547789951,0,3,20,8,325213.36666663334,4035.133333333333,1213.35,7,{'lifecycle:transition': 'complete'},regular
6_CF,Analyze Request for Quotation,2011-08-12 01:38:04,2011-08-14 20:51:14,2011-08-14 21:04:20,Francois de Perrier,82,0.1774650547789951,0,3,20,8,325234.2833333,4042.016666666667,1234.2666666666667,7,{'lifecycle:transition': 'complete'},regular
7_CF,Analyze Request for Quotation,2011-08-12 01:55:22,2011-08-14 21:04:20,2011-08-14 21:17:26,Francois de Perrier,82,0.1774650547789951,0,3,20,8,325247.4333333,4036.2833333333333,1247.4166666666667,7,{'lifecycle:transition': 'complete'},regular
8_CF,Analyze Request for Quotation,2011-08-12 02:12:40,2011-08-14 21:17:26,2011-08-14 21:30:32,Francois de Perrier,82,0.1774650547789951,0,3,21,8,325260.5666666333,4030.383333333333,1260.55,7,{'lifecycle:transition': 'complete'},regular
10_CF,Analyze Request for Quotation,2011-08-12 02:29:58,2011-08-14 21:30:32,2011-08-14 21:43:38,Francois de Perrier,82,0.1774650547789951,0,3,21,8,325273.69999996666,4024.35,1273.6833333333334,7,{'lifecycle:transition': 'complete'},regular
11_CF,Analyze Request for Quotation,2011-08-12 02:47:17,2011-08-14 21:43:38,2011-08-14 21:56:44,Francois de Perrier,82,0.1774650547789951,0,3,21,8,325286.8499999667,4018.1833333333334,1286.8333333333333,7,{'lifecycle:transition': 'complete'},regular
12_CF,Analyze Request for Quotation,2011-08-12 03:05:25,2011-08-14 21:56:44,2011-08-14 22:09:50,Francois de Perrier,82,0.1774650547789951,0,3,21,8,325300.79999996664,4012.6833333333334,1300.7833333333333,7,{'lifecycle:transition': 'complete'},regular
13_CF,Analyze Request for Quotation,2011-08-12 03:25:03,2011-08-14 22:09:50,2011-08-14 22:22:56,Francois de Perrier,82,0.1774650547789951,0,3,21,8,325316.2333333,4008.483333333333,1316.2166666666667,7,{'lifecycle:transition': 'complete'},regular
14_CF,Analyze Request for Quotation,2011-08-12 03:44:52,2011-08-14 22:22:56,2011-08-14 22:36:02,Francois de Perrier,82,0.1774650547789951,0,3,22,8,325331.8333333,4004.2833333333333,1331.8166666666666,7,{'lifecycle:transition': 'complete'},regular
15_CF,Analyze Request for Quotation,2011-08-12 04:04:49,2011-08-14 22:36:02,2011-08-14 22:49:08,Francois de Perrier,82,0.1774650547789951,0,3,22,8,325347.54999996664,4000.05,1347.5333333333333,7,{'lifecycle:transition': 'complete'},regular
16_CF,Analyze Request for Quotation,2011-08-12 04:24:55,2011-08-14 22:49:08,2011-08-14 23:02:14,Francois de Perrier,82,0.1774650547789951,0,3,22,8,325363.41666663333,3995.8166666666666,1363.4,7,{'lifecycle:transition': 'complete'},regular
17_CF,Analyze Request for Quotation,2011-08-12 04:45:11,2011-08-14 23:02:14,2011-08-14 23:15:20,Francois de Perrier,82,0.1774650547789951,0,3,22,8,325379.44999996666,3991.6,1379.4333333333334,7,{'lifecycle:transition': 'complete'},regular
19_CF,Analyze Request for Quotation,2011-08-12 05:05:37,2011-08-14 23:15:36,2011-08-14 23:28:42,Francois de Perrier,82,0.1774650547789951,0,3,23,8,325395.61666663334,3987.3333333333335,1395.6,7,{'lifecycle:transition': 'complete'},regular
20_CF,Analyze Request for Quotation,2011-08-12 05:26:11,2011-08-14 23:31:54,2011-08-14 23:44:59,Francois de Perrier,82,0.1774650547789951,0,3,23,8,325411.91666663333,3983.0666666666666,1411.9,7,{'lifecycle:transition': 'complete'},regular
21_CF,Analyze Request for Quotation,2011-08-12 05:46:54,2011-08-14 23:48:20,2011-08-15 00:01:25,Francois de Perrier,82,0.1774650547789951,0,3,23,8,325428.3499999667,3978.7833333333333,1428.3333333333333,7,{'lifecycle:transition': 'complete'},regular
24_CF,Analyze Request for Quotation,2011-08-12 06:07:48,2011-08-15 00:04:58,2011-08-15 00:20:02,Francois de Perrier,82,0.1774650547789951,0,3,0,8,325444.9833333,3974.5333333333333,4.966666666666667,1,{'lifecycle:transition': 'complete'},regular
25_CF,Analyze Request for Quotation,2011-08-12 06:28:52,2011-08-15 00:21:45,2011-08-15 00:36:48,Francois de Perrier,82,0.1774650547789951,0,3,0,8,325461.7666666333,3970.25,21.75,1,{'lifecycle:transition': 'complete'},regular
26_CF,Analyze Request for Quotation,2011-08-12 06:50:06,2011-08-15 00:38:42,2011-08-15 00:53:44,Francois de Perrier,82,0.1774650547789951,0,3,0,8,325478.7166666333,3965.9666666666667,38.7,1,{'lifecycle:transition': 'complete'},regular
27_CF,Analyze Request for Quotation,2011-08-12 07:11:31,2011-08-15 00:55:47,2011-08-15 01:10:48,Francois de Perrier,82,0.1774650547789951,0,3,0,8,325495.79999996664,3961.65,55.78333333333333,1,{'lifecycle:transition': 'complete'},regular
28_CF,Analyze Request for Quotation,2011-08-12 07:33:04,2011-08-15 01:12:57,2011-08-15 01:27:57,Francois de Perrier,82,0.1774650547789951,0,3,1,8,325512.9666666333,3957.266666666667,72.95,1,{'lifecycle:transition': 'complete'},regular
29_CF,Analyze Request for Quotation,2011-08-12 07:54:47,2011-08-15 01:30:16,2011-08-15 01:45:16,Francois de Perrier,82,0.1774650547789951,0,3,1,8,325530.2833333,3952.866666666667,90.26666666666667,1,{'lifecycle:transition': 'complete'},regular
30_CF,Analyze Request for Quotation,2011-08-12 08:16:42,2011-08-15 01:47:46,2011-08-15 02:02:45,Francois de Perrier,82,0.1774650547789951,0,3,1,8,325547.7833333,3948.45,107.76666666666667,1,{'lifecycle:transition': 'complete'},regular
31_CF,Analyze Request for Quotation,2011-08-12 08:38:48,2011-08-15 02:05:27,2011-08-15 02:20:25,Francois de Perrier,82,0.1774650547789951,0,3,2,8,325565.4666666333,3944.05,125.45,1,{'lifecycle:transition': 'complete'},regular
32_CF,Analyze Request for Quotation,2011-08-12 09:01:03,2011-08-15 02:23:15,2011-08-15 02:38:12,Francois de Perrier,82,0.1774650547789951,0,3,2,8,325583.2666666333,3939.6,143.25,1,{'lifecycle:transition': 'complete'},regular
33_CF,Analyze Request for Quotation,2011-08-12 09:23:27,2011-08-15 02:41:12,2011-08-15 02:56:08,Francois de Perrier,82,0.1774650547789951,0,3,2,8,325601.2166666333,3935.15,161.2,1,{'lifecycle:transition': 'complete'},regular
34_CF,Analyze Request for Quotation,2011-08-12 09:46:02,2011-08-15 02:59:20,2011-08-15 03:14:15,Francois de Perrier,82,0.1774650547789951,0,3,2,8,325619.3499999667,3930.7166666666667,179.33333333333334,1,{'lifecycle:transition': 'complete'},regular
35_CF,Analyze Request for Quotation,2011-08-12 10:08:46,2011-08-15 03:17:35,2011-08-15 03:32:29,Francois de Perrier,82,0.1774650547789951,0,3,3,8,325637.5999999667,3926.233333333333,197.58333333333334,1,{'lifecycle:transition': 'complete'},regular
37_CF,Analyze Request for Quotation,2011-08-12 10:31:40,2011-08-15 03:36:00,2011-08-15 03:50:53,Francois de Perrier,82,0.1774650547789951,0,3,3,8,325656.0166666333,3921.75,216.0,1,{'lifecycle:transition': 'complete'},regular
38_CF,Analyze Request for Quotation,2011-08-12 10:54:43,2011-08-15 03:54:33,2011-08-15 04:09:25,Francois de Perrier,82,0.1774650547789951,0,3,3,8,325674.5666666333,3917.25,234.55,1,{'lifecycle:transition': 'complete'},regular
41_CF,Analyze Request for Quotation,2011-08-12 11:17:55,2011-08-15 04:13:15,2011-08-15 04:28:06,Francois de Perrier,82,0.1774650547789951,0,3,4,8,325693.2666666333,3912.766666666667,253.25,1,{'lifecycle:transition': 'complete'},regular
42_CF,Analyze Request for Quotation,2011-08-12 11:41:16,2011-08-15 04:32:04,2011-08-15 04:46:54,Francois de Perrier,82,0.1774650547789951,0,3,4,8,325712.0833333,3908.233333333333,272.06666666666666,1,{'lifecycle:transition': 'complete'},regular
43_CF,Analyze Request for Quotation,2011-08-12 12:04:47,2011-08-15 04:51:03,2011-08-15 05:05:53,Francois de Perrier,82,0.1774650547789951,0,3,4,8,325731.0666666333,3903.7,291.05,1,{'lifecycle:transition': 'complete'},regular
44_CF,Analyze Request for Quotation,2011-08-12 12:28:27,2011-08-15 05:10:11,2011-08-15 05:25:00,Francois de Perrier,82,0.1774650547789951,0,3,5,8,325750.19999996666,3899.1666666666665,310.18333333333334,1,{'lifecycle:transition': 'complete'},regular
45_CF,Analyze Request for Quotation,2011-08-12 12:52:17,2011-08-15 05:29:28,2011-08-15 05:44:16,Francois de Perrier,82,0.1774650547789951,0,3,5,8,325769.4833333,3894.633333333333,329.46666666666664,1,{'lifecycle:transition': 'complete'},regular
46_CF,Analyze Request for Quotation,2011-08-12 13:16:16,2011-08-15 05:48:53,2011-08-15 06:03:40,Francois de Perrier,82,0.1774650547789951,0,3,5,8,325788.89999996667,3890.0666666666666,348.8833333333333,1,{'lifecycle:transition': 'complete'},regular
47_CF,Analyze Request for Quotation,2011-08-12 13:40:24,2011-08-15 06:08:27,2011-08-15 06:23:13,Francois de Perrier,82,0.1774650547789951,0,3,6,8,325808.4666666333,3885.5,368.45,1,{'lifecycle:transition': 'complete'},regular
48_CF,Analyze Request for Quotation,2011-08-12 14:04:41,2011-08-15 06:28:09,2011-08-15 06:42:54,Francois de Perrier,82,0.1774650547789951,0,3,6,8,325828.16666663333,3880.9166666666665,388.15,1,{'lifecycle:transition': 'complete'},regular
49_CF,Analyze Request for Quotation,2011-08-12 14:29:07,2011-08-15 06:47:59,2011-08-15 07:02:44,Francois de Perrier,82,0.1774650547789951,0,3,6,8,325847.99999996665,3876.3166666666666,407.98333333333335,1,{'lifecycle:transition': 'complete'},regular
50_CF,Analyze Request for Quotation,2011-08-12 14:53:44,2011-08-15 07:08:01,2011-08-15 07:22:45,Francois de Perrier,82,0.1774650547789951,0,3,7,8,325868.0333333,3871.75,428.01666666666665,1,{'lifecycle:transition': 'complete'},regular
51_CF,Analyze Request for Quotation,2011-08-12 15:11:12,2011-08-15 07:25:29,2011-08-15 07:40:12,Francois de Perrier,82,0.1774650547789951,0,3,7,8,325885.49999996665,3880.9,445.48333333333335,1,{'lifecycle:transition': 'complete'},regular
3_CF,Send Request for Quotation to Supplier,2011-08-14 20:09:46,2011-08-15 18:23:03,2011-08-15 20:36:00,Karel de Groot,83,0.07225160559123536,0,4,18,8,326543.0666666333,1346.4,1103.05,1,{'lifecycle:transition': 'complete'},regular
21_CF,Send Request for Quotation to Supplier,2011-08-15 00:01:25,2011-08-15 20:36:00,2011-08-15 22:48:48,Karel de Groot,83,0.07225160559123536,0,4,18,8,326552.7333333,1124.3833333333334,1112.7166666666667,1,{'lifecycle:transition': 'complete'},regular
5_CF,Send Request for Quotation to Supplier,2011-08-14 20:24:14,2011-08-15 22:48:48,2011-08-16 00:59:38,Karel de Groot,83,0.07225160559123536,0,4,18,8,326556.66666663333,1345.5333333333333,1116.65,1,{'lifecycle:transition': 'complete'},regular
3_CF,Create Quotation comparison Map,2011-08-15 20:36:00,2011-08-16 00:54:20,2011-08-16 01:08:31,Magdalena Predutta,83,0.4004533434076313,0,5,0,8,326934.3499999667,391.28333333333336,54.333333333333336,2,{'lifecycle:transition': 'complete'},regular
21_CF,Create Quotation comparison Map,2011-08-15 22:48:48,2011-08-16 02:31:51,2011-08-16 02:46:04,Magdalena Predutta,83,0.4004533434076313,0,5,2,8,327031.86666663334,479.1333333333333,151.85,2,{'lifecycle:transition': 'complete'},regular
24_CF,Send Request for Quotation to Supplier,2011-08-15 00:20:02,2011-08-16 00:59:38,2011-08-16 04:23:27,Karel de Groot,83,0.07225160559123536,0,4,18,8,326567.8333333,1122.85,1127.8166666666666,1,{'lifecycle:transition': 'complete'},regular
1547,Send Request for Quotation to Supplier,2011-08-14 20:51:14,2011-08-16 04:23:27,2011-08-16 04:49:27,Karel de Groot,83,0.07225160559123536,0,4,18,8,326578.6333333,1365.2666666666667,1138.6166666666666,1,{'lifecycle:transition': 'complete'},regular
3_CF,Analyze Quotation Comparison Map,2011-08-16 01:08:31,2011-08-16 08:01:35,2011-08-16 08:01:40,Nico Ojenbeer,83,0.0646014355874575,0,6,8,8,327361.5999999667,427.25,481.5833333333333,2,{'lifecycle:transition': 'complete'},regular
25_CF,Send Request for Quotation to Supplier,2011-08-15 00:36:48,2011-08-16 04:49:27,2011-08-16 08:08:29,Karel de Groot,83,0.07225160559123536,0,4,19,8,326581.0666666333,1119.3,1141.05,1,{'lifecycle:transition': 'complete'},regular
5_CF,Create Quotation comparison Map,2011-08-16 00:59:38,2011-08-16 08:06:19,2011-08-16 08:20:42,Magdalena Predutta,83,0.4004533434076313,0,5,8,8,327366.3333333,809.6666666666666,486.31666666666666,2,{'lifecycle:transition': 'complete'},regular
21_CF,Analyze Quotation Comparison Map,2011-08-16 02:46:04,2011-08-16 09:37:47,2011-08-16 09:37:55,Nico Ojenbeer,83,0.0646014355874575,0,6,9,8,327457.79999996664,425.93333333333334,577.7833333333333,2,{'lifecycle:transition': 'complete'},regular
24_CF,Create Quotation comparison Map,2011-08-16 04:23:27,2011-08-16 10:58:54,2011-08-16 11:12:39,Magdalena Predutta,83,0.4004533434076313,0,5,10,8,327538.91666663333,971.0833333333334,658.9,2,{'lifecycle:transition': 'complete'},regular
26_CF,Send Request for Quotation to Supplier,2011-08-15 00:53:44,2011-08-16 08:08:29,2011-08-16 11:32:20,Karel de Groot,83,0.07225160559123536,0,4,19,8,326594.4333333,1115.7166666666667,1154.4166666666667,1,{'lifecycle:transition': 'complete'},regular
6_CF,Send Request for Quotation to Supplier,2011-08-14 21:04:20,2011-08-16 11:32:20,2011-08-16 14:34:39,Karel de Groot,83,0.07225160559123536,0,4,19,8,326595.8833333,1361.6,1155.8666666666666,1,{'lifecycle:transition': 'complete'},regular
5_CF,Analyze Quotation Comparison Map,2011-08-16 08:20:42,2011-08-16 15:15:11,2011-08-16 15:15:23,Nico Ojenbeer,83,0.0646014355874575,0,6,15,8,327795.19999996666,428.8666666666667,915.1833333333333,2,{'lifecycle:transition': 'complete'},regular
1547,Create Quotation comparison Map,2011-08-16 04:49:27,2011-08-16 11:12:39,2011-08-16 16:38:39,Magdalena Predutta,83,0.4004533434076313,0,5,11,8,327545.5833333,966.95,665.5666666666667,2,{'lifecycle:transition': 'complete'},regular
3_CF,Choose best option,2011-08-16 08:01:40,2011-08-16 08:27:57,2011-08-16 16:57:46,Anna Kaufmann,83,0.0,0,7,8,8,327387.9666666333,26.366666666666667,507.95,2,{'lifecycle:transition': 'complete'},regular
25_CF,Create Quotation comparison Map,2011-08-16 08:08:29,2011-08-16 17:18:29,2011-08-16 17:32:17,Magdalena Predutta,83,0.4004533434076313,0,5,17,8,327918.49999996665,1337.4333333333334,1038.4833333333333,2,{'lifecycle:transition': 'complete'},regular
27_CF,Send Request for Quotation to Supplier,2011-08-15 01:10:48,2011-08-16 14:34:39,2011-08-16 17:58:23,Karel de Groot,83,0.07225160559123536,0,4,19,8,326607.89999996667,1112.1,1167.8833333333334,1,{'lifecycle:transition': 'complete'},regular
24_CF,Analyze Quotation Comparison Map,2011-08-16 11:12:39,2011-08-16 18:06:14,2011-08-16 18:06:18,Nico Ojenbeer,83,0.0646014355874575,0,6,18,8,327966.24999996665,427.3333333333333,1086.2333333333333,2,{'lifecycle:transition': 'complete'},regular
7_CF,Send Request for Quotation to Supplier,2011-08-14 21:17:26,2011-08-16 17:58:23,2011-08-16 20:38:50,Karel de Groot,83,0.07225160559123536,0,4,19,8,326608.0999999667,1360.6666666666667,1168.0833333333333,1,{'lifecycle:transition': 'complete'},regular
26_CF,Create Quotation comparison Map,2011-08-16 11:32:20,2011-08-16 20:44:03,2011-08-16 20:58:08,Magdalena Predutta,83,0.4004533434076313,0,5,20,8,328124.0666666333,1529.6333333333334,1244.05,2,{'lifecycle:transition': 'complete'},regular
6_CF,Create Quotation comparison Map,2011-08-16 14:34:39,2011-08-16 21:42:51,2011-08-16 21:57:15,Magdalena Predutta,83,0.4004533434076313,0,5,21,8,328182.86666663334,1586.9833333333333,1302.85,2,{'lifecycle:transition': 'complete'},regular
8_CF,Send Request for Quotation to Supplier,2011-08-14 21:30:32,2011-08-16 20:38:50,2011-08-16 23:18:16,Karel de Groot,83,0.07225160559123536,0,4,19,8,326620.29999996664,1359.7333333333333,1180.2833333333333,1,{'lifecycle:transition': 'complete'},regular
1547,Analyze Quotation Comparison Map,2011-08-16 16:38:39,2011-08-16 23:33:21,2011-08-16 23:45:21,Nico Ojenbeer,83,0.0646014355874575,0,6,23,8,328293.36666663334,747.7833333333333,1413.35,2,{'lifecycle:transition': 'complete'},regular
25_CF,Analyze Quotation Comparison Map,2011-08-16 17:32:17,2011-08-17 00:25:48,2011-08-17 00:25:48,Nico Ojenbeer,83,0.0646014355874575,0,6,0,8,328345.8166666333,427.31666666666666,25.8,3,{'lifecycle:transition': 'complete'},regular
27_CF,Create Quotation comparison Map,2011-08-16 17:58:23,2011-08-17 00:36:31,2011-08-17 00:50:22,Magdalena Predutta,83,0.4004533434076313,0,5,0,8,328356.5333333,1748.6333333333334,36.516666666666666,3,{'lifecycle:transition': 'complete'},regular
1584,Create Purchase Requisition,2011-08-17 00:27:59,2011-08-17 00:27:59,2011-08-17 01:01:59,Christian Francois,84,0.1258027956176804,0,1,0,8,328347.99999995,328347.99999995,27.983333333333334,3,{'lifecycle:transition': 'complete'},deviant
21_CF,Choose best option,2011-08-16 09:37:55,2011-08-16 16:57:46,2011-08-17 01:28:06,Anna Kaufmann,83,0.0,0,7,10,8,327487.1333333,29.333333333333332,607.1166666666667,2,{'lifecycle:transition': 'complete'},regular
1585,Create Purchase Requisition,2011-08-17 01:34:59,2011-08-17 01:34:59,2011-08-17 01:40:59,Christian Francois,85,0.1258027956176804,0,1,1,8,328414.99999995,328414.99999995,94.98333333333333,3,{'lifecycle:transition': 'complete'},deviant
28_CF,Send Request for Quotation to Supplier,2011-08-15 01:27:57,2011-08-16 23:18:16,2011-08-17 02:35:23,Karel de Groot,83,0.07225160559123536,0,4,19,8,326621.4333333,1108.4666666666667,1181.4166666666667,1,{'lifecycle:transition': 'complete'},regular
7_CF,Create Quotation comparison Map,2011-08-16 20:38:50,2011-08-17 02:53:57,2011-08-17 03:08:01,Magdalena Predutta,83,0.4004533434076313,0,5,2,8,328493.9666666333,1885.8666666666666,173.95,3,{'lifecycle:transition': 'complete'},regular
26_CF,Analyze Quotation Comparison Map,2011-08-16 20:58:08,2011-08-17 03:51:42,2011-08-17 03:51:42,Nico Ojenbeer,83,0.0646014355874575,0,6,3,8,328551.7166666333,427.65,231.7,3,{'lifecycle:transition': 'complete'},regular
6_CF,Analyze Quotation Comparison Map,2011-08-16 21:57:15,2011-08-17 04:51:19,2011-08-17 04:51:19,Nico Ojenbeer,83,0.0646014355874575,0,6,4,8,328611.3333333,428.46666666666664,291.31666666666666,3,{'lifecycle:transition': 'complete'},regular
10_CF,Send Request for Quotation to Supplier,2011-08-14 21:43:38,2011-08-17 02:35:23,2011-08-17 05:33:24,Karel de Groot,83,0.07225160559123536,0,4,19,8,326632.49999996665,1358.8,1192.4833333333333,1,{'lifecycle:transition': 'complete'},regular
8_CF,Create Quotation comparison Map,2011-08-16 23:18:16,2011-08-17 05:34:26,2011-08-17 05:48:35,Magdalena Predutta,83,0.4004533434076313,0,5,5,8,328654.44999996666,2034.15,334.43333333333334,3,{'lifecycle:transition': 'complete'},regular
27_CF,Analyze Quotation Comparison Map,2011-08-17 00:50:22,2011-08-17 07:44:06,2011-08-17 07:44:06,Nico Ojenbeer,84,0.0646014355874575,0,6,7,8,328784.11666663334,427.5833333333333,464.1,3,{'lifecycle:transition': 'complete'},regular
29_CF,Send Request for Quotation to Supplier,2011-08-15 01:45:16,2011-08-17 05:33:24,2011-08-17 08:57:33,Karel de Groot,83,0.07225160559123536,0,4,19,8,326635.0999999667,1104.8166666666666,1195.0833333333333,1,{'lifecycle:transition': 'complete'},regular
5_CF,Choose best option,2011-08-16 15:15:23,2011-08-17 01:28:06,2011-08-17 09:55:52,Anna Kaufmann,83,0.0,1,7,15,8,327830.5666666333,35.36666666666667,950.55,2,{'lifecycle:transition': 'complete'},regular
7_CF,Analyze Quotation Comparison Map,2011-08-17 03:08:01,2011-08-17 10:02:54,2011-08-17 10:02:54,Nico Ojenbeer,85,0.0646014355874575,0,6,10,8,328922.91666663333,428.95,602.9,3,{'lifecycle:transition': 'complete'},regular
28_CF,Create Quotation comparison Map,2011-08-17 02:35:23,2011-08-17 10:20:22,2011-08-17 10:34:23,Magdalena Predutta,85,0.4004533434076313,0,5,10,8,328940.3833333,2318.95,620.3666666666667,3,{'lifecycle:transition': 'complete'},regular
11_CF,Send Request for Quotation to Supplier,2011-08-14 21:56:44,2011-08-17 08:57:33,2011-08-17 11:53:49,Karel de Groot,83,0.07225160559123536,0,4,20,8,326644.6833333,1357.8333333333333,1204.6666666666667,1,{'lifecycle:transition': 'complete'},regular
8_CF,Analyze Quotation Comparison Map,2011-08-17 05:48:35,2011-08-17 12:43:30,2011-08-17 12:43:30,Nico Ojenbeer,85,0.0646014355874575,0,6,12,8,329083.5166666333,429.06666666666666,763.5,3,{'lifecycle:transition': 'complete'},regular
10_CF,Create Quotation comparison Map,2011-08-17 05:33:24,2011-08-17 14:22:04,2011-08-17 14:36:07,Magdalena Predutta,85,0.4004533434076313,0,5,14,8,329182.0833333,2549.5833333333335,862.0666666666667,3,{'lifecycle:transition': 'complete'},regular
30_CF,Send Request for Quotation to Supplier,2011-08-15 02:02:45,2011-08-17 11:53:49,2011-08-17 15:17:30,Karel de Groot,83,0.07225160559123536,0,4,20,8,326648.8833333,1101.1,1208.8666666666666,1,{'lifecycle:transition': 'complete'},regular
29_CF,Create Quotation comparison Map,2011-08-17 08:57:33,2011-08-17 16:43:53,2011-08-17 16:57:51,Magdalena Predutta,85,0.4004533434076313,0,5,16,8,329323.89999996667,2688.8,1003.8833333333333,3,{'lifecycle:transition': 'complete'},regular
28_CF,Analyze Quotation Comparison Map,2011-08-17 10:34:23,2011-08-17 17:22:56,2011-08-17 17:22:56,Nico Ojenbeer,85,0.0646014355874575,0,6,17,8,329362.94999996666,422.56666666666666,1042.9333333333334,3,{'lifecycle:transition': 'complete'},regular
12_CF,Send Request for Quotation to Supplier,2011-08-14 22:09:50,2011-08-17 15:17:30,2011-08-17 18:11:41,Karel de Groot,83,0.07225160559123536,0,4,20,8,326656.8499999667,1356.05,1216.8333333333333,1,{'lifecycle:transition': 'complete'},regular
24_CF,Choose best option,2011-08-16 18:06:18,2011-08-17 09:55:52,2011-08-17 18:24:26,Anna Kaufmann,83,0.0,1,7,18,8,328006.7166666333,40.46666666666667,1126.7,2,{'lifecycle:transition': 'complete'},regular
1547,Choose best option,2011-08-16 23:45:21,2011-08-17 18:24:26,2011-08-17 18:24:26,Anna Kaufmann,83,0.0,2,7,0,8,328353.3499999667,59.983333333333334,33.333333333333336,3,{'lifecycle:transition': 'complete'},regular
11_CF,Create Quotation comparison Map,2011-08-17 11:53:49,2011-08-17 20:44:01,2011-08-17 20:58:19,Magdalena Predutta,85,0.4004533434076313,0,5,20,8,329564.0333333,2919.35,1244.0166666666667,3,{'lifecycle:transition': 'complete'},regular
10_CF,Analyze Quotation Comparison Map,2011-08-17 14:36:07,2011-08-17 21:27:25,2011-08-17 21:27:29,Nico Ojenbeer,85,0.0646014355874575,0,6,21,8,329607.4333333,425.35,1287.4166666666667,3,{'lifecycle:transition': 'complete'},regular
31_CF,Send Request for Quotation to Supplier,2011-08-15 02:20:25,2011-08-17 18:11:41,2011-08-17 21:34:45,Karel de Groot,83,0.07225160559123536,0,4,20,8,326662.8499999667,1097.3833333333334,1222.8333333333333,1,{'lifecycle:transition': 'complete'},regular
30_CF,Create Quotation comparison Map,2011-08-17 15:17:30,2011-08-17 23:05:12,2011-08-17 23:19:25,Magdalena Predutta,85,0.4004533434076313,0,5,23,8,329705.2166666333,3056.3333333333335,1385.2,3,{'lifecycle:transition': 'complete'},regular
29_CF,Analyze Quotation Comparison Map,2011-08-17 16:57:51,2011-08-17 23:46:26,2011-08-17 23:46:26,Nico Ojenbeer,85,0.0646014355874575,0,6,23,8,329746.44999996666,422.55,1426.4333333333334,3,{'lifecycle:transition': 'complete'},regular
13_CF,Send Request for Quotation to Supplier,2011-08-14 22:22:56,2011-08-17 21:34:45,2011-08-18 00:26:34,Karel de Groot,83,0.07225160559123536,0,4,20,8,326669.0166666333,1352.7833333333333,1229.0,1,{'lifecycle:transition': 'complete'},regular
25_CF,Choose best option,2011-08-17 00:25:48,2011-08-17 18:24:26,2011-08-18 02:53:31,Anna Kaufmann,83,0.0,2,7,0,8,328374.39999996667,28.583333333333332,54.38333333333333,3,{'lifecycle:transition': 'complete'},regular
12_CF,Create Quotation comparison Map,2011-08-17 18:11:41,2011-08-18 03:03:25,2011-08-18 03:17:49,Magdalena Predutta,85,0.4004533434076313,0,5,3,8,329943.4333333,3286.5833333333335,183.41666666666666,4,{'lifecycle:transition': 'complete'},regular
11_CF,Analyze Quotation Comparison Map,2011-08-17 20:58:19,2011-08-18 03:49:39,2011-08-18 03:49:39,Nico Ojenbeer,85,0.0646014355874575,0,6,3,8,329989.66666663333,425.6333333333333,229.65,4,{'lifecycle:transition': 'complete'},regular
32_CF,Send Request for Quotation to Supplier,2011-08-15 02:38:12,2011-08-18 00:26:34,2011-08-18 03:53:02,Karel de Groot,83,0.07225160559123536,0,4,20,8,326676.8833333,1093.6166666666666,1236.8666666666666,1,{'lifecycle:transition': 'complete'},regular
31_CF,Create Quotation comparison Map,2011-08-17 21:34:45,2011-08-18 05:23:48,2011-08-18 05:38:06,Magdalena Predutta,85,0.4004533434076313,0,5,5,8,330083.8166666333,3420.9666666666667,323.8,4,{'lifecycle:transition': 'complete'},regular
30_CF,Analyze Quotation Comparison Map,2011-08-17 23:19:25,2011-08-18 06:08:03,2011-08-18 06:08:03,Nico Ojenbeer,85,0.0646014355874575,0,6,6,8,330128.0666666333,422.85,368.05,4,{'lifecycle:transition': 'complete'},regular
14_CF,Send Request for Quotation to Supplier,2011-08-14 22:36:02,2011-08-18 03:53:02,2011-08-18 06:59:28,Karel de Groot,83,0.07225160559123536,0,4,20,8,326681.16666663333,1349.3333333333333,1241.15,1,{'lifecycle:transition': 'complete'},regular
13_CF,Create Quotation comparison Map,2011-08-18 00:26:34,2011-08-18 08:21:59,2011-08-18 08:36:38,Magdalena Predutta,85,0.4004533434076313,0,5,8,8,330261.99999996665,3592.983333333333,501.98333333333335,4,{'lifecycle:transition': 'complete'},regular
12_CF,Analyze Quotation Comparison Map,2011-08-18 03:17:49,2011-08-18 10:15:15,2011-08-18 10:15:15,Nico Ojenbeer,85,0.0646014355874575,0,6,10,8,330375.2666666333,431.8333333333333,615.25,4,{'lifecycle:transition': 'complete'},regular
33_CF,Send Request for Quotation to Supplier,2011-08-15 02:56:08,2011-08-18 06:59:28,2011-08-18 10:25:46,Karel de Groot,83,0.07225160559123536,0,4,20,8,326691.04999996664,1089.8333333333333,1251.0333333333333,1,{'lifecycle:transition': 'complete'},regular
32_CF,Create Quotation comparison Map,2011-08-18 03:53:02,2011-08-18 10:28:01,2011-08-18 10:42:28,Magdalena Predutta,85,0.4004533434076313,0,5,10,8,330388.0333333,3711.15,628.0166666666667,4,{'lifecycle:transition': 'complete'},regular
26_CF,Choose best option,2011-08-17 03:51:42,2011-08-18 02:53:31,2011-08-18 11:23:09,Anna Kaufmann,85,0.0,3,7,4,8,328580.19999996666,28.483333333333334,260.18333333333334,3,{'lifecycle:transition': 'complete'},regular
31_CF,Analyze Quotation Comparison Map,2011-08-18 05:38:06,2011-08-18 12:33:39,2011-08-18 12:33:39,Nico Ojenbeer,85,0.0646014355874575,0,6,12,8,330513.66666663333,429.85,753.65,4,{'lifecycle:transition': 'complete'},regular
1592,Create Purchase Requisition,2011-08-18 12:22:59,2011-08-18 12:22:59,2011-08-18 13:05:59,Christian Francois,86,0.1258027956176804,0,1,12,8,330502.99999995,330502.99999995,742.9833333333333,4,{'lifecycle:transition': 'complete'},deviant
15_CF,Send Request for Quotation to Supplier,2011-08-14 22:49:08,2011-08-18 10:25:46,2011-08-18 13:31:02,Karel de Groot,83,0.07225160559123536,0,4,20,8,326693.3166666333,1345.7666666666667,1253.3,1,{'lifecycle:transition': 'complete'},regular
14_CF,Create Quotation comparison Map,2011-08-18 06:59:28,2011-08-18 14:55:59,2011-08-18 15:11:04,Magdalena Predutta,85,0.4004533434076313,0,5,14,8,330655.99999996665,3974.8333333333335,895.9833333333333,4,{'lifecycle:transition': 'complete'},regular
13_CF,Analyze Quotation Comparison Map,2011-08-18 08:36:38,2011-08-18 15:39:18,2011-08-18 15:39:18,Nico Ojenbeer,85,0.0646014355874575,0,6,15,8,330699.3166666333,437.31666666666666,939.3,4,{'lifecycle:transition': 'complete'},regular
34_CF,Send Request for Quotation to Supplier,2011-08-15 03:14:15,2011-08-18 13:31:02,2011-08-18 16:57:00,Karel de Groot,83,0.07225160559123536,0,4,21,8,326705.36666663334,1086.0166666666667,1265.35,1,{'lifecycle:transition': 'complete'},regular
33_CF,Create Quotation comparison Map,2011-08-18 10:25:46,2011-08-18 17:01:43,2011-08-18 17:16:28,Magdalena Predutta,85,0.4004533434076313,0,5,17,8,330781.7333333,4090.6833333333334,1021.7166666666667,4,{'lifecycle:transition': 'complete'},regular
32_CF,Analyze Quotation Comparison Map,2011-08-18 10:42:28,2011-08-18 17:43:59,2011-08-18 17:43:59,Nico Ojenbeer,85,0.0646014355874575,0,6,17,8,330823.99999996665,435.96666666666664,1063.9833333333333,4,{'lifecycle:transition': 'complete'},regular
6_CF,Choose best option,2011-08-17 04:51:19,2011-08-18 11:23:09,2011-08-18 19:53:05,Anna Kaufmann,85,0.0,4,7,5,8,328652.3833333,41.05,332.3666666666667,3,{'lifecycle:transition': 'complete'},regular
16_CF,Send Request for Quotation to Supplier,2011-08-14 23:02:14,2011-08-18 16:57:00,2011-08-18 20:00:41,Karel de Groot,83,0.07225160559123536,0,4,21,8,326705.4333333,1342.0166666666667,1265.4166666666667,1,{'lifecycle:transition': 'complete'},regular
1585,Create Request for Quotation,2011-08-17 01:40:59,2011-08-18 20:19:07,2011-08-18 20:32:07,Clement Duchot,85,0.04731771817151492,0,2,20,8,330979.13333328336,2564.133333333333,1219.1166666666666,4,{'lifecycle:transition': 'complete'},deviant
15_CF,Create Quotation comparison Map,2011-08-18 13:31:02,2011-08-18 21:28:27,2011-08-18 21:43:50,Magdalena Predutta,86,0.4004533434076313,0,5,21,8,331048.4666666333,4355.15,1288.45,4,{'lifecycle:transition': 'complete'},regular
14_CF,Analyze Quotation Comparison Map,2011-08-18 15:11:04,2011-08-18 22:13:41,2011-08-18 22:13:41,Nico Ojenbeer,86,0.0646014355874575,0,6,22,8,331093.69999996666,437.7,1333.6833333333334,4,{'lifecycle:transition': 'complete'},regular
17_CF,Send Request for Quotation to Supplier,2011-08-14 23:15:20,2011-08-18 20:00:41,2011-08-18 23:03:38,Karel de Groot,83,0.07225160559123536,0,4,21,8,326717.54999996664,1338.1,1277.5333333333333,1,{'lifecycle:transition': 'complete'},regular
34_CF,Create Quotation comparison Map,2011-08-18 16:57:00,2011-08-18 23:34:05,2011-08-18 23:49:09,Magdalena Predutta,86,0.4004533434076313,0,5,23,8,331174.0999999667,4468.733333333334,1414.0833333333333,4,{'lifecycle:transition': 'complete'},regular
33_CF,Analyze Quotation Comparison Map,2011-08-18 17:16:28,2011-08-19 00:17:58,2011-08-19 00:17:58,Nico Ojenbeer,86,0.0646014355874575,0,6,0,8,331217.9833333,436.25,17.966666666666665,5,{'lifecycle:transition': 'complete'},regular
35_CF,Send Request for Quotation to Supplier,2011-08-15 03:32:29,2011-08-18 23:03:38,2011-08-19 02:29:01,Karel de Groot,83,0.07225160559123536,0,4,21,8,326719.7833333,1082.1833333333334,1279.7666666666667,1,{'lifecycle:transition': 'complete'},regular
16_CF,Create Quotation comparison Map,2011-08-18 20:00:41,2011-08-19 03:59:11,2011-08-19 04:14:30,Magdalena Predutta,86,0.4004533434076313,0,5,3,8,331439.19999996666,4733.766666666666,239.18333333333334,5,{'lifecycle:transition': 'complete'},regular
27_CF,Choose best option,2011-08-17 07:44:06,2011-08-18 19:53:05,2011-08-19 04:21:44,Anna Kaufmann,85,0.0,5,7,8,8,328829.3333333,45.21666666666667,509.31666666666666,3,{'lifecycle:transition': 'complete'},regular
15_CF,Analyze Quotation Comparison Map,2011-08-18 21:43:50,2011-08-19 04:46:26,2011-08-19 04:46:26,Nico Ojenbeer,86,0.0646014355874575,0,6,4,8,331486.44999996666,437.98333333333335,286.43333333333334,5,{'lifecycle:transition': 'complete'},regular
19_CF,Send Request for Quotation to Supplier,2011-08-14 23:28:42,2011-08-19 02:29:01,2011-08-19 05:40:25,Karel de Groot,83,0.07225160559123536,0,4,21,8,326729.91666663333,1334.3,1289.9,1,{'lifecycle:transition': 'complete'},regular
34_CF,Analyze Quotation Comparison Map,2011-08-18 23:49:09,2011-08-19 06:50:37,2011-08-19 06:50:37,Nico Ojenbeer,86,0.0646014355874575,0,6,6,8,331610.6333333,436.53333333333336,410.6166666666667,5,{'lifecycle:transition': 'complete'},regular
17_CF,Create Quotation comparison Map,2011-08-18 23:03:38,2011-08-19 07:03:13,2011-08-19 07:18:41,Magdalena Predutta,86,0.4004533434076313,0,5,7,8,331623.2333333,4905.683333333333,423.21666666666664,5,{'lifecycle:transition': 'complete'},regular
37_CF,Send Request for Quotation to Supplier,2011-08-15 03:50:53,2011-08-19 05:40:25,2011-08-19 09:08:54,Karel de Groot,83,0.07225160559123536,0,4,21,8,326734.3333333,1078.3166666666666,1294.3166666666666,1,{'lifecycle:transition': 'complete'},regular
16_CF,Analyze Quotation Comparison Map,2011-08-19 04:14:30,2011-08-19 11:19:08,2011-08-19 11:19:08,Nico Ojenbeer,86,0.0646014355874575,0,6,11,8,331879.14999996667,439.95,679.1333333333333,5,{'lifecycle:transition': 'complete'},regular
35_CF,Create Quotation comparison Map,2011-08-19 02:29:01,2011-08-19 11:44:54,2011-08-19 12:00:09,Magdalena Predutta,86,0.4004533434076313,0,5,11,8,331904.91666663333,5185.133333333333,704.9,5,{'lifecycle:transition': 'complete'},regular
20_CF,Send Request for Quotation to Supplier,2011-08-14 23:44:59,2011-08-19 09:08:54,2011-08-19 12:18:34,Karel de Groot,83,0.07225160559123536,0,4,21,8,326745.1833333,1333.2666666666667,1305.1666666666667,1,{'lifecycle:transition': 'complete'},regular
7_CF,Choose best option,2011-08-17 10:02:54,2011-08-19 04:21:44,2011-08-19 12:46:28,Anna Kaufmann,85,0.0,5,7,11,8,329001.2666666333,78.35,681.25,3,{'lifecycle:transition': 'complete'},regular
17_CF,Analyze Quotation Comparison Map,2011-08-19 07:18:41,2011-08-19 14:23:18,2011-08-19 14:23:18,Nico Ojenbeer,86,0.0646014355874575,0,6,14,8,332063.3166666333,440.0833333333333,863.3,5,{'lifecycle:transition': 'complete'},regular
38_CF,Send Request for Quotation to Supplier,2011-08-15 04:09:25,2011-08-19 12:18:34,2011-08-19 15:46:37,Karel de Groot,83,0.07225160559123536,0,4,21,8,326748.9833333,1074.4166666666667,1308.9666666666667,1,{'lifecycle:transition': 'complete'},regular
19_CF,Create Quotation comparison Map,2011-08-19 05:40:25,2011-08-19 16:54:28,2011-08-19 17:10:03,Magdalena Predutta,86,0.4004533434076313,0,5,16,8,332214.4833333,5484.566666666667,1014.4666666666667,5,{'lifecycle:transition': 'complete'},regular
1584,Analyze Purchase Requisition,2011-08-17 01:01:59,2011-08-19 18:28:34,2011-08-19 18:33:34,Francis Odell,84,0.03333962976955043,0,2,18,8,332308.5833332834,3960.5833333333335,1108.5666666666666,5,{'lifecycle:transition': 'complete'},deviant
37_CF,Create Quotation comparison Map,2011-08-19 09:08:54,2011-08-19 18:25:53,2011-08-19 18:41:13,Magdalena Predutta,86,0.4004533434076313,0,5,18,8,332305.89999996667,5571.566666666667,1105.8833333333334,5,{'lifecycle:transition': 'complete'},regular
1584,Create Request for Quotation,2011-08-19 18:33:34,2011-08-19 18:55:33,2011-08-19 18:57:33,Maris Freeman,86,0.04731771817151492,0,3,18,8,332335.5666666167,26.983333333333334,1135.55,5,{'lifecycle:transition': 'complete'},deviant
35_CF,Analyze Quotation Comparison Map,2011-08-19 12:00:09,2011-08-19 19:02:30,2011-08-19 19:02:30,Nico Ojenbeer,86,0.0646014355874575,0,6,19,8,332342.5166666333,437.6,1142.5,5,{'lifecycle:transition': 'complete'},regular
41_CF,Send Request for Quotation to Supplier,2011-08-15 04:28:06,2011-08-19 15:46:37,2011-08-19 19:14:25,Karel de Groot,83,0.07225160559123536,0,4,22,8,326763.7666666333,1070.5,1323.75,1,{'lifecycle:transition': 'complete'},regular
8_CF,Choose best option,2011-08-17 12:43:30,2011-08-19 12:46:28,2011-08-19 21:11:42,Anna Kaufmann,85,0.0,6,7,14,8,329162.0833333,78.56666666666666,842.0666666666667,3,{'lifecycle:transition': 'complete'},regular
1596,Create Purchase Requisition,2011-08-19 21:15:59,2011-08-19 21:15:59,2011-08-19 21:31:59,Tesca Lobes,87,0.1258027956176804,0,1,21,8,332475.99999995,332475.99999995,1275.9833333333333,5,{'lifecycle:transition': 'complete'},deviant
42_CF,Send Request for Quotation to Supplier,2011-08-15 04:46:54,2011-08-19 19:14:25,2011-08-19 22:41:56,Karel de Groot,83,0.07225160559123536,0,4,22,8,326778.6333333,1066.55,1338.6166666666666,1,{'lifecycle:transition': 'complete'},regular
20_CF,Create Quotation comparison Map,2011-08-19 12:18:34,2011-08-19 23:33:44,2011-08-19 23:49:40,Magdalena Predutta,86,0.4004533434076313,0,5,23,8,332613.74999996665,5868.566666666667,1413.7333333333333,5,{'lifecycle:transition': 'complete'},regular
19_CF,Analyze Quotation Comparison Map,2011-08-19 17:10:03,2011-08-20 00:13:44,2011-08-20 00:13:44,Nico Ojenbeer,86,0.0646014355874575,0,6,0,8,332653.74999996665,439.26666666666665,13.733333333333333,6,{'lifecycle:transition': 'complete'},regular
38_CF,Create Quotation comparison Map,2011-08-19 15:46:37,2011-08-20 01:04:42,2011-08-20 01:19:11,Magdalena Predutta,86,0.4004533434076313,0,5,1,8,332704.7166666333,5955.733333333334,64.7,6,{'lifecycle:transition': 'complete'},regular
37_CF,Analyze Quotation Comparison Map,2011-08-19 18:41:13,2011-08-20 01:43:34,2011-08-20 01:43:34,Nico Ojenbeer,86,0.0646014355874575,0,6,1,8,332743.5833333,437.68333333333334,103.56666666666666,6,{'lifecycle:transition': 'complete'},regular
43_CF,Send Request for Quotation to Supplier,2011-08-15 05:05:53,2011-08-19 22:41:56,2011-08-20 02:09:05,Karel de Groot,83,0.07225160559123536,0,4,22,8,326793.66666663333,1062.6,1353.65,1,{'lifecycle:transition': 'complete'},regular
41_CF,Create Quotation comparison Map,2011-08-19 19:14:25,2011-08-20 04:33:35,2011-08-20 04:48:14,Magdalena Predutta,86,0.4004533434076313,0,5,4,8,332913.5999999667,6149.833333333333,273.5833333333333,6,{'lifecycle:transition': 'complete'},regular
44_CF,Send Request for Quotation to Supplier,2011-08-15 05:25:00,2011-08-20 02:09:05,2011-08-20 05:30:07,Karel de Groot,83,0.07225160559123536,0,4,22,8,326808.79999996664,1058.6,1368.7833333333333,1,{'lifecycle:transition': 'complete'},regular
28_CF,Choose best option,2011-08-17 17:22:56,2011-08-19 21:11:42,2011-08-20 05:38:03,Anna Kaufmann,85,0.0,7,7,18,8,329404.64999996667,41.7,1084.6333333333334,3,{'lifecycle:transition': 'complete'},regular
20_CF,Analyze Quotation Comparison Map,2011-08-19 23:49:40,2011-08-20 06:53:20,2011-08-20 06:53:20,Nico Ojenbeer,87,0.0646014355874575,0,6,6,8,333053.3499999667,439.6,413.3333333333333,6,{'lifecycle:transition': 'complete'},regular
43_CF,Create Quotation comparison Map,2011-08-20 02:09:05,2011-08-20 07:56:12,2011-08-20 08:11:06,Magdalena Predutta,87,0.4004533434076313,0,5,7,8,333116.2166666333,6322.55,476.2,6,{'lifecycle:transition': 'complete'},regular
38_CF,Analyze Quotation Comparison Map,2011-08-20 01:19:11,2011-08-20 08:21:30,2011-08-20 08:21:30,Nico Ojenbeer,87,0.0646014355874575,0,6,8,8,333141.5166666333,436.8,501.5,6,{'lifecycle:transition': 'complete'},regular
42_CF,Create Quotation comparison Map,2011-08-19 22:41:56,2011-08-20 08:11:06,2011-08-20 08:25:56,Magdalena Predutta,87,0.4004533434076313,0,5,8,8,333122.7833333,6344.15,482.76666666666665,6,{'lifecycle:transition': 'complete'},regular
45_CF,Send Request for Quotation to Supplier,2011-08-15 05:44:16,2011-08-20 05:30:07,2011-08-20 08:50:53,Karel de Groot,83,0.07225160559123536,0,4,23,8,326824.0833333,1054.6,1384.0666666666666,1,{'lifecycle:transition': 'complete'},regular
44_CF,Create Quotation comparison Map,2011-08-20 05:30:07,2011-08-20 11:18:06,2011-08-20 11:32:39,Magdalena Predutta,87,0.4004533434076313,0,5,11,8,333318.11666663334,6509.316666666667,678.1,6,{'lifecycle:transition': 'complete'},regular
41_CF,Analyze Quotation Comparison Map,2011-08-20 04:48:14,2011-08-20 11:50:34,2011-08-20 11:50:34,Nico Ojenbeer,87,0.0646014355874575,0,6,11,8,333350.5833333,436.98333333333335,710.5666666666667,6,{'lifecycle:transition': 'complete'},regular
46_CF,Send Request for Quotation to Supplier,2011-08-15 06:03:40,2011-08-20 08:50:53,2011-08-20 12:11:22,Karel de Groot,83,0.07225160559123536,0,4,23,8,326839.44999996666,1050.55,1399.4333333333334,1,{'lifecycle:transition': 'complete'},regular
10_CF,Choose best option,2011-08-17 21:27:29,2011-08-20 05:38:03,2011-08-20 14:06:18,Anna Kaufmann,85,0.0,6,7,22,8,329669.89999996667,62.46666666666667,1349.8833333333334,3,{'lifecycle:transition': 'complete'},regular
45_CF,Create Quotation comparison Map,2011-08-20 08:50:53,2011-08-20 14:39:43,2011-08-20 14:54:26,Magdalena Predutta,87,0.4004533434076313,0,5,14,8,333519.7333333,6695.65,879.7166666666667,6,{'lifecycle:transition': 'complete'},regular
43_CF,Analyze Quotation Comparison Map,2011-08-20 08:11:06,2011-08-20 15:05:22,2011-08-20 15:05:22,Nico Ojenbeer,87,0.0646014355874575,0,6,15,8,333545.3833333,429.1666666666667,905.3666666666667,6,{'lifecycle:transition': 'complete'},regular
42_CF,Analyze Quotation Comparison Map,2011-08-20 08:25:56,2011-08-20 15:28:16,2011-08-20 15:28:16,Nico Ojenbeer,87,0.0646014355874575,0,6,15,8,333568.2833333,445.5,928.2666666666667,6,{'lifecycle:transition': 'complete'},regular
47_CF,Send Request for Quotation to Supplier,2011-08-15 06:23:13,2011-08-20 12:11:22,2011-08-20 15:31:33,Karel de Groot,83,0.07225160559123536,0,4,23,8,326854.9666666333,1046.5,1414.95,1,{'lifecycle:transition': 'complete'},regular
1592,Analyze Purchase Requisition,2011-08-18 13:05:59,2011-08-20 16:38:29,2011-08-20 16:43:29,Heinz Gutschmidt,86,0.03333962976955043,0,2,16,8,333638.49999995,3135.5,998.4833333333333,6,{'lifecycle:transition': 'complete'},deviant
1592,Create Request for Quotation,2011-08-20 16:43:29,2011-08-20 17:14:48,2011-08-20 17:15:48,Maris Freeman,87,0.04731771817151492,0,3,17,8,333674.8166666167,36.31666666666667,1034.8,6,{'lifecycle:transition': 'complete'},deviant
46_CF,Create Quotation comparison Map,2011-08-20 12:11:22,2011-08-20 18:01:03,2011-08-20 18:15:56,Magdalena Predutta,87,0.4004533434076313,0,5,18,8,333721.0666666333,6881.616666666667,1081.05,6,{'lifecycle:transition': 'complete'},regular
44_CF,Analyze Quotation Comparison Map,2011-08-20 11:32:39,2011-08-20 18:26:55,2011-08-20 18:26:55,Nico Ojenbeer,87,0.0646014355874575,0,6,18,8,333746.9333333,428.81666666666666,1106.9166666666667,6,{'lifecycle:transition': 'complete'},regular
48_CF,Send Request for Quotation to Supplier,2011-08-15 06:42:54,2011-08-20 15:31:33,2011-08-20 18:51:23,Karel de Groot,83,0.07225160559123536,0,4,23,8,326870.5833333,1042.4166666666667,1430.5666666666666,1,{'lifecycle:transition': 'complete'},regular
47_CF,Create Quotation comparison Map,2011-08-20 15:31:33,2011-08-20 21:22:05,2011-08-20 21:37:08,Magdalena Predutta,87,0.4004533434076313,0,5,21,8,333922.0999999667,7067.133333333333,1282.0833333333333,6,{'lifecycle:transition': 'complete'},regular
45_CF,Analyze Quotation Comparison Map,2011-08-20 14:54:26,2011-08-20 21:48:43,2011-08-20 21:48:43,Nico Ojenbeer,87,0.0646014355874575,0,6,21,8,333948.7333333,429.0,1308.7166666666667,6,{'lifecycle:transition': 'complete'},regular
49_CF,Send Request for Quotation to Supplier,2011-08-15 07:02:44,2011-08-20 18:51:23,2011-08-20 22:10:51,Karel de Groot,83,0.07225160559123536,0,4,0,8,326886.3333333,1038.3333333333333,6.316666666666666,2,{'lifecycle:transition': 'complete'},regular
29_CF,Choose best option,2011-08-17 23:46:26,2011-08-20 14:06:18,2011-08-20 22:35:20,Anna Kaufmann,85,0.0,7,7,0,8,329788.2333333,41.78333333333333,28.216666666666665,4,{'lifecycle:transition': 'complete'},regular
48_CF,Create Quotation comparison Map,2011-08-20 18:51:23,2011-08-21 00:42:46,2011-08-21 00:57:26,Magdalena Predutta,87,0.4004533434076313,0,5,0,8,334122.7833333,7252.2,42.766666666666666,7,{'lifecycle:transition': 'complete'},regular
46_CF,Analyze Quotation Comparison Map,2011-08-20 18:15:56,2011-08-21 01:10:13,2011-08-21 01:10:13,Nico Ojenbeer,87,0.0646014355874575,0,6,1,8,334150.2333333,429.1666666666667,70.21666666666667,7,{'lifecycle:transition': 'complete'},regular
50_CF,Send Request for Quotation to Supplier,2011-08-15 07:22:45,2011-08-20 22:10:51,2011-08-21 01:29:57,Karel de Groot,83,0.07225160559123536,0,4,0,8,326902.2333333,1034.2,22.216666666666665,2,{'lifecycle:transition': 'complete'},regular
49_CF,Create Quotation comparison Map,2011-08-20 22:10:51,2011-08-21 04:03:04,2011-08-21 04:17:54,Magdalena Predutta,87,0.4004533434076313,0,5,4,8,334323.0833333,7436.75,243.06666666666666,7,{'lifecycle:transition': 'complete'},regular
47_CF,Analyze Quotation Comparison Map,2011-08-20 21:37:08,2011-08-21 04:31:25,2011-08-21 04:31:25,Nico Ojenbeer,87,0.0646014355874575,0,6,4,8,334351.4333333,429.3333333333333,271.4166666666667,7,{'lifecycle:transition': 'complete'},regular
51_CF,Send Request for Quotation to Supplier,2011-08-15 07:40:12,2011-08-21 01:29:57,2011-08-21 04:51:48,Karel de Groot,83,0.07225160559123536,0,4,0,8,326919.6833333,1034.1833333333334,39.666666666666664,2,{'lifecycle:transition': 'complete'},regular
1558,Analyze Request for Quotation,2011-08-14 10:18:19,2011-08-21 04:51:48,2011-08-21 05:16:48,Karel de Groot,83,0.1774650547789951,0,4,17,8,327951.44999995,3335.116666666667,1071.4333333333334,2,{'lifecycle:transition': 'complete'},deviant
3_CF,Settle Conditions With Supplier,2011-08-16 16:57:46,2011-08-21 05:16:48,2011-08-21 05:26:24,Karel de Groot,83,0.8897808840196448,33,8,10,8,328975.7166666333,1587.75,655.7,3,{'lifecycle:transition': 'complete'},regular
5_CF,Settle Conditions With Supplier,2011-08-17 09:55:52,2011-08-21 05:26:24,2011-08-21 05:36:01,Karel de Groot,85,0.8897808840196448,28,8,23,8,329731.19999996666,1900.6333333333334,1411.1833333333334,3,{'lifecycle:transition': 'complete'},regular
21_CF,Settle Conditions With Supplier,2011-08-17 01:28:06,2011-08-21 05:36:01,2011-08-21 05:45:37,Karel de Groot,84,0.8897808840196448,31,8,5,8,330073.2666666333,2586.133333333333,313.25,4,{'lifecycle:transition': 'complete'},regular
11_CF,Choose best option,2011-08-18 03:49:39,2011-08-20 22:35:20,2011-08-21 07:04:44,Anna Kaufmann,85,0.0,7,7,5,8,330092.1333333,102.46666666666667,332.1166666666667,4,{'lifecycle:transition': 'complete'},regular
50_CF,Create Quotation comparison Map,2011-08-21 01:29:57,2011-08-21 07:25:11,2011-08-21 07:40:11,Magdalena Predutta,87,0.4004533434076313,0,5,7,8,334525.19999996666,7622.966666666666,445.18333333333334,7,{'lifecycle:transition': 'complete'},regular
48_CF,Analyze Quotation Comparison Map,2011-08-21 00:57:26,2011-08-21 07:49:58,2011-08-21 07:49:58,Nico Ojenbeer,87,0.0646014355874575,0,6,7,8,334549.9833333,427.2,469.96666666666664,7,{'lifecycle:transition': 'complete'},regular
1596,Analyze Purchase Requisition,2011-08-19 21:31:59,2011-08-21 08:30:33,2011-08-21 08:39:33,Heinz Gutschmidt,87,0.03333962976955043,0,2,8,8,334590.5666666167,2114.5666666666666,510.55,7,{'lifecycle:transition': 'complete'},deviant
51_CF,Create Quotation comparison Map,2011-08-21 04:51:48,2011-08-21 10:47:02,2011-08-21 11:01:49,Magdalena Predutta,87,0.4004533434076313,0,5,10,8,334727.04999996664,7807.366666666667,647.0333333333333,7,{'lifecycle:transition': 'complete'},regular
49_CF,Analyze Quotation Comparison Map,2011-08-21 04:17:54,2011-08-21 11:10:24,2011-08-21 11:10:24,Nico Ojenbeer,87,0.0646014355874575,0,6,11,8,334750.41666663333,427.3333333333333,670.4,7,{'lifecycle:transition': 'complete'},regular
1585,Analyze Request for Quotation,2011-08-18 20:32:07,2011-08-21 12:07:33,2011-08-21 12:34:33,Magdalena Predutta,86,0.1774650547789951,0,3,12,8,334807.5666666167,3828.4333333333334,727.55,7,{'lifecycle:transition': 'complete'},deviant
3_CF,Create Purchase Order,2011-08-21 05:26:24,2011-08-21 13:35:09,2011-08-21 13:50:25,Francois de Perrier,86,0.048073290517567056,0,9,13,8,334895.16666663333,5919.45,815.15,7,{'lifecycle:transition': 'complete'},regular
50_CF,Analyze Quotation Comparison Map,2011-08-21 07:40:11,2011-08-21 14:33:55,2011-08-21 14:33:55,Nico Ojenbeer,86,0.0646014355874575,0,6,14,8,334953.9333333,428.73333333333335,873.9166666666666,7,{'lifecycle:transition': 'complete'},regular
30_CF,Choose best option,2011-08-18 06:08:03,2011-08-21 07:04:44,2011-08-21 15:34:52,Anna Kaufmann,85,0.0,8,7,7,8,330195.8333333,67.76666666666667,435.81666666666666,4,{'lifecycle:transition': 'complete'},regular
5_CF,Create Purchase Order,2011-08-21 05:36:01,2011-08-21 16:19:50,2011-08-21 16:35:32,Francois de Perrier,86,0.048073290517567056,0,9,16,8,335059.8499999667,5328.65,979.8333333333334,7,{'lifecycle:transition': 'complete'},regular
21_CF,Create Purchase Order,2011-08-21 05:45:37,2011-08-21 16:35:32,2011-08-21 16:51:08,Francois de Perrier,86,0.048073290517567056,0,9,16,8,335061.2666666333,4988.0,981.25,7,{'lifecycle:transition': 'complete'},regular
51_CF,Analyze Quotation Comparison Map,2011-08-21 11:01:49,2011-08-21 17:55:31,2011-08-21 17:55:32,Nico Ojenbeer,85,0.0646014355874575,0,6,17,8,335155.5333333,428.48333333333335,1075.5166666666667,7,{'lifecycle:transition': 'complete'},regular
1547,Settle Conditions With Supplier,2011-08-17 18:24:26,2011-08-21 05:45:37,2011-08-21 19:37:37,Karel de Groot,85,0.8897808840196448,26,8,11,8,330472.41666663333,2119.0666666666666,712.4,4,{'lifecycle:transition': 'complete'},regular
24_CF,Settle Conditions With Supplier,2011-08-17 18:24:26,2011-08-21 19:37:37,2011-08-21 19:47:15,Karel de Groot,85,0.8897808840196448,26,8,23,8,331193.1333333,3186.4166666666665,1433.1166666666666,4,{'lifecycle:transition': 'complete'},regular
25_CF,Settle Conditions With Supplier,2011-08-18 02:53:31,2011-08-21 19:47:15,2011-08-21 19:56:52,Karel de Groot,85,0.8897808840196448,25,8,2,8,331339.29999996664,2964.9,139.28333333333333,5,{'lifecycle:transition': 'complete'},regular
6_CF,Settle Conditions With Supplier,2011-08-18 19:53:05,2011-08-21 19:56:52,2011-08-21 20:06:23,Karel de Groot,86,0.8897808840196448,22,8,9,8,331780.11666663334,3127.733333333333,580.1,5,{'lifecycle:transition': 'complete'},regular
26_CF,Settle Conditions With Supplier,2011-08-18 11:23:09,2011-08-21 20:06:23,2011-08-21 20:16:00,Karel de Groot,85,0.8897808840196448,23,8,10,8,331853.6333333,3273.4333333333334,653.6166666666667,5,{'lifecycle:transition': 'complete'},regular
7_CF,Settle Conditions With Supplier,2011-08-19 12:46:28,2011-08-21 20:16:00,2011-08-21 20:25:31,Karel de Groot,86,0.8897808840196448,20,8,5,8,332972.5833333,3971.3166666666666,332.56666666666666,6,{'lifecycle:transition': 'complete'},regular
27_CF,Settle Conditions With Supplier,2011-08-19 04:21:44,2011-08-21 20:25:31,2011-08-21 20:35:10,Karel de Groot,86,0.8897808840196448,21,8,8,8,333173.2333333,4343.9,533.2166666666667,6,{'lifecycle:transition': 'complete'},regular
8_CF,Settle Conditions With Supplier,2011-08-19 21:11:42,2011-08-21 20:35:10,2011-08-21 20:44:41,Karel de Groot,86,0.8897808840196448,18,8,14,8,333481.2333333,4319.15,841.2166666666667,6,{'lifecycle:transition': 'complete'},regular
10_CF,Settle Conditions With Supplier,2011-08-20 14:06:18,2011-08-21 20:44:41,2011-08-21 20:54:13,Karel de Groot,87,0.8897808840196448,16,8,8,8,334571.9333333,4902.033333333334,491.9166666666667,7,{'lifecycle:transition': 'complete'},regular
28_CF,Settle Conditions With Supplier,2011-08-20 05:38:03,2011-08-21 20:54:13,2011-08-21 21:03:49,Karel de Groot,87,0.8897808840196448,16,8,8,8,334615.36666663334,5210.716666666666,535.35,7,{'lifecycle:transition': 'complete'},regular
12_CF,Choose best option,2011-08-18 10:15:15,2011-08-21 15:34:52,2011-08-22 00:05:37,Anna Kaufmann,85,0.0,9,7,12,8,330512.61666663334,137.35,752.6,4,{'lifecycle:transition': 'complete'},regular
11_CF,Settle Conditions With Supplier,2011-08-21 07:04:44,2011-08-22 00:09:11,2011-08-22 00:19:00,Karel de Groot,86,0.8897808840196448,7,8,0,8,335529.19999996666,5437.066666666667,9.183333333333334,1,{'lifecycle:transition': 'complete'},regular
29_CF,Settle Conditions With Supplier,2011-08-20 22:35:20,2011-08-22 01:53:33,2011-08-22 02:03:23,Karel de Groot,87,0.8897808840196448,13,8,1,8,335633.5666666333,5845.333333333333,113.55,1,{'lifecycle:transition': 'complete'},regular
6_CF,Create Purchase Order,2011-08-21 20:06:23,2011-08-22 07:57:05,2011-08-22 08:12:19,Francois de Perrier,84,0.048073290517567056,0,9,7,8,335997.0999999667,4216.983333333334,477.0833333333333,1,{'lifecycle:transition': 'complete'},regular
7_CF,Create Purchase Order,2011-08-21 20:25:31,2011-08-22 08:12:19,2011-08-22 08:27:29,Francois de Perrier,84,0.048073290517567056,0,9,8,8,336011.16666663333,3038.5833333333335,491.15,1,{'lifecycle:transition': 'complete'},regular
31_CF,Choose best option,2011-08-18 12:33:39,2011-08-22 00:05:37,2011-08-22 08:30:24,Anna Kaufmann,86,0.0,9,7,14,8,330641.9333333,128.26666666666668,881.9166666666666,4,{'lifecycle:transition': 'complete'},regular
1547,Create Purchase Order,2011-08-21 19:37:37,2011-08-22 08:27:29,2011-08-22 08:33:29,Francois de Perrier,84,0.048073290517567056,0,9,8,8,336012.5833333,5540.166666666667,492.56666666666666,1,{'lifecycle:transition': 'complete'},regular
10_CF,Create Purchase Order,2011-08-21 20:54:13,2011-08-22 08:33:29,2011-08-22 08:48:39,Francois de Perrier,84,0.048073290517567056,0,9,8,8,336029.3499999667,1457.4166666666667,509.3333333333333,1,{'lifecycle:transition': 'complete'},regular
8_CF,Create Purchase Order,2011-08-21 20:44:41,2011-08-22 08:48:39,2011-08-22 09:04:02,Francois de Perrier,84,0.048073290517567056,0,9,8,8,336033.0333333,2551.8,513.0166666666667,1,{'lifecycle:transition': 'complete'},regular
25_CF,Create Purchase Order,2011-08-21 19:56:52,2011-08-22 09:55:17,2011-08-22 10:10:36,Francois de Perrier,84,0.048073290517567056,0,9,9,8,336115.29999996664,4776.0,595.2833333333333,1,{'lifecycle:transition': 'complete'},regular
11_CF,Create Purchase Order,2011-08-22 00:19:00,2011-08-22 10:10:36,2011-08-22 10:26:33,Francois de Perrier,84,0.048073290517567056,0,9,10,8,336122.0833333,592.8833333333333,602.0666666666667,1,{'lifecycle:transition': 'complete'},regular
26_CF,Create Purchase Order,2011-08-21 20:16:00,2011-08-22 10:26:33,2011-08-22 10:41:56,Francois de Perrier,84,0.048073290517567056,0,9,10,8,336137.29999996664,4283.666666666667,617.2833333333333,1,{'lifecycle:transition': 'complete'},regular
24_CF,Create Purchase Order,2011-08-21 19:47:15,2011-08-22 10:41:56,2011-08-22 10:57:05,Francois de Perrier,84,0.048073290517567056,0,9,10,8,336139.29999996664,4946.166666666667,619.2833333333333,1,{'lifecycle:transition': 'complete'},regular
27_CF,Create Purchase Order,2011-08-21 20:35:10,2011-08-22 10:57:05,2011-08-22 11:12:23,Francois de Perrier,84,0.048073290517567056,0,9,10,8,336148.7833333,2975.55,628.7666666666667,1,{'lifecycle:transition': 'complete'},regular
28_CF,Create Purchase Order,2011-08-21 21:03:49,2011-08-22 11:12:23,2011-08-22 11:28:23,Francois de Perrier,84,0.048073290517567056,0,9,10,8,336151.79999996664,1536.4333333333334,631.7833333333333,1,{'lifecycle:transition': 'complete'},regular
29_CF,Create Purchase Order,2011-08-22 02:03:23,2011-08-22 14:01:13,2011-08-22 14:17:23,Francois de Perrier,84,0.048073290517567056,0,9,14,8,336361.2333333,727.6666666666666,841.2166666666667,1,{'lifecycle:transition': 'complete'},regular
3_CF,Confirm Purchase Order,2011-08-21 13:50:25,2011-08-22 07:08:21,2011-08-22 15:38:27,Karen Clarens,84,0.06752927842840951,0,10,7,8,335948.36666663334,1053.2,428.35,1,{'lifecycle:transition': 'complete'},regular
13_CF,Choose best option,2011-08-18 15:39:18,2011-08-22 08:30:24,2011-08-22 16:55:30,Anna Kaufmann,86,0.0,10,7,19,8,330944.14999996667,244.83333333333334,1184.1333333333334,4,{'lifecycle:transition': 'complete'},regular
12_CF,Settle Conditions With Supplier,2011-08-22 00:05:37,2011-08-22 17:49:00,2011-08-22 17:58:45,Karel de Groot,84,0.8897808840196448,0,8,17,8,336589.0166666333,6076.4,1069.0,1,{'lifecycle:transition': 'complete'},regular
30_CF,Settle Conditions With Supplier,2011-08-21 15:34:52,2011-08-22 18:20:12,2011-08-22 18:30:00,Karel de Groot,84,0.8897808840196448,9,8,18,8,336620.2166666333,6424.383333333333,1100.2,1,{'lifecycle:transition': 'complete'},regular
1584,Analyze Request for Quotation,2011-08-19 18:57:33,2011-08-22 19:12:25,2011-08-22 19:25:25,Francois de Perrier,86,0.1774650547789951,0,4,19,8,336672.43333328335,4336.866666666667,1152.4166666666667,1,{'lifecycle:transition': 'complete'},deviant
32_CF,Choose best option,2011-08-18 17:43:59,2011-08-22 16:55:30,2011-08-23 01:22:47,Anna Kaufmann,86,0.0,10,7,20,8,331001.66666663333,177.66666666666666,1241.65,4,{'lifecycle:transition': 'complete'},regular
21_CF,Confirm Purchase Order,2011-08-21 16:51:08,2011-08-22 15:38:27,2011-08-23 01:40:55,Karen Clarens,84,0.06752927842840951,0,10,9,8,336105.2666666333,1044.0,585.25,1,{'lifecycle:transition': 'complete'},regular
30_CF,Create Purchase Order,2011-08-22 18:30:00,2011-08-23 04:00:48,2011-08-23 04:15:29,Francois de Perrier,84,0.048073290517567056,0,9,4,8,337200.8166666333,580.6,240.8,2,{'lifecycle:transition': 'complete'},regular
12_CF,Create Purchase Order,2011-08-22 17:58:45,2011-08-23 07:56:24,2011-08-23 08:10:57,Francois de Perrier,84,0.048073290517567056,0,9,7,8,337436.41666663333,847.4,476.4,2,{'lifecycle:transition': 'complete'},regular
14_CF,Choose best option,2011-08-18 22:13:41,2011-08-23 01:22:47,2011-08-23 09:53:02,Anna Kaufmann,86,0.0,11,7,2,8,331341.1833333,247.48333333333332,141.16666666666666,5,{'lifecycle:transition': 'complete'},regular
1592,Analyze Request for Quotation,2011-08-20 17:15:48,2011-08-23 10:05:49,2011-08-23 10:20:49,Karel de Groot,87,0.1774650547789951,15,4,10,8,337565.8333332834,3891.016666666667,605.8166666666667,2,{'lifecycle:transition': 'complete'},deviant
13_CF,Settle Conditions With Supplier,2011-08-22 16:55:30,2011-08-23 10:58:57,2011-08-23 11:08:39,Karel de Groot,84,0.8897808840196448,0,8,10,8,337618.9666666333,6674.816666666667,658.95,2,{'lifecycle:transition': 'complete'},regular
31_CF,Settle Conditions With Supplier,2011-08-22 08:30:24,2011-08-23 12:07:28,2011-08-23 12:17:15,Karel de Groot,85,0.8897808840196448,0,8,12,8,337687.4833333,7045.55,727.4666666666667,2,{'lifecycle:transition': 'complete'},regular
5_CF,Confirm Purchase Order,2011-08-21 16:35:32,2011-08-23 01:40:55,2011-08-23 13:49:36,Karen Clarens,84,0.06752927842840951,0,10,10,8,336172.4333333,1112.5833333333333,652.4166666666666,1,{'lifecycle:transition': 'complete'},regular
1624,Create Purchase Requisition,2011-08-23 14:47:59,2011-08-23 14:47:59,2011-08-23 15:30:59,Miu Hanwan,83,0.1258027956176804,0,1,14,8,337847.99999995,337847.99999995,887.9833333333333,2,{'lifecycle:transition': 'complete'},deviant
1584,Send Request for Quotation to Supplier,2011-08-22 19:25:25,2011-08-23 16:18:44,2011-08-23 16:43:44,Francois de Perrier,84,0.07225160559123536,0,5,16,8,337938.74999995,1266.3166666666666,978.7333333333333,2,{'lifecycle:transition': 'complete'},deviant
33_CF,Choose best option,2011-08-19 00:17:58,2011-08-23 09:53:02,2011-08-23 18:24:57,Anna Kaufmann,86,0.0,11,7,2,8,331372.11666663334,154.13333333333333,172.1,5,{'lifecycle:transition': 'complete'},regular
1626,Create Purchase Requisition,2011-08-23 20:04:59,2011-08-23 20:04:59,2011-08-23 20:11:59,Alberto Duport,84,0.1258027956176804,0,1,20,8,338164.99999995,338164.99999995,1204.9833333333333,2,{'lifecycle:transition': 'complete'},deviant
13_CF,Create Purchase Order,2011-08-23 11:08:39,2011-08-24 00:59:58,2011-08-24 01:14:33,Francois de Perrier,83,0.048073290517567056,0,9,0,8,338459.9833333,841.0166666666667,59.96666666666667,3,{'lifecycle:transition': 'complete'},regular
15_CF,Choose best option,2011-08-19 04:46:26,2011-08-23 18:24:57,2011-08-24 02:57:21,Anna Kaufmann,86,0.0,12,7,8,8,331695.9666666333,209.51666666666668,495.95,5,{'lifecycle:transition': 'complete'},regular
1584,Create Quotation comparison Map,2011-08-23 16:43:44,2011-08-24 02:09:36,2011-08-24 03:02:36,Magdalena Predutta,83,0.4004533434076313,0,6,2,8,338529.6166666167,590.8666666666667,129.6,3,{'lifecycle:transition': 'complete'},deviant
31_CF,Create Purchase Order,2011-08-23 12:17:15,2011-08-24 02:51:43,2011-08-24 03:06:07,Francois de Perrier,83,0.048073290517567056,0,9,2,8,338571.7333333,884.25,171.71666666666667,3,{'lifecycle:transition': 'complete'},regular
32_CF,Settle Conditions With Supplier,2011-08-23 01:22:47,2011-08-24 05:22:57,2011-08-24 05:32:58,Karel de Groot,84,0.8897808840196448,0,8,5,8,338722.9666666333,7721.3,322.95,3,{'lifecycle:transition': 'complete'},regular
14_CF,Settle Conditions With Supplier,2011-08-23 09:53:02,2011-08-24 05:58:29,2011-08-24 06:08:18,Karel de Groot,83,0.8897808840196448,0,8,5,8,338758.49999996665,7417.316666666667,358.48333333333335,3,{'lifecycle:transition': 'complete'},regular
1592,Send Request for Quotation to Supplier,2011-08-23 10:20:49,2011-08-24 06:01:56,2011-08-24 06:21:56,Francois de Perrier,83,0.07225160559123536,0,5,6,8,338761.94999995,1196.1166666666666,361.93333333333334,3,{'lifecycle:transition': 'complete'},deviant
6_CF,Confirm Purchase Order,2011-08-22 08:12:19,2011-08-23 13:49:36,2011-08-24 07:51:58,Karen Clarens,85,0.06752927842840951,0,10,2,8,337110.14999996667,1113.05,150.13333333333333,2,{'lifecycle:transition': 'complete'},regular
1584,Analyze Quotation Comparison Map,2011-08-24 03:02:36,2011-08-24 09:54:51,2011-08-24 10:17:51,Alberto Duport,84,0.0646014355874575,0,7,9,8,338994.8666666167,465.25,594.85,3,{'lifecycle:transition': 'complete'},deviant
1584,Choose best option,2011-08-24 10:17:51,2011-08-24 10:58:57,2011-08-24 10:58:57,Esmana Liubiata,83,0.0,0,8,10,8,339058.9666666167,64.1,658.95,3,{'lifecycle:transition': 'complete'},deviant
34_CF,Choose best option,2011-08-19 06:50:37,2011-08-24 02:57:21,2011-08-24 11:27:41,Anna Kaufmann,86,0.0,12,7,9,8,331765.19999996666,154.56666666666666,565.1833333333333,5,{'lifecycle:transition': 'complete'},regular
16_CF,Choose best option,2011-08-19 11:19:08,2011-08-24 11:27:41,2011-08-24 19:56:31,Anna Kaufmann,86,0.0,14,7,12,8,331969.8499999667,90.7,769.8333333333334,5,{'lifecycle:transition': 'complete'},regular
14_CF,Create Purchase Order,2011-08-24 06:08:18,2011-08-24 21:14:56,2011-08-24 21:30:33,Francois de Perrier,84,0.048073290517567056,0,9,21,8,339674.94999996666,916.45,1274.9333333333334,3,{'lifecycle:transition': 'complete'},regular
1592,Create Quotation comparison Map,2011-08-24 06:21:56,2011-08-24 17:01:48,2011-08-24 22:41:48,Karel de Groot,84,0.4004533434076313,0,6,17,8,339421.8166666167,659.8666666666667,1021.8,3,{'lifecycle:transition': 'complete'},deviant
33_CF,Settle Conditions With Supplier,2011-08-23 18:24:57,2011-08-24 22:41:48,2011-08-24 22:51:38,Karel de Groot,83,0.8897808840196448,0,8,19,8,339591.61666663334,8219.5,1191.6,3,{'lifecycle:transition': 'complete'},regular
15_CF,Settle Conditions With Supplier,2011-08-24 02:57:21,2011-08-24 22:51:38,2011-08-24 23:01:20,Karel de Groot,84,0.8897808840196448,0,8,21,8,339687.0333333,7991.066666666667,1287.0166666666667,3,{'lifecycle:transition': 'complete'},regular
32_CF,Create Purchase Order,2011-08-24 05:32:58,2011-08-24 22:51:02,2011-08-24 23:06:46,Francois de Perrier,84,0.048073290517567056,0,9,22,8,339771.04999996664,1048.0833333333333,1371.0333333333333,3,{'lifecycle:transition': 'complete'},regular
1624,Analyze Purchase Requisition,2011-08-23 15:30:59,2011-08-24 23:18:42,2011-08-24 23:22:42,Maris Freeman,83,0.03333962976955043,0,2,23,8,339798.7166666167,1950.7166666666667,1398.7,3,{'lifecycle:transition': 'complete'},deviant
1624,Create Request for Quotation,2011-08-24 23:22:42,2011-08-24 23:55:06,2011-08-24 23:57:06,Maris Freeman,83,0.04731771817151492,0,3,23,8,339835.1166666167,36.4,1435.1,3,{'lifecycle:transition': 'complete'},deviant
10_CF,Confirm Purchase Order,2011-08-22 08:48:39,2011-08-24 07:51:58,2011-08-25 00:42:54,Karen Clarens,85,0.06752927842840951,0,10,3,8,337156.9333333,1127.5833333333333,196.91666666666666,2,{'lifecycle:transition': 'complete'},regular
1626,Analyze Purchase Requisition,2011-08-23 20:11:59,2011-08-25 04:16:03,2011-08-25 04:21:03,Maris Freeman,84,0.03333962976955043,0,2,4,8,340096.0666666167,1931.0666666666666,256.05,4,{'lifecycle:transition': 'complete'},deviant
17_CF,Choose best option,2011-08-19 14:23:18,2011-08-24 19:56:31,2011-08-25 04:25:53,Anna Kaufmann,86,0.0,14,7,15,8,332154.16666663333,90.85,954.15,5,{'lifecycle:transition': 'complete'},regular
1626,Create Request for Quotation,2011-08-25 04:21:03,2011-08-25 04:43:54,2011-08-25 04:45:54,Heinz Gutschmidt,82,0.04731771817151492,0,3,4,8,340123.9166666167,27.85,283.9,4,{'lifecycle:transition': 'complete'},deviant
1592,Analyze Quotation Comparison Map,2011-08-24 22:41:48,2011-08-25 05:28:12,2011-08-25 05:36:12,Christian Francois,83,0.0646014355874575,0,7,5,8,340168.2166666167,746.4,328.2,4,{'lifecycle:transition': 'complete'},deviant
1592,Choose best option,2011-08-25 05:36:12,2011-08-25 06:11:55,2011-08-25 06:11:55,Fjodor Kowalski,82,0.0,0,8,6,8,340211.93333328335,43.71666666666667,371.9166666666667,4,{'lifecycle:transition': 'complete'},deviant
34_CF,Settle Conditions With Supplier,2011-08-24 11:27:41,2011-08-25 11:21:18,2011-08-25 11:31:06,Karel de Groot,83,0.8897808840196448,0,8,11,8,340521.3166666333,8756.116666666667,681.3,4,{'lifecycle:transition': 'complete'},regular
7_CF,Confirm Purchase Order,2011-08-22 08:27:29,2011-08-25 00:42:54,2011-08-25 12:37:44,Karen Clarens,85,0.06752927842840951,0,10,3,8,337174.8166666333,1163.65,214.8,2,{'lifecycle:transition': 'complete'},regular
35_CF,Choose best option,2011-08-19 19:02:30,2011-08-25 04:25:53,2011-08-25 12:55:42,Anna Kaufmann,86,0.0,15,7,20,8,332402.7333333,60.21666666666667,1202.7166666666667,5,{'lifecycle:transition': 'complete'},regular
1547,Confirm Purchase Order,2011-08-22 08:33:29,2011-08-25 12:37:44,2011-08-25 12:55:44,Karen Clarens,85,0.06752927842840951,0,10,3,8,337196.41666663333,1183.8333333333333,236.4,2,{'lifecycle:transition': 'complete'},regular
15_CF,Create Purchase Order,2011-08-24 23:01:20,2011-08-25 13:54:34,2011-08-25 14:10:09,Francois de Perrier,83,0.048073290517567056,0,9,13,8,340674.5833332834,987.5499999833334,834.5666666666667,4,{'lifecycle:transition': 'complete'},regular
16_CF,Settle Conditions With Supplier,2011-08-24 19:56:31,2011-08-25 14:27:43,2011-08-25 14:37:24,Karel de Groot,83,0.8897808840196448,1,8,14,8,340707.7333333,8737.883333333333,867.7166666666667,4,{'lifecycle:transition': 'complete'},regular
33_CF,Create Purchase Order,2011-08-24 22:51:38,2011-08-25 16:42:55,2011-08-25 16:58:26,Francois de Perrier,83,0.048073290517567056,0,9,16,8,340842.93333328335,1251.3166666500001,1002.9166666666666,4,{'lifecycle:transition': 'complete'},regular
17_CF,Settle Conditions With Supplier,2011-08-25 04:25:53,2011-08-25 20:20:14,2011-08-25 20:29:54,Karel de Groot,82,0.8897808840196448,0,8,20,8,341060.24999996665,8906.083333333334,1220.2333333333333,4,{'lifecycle:transition': 'complete'},regular
19_CF,Choose best option,2011-08-20 00:13:44,2011-08-25 12:55:42,2011-08-25 21:26:17,Anna Kaufmann,87,0.0,15,7,0,8,332677.54999996664,23.8,37.53333333333333,6,{'lifecycle:transition': 'complete'},regular
8_CF,Confirm Purchase Order,2011-08-22 09:04:02,2011-08-25 12:55:44,2011-08-26 02:24:22,Karen Clarens,85,0.06752927842840951,0,10,4,8,337210.86666663334,1177.8333333333333,250.85,2,{'lifecycle:transition': 'complete'},regular
1584,Settle Conditions With Supplier,2011-08-24 10:58:57,2011-08-25 14:52:17,2011-08-26 03:16:17,Magdalena Predutta,83,0.8897808840196448,0,9,14,8,340732.29999995005,1673.3333333333333,892.2833333333333,4,{'lifecycle:transition': 'complete'},deviant
16_CF,Create Purchase Order,2011-08-25 14:37:24,2011-08-26 03:59:02,2011-08-26 04:15:13,Francois de Perrier,80,0.048073290517567056,0,9,3,8,341519.04999996664,811.3166666666667,239.03333333333333,5,{'lifecycle:transition': 'complete'},regular
34_CF,Create Purchase Order,2011-08-25 11:31:06,2011-08-26 04:28:33,2011-08-26 04:44:56,Francois de Perrier,82,0.048073290517567056,0,9,4,8,341548.5666666333,1027.25,268.55,5,{'lifecycle:transition': 'complete'},regular
37_CF,Choose best option,2011-08-20 01:43:34,2011-08-25 21:26:17,2011-08-26 05:57:44,Anna Kaufmann,87,0.0,16,7,2,8,332761.19999996666,17.616666666666667,121.18333333333334,6,{'lifecycle:transition': 'complete'},regular
35_CF,Settle Conditions With Supplier,2011-08-25 12:55:42,2011-08-26 07:53:18,2011-08-26 08:03:00,Karel de Groot,81,0.8897808840196448,0,8,7,8,341753.3166666333,9350.583333333334,473.3,5,{'lifecycle:transition': 'complete'},regular
1592,Settle Conditions With Supplier,2011-08-25 06:11:55,2011-08-26 03:16:17,2011-08-26 11:23:17,Magdalena Predutta,82,0.8897808840196448,0,9,22,8,341170.3333332834,958.4,1330.3166666666666,4,{'lifecycle:transition': 'complete'},deviant
17_CF,Create Purchase Order,2011-08-25 20:29:54,2011-08-26 12:03:20,2011-08-26 12:20:27,Francois de Perrier,80,0.048073290517567056,0,9,12,8,342003.3499999667,943.1,723.3333333333334,5,{'lifecycle:transition': 'complete'},regular
20_CF,Choose best option,2011-08-20 06:53:20,2011-08-26 05:57:44,2011-08-26 14:25:30,Anna Kaufmann,87,0.0,16,7,7,8,333077.5166666333,24.166666666666668,437.5,6,{'lifecycle:transition': 'complete'},regular
19_CF,Settle Conditions With Supplier,2011-08-25 21:26:17,2011-08-26 16:51:54,2011-08-26 17:01:23,Karel de Groot,80,0.8897808840196448,0,8,16,8,342291.91666663333,9614.366666666667,1011.9,5,{'lifecycle:transition': 'complete'},regular
25_CF,Confirm Purchase Order,2011-08-22 10:10:36,2011-08-26 02:24:22,2011-08-26 19:43:15,Karen Clarens,85,0.06752927842840951,1,10,4,8,337219.29999996664,1104.0,259.28333333333336,2,{'lifecycle:transition': 'complete'},regular
1584,Create Purchase Order,2011-08-26 03:16:17,2011-08-26 19:52:29,2011-08-26 19:59:29,Francois de Perrier,79,0.048073290517567056,0,10,19,8,342472.49999995,1740.2,1192.4833333333333,5,{'lifecycle:transition': 'complete'},deviant
38_CF,Choose best option,2011-08-20 08:21:30,2011-08-26 14:25:30,2011-08-26 22:53:20,Anna Kaufmann,87,0.0,17,7,9,8,333200.7333333,59.21666666666667,560.7166666666667,6,{'lifecycle:transition': 'complete'},regular
1592,Create Purchase Order,2011-08-26 11:23:17,2011-08-26 22:58:56,2011-08-26 23:06:56,Francois de Perrier,79,0.048073290517567056,0,10,22,8,342658.94999995,1488.6166666666666,1378.9333333333334,5,{'lifecycle:transition': 'complete'},deviant
35_CF,Create Purchase Order,2011-08-26 08:03:00,2011-08-27 03:28:34,2011-08-27 03:44:48,Francois de Perrier,79,0.048073290517567056,0,9,3,8,342928.5833333,1175.2666666666667,208.56666666666666,6,{'lifecycle:transition': 'complete'},regular
41_CF,Choose best option,2011-08-20 11:50:34,2011-08-26 22:53:20,2011-08-27 07:21:43,Anna Kaufmann,87,0.0,18,7,12,8,333409.8499999667,59.266666666666666,769.8333333333334,6,{'lifecycle:transition': 'complete'},regular
19_CF,Create Purchase Order,2011-08-26 17:01:23,2011-08-27 07:46:02,2011-08-27 08:01:48,Francois de Perrier,79,0.048073290517567056,0,9,7,8,343186.04999996664,894.1333333333333,466.03333333333336,6,{'lifecycle:transition': 'complete'},regular
20_CF,Settle Conditions With Supplier,2011-08-26 14:25:30,2011-08-27 08:10:48,2011-08-27 08:20:23,Karel de Groot,79,0.8897808840196448,0,8,8,8,343210.8166666333,10133.3,490.8,6,{'lifecycle:transition': 'complete'},regular
37_CF,Settle Conditions With Supplier,2011-08-26 05:57:44,2011-08-27 08:20:23,2011-08-27 08:30:10,Karel de Groot,79,0.8897808840196448,0,8,8,8,343216.7166666333,10455.516666666666,496.7,6,{'lifecycle:transition': 'complete'},regular
43_CF,Choose best option,2011-08-20 15:05:22,2011-08-27 07:21:43,2011-08-27 15:53:09,Anna Kaufmann,87,0.0,18,7,15,8,333579.74999996665,34.36666666666667,939.7333333333333,6,{'lifecycle:transition': 'complete'},regular
26_CF,Confirm Purchase Order,2011-08-22 10:41:56,2011-08-26 19:43:15,2011-08-27 16:26:30,Karen Clarens,85,0.06752927842840951,1,10,4,8,337249.0166666333,1111.7166666666667,289.0,2,{'lifecycle:transition': 'complete'},regular
20_CF,Create Purchase Order,2011-08-27 08:20:23,2011-08-27 18:27:34,2011-08-27 18:43:54,Francois de Perrier,76,0.048073290517567056,0,9,18,8,343827.5833333,616.7666666666667,1107.5666666666666,6,{'lifecycle:transition': 'complete'},regular
37_CF,Create Purchase Order,2011-08-27 08:30:10,2011-08-27 19:18:58,2011-08-27 19:35:24,Francois de Perrier,76,0.048073290517567056,0,9,19,8,343878.9833333,662.2666666666667,1158.9666666666667,6,{'lifecycle:transition': 'complete'},regular
38_CF,Settle Conditions With Supplier,2011-08-26 22:53:20,2011-08-27 20:17:51,2011-08-27 20:27:32,Karel de Groot,77,0.8897808840196448,0,8,20,8,343937.86666663334,10737.133333333333,1217.85,6,{'lifecycle:transition': 'complete'},regular
42_CF,Choose best option,2011-08-20 15:28:16,2011-08-27 15:53:09,2011-08-28 00:25:12,Anna Kaufmann,87,0.0,18,7,16,8,333627.7333333,59.45,987.7166666666667,6,{'lifecycle:transition': 'complete'},regular
41_CF,Settle Conditions With Supplier,2011-08-27 07:21:43,2011-08-28 03:49:04,2011-08-28 03:58:46,Karel de Groot,76,0.8897808840196448,0,8,3,8,344389.0833333,10979.233333333334,229.06666666666666,7,{'lifecycle:transition': 'complete'},regular
38_CF,Create Purchase Order,2011-08-27 20:27:32,2011-08-28 06:09:58,2011-08-28 06:26:09,Francois de Perrier,75,0.048073290517567056,0,9,6,8,344529.9833333,592.1166666666667,369.96666666666664,7,{'lifecycle:transition': 'complete'},regular
44_CF,Choose best option,2011-08-20 18:26:55,2011-08-28 00:25:12,2011-08-28 08:58:03,Anna Kaufmann,87,0.0,20,7,19,8,333781.3333333,34.4,1141.3166666666666,6,{'lifecycle:transition': 'complete'},regular
28_CF,Confirm Purchase Order,2011-08-22 11:28:23,2011-08-27 16:26:30,2011-08-28 12:17:30,Karen Clarens,85,0.06752927842840951,2,10,5,8,337307.2666666333,1155.4666666666667,347.25,2,{'lifecycle:transition': 'complete'},regular
1624,Analyze Request for Quotation,2011-08-24 23:57:06,2011-08-28 13:04:32,2011-08-28 13:39:32,Magdalena Predutta,83,0.1774650547789951,0,4,13,8,344944.54999995005,5109.433333333333,784.5333333333333,7,{'lifecycle:transition': 'complete'},deviant
43_CF,Settle Conditions With Supplier,2011-08-27 15:53:09,2011-08-28 13:45:18,2011-08-28 13:54:59,Karel de Groot,76,0.8897808840196448,0,8,13,8,344985.3166666333,11405.566666666668,825.3,7,{'lifecycle:transition': 'complete'},regular
1626,Analyze Request for Quotation,2011-08-25 04:45:54,2011-08-28 13:32:24,2011-08-28 14:07:24,Francois de Perrier,82,0.1774650547789951,0,4,13,8,344972.4166666167,4848.5,812.4,7,{'lifecycle:transition': 'complete'},deviant
45_CF,Choose best option,2011-08-20 21:48:43,2011-08-28 08:58:03,2011-08-28 17:32:05,Anna Kaufmann,87,0.0,21,7,22,8,333983.14999996667,34.416666666666664,1343.1333333333334,6,{'lifecycle:transition': 'complete'},regular
41_CF,Create Purchase Order,2011-08-28 03:58:46,2011-08-28 17:21:13,2011-08-28 17:38:31,Francois de Perrier,75,0.048073290517567056,0,9,17,8,345201.2333333,812.15,1041.2166666666667,7,{'lifecycle:transition': 'complete'},regular
42_CF,Settle Conditions With Supplier,2011-08-28 00:25:12,2011-08-29 00:09:11,2011-08-29 00:19:04,Karel de Groot,75,0.8897808840196448,0,8,0,8,345609.19999996666,11981.466666666667,9.183333333333334,1,{'lifecycle:transition': 'complete'},regular
46_CF,Choose best option,2011-08-21 01:10:13,2011-08-28 17:32:05,2011-08-29 02:07:46,Anna Kaufmann,87,0.0,21,7,2,8,334212.6333333,62.4,132.61666666666667,7,{'lifecycle:transition': 'complete'},regular
43_CF,Create Purchase Order,2011-08-28 13:54:59,2011-08-29 02:15:59,2011-08-29 02:31:50,Francois de Perrier,73,0.048073290517567056,0,9,2,8,345735.99999996665,750.6833333333333,135.98333333333332,1,{'lifecycle:transition': 'complete'},regular
27_CF,Confirm Purchase Order,2011-08-22 11:12:23,2011-08-28 12:17:30,2011-08-29 05:27:37,Karen Clarens,85,0.06752927842840951,2,10,6,8,337328.3333333,1179.55,368.31666666666666,2,{'lifecycle:transition': 'complete'},regular
44_CF,Settle Conditions With Supplier,2011-08-28 08:58:03,2011-08-29 09:41:38,2011-08-29 09:51:31,Karel de Groot,75,0.8897808840196448,0,8,9,8,346181.64999996667,12400.316666666668,581.6333333333333,1,{'lifecycle:transition': 'complete'},regular
47_CF,Choose best option,2011-08-21 04:31:25,2011-08-29 02:07:46,2011-08-29 10:35:35,Anna Kaufmann,87,0.0,22,7,5,8,334413.94999996666,62.516666666666666,333.93333333333334,7,{'lifecycle:transition': 'complete'},regular
42_CF,Create Purchase Order,2011-08-29 00:19:04,2011-08-29 10:33:50,2011-08-29 10:50:47,Francois de Perrier,72,0.048073290517567056,0,9,10,8,346233.8499999667,624.65,633.8333333333334,1,{'lifecycle:transition': 'complete'},regular
24_CF,Confirm Purchase Order,2011-08-22 10:57:05,2011-08-29 05:27:37,2011-08-29 14:32:39,Karen Clarens,85,0.06752927842840951,2,10,6,8,337333.5166666333,1194.2166666666667,373.5,2,{'lifecycle:transition': 'complete'},regular
46_CF,Settle Conditions With Supplier,2011-08-29 02:07:46,2011-08-29 18:33:12,2011-08-29 18:43:03,Karel de Groot,72,0.8897808840196448,0,8,18,8,346713.2166666333,12500.583333333334,1113.2,1,{'lifecycle:transition': 'complete'},regular
48_CF,Choose best option,2011-08-21 07:49:58,2011-08-29 10:35:35,2011-08-29 18:59:49,Anna Kaufmann,86,0.0,22,7,8,8,334574.89999996667,24.916666666666668,494.8833333333333,7,{'lifecycle:transition': 'complete'},regular
44_CF,Create Purchase Order,2011-08-29 09:51:31,2011-08-29 19:08:49,2011-08-29 19:26:31,Francois de Perrier,71,0.048073290517567056,0,9,19,8,346748.8333333,567.1833333333333,1148.8166666666666,1,{'lifecycle:transition': 'complete'},regular
45_CF,Settle Conditions With Supplier,2011-08-28 17:32:05,2011-08-29 19:55:01,2011-08-29 20:04:54,Karel de Groot,72,0.8897808840196448,0,8,19,8,346795.0333333,12811.883333333333,1195.0166666666667,1,{'lifecycle:transition': 'complete'},regular
49_CF,Choose best option,2011-08-21 11:10:24,2011-08-29 18:59:49,2011-08-30 03:24:42,Anna Kaufmann,85,0.0,23,7,11,8,334775.3166666333,24.9,695.3,7,{'lifecycle:transition': 'complete'},regular
46_CF,Create Purchase Order,2011-08-29 18:43:03,2011-08-30 04:45:59,2011-08-30 05:01:27,Francois de Perrier,70,0.048073290517567056,0,9,4,8,347325.99999996665,612.7833333333333,285.98333333333335,2,{'lifecycle:transition': 'complete'},regular
11_CF,Confirm Purchase Order,2011-08-22 10:26:33,2011-08-29 14:32:39,2011-08-30 05:34:17,Karen Clarens,85,0.06752927842840951,1,10,6,8,337351.7333333,1229.65,391.71666666666664,2,{'lifecycle:transition': 'complete'},regular
45_CF,Create Purchase Order,2011-08-29 20:04:54,2011-08-30 05:21:43,2011-08-30 05:37:08,Francois de Perrier,70,0.048073290517567056,0,9,5,8,347361.7333333,566.7,321.71666666666664,2,{'lifecycle:transition': 'complete'},regular
47_CF,Settle Conditions With Supplier,2011-08-29 10:35:35,2011-08-30 09:00:38,2011-08-30 09:10:22,Karel de Groot,71,0.8897808840196448,0,8,9,8,347580.64999996667,13166.7,540.6333333333333,2,{'lifecycle:transition': 'complete'},regular
50_CF,Choose best option,2011-08-21 14:33:55,2011-08-30 03:24:42,2011-08-30 11:54:03,Anna Kaufmann,84,0.0,24,7,15,8,334984.89999996667,30.966666666666665,904.8833333333333,7,{'lifecycle:transition': 'complete'},regular
1682,Create Purchase Requisition,2011-08-30 12:33:59,2011-08-30 12:33:59,2011-08-30 12:40:59,Penn Osterwalder,70,0.1258027956176804,0,1,12,8,347793.99999995,347793.99999995,753.9833333333333,2,{'lifecycle:transition': 'complete'},regular
48_CF,Settle Conditions With Supplier,2011-08-29 18:59:49,2011-08-30 13:14:37,2011-08-30 13:24:23,Karel de Groot,70,0.8897808840196448,0,8,13,8,347834.6333333,13259.733333333334,794.6166666666667,2,{'lifecycle:transition': 'complete'},regular
51_CF,Choose best option,2011-08-21 17:55:32,2011-08-30 11:54:03,2011-08-30 20:23:57,Anna Kaufmann,84,0.0,24,7,18,8,335186.04999996664,30.516666666666666,1106.0333333333333,7,{'lifecycle:transition': 'complete'},regular
47_CF,Create Purchase Order,2011-08-30 09:10:22,2011-08-30 20:29:29,2011-08-30 20:44:50,Francois de Perrier,69,0.048073290517567056,0,9,20,8,348269.49999996665,688.85,1229.4833333333333,2,{'lifecycle:transition': 'complete'},regular
1613,Create Purchase Requisition,2011-08-22 07:11:59,2011-08-30 20:23:57,2011-08-30 20:46:57,Anna Kaufmann,85,0.1258027956176804,24,1,7,8,335951.99999995,335951.99999995,431.98333333333335,1,{'lifecycle:transition': 'complete'},deviant
48_CF,Create Purchase Order,2011-08-30 13:24:23,2011-08-31 02:01:36,2011-08-31 02:16:02,Francois de Perrier,70,0.048073290517567056,0,9,2,8,348601.61666663334,766.9833333333333,121.6,3,{'lifecycle:transition': 'complete'},regular
29_CF,Confirm Purchase Order,2011-08-22 14:17:23,2011-08-30 05:34:17,2011-08-31 03:01:36,Karen Clarens,85,0.06752927842840951,2,10,8,8,337455.3499999667,1094.1166666666666,495.3333333333333,2,{'lifecycle:transition': 'complete'},regular
1682,Create Request for Quotation,2011-08-30 12:40:59,2011-08-31 03:54:58,2011-08-31 04:03:58,Fjodor Kowalski,70,0.04731771817151492,0,2,3,8,348714.98333328334,920.9833333333333,234.96666666666667,3,{'lifecycle:transition': 'complete'},regular
49_CF,Settle Conditions With Supplier,2011-08-30 03:24:42,2011-08-31 04:28:30,2011-08-31 04:38:23,Karel de Groot,70,0.8897808840196448,0,8,4,8,348748.5166666333,13973.2,268.5,3,{'lifecycle:transition': 'complete'},regular
50_CF,Settle Conditions With Supplier,2011-08-30 11:54:03,2011-08-31 08:32:24,2011-08-31 08:42:12,Karel de Groot,69,0.8897808840196448,0,8,8,8,348992.41666663333,14007.516666666666,512.4,3,{'lifecycle:transition': 'complete'},regular
51_CF,Settle Conditions With Supplier,2011-08-30 20:23:57,2011-08-31 17:04:52,2011-08-31 17:14:38,Karel de Groot,70,0.8897808840196448,0,8,17,8,349504.8833333,14318.833333333334,1024.8666666666666,3,{'lifecycle:transition': 'complete'},regular
49_CF,Create Purchase Order,2011-08-31 04:38:23,2011-08-31 19:14:48,2011-08-31 19:30:16,Francois de Perrier,69,0.048073290517567056,0,9,19,8,349634.8166666333,886.3,1154.8,3,{'lifecycle:transition': 'complete'},regular
30_CF,Confirm Purchase Order,2011-08-23 04:15:29,2011-08-31 03:01:36,2011-08-31 22:36:02,Karen Clarens,83,0.06752927842840951,5,10,0,8,338437.8166666333,1237.0,37.8,3,{'lifecycle:transition': 'complete'},regular
50_CF,Create Purchase Order,2011-08-31 08:42:12,2011-08-31 22:42:43,2011-08-31 22:58:27,Francois de Perrier,69,0.048073290517567056,0,9,22,8,349842.7333333,850.3166666666667,1362.7166666666667,3,{'lifecycle:transition': 'complete'},regular
1613,Analyze Purchase Requisition,2011-08-30 20:46:57,2011-08-31 23:10:58,2011-08-31 23:16:58,Francis Odell,70,0.03333962976955043,0,2,23,8,349870.9833333,13918.983333350001,1390.9666666666667,3,{'lifecycle:transition': 'complete'},deviant
1613,Create Request for Quotation,2011-08-31 23:16:58,2011-08-31 23:41:49,2011-08-31 23:43:49,Francis Odell,68,0.04731771817151492,0,3,23,8,349901.8333333,30.85,1421.8166666666666,3,{'lifecycle:transition': 'complete'},deviant
51_CF,Create Purchase Order,2011-08-31 17:14:38,2011-09-01 07:16:36,2011-09-01 07:30:42,Francois de Perrier,69,0.048073290517567056,0,9,7,9,350356.61666663334,851.7333333333333,436.6,4,{'lifecycle:transition': 'complete'},regular
12_CF,Confirm Purchase Order,2011-08-23 08:10:57,2011-08-31 22:36:02,2011-09-01 13:15:37,Karen Clarens,83,0.06752927842840951,11,10,4,8,338657.7166666333,1221.3,257.7,3,{'lifecycle:transition': 'complete'},regular
13_CF,Confirm Purchase Order,2011-08-24 01:14:33,2011-09-01 13:15:37,2011-09-02 06:20:26,Karen Clarens,84,0.06752927842840951,12,10,21,8,339671.74999996665,1211.7666666666667,1271.7333333333333,3,{'lifecycle:transition': 'complete'},regular
1682,Analyze Request for Quotation,2011-08-31 04:03:58,2011-09-02 18:33:39,2011-09-02 18:53:39,Karel de Groot,69,0.1774650547789951,0,3,18,9,352473.6666666167,3758.6833333333334,1113.65,5,{'lifecycle:transition': 'complete'},regular
31_CF,Confirm Purchase Order,2011-08-24 03:06:07,2011-09-02 06:20:26,2011-09-03 00:05:07,Karen Clarens,84,0.06752927842840951,12,10,23,8,339784.1333333,1212.4,1384.1166666666666,3,{'lifecycle:transition': 'complete'},regular
14_CF,Confirm Purchase Order,2011-08-24 21:30:33,2011-09-03 00:05:07,2011-09-03 21:09:53,Karen Clarens,83,0.06752927842840951,13,10,16,8,340839.8166666333,1164.8666666666666,999.8,4,{'lifecycle:transition': 'complete'},regular
1682,Send Request for Quotation to Supplier,2011-09-02 18:53:39,2011-09-04 04:50:21,2011-09-04 05:12:21,Karel de Groot,66,0.07225160559123536,0,4,4,9,354530.3666666167,2056.7,290.35,7,{'lifecycle:transition': 'complete'},regular
1613,Analyze Request for Quotation,2011-08-31 23:43:49,2011-09-04 05:39:30,2011-09-04 05:54:30,Magdalena Predutta,68,0.1774650547789951,0,4,5,9,354579.5166666333,4677.683333333333,339.5,7,{'lifecycle:transition': 'complete'},deviant
1613,Amend Request for Quotation,2011-09-04 05:54:30,2011-09-04 06:19:06,2011-09-04 06:32:06,Fjodor Kowalski,64,0.057329051756705704,0,5,6,9,354619.11666663334,39.6,379.1,7,{'lifecycle:transition': 'complete'},deviant
32_CF,Confirm Purchase Order,2011-08-24 23:06:46,2011-09-03 21:09:53,2011-09-04 19:09:24,Karen Clarens,83,0.06752927842840951,14,10,18,8,340936.5333333,1165.4833333333333,1096.5166666666667,4,{'lifecycle:transition': 'complete'},regular
1682,Create Quotation comparison Map,2011-09-04 05:12:21,2011-09-04 16:50:29,2011-09-04 21:14:29,Karel de Groot,64,0.4004533434076313,0,5,16,9,355250.49999995,720.1333333333333,1010.4833333333333,7,{'lifecycle:transition': 'complete'},regular
1682,Analyze Quotation Comparison Map,2011-09-04 21:14:29,2011-09-05 04:06:12,2011-09-05 04:15:12,Esmana Liubiata,63,0.0646014355874575,0,6,4,9,355926.2166666167,675.7166666666667,246.2,1,{'lifecycle:transition': 'complete'},regular
1682,Choose best option,2011-09-05 04:15:12,2011-09-05 04:16:48,2011-09-05 04:16:48,Esmana Liubiata,63,0.0,0,7,4,9,355936.8166666167,10.6,256.8,1,{'lifecycle:transition': 'complete'},regular
1613,Analyze Request for Quotation,2011-09-04 06:32:06,2011-09-05 17:19:02,2011-09-05 17:48:02,Magdalena Predutta,64,0.1774650547789951,0,6,17,9,356719.04999996664,2099.9333333333334,1039.0333333333333,1,{'lifecycle:transition': 'complete'},deviant
15_CF,Confirm Purchase Order,2011-08-25 14:10:09,2011-09-04 19:09:24,2011-09-05 20:35:11,Karen Clarens,80,0.06752927842840951,11,10,8,8,341770.0666666167,1095.4833333333333,490.05,5,{'lifecycle:transition': 'complete'},regular
1682,Settle Conditions With Supplier,2011-09-05 04:16:48,2011-09-05 20:10:24,2011-09-06 04:41:24,Francois de Perrier,63,0.8897808840196448,0,8,20,9,356890.4166666167,953.6,1210.4,1,{'lifecycle:transition': 'complete'},regular
1682,Create Purchase Order,2011-09-06 04:41:24,2011-09-06 13:18:20,2011-09-06 13:30:20,Francois de Perrier,61,0.048073290517567056,0,9,13,9,357918.34999995003,1027.9333333333334,798.3333333333334,2,{'lifecycle:transition': 'complete'},regular
1722,Create Purchase Requisition,2011-09-06 19:36:59,2011-09-06 19:36:59,2011-09-06 20:21:59,Clement Duchot,62,0.1258027956176804,0,1,19,9,358296.99999995,358296.99999995,1176.9833333333333,2,{'lifecycle:transition': 'complete'},deviant
33_CF,Confirm Purchase Order,2011-08-25 16:58:26,2011-09-05 20:35:11,2011-09-06 22:10:40,Karen Clarens,80,0.06752927842840951,12,10,10,8,341905.5666666167,1062.6333333333334,625.55,5,{'lifecycle:transition': 'complete'},regular
1725,Create Purchase Requisition,2011-09-07 07:49:59,2011-09-07 07:49:59,2011-09-07 08:16:59,Fjodor Kowalski,62,0.1258027956176804,0,1,7,9,359029.99999995,359029.99999995,469.98333333333335,3,{'lifecycle:transition': 'complete'},deviant
1722,Create Request for Quotation,2011-09-06 20:21:59,2011-09-07 09:15:14,2011-09-07 09:26:14,Penn Osterwalder,62,0.04731771817151492,0,2,9,9,359115.24999995,818.25,555.2333333333333,3,{'lifecycle:transition': 'complete'},deviant
1682,Confirm Purchase Order,2011-09-06 13:30:20,2011-09-07 11:52:15,2011-09-07 12:20:15,Esmeralda Clay,61,0.06752927842840951,0,10,11,9,359272.26666661666,1353.9166666666667,712.25,3,{'lifecycle:transition': 'complete'},regular
16_CF,Confirm Purchase Order,2011-08-26 04:15:13,2011-09-06 22:10:40,2011-09-07 23:00:21,Karen Clarens,79,0.06752927842840951,12,10,0,8,342737.9833333,1218.9333333333334,17.966666666666665,6,{'lifecycle:transition': 'complete'},regular
34_CF,Confirm Purchase Order,2011-08-26 04:44:56,2011-09-07 23:00:21,2011-09-09 00:55:33,Karen Clarens,79,0.06752927842840951,12,10,0,8,342773.7666666333,1225.2,53.75,6,{'lifecycle:transition': 'complete'},regular
1725,Analyze Purchase Requisition,2011-09-07 08:16:59,2011-09-09 14:26:51,2011-09-09 14:31:51,Heinz Gutschmidt,62,0.03333962976955043,0,2,14,9,362306.8666666167,3276.866666666667,866.85,5,{'lifecycle:transition': 'complete'},deviant
1722,Analyze Request for Quotation,2011-09-07 09:26:14,2011-09-09 23:58:02,2011-09-10 00:09:02,Magdalena Predutta,62,0.1774650547789951,0,3,23,9,362878.04999995005,3762.8,1438.0333333333333,5,{'lifecycle:transition': 'complete'},deviant
17_CF,Confirm Purchase Order,2011-08-26 12:20:27,2011-09-09 00:55:33,2011-09-10 02:11:52,Karen Clarens,79,0.06752927842840951,14,10,8,8,343215.4333333,1212.0833333333333,495.4166666666667,6,{'lifecycle:transition': 'complete'},regular
1722,Amend Request for Quotation,2011-09-10 00:09:02,2011-09-10 02:54:55,2011-09-10 03:02:55,Clement Duchot,58,0.057329051756705704,0,4,2,9,363054.93333328335,176.88333333333333,174.91666666666666,6,{'lifecycle:transition': 'complete'},deviant
35_CF,Confirm Purchase Order,2011-08-27 03:44:48,2011-09-10 02:11:52,2011-09-11 04:13:10,Karen Clarens,76,0.06752927842840951,15,10,22,8,344043.11666663334,1114.5333333333333,1323.1,6,{'lifecycle:transition': 'complete'},regular
1749,Create Purchase Requisition,2011-09-11 13:05:59,2011-09-11 13:05:59,2011-09-11 13:31:59,Nico Ojenbeer,57,0.1258027956176804,0,1,13,9,365105.99999995,365105.99999995,785.9833333333333,7,{'lifecycle:transition': 'complete'},deviant
1722,Analyze Request for Quotation,2011-09-10 03:02:55,2011-09-11 22:43:35,2011-09-11 23:13:35,Magdalena Predutta,57,0.1774650547789951,0,5,22,9,365683.59999995003,2628.6666666666665,1363.5833333333333,7,{'lifecycle:transition': 'complete'},deviant
1722,Amend Request for Quotation,2011-09-11 23:13:35,2011-09-11 23:52:30,2011-09-12 00:05:30,Alberto Duport,57,0.057329051756705704,0,6,23,9,365752.51666661666,68.91666666666667,1432.5,7,{'lifecycle:transition': 'complete'},deviant
19_CF,Confirm Purchase Order,2011-08-27 08:01:48,2011-09-11 04:13:10,2011-09-12 01:07:14,Karen Clarens,76,0.06752927842840951,15,10,2,8,344296.86666663334,1110.8166666666666,136.85,7,{'lifecycle:transition': 'complete'},regular
1759,Create Purchase Requisition,2011-09-12 11:47:59,2011-09-12 11:47:59,2011-09-12 12:24:59,Anna Kaufmann,57,0.1258027956176804,0,1,11,9,366467.99999995,366467.99999995,707.9833333333333,1,{'lifecycle:transition': 'complete'},deviant
1749,Analyze Purchase Requisition,2011-09-11 13:31:59,2011-09-12 13:57:00,2011-09-12 14:05:00,Heinz Gutschmidt,57,0.03333962976955043,0,2,13,9,366597.01666661666,1491.0166666666667,837.0,1,{'lifecycle:transition': 'complete'},deviant
1749,Create Request for Quotation,2011-09-12 14:05:00,2011-09-12 14:28:21,2011-09-12 14:30:21,Francis Odell,57,0.04731771817151492,0,3,14,9,366628.3666666167,31.35,868.35,1,{'lifecycle:transition': 'complete'},deviant
1722,Analyze Request for Quotation,2011-09-12 00:05:30,2011-09-12 18:18:35,2011-09-12 18:46:35,Francois de Perrier,57,0.1774650547789951,0,7,18,9,366858.59999995003,1106.0833333333333,1098.5833333333333,1,{'lifecycle:transition': 'complete'},deviant
1759,Create Request for Quotation,2011-09-12 12:24:59,2011-09-12 19:57:17,2011-09-12 20:08:17,Nico Ojenbeer,57,0.04731771817151492,0,2,19,9,366957.29999995005,489.3,1197.2833333333333,1,{'lifecycle:transition': 'complete'},deviant
20_CF,Confirm Purchase Order,2011-08-27 18:43:54,2011-09-12 01:07:14,2011-09-12 23:47:45,Karen Clarens,75,0.06752927842840951,15,10,15,8,345075.5333333,1247.95,915.5166666666667,7,{'lifecycle:transition': 'complete'},regular
1770,Create Purchase Requisition,2011-09-13 15:32:59,2011-09-13 15:32:59,2011-09-13 16:24:59,Kim Passa,56,0.1258027956176804,0,1,15,9,368132.99999995,368132.99999995,932.9833333333333,2,{'lifecycle:transition': 'complete'},deviant
37_CF,Confirm Purchase Order,2011-08-27 19:35:24,2011-09-12 23:47:45,2011-09-13 23:17:26,Karen Clarens,75,0.06752927842840951,15,10,15,8,345094.2166666333,1215.2333333333333,934.2,7,{'lifecycle:transition': 'complete'},regular
1749,Analyze Request for Quotation,2011-09-12 14:30:21,2011-09-14 02:07:47,2011-09-14 02:44:47,Francois de Perrier,57,0.1774650547789951,0,4,2,9,368767.79999995005,2139.4333333333334,127.78333333333333,3,{'lifecycle:transition': 'complete'},deviant
1773,Create Purchase Requisition,2011-09-14 04:51:59,2011-09-14 04:51:59,2011-09-14 05:47:59,Anna Kaufmann,55,0.1258027956176804,0,1,4,9,368931.99999995,368931.99999995,291.98333333333335,3,{'lifecycle:transition': 'complete'},deviant
1759,Analyze Request for Quotation,2011-09-12 20:08:17,2011-09-14 09:57:12,2011-09-14 10:27:12,Magdalena Predutta,56,0.1774650547789951,0,3,9,9,369237.2166666167,2279.9166666666665,597.2,3,{'lifecycle:transition': 'complete'},deviant
1759,Amend Request for Quotation,2011-09-14 10:27:12,2011-09-14 14:13:18,2011-09-14 14:22:18,Clement Duchot,55,0.057329051756705704,0,4,14,9,369493.3166666167,256.1,853.3,3,{'lifecycle:transition': 'complete'},deviant
38_CF,Confirm Purchase Order,2011-08-28 06:26:09,2011-09-13 23:17:26,2011-09-14 18:07:36,Karen Clarens,75,0.06752927842840951,17,10,1,8,345663.66666663333,1133.6833333333334,63.65,1,{'lifecycle:transition': 'complete'},regular
1770,Analyze Purchase Requisition,2011-09-13 16:24:59,2011-09-14 18:58:56,2011-09-14 19:04:56,Heinz Gutschmidt,56,0.03333962976955043,0,2,18,9,369778.94999995,1645.95,1138.9333333333334,3,{'lifecycle:transition': 'complete'},deviant
1770,Create Request for Quotation,2011-09-14 19:04:56,2011-09-14 19:27:55,2011-09-14 19:29:55,Maris Freeman,54,0.04731771817151492,0,3,19,9,369807.93333328335,28.983333333333334,1167.9166666666667,3,{'lifecycle:transition': 'complete'},deviant
41_CF,Confirm Purchase Order,2011-08-28 17:38:31,2011-09-14 18:07:36,2011-09-15 14:11:51,Karen Clarens,72,0.06752927842840951,18,10,10,8,346252.5666666333,1051.3333333333333,652.55,1,{'lifecycle:transition': 'complete'},regular
1773,Analyze Purchase Requisition,2011-09-14 05:47:59,2011-09-16 06:48:58,2011-09-16 06:54:58,Francis Odell,55,0.03333962976955043,0,2,6,9,371928.98333328334,2996.983333333333,408.96666666666664,5,{'lifecycle:transition': 'complete'},deviant
43_CF,Confirm Purchase Order,2011-08-29 02:31:50,2011-09-15 14:11:51,2011-09-16 11:51:29,Karen Clarens,72,0.06752927842840951,19,10,20,8,346842.66666663333,1106.6666666666667,1242.65,1,{'lifecycle:transition': 'complete'},regular
1759,Analyze Request for Quotation,2011-09-14 14:22:18,2011-09-16 12:25:51,2011-09-16 13:01:51,Karel de Groot,55,0.1774650547789951,0,5,12,9,372265.8666666167,2772.55,745.85,5,{'lifecycle:transition': 'complete'},deviant
42_CF,Confirm Purchase Order,2011-08-29 10:50:47,2011-09-16 11:51:29,2011-09-17 09:31:13,Karen Clarens,71,0.06752927842840951,18,10,6,8,347406.3833333,1172.5333333333333,366.3666666666667,2,{'lifecycle:transition': 'complete'},regular
1789,Create Purchase Requisition,2011-09-17 15:42:59,2011-09-17 15:42:59,2011-09-17 16:03:59,Christian Francois,50,0.1258027956176804,0,1,15,9,373902.99999995,373902.99999995,942.9833333333333,6,{'lifecycle:transition': 'complete'},deviant
1789,Create Request for Quotation,2011-09-17 16:03:59,2011-09-17 20:39:28,2011-09-17 20:49:28,Elvira Lores,50,0.04731771817151492,0,2,20,9,374199.48333328334,296.48333333333335,1239.4666666666667,6,{'lifecycle:transition': 'complete'},deviant
1770,Analyze Request for Quotation,2011-09-14 19:29:55,2011-09-18 05:15:35,2011-09-18 05:26:35,Karel de Groot,54,0.1774650547789951,0,4,5,9,374715.59999995003,4907.666666666667,315.5833333333333,7,{'lifecycle:transition': 'complete'},deviant
1770,Amend Request for Quotation,2011-09-18 05:26:35,2011-09-18 05:53:24,2011-09-18 06:10:24,Francis Odell,50,0.057329051756705704,0,5,5,9,374753.4166666167,37.81666666666667,353.4,7,{'lifecycle:transition': 'complete'},deviant
44_CF,Confirm Purchase Order,2011-08-29 19:26:31,2011-09-17 09:31:13,2011-09-18 07:40:25,Karen Clarens,70,0.06752927842840951,18,10,14,8,347912.7833333,1163.95,872.7666666666667,2,{'lifecycle:transition': 'complete'},regular
1796,Create Purchase Requisition,2011-09-18 17:41:59,2011-09-18 17:41:59,2011-09-18 18:14:59,Clement Duchot,50,0.1258027956176804,0,1,17,9,375461.99999995,375461.99999995,1061.9833333333333,7,{'lifecycle:transition': 'complete'},deviant
1796,Create Request for Quotation,2011-09-18 18:14:59,2011-09-19 00:25:12,2011-09-19 00:33:12,Kim Passa,50,0.04731771817151492,0,2,0,9,375865.2166666167,403.21666666666664,25.2,1,{'lifecycle:transition': 'complete'},deviant
45_CF,Confirm Purchase Order,2011-08-30 05:37:08,2011-09-18 07:40:25,2011-09-19 07:03:33,Karen Clarens,69,0.06752927842840951,18,10,1,8,348592.4333333,1230.7,112.41666666666667,3,{'lifecycle:transition': 'complete'},regular
1789,Analyze Request for Quotation,2011-09-17 20:49:28,2011-09-19 08:59:56,2011-09-19 09:07:56,Magdalena Predutta,50,0.1774650547789951,0,3,8,9,376379.94999995,2180.4666666666667,539.9333333333333,1,{'lifecycle:transition': 'complete'},deviant
1770,Analyze Request for Quotation,2011-09-18 06:10:24,2011-09-19 14:51:09,2011-09-19 15:03:09,Francois de Perrier,50,0.1774650547789951,0,6,14,9,376731.1666666167,1977.75,891.15,1,{'lifecycle:transition': 'complete'},deviant
46_CF,Confirm Purchase Order,2011-08-30 05:01:27,2011-09-19 07:03:33,2011-09-20 05:23:31,Karen Clarens,70,0.06752927842840951,19,10,2,8,348629.9833333,1303.9833333333333,149.96666666666667,3,{'lifecycle:transition': 'complete'},regular
1796,Analyze Request for Quotation,2011-09-19 00:33:12,2011-09-20 12:39:34,2011-09-20 12:57:34,Francois de Perrier,50,0.1774650547789951,0,3,12,9,378039.5833332834,2174.366666666667,759.5666666666667,2,{'lifecycle:transition': 'complete'},deviant
47_CF,Confirm Purchase Order,2011-08-30 20:44:50,2011-09-20 05:23:31,2011-09-21 04:59:59,Karen Clarens,70,0.06752927842840951,20,10,16,8,349490.5166666333,1221.0166666666667,1010.5,3,{'lifecycle:transition': 'complete'},regular
48_CF,Confirm Purchase Order,2011-08-31 02:16:02,2011-09-21 04:59:59,2011-09-21 13:45:23,Karen Clarens,70,0.06752927842840951,21,10,22,8,349821.6333333,1220.0166666666667,1341.6166666666666,3,{'lifecycle:transition': 'complete'},regular
49_CF,Confirm Purchase Order,2011-08-31 19:30:16,2011-09-21 13:45:23,2011-09-22 00:14:02,Karen Clarens,69,0.06752927842840951,22,10,14,9,350775.4833333,1140.6666666666667,855.4666666666667,4,{'lifecycle:transition': 'complete'},regular
1817,Create Purchase Requisition,2011-09-22 01:07:59,2011-09-22 01:07:59,2011-09-22 01:16:59,Tesca Lobes,43,0.1258027956176804,0,1,1,9,380227.99999995,380227.99999995,67.98333333333333,4,{'lifecycle:transition': 'complete'},deviant
50_CF,Confirm Purchase Order,2011-08-31 22:58:27,2011-09-22 00:14:02,2011-09-22 12:30:04,Karen Clarens,68,0.06752927842840951,22,10,17,9,350980.19999996666,1137.4666666666667,1060.1833333333334,4,{'lifecycle:transition': 'complete'},regular
51_CF,Confirm Purchase Order,2011-09-01 07:30:42,2011-09-22 12:30:04,2011-09-22 20:57:00,Karen Clarens,68,0.06752927842840951,22,10,1,9,351424.89999996667,1068.2833333333333,64.88333333333334,5,{'lifecycle:transition': 'complete'},regular
1817,Analyze Purchase Requisition,2011-09-22 01:16:59,2011-09-23 09:16:34,2011-09-23 09:23:34,Maris Freeman,43,0.03333962976955043,0,2,9,9,382156.5833332834,1928.5833333333333,556.5666666666667,5,{'lifecycle:transition': 'complete'},deviant
1817,Create Request for Quotation,2011-09-23 09:23:34,2011-09-23 09:49:43,2011-09-23 09:52:43,Maris Freeman,41,0.04731771817151492,0,3,9,9,382189.73333328334,33.15,589.7166666666667,5,{'lifecycle:transition': 'complete'},deviant
1817,Analyze Request for Quotation,2011-09-23 09:52:43,2011-09-26 03:21:52,2011-09-26 03:37:52,Magdalena Predutta,41,0.1774650547789951,0,4,3,9,386121.88333328336,3932.15,201.86666666666667,1,{'lifecycle:transition': 'complete'},deviant
1852,Create Purchase Requisition,2011-09-26 10:49:59,2011-09-26 10:49:59,2011-09-26 11:41:59,Miu Hanwan,41,0.1258027956176804,0,1,10,9,386569.99999995,386569.99999995,649.9833333333333,1,{'lifecycle:transition': 'complete'},deviant
1857,Create Purchase Requisition,2011-09-27 05:31:59,2011-09-27 05:31:59,2011-09-27 06:27:59,Nico Ojenbeer,42,0.1258027956176804,0,1,5,9,387691.99999995,387691.99999995,331.98333333333335,2,{'lifecycle:transition': 'complete'},deviant
1852,Analyze Purchase Requisition,2011-09-26 11:41:59,2011-09-27 09:10:24,2011-09-27 09:15:24,Heinz Gutschmidt,41,0.03333962976955043,0,2,9,9,387910.4166666167,1340.4166666666667,550.4,2,{'lifecycle:transition': 'complete'},deviant
1857,Analyze Purchase Requisition,2011-09-27 06:27:59,2011-09-28 06:50:03,2011-09-28 06:57:03,Francis Odell,42,0.03333962976955043,0,2,6,9,389210.0666666167,1518.0666666666666,410.05,3,{'lifecycle:transition': 'complete'},deviant
1871,Create Purchase Requisition,2011-09-29 22:09:59,2011-09-29 22:09:59,2011-09-29 22:50:59,Clement Duchot,41,0.1258027956176804,0,1,22,9,391569.99999995,391569.99999995,1329.9833333333333,4,{'lifecycle:transition': 'complete'},deviant
1873,Create Purchase Requisition,2011-09-30 18:32:59,2011-09-30 18:32:59,2011-09-30 19:05:59,Anna Kaufmann,42,0.1258027956176804,0,1,18,9,392792.99999995,392792.99999995,1112.9833333333333,5,{'lifecycle:transition': 'complete'},deviant
1874,Create Purchase Requisition,2011-10-01 04:02:59,2011-10-01 04:02:59,2011-10-01 04:10:59,Christian Francois,43,0.1258027956176804,0,1,4,10,393362.99999995,393362.99999995,242.98333333333332,6,{'lifecycle:transition': 'complete'},deviant
1871,Analyze Purchase Requisition,2011-09-29 22:50:59,2011-10-01 06:09:11,2011-10-01 06:15:11,Francis Odell,41,0.03333962976955043,0,2,6,10,393489.19999995,1919.2,369.18333333333334,6,{'lifecycle:transition': 'complete'},deviant
1873,Analyze Purchase Requisition,2011-09-30 19:05:59,2011-10-01 17:18:10,2011-10-01 17:23:10,Heinz Gutschmidt,42,0.03333962976955043,0,2,17,10,394158.18333328335,1365.1833333333334,1038.1666666666667,6,{'lifecycle:transition': 'complete'},deviant
1874,Analyze Purchase Requisition,2011-10-01 04:10:59,2011-10-02 05:46:23,2011-10-02 05:53:23,Heinz Gutschmidt,43,0.03333962976955043,0,2,5,10,394906.39999995,1543.4,346.3833333333333,7,{'lifecycle:transition': 'complete'},deviant
1874,Create Request for Quotation,2011-10-02 05:53:23,2011-10-02 06:30:37,2011-10-02 06:31:37,Francis Odell,41,0.04731771817151492,0,3,6,10,394950.63333328336,44.233333333333334,390.6166666666667,7,{'lifecycle:transition': 'complete'},deviant
1874,Analyze Request for Quotation,2011-10-02 06:31:37,2011-10-03 09:46:39,2011-10-03 10:16:39,Karel de Groot,41,0.1774650547789951,0,4,9,10,396586.6666666167,1636.0333333333333,586.65,1,{'lifecycle:transition': 'complete'},deviant
1892,Create Purchase Requisition,2011-10-04 04:27:59,2011-10-04 04:27:59,2011-10-04 05:14:59,Nico Ojenbeer,41,0.1258027956176804,0,1,4,10,397707.99999995,397707.99999995,267.98333333333335,2,{'lifecycle:transition': 'complete'},deviant
1892,Analyze Purchase Requisition,2011-10-04 05:14:59,2011-10-05 05:28:35,2011-10-05 05:35:35,Heinz Gutschmidt,41,0.03333962976955043,0,2,5,10,399208.59999995003,1500.6,328.5833333333333,3,{'lifecycle:transition': 'complete'},deviant
1909,Create Purchase Requisition,2011-10-07 08:39:59,2011-10-07 08:39:59,2011-10-07 08:52:59,Immanuel Karagianni,41,0.1258027956176804,0,1,8,10,402279.99999995,402279.99999995,519.9833333333333,5,{'lifecycle:transition': 'complete'},deviant
1909,Analyze Purchase Requisition,2011-10-07 08:52:59,2011-10-08 06:56:49,2011-10-08 07:04:49,Maris Freeman,41,0.03333962976955043,0,2,6,10,403616.8333332834,1336.8333333333333,416.81666666666666,6,{'lifecycle:transition': 'complete'},deviant
1909,Create Request for Quotation,2011-10-08 07:04:49,2011-10-08 07:22:13,2011-10-08 07:24:13,Heinz Gutschmidt,41,0.04731771817151492,0,3,7,10,403642.23333328334,25.4,442.21666666666664,6,{'lifecycle:transition': 'complete'},deviant
1917,Create Purchase Requisition,2011-10-08 22:06:59,2011-10-08 22:06:59,2011-10-08 22:22:59,Miu Hanwan,42,0.1258027956176804,0,1,22,10,404526.99999995,404526.99999995,1326.9833333333333,6,{'lifecycle:transition': 'complete'},deviant
1920,Create Purchase Requisition,2011-10-09 05:58:59,2011-10-09 05:58:59,2011-10-09 06:06:59,Penn Osterwalder,43,0.1258027956176804,0,1,5,10,404998.99999995,404998.99999995,358.98333333333335,7,{'lifecycle:transition': 'complete'},deviant
1917,Analyze Purchase Requisition,2011-10-08 22:22:59,2011-10-09 23:44:31,2011-10-09 23:50:31,Maris Freeman,42,0.03333962976955043,0,2,23,10,406064.5333332833,1537.5333333333333,1424.5166666666667,7,{'lifecycle:transition': 'complete'},deviant
1929,Create Purchase Requisition,2011-10-10 00:26:59,2011-10-10 00:26:59,2011-10-10 01:19:59,Elvira Lores,43,0.1258027956176804,0,1,0,10,406106.99999995,406106.99999995,26.983333333333334,1,{'lifecycle:transition': 'complete'},deviant
1920,Analyze Purchase Requisition,2011-10-09 06:06:59,2011-10-10 04:42:18,2011-10-10 04:48:18,Francis Odell,43,0.03333962976955043,0,2,4,10,406362.3166666167,1363.3166666666666,282.3,1,{'lifecycle:transition': 'complete'},deviant
1909,Analyze Request for Quotation,2011-10-08 07:24:13,2011-10-10 04:39:18,2011-10-10 05:09:18,Karel de Groot,41,0.1774650547789951,0,4,4,10,406359.3166666167,2717.0833333333335,279.3,1,{'lifecycle:transition': 'complete'},deviant
1920,Create Request for Quotation,2011-10-10 04:48:18,2011-10-10 05:09:27,2011-10-10 05:11:27,Francis Odell,43,0.04731771817151492,0,3,5,10,406389.4666666167,27.15,309.45,1,{'lifecycle:transition': 'complete'},deviant
1929,Analyze Purchase Requisition,2011-10-10 01:19:59,2011-10-10 23:02:28,2011-10-10 23:10:28,Heinz Gutschmidt,43,0.03333962976955043,0,2,23,10,407462.48333328334,1355.4833333333333,1382.4666666666667,1,{'lifecycle:transition': 'complete'},deviant
1920,Analyze Request for Quotation,2011-10-10 05:11:27,2011-10-11 10:30:05,2011-10-11 10:57:05,Francois de Perrier,42,0.1774650547789951,0,4,10,10,408150.09999995003,1760.6333333333334,630.0833333333334,2,{'lifecycle:transition': 'complete'},deviant
1938,Create Purchase Requisition,2011-10-11 15:47:59,2011-10-11 15:47:59,2011-10-11 16:07:59,Clement Duchot,41,0.1258027956176804,0,1,15,10,408467.99999995,408467.99999995,947.9833333333333,2,{'lifecycle:transition': 'complete'},deviant
1941,Create Purchase Requisition,2011-10-11 19:26:59,2011-10-11 19:26:59,2011-10-11 20:01:59,Esmana Liubiata,42,0.1258027956176804,0,1,19,10,408686.99999995,408686.99999995,1166.9833333333333,2,{'lifecycle:transition': 'complete'},deviant
1938,Analyze Purchase Requisition,2011-10-11 16:07:59,2011-10-12 16:21:35,2011-10-12 16:30:35,Francis Odell,41,0.03333962976955043,0,2,16,10,409941.59999995003,1473.6,981.5833333333334,3,{'lifecycle:transition': 'complete'},deviant
1941,Analyze Purchase Requisition,2011-10-11 20:01:59,2011-10-12 20:24:03,2011-10-12 20:28:03,Heinz Gutschmidt,42,0.03333962976955043,0,2,20,10,410184.0666666167,1497.0666666666666,1224.05,3,{'lifecycle:transition': 'complete'},deviant
1941,Create Request for Quotation,2011-10-12 20:28:03,2011-10-12 20:49:40,2011-10-12 20:52:40,Francis Odell,41,0.04731771817151492,0,3,20,10,410209.68333328335,25.616666666666667,1249.6666666666667,3,{'lifecycle:transition': 'complete'},deviant
1949,Create Purchase Requisition,2011-10-13 07:26:59,2011-10-13 07:26:59,2011-10-13 08:20:59,Tesca Lobes,42,0.1258027956176804,0,1,7,10,410846.99999995,410846.99999995,446.98333333333335,4,{'lifecycle:transition': 'complete'},deviant
1949,Analyze Purchase Requisition,2011-10-13 08:20:59,2011-10-14 15:59:41,2011-10-14 16:05:41,Francis Odell,42,0.03333962976955043,0,2,15,10,412799.69999995,1952.7,959.6833333333333,5,{'lifecycle:transition': 'complete'},deviant
1941,Analyze Request for Quotation,2011-10-12 20:52:40,2011-10-16 02:58:26,2011-10-16 03:11:26,Karel de Groot,41,0.1774650547789951,0,4,2,10,414898.44999995,4688.766666666666,178.43333333333334,7,{'lifecycle:transition': 'complete'},deviant
