Initial Accuracy,Initial AUC,Initial F1 Score,Initial Loss,Initial MCC,Initial Precision,Initial Recall,Augmented Accuracy,Augmented AUC,Augmented F1 Score,Augmented Loss,Augmented MCC,Augmented Precision,Augmented Recall,Model,Prefix Length,Augmentation Factor,Simulation
0.8632478632478633,0.32222222222222224,0.463302752293578,-0.06360433955410418,-0.06360433955410418,0.4469026548672566,0.48095238095238096,0.7692307692307693,0.5817460317460317,0.4686291000841043,-0.05944420447258211,-0.05944420447258211,0.47441176470588237,0.4654761904761905,xgboost,5,0.3,True
0.8632478632478633,0.32222222222222224,0.463302752293578,-0.06360433955410418,-0.06360433955410418,0.4469026548672566,0.48095238095238096,0.9145299145299145,0.5920634920634922,0.6201298701298701,0.39009474880274697,0.39009474880274697,0.9565217391304348,0.5833333333333334,xgboost,5,0.3,True
