Initial Accuracy,Initial AUC,Initial F1 Score,Initial Loss,Initial MCC,Initial Precision,Initial Recall,Augmented Accuracy,Augmented AUC,Augmented F1 Score,Augmented Loss,Augmented MCC,Augmented Precision,Augmented Recall,Model,Prefix Length,Augmentation Factor,Simulation
0.9969040247678018,0.9532186711870013,0.9403921568627451,0.8871306460073152,0.8871306460073152,0.9984338292873923,0.8947368421052632,0.014705882352941176,0.5,0.014492753623188406,0.0,0.0,0.007352941176470588,0.5,xgboost,2,0.3,True
0.9969040247678018,0.9532186711870013,0.9403921568627451,0.8871306460073152,0.8871306460073152,0.9984338292873923,0.8947368421052632,0.014705882352941176,0.5,0.014492753623188406,0.0,0.0,0.007352941176470588,0.5,xgboost,2,0.5,True
0.9969040247678018,0.9532186711870013,0.9403921568627451,0.8871306460073152,0.8871306460073152,0.9984338292873923,0.8947368421052632,0.014705882352941176,0.5,0.014492753623188406,0.0,0.0,0.007352941176470588,0.5,xgboost,2,0.7,True
0.9976780185758514,0.9689502625377269,0.9565543910777334,0.9165835433006255,0.9165835433006255,0.9988244514106583,0.9210526315789473,0.014705882352941176,0.5,0.014492753623188406,0.0,0.0,0.007352941176470588,0.5,xgboost,4,0.3,True
