,trace_id,prefix_1,prefix_2,prefix_3,prefix_4,prefix_5,prefix_6,prefix_7,prefix_8,prefix_9,prefix_10,prefix_11,prefix_12,prefix_13,prefix_14,prefix_15,prefix_16,prefix_17,prefix_18,prefix_19,prefix_20,label
0,0,A_SUBMITTED,A_PARTLYSUBMITTED,W_Assess_fraud,A_PREACCEPTED,W_Complete_preaccepted_appl,W_Complete_preaccepted_appl,W_Complete_preaccepted_appl,W_Complete_preaccepted_appl,W_Complete_preaccepted_appl,W_Complete_preaccepted_appl,A_DECLINED,0,0,0,0,0,0,0,0,0,deviant
1,1,A_SUBMITTED,A_PARTLYSUBMITTED,W_Assess_fraud,A_PREACCEPTED,W_Complete_preaccepted_appl,W_Complete_preaccepted_appl,W_Complete_preaccepted_appl,W_Complete_preaccepted_appl,W_Complete_preaccepted_appl,A_ACCEPTED,A_FINALIZED,O_SELECTED,O_CREATED,O_SENT,W_Call_after_offer,O_SENT_BACK,W_Assess_application,W_Call_missing_information,W_Call_missing_information,W_Call_missing_information,regular
2,10,A_SUBMITTED,A_PARTLYSUBMITTED,W_Assess_fraud,A_PREACCEPTED,W_Complete_preaccepted_appl,W_Complete_preaccepted_appl,A_ACCEPTED,A_FINALIZED,O_SELECTED,O_CREATED,O_SENT,O_SELECTED,O_CREATED,O_SENT,W_Call_after_offer,O_SENT_BACK,W_Assess_application,W_Call_missing_information,W_Call_missing_information,W_Call_missing_information,regular
3,100,A_SUBMITTED,A_PARTLYSUBMITTED,W_Assess_fraud,A_PREACCEPTED,W_Complete_preaccepted_appl,W_Complete_preaccepted_appl,A_ACCEPTED,A_FINALIZED,O_SELECTED,O_CREATED,O_SENT,O_SENT_BACK,W_Assess_application,W_Assess_application,W_Call_missing_information,W_Call_missing_information,W_Call_missing_information,W_Call_missing_information,O_ACCEPTED,A_APPROVED,deviant
4,1000,A_SUBMITTED,A_PARTLYSUBMITTED,W_Assess_fraud,A_PREACCEPTED,W_Complete_preaccepted_appl,W_Complete_preaccepted_appl,W_Complete_preaccepted_appl,A_ACCEPTED,A_FINALIZED,O_SELECTED,O_CREATED,O_SENT,O_SELECTED,O_CREATED,O_SENT,W_Call_after_offer,W_Call_after_offer,W_Call_after_offer,A_DECLINED,0,deviant
5,1001,A_SUBMITTED,A_PARTLYSUBMITTED,W_Assess_fraud,A_PREACCEPTED,W_Complete_preaccepted_appl,W_Complete_preaccepted_appl,A_DECLINED,0,0,0,0,0,0,0,0,0,0,0,0,0,deviant
6,1002,A_SUBMITTED,A_PARTLYSUBMITTED,W_Assess_fraud,A_PREACCEPTED,W_Complete_preaccepted_appl,W_Complete_preaccepted_appl,A_ACCEPTED,A_FINALIZED,O_SELECTED,O_CREATED,O_SENT,W_Call_after_offer,A_DECLINED,0,0,0,0,0,0,0,deviant
7,1003,A_SUBMITTED,A_PARTLYSUBMITTED,W_Fix_incomplete_submission,A_PREACCEPTED,W_Complete_preaccepted_appl,W_Complete_preaccepted_appl,A_ACCEPTED,A_FINALIZED,O_SELECTED,O_CREATED,O_SENT,W_Call_after_offer,W_Call_after_offer,A_DECLINED,0,0,0,0,0,0,deviant
8,1004,A_SUBMITTED,A_PARTLYSUBMITTED,W_Fix_incomplete_submission,A_PREACCEPTED,W_Complete_preaccepted_appl,A_DECLINED,0,0,0,0,0,0,0,0,0,0,0,0,0,0,deviant
9,1005,A_SUBMITTED,A_PARTLYSUBMITTED,W_Assess_fraud,A_PREACCEPTED,W_Complete_preaccepted_appl,W_Complete_preaccepted_appl,A_ACCEPTED,A_FINALIZED,O_SELECTED,O_CREATED,O_SENT,O_SELECTED,O_CREATED,O_SENT,W_Call_after_offer,W_Call_after_offer,W_Call_after_offer,W_Call_after_offer,A_DECLINED,0,deviant
10,1006,A_SUBMITTED,A_PARTLYSUBMITTED,W_Assess_fraud,A_PREACCEPTED,W_Complete_preaccepted_appl,A_ACCEPTED,A_FINALIZED,O_SELECTED,O_CREATED,O_SENT,W_Call_after_offer,W_Call_after_offer,W_Call_after_offer,O_SENT_BACK,W_Assess_application,W_Call_missing_information,W_Call_missing_information,O_SELECTED,O_CREATED,O_SENT,regular
11,1007,A_SUBMITTED,A_PARTLYSUBMITTED,W_Assess_fraud,A_PREACCEPTED,W_Complete_preaccepted_appl,W_Complete_preaccepted_appl,W_Complete_preaccepted_appl,W_Complete_preaccepted_appl,W_Complete_preaccepted_appl,W_Complete_preaccepted_appl,W_Complete_preaccepted_appl,W_Complete_preaccepted_appl,A_ACCEPTED,A_FINALIZED,O_SELECTED,O_CREATED,O_SENT,W_Call_after_offer,O_SENT_BACK,W_Assess_application,regular
12,1008,A_SUBMITTED,A_PARTLYSUBMITTED,W_Fix_incomplete_submission,W_Fix_incomplete_submission,A_PREACCEPTED,W_Complete_preaccepted_appl,W_Complete_preaccepted_appl,W_Complete_preaccepted_appl,A_DECLINED,0,0,0,0,0,0,0,0,0,0,0,deviant
13,1009,A_SUBMITTED,A_PARTLYSUBMITTED,W_Assess_fraud,A_PREACCEPTED,W_Complete_preaccepted_appl,W_Complete_preaccepted_appl,W_Complete_preaccepted_appl,W_Complete_preaccepted_appl,W_Complete_preaccepted_appl,W_Complete_preaccepted_appl,A_ACCEPTED,A_FINALIZED,O_SELECTED,O_CREATED,O_SENT,O_SELECTED,O_CREATED,O_SENT,W_Call_after_offer,W_Call_after_offer,deviant
14,101,A_SUBMITTED,A_PARTLYSUBMITTED,W_Assess_fraud,A_PREACCEPTED,W_Complete_preaccepted_appl,W_Complete_preaccepted_appl,W_Complete_preaccepted_appl,W_Complete_preaccepted_appl,A_CANCELLED,0,0,0,0,0,0,0,0,0,0,0,deviant
15,1010,A_SUBMITTED,A_PARTLYSUBMITTED,W_Assess_fraud,A_PREACCEPTED,W_Complete_preaccepted_appl,A_ACCEPTED,A_FINALIZED,O_SELECTED,O_CREATED,O_SENT,W_Call_after_offer,A_DECLINED,0,0,0,0,0,0,0,0,deviant
16,1011,A_SUBMITTED,A_PARTLYSUBMITTED,W_Assess_fraud,A_PREACCEPTED,W_Complete_preaccepted_appl,A_ACCEPTED,A_FINALIZED,O_SELECTED,O_CREATED,O_SENT,W_Call_after_offer,W_Call_after_offer,A_DECLINED,0,0,0,0,0,0,0,deviant
17,1012,A_SUBMITTED,A_PARTLYSUBMITTED,W_Fix_incomplete_submission,A_CANCELLED,0,0,0,0,0,0,0,0,0,0,0,0,0,0,0,0,deviant
18,1013,A_SUBMITTED,A_PARTLYSUBMITTED,W_Assess_fraud,A_PREACCEPTED,W_Complete_preaccepted_appl,A_ACCEPTED,A_FINALIZED,O_SELECTED,O_CREATED,O_SENT,W_Call_after_offer,W_Call_after_offer,W_Call_after_offer,W_Call_after_offer,W_Call_after_offer,W_Call_after_offer,A_DECLINED,0,0,0,deviant
19,1014,A_SUBMITTED,A_PARTLYSUBMITTED,W_Assess_fraud,A_PREACCEPTED,W_Complete_preaccepted_appl,W_Complete_preaccepted_appl,W_Complete_preaccepted_appl,A_ACCEPTED,A_FINALIZED,O_SELECTED,O_CREATED,O_SENT,O_SELECTED,O_CREATED,O_SENT,W_Call_after_offer,O_SENT_BACK,W_Assess_application,W_Assess_application,W_Assess_application,regular
20,1015,A_SUBMITTED,A_PARTLYSUBMITTED,W_Assess_fraud,A_PREACCEPTED,W_Complete_preaccepted_appl,A_ACCEPTED,A_FINALIZED,O_SELECTED,O_CREATED,O_SENT,W_Call_after_offer,O_SENT_BACK,W_Assess_application,W_Call_missing_information,W_Call_missing_information,O_ACCEPTED,A_APPROVED,A_REGISTERED,A_ACTIVATED,0,regular
21,1016,A_SUBMITTED,A_PARTLYSUBMITTED,W_Fix_incomplete_submission,A_PREACCEPTED,W_Complete_preaccepted_appl,W_Complete_preaccepted_appl,A_DECLINED,0,0,0,0,0,0,0,0,0,0,0,0,0,deviant
22,1017,A_SUBMITTED,A_PARTLYSUBMITTED,W_Assess_fraud,A_PREACCEPTED,W_Complete_preaccepted_appl,W_Complete_preaccepted_appl,A_ACCEPTED,A_FINALIZED,O_SELECTED,O_CREATED,O_SENT,W_Call_after_offer,O_SENT_BACK,W_Assess_application,W_Assess_application,W_Call_missing_information,O_SELECTED,O_CREATED,O_SENT,W_Call_after_offer,regular
23,1018,A_SUBMITTED,A_PARTLYSUBMITTED,W_Fix_incomplete_submission,A_PREACCEPTED,W_Complete_preaccepted_appl,A_CANCELLED,0,0,0,0,0,0,0,0,0,0,0,0,0,0,deviant
24,1019,A_SUBMITTED,A_PARTLYSUBMITTED,W_Assess_fraud,A_PREACCEPTED,W_Complete_preaccepted_appl,A_ACCEPTED,A_FINALIZED,O_SELECTED,O_CREATED,O_SENT,O_SELECTED,O_CREATED,O_SENT,W_Call_after_offer,W_Call_after_offer,W_Call_after_offer,O_SELECTED,O_CREATED,O_SENT,W_Call_after_offer,deviant
25,102,A_SUBMITTED,A_PARTLYSUBMITTED,W_Fix_incomplete_submission,A_CANCELLED,0,0,0,0,0,0,0,0,0,0,0,0,0,0,0,0,deviant
26,1020,A_SUBMITTED,A_PARTLYSUBMITTED,W_Fix_incomplete_submission,A_PREACCEPTED,W_Complete_preaccepted_appl,A_ACCEPTED,A_FINALIZED,O_SELECTED,O_CREATED,O_SENT,W_Call_after_offer,O_SELECTED,O_CREATED,O_SENT,W_Call_after_offer,W_Call_after_offer,O_SELECTED,O_CREATED,O_SENT,W_Call_after_offer,deviant
27,1021,A_SUBMITTED,A_PARTLYSUBMITTED,W_Assess_fraud,A_PREACCEPTED,W_Complete_preaccepted_appl,W_Complete_preaccepted_appl,A_ACCEPTED,A_FINALIZED,O_SELECTED,O_CREATED,O_SENT,W_Call_after_offer,W_Call_after_offer,O_SELECTED,O_CREATED,O_SENT,W_Call_after_offer,W_Call_after_offer,W_Call_after_offer,W_Call_after_offer,deviant
28,1022,A_SUBMITTED,A_PARTLYSUBMITTED,W_Fix_incomplete_submission,A_PREACCEPTED,W_Complete_preaccepted_appl,W_Complete_preaccepted_appl,A_ACCEPTED,A_FINALIZED,O_SELECTED,O_CREATED,O_SENT,W_Call_after_offer,W_Call_after_offer,W_Call_after_offer,O_SENT_BACK,W_Assess_application,W_Call_missing_information,W_Call_missing_information,O_ACCEPTED,A_APPROVED,regular
29,1023,A_SUBMITTED,A_PARTLYSUBMITTED,W_Assess_fraud,A_PREACCEPTED,W_Complete_preaccepted_appl,W_Complete_preaccepted_appl,A_ACCEPTED,A_FINALIZED,O_SELECTED,O_CREATED,O_SENT,O_SELECTED,O_CREATED,O_SENT,W_Call_after_offer,W_Call_after_offer,A_DECLINED,0,0,0,deviant
30,1024,A_SUBMITTED,A_PARTLYSUBMITTED,W_Fix_incomplete_submission,A_PREACCEPTED,W_Complete_preaccepted_appl,W_Complete_preaccepted_appl,W_Complete_preaccepted_appl,W_Complete_preaccepted_appl,W_Complete_preaccepted_appl,W_Complete_preaccepted_appl,W_Complete_preaccepted_appl,W_Complete_preaccepted_appl,W_Complete_preaccepted_appl,A_ACCEPTED,A_FINALIZED,O_SELECTED,O_CREATED,O_SENT,W_Call_after_offer,O_SELECTED,regular
31,1025,A_SUBMITTED,A_PARTLYSUBMITTED,W_Assess_fraud,A_PREACCEPTED,W_Complete_preaccepted_appl,W_Complete_preaccepted_appl,A_ACCEPTED,A_FINALIZED,O_SELECTED,O_CREATED,O_SENT,W_Call_after_offer,O_SENT_BACK,W_Assess_application,W_Call_missing_information,O_CANCELLED,O_SELECTED,O_CREATED,O_SENT,O_SELECTED,regular
32,1026,A_SUBMITTED,A_PARTLYSUBMITTED,W_Assess_fraud,A_PREACCEPTED,W_Complete_preaccepted_appl,A_ACCEPTED,A_FINALIZED,O_SELECTED,O_CREATED,O_SENT,O_SELECTED,O_CREATED,O_SENT,W_Call_after_offer,A_DECLINED,0,0,0,0,0,deviant
33,1027,A_SUBMITTED,A_PARTLYSUBMITTED,W_Assess_fraud,A_PREACCEPTED,W_Complete_preaccepted_appl,W_Complete_preaccepted_appl,W_Complete_preaccepted_appl,A_ACCEPTED,A_FINALIZED,O_SELECTED,O_CREATED,O_SENT,A_DECLINED,0,0,0,0,0,0,0,deviant
34,1028,A_SUBMITTED,A_PARTLYSUBMITTED,W_Assess_fraud,A_PREACCEPTED,W_Complete_preaccepted_appl,W_Complete_preaccepted_appl,W_Complete_preaccepted_appl,W_Complete_preaccepted_appl,W_Complete_preaccepted_appl,W_Complete_preaccepted_appl,W_Complete_preaccepted_appl,W_Complete_preaccepted_appl,W_Complete_preaccepted_appl,W_Complete_preaccepted_appl,W_Complete_preaccepted_appl,A_ACCEPTED,A_FINALIZED,O_SELECTED,O_CREATED,O_SENT,deviant
35,1029,A_SUBMITTED,A_PARTLYSUBMITTED,W_Assess_fraud,A_PREACCEPTED,W_Complete_preaccepted_appl,W_Complete_preaccepted_appl,W_Complete_preaccepted_appl,W_Complete_preaccepted_appl,W_Complete_preaccepted_appl,A_ACCEPTED,A_FINALIZED,O_SELECTED,O_CREATED,O_SENT,W_Call_after_offer,W_Call_after_offer,W_Call_after_offer,W_Call_after_offer,O_SENT_BACK,W_Assess_application,regular
36,103,A_SUBMITTED,A_PARTLYSUBMITTED,W_Assess_fraud,A_PREACCEPTED,W_Complete_preaccepted_appl,A_ACCEPTED,A_FINALIZED,O_SELECTED,O_CREATED,O_SENT,W_Call_after_offer,O_SELECTED,O_CREATED,O_SENT,W_Call_after_offer,O_SENT_BACK,W_Assess_application,W_Assess_application,W_Assess_application,W_Call_missing_information,regular
37,1030,A_SUBMITTED,A_PARTLYSUBMITTED,W_Assess_fraud,O_DECLINED,A_DECLINED,0,0,0,0,0,0,0,0,0,0,0,0,0,0,0,deviant
38,1031,A_SUBMITTED,A_PARTLYSUBMITTED,W_Fix_incomplete_submission,W_Fix_incomplete_submission,A_PREACCEPTED,W_Complete_preaccepted_appl,W_Complete_preaccepted_appl,A_ACCEPTED,A_FINALIZED,O_SELECTED,O_CREATED,O_SENT,W_Call_after_offer,A_DECLINED,0,0,0,0,0,0,deviant
39,1032,A_SUBMITTED,A_PARTLYSUBMITTED,W_Fix_incomplete_submission,A_PREACCEPTED,W_Complete_preaccepted_appl,W_Complete_preaccepted_appl,W_Complete_preaccepted_appl,A_ACCEPTED,A_FINALIZED,O_SELECTED,O_CREATED,O_SENT,W_Call_after_offer,A_DECLINED,0,0,0,0,0,0,deviant
40,1033,A_SUBMITTED,A_PARTLYSUBMITTED,W_Assess_fraud,A_PREACCEPTED,W_Complete_preaccepted_appl,W_Complete_preaccepted_appl,W_Complete_preaccepted_appl,A_ACCEPTED,A_FINALIZED,O_SELECTED,O_CREATED,O_SENT,O_SENT_BACK,W_Assess_application,W_Call_missing_information,W_Call_missing_information,O_ACCEPTED,A_APPROVED,A_REGISTERED,A_ACTIVATED,deviant
41,1034,A_SUBMITTED,A_PARTLYSUBMITTED,W_Assess_fraud,A_PREACCEPTED,W_Complete_preaccepted_appl,W_Complete_preaccepted_appl,A_ACCEPTED,A_FINALIZED,O_SELECTED,O_CREATED,O_SENT,O_SELECTED,O_CREATED,O_SENT,O_SELECTED,O_CREATED,O_SENT,O_SELECTED,O_CREATED,O_SENT,regular
42,1035,A_SUBMITTED,A_PARTLYSUBMITTED,W_Assess_fraud,A_PREACCEPTED,W_Complete_preaccepted_appl,W_Complete_preaccepted_appl,W_Complete_preaccepted_appl,W_Complete_preaccepted_appl,W_Complete_preaccepted_appl,W_Complete_preaccepted_appl,W_Complete_preaccepted_appl,W_Complete_preaccepted_appl,W_Complete_preaccepted_appl,W_Complete_preaccepted_appl,W_Complete_preaccepted_appl,A_ACCEPTED,A_FINALIZED,O_SELECTED,O_CREATED,O_SENT,deviant
43,1036,A_SUBMITTED,A_PARTLYSUBMITTED,W_Assess_fraud,A_PREACCEPTED,W_Complete_preaccepted_appl,W_Complete_preaccepted_appl,A_ACCEPTED,A_FINALIZED,O_SELECTED,O_CREATED,O_SENT,W_Call_after_offer,A_DECLINED,0,0,0,0,0,0,0,deviant
44,1037,A_SUBMITTED,A_PARTLYSUBMITTED,W_Assess_fraud,A_PREACCEPTED,W_Complete_preaccepted_appl,W_Complete_preaccepted_appl,A_ACCEPTED,A_FINALIZED,O_SELECTED,O_CREATED,O_SENT,W_Call_after_offer,W_Call_after_offer,W_Call_after_offer,O_SELECTED,O_CREATED,O_SENT,W_Call_after_offer,W_Call_after_offer,W_Call_after_offer,deviant
45,1038,A_SUBMITTED,A_PARTLYSUBMITTED,W_Assess_fraud,A_PREACCEPTED,W_Complete_preaccepted_appl,A_ACCEPTED,A_FINALIZED,O_SELECTED,O_CREATED,O_SENT,W_Call_after_offer,W_Call_after_offer,O_SELECTED,O_CREATED,O_SENT,W_Call_after_offer,W_Call_after_offer,O_SELECTED,O_CREATED,O_SENT,regular
46,1039,A_SUBMITTED,A_PARTLYSUBMITTED,W_Fix_incomplete_submission,A_PREACCEPTED,W_Complete_preaccepted_appl,A_ACCEPTED,A_FINALIZED,O_SELECTED,O_CREATED,O_SENT,O_SELECTED,O_CREATED,O_SENT,W_Call_after_offer,W_Call_after_offer,O_SELECTED,O_CREATED,O_SENT,W_Call_after_offer,W_Call_after_offer,deviant
47,104,A_SUBMITTED,A_PARTLYSUBMITTED,W_Assess_fraud,A_PREACCEPTED,W_Complete_preaccepted_appl,W_Complete_preaccepted_appl,A_ACCEPTED,A_FINALIZED,O_SELECTED,O_CREATED,O_SENT,W_Call_after_offer,A_DECLINED,0,0,0,0,0,0,0,deviant
48,1040,A_SUBMITTED,A_PARTLYSUBMITTED,W_Assess_fraud,A_PREACCEPTED,W_Complete_preaccepted_appl,A_ACCEPTED,A_FINALIZED,O_SELECTED,O_CREATED,O_SENT,O_SELECTED,O_CREATED,O_SENT,W_Call_after_offer,O_SENT_BACK,W_Assess_application,W_Call_missing_information,W_Call_missing_information,W_Call_missing_information,O_ACCEPTED,regular
49,1041,A_SUBMITTED,A_PARTLYSUBMITTED,W_Assess_fraud,A_PREACCEPTED,W_Complete_preaccepted_appl,W_Complete_preaccepted_appl,A_DECLINED,0,0,0,0,0,0,0,0,0,0,0,0,0,deviant
50,1042,A_SUBMITTED,A_PARTLYSUBMITTED,W_Assess_fraud,A_PREACCEPTED,W_Complete_preaccepted_appl,A_DECLINED,0,0,0,0,0,0,0,0,0,0,0,0,0,0,deviant
51,1043,A_SUBMITTED,A_PARTLYSUBMITTED,W_Fix_incomplete_submission,A_PREACCEPTED,W_Complete_preaccepted_appl,A_ACCEPTED,A_FINALIZED,O_SELECTED,O_CREATED,O_SENT,O_SELECTED,O_CREATED,O_SENT,O_SELECTED,O_CREATED,O_SENT,W_Call_after_offer,O_SELECTED,O_CREATED,O_SENT,regular
52,1044,A_SUBMITTED,A_PARTLYSUBMITTED,W_Assess_fraud,A_PREACCEPTED,W_Complete_preaccepted_appl,A_ACCEPTED,A_FINALIZED,O_SELECTED,O_CREATED,O_SENT,W_Call_after_offer,O_SENT_BACK,W_Assess_application,W_Assess_application,W_Assess_application,W_Assess_application,W_Assess_application,W_Assess_application,W_Assess_application,W_Call_missing_information,regular
53,1045,A_SUBMITTED,A_PARTLYSUBMITTED,W_Assess_fraud,A_PREACCEPTED,W_Complete_preaccepted_appl,W_Complete_preaccepted_appl,W_Complete_preaccepted_appl,A_DECLINED,0,0,0,0,0,0,0,0,0,0,0,0,deviant
54,1046,A_SUBMITTED,A_PARTLYSUBMITTED,W_Assess_fraud,A_PREACCEPTED,W_Complete_preaccepted_appl,W_Complete_preaccepted_appl,A_CANCELLED,0,0,0,0,0,0,0,0,0,0,0,0,0,deviant
55,1047,A_SUBMITTED,A_PARTLYSUBMITTED,W_Assess_fraud,O_DECLINED,A_DECLINED,0,0,0,0,0,0,0,0,0,0,0,0,0,0,0,deviant
56,1048,A_SUBMITTED,A_PARTLYSUBMITTED,W_Fix_incomplete_submission,A_PREACCEPTED,W_Complete_preaccepted_appl,A_ACCEPTED,A_FINALIZED,O_SELECTED,O_CREATED,O_SENT,O_SELECTED,O_CREATED,O_SENT,W_Call_after_offer,W_Call_after_offer,O_SELECTED,O_CREATED,O_SENT,O_SELECTED,O_CREATED,deviant
57,1049,A_SUBMITTED,A_PARTLYSUBMITTED,W_Fix_incomplete_submission,A_PREACCEPTED,W_Complete_preaccepted_appl,W_Complete_preaccepted_appl,A_DECLINED,0,0,0,0,0,0,0,0,0,0,0,0,0,deviant
58,105,A_SUBMITTED,A_PARTLYSUBMITTED,W_Assess_fraud,A_PREACCEPTED,W_Complete_preaccepted_appl,A_DECLINED,0,0,0,0,0,0,0,0,0,0,0,0,0,0,deviant
59,1050,A_SUBMITTED,A_PARTLYSUBMITTED,W_Fix_incomplete_submission,A_PREACCEPTED,W_Complete_preaccepted_appl,W_Complete_preaccepted_appl,W_Complete_preaccepted_appl,W_Complete_preaccepted_appl,W_Complete_preaccepted_appl,A_ACCEPTED,A_FINALIZED,O_SELECTED,O_CREATED,O_SENT,O_SELECTED,O_CREATED,O_SENT,W_Call_after_offer,W_Call_after_offer,O_SELECTED,regular
60,1051,A_SUBMITTED,A_PARTLYSUBMITTED,W_Assess_fraud,A_PREACCEPTED,W_Complete_preaccepted_appl,W_Complete_preaccepted_appl,W_Complete_preaccepted_appl,A_DECLINED,0,0,0,0,0,0,0,0,0,0,0,0,deviant
61,1052,A_SUBMITTED,A_PARTLYSUBMITTED,W_Assess_fraud,A_PREACCEPTED,W_Complete_preaccepted_appl,W_Complete_preaccepted_appl,W_Complete_preaccepted_appl,A_ACCEPTED,A_FINALIZED,O_SELECTED,O_CREATED,O_SENT,W_Call_after_offer,W_Call_after_offer,W_Call_after_offer,W_Call_after_offer,O_SENT_BACK,W_Assess_application,W_Assess_application,W_Assess_application,deviant
62,1053,A_SUBMITTED,A_PARTLYSUBMITTED,W_Assess_fraud,A_PREACCEPTED,W_Complete_preaccepted_appl,W_Complete_preaccepted_appl,W_Complete_preaccepted_appl,W_Complete_preaccepted_appl,W_Complete_preaccepted_appl,A_ACCEPTED,A_FINALIZED,O_SELECTED,O_CREATED,O_SENT,W_Call_after_offer,O_SENT_BACK,W_Assess_application,W_Assess_application,W_Assess_application,W_Assess_application,regular
63,1054,A_SUBMITTED,A_PARTLYSUBMITTED,W_Assess_fraud,A_PREACCEPTED,W_Complete_preaccepted_appl,W_Complete_preaccepted_appl,W_Complete_preaccepted_appl,A_DECLINED,0,0,0,0,0,0,0,0,0,0,0,0,deviant
64,1055,A_SUBMITTED,A_PARTLYSUBMITTED,W_Assess_fraud,O_DECLINED,A_DECLINED,0,0,0,0,0,0,0,0,0,0,0,0,0,0,0,deviant
65,1056,A_SUBMITTED,A_PARTLYSUBMITTED,W_Assess_fraud,A_PREACCEPTED,W_Complete_preaccepted_appl,W_Complete_preaccepted_appl,W_Complete_preaccepted_appl,W_Complete_preaccepted_appl,W_Complete_preaccepted_appl,W_Complete_preaccepted_appl,W_Complete_preaccepted_appl,A_ACCEPTED,A_FINALIZED,O_SELECTED,O_CREATED,O_SENT,W_Call_after_offer,W_Call_after_offer,W_Call_after_offer,W_Call_after_offer,regular
66,1057,A_SUBMITTED,A_PARTLYSUBMITTED,W_Assess_fraud,A_PREACCEPTED,W_Complete_preaccepted_appl,W_Complete_preaccepted_appl,W_Complete_preaccepted_appl,W_Complete_preaccepted_appl,W_Complete_preaccepted_appl,W_Complete_preaccepted_appl,W_Complete_preaccepted_appl,A_ACCEPTED,A_FINALIZED,O_SELECTED,O_CREATED,O_SENT,W_Call_after_offer,W_Call_after_offer,W_Call_after_offer,W_Call_after_offer,deviant
67,1058,A_SUBMITTED,A_PARTLYSUBMITTED,W_Assess_fraud,A_PREACCEPTED,W_Complete_preaccepted_appl,W_Complete_preaccepted_appl,W_Complete_preaccepted_appl,A_ACCEPTED,A_FINALIZED,O_SELECTED,O_CREATED,O_SENT,W_Call_after_offer,A_DECLINED,0,0,0,0,0,0,deviant
68,1059,A_SUBMITTED,A_PARTLYSUBMITTED,W_Fix_incomplete_submission,A_PREACCEPTED,W_Complete_preaccepted_appl,W_Complete_preaccepted_appl,W_Complete_preaccepted_appl,W_Complete_preaccepted_appl,A_ACCEPTED,A_FINALIZED,O_SELECTED,O_CREATED,O_SENT,W_Call_after_offer,W_Call_after_offer,W_Call_after_offer,A_DECLINED,0,0,0,deviant
69,106,A_SUBMITTED,A_PARTLYSUBMITTED,W_Fix_incomplete_submission,A_PREACCEPTED,W_Complete_preaccepted_appl,W_Complete_preaccepted_appl,W_Complete_preaccepted_appl,W_Complete_preaccepted_appl,A_ACCEPTED,A_FINALIZED,O_SELECTED,O_CREATED,O_SENT,W_Call_after_offer,W_Call_after_offer,W_Call_after_offer,W_Call_after_offer,A_DECLINED,0,0,deviant
70,1060,A_SUBMITTED,A_PARTLYSUBMITTED,W_Fix_incomplete_submission,A_PREACCEPTED,W_Complete_preaccepted_appl,W_Complete_preaccepted_appl,A_DECLINED,0,0,0,0,0,0,0,0,0,0,0,0,0,deviant
71,1061,A_SUBMITTED,A_PARTLYSUBMITTED,W_Assess_fraud,O_DECLINED,A_DECLINED,0,0,0,0,0,0,0,0,0,0,0,0,0,0,0,deviant
72,1062,A_SUBMITTED,A_PARTLYSUBMITTED,W_Assess_fraud,A_PREACCEPTED,W_Complete_preaccepted_appl,W_Complete_preaccepted_appl,A_CANCELLED,0,0,0,0,0,0,0,0,0,0,0,0,0,deviant
73,1063,A_SUBMITTED,A_PARTLYSUBMITTED,W_Assess_fraud,A_PREACCEPTED,W_Complete_preaccepted_appl,W_Complete_preaccepted_appl,A_ACCEPTED,A_FINALIZED,O_SELECTED,O_CREATED,O_SENT,W_Call_after_offer,O_SENT_BACK,W_Assess_application,W_Assess_application,W_Assess_application,W_Assess_application,W_Assess_application,W_Call_missing_information,W_Call_missing_information,regular
74,1064,A_SUBMITTED,A_PARTLYSUBMITTED,A_PREACCEPTED,W_Complete_preaccepted_appl,W_Complete_preaccepted_appl,W_Complete_preaccepted_appl,A_ACCEPTED,A_FINALIZED,O_SELECTED,O_CREATED,O_SENT,O_SELECTED,O_CREATED,O_SENT,W_Call_after_offer,W_Call_after_offer,O_SENT_BACK,W_Assess_application,W_Call_missing_information,W_Call_missing_information,regular
75,1065,A_SUBMITTED,A_PARTLYSUBMITTED,W_Assess_fraud,A_PREACCEPTED,W_Complete_preaccepted_appl,W_Complete_preaccepted_appl,W_Complete_preaccepted_appl,W_Complete_preaccepted_appl,W_Complete_preaccepted_appl,W_Complete_preaccepted_appl,W_Complete_preaccepted_appl,W_Complete_preaccepted_appl,A_CANCELLED,0,0,0,0,0,0,0,deviant
76,1066,A_SUBMITTED,A_PARTLYSUBMITTED,O_DECLINED,A_DECLINED,0,0,0,0,0,0,0,0,0,0,0,0,0,0,0,0,deviant
77,1067,A_SUBMITTED,A_PARTLYSUBMITTED,W_Fix_incomplete_submission,O_DECLINED,A_DECLINED,0,0,0,0,0,0,0,0,0,0,0,0,0,0,0,deviant
78,1068,A_SUBMITTED,A_PARTLYSUBMITTED,W_Assess_fraud,A_PREACCEPTED,W_Complete_preaccepted_appl,W_Complete_preaccepted_appl,W_Complete_preaccepted_appl,W_Complete_preaccepted_appl,W_Complete_preaccepted_appl,W_Complete_preaccepted_appl,W_Complete_preaccepted_appl,A_ACCEPTED,A_FINALIZED,O_SELECTED,O_CREATED,O_SENT,O_SELECTED,O_CREATED,O_SENT,W_Call_after_offer,deviant
79,1069,A_SUBMITTED,A_PARTLYSUBMITTED,W_Assess_fraud,A_PREACCEPTED,W_Complete_preaccepted_appl,A_ACCEPTED,A_FINALIZED,O_SELECTED,O_CREATED,O_SENT,W_Call_after_offer,W_Call_after_offer,O_SELECTED,O_CREATED,O_SENT,W_Call_after_offer,W_Call_after_offer,W_Call_after_offer,W_Call_after_offer,W_Call_after_offer,deviant
80,107,A_SUBMITTED,A_PARTLYSUBMITTED,W_Fix_incomplete_submission,A_PREACCEPTED,W_Complete_preaccepted_appl,W_Complete_preaccepted_appl,W_Complete_preaccepted_appl,W_Complete_preaccepted_appl,W_Complete_preaccepted_appl,A_ACCEPTED,A_FINALIZED,O_SELECTED,O_CREATED,O_SENT,W_Call_after_offer,O_SENT_BACK,W_Assess_application,W_Assess_application,W_Assess_application,W_Call_missing_information,regular
81,1070,A_SUBMITTED,A_PARTLYSUBMITTED,W_Assess_fraud,A_CANCELLED,0,0,0,0,0,0,0,0,0,0,0,0,0,0,0,0,deviant
82,1071,A_SUBMITTED,A_PARTLYSUBMITTED,W_Assess_fraud,A_PREACCEPTED,W_Complete_preaccepted_appl,W_Complete_preaccepted_appl,A_CANCELLED,0,0,0,0,0,0,0,0,0,0,0,0,0,deviant
83,1072,A_SUBMITTED,A_PARTLYSUBMITTED,W_Assess_fraud,A_PREACCEPTED,W_Complete_preaccepted_appl,A_ACCEPTED,A_FINALIZED,O_SELECTED,O_CREATED,O_SENT,W_Call_after_offer,W_Call_after_offer,W_Call_after_offer,O_SELECTED,O_CREATED,O_SENT,W_Call_after_offer,W_Call_after_offer,W_Call_after_offer,A_DECLINED,deviant
84,1073,A_SUBMITTED,A_PARTLYSUBMITTED,W_Assess_fraud,A_PREACCEPTED,W_Complete_preaccepted_appl,W_Complete_preaccepted_appl,W_Complete_preaccepted_appl,W_Complete_preaccepted_appl,W_Complete_preaccepted_appl,W_Complete_preaccepted_appl,W_Complete_preaccepted_appl,W_Complete_preaccepted_appl,W_Complete_preaccepted_appl,W_Complete_preaccepted_appl,W_Complete_preaccepted_appl,W_Complete_preaccepted_appl,A_ACCEPTED,A_FINALIZED,O_SELECTED,O_CREATED,deviant
85,1074,A_SUBMITTED,A_PARTLYSUBMITTED,W_Fix_incomplete_submission,A_PREACCEPTED,W_Complete_preaccepted_appl,W_Complete_preaccepted_appl,W_Complete_preaccepted_appl,W_Complete_preaccepted_appl,W_Complete_preaccepted_appl,A_ACCEPTED,A_FINALIZED,O_SELECTED,O_CREATED,O_SENT,W_Call_after_offer,W_Call_after_offer,W_Call_after_offer,W_Call_after_offer,O_SELECTED,O_CREATED,deviant
86,1075,A_SUBMITTED,A_PARTLYSUBMITTED,W_Assess_fraud,A_PREACCEPTED,W_Complete_preaccepted_appl,W_Complete_preaccepted_appl,W_Complete_preaccepted_appl,A_CANCELLED,0,0,0,0,0,0,0,0,0,0,0,0,deviant
87,1076,A_SUBMITTED,A_PARTLYSUBMITTED,W_Fix_incomplete_submission,A_CANCELLED,0,0,0,0,0,0,0,0,0,0,0,0,0,0,0,0,deviant
88,1077,A_SUBMITTED,A_PARTLYSUBMITTED,W_Fix_incomplete_submission,A_PREACCEPTED,W_Complete_preaccepted_appl,W_Complete_preaccepted_appl,A_DECLINED,0,0,0,0,0,0,0,0,0,0,0,0,0,deviant
89,1078,A_SUBMITTED,A_PARTLYSUBMITTED,W_Assess_fraud,A_PREACCEPTED,W_Complete_preaccepted_appl,W_Complete_preaccepted_appl,W_Complete_preaccepted_appl,W_Complete_preaccepted_appl,W_Complete_preaccepted_appl,A_ACCEPTED,A_FINALIZED,O_SELECTED,O_CREATED,O_SENT,W_Call_after_offer,W_Call_after_offer,O_SENT_BACK,W_Assess_application,O_SELECTED,O_CREATED,regular
90,1079,A_SUBMITTED,A_PARTLYSUBMITTED,W_Fix_incomplete_submission,A_PREACCEPTED,W_Complete_preaccepted_appl,W_Complete_preaccepted_appl,A_ACCEPTED,A_FINALIZED,O_SELECTED,O_CREATED,O_SENT,W_Call_after_offer,W_Call_after_offer,W_Call_after_offer,O_SENT_BACK,W_Assess_application,W_Assess_application,W_Assess_application,W_Assess_application,W_Call_missing_information,regular
91,108,A_SUBMITTED,A_PARTLYSUBMITTED,W_Fix_incomplete_submission,A_PREACCEPTED,W_Complete_preaccepted_appl,W_Complete_preaccepted_appl,W_Complete_preaccepted_appl,A_DECLINED,0,0,0,0,0,0,0,0,0,0,0,0,deviant
92,1080,A_SUBMITTED,A_PARTLYSUBMITTED,A_PREACCEPTED,W_Complete_preaccepted_appl,W_Complete_preaccepted_appl,W_Complete_preaccepted_appl,W_Complete_preaccepted_appl,W_Complete_preaccepted_appl,W_Complete_preaccepted_appl,A_ACCEPTED,A_FINALIZED,O_SELECTED,O_CREATED,O_SENT,O_SENT_BACK,W_Assess_application,W_Call_missing_information,O_SELECTED,O_CREATED,O_SENT,regular
93,1081,A_SUBMITTED,A_PARTLYSUBMITTED,W_Fix_incomplete_submission,A_PREACCEPTED,W_Complete_preaccepted_appl,A_ACCEPTED,A_FINALIZED,O_SELECTED,O_CREATED,O_SENT,W_Call_after_offer,W_Call_after_offer,W_Call_after_offer,W_Call_after_offer,W_Call_after_offer,W_Call_after_offer,O_SENT_BACK,W_Assess_application,W_Assess_application,W_Assess_application,regular
94,1082,A_SUBMITTED,A_PARTLYSUBMITTED,W_Fix_incomplete_submission,W_Fix_incomplete_submission,A_PREACCEPTED,W_Complete_preaccepted_appl,W_Complete_preaccepted_appl,W_Complete_preaccepted_appl,W_Complete_preaccepted_appl,A_ACCEPTED,A_FINALIZED,O_SELECTED,O_CREATED,O_SENT,W_Call_after_offer,O_SENT_BACK,W_Assess_application,W_Assess_application,W_Assess_application,O_ACCEPTED,deviant
95,1083,A_SUBMITTED,A_PARTLYSUBMITTED,W_Fix_incomplete_submission,A_PREACCEPTED,W_Complete_preaccepted_appl,W_Complete_preaccepted_appl,W_Complete_preaccepted_appl,W_Complete_preaccepted_appl,W_Complete_preaccepted_appl,W_Complete_preaccepted_appl,W_Complete_preaccepted_appl,W_Complete_preaccepted_appl,A_ACCEPTED,A_FINALIZED,O_SELECTED,O_CREATED,O_SENT,W_Call_after_offer,O_SENT_BACK,W_Assess_application,regular
96,1084,A_SUBMITTED,A_PARTLYSUBMITTED,W_Assess_fraud,A_PREACCEPTED,W_Complete_preaccepted_appl,A_ACCEPTED,A_FINALIZED,O_SELECTED,O_CREATED,O_SENT,O_SELECTED,O_CREATED,O_SENT,O_SELECTED,O_CREATED,O_SENT,W_Call_after_offer,O_SENT_BACK,W_Assess_application,W_Assess_application,regular
97,1085,A_SUBMITTED,A_PARTLYSUBMITTED,W_Fix_incomplete_submission,A_CANCELLED,0,0,0,0,0,0,0,0,0,0,0,0,0,0,0,0,deviant
98,1086,A_SUBMITTED,A_PARTLYSUBMITTED,W_Assess_fraud,A_PREACCEPTED,W_Complete_preaccepted_appl,W_Complete_preaccepted_appl,A_ACCEPTED,A_FINALIZED,O_SELECTED,O_CREATED,O_SENT,O_SELECTED,O_CREATED,O_SENT,W_Call_after_offer,O_SENT_BACK,W_Assess_application,W_Call_missing_information,W_Call_missing_information,W_Call_missing_information,regular
99,1087,A_SUBMITTED,A_PARTLYSUBMITTED,W_Fix_incomplete_submission,A_CANCELLED,0,0,0,0,0,0,0,0,0,0,0,0,0,0,0,0,deviant
100,1088,A_SUBMITTED,A_PARTLYSUBMITTED,W_Fix_incomplete_submission,A_PREACCEPTED,W_Complete_preaccepted_appl,W_Complete_preaccepted_appl,A_ACCEPTED,A_FINALIZED,O_SELECTED,O_CREATED,O_SENT,W_Call_after_offer,O_SELECTED,O_CREATED,O_SENT,O_SELECTED,O_CREATED,O_SENT,W_Call_after_offer,O_SENT_BACK,regular
101,1089,A_SUBMITTED,A_PARTLYSUBMITTED,W_Assess_fraud,A_PREACCEPTED,W_Complete_preaccepted_appl,A_ACCEPTED,A_FINALIZED,O_SELECTED,O_CREATED,O_SENT,O_SENT_BACK,W_Assess_application,W_Call_missing_information,W_Call_missing_information,W_Call_missing_information,W_Call_missing_information,W_Call_missing_information,W_Call_missing_information,W_Call_missing_information,W_Call_missing_information,deviant
102,109,A_SUBMITTED,A_PARTLYSUBMITTED,W_Assess_fraud,A_CANCELLED,0,0,0,0,0,0,0,0,0,0,0,0,0,0,0,0,deviant
103,1090,A_SUBMITTED,A_PARTLYSUBMITTED,W_Assess_fraud,O_DECLINED,A_DECLINED,0,0,0,0,0,0,0,0,0,0,0,0,0,0,0,deviant
104,1091,A_SUBMITTED,A_PARTLYSUBMITTED,W_Assess_fraud,A_PREACCEPTED,W_Complete_preaccepted_appl,A_ACCEPTED,A_FINALIZED,O_SELECTED,O_CREATED,O_SENT,W_Call_after_offer,W_Call_after_offer,W_Call_after_offer,W_Call_after_offer,A_DECLINED,0,0,0,0,0,deviant
105,1092,A_SUBMITTED,A_PARTLYSUBMITTED,W_Assess_fraud,A_PREACCEPTED,W_Complete_preaccepted_appl,A_ACCEPTED,A_FINALIZED,O_SELECTED,O_CREATED,O_SENT,W_Call_after_offer,A_DECLINED,0,0,0,0,0,0,0,0,deviant
106,1093,A_SUBMITTED,A_PARTLYSUBMITTED,W_Fix_incomplete_submission,A_PREACCEPTED,W_Complete_preaccepted_appl,W_Complete_preaccepted_appl,W_Complete_preaccepted_appl,W_Complete_preaccepted_appl,W_Complete_preaccepted_appl,A_ACCEPTED,A_FINALIZED,O_SELECTED,O_CREATED,O_SENT,W_Call_after_offer,A_DECLINED,0,0,0,0,deviant
107,1094,A_SUBMITTED,A_PARTLYSUBMITTED,W_Assess_fraud,O_DECLINED,A_DECLINED,0,0,0,0,0,0,0,0,0,0,0,0,0,0,0,deviant
108,1095,A_SUBMITTED,A_PARTLYSUBMITTED,W_Assess_fraud,A_PREACCEPTED,W_Complete_preaccepted_appl,A_ACCEPTED,A_FINALIZED,O_SELECTED,O_CREATED,O_SENT,W_Call_after_offer,O_SELECTED,O_CREATED,O_SENT,W_Call_after_offer,W_Call_after_offer,A_DECLINED,0,0,0,deviant
109,1096,A_SUBMITTED,A_PARTLYSUBMITTED,W_Fix_incomplete_submission,A_PREACCEPTED,W_Complete_preaccepted_appl,W_Complete_preaccepted_appl,W_Complete_preaccepted_appl,W_Complete_preaccepted_appl,W_Complete_preaccepted_appl,W_Complete_preaccepted_appl,A_ACCEPTED,A_FINALIZED,O_SELECTED,O_CREATED,O_SENT,O_SELECTED,O_CREATED,O_SENT,W_Call_after_offer,A_DECLINED,deviant
110,1097,A_SUBMITTED,A_PARTLYSUBMITTED,W_Assess_fraud,A_PREACCEPTED,W_Complete_preaccepted_appl,W_Complete_preaccepted_appl,W_Complete_preaccepted_appl,A_ACCEPTED,A_FINALIZED,O_SELECTED,O_CREATED,O_SENT,W_Call_after_offer,W_Call_after_offer,O_SELECTED,O_CREATED,O_SENT,W_Call_after_offer,A_DECLINED,0,deviant
111,1098,A_SUBMITTED,A_PARTLYSUBMITTED,W_Assess_fraud,A_PREACCEPTED,W_Complete_preaccepted_appl,W_Complete_preaccepted_appl,W_Complete_preaccepted_appl,W_Complete_preaccepted_appl,A_ACCEPTED,A_FINALIZED,O_SELECTED,O_CREATED,O_SENT,W_Call_after_offer,W_Call_after_offer,W_Call_after_offer,W_Call_after_offer,A_DECLINED,0,0,deviant
112,1099,A_SUBMITTED,A_PARTLYSUBMITTED,W_Assess_fraud,A_PREACCEPTED,W_Complete_preaccepted_appl,W_Complete_preaccepted_appl,A_ACCEPTED,A_FINALIZED,O_SELECTED,O_CREATED,O_SENT,O_SELECTED,O_CREATED,O_SENT,W_Call_after_offer,O_SENT_BACK,W_Assess_application,W_Assess_application,W_Assess_application,W_Call_missing_information,regular
113,11,A_SUBMITTED,A_PARTLYSUBMITTED,W_Fix_incomplete_submission,A_PREACCEPTED,W_Complete_preaccepted_appl,W_Complete_preaccepted_appl,W_Complete_preaccepted_appl,W_Complete_preaccepted_appl,W_Complete_preaccepted_appl,W_Complete_preaccepted_appl,A_ACCEPTED,A_FINALIZED,O_SELECTED,O_CREATED,O_SENT,W_Call_after_offer,W_Call_after_offer,W_Call_after_offer,W_Call_after_offer,W_Call_after_offer,deviant
114,110,A_SUBMITTED,A_PARTLYSUBMITTED,W_Assess_fraud,A_PREACCEPTED,W_Complete_preaccepted_appl,W_Complete_preaccepted_appl,W_Complete_preaccepted_appl,W_Complete_preaccepted_appl,W_Complete_preaccepted_appl,W_Complete_preaccepted_appl,W_Complete_preaccepted_appl,W_Complete_preaccepted_appl,W_Complete_preaccepted_appl,W_Complete_preaccepted_appl,W_Complete_preaccepted_appl,W_Complete_preaccepted_appl,W_Complete_preaccepted_appl,A_ACCEPTED,A_FINALIZED,O_SELECTED,regular
115,1100,A_SUBMITTED,A_PARTLYSUBMITTED,W_Assess_fraud,A_PREACCEPTED,W_Complete_preaccepted_appl,W_Complete_preaccepted_appl,W_Complete_preaccepted_appl,W_Complete_preaccepted_appl,W_Complete_preaccepted_appl,W_Complete_preaccepted_appl,A_ACCEPTED,A_FINALIZED,O_SELECTED,O_CREATED,O_SENT,O_SELECTED,O_CREATED,O_SENT,W_Call_after_offer,W_Call_after_offer,deviant
116,1101,A_SUBMITTED,A_PARTLYSUBMITTED,W_Fix_incomplete_submission,A_PREACCEPTED,W_Complete_preaccepted_appl,A_ACCEPTED,A_FINALIZED,O_SELECTED,O_CREATED,O_SENT,W_Call_after_offer,O_SENT_BACK,W_Assess_application,W_Assess_application,W_Call_missing_information,O_CANCELLED,O_SELECTED,O_CREATED,O_SENT,W_Call_after_offer,regular
117,1102,A_SUBMITTED,A_PARTLYSUBMITTED,W_Assess_fraud,A_PREACCEPTED,W_Complete_preaccepted_appl,W_Complete_preaccepted_appl,W_Complete_preaccepted_appl,A_DECLINED,0,0,0,0,0,0,0,0,0,0,0,0,deviant
118,1103,A_SUBMITTED,A_PARTLYSUBMITTED,W_Assess_fraud,A_PREACCEPTED,W_Complete_preaccepted_appl,W_Complete_preaccepted_appl,W_Complete_preaccepted_appl,W_Complete_preaccepted_appl,W_Complete_preaccepted_appl,W_Complete_preaccepted_appl,W_Complete_preaccepted_appl,W_Complete_preaccepted_appl,A_ACCEPTED,A_FINALIZED,O_SELECTED,O_CREATED,O_SENT,O_SELECTED,O_CREATED,O_SENT,regular
119,1104,A_SUBMITTED,A_PARTLYSUBMITTED,W_Fix_incomplete_submission,A_PREACCEPTED,W_Complete_preaccepted_appl,W_Complete_preaccepted_appl,W_Complete_preaccepted_appl,W_Complete_preaccepted_appl,W_Complete_preaccepted_appl,W_Complete_preaccepted_appl,W_Complete_preaccepted_appl,W_Complete_preaccepted_appl,W_Complete_preaccepted_appl,A_ACCEPTED,A_FINALIZED,O_SELECTED,O_CREATED,O_SENT,W_Call_after_offer,W_Call_after_offer,deviant
120,1105,A_SUBMITTED,A_PARTLYSUBMITTED,W_Fix_incomplete_submission,W_Fix_incomplete_submission,A_PREACCEPTED,W_Complete_preaccepted_appl,W_Complete_preaccepted_appl,W_Complete_preaccepted_appl,W_Complete_preaccepted_appl,W_Complete_preaccepted_appl,A_ACCEPTED,A_FINALIZED,O_SELECTED,O_CREATED,O_SENT,W_Call_after_offer,O_SELECTED,O_CREATED,O_SENT,W_Call_after_offer,deviant
121,1106,A_SUBMITTED,A_PARTLYSUBMITTED,W_Assess_fraud,A_PREACCEPTED,W_Complete_preaccepted_appl,A_ACCEPTED,A_FINALIZED,O_SELECTED,O_CREATED,O_SENT,O_SELECTED,O_CREATED,O_SENT,W_Call_after_offer,W_Call_after_offer,W_Call_after_offer,O_SENT_BACK,W_Assess_application,W_Call_missing_information,W_Call_missing_information,regular
122,1107,A_SUBMITTED,A_PARTLYSUBMITTED,W_Assess_fraud,A_PREACCEPTED,W_Complete_preaccepted_appl,A_DECLINED,0,0,0,0,0,0,0,0,0,0,0,0,0,0,deviant
123,1108,A_SUBMITTED,A_PARTLYSUBMITTED,W_Assess_fraud,A_PREACCEPTED,W_Complete_preaccepted_appl,W_Complete_preaccepted_appl,A_DECLINED,0,0,0,0,0,0,0,0,0,0,0,0,0,deviant
124,1109,A_SUBMITTED,A_PARTLYSUBMITTED,W_Fix_incomplete_submission,A_PREACCEPTED,W_Complete_preaccepted_appl,W_Complete_preaccepted_appl,W_Complete_preaccepted_appl,W_Complete_preaccepted_appl,A_CANCELLED,0,0,0,0,0,0,0,0,0,0,0,deviant
125,111,A_SUBMITTED,A_PARTLYSUBMITTED,W_Fix_incomplete_submission,O_DECLINED,A_DECLINED,0,0,0,0,0,0,0,0,0,0,0,0,0,0,0,deviant
126,1110,A_SUBMITTED,A_PARTLYSUBMITTED,W_Assess_fraud,A_PREACCEPTED,W_Complete_preaccepted_appl,W_Complete_preaccepted_appl,A_DECLINED,0,0,0,0,0,0,0,0,0,0,0,0,0,deviant
127,1111,A_SUBMITTED,A_PARTLYSUBMITTED,W_Assess_fraud,A_PREACCEPTED,W_Complete_preaccepted_appl,W_Complete_preaccepted_appl,W_Complete_preaccepted_appl,W_Complete_preaccepted_appl,W_Complete_preaccepted_appl,W_Complete_preaccepted_appl,W_Complete_preaccepted_appl,W_Complete_preaccepted_appl,W_Complete_preaccepted_appl,W_Complete_preaccepted_appl,W_Complete_preaccepted_appl,A_ACCEPTED,A_FINALIZED,O_SELECTED,O_CREATED,O_SENT,deviant
128,1112,A_SUBMITTED,A_PARTLYSUBMITTED,W_Fix_incomplete_submission,A_PREACCEPTED,W_Complete_preaccepted_appl,W_Complete_preaccepted_appl,W_Complete_preaccepted_appl,W_Complete_preaccepted_appl,W_Complete_preaccepted_appl,W_Complete_preaccepted_appl,A_ACCEPTED,A_FINALIZED,O_SELECTED,O_CREATED,O_SENT,W_Call_after_offer,W_Call_after_offer,W_Call_after_offer,W_Call_after_offer,W_Call_after_offer,regular
129,1113,A_SUBMITTED,A_PARTLYSUBMITTED,W_Assess_fraud,A_PREACCEPTED,W_Complete_preaccepted_appl,W_Complete_preaccepted_appl,A_ACCEPTED,A_FINALIZED,O_SELECTED,O_CREATED,O_SENT,W_Call_after_offer,W_Call_after_offer,O_SENT_BACK,W_Assess_application,W_Call_missing_information,W_Call_missing_information,W_Call_missing_information,W_Call_missing_information,W_Call_missing_information,regular
130,1114,A_SUBMITTED,A_PARTLYSUBMITTED,W_Assess_fraud,A_PREACCEPTED,W_Complete_preaccepted_appl,W_Complete_preaccepted_appl,W_Complete_preaccepted_appl,A_ACCEPTED,A_FINALIZED,O_SELECTED,O_CREATED,O_SENT,O_SELECTED,O_CREATED,O_SENT,W_Call_after_offer,W_Call_after_offer,O_SELECTED,O_CREATED,O_SENT,deviant
131,1115,A_SUBMITTED,A_PARTLYSUBMITTED,W_Assess_fraud,A_PREACCEPTED,W_Complete_preaccepted_appl,A_ACCEPTED,A_FINALIZED,O_SELECTED,O_CREATED,O_SENT,W_Call_after_offer,A_DECLINED,0,0,0,0,0,0,0,0,deviant
132,1116,A_SUBMITTED,A_PARTLYSUBMITTED,W_Assess_fraud,A_PREACCEPTED,W_Complete_preaccepted_appl,W_Complete_preaccepted_appl,W_Complete_preaccepted_appl,W_Complete_preaccepted_appl,A_DECLINED,0,0,0,0,0,0,0,0,0,0,0,deviant
133,1117,A_SUBMITTED,A_PARTLYSUBMITTED,W_Fix_incomplete_submission,A_PREACCEPTED,W_Complete_preaccepted_appl,W_Complete_preaccepted_appl,W_Complete_preaccepted_appl,W_Complete_preaccepted_appl,W_Complete_preaccepted_appl,A_ACCEPTED,A_FINALIZED,O_SELECTED,O_CREATED,O_SENT,O_SELECTED,O_CREATED,O_SENT,W_Call_after_offer,A_DECLINED,0,deviant
134,1118,A_SUBMITTED,A_PARTLYSUBMITTED,W_Assess_fraud,A_PREACCEPTED,W_Complete_preaccepted_appl,W_Complete_preaccepted_appl,W_Complete_preaccepted_appl,W_Complete_preaccepted_appl,W_Complete_preaccepted_appl,W_Complete_preaccepted_appl,W_Complete_preaccepted_appl,W_Complete_preaccepted_appl,A_ACCEPTED,A_FINALIZED,O_SELECTED,O_CREATED,O_SENT,W_Call_after_offer,W_Call_after_offer,W_Call_after_offer,deviant
135,1119,A_SUBMITTED,A_PARTLYSUBMITTED,W_Assess_fraud,A_PREACCEPTED,W_Complete_preaccepted_appl,A_CANCELLED,0,0,0,0,0,0,0,0,0,0,0,0,0,0,deviant
136,112,A_SUBMITTED,A_PARTLYSUBMITTED,W_Assess_fraud,A_PREACCEPTED,W_Complete_preaccepted_appl,W_Complete_preaccepted_appl,W_Complete_preaccepted_appl,W_Complete_preaccepted_appl,A_ACCEPTED,A_FINALIZED,O_SELECTED,O_CREATED,O_SENT,W_Call_after_offer,O_SENT_BACK,W_Assess_application,W_Assess_application,W_Call_missing_information,W_Call_missing_information,W_Call_missing_information,regular
137,1120,A_SUBMITTED,A_PARTLYSUBMITTED,W_Fix_incomplete_submission,W_Fix_incomplete_submission,W_Fix_incomplete_submission,W_Fix_incomplete_submission,A_PREACCEPTED,W_Complete_preaccepted_appl,A_CANCELLED,0,0,0,0,0,0,0,0,0,0,0,deviant
138,1121,A_SUBMITTED,A_PARTLYSUBMITTED,W_Assess_fraud,A_PREACCEPTED,W_Complete_preaccepted_appl,W_Complete_preaccepted_appl,W_Complete_preaccepted_appl,A_ACCEPTED,A_FINALIZED,O_SELECTED,O_CREATED,O_SENT,O_SELECTED,O_CREATED,O_SENT,W_Call_after_offer,W_Call_after_offer,W_Call_after_offer,W_Call_after_offer,A_DECLINED,deviant
139,1122,A_SUBMITTED,A_PARTLYSUBMITTED,W_Assess_fraud,A_PREACCEPTED,W_Complete_preaccepted_appl,A_DECLINED,0,0,0,0,0,0,0,0,0,0,0,0,0,0,deviant
140,1123,A_SUBMITTED,A_PARTLYSUBMITTED,W_Fix_incomplete_submission,A_PREACCEPTED,W_Complete_preaccepted_appl,W_Complete_preaccepted_appl,A_ACCEPTED,A_FINALIZED,O_SELECTED,O_CREATED,O_SENT,W_Call_after_offer,O_SENT_BACK,W_Assess_application,O_ACCEPTED,A_APPROVED,A_REGISTERED,A_ACTIVATED,0,0,deviant
141,1124,A_SUBMITTED,A_PARTLYSUBMITTED,W_Fix_incomplete_submission,A_PREACCEPTED,W_Complete_preaccepted_appl,A_DECLINED,0,0,0,0,0,0,0,0,0,0,0,0,0,0,deviant
142,1125,A_SUBMITTED,A_PARTLYSUBMITTED,W_Assess_fraud,A_PREACCEPTED,W_Complete_preaccepted_appl,A_ACCEPTED,A_FINALIZED,O_SELECTED,O_CREATED,O_SENT,W_Call_after_offer,O_SENT_BACK,W_Assess_application,W_Assess_application,O_SELECTED,O_CREATED,O_SENT,W_Call_after_offer,O_SENT_BACK,W_Assess_application,regular
143,1126,A_SUBMITTED,A_PARTLYSUBMITTED,W_Assess_fraud,A_PREACCEPTED,W_Complete_preaccepted_appl,W_Complete_preaccepted_appl,A_ACCEPTED,A_FINALIZED,O_SELECTED,O_CREATED,O_SENT,W_Call_after_offer,O_SENT_BACK,W_Assess_application,0,0,0,0,0,0,deviant
144,1127,A_SUBMITTED,A_PARTLYSUBMITTED,W_Assess_fraud,A_PREACCEPTED,W_Complete_preaccepted_appl,A_ACCEPTED,A_FINALIZED,O_SELECTED,O_CREATED,O_SENT,W_Call_after_offer,W_Call_after_offer,O_SENT_BACK,W_Assess_application,W_Call_missing_information,W_Call_missing_information,W_Call_missing_information,W_Call_missing_information,W_Call_missing_information,W_Call_missing_information,regular
145,1128,A_SUBMITTED,A_PARTLYSUBMITTED,W_Assess_fraud,A_PREACCEPTED,W_Complete_preaccepted_appl,A_CANCELLED,0,0,0,0,0,0,0,0,0,0,0,0,0,0,deviant
146,1129,A_SUBMITTED,A_PARTLYSUBMITTED,W_Fix_incomplete_submission,A_PREACCEPTED,W_Complete_preaccepted_appl,W_Complete_preaccepted_appl,W_Complete_preaccepted_appl,A_ACCEPTED,A_FINALIZED,O_SELECTED,O_CREATED,O_SENT,W_Call_after_offer,W_Call_after_offer,O_SENT_BACK,W_Assess_application,W_Call_missing_information,O_ACCEPTED,A_APPROVED,A_REGISTERED,regular
147,113,A_SUBMITTED,A_PARTLYSUBMITTED,W_Fix_incomplete_submission,A_PREACCEPTED,W_Complete_preaccepted_appl,W_Complete_preaccepted_appl,W_Complete_preaccepted_appl,W_Complete_preaccepted_appl,W_Complete_preaccepted_appl,W_Complete_preaccepted_appl,W_Complete_preaccepted_appl,A_ACCEPTED,A_FINALIZED,O_SELECTED,O_CREATED,O_SENT,W_Call_after_offer,O_SELECTED,O_CREATED,O_SENT,regular
148,1130,A_SUBMITTED,A_PARTLYSUBMITTED,W_Assess_fraud,O_DECLINED,A_DECLINED,0,0,0,0,0,0,0,0,0,0,0,0,0,0,0,deviant
149,1131,A_SUBMITTED,A_PARTLYSUBMITTED,W_Assess_fraud,A_PREACCEPTED,W_Complete_preaccepted_appl,W_Complete_preaccepted_appl,A_ACCEPTED,A_FINALIZED,O_SELECTED,O_CREATED,O_SENT,W_Call_after_offer,W_Call_after_offer,O_SELECTED,O_CREATED,O_SENT,O_SELECTED,O_CREATED,O_SENT,W_Call_after_offer,regular
150,1132,A_SUBMITTED,A_PARTLYSUBMITTED,W_Assess_fraud,A_PREACCEPTED,W_Complete_preaccepted_appl,W_Complete_preaccepted_appl,W_Complete_preaccepted_appl,W_Complete_preaccepted_appl,A_ACCEPTED,A_FINALIZED,O_SELECTED,O_CREATED,O_SENT,O_SELECTED,O_CREATED,O_SENT,W_Call_after_offer,0,0,0,deviant
151,1133,A_SUBMITTED,A_PARTLYSUBMITTED,W_Assess_fraud,A_PREACCEPTED,W_Complete_preaccepted_appl,W_Complete_preaccepted_appl,W_Complete_preaccepted_appl,W_Complete_preaccepted_appl,W_Complete_preaccepted_appl,W_Complete_preaccepted_appl,W_Complete_preaccepted_appl,W_Complete_preaccepted_appl,W_Complete_preaccepted_appl,A_ACCEPTED,A_FINALIZED,O_SELECTED,O_CREATED,O_SENT,O_SENT_BACK,W_Assess_application,deviant
152,1134,A_SUBMITTED,A_PARTLYSUBMITTED,W_Assess_fraud,A_PREACCEPTED,W_Complete_preaccepted_appl,W_Complete_preaccepted_appl,A_DECLINED,0,0,0,0,0,0,0,0,0,0,0,0,0,deviant
153,1135,A_SUBMITTED,A_PARTLYSUBMITTED,W_Fix_incomplete_submission,A_PREACCEPTED,W_Complete_preaccepted_appl,A_ACCEPTED,A_FINALIZED,O_SELECTED,O_CREATED,O_SENT,W_Call_after_offer,O_SENT_BACK,W_Assess_application,O_ACCEPTED,A_APPROVED,A_REGISTERED,A_ACTIVATED,0,0,0,deviant
154,1136,A_SUBMITTED,A_PARTLYSUBMITTED,W_Fix_incomplete_submission,A_PREACCEPTED,W_Complete_preaccepted_appl,W_Complete_preaccepted_appl,W_Complete_preaccepted_appl,W_Complete_preaccepted_appl,W_Complete_preaccepted_appl,W_Complete_preaccepted_appl,W_Complete_preaccepted_appl,W_Complete_preaccepted_appl,A_ACCEPTED,A_FINALIZED,O_SELECTED,O_CREATED,O_SENT,W_Call_after_offer,W_Call_after_offer,W_Call_after_offer,deviant
155,1137,A_SUBMITTED,A_PARTLYSUBMITTED,W_Assess_fraud,A_PREACCEPTED,W_Complete_preaccepted_appl,W_Complete_preaccepted_appl,W_Complete_preaccepted_appl,W_Complete_preaccepted_appl,W_Complete_preaccepted_appl,W_Complete_preaccepted_appl,W_Complete_preaccepted_appl,A_ACCEPTED,A_FINALIZED,O_SELECTED,O_CREATED,O_SENT,O_SELECTED,O_CREATED,O_SENT,W_Call_after_offer,deviant
156,1138,A_SUBMITTED,A_PARTLYSUBMITTED,W_Assess_fraud,A_PREACCEPTED,W_Complete_preaccepted_appl,W_Complete_preaccepted_appl,A_ACCEPTED,A_FINALIZED,O_SELECTED,O_CREATED,O_SENT,W_Call_after_offer,A_DECLINED,0,0,0,0,0,0,0,deviant
157,1139,A_SUBMITTED,A_PARTLYSUBMITTED,W_Assess_fraud,A_PREACCEPTED,W_Complete_preaccepted_appl,W_Complete_preaccepted_appl,W_Complete_preaccepted_appl,W_Complete_preaccepted_appl,W_Complete_preaccepted_appl,W_Complete_preaccepted_appl,W_Complete_preaccepted_appl,W_Complete_preaccepted_appl,W_Complete_preaccepted_appl,W_Complete_preaccepted_appl,A_ACCEPTED,A_FINALIZED,O_SELECTED,O_CREATED,O_SENT,W_Call_after_offer,regular
158,114,A_SUBMITTED,A_PARTLYSUBMITTED,W_Assess_fraud,A_PREACCEPTED,W_Complete_preaccepted_appl,W_Complete_preaccepted_appl,W_Complete_preaccepted_appl,A_CANCELLED,0,0,0,0,0,0,0,0,0,0,0,0,deviant
159,1140,A_SUBMITTED,A_PARTLYSUBMITTED,W_Assess_fraud,A_PREACCEPTED,W_Complete_preaccepted_appl,A_ACCEPTED,A_FINALIZED,O_SELECTED,O_CREATED,O_SENT,W_Call_after_offer,W_Call_after_offer,W_Call_after_offer,O_SELECTED,O_CREATED,O_SENT,W_Call_after_offer,W_Call_after_offer,O_SENT_BACK,W_Assess_application,deviant
160,1141,A_SUBMITTED,A_PARTLYSUBMITTED,W_Assess_fraud,A_PREACCEPTED,W_Complete_preaccepted_appl,A_ACCEPTED,A_FINALIZED,O_SELECTED,O_CREATED,O_SENT,W_Call_after_offer,A_DECLINED,0,0,0,0,0,0,0,0,deviant
161,1142,A_SUBMITTED,A_PARTLYSUBMITTED,W_Assess_fraud,A_PREACCEPTED,W_Complete_preaccepted_appl,A_CANCELLED,0,0,0,0,0,0,0,0,0,0,0,0,0,0,deviant
162,1143,A_SUBMITTED,A_PARTLYSUBMITTED,W_Assess_fraud,A_PREACCEPTED,W_Complete_preaccepted_appl,A_ACCEPTED,A_FINALIZED,O_SELECTED,O_CREATED,O_SENT,W_Call_after_offer,O_SENT_BACK,W_Assess_application,W_Assess_application,W_Call_missing_information,O_ACCEPTED,A_APPROVED,A_REGISTERED,A_ACTIVATED,0,regular
163,1144,A_SUBMITTED,A_PARTLYSUBMITTED,W_Fix_incomplete_submission,W_Fix_incomplete_submission,A_PREACCEPTED,W_Complete_preaccepted_appl,W_Complete_preaccepted_appl,A_ACCEPTED,A_FINALIZED,O_SELECTED,O_CREATED,O_SENT,O_SELECTED,O_CREATED,O_SENT,W_Call_after_offer,W_Call_after_offer,W_Call_after_offer,A_DECLINED,0,deviant
164,1145,A_SUBMITTED,A_PARTLYSUBMITTED,W_Assess_fraud,A_PREACCEPTED,W_Complete_preaccepted_appl,A_ACCEPTED,A_FINALIZED,O_SELECTED,O_CREATED,O_SENT,W_Call_after_offer,W_Call_after_offer,O_SENT_BACK,W_Assess_application,W_Assess_application,W_Call_missing_information,W_Call_missing_information,W_Call_missing_information,W_Call_missing_information,W_Call_missing_information,regular
165,1146,A_SUBMITTED,A_PARTLYSUBMITTED,W_Assess_fraud,A_PREACCEPTED,W_Complete_preaccepted_appl,W_Complete_preaccepted_appl,A_ACCEPTED,A_FINALIZED,O_SELECTED,O_CREATED,O_SENT,W_Call_after_offer,W_Call_after_offer,O_SELECTED,O_CREATED,O_SENT,W_Call_after_offer,A_DECLINED,0,0,deviant
166,1147,A_SUBMITTED,A_PARTLYSUBMITTED,W_Assess_fraud,A_PREACCEPTED,W_Complete_preaccepted_appl,W_Complete_preaccepted_appl,W_Complete_preaccepted_appl,W_Complete_preaccepted_appl,A_ACCEPTED,A_FINALIZED,O_SELECTED,O_CREATED,O_SENT,W_Call_after_offer,W_Call_after_offer,W_Call_after_offer,W_Call_after_offer,W_Call_after_offer,A_DECLINED,0,deviant
167,1148,A_SUBMITTED,A_PARTLYSUBMITTED,W_Fix_incomplete_submission,A_PREACCEPTED,W_Complete_preaccepted_appl,W_Complete_preaccepted_appl,A_ACCEPTED,A_FINALIZED,O_SELECTED,O_CREATED,O_SENT,W_Call_after_offer,W_Call_after_offer,W_Call_after_offer,W_Call_after_offer,W_Call_after_offer,O_SELECTED,O_CREATED,O_SENT,W_Call_after_offer,deviant
168,1149,A_SUBMITTED,A_PARTLYSUBMITTED,W_Assess_fraud,A_PREACCEPTED,W_Complete_preaccepted_appl,W_Complete_preaccepted_appl,W_Complete_preaccepted_appl,W_Complete_preaccepted_appl,A_ACCEPTED,A_FINALIZED,O_SELECTED,O_CREATED,O_SENT,W_Call_after_offer,W_Call_after_offer,W_Call_after_offer,O_SELECTED,O_CREATED,O_SENT,W_Call_after_offer,deviant
169,115,A_SUBMITTED,A_PARTLYSUBMITTED,W_Assess_fraud,A_PREACCEPTED,W_Complete_preaccepted_appl,W_Complete_preaccepted_appl,W_Complete_preaccepted_appl,W_Complete_preaccepted_appl,A_ACCEPTED,A_FINALIZED,O_SELECTED,O_CREATED,O_SENT,W_Call_after_offer,W_Call_after_offer,W_Call_after_offer,W_Call_after_offer,W_Call_after_offer,O_SENT_BACK,W_Assess_application,deviant
170,1150,A_SUBMITTED,A_PARTLYSUBMITTED,W_Assess_fraud,A_PREACCEPTED,W_Complete_preaccepted_appl,A_ACCEPTED,A_FINALIZED,O_SELECTED,O_CREATED,O_SENT,O_SELECTED,O_CREATED,O_SENT,O_SELECTED,O_CREATED,O_SENT,W_Call_after_offer,A_DECLINED,0,0,deviant
171,1151,A_SUBMITTED,A_PARTLYSUBMITTED,W_Assess_fraud,A_PREACCEPTED,W_Complete_preaccepted_appl,W_Complete_preaccepted_appl,W_Complete_preaccepted_appl,A_ACCEPTED,A_FINALIZED,O_SELECTED,O_CREATED,O_SENT,W_Call_after_offer,W_Call_after_offer,O_SELECTED,O_CREATED,O_SENT,O_SELECTED,O_CREATED,O_SENT,regular
172,1152,A_SUBMITTED,A_PARTLYSUBMITTED,W_Assess_fraud,A_PREACCEPTED,W_Complete_preaccepted_appl,W_Complete_preaccepted_appl,W_Complete_preaccepted_appl,W_Complete_preaccepted_appl,W_Complete_preaccepted_appl,A_CANCELLED,0,0,0,0,0,0,0,0,0,0,deviant
173,1153,A_SUBMITTED,A_PARTLYSUBMITTED,W_Assess_fraud,A_PREACCEPTED,W_Complete_preaccepted_appl,W_Complete_preaccepted_appl,A_CANCELLED,0,0,0,0,0,0,0,0,0,0,0,0,0,deviant
174,1154,A_SUBMITTED,A_PARTLYSUBMITTED,W_Assess_fraud,A_PREACCEPTED,W_Complete_preaccepted_appl,A_ACCEPTED,A_FINALIZED,O_SELECTED,O_CREATED,O_SENT,W_Call_after_offer,W_Call_after_offer,W_Call_after_offer,A_DECLINED,0,0,0,0,0,0,deviant
175,1155,A_SUBMITTED,A_PARTLYSUBMITTED,W_Assess_fraud,A_PREACCEPTED,W_Complete_preaccepted_appl,A_ACCEPTED,A_FINALIZED,O_SELECTED,O_CREATED,O_SENT,W_Call_after_offer,W_Call_after_offer,W_Call_after_offer,W_Call_after_offer,O_SENT_BACK,W_Assess_application,W_Assess_application,W_Call_missing_information,W_Call_missing_information,W_Call_missing_information,regular
176,1156,A_SUBMITTED,A_PARTLYSUBMITTED,W_Assess_fraud,A_PREACCEPTED,W_Complete_preaccepted_appl,W_Complete_preaccepted_appl,W_Complete_preaccepted_appl,W_Complete_preaccepted_appl,A_ACCEPTED,A_FINALIZED,O_SELECTED,O_CREATED,O_SENT,W_Call_after_offer,W_Call_after_offer,W_Call_after_offer,W_Call_after_offer,O_ACCEPTED,A_APPROVED,A_REGISTERED,deviant
177,1157,A_SUBMITTED,A_PARTLYSUBMITTED,W_Assess_fraud,A_PREACCEPTED,W_Complete_preaccepted_appl,W_Complete_preaccepted_appl,W_Complete_preaccepted_appl,W_Complete_preaccepted_appl,A_ACCEPTED,A_FINALIZED,O_SELECTED,O_CREATED,O_SENT,O_SELECTED,O_CREATED,O_SENT,W_Call_after_offer,W_Call_after_offer,O_SENT_BACK,W_Assess_application,regular
178,1158,A_SUBMITTED,A_PARTLYSUBMITTED,W_Fix_incomplete_submission,A_PREACCEPTED,W_Complete_preaccepted_appl,W_Complete_preaccepted_appl,A_ACCEPTED,A_FINALIZED,O_SELECTED,O_CREATED,O_SENT,W_Call_after_offer,O_SELECTED,O_CREATED,O_SENT,W_Call_after_offer,W_Call_after_offer,W_Call_after_offer,W_Call_after_offer,O_SENT_BACK,regular
179,1159,A_SUBMITTED,A_PARTLYSUBMITTED,W_Fix_incomplete_submission,A_PREACCEPTED,W_Complete_preaccepted_appl,W_Complete_preaccepted_appl,W_Complete_preaccepted_appl,W_Complete_preaccepted_appl,W_Complete_preaccepted_appl,W_Complete_preaccepted_appl,W_Complete_preaccepted_appl,A_DECLINED,0,0,0,0,0,0,0,0,deviant
180,116,A_SUBMITTED,A_PARTLYSUBMITTED,W_Assess_fraud,A_PREACCEPTED,W_Complete_preaccepted_appl,W_Complete_preaccepted_appl,A_ACCEPTED,A_FINALIZED,O_SELECTED,O_CREATED,O_SENT,W_Call_after_offer,W_Call_after_offer,W_Call_after_offer,O_SENT_BACK,W_Assess_application,W_Assess_application,W_Assess_application,O_SELECTED,O_CREATED,regular
181,1160,A_SUBMITTED,A_PARTLYSUBMITTED,W_Fix_incomplete_submission,A_PREACCEPTED,W_Complete_preaccepted_appl,A_ACCEPTED,A_FINALIZED,O_SELECTED,O_CREATED,O_SENT,A_DECLINED,0,0,0,0,0,0,0,0,0,deviant
182,1161,A_SUBMITTED,A_PARTLYSUBMITTED,W_Assess_fraud,A_PREACCEPTED,W_Complete_preaccepted_appl,A_DECLINED,0,0,0,0,0,0,0,0,0,0,0,0,0,0,deviant
183,1162,A_SUBMITTED,A_PARTLYSUBMITTED,W_Assess_fraud,A_PREACCEPTED,W_Complete_preaccepted_appl,A_DECLINED,0,0,0,0,0,0,0,0,0,0,0,0,0,0,deviant
184,1163,A_SUBMITTED,A_PARTLYSUBMITTED,W_Assess_fraud,A_PREACCEPTED,W_Complete_preaccepted_appl,W_Complete_preaccepted_appl,W_Complete_preaccepted_appl,W_Complete_preaccepted_appl,W_Complete_preaccepted_appl,W_Complete_preaccepted_appl,A_CANCELLED,0,0,0,0,0,0,0,0,0,deviant
185,1164,A_SUBMITTED,A_PARTLYSUBMITTED,W_Assess_fraud,A_PREACCEPTED,W_Complete_preaccepted_appl,A_ACCEPTED,A_FINALIZED,O_SELECTED,O_CREATED,O_SENT,W_Call_after_offer,O_SENT_BACK,W_Assess_application,W_Call_missing_information,A_DECLINED,0,0,0,0,0,regular
186,1165,A_SUBMITTED,A_PARTLYSUBMITTED,W_Assess_fraud,A_PREACCEPTED,W_Complete_preaccepted_appl,W_Complete_preaccepted_appl,W_Complete_preaccepted_appl,W_Complete_preaccepted_appl,W_Complete_preaccepted_appl,W_Complete_preaccepted_appl,W_Complete_preaccepted_appl,W_Complete_preaccepted_appl,W_Complete_preaccepted_appl,W_Complete_preaccepted_appl,W_Complete_preaccepted_appl,W_Complete_preaccepted_appl,W_Complete_preaccepted_appl,W_Complete_preaccepted_appl,W_Complete_preaccepted_appl,A_DECLINED,deviant
187,1166,A_SUBMITTED,A_PARTLYSUBMITTED,W_Fix_incomplete_submission,W_Fix_incomplete_submission,A_PREACCEPTED,W_Complete_preaccepted_appl,A_ACCEPTED,A_FINALIZED,O_SELECTED,O_CREATED,O_SENT,W_Call_after_offer,O_SELECTED,O_CREATED,O_SENT,O_SELECTED,O_CREATED,O_SENT,W_Call_after_offer,O_CANCELLED,deviant
188,1167,A_SUBMITTED,A_PARTLYSUBMITTED,W_Assess_fraud,A_PREACCEPTED,W_Complete_preaccepted_appl,W_Complete_preaccepted_appl,W_Complete_preaccepted_appl,A_ACCEPTED,A_FINALIZED,O_SELECTED,O_CREATED,O_SENT,W_Call_after_offer,W_Call_after_offer,O_SENT_BACK,W_Assess_application,W_Call_missing_information,O_SELECTED,O_CREATED,O_SENT,regular
189,1168,A_SUBMITTED,A_PARTLYSUBMITTED,W_Fix_incomplete_submission,A_PREACCEPTED,W_Complete_preaccepted_appl,W_Complete_preaccepted_appl,W_Complete_preaccepted_appl,W_Complete_preaccepted_appl,W_Complete_preaccepted_appl,W_Complete_preaccepted_appl,W_Complete_preaccepted_appl,W_Complete_preaccepted_appl,A_DECLINED,0,0,0,0,0,0,0,deviant
190,1169,A_SUBMITTED,A_PARTLYSUBMITTED,W_Assess_fraud,A_PREACCEPTED,W_Complete_preaccepted_appl,A_ACCEPTED,A_FINALIZED,O_SELECTED,O_CREATED,O_SENT,W_Call_after_offer,W_Call_after_offer,W_Call_after_offer,O_SENT_BACK,W_Assess_application,W_Assess_application,W_Call_missing_information,O_ACCEPTED,A_APPROVED,A_REGISTERED,regular
191,117,A_SUBMITTED,A_PARTLYSUBMITTED,W_Assess_fraud,A_PREACCEPTED,W_Complete_preaccepted_appl,W_Complete_preaccepted_appl,W_Complete_preaccepted_appl,W_Complete_preaccepted_appl,W_Complete_preaccepted_appl,W_Complete_preaccepted_appl,A_DECLINED,0,0,0,0,0,0,0,0,0,deviant
192,1170,A_SUBMITTED,A_PARTLYSUBMITTED,W_Assess_fraud,A_PREACCEPTED,W_Complete_preaccepted_appl,W_Complete_preaccepted_appl,W_Complete_preaccepted_appl,W_Complete_preaccepted_appl,W_Complete_preaccepted_appl,A_ACCEPTED,A_FINALIZED,O_SELECTED,O_CREATED,O_SENT,O_SELECTED,O_CREATED,O_SENT,W_Call_after_offer,O_SENT_BACK,W_Assess_application,regular
193,1171,A_SUBMITTED,A_PARTLYSUBMITTED,W_Assess_fraud,A_PREACCEPTED,W_Complete_preaccepted_appl,A_ACCEPTED,A_FINALIZED,O_SELECTED,O_CREATED,O_SENT,W_Call_after_offer,O_SENT_BACK,W_Assess_application,O_ACCEPTED,A_APPROVED,A_REGISTERED,A_ACTIVATED,0,0,0,deviant
194,1172,A_SUBMITTED,A_PARTLYSUBMITTED,W_Fix_incomplete_submission,A_PREACCEPTED,W_Complete_preaccepted_appl,W_Complete_preaccepted_appl,A_ACCEPTED,A_FINALIZED,O_SELECTED,O_CREATED,O_SENT,W_Call_after_offer,W_Call_after_offer,W_Call_after_offer,W_Call_after_offer,O_SENT_BACK,W_Assess_application,W_Assess_application,W_Assess_application,W_Call_missing_information,regular
195,1173,A_SUBMITTED,A_PARTLYSUBMITTED,W_Assess_fraud,A_CANCELLED,0,0,0,0,0,0,0,0,0,0,0,0,0,0,0,0,deviant
196,1174,A_SUBMITTED,A_PARTLYSUBMITTED,W_Assess_fraud,A_PREACCEPTED,W_Complete_preaccepted_appl,W_Complete_preaccepted_appl,W_Complete_preaccepted_appl,W_Complete_preaccepted_appl,W_Complete_preaccepted_appl,W_Complete_preaccepted_appl,A_ACCEPTED,A_FINALIZED,O_SELECTED,O_CREATED,O_SENT,O_SELECTED,O_CREATED,O_SENT,W_Call_after_offer,W_Call_after_offer,deviant
197,1175,A_SUBMITTED,A_PARTLYSUBMITTED,W_Assess_fraud,A_PREACCEPTED,W_Complete_preaccepted_appl,A_ACCEPTED,A_FINALIZED,O_SELECTED,O_CREATED,O_SENT,O_SELECTED,O_CREATED,O_SENT,O_SELECTED,O_CREATED,O_SENT,O_SELECTED,O_CREATED,O_SENT,O_SELECTED,deviant
198,1176,A_SUBMITTED,A_PARTLYSUBMITTED,W_Fix_incomplete_submission,A_PREACCEPTED,W_Complete_preaccepted_appl,A_ACCEPTED,A_FINALIZED,O_SELECTED,O_CREATED,O_SENT,W_Call_after_offer,W_Call_after_offer,O_SENT_BACK,W_Assess_application,W_Call_missing_information,W_Call_missing_information,W_Call_missing_information,W_Call_missing_information,W_Call_missing_information,W_Call_missing_information,regular
199,1177,A_SUBMITTED,A_PARTLYSUBMITTED,W_Assess_fraud,A_PREACCEPTED,W_Complete_preaccepted_appl,W_Complete_preaccepted_appl,W_Complete_preaccepted_appl,W_Complete_preaccepted_appl,W_Complete_preaccepted_appl,A_CANCELLED,0,0,0,0,0,0,0,0,0,0,deviant
200,1178,A_SUBMITTED,A_PARTLYSUBMITTED,W_Assess_fraud,A_PREACCEPTED,W_Complete_preaccepted_appl,W_Complete_preaccepted_appl,W_Complete_preaccepted_appl,W_Complete_preaccepted_appl,W_Complete_preaccepted_appl,A_ACCEPTED,A_FINALIZED,O_SELECTED,O_CREATED,O_SENT,O_SELECTED,O_CREATED,O_SENT,W_Call_after_offer,O_SELECTED,O_CREATED,regular
201,1179,A_SUBMITTED,A_PARTLYSUBMITTED,W_Assess_fraud,O_DECLINED,A_DECLINED,0,0,0,0,0,0,0,0,0,0,0,0,0,0,0,deviant
202,118,A_SUBMITTED,A_PARTLYSUBMITTED,W_Fix_incomplete_submission,A_PREACCEPTED,W_Complete_preaccepted_appl,W_Complete_preaccepted_appl,W_Complete_preaccepted_appl,A_CANCELLED,0,0,0,0,0,0,0,0,0,0,0,0,deviant
203,1180,A_SUBMITTED,A_PARTLYSUBMITTED,W_Assess_fraud,A_PREACCEPTED,W_Complete_preaccepted_appl,A_ACCEPTED,A_FINALIZED,O_SELECTED,O_CREATED,O_SENT,W_Call_after_offer,W_Call_after_offer,W_Call_after_offer,W_Call_after_offer,W_Call_after_offer,W_Call_after_offer,O_SENT_BACK,W_Assess_application,W_Assess_application,W_Assess_application,regular
204,1181,A_SUBMITTED,A_PARTLYSUBMITTED,W_Assess_fraud,A_PREACCEPTED,W_Complete_preaccepted_appl,W_Complete_preaccepted_appl,W_Complete_preaccepted_appl,A_ACCEPTED,A_FINALIZED,O_SELECTED,O_CREATED,O_SENT,W_Call_after_offer,W_Call_after_offer,W_Call_after_offer,W_Call_after_offer,W_Call_after_offer,W_Call_after_offer,O_SENT_BACK,W_Assess_application,regular
205,1182,A_SUBMITTED,A_PARTLYSUBMITTED,W_Assess_fraud,A_PREACCEPTED,W_Complete_preaccepted_appl,A_DECLINED,0,0,0,0,0,0,0,0,0,0,0,0,0,0,deviant
206,1183,A_SUBMITTED,A_PARTLYSUBMITTED,W_Assess_fraud,A_PREACCEPTED,W_Complete_preaccepted_appl,A_ACCEPTED,A_FINALIZED,O_SELECTED,O_CREATED,O_SENT,W_Call_after_offer,W_Call_after_offer,W_Call_after_offer,W_Call_after_offer,O_SELECTED,O_CREATED,O_SENT,O_SELECTED,O_CREATED,O_SENT,regular
207,1184,A_SUBMITTED,A_PARTLYSUBMITTED,W_Assess_fraud,O_DECLINED,A_DECLINED,0,0,0,0,0,0,0,0,0,0,0,0,0,0,0,deviant
208,1185,A_SUBMITTED,A_PARTLYSUBMITTED,W_Fix_incomplete_submission,A_PREACCEPTED,W_Complete_preaccepted_appl,W_Complete_preaccepted_appl,W_Complete_preaccepted_appl,A_DECLINED,0,0,0,0,0,0,0,0,0,0,0,0,deviant
209,1186,A_SUBMITTED,A_PARTLYSUBMITTED,W_Assess_fraud,A_PREACCEPTED,W_Complete_preaccepted_appl,W_Complete_preaccepted_appl,W_Complete_preaccepted_appl,W_Complete_preaccepted_appl,A_ACCEPTED,A_FINALIZED,O_SELECTED,O_CREATED,O_SENT,W_Call_after_offer,W_Call_after_offer,W_Call_after_offer,W_Call_after_offer,A_DECLINED,0,0,deviant
210,1187,A_SUBMITTED,A_PARTLYSUBMITTED,W_Assess_fraud,A_PREACCEPTED,W_Complete_preaccepted_appl,A_ACCEPTED,A_FINALIZED,O_SELECTED,O_CREATED,O_SENT,W_Call_after_offer,W_Call_after_offer,W_Call_after_offer,W_Call_after_offer,W_Call_after_offer,W_Call_after_offer,W_Call_after_offer,W_Call_after_offer,O_SENT_BACK,W_Assess_application,regular
211,1188,A_SUBMITTED,A_PARTLYSUBMITTED,W_Fix_incomplete_submission,A_PREACCEPTED,W_Complete_preaccepted_appl,A_ACCEPTED,A_FINALIZED,O_SELECTED,O_CREATED,O_SENT,W_Call_after_offer,W_Call_after_offer,W_Call_after_offer,W_Call_after_offer,O_SENT_BACK,W_Assess_application,W_Assess_application,W_Assess_application,O_ACCEPTED,A_APPROVED,deviant
212,1189,A_SUBMITTED,A_PARTLYSUBMITTED,W_Assess_fraud,A_PREACCEPTED,W_Complete_preaccepted_appl,W_Complete_preaccepted_appl,W_Complete_preaccepted_appl,W_Complete_preaccepted_appl,W_Complete_preaccepted_appl,W_Complete_preaccepted_appl,W_Complete_preaccepted_appl,W_Complete_preaccepted_appl,W_Complete_preaccepted_appl,W_Complete_preaccepted_appl,W_Complete_preaccepted_appl,W_Complete_preaccepted_appl,W_Complete_preaccepted_appl,W_Complete_preaccepted_appl,A_ACCEPTED,A_FINALIZED,regular
213,119,A_SUBMITTED,A_PARTLYSUBMITTED,W_Fix_incomplete_submission,A_PREACCEPTED,W_Complete_preaccepted_appl,W_Complete_preaccepted_appl,A_ACCEPTED,A_FINALIZED,O_SELECTED,O_CREATED,O_SENT,W_Call_after_offer,O_SELECTED,O_CREATED,O_SENT,W_Call_after_offer,A_DECLINED,0,0,0,deviant
214,1190,A_SUBMITTED,A_PARTLYSUBMITTED,W_Assess_fraud,A_PREACCEPTED,W_Complete_preaccepted_appl,W_Complete_preaccepted_appl,W_Complete_preaccepted_appl,W_Complete_preaccepted_appl,W_Complete_preaccepted_appl,W_Complete_preaccepted_appl,A_ACCEPTED,A_FINALIZED,O_SELECTED,O_CREATED,O_SENT,W_Call_after_offer,W_Call_after_offer,W_Call_after_offer,W_Call_after_offer,O_SENT_BACK,deviant
215,1191,A_SUBMITTED,A_PARTLYSUBMITTED,W_Assess_fraud,A_PREACCEPTED,W_Complete_preaccepted_appl,W_Complete_preaccepted_appl,W_Complete_preaccepted_appl,A_ACCEPTED,A_FINALIZED,O_SELECTED,O_CREATED,O_SENT,O_SELECTED,O_CREATED,O_SENT,W_Call_after_offer,O_SENT_BACK,W_Assess_application,O_ACCEPTED,A_APPROVED,deviant
216,1192,A_SUBMITTED,A_PARTLYSUBMITTED,W_Assess_fraud,A_PREACCEPTED,W_Complete_preaccepted_appl,W_Complete_preaccepted_appl,A_ACCEPTED,A_FINALIZED,O_SELECTED,O_CREATED,O_SENT,W_Call_after_offer,A_DECLINED,0,0,0,0,0,0,0,deviant
217,1193,A_SUBMITTED,A_PARTLYSUBMITTED,W_Fix_incomplete_submission,A_PREACCEPTED,W_Complete_preaccepted_appl,W_Complete_preaccepted_appl,A_ACCEPTED,A_FINALIZED,O_SELECTED,O_CREATED,O_SENT,W_Call_after_offer,W_Call_after_offer,W_Call_after_offer,O_SENT_BACK,W_Assess_application,W_Assess_application,O_SELECTED,O_CREATED,O_SENT,deviant
218,1194,A_SUBMITTED,A_PARTLYSUBMITTED,W_Assess_fraud,A_PREACCEPTED,W_Complete_preaccepted_appl,W_Complete_preaccepted_appl,A_ACCEPTED,A_FINALIZED,O_SELECTED,O_CREATED,O_SENT,O_SELECTED,O_CREATED,O_SENT,O_SELECTED,O_CREATED,O_SENT,W_Call_after_offer,W_Call_after_offer,W_Call_after_offer,deviant
219,1195,A_SUBMITTED,A_PARTLYSUBMITTED,W_Fix_incomplete_submission,A_CANCELLED,0,0,0,0,0,0,0,0,0,0,0,0,0,0,0,0,deviant
220,1196,A_SUBMITTED,A_PARTLYSUBMITTED,W_Assess_fraud,A_PREACCEPTED,W_Complete_preaccepted_appl,W_Complete_preaccepted_appl,W_Complete_preaccepted_appl,W_Complete_preaccepted_appl,W_Complete_preaccepted_appl,W_Complete_preaccepted_appl,A_ACCEPTED,A_FINALIZED,O_SELECTED,O_CREATED,O_SENT,W_Call_after_offer,O_SELECTED,O_CREATED,O_SENT,W_Call_after_offer,deviant
221,1197,A_SUBMITTED,A_PARTLYSUBMITTED,W_Fix_incomplete_submission,A_PREACCEPTED,W_Complete_preaccepted_appl,W_Complete_preaccepted_appl,W_Complete_preaccepted_appl,W_Complete_preaccepted_appl,W_Complete_preaccepted_appl,A_ACCEPTED,A_FINALIZED,O_SELECTED,O_CREATED,O_SENT,W_Call_after_offer,O_SELECTED,O_CREATED,O_SENT,O_SELECTED,O_CREATED,deviant
222,1198,A_SUBMITTED,A_PARTLYSUBMITTED,W_Assess_fraud,A_PREACCEPTED,W_Complete_preaccepted_appl,W_Complete_preaccepted_appl,W_Complete_preaccepted_appl,W_Complete_preaccepted_appl,W_Complete_preaccepted_appl,W_Complete_preaccepted_appl,W_Complete_preaccepted_appl,W_Complete_preaccepted_appl,A_ACCEPTED,A_FINALIZED,O_SELECTED,O_CREATED,O_SENT,O_SELECTED,O_CREATED,O_SENT,deviant
223,1199,A_SUBMITTED,A_PARTLYSUBMITTED,W_Assess_fraud,A_PREACCEPTED,W_Complete_preaccepted_appl,A_DECLINED,0,0,0,0,0,0,0,0,0,0,0,0,0,0,deviant
224,12,A_SUBMITTED,A_PARTLYSUBMITTED,W_Fix_incomplete_submission,O_DECLINED,A_DECLINED,0,0,0,0,0,0,0,0,0,0,0,0,0,0,0,deviant
225,120,A_SUBMITTED,A_PARTLYSUBMITTED,W_Assess_fraud,A_PREACCEPTED,W_Complete_preaccepted_appl,W_Complete_preaccepted_appl,W_Complete_preaccepted_appl,W_Complete_preaccepted_appl,A_ACCEPTED,A_FINALIZED,O_SELECTED,O_CREATED,O_SENT,W_Call_after_offer,A_DECLINED,0,0,0,0,0,deviant
226,1200,A_SUBMITTED,A_PARTLYSUBMITTED,W_Assess_fraud,A_PREACCEPTED,W_Complete_preaccepted_appl,A_ACCEPTED,A_FINALIZED,O_SELECTED,O_CREATED,O_SENT,W_Call_after_offer,W_Call_after_offer,W_Call_after_offer,W_Call_after_offer,A_DECLINED,0,0,0,0,0,deviant
227,1201,A_SUBMITTED,A_PARTLYSUBMITTED,W_Assess_fraud,O_DECLINED,A_DECLINED,0,0,0,0,0,0,0,0,0,0,0,0,0,0,0,deviant
228,1202,A_SUBMITTED,A_PARTLYSUBMITTED,W_Assess_fraud,A_PREACCEPTED,W_Complete_preaccepted_appl,W_Complete_preaccepted_appl,W_Complete_preaccepted_appl,A_ACCEPTED,A_FINALIZED,O_SELECTED,O_CREATED,O_SENT,W_Call_after_offer,W_Call_after_offer,O_SELECTED,O_CREATED,O_SENT,O_SELECTED,O_CREATED,O_SENT,regular
229,1203,A_SUBMITTED,A_PARTLYSUBMITTED,W_Assess_fraud,A_PREACCEPTED,W_Complete_preaccepted_appl,A_ACCEPTED,A_FINALIZED,O_SELECTED,O_CREATED,O_SENT,O_SELECTED,O_CREATED,O_SENT,W_Call_after_offer,W_Call_after_offer,A_DECLINED,0,0,0,0,deviant
230,1204,A_SUBMITTED,A_PARTLYSUBMITTED,W_Assess_fraud,A_PREACCEPTED,W_Complete_preaccepted_appl,W_Complete_preaccepted_appl,A_ACCEPTED,A_FINALIZED,O_SELECTED,O_CREATED,O_SENT,W_Call_after_offer,W_Call_after_offer,W_Call_after_offer,W_Call_after_offer,W_Call_after_offer,O_SELECTED,O_CREATED,O_SENT,W_Call_after_offer,regular
231,1205,A_SUBMITTED,A_PARTLYSUBMITTED,W_Fix_incomplete_submission,A_PREACCEPTED,W_Complete_preaccepted_appl,A_ACCEPTED,A_FINALIZED,O_SELECTED,O_CREATED,O_SENT,O_SELECTED,O_CREATED,O_SENT,W_Call_after_offer,W_Call_after_offer,W_Call_after_offer,W_Call_after_offer,O_SENT_BACK,W_Assess_application,W_Call_missing_information,regular
232,1206,A_SUBMITTED,A_PARTLYSUBMITTED,W_Fix_incomplete_submission,W_Fix_incomplete_submission,A_PREACCEPTED,W_Complete_preaccepted_appl,A_ACCEPTED,A_FINALIZED,O_SELECTED,O_CREATED,O_SENT,W_Call_after_offer,W_Call_after_offer,O_SELECTED,O_CREATED,O_SENT,W_Call_after_offer,A_DECLINED,0,0,deviant
233,1207,A_SUBMITTED,A_PARTLYSUBMITTED,W_Assess_fraud,A_PREACCEPTED,W_Complete_preaccepted_appl,W_Complete_preaccepted_appl,W_Complete_preaccepted_appl,A_ACCEPTED,A_FINALIZED,O_SELECTED,O_CREATED,O_SENT,W_Call_after_offer,O_SELECTED,O_CREATED,O_SENT,O_SELECTED,O_CREATED,O_SENT,W_Call_after_offer,regular
234,1208,A_SUBMITTED,A_PARTLYSUBMITTED,W_Assess_fraud,A_PREACCEPTED,W_Complete_preaccepted_appl,W_Complete_preaccepted_appl,W_Complete_preaccepted_appl,W_Complete_preaccepted_appl,W_Complete_preaccepted_appl,A_CANCELLED,0,0,0,0,0,0,0,0,0,0,deviant
235,1209,A_SUBMITTED,A_PARTLYSUBMITTED,W_Assess_fraud,A_PREACCEPTED,W_Complete_preaccepted_appl,W_Complete_preaccepted_appl,W_Complete_preaccepted_appl,W_Complete_preaccepted_appl,W_Complete_preaccepted_appl,W_Complete_preaccepted_appl,A_ACCEPTED,A_FINALIZED,O_SELECTED,O_CREATED,O_SENT,O_SELECTED,O_CREATED,O_SENT,W_Call_after_offer,O_SELECTED,regular
236,121,A_SUBMITTED,A_PARTLYSUBMITTED,W_Assess_fraud,A_PREACCEPTED,W_Complete_preaccepted_appl,W_Complete_preaccepted_appl,W_Complete_preaccepted_appl,A_DECLINED,0,0,0,0,0,0,0,0,0,0,0,0,deviant
237,1210,A_SUBMITTED,A_PARTLYSUBMITTED,W_Fix_incomplete_submission,A_PREACCEPTED,W_Complete_preaccepted_appl,W_Complete_preaccepted_appl,A_ACCEPTED,A_FINALIZED,O_SELECTED,O_CREATED,O_SENT,W_Call_after_offer,W_Call_after_offer,W_Call_after_offer,W_Call_after_offer,W_Call_after_offer,O_SENT_BACK,W_Assess_application,W_Assess_application,A_DECLINED,deviant
238,1211,A_SUBMITTED,A_PARTLYSUBMITTED,W_Assess_fraud,A_PREACCEPTED,W_Complete_preaccepted_appl,W_Complete_preaccepted_appl,W_Complete_preaccepted_appl,W_Complete_preaccepted_appl,W_Complete_preaccepted_appl,W_Complete_preaccepted_appl,W_Complete_preaccepted_appl,W_Complete_preaccepted_appl,W_Complete_preaccepted_appl,W_Complete_preaccepted_appl,A_DECLINED,0,0,0,0,0,deviant
239,1212,A_SUBMITTED,A_PARTLYSUBMITTED,W_Fix_incomplete_submission,A_PREACCEPTED,W_Complete_preaccepted_appl,W_Complete_preaccepted_appl,W_Complete_preaccepted_appl,A_ACCEPTED,A_FINALIZED,O_SELECTED,O_CREATED,O_SENT,W_Call_after_offer,A_DECLINED,0,0,0,0,0,0,deviant
240,1213,A_SUBMITTED,A_PARTLYSUBMITTED,W_Assess_fraud,A_PREACCEPTED,W_Complete_preaccepted_appl,W_Complete_preaccepted_appl,W_Complete_preaccepted_appl,W_Complete_preaccepted_appl,A_ACCEPTED,A_FINALIZED,O_SELECTED,O_CREATED,O_SENT,W_Call_after_offer,O_SENT_BACK,W_Assess_application,W_Assess_application,W_Assess_application,W_Assess_application,W_Call_missing_information,regular
241,1214,A_SUBMITTED,A_PARTLYSUBMITTED,W_Assess_fraud,O_DECLINED,A_DECLINED,0,0,0,0,0,0,0,0,0,0,0,0,0,0,0,deviant
242,1215,A_SUBMITTED,A_PARTLYSUBMITTED,W_Assess_fraud,A_PREACCEPTED,W_Complete_preaccepted_appl,W_Complete_preaccepted_appl,W_Complete_preaccepted_appl,W_Complete_preaccepted_appl,W_Complete_preaccepted_appl,A_ACCEPTED,A_FINALIZED,O_SELECTED,O_CREATED,O_SENT,O_SELECTED,O_CREATED,O_SENT,W_Call_after_offer,O_SENT_BACK,W_Assess_application,deviant
243,1216,A_SUBMITTED,A_PARTLYSUBMITTED,W_Assess_fraud,A_PREACCEPTED,W_Complete_preaccepted_appl,W_Complete_preaccepted_appl,W_Complete_preaccepted_appl,W_Complete_preaccepted_appl,A_ACCEPTED,A_FINALIZED,O_SELECTED,O_CREATED,O_SENT,W_Call_after_offer,W_Call_after_offer,A_DECLINED,0,0,0,0,deviant
244,1217,A_SUBMITTED,A_PARTLYSUBMITTED,W_Assess_fraud,A_PREACCEPTED,W_Complete_preaccepted_appl,W_Complete_preaccepted_appl,W_Complete_preaccepted_appl,A_DECLINED,0,0,0,0,0,0,0,0,0,0,0,0,deviant
245,1218,A_SUBMITTED,A_PARTLYSUBMITTED,W_Assess_fraud,A_PREACCEPTED,W_Complete_preaccepted_appl,W_Complete_preaccepted_appl,A_ACCEPTED,A_FINALIZED,O_SELECTED,O_CREATED,O_SENT,W_Call_after_offer,W_Call_after_offer,W_Call_after_offer,O_SENT_BACK,W_Assess_application,W_Assess_application,W_Call_missing_information,W_Call_missing_information,W_Call_missing_information,regular
246,1219,A_SUBMITTED,A_PARTLYSUBMITTED,W_Assess_fraud,A_CANCELLED,0,0,0,0,0,0,0,0,0,0,0,0,0,0,0,0,deviant
247,122,A_SUBMITTED,A_PARTLYSUBMITTED,W_Assess_fraud,O_DECLINED,A_DECLINED,0,0,0,0,0,0,0,0,0,0,0,0,0,0,0,deviant
248,1220,A_SUBMITTED,A_PARTLYSUBMITTED,W_Assess_fraud,A_PREACCEPTED,W_Complete_preaccepted_appl,W_Complete_preaccepted_appl,W_Complete_preaccepted_appl,A_ACCEPTED,A_FINALIZED,O_SELECTED,O_CREATED,O_SENT,O_SELECTED,O_CREATED,O_SENT,W_Call_after_offer,W_Call_after_offer,W_Call_after_offer,W_Call_after_offer,W_Call_after_offer,deviant
249,1221,A_SUBMITTED,A_PARTLYSUBMITTED,W_Assess_fraud,A_PREACCEPTED,W_Complete_preaccepted_appl,A_ACCEPTED,A_FINALIZED,O_SELECTED,O_CREATED,O_SENT,W_Call_after_offer,O_SENT_BACK,W_Assess_application,W_Assess_application,O_ACCEPTED,A_APPROVED,A_REGISTERED,A_ACTIVATED,0,0,deviant
250,1222,A_SUBMITTED,A_PARTLYSUBMITTED,W_Assess_fraud,A_PREACCEPTED,W_Complete_preaccepted_appl,W_Complete_preaccepted_appl,A_ACCEPTED,A_FINALIZED,O_SELECTED,O_CREATED,O_SENT,O_SELECTED,O_CREATED,O_SENT,W_Call_after_offer,W_Call_after_offer,A_DECLINED,0,0,0,deviant
251,1223,A_SUBMITTED,A_PARTLYSUBMITTED,W_Assess_fraud,A_PREACCEPTED,W_Complete_preaccepted_appl,W_Complete_preaccepted_appl,W_Complete_preaccepted_appl,W_Complete_preaccepted_appl,W_Complete_preaccepted_appl,W_Complete_preaccepted_appl,A_ACCEPTED,A_FINALIZED,O_SELECTED,O_CREATED,O_SENT,W_Call_after_offer,W_Call_after_offer,W_Call_after_offer,O_SENT_BACK,W_Assess_application,deviant
252,1224,A_SUBMITTED,A_PARTLYSUBMITTED,W_Assess_fraud,A_PREACCEPTED,W_Complete_preaccepted_appl,A_DECLINED,0,0,0,0,0,0,0,0,0,0,0,0,0,0,deviant
253,1225,A_SUBMITTED,A_PARTLYSUBMITTED,W_Assess_fraud,A_PREACCEPTED,W_Complete_preaccepted_appl,W_Complete_preaccepted_appl,A_DECLINED,0,0,0,0,0,0,0,0,0,0,0,0,0,deviant
254,1226,A_SUBMITTED,A_PARTLYSUBMITTED,W_Fix_incomplete_submission,A_PREACCEPTED,W_Complete_preaccepted_appl,A_ACCEPTED,A_FINALIZED,O_SELECTED,O_CREATED,O_SENT,W_Call_after_offer,A_DECLINED,0,0,0,0,0,0,0,0,deviant
255,1227,A_SUBMITTED,A_PARTLYSUBMITTED,W_Fix_incomplete_submission,A_PREACCEPTED,W_Complete_preaccepted_appl,W_Complete_preaccepted_appl,A_DECLINED,0,0,0,0,0,0,0,0,0,0,0,0,0,deviant
256,1228,A_SUBMITTED,A_PARTLYSUBMITTED,W_Assess_fraud,O_DECLINED,A_DECLINED,0,0,0,0,0,0,0,0,0,0,0,0,0,0,0,deviant
257,1229,A_SUBMITTED,A_PARTLYSUBMITTED,W_Assess_fraud,A_PREACCEPTED,W_Complete_preaccepted_appl,W_Complete_preaccepted_appl,A_ACCEPTED,A_FINALIZED,O_SELECTED,O_CREATED,O_SENT,W_Call_after_offer,W_Call_after_offer,W_Call_after_offer,W_Call_after_offer,O_SELECTED,O_CREATED,O_SENT,W_Call_after_offer,O_SELECTED,regular
258,123,A_SUBMITTED,A_PARTLYSUBMITTED,W_Assess_fraud,A_PREACCEPTED,W_Complete_preaccepted_appl,W_Complete_preaccepted_appl,W_Complete_preaccepted_appl,W_Complete_preaccepted_appl,W_Complete_preaccepted_appl,W_Complete_preaccepted_appl,W_Complete_preaccepted_appl,A_CANCELLED,0,0,0,0,0,0,0,0,deviant
259,1230,A_SUBMITTED,A_PARTLYSUBMITTED,W_Fix_incomplete_submission,A_PREACCEPTED,W_Complete_preaccepted_appl,W_Complete_preaccepted_appl,A_ACCEPTED,A_FINALIZED,O_SELECTED,O_CREATED,O_SENT,W_Call_after_offer,O_SENT_BACK,W_Assess_application,W_Assess_application,O_ACCEPTED,A_APPROVED,A_REGISTERED,A_ACTIVATED,0,deviant
260,1231,A_SUBMITTED,A_PARTLYSUBMITTED,W_Assess_fraud,A_PREACCEPTED,W_Complete_preaccepted_appl,W_Complete_preaccepted_appl,W_Complete_preaccepted_appl,W_Complete_preaccepted_appl,A_ACCEPTED,A_FINALIZED,O_SELECTED,O_CREATED,O_SENT,W_Call_after_offer,O_SENT_BACK,W_Assess_application,W_Assess_application,O_ACCEPTED,A_APPROVED,A_REGISTERED,deviant
261,1232,A_SUBMITTED,A_PARTLYSUBMITTED,W_Assess_fraud,A_PREACCEPTED,W_Complete_preaccepted_appl,W_Complete_preaccepted_appl,W_Complete_preaccepted_appl,A_ACCEPTED,A_FINALIZED,O_SELECTED,O_CREATED,O_SENT,W_Call_after_offer,W_Call_after_offer,W_Call_after_offer,A_DECLINED,0,0,0,0,deviant
262,1233,A_SUBMITTED,A_PARTLYSUBMITTED,W_Assess_fraud,A_PREACCEPTED,W_Complete_preaccepted_appl,A_ACCEPTED,A_FINALIZED,O_SELECTED,O_CREATED,O_SENT,W_Call_after_offer,W_Call_after_offer,O_SELECTED,O_CREATED,O_SENT,A_DECLINED,0,0,0,0,deviant
263,1234,A_SUBMITTED,A_PARTLYSUBMITTED,W_Assess_fraud,A_PREACCEPTED,W_Complete_preaccepted_appl,W_Complete_preaccepted_appl,W_Complete_preaccepted_appl,A_ACCEPTED,A_FINALIZED,O_SELECTED,O_CREATED,O_SENT,W_Call_after_offer,W_Call_after_offer,W_Call_after_offer,O_SENT_BACK,W_Assess_application,W_Call_missing_information,W_Call_missing_information,W_Call_missing_information,regular
264,1235,A_SUBMITTED,A_PARTLYSUBMITTED,W_Assess_fraud,A_CANCELLED,0,0,0,0,0,0,0,0,0,0,0,0,0,0,0,0,deviant
265,1236,A_SUBMITTED,A_PARTLYSUBMITTED,W_Assess_fraud,A_PREACCEPTED,W_Complete_preaccepted_appl,W_Complete_preaccepted_appl,W_Complete_preaccepted_appl,A_ACCEPTED,A_FINALIZED,O_SELECTED,O_CREATED,O_SENT,W_Call_after_offer,A_DECLINED,0,0,0,0,0,0,deviant
266,1237,A_SUBMITTED,A_PARTLYSUBMITTED,W_Assess_fraud,A_PREACCEPTED,W_Complete_preaccepted_appl,W_Complete_preaccepted_appl,W_Complete_preaccepted_appl,A_ACCEPTED,A_FINALIZED,O_SELECTED,O_CREATED,O_SENT,W_Call_after_offer,O_SELECTED,O_CREATED,O_SENT,W_Call_after_offer,W_Call_after_offer,O_SENT_BACK,W_Assess_application,regular
267,1238,A_SUBMITTED,A_PARTLYSUBMITTED,W_Fix_incomplete_submission,A_PREACCEPTED,W_Complete_preaccepted_appl,W_Complete_preaccepted_appl,W_Complete_preaccepted_appl,W_Complete_preaccepted_appl,W_Complete_preaccepted_appl,W_Complete_preaccepted_appl,A_ACCEPTED,A_FINALIZED,O_SELECTED,O_CREATED,O_SENT,W_Call_after_offer,W_Call_after_offer,O_SENT_BACK,W_Assess_application,O_ACCEPTED,deviant
268,1239,A_SUBMITTED,A_PARTLYSUBMITTED,W_Assess_fraud,A_PREACCEPTED,W_Complete_preaccepted_appl,A_ACCEPTED,A_FINALIZED,O_SELECTED,O_CREATED,O_SENT,W_Call_after_offer,A_DECLINED,0,0,0,0,0,0,0,0,deviant
269,124,A_SUBMITTED,A_PARTLYSUBMITTED,W_Assess_fraud,A_PREACCEPTED,W_Complete_preaccepted_appl,A_CANCELLED,0,0,0,0,0,0,0,0,0,0,0,0,0,0,deviant
270,1240,A_SUBMITTED,A_PARTLYSUBMITTED,W_Fix_incomplete_submission,A_PREACCEPTED,W_Complete_preaccepted_appl,W_Complete_preaccepted_appl,W_Complete_preaccepted_appl,W_Complete_preaccepted_appl,W_Complete_preaccepted_appl,W_Complete_preaccepted_appl,A_DECLINED,0,0,0,0,0,0,0,0,0,deviant
271,1241,A_SUBMITTED,A_PARTLYSUBMITTED,W_Fix_incomplete_submission,A_PREACCEPTED,W_Complete_preaccepted_appl,W_Complete_preaccepted_appl,W_Complete_preaccepted_appl,W_Complete_preaccepted_appl,A_ACCEPTED,A_FINALIZED,O_SELECTED,O_CREATED,O_SENT,W_Call_after_offer,W_Call_after_offer,O_SENT_BACK,W_Assess_application,W_Assess_application,W_Assess_application,W_Call_missing_information,regular
272,1242,A_SUBMITTED,A_PARTLYSUBMITTED,W_Fix_incomplete_submission,A_PREACCEPTED,W_Complete_preaccepted_appl,W_Complete_preaccepted_appl,W_Complete_preaccepted_appl,A_ACCEPTED,A_FINALIZED,O_SELECTED,O_CREATED,O_SENT,W_Call_after_offer,W_Call_after_offer,W_Call_after_offer,O_SELECTED,O_CREATED,O_SENT,W_Call_after_offer,W_Call_after_offer,deviant
273,1243,A_SUBMITTED,A_PARTLYSUBMITTED,W_Assess_fraud,A_PREACCEPTED,W_Complete_preaccepted_appl,W_Complete_preaccepted_appl,W_Complete_preaccepted_appl,W_Complete_preaccepted_appl,W_Complete_preaccepted_appl,A_ACCEPTED,A_FINALIZED,O_SELECTED,O_CREATED,O_SENT,W_Call_after_offer,O_SENT_BACK,W_Assess_application,W_Assess_application,W_Call_missing_information,W_Call_missing_information,regular
274,1244,A_SUBMITTED,A_PARTLYSUBMITTED,W_Assess_fraud,A_PREACCEPTED,W_Complete_preaccepted_appl,W_Complete_preaccepted_appl,A_DECLINED,0,0,0,0,0,0,0,0,0,0,0,0,0,deviant
275,1245,A_SUBMITTED,A_PARTLYSUBMITTED,W_Assess_fraud,A_PREACCEPTED,W_Complete_preaccepted_appl,A_ACCEPTED,A_FINALIZED,O_SELECTED,O_CREATED,O_SENT,W_Call_after_offer,A_DECLINED,0,0,0,0,0,0,0,0,deviant
276,1246,A_SUBMITTED,A_PARTLYSUBMITTED,W_Assess_fraud,A_PREACCEPTED,W_Complete_preaccepted_appl,W_Complete_preaccepted_appl,W_Complete_preaccepted_appl,A_DECLINED,0,0,0,0,0,0,0,0,0,0,0,0,deviant
277,1247,A_SUBMITTED,A_PARTLYSUBMITTED,W_Assess_fraud,A_PREACCEPTED,W_Complete_preaccepted_appl,W_Complete_preaccepted_appl,W_Complete_preaccepted_appl,W_Complete_preaccepted_appl,A_ACCEPTED,A_FINALIZED,O_SELECTED,O_CREATED,O_SENT,W_Call_after_offer,W_Call_after_offer,W_Call_after_offer,O_SELECTED,O_CREATED,O_SENT,W_Call_after_offer,deviant
278,1248,A_SUBMITTED,A_PARTLYSUBMITTED,W_Assess_fraud,A_PREACCEPTED,W_Complete_preaccepted_appl,W_Complete_preaccepted_appl,W_Complete_preaccepted_appl,W_Complete_preaccepted_appl,W_Complete_preaccepted_appl,W_Complete_preaccepted_appl,W_Complete_preaccepted_appl,W_Complete_preaccepted_appl,W_Complete_preaccepted_appl,W_Complete_preaccepted_appl,W_Complete_preaccepted_appl,W_Complete_preaccepted_appl,W_Complete_preaccepted_appl,W_Complete_preaccepted_appl,W_Complete_preaccepted_appl,W_Complete_preaccepted_appl,regular
279,1249,A_SUBMITTED,A_PARTLYSUBMITTED,W_Assess_fraud,A_PREACCEPTED,W_Complete_preaccepted_appl,W_Complete_preaccepted_appl,W_Complete_preaccepted_appl,W_Complete_preaccepted_appl,A_ACCEPTED,A_FINALIZED,O_SELECTED,O_CREATED,O_SENT,W_Call_after_offer,O_SELECTED,O_CREATED,O_SENT,O_SELECTED,O_CREATED,O_SENT,deviant
280,125,A_SUBMITTED,A_PARTLYSUBMITTED,W_Fix_incomplete_submission,A_PREACCEPTED,W_Complete_preaccepted_appl,W_Complete_preaccepted_appl,W_Complete_preaccepted_appl,W_Complete_preaccepted_appl,W_Complete_preaccepted_appl,W_Complete_preaccepted_appl,A_ACCEPTED,A_FINALIZED,O_SELECTED,O_CREATED,O_SENT,W_Call_after_offer,A_DECLINED,0,0,0,deviant
281,1250,A_SUBMITTED,A_PARTLYSUBMITTED,W_Assess_fraud,A_PREACCEPTED,W_Complete_preaccepted_appl,W_Complete_preaccepted_appl,W_Complete_preaccepted_appl,W_Complete_preaccepted_appl,W_Complete_preaccepted_appl,W_Complete_preaccepted_appl,W_Complete_preaccepted_appl,A_ACCEPTED,A_FINALIZED,O_SELECTED,O_CREATED,O_SENT,W_Call_after_offer,A_DECLINED,0,0,deviant
282,1251,A_SUBMITTED,A_PARTLYSUBMITTED,W_Fix_incomplete_submission,A_PREACCEPTED,W_Complete_preaccepted_appl,W_Complete_preaccepted_appl,W_Complete_preaccepted_appl,W_Complete_preaccepted_appl,W_Complete_preaccepted_appl,W_Complete_preaccepted_appl,W_Complete_preaccepted_appl,W_Complete_preaccepted_appl,A_DECLINED,0,0,0,0,0,0,0,deviant
283,1252,A_SUBMITTED,A_PARTLYSUBMITTED,W_Fix_incomplete_submission,A_PREACCEPTED,W_Complete_preaccepted_appl,A_ACCEPTED,A_FINALIZED,O_SELECTED,O_CREATED,O_SENT,W_Call_after_offer,A_DECLINED,0,0,0,0,0,0,0,0,deviant
284,1253,A_SUBMITTED,A_PARTLYSUBMITTED,W_Assess_fraud,A_PREACCEPTED,W_Complete_preaccepted_appl,W_Complete_preaccepted_appl,W_Complete_preaccepted_appl,A_DECLINED,0,0,0,0,0,0,0,0,0,0,0,0,deviant
285,1254,A_SUBMITTED,A_PARTLYSUBMITTED,W_Assess_fraud,A_PREACCEPTED,W_Complete_preaccepted_appl,W_Complete_preaccepted_appl,W_Complete_preaccepted_appl,W_Complete_preaccepted_appl,W_Complete_preaccepted_appl,A_ACCEPTED,A_FINALIZED,O_SELECTED,O_CREATED,O_SENT,W_Call_after_offer,W_Call_after_offer,O_SENT_BACK,W_Assess_application,W_Assess_application,0,deviant
286,1255,A_SUBMITTED,A_PARTLYSUBMITTED,W_Fix_incomplete_submission,A_PREACCEPTED,W_Complete_preaccepted_appl,A_ACCEPTED,A_FINALIZED,O_SELECTED,O_CREATED,O_SENT,W_Call_after_offer,W_Call_after_offer,A_DECLINED,0,0,0,0,0,0,0,deviant
287,1256,A_SUBMITTED,A_PARTLYSUBMITTED,W_Assess_fraud,A_PREACCEPTED,W_Complete_preaccepted_appl,W_Complete_preaccepted_appl,A_DECLINED,0,0,0,0,0,0,0,0,0,0,0,0,0,deviant
288,1257,A_SUBMITTED,A_PARTLYSUBMITTED,W_Assess_fraud,O_DECLINED,A_DECLINED,0,0,0,0,0,0,0,0,0,0,0,0,0,0,0,deviant
289,1258,A_SUBMITTED,A_PARTLYSUBMITTED,W_Assess_fraud,A_PREACCEPTED,W_Complete_preaccepted_appl,A_ACCEPTED,A_FINALIZED,O_SELECTED,O_CREATED,O_SENT,W_Call_after_offer,O_SENT_BACK,W_Assess_application,O_ACCEPTED,A_APPROVED,A_REGISTERED,A_ACTIVATED,0,0,0,deviant
290,1259,A_SUBMITTED,A_PARTLYSUBMITTED,W_Assess_fraud,A_PREACCEPTED,W_Complete_preaccepted_appl,W_Complete_preaccepted_appl,W_Complete_preaccepted_appl,W_Complete_preaccepted_appl,W_Complete_preaccepted_appl,W_Complete_preaccepted_appl,W_Complete_preaccepted_appl,W_Complete_preaccepted_appl,W_Complete_preaccepted_appl,W_Complete_preaccepted_appl,A_DECLINED,0,0,0,0,0,deviant
291,126,A_SUBMITTED,A_PARTLYSUBMITTED,W_Assess_fraud,A_PREACCEPTED,W_Complete_preaccepted_appl,A_ACCEPTED,A_FINALIZED,O_SELECTED,O_CREATED,O_SENT,W_Call_after_offer,W_Call_after_offer,W_Call_after_offer,W_Call_after_offer,W_Call_after_offer,W_Call_after_offer,O_SENT_BACK,W_Assess_application,W_Assess_application,W_Assess_application,regular
292,1260,A_SUBMITTED,A_PARTLYSUBMITTED,W_Assess_fraud,A_CANCELLED,0,0,0,0,0,0,0,0,0,0,0,0,0,0,0,0,deviant
293,1261,A_SUBMITTED,A_PARTLYSUBMITTED,W_Assess_fraud,A_PREACCEPTED,W_Complete_preaccepted_appl,A_DECLINED,0,0,0,0,0,0,0,0,0,0,0,0,0,0,deviant
294,1262,A_SUBMITTED,A_PARTLYSUBMITTED,W_Assess_fraud,O_DECLINED,A_DECLINED,0,0,0,0,0,0,0,0,0,0,0,0,0,0,0,deviant
295,1263,A_SUBMITTED,A_PARTLYSUBMITTED,W_Fix_incomplete_submission,O_DECLINED,A_DECLINED,0,0,0,0,0,0,0,0,0,0,0,0,0,0,0,deviant
296,1264,A_SUBMITTED,A_PARTLYSUBMITTED,W_Assess_fraud,A_PREACCEPTED,W_Complete_preaccepted_appl,A_DECLINED,0,0,0,0,0,0,0,0,0,0,0,0,0,0,deviant
297,1265,A_SUBMITTED,A_PARTLYSUBMITTED,W_Assess_fraud,A_PREACCEPTED,W_Complete_preaccepted_appl,W_Complete_preaccepted_appl,W_Complete_preaccepted_appl,W_Complete_preaccepted_appl,W_Complete_preaccepted_appl,W_Complete_preaccepted_appl,W_Complete_preaccepted_appl,W_Complete_preaccepted_appl,W_Complete_preaccepted_appl,W_Complete_preaccepted_appl,A_ACCEPTED,A_FINALIZED,O_SELECTED,O_CREATED,O_SENT,W_Call_after_offer,deviant
298,1266,A_SUBMITTED,A_PARTLYSUBMITTED,W_Fix_incomplete_submission,A_PREACCEPTED,W_Complete_preaccepted_appl,W_Complete_preaccepted_appl,W_Complete_preaccepted_appl,W_Complete_preaccepted_appl,A_CANCELLED,0,0,0,0,0,0,0,0,0,0,0,deviant
299,1267,A_SUBMITTED,A_PARTLYSUBMITTED,W_Assess_fraud,A_PREACCEPTED,W_Complete_preaccepted_appl,W_Complete_preaccepted_appl,W_Complete_preaccepted_appl,W_Complete_preaccepted_appl,A_DECLINED,0,0,0,0,0,0,0,0,0,0,0,deviant
300,1268,A_SUBMITTED,A_PARTLYSUBMITTED,W_Fix_incomplete_submission,W_Fix_incomplete_submission,A_PREACCEPTED,W_Complete_preaccepted_appl,W_Complete_preaccepted_appl,W_Complete_preaccepted_appl,A_ACCEPTED,A_FINALIZED,O_SELECTED,O_CREATED,O_SENT,W_Call_after_offer,O_SENT_BACK,W_Assess_application,W_Assess_application,O_ACCEPTED,A_APPROVED,A_REGISTERED,deviant
301,1269,A_SUBMITTED,A_PARTLYSUBMITTED,W_Fix_incomplete_submission,O_DECLINED,A_DECLINED,0,0,0,0,0,0,0,0,0,0,0,0,0,0,0,deviant
302,127,A_SUBMITTED,A_PARTLYSUBMITTED,W_Fix_incomplete_submission,W_Fix_incomplete_submission,A_PREACCEPTED,W_Complete_preaccepted_appl,W_Complete_preaccepted_appl,W_Complete_preaccepted_appl,A_ACCEPTED,A_FINALIZED,O_SELECTED,O_CREATED,O_SENT,W_Call_after_offer,W_Call_after_offer,W_Call_after_offer,W_Call_after_offer,W_Call_after_offer,W_Call_after_offer,O_SELECTED,deviant
303,1270,A_SUBMITTED,A_PARTLYSUBMITTED,W_Assess_fraud,A_PREACCEPTED,W_Complete_preaccepted_appl,A_ACCEPTED,A_FINALIZED,O_SELECTED,O_CREATED,O_SENT,W_Call_after_offer,O_SELECTED,O_CREATED,O_SENT,W_Call_after_offer,W_Call_after_offer,W_Call_after_offer,W_Call_after_offer,W_Call_after_offer,O_SELECTED,deviant
304,1271,A_SUBMITTED,A_PARTLYSUBMITTED,W_Assess_fraud,A_CANCELLED,0,0,0,0,0,0,0,0,0,0,0,0,0,0,0,0,deviant
305,1272,A_SUBMITTED,A_PARTLYSUBMITTED,W_Assess_fraud,A_PREACCEPTED,W_Complete_preaccepted_appl,W_Complete_preaccepted_appl,A_DECLINED,0,0,0,0,0,0,0,0,0,0,0,0,0,deviant
306,1273,A_SUBMITTED,A_PARTLYSUBMITTED,W_Assess_fraud,A_PREACCEPTED,W_Complete_preaccepted_appl,W_Complete_preaccepted_appl,A_ACCEPTED,A_FINALIZED,O_SELECTED,O_CREATED,O_SENT,W_Call_after_offer,W_Call_after_offer,A_DECLINED,0,0,0,0,0,0,deviant
307,1274,A_SUBMITTED,A_PARTLYSUBMITTED,W_Assess_fraud,A_PREACCEPTED,W_Complete_preaccepted_appl,W_Complete_preaccepted_appl,W_Complete_preaccepted_appl,W_Complete_preaccepted_appl,W_Complete_preaccepted_appl,A_DECLINED,0,0,0,0,0,0,0,0,0,0,deviant
308,1275,A_SUBMITTED,A_PARTLYSUBMITTED,W_Assess_fraud,O_DECLINED,A_DECLINED,0,0,0,0,0,0,0,0,0,0,0,0,0,0,0,deviant
309,1276,A_SUBMITTED,A_PARTLYSUBMITTED,W_Assess_fraud,A_PREACCEPTED,W_Complete_preaccepted_appl,W_Complete_preaccepted_appl,W_Complete_preaccepted_appl,A_ACCEPTED,A_FINALIZED,O_SELECTED,O_CREATED,O_SENT,W_Call_after_offer,W_Call_after_offer,W_Call_after_offer,W_Call_after_offer,W_Call_after_offer,W_Call_after_offer,O_SENT_BACK,W_Assess_application,deviant
310,1277,A_SUBMITTED,A_PARTLYSUBMITTED,W_Assess_fraud,A_PREACCEPTED,W_Complete_preaccepted_appl,W_Complete_preaccepted_appl,A_ACCEPTED,A_FINALIZED,O_SELECTED,O_CREATED,O_SENT,W_Call_after_offer,O_SENT_BACK,W_Assess_application,W_Assess_application,W_Assess_application,W_Call_missing_information,W_Call_missing_information,W_Call_missing_information,W_Call_missing_information,regular
311,1278,A_SUBMITTED,A_PARTLYSUBMITTED,W_Fix_incomplete_submission,W_Fix_incomplete_submission,A_PREACCEPTED,W_Complete_preaccepted_appl,A_DECLINED,0,0,0,0,0,0,0,0,0,0,0,0,0,deviant
312,1279,A_SUBMITTED,A_PARTLYSUBMITTED,W_Fix_incomplete_submission,A_PREACCEPTED,W_Complete_preaccepted_appl,W_Complete_preaccepted_appl,A_ACCEPTED,A_FINALIZED,O_SELECTED,O_CREATED,O_SENT,W_Call_after_offer,A_DECLINED,0,0,0,0,0,0,0,deviant
313,128,A_SUBMITTED,A_PARTLYSUBMITTED,W_Assess_fraud,A_PREACCEPTED,W_Complete_preaccepted_appl,A_DECLINED,0,0,0,0,0,0,0,0,0,0,0,0,0,0,deviant
314,1280,A_SUBMITTED,A_PARTLYSUBMITTED,W_Assess_fraud,A_PREACCEPTED,W_Complete_preaccepted_appl,W_Complete_preaccepted_appl,A_DECLINED,0,0,0,0,0,0,0,0,0,0,0,0,0,deviant
315,1281,A_SUBMITTED,A_PARTLYSUBMITTED,W_Assess_fraud,A_PREACCEPTED,W_Complete_preaccepted_appl,A_ACCEPTED,A_FINALIZED,O_SELECTED,O_CREATED,O_SENT,W_Call_after_offer,W_Call_after_offer,W_Call_after_offer,W_Call_after_offer,A_DECLINED,0,0,0,0,0,deviant
316,1282,A_SUBMITTED,A_PARTLYSUBMITTED,W_Assess_fraud,A_PREACCEPTED,W_Complete_preaccepted_appl,W_Complete_preaccepted_appl,W_Complete_preaccepted_appl,A_ACCEPTED,A_FINALIZED,O_SELECTED,O_CREATED,O_SENT,W_Call_after_offer,A_DECLINED,0,0,0,0,0,0,deviant
317,1283,A_SUBMITTED,A_PARTLYSUBMITTED,W_Assess_fraud,A_PREACCEPTED,W_Complete_preaccepted_appl,W_Complete_preaccepted_appl,A_ACCEPTED,A_FINALIZED,O_SELECTED,O_CREATED,O_SENT,W_Call_after_offer,W_Call_after_offer,W_Call_after_offer,O_ACCEPTED,A_APPROVED,A_REGISTERED,A_ACTIVATED,0,0,deviant
318,1284,A_SUBMITTED,A_PARTLYSUBMITTED,W_Assess_fraud,A_PREACCEPTED,W_Complete_preaccepted_appl,W_Complete_preaccepted_appl,W_Complete_preaccepted_appl,W_Complete_preaccepted_appl,W_Complete_preaccepted_appl,A_ACCEPTED,A_FINALIZED,O_SELECTED,O_CREATED,O_SENT,W_Call_after_offer,A_DECLINED,0,0,0,0,deviant
319,1285,A_SUBMITTED,A_PARTLYSUBMITTED,W_Fix_incomplete_submission,A_PREACCEPTED,W_Complete_preaccepted_appl,A_ACCEPTED,A_FINALIZED,O_SELECTED,O_CREATED,O_SENT,W_Call_after_offer,A_DECLINED,0,0,0,0,0,0,0,0,deviant
320,1286,A_SUBMITTED,A_PARTLYSUBMITTED,W_Assess_fraud,A_PREACCEPTED,W_Complete_preaccepted_appl,W_Complete_preaccepted_appl,W_Complete_preaccepted_appl,A_DECLINED,0,0,0,0,0,0,0,0,0,0,0,0,deviant
321,1287,A_SUBMITTED,A_PARTLYSUBMITTED,W_Assess_fraud,A_PREACCEPTED,W_Complete_preaccepted_appl,W_Complete_preaccepted_appl,W_Complete_preaccepted_appl,W_Complete_preaccepted_appl,A_ACCEPTED,A_FINALIZED,O_SELECTED,O_CREATED,O_SENT,W_Call_after_offer,W_Call_after_offer,O_SENT_BACK,W_Assess_application,W_Assess_application,W_Call_missing_information,W_Call_missing_information,regular
322,1288,A_SUBMITTED,A_PARTLYSUBMITTED,W_Fix_incomplete_submission,A_PREACCEPTED,W_Complete_preaccepted_appl,W_Complete_preaccepted_appl,W_Complete_preaccepted_appl,W_Complete_preaccepted_appl,A_ACCEPTED,A_FINALIZED,O_SELECTED,O_CREATED,O_SENT,O_SELECTED,O_CREATED,O_SENT,O_SELECTED,O_CREATED,O_SENT,W_Call_after_offer,regular
323,1289,A_SUBMITTED,A_PARTLYSUBMITTED,W_Assess_fraud,A_PREACCEPTED,W_Complete_preaccepted_appl,W_Complete_preaccepted_appl,A_CANCELLED,0,0,0,0,0,0,0,0,0,0,0,0,0,deviant
324,129,A_SUBMITTED,A_PARTLYSUBMITTED,W_Fix_incomplete_submission,A_PREACCEPTED,W_Complete_preaccepted_appl,W_Complete_preaccepted_appl,W_Complete_preaccepted_appl,W_Complete_preaccepted_appl,W_Complete_preaccepted_appl,A_ACCEPTED,A_FINALIZED,O_SELECTED,O_CREATED,O_SENT,W_Call_after_offer,W_Call_after_offer,O_SENT_BACK,W_Assess_application,W_Assess_application,W_Assess_application,regular
325,1290,A_SUBMITTED,A_PARTLYSUBMITTED,W_Fix_incomplete_submission,A_PREACCEPTED,W_Complete_preaccepted_appl,W_Complete_preaccepted_appl,W_Complete_preaccepted_appl,A_ACCEPTED,A_FINALIZED,O_SELECTED,O_CREATED,O_SENT,W_Call_after_offer,W_Call_after_offer,W_Call_after_offer,A_DECLINED,0,0,0,0,deviant
326,1291,A_SUBMITTED,A_PARTLYSUBMITTED,W_Assess_fraud,A_PREACCEPTED,W_Complete_preaccepted_appl,A_ACCEPTED,A_FINALIZED,O_SELECTED,O_CREATED,O_SENT,W_Call_after_offer,W_Call_after_offer,W_Call_after_offer,W_Call_after_offer,A_DECLINED,0,0,0,0,0,deviant
327,1292,A_SUBMITTED,A_PARTLYSUBMITTED,W_Assess_fraud,A_PREACCEPTED,W_Complete_preaccepted_appl,W_Complete_preaccepted_appl,W_Complete_preaccepted_appl,W_Complete_preaccepted_appl,A_DECLINED,0,0,0,0,0,0,0,0,0,0,0,deviant
328,1293,A_SUBMITTED,A_PARTLYSUBMITTED,W_Fix_incomplete_submission,A_PREACCEPTED,W_Complete_preaccepted_appl,W_Complete_preaccepted_appl,W_Complete_preaccepted_appl,W_Complete_preaccepted_appl,A_ACCEPTED,A_FINALIZED,O_SELECTED,O_CREATED,O_SENT,W_Call_after_offer,W_Call_after_offer,W_Call_after_offer,W_Call_after_offer,W_Call_after_offer,O_SENT_BACK,W_Assess_application,regular
329,1294,A_SUBMITTED,A_PARTLYSUBMITTED,W_Fix_incomplete_submission,A_PREACCEPTED,W_Complete_preaccepted_appl,W_Complete_preaccepted_appl,A_CANCELLED,0,0,0,0,0,0,0,0,0,0,0,0,0,deviant
330,1295,A_SUBMITTED,A_PARTLYSUBMITTED,W_Assess_fraud,A_PREACCEPTED,W_Complete_preaccepted_appl,W_Complete_preaccepted_appl,W_Complete_preaccepted_appl,W_Complete_preaccepted_appl,W_Complete_preaccepted_appl,W_Complete_preaccepted_appl,W_Complete_preaccepted_appl,W_Complete_preaccepted_appl,W_Complete_preaccepted_appl,A_DECLINED,0,0,0,0,0,0,deviant
331,1296,A_SUBMITTED,A_PARTLYSUBMITTED,W_Assess_fraud,A_PREACCEPTED,W_Complete_preaccepted_appl,W_Complete_preaccepted_appl,W_Complete_preaccepted_appl,W_Complete_preaccepted_appl,A_DECLINED,0,0,0,0,0,0,0,0,0,0,0,deviant
332,1297,A_SUBMITTED,A_PARTLYSUBMITTED,W_Assess_fraud,A_PREACCEPTED,W_Complete_preaccepted_appl,A_ACCEPTED,A_FINALIZED,O_SELECTED,O_CREATED,O_SENT,W_Call_after_offer,W_Call_after_offer,W_Call_after_offer,W_Call_after_offer,W_Call_after_offer,W_Call_after_offer,O_CANCELLED,O_SELECTED,O_CREATED,O_SENT,regular
333,1298,A_SUBMITTED,A_PARTLYSUBMITTED,W_Fix_incomplete_submission,O_DECLINED,A_DECLINED,0,0,0,0,0,0,0,0,0,0,0,0,0,0,0,deviant
334,1299,A_SUBMITTED,A_PARTLYSUBMITTED,W_Fix_incomplete_submission,A_PREACCEPTED,W_Complete_preaccepted_appl,A_ACCEPTED,A_FINALIZED,O_SELECTED,O_CREATED,O_SENT,W_Call_after_offer,W_Call_after_offer,A_DECLINED,0,0,0,0,0,0,0,deviant
335,13,A_SUBMITTED,A_PARTLYSUBMITTED,W_Assess_fraud,A_PREACCEPTED,W_Complete_preaccepted_appl,W_Complete_preaccepted_appl,W_Complete_preaccepted_appl,A_ACCEPTED,A_FINALIZED,O_SELECTED,O_CREATED,O_SENT,W_Call_after_offer,W_Call_after_offer,W_Call_after_offer,W_Call_after_offer,A_DECLINED,0,0,0,deviant
336,130,A_SUBMITTED,A_PARTLYSUBMITTED,W_Assess_fraud,A_PREACCEPTED,W_Complete_preaccepted_appl,W_Complete_preaccepted_appl,W_Complete_preaccepted_appl,W_Complete_preaccepted_appl,W_Complete_preaccepted_appl,A_ACCEPTED,A_FINALIZED,O_SELECTED,O_CREATED,O_SENT,W_Call_after_offer,W_Call_after_offer,W_Call_after_offer,W_Call_after_offer,A_DECLINED,0,deviant
337,1300,A_SUBMITTED,A_PARTLYSUBMITTED,W_Fix_incomplete_submission,A_PREACCEPTED,W_Complete_preaccepted_appl,W_Complete_preaccepted_appl,W_Complete_preaccepted_appl,W_Complete_preaccepted_appl,W_Complete_preaccepted_appl,A_ACCEPTED,A_FINALIZED,O_SELECTED,O_CREATED,O_SENT,W_Call_after_offer,W_Call_after_offer,O_SENT_BACK,W_Assess_application,0,0,deviant
338,1301,A_SUBMITTED,A_PARTLYSUBMITTED,W_Fix_incomplete_submission,A_PREACCEPTED,W_Complete_preaccepted_appl,A_DECLINED,0,0,0,0,0,0,0,0,0,0,0,0,0,0,deviant
339,1302,A_SUBMITTED,A_PARTLYSUBMITTED,W_Fix_incomplete_submission,A_CANCELLED,0,0,0,0,0,0,0,0,0,0,0,0,0,0,0,0,deviant
340,1303,A_SUBMITTED,A_PARTLYSUBMITTED,W_Assess_fraud,A_PREACCEPTED,W_Complete_preaccepted_appl,W_Complete_preaccepted_appl,A_ACCEPTED,A_FINALIZED,O_SELECTED,O_CREATED,O_SENT,O_SELECTED,O_CREATED,O_SENT,W_Call_after_offer,O_SENT_BACK,W_Assess_application,W_Assess_application,W_Assess_application,W_Assess_application,regular
341,1304,A_SUBMITTED,A_PARTLYSUBMITTED,W_Assess_fraud,A_PREACCEPTED,W_Complete_preaccepted_appl,A_ACCEPTED,A_FINALIZED,O_SELECTED,O_CREATED,O_SENT,O_SELECTED,O_CREATED,O_SENT,O_SELECTED,O_CREATED,O_SENT,W_Call_after_offer,A_DECLINED,0,0,deviant
342,1305,A_SUBMITTED,A_PARTLYSUBMITTED,W_Assess_fraud,A_PREACCEPTED,W_Complete_preaccepted_appl,A_ACCEPTED,A_FINALIZED,O_SELECTED,O_CREATED,O_SENT,O_SENT_BACK,W_Assess_application,W_Assess_application,W_Assess_application,W_Call_missing_information,O_ACCEPTED,A_APPROVED,A_REGISTERED,A_ACTIVATED,0,deviant
343,1306,A_SUBMITTED,A_PARTLYSUBMITTED,W_Fix_incomplete_submission,A_PREACCEPTED,W_Complete_preaccepted_appl,A_ACCEPTED,A_FINALIZED,O_SELECTED,O_CREATED,O_SENT,W_Call_after_offer,A_DECLINED,0,0,0,0,0,0,0,0,deviant
344,1307,A_SUBMITTED,A_PARTLYSUBMITTED,W_Fix_incomplete_submission,A_PREACCEPTED,W_Complete_preaccepted_appl,W_Complete_preaccepted_appl,W_Complete_preaccepted_appl,W_Complete_preaccepted_appl,W_Complete_preaccepted_appl,W_Complete_preaccepted_appl,A_ACCEPTED,A_FINALIZED,O_SELECTED,O_CREATED,O_SENT,W_Call_after_offer,W_Call_after_offer,W_Call_after_offer,W_Call_after_offer,W_Call_after_offer,regular
345,1308,A_SUBMITTED,A_PARTLYSUBMITTED,W_Fix_incomplete_submission,A_PREACCEPTED,W_Complete_preaccepted_appl,W_Complete_preaccepted_appl,W_Complete_preaccepted_appl,A_DECLINED,0,0,0,0,0,0,0,0,0,0,0,0,deviant
346,1309,A_SUBMITTED,A_PARTLYSUBMITTED,W_Assess_fraud,A_PREACCEPTED,W_Complete_preaccepted_appl,W_Complete_preaccepted_appl,W_Complete_preaccepted_appl,W_Complete_preaccepted_appl,A_ACCEPTED,A_FINALIZED,O_SELECTED,O_CREATED,O_SENT,W_Call_after_offer,W_Call_after_offer,O_SENT_BACK,W_Assess_application,O_SELECTED,O_CREATED,O_SENT,deviant
347,131,A_SUBMITTED,A_PARTLYSUBMITTED,W_Fix_incomplete_submission,A_PREACCEPTED,W_Complete_preaccepted_appl,A_DECLINED,0,0,0,0,0,0,0,0,0,0,0,0,0,0,deviant
348,1310,A_SUBMITTED,A_PARTLYSUBMITTED,W_Fix_incomplete_submission,A_PREACCEPTED,W_Complete_preaccepted_appl,W_Complete_preaccepted_appl,A_ACCEPTED,A_FINALIZED,O_SELECTED,O_CREATED,O_SENT,W_Call_after_offer,O_SENT_BACK,W_Assess_application,W_Assess_application,W_Assess_application,W_Assess_application,W_Call_missing_information,O_CANCELLED,O_SELECTED,regular
349,1311,A_SUBMITTED,A_PARTLYSUBMITTED,W_Assess_fraud,A_PREACCEPTED,W_Complete_preaccepted_appl,W_Complete_preaccepted_appl,W_Complete_preaccepted_appl,W_Complete_preaccepted_appl,W_Complete_preaccepted_appl,A_ACCEPTED,A_FINALIZED,O_SELECTED,O_CREATED,O_SENT,W_Call_after_offer,A_DECLINED,0,0,0,0,deviant
350,1312,A_SUBMITTED,A_PARTLYSUBMITTED,W_Assess_fraud,A_PREACCEPTED,W_Complete_preaccepted_appl,W_Complete_preaccepted_appl,A_ACCEPTED,A_FINALIZED,O_SELECTED,O_CREATED,O_SENT,W_Call_after_offer,W_Call_after_offer,W_Call_after_offer,W_Call_after_offer,W_Call_after_offer,W_Call_after_offer,O_SELECTED,O_CREATED,O_SENT,deviant
351,1313,A_SUBMITTED,A_PARTLYSUBMITTED,W_Assess_fraud,A_PREACCEPTED,W_Complete_preaccepted_appl,W_Complete_preaccepted_appl,A_ACCEPTED,A_FINALIZED,O_SELECTED,O_CREATED,O_SENT,W_Call_after_offer,W_Call_after_offer,W_Call_after_offer,A_DECLINED,0,0,0,0,0,deviant
352,1314,A_SUBMITTED,A_PARTLYSUBMITTED,W_Assess_fraud,A_PREACCEPTED,W_Complete_preaccepted_appl,W_Complete_preaccepted_appl,A_DECLINED,0,0,0,0,0,0,0,0,0,0,0,0,0,deviant
353,1315,A_SUBMITTED,A_PARTLYSUBMITTED,W_Assess_fraud,A_PREACCEPTED,W_Complete_preaccepted_appl,W_Complete_preaccepted_appl,W_Complete_preaccepted_appl,W_Complete_preaccepted_appl,A_ACCEPTED,A_FINALIZED,O_SELECTED,O_CREATED,O_SENT,W_Call_after_offer,W_Call_after_offer,W_Call_after_offer,O_SENT_BACK,W_Assess_application,W_Assess_application,W_Assess_application,regular
354,1316,A_SUBMITTED,A_PARTLYSUBMITTED,W_Assess_fraud,A_PREACCEPTED,W_Complete_preaccepted_appl,W_Complete_preaccepted_appl,W_Complete_preaccepted_appl,W_Complete_preaccepted_appl,W_Complete_preaccepted_appl,W_Complete_preaccepted_appl,A_ACCEPTED,A_FINALIZED,O_SELECTED,O_CREATED,O_SENT,W_Call_after_offer,W_Call_after_offer,W_Call_after_offer,O_SENT_BACK,W_Assess_application,regular
355,1317,A_SUBMITTED,A_PARTLYSUBMITTED,W_Assess_fraud,A_PREACCEPTED,W_Complete_preaccepted_appl,A_CANCELLED,0,0,0,0,0,0,0,0,0,0,0,0,0,0,deviant
356,1318,A_SUBMITTED,A_PARTLYSUBMITTED,W_Fix_incomplete_submission,A_PREACCEPTED,W_Complete_preaccepted_appl,W_Complete_preaccepted_appl,W_Complete_preaccepted_appl,W_Complete_preaccepted_appl,W_Complete_preaccepted_appl,W_Complete_preaccepted_appl,A_DECLINED,0,0,0,0,0,0,0,0,0,deviant
357,1319,A_SUBMITTED,A_PARTLYSUBMITTED,W_Assess_fraud,A_PREACCEPTED,W_Complete_preaccepted_appl,A_ACCEPTED,A_FINALIZED,O_SELECTED,O_CREATED,O_SENT,W_Call_after_offer,O_SELECTED,O_CREATED,O_SENT,W_Call_after_offer,A_DECLINED,0,0,0,0,deviant
358,132,A_SUBMITTED,A_PARTLYSUBMITTED,W_Fix_incomplete_submission,O_DECLINED,A_DECLINED,0,0,0,0,0,0,0,0,0,0,0,0,0,0,0,deviant
359,1320,A_SUBMITTED,A_PARTLYSUBMITTED,W_Assess_fraud,A_PREACCEPTED,W_Complete_preaccepted_appl,W_Complete_preaccepted_appl,A_CANCELLED,0,0,0,0,0,0,0,0,0,0,0,0,0,deviant
360,1321,A_SUBMITTED,A_PARTLYSUBMITTED,W_Fix_incomplete_submission,A_PREACCEPTED,W_Complete_preaccepted_appl,W_Complete_preaccepted_appl,A_DECLINED,0,0,0,0,0,0,0,0,0,0,0,0,0,deviant
361,1322,A_SUBMITTED,A_PARTLYSUBMITTED,W_Assess_fraud,A_PREACCEPTED,W_Complete_preaccepted_appl,W_Complete_preaccepted_appl,A_ACCEPTED,A_FINALIZED,O_SELECTED,O_CREATED,O_SENT,W_Call_after_offer,W_Call_after_offer,W_Call_after_offer,O_SENT_BACK,W_Assess_application,W_Call_missing_information,W_Call_missing_information,W_Call_missing_information,W_Call_missing_information,regular
362,1323,A_SUBMITTED,A_PARTLYSUBMITTED,W_Fix_incomplete_submission,W_Fix_incomplete_submission,A_PREACCEPTED,W_Complete_preaccepted_appl,W_Complete_preaccepted_appl,W_Complete_preaccepted_appl,W_Complete_preaccepted_appl,W_Complete_preaccepted_appl,W_Complete_preaccepted_appl,W_Complete_preaccepted_appl,A_DECLINED,0,0,0,0,0,0,0,deviant
363,1324,A_SUBMITTED,A_PARTLYSUBMITTED,W_Fix_incomplete_submission,A_PREACCEPTED,W_Complete_preaccepted_appl,W_Complete_preaccepted_appl,A_DECLINED,0,0,0,0,0,0,0,0,0,0,0,0,0,deviant
364,1325,A_SUBMITTED,A_PARTLYSUBMITTED,W_Assess_fraud,A_PREACCEPTED,W_Complete_preaccepted_appl,W_Complete_preaccepted_appl,W_Complete_preaccepted_appl,A_ACCEPTED,A_FINALIZED,O_SELECTED,O_CREATED,O_SENT,W_Call_after_offer,A_DECLINED,0,0,0,0,0,0,deviant
365,1326,A_SUBMITTED,A_PARTLYSUBMITTED,W_Assess_fraud,A_PREACCEPTED,W_Complete_preaccepted_appl,A_DECLINED,0,0,0,0,0,0,0,0,0,0,0,0,0,0,deviant
366,1327,A_SUBMITTED,A_PARTLYSUBMITTED,W_Assess_fraud,O_DECLINED,A_DECLINED,0,0,0,0,0,0,0,0,0,0,0,0,0,0,0,deviant
367,1328,A_SUBMITTED,A_PARTLYSUBMITTED,W_Assess_fraud,O_DECLINED,A_DECLINED,0,0,0,0,0,0,0,0,0,0,0,0,0,0,0,deviant
368,1329,A_SUBMITTED,A_PARTLYSUBMITTED,W_Assess_fraud,A_PREACCEPTED,W_Complete_preaccepted_appl,W_Complete_preaccepted_appl,A_DECLINED,0,0,0,0,0,0,0,0,0,0,0,0,0,deviant
369,133,A_SUBMITTED,A_PARTLYSUBMITTED,W_Assess_fraud,A_PREACCEPTED,W_Complete_preaccepted_appl,A_ACCEPTED,A_FINALIZED,O_SELECTED,O_CREATED,O_SENT,W_Call_after_offer,O_SENT_BACK,W_Assess_application,A_DECLINED,0,0,0,0,0,0,deviant
370,1330,A_SUBMITTED,A_PARTLYSUBMITTED,W_Fix_incomplete_submission,A_PREACCEPTED,W_Complete_preaccepted_appl,A_ACCEPTED,A_FINALIZED,O_SELECTED,O_CREATED,O_SENT,W_Call_after_offer,W_Call_after_offer,W_Call_after_offer,O_SELECTED,O_CREATED,O_SENT,W_Call_after_offer,W_Call_after_offer,W_Call_after_offer,O_SENT_BACK,regular
371,1331,A_SUBMITTED,A_PARTLYSUBMITTED,W_Assess_fraud,A_PREACCEPTED,W_Complete_preaccepted_appl,W_Complete_preaccepted_appl,W_Complete_preaccepted_appl,W_Complete_preaccepted_appl,A_DECLINED,0,0,0,0,0,0,0,0,0,0,0,deviant
372,1332,A_SUBMITTED,A_PARTLYSUBMITTED,W_Assess_fraud,A_PREACCEPTED,W_Complete_preaccepted_appl,W_Complete_preaccepted_appl,W_Complete_preaccepted_appl,W_Complete_preaccepted_appl,W_Complete_preaccepted_appl,A_ACCEPTED,A_FINALIZED,O_SELECTED,O_CREATED,O_SENT,O_SELECTED,O_CREATED,O_SENT,O_SELECTED,O_CREATED,O_SENT,deviant
373,1333,A_SUBMITTED,A_PARTLYSUBMITTED,W_Fix_incomplete_submission,A_PREACCEPTED,W_Complete_preaccepted_appl,W_Complete_preaccepted_appl,W_Complete_preaccepted_appl,W_Complete_preaccepted_appl,A_ACCEPTED,A_FINALIZED,O_SELECTED,O_CREATED,O_SENT,W_Call_after_offer,W_Call_after_offer,W_Call_after_offer,W_Call_after_offer,W_Call_after_offer,A_DECLINED,0,deviant
374,1334,A_SUBMITTED,A_PARTLYSUBMITTED,W_Assess_fraud,A_PREACCEPTED,W_Complete_preaccepted_appl,W_Complete_preaccepted_appl,W_Complete_preaccepted_appl,W_Complete_preaccepted_appl,W_Complete_preaccepted_appl,W_Complete_preaccepted_appl,A_ACCEPTED,A_FINALIZED,O_SELECTED,O_CREATED,O_SENT,W_Call_after_offer,W_Call_after_offer,W_Call_after_offer,W_Call_after_offer,W_Call_after_offer,deviant
375,1335,A_SUBMITTED,A_PARTLYSUBMITTED,W_Assess_fraud,A_PREACCEPTED,W_Complete_preaccepted_appl,W_Complete_preaccepted_appl,W_Complete_preaccepted_appl,A_DECLINED,0,0,0,0,0,0,0,0,0,0,0,0,deviant
376,1336,A_SUBMITTED,A_PARTLYSUBMITTED,W_Assess_fraud,A_PREACCEPTED,W_Complete_preaccepted_appl,W_Complete_preaccepted_appl,W_Complete_preaccepted_appl,A_ACCEPTED,A_FINALIZED,O_SELECTED,O_CREATED,O_SENT,W_Call_after_offer,W_Call_after_offer,O_SENT_BACK,W_Assess_application,W_Assess_application,W_Call_missing_information,W_Call_missing_information,W_Call_missing_information,regular
377,1337,A_SUBMITTED,A_PARTLYSUBMITTED,W_Fix_incomplete_submission,A_PREACCEPTED,W_Complete_preaccepted_appl,W_Complete_preaccepted_appl,W_Complete_preaccepted_appl,W_Complete_preaccepted_appl,A_ACCEPTED,A_FINALIZED,O_SELECTED,O_CREATED,O_SENT,W_Call_after_offer,A_DECLINED,0,0,0,0,0,deviant
378,1338,A_SUBMITTED,A_PARTLYSUBMITTED,W_Assess_fraud,O_DECLINED,A_DECLINED,0,0,0,0,0,0,0,0,0,0,0,0,0,0,0,deviant
379,1339,A_SUBMITTED,A_PARTLYSUBMITTED,W_Assess_fraud,A_PREACCEPTED,W_Complete_preaccepted_appl,A_ACCEPTED,A_FINALIZED,O_SELECTED,O_CREATED,O_SENT,W_Call_after_offer,W_Call_after_offer,W_Call_after_offer,O_SENT_BACK,W_Assess_application,A_DECLINED,0,0,0,0,deviant
380,134,A_SUBMITTED,A_PARTLYSUBMITTED,W_Assess_fraud,A_PREACCEPTED,W_Complete_preaccepted_appl,W_Complete_preaccepted_appl,W_Complete_preaccepted_appl,W_Complete_preaccepted_appl,W_Complete_preaccepted_appl,A_ACCEPTED,A_FINALIZED,O_SELECTED,O_CREATED,O_SENT,W_Call_after_offer,O_SELECTED,O_CREATED,O_SENT,W_Call_after_offer,W_Call_after_offer,regular
381,1340,A_SUBMITTED,A_PARTLYSUBMITTED,W_Assess_fraud,A_PREACCEPTED,W_Complete_preaccepted_appl,W_Complete_preaccepted_appl,W_Complete_preaccepted_appl,W_Complete_preaccepted_appl,W_Complete_preaccepted_appl,W_Complete_preaccepted_appl,W_Complete_preaccepted_appl,A_ACCEPTED,A_FINALIZED,O_SELECTED,O_CREATED,O_SENT,O_SELECTED,O_CREATED,O_SENT,W_Call_after_offer,deviant
382,1341,A_SUBMITTED,A_PARTLYSUBMITTED,W_Assess_fraud,A_CANCELLED,0,0,0,0,0,0,0,0,0,0,0,0,0,0,0,0,deviant
383,1342,A_SUBMITTED,A_PARTLYSUBMITTED,W_Assess_fraud,A_PREACCEPTED,W_Complete_preaccepted_appl,A_ACCEPTED,A_FINALIZED,O_SELECTED,O_CREATED,O_SENT,W_Call_after_offer,O_SELECTED,O_CREATED,O_SENT,W_Call_after_offer,W_Call_after_offer,A_DECLINED,0,0,0,deviant
384,1343,A_SUBMITTED,A_PARTLYSUBMITTED,W_Fix_incomplete_submission,O_DECLINED,A_DECLINED,0,0,0,0,0,0,0,0,0,0,0,0,0,0,0,deviant
385,1344,A_SUBMITTED,A_PARTLYSUBMITTED,W_Fix_incomplete_submission,O_DECLINED,A_DECLINED,0,0,0,0,0,0,0,0,0,0,0,0,0,0,0,deviant
386,1345,A_SUBMITTED,A_PARTLYSUBMITTED,W_Assess_fraud,A_CANCELLED,0,0,0,0,0,0,0,0,0,0,0,0,0,0,0,0,deviant
387,1346,A_SUBMITTED,A_PARTLYSUBMITTED,W_Assess_fraud,A_PREACCEPTED,W_Complete_preaccepted_appl,W_Complete_preaccepted_appl,W_Complete_preaccepted_appl,W_Complete_preaccepted_appl,A_ACCEPTED,A_FINALIZED,O_SELECTED,O_CREATED,O_SENT,O_SELECTED,O_CREATED,O_SENT,O_SENT_BACK,W_Assess_application,W_Assess_application,W_Assess_application,deviant
388,1347,A_SUBMITTED,A_PARTLYSUBMITTED,W_Assess_fraud,A_PREACCEPTED,W_Complete_preaccepted_appl,A_ACCEPTED,A_FINALIZED,O_SELECTED,O_CREATED,O_SENT,W_Call_after_offer,W_Call_after_offer,O_SENT_BACK,W_Assess_application,O_CANCELLED,O_SELECTED,O_CREATED,O_SENT,O_SELECTED,O_CREATED,regular
389,1348,A_SUBMITTED,A_PARTLYSUBMITTED,W_Assess_fraud,A_PREACCEPTED,W_Complete_preaccepted_appl,W_Complete_preaccepted_appl,W_Complete_preaccepted_appl,W_Complete_preaccepted_appl,W_Complete_preaccepted_appl,W_Complete_preaccepted_appl,W_Complete_preaccepted_appl,W_Complete_preaccepted_appl,A_ACCEPTED,A_FINALIZED,O_SELECTED,O_CREATED,O_SENT,O_SELECTED,O_CREATED,O_SENT,deviant
390,1349,A_SUBMITTED,A_PARTLYSUBMITTED,W_Assess_fraud,A_PREACCEPTED,W_Complete_preaccepted_appl,A_DECLINED,0,0,0,0,0,0,0,0,0,0,0,0,0,0,deviant
391,135,A_SUBMITTED,A_PARTLYSUBMITTED,W_Assess_fraud,A_PREACCEPTED,W_Complete_preaccepted_appl,A_ACCEPTED,A_FINALIZED,O_SELECTED,O_CREATED,O_SENT,O_SELECTED,O_CREATED,O_SENT,W_Call_after_offer,W_Call_after_offer,A_DECLINED,0,0,0,0,deviant
392,1350,A_SUBMITTED,A_PARTLYSUBMITTED,W_Assess_fraud,A_PREACCEPTED,W_Complete_preaccepted_appl,W_Complete_preaccepted_appl,A_DECLINED,0,0,0,0,0,0,0,0,0,0,0,0,0,deviant
393,1351,A_SUBMITTED,A_PARTLYSUBMITTED,W_Assess_fraud,A_CANCELLED,0,0,0,0,0,0,0,0,0,0,0,0,0,0,0,0,deviant
394,1352,A_SUBMITTED,A_PARTLYSUBMITTED,W_Assess_fraud,A_PREACCEPTED,W_Complete_preaccepted_appl,W_Complete_preaccepted_appl,A_ACCEPTED,A_FINALIZED,O_SELECTED,O_CREATED,O_SENT,W_Call_after_offer,O_SENT_BACK,W_Assess_application,W_Assess_application,W_Assess_application,W_Assess_application,W_Assess_application,W_Assess_application,O_ACCEPTED,deviant
395,1353,A_SUBMITTED,A_PARTLYSUBMITTED,W_Assess_fraud,A_CANCELLED,0,0,0,0,0,0,0,0,0,0,0,0,0,0,0,0,deviant
396,1354,A_SUBMITTED,A_PARTLYSUBMITTED,W_Assess_fraud,A_PREACCEPTED,W_Complete_preaccepted_appl,W_Complete_preaccepted_appl,A_ACCEPTED,A_FINALIZED,O_SELECTED,O_CREATED,O_SENT,W_Call_after_offer,W_Call_after_offer,W_Call_after_offer,O_SENT_BACK,W_Assess_application,W_Assess_application,W_Call_missing_information,W_Call_missing_information,W_Call_missing_information,regular
397,1355,A_SUBMITTED,A_PARTLYSUBMITTED,W_Assess_fraud,A_PREACCEPTED,W_Complete_preaccepted_appl,W_Complete_preaccepted_appl,A_ACCEPTED,A_FINALIZED,O_SELECTED,O_CREATED,O_SENT,W_Call_after_offer,A_DECLINED,0,0,0,0,0,0,0,deviant
398,1356,A_SUBMITTED,A_PARTLYSUBMITTED,W_Assess_fraud,A_PREACCEPTED,W_Complete_preaccepted_appl,W_Complete_preaccepted_appl,W_Complete_preaccepted_appl,W_Complete_preaccepted_appl,W_Complete_preaccepted_appl,A_ACCEPTED,A_FINALIZED,O_SELECTED,O_CREATED,O_SENT,W_Call_after_offer,W_Call_after_offer,O_SENT_BACK,W_Assess_application,W_Assess_application,W_Assess_application,regular
399,1357,A_SUBMITTED,A_PARTLYSUBMITTED,W_Assess_fraud,A_PREACCEPTED,W_Complete_preaccepted_appl,W_Complete_preaccepted_appl,W_Complete_preaccepted_appl,A_DECLINED,0,0,0,0,0,0,0,0,0,0,0,0,deviant
400,1358,A_SUBMITTED,A_PARTLYSUBMITTED,W_Fix_incomplete_submission,A_PREACCEPTED,W_Complete_preaccepted_appl,W_Complete_preaccepted_appl,W_Complete_preaccepted_appl,A_ACCEPTED,A_FINALIZED,O_SELECTED,O_CREATED,O_SENT,O_SELECTED,O_CREATED,O_SENT,O_SELECTED,O_CREATED,O_SENT,W_Call_after_offer,A_DECLINED,deviant
401,1359,A_SUBMITTED,A_PARTLYSUBMITTED,W_Assess_fraud,A_PREACCEPTED,W_Complete_preaccepted_appl,A_DECLINED,0,0,0,0,0,0,0,0,0,0,0,0,0,0,deviant
402,136,A_SUBMITTED,A_PARTLYSUBMITTED,W_Assess_fraud,A_PREACCEPTED,W_Complete_preaccepted_appl,W_Complete_preaccepted_appl,W_Complete_preaccepted_appl,W_Complete_preaccepted_appl,A_ACCEPTED,A_FINALIZED,O_SELECTED,O_CREATED,O_SENT,W_Call_after_offer,W_Call_after_offer,W_Call_after_offer,W_Call_after_offer,W_Call_after_offer,O_SENT_BACK,W_Assess_application,regular
403,1360,A_SUBMITTED,A_PARTLYSUBMITTED,W_Assess_fraud,A_PREACCEPTED,W_Complete_preaccepted_appl,W_Complete_preaccepted_appl,W_Complete_preaccepted_appl,W_Complete_preaccepted_appl,W_Complete_preaccepted_appl,A_ACCEPTED,A_FINALIZED,O_SELECTED,O_CREATED,O_SENT,A_DECLINED,0,0,0,0,0,deviant
404,1361,A_SUBMITTED,A_PARTLYSUBMITTED,W_Assess_fraud,A_PREACCEPTED,W_Complete_preaccepted_appl,W_Complete_preaccepted_appl,W_Complete_preaccepted_appl,A_DECLINED,0,0,0,0,0,0,0,0,0,0,0,0,deviant
405,1362,A_SUBMITTED,A_PARTLYSUBMITTED,W_Fix_incomplete_submission,A_PREACCEPTED,W_Complete_preaccepted_appl,W_Complete_preaccepted_appl,W_Complete_preaccepted_appl,A_ACCEPTED,A_FINALIZED,O_SELECTED,O_CREATED,O_SENT,O_SELECTED,O_CREATED,O_SENT,W_Call_after_offer,O_SELECTED,O_CREATED,O_SENT,W_Call_after_offer,deviant
406,1363,A_SUBMITTED,A_PARTLYSUBMITTED,W_Assess_fraud,A_PREACCEPTED,W_Complete_preaccepted_appl,W_Complete_preaccepted_appl,W_Complete_preaccepted_appl,W_Complete_preaccepted_appl,W_Complete_preaccepted_appl,A_ACCEPTED,A_FINALIZED,O_SELECTED,O_CREATED,O_SENT,O_SELECTED,O_CREATED,O_SENT,W_Call_after_offer,O_SENT_BACK,W_Assess_application,regular
407,1364,A_SUBMITTED,A_PARTLYSUBMITTED,W_Fix_incomplete_submission,O_DECLINED,A_DECLINED,0,0,0,0,0,0,0,0,0,0,0,0,0,0,0,deviant
408,1365,A_SUBMITTED,A_PARTLYSUBMITTED,W_Fix_incomplete_submission,W_Fix_incomplete_submission,W_Fix_incomplete_submission,A_PREACCEPTED,W_Complete_preaccepted_appl,A_DECLINED,0,0,0,0,0,0,0,0,0,0,0,0,deviant
409,1366,A_SUBMITTED,A_PARTLYSUBMITTED,W_Assess_fraud,A_PREACCEPTED,W_Complete_preaccepted_appl,W_Complete_preaccepted_appl,A_ACCEPTED,A_FINALIZED,O_SELECTED,O_CREATED,O_SENT,O_SELECTED,O_CREATED,O_SENT,W_Call_after_offer,W_Call_after_offer,W_Call_after_offer,A_DECLINED,0,0,deviant
410,1367,A_SUBMITTED,A_PARTLYSUBMITTED,W_Assess_fraud,A_PREACCEPTED,W_Complete_preaccepted_appl,W_Complete_preaccepted_appl,W_Complete_preaccepted_appl,W_Complete_preaccepted_appl,W_Complete_preaccepted_appl,A_ACCEPTED,A_FINALIZED,O_SELECTED,O_CREATED,O_SENT,O_SELECTED,O_CREATED,O_SENT,W_Call_after_offer,W_Call_after_offer,O_SENT_BACK,regular
411,1368,A_SUBMITTED,A_PARTLYSUBMITTED,W_Assess_fraud,A_PREACCEPTED,W_Complete_preaccepted_appl,A_ACCEPTED,A_FINALIZED,O_SELECTED,O_CREATED,O_SENT,W_Call_after_offer,W_Call_after_offer,O_SELECTED,O_CREATED,O_SENT,W_Call_after_offer,O_SENT_BACK,W_Assess_application,W_Call_missing_information,W_Call_missing_information,regular
412,1369,A_SUBMITTED,A_PARTLYSUBMITTED,W_Fix_incomplete_submission,A_PREACCEPTED,W_Complete_preaccepted_appl,W_Complete_preaccepted_appl,W_Complete_preaccepted_appl,W_Complete_preaccepted_appl,A_ACCEPTED,A_FINALIZED,O_SELECTED,O_CREATED,O_SENT,W_Call_after_offer,A_DECLINED,0,0,0,0,0,deviant
413,137,A_SUBMITTED,A_PARTLYSUBMITTED,W_Assess_fraud,A_PREACCEPTED,W_Complete_preaccepted_appl,A_DECLINED,0,0,0,0,0,0,0,0,0,0,0,0,0,0,deviant
414,1370,A_SUBMITTED,A_PARTLYSUBMITTED,W_Assess_fraud,A_PREACCEPTED,W_Complete_preaccepted_appl,W_Complete_preaccepted_appl,W_Complete_preaccepted_appl,A_ACCEPTED,A_FINALIZED,O_SELECTED,O_CREATED,O_SENT,O_SELECTED,O_CREATED,O_SENT,O_SELECTED,O_CREATED,O_SENT,W_Call_after_offer,W_Call_after_offer,deviant
415,1371,A_SUBMITTED,A_PARTLYSUBMITTED,W_Assess_fraud,A_PREACCEPTED,W_Complete_preaccepted_appl,A_ACCEPTED,A_FINALIZED,O_SELECTED,O_CREATED,O_SENT,O_SELECTED,O_CREATED,O_SENT,W_Call_after_offer,W_Call_after_offer,W_Call_after_offer,O_SELECTED,O_CREATED,O_SENT,O_SELECTED,deviant
416,1372,A_SUBMITTED,A_PARTLYSUBMITTED,W_Fix_incomplete_submission,A_PREACCEPTED,W_Complete_preaccepted_appl,W_Complete_preaccepted_appl,W_Complete_preaccepted_appl,A_ACCEPTED,A_FINALIZED,O_SELECTED,O_CREATED,O_SENT,W_Call_after_offer,W_Call_after_offer,A_DECLINED,0,0,0,0,0,deviant
417,1373,A_SUBMITTED,A_PARTLYSUBMITTED,W_Assess_fraud,A_PREACCEPTED,W_Complete_preaccepted_appl,A_DECLINED,0,0,0,0,0,0,0,0,0,0,0,0,0,0,deviant
418,1374,A_SUBMITTED,A_PARTLYSUBMITTED,W_Fix_incomplete_submission,A_PREACCEPTED,W_Complete_preaccepted_appl,W_Complete_preaccepted_appl,W_Complete_preaccepted_appl,A_ACCEPTED,A_FINALIZED,O_SELECTED,O_CREATED,O_SENT,W_Call_after_offer,O_SENT_BACK,W_Assess_application,W_Assess_application,W_Call_missing_information,W_Call_missing_information,W_Call_missing_information,O_ACCEPTED,regular
419,1375,A_SUBMITTED,A_PARTLYSUBMITTED,W_Assess_fraud,A_PREACCEPTED,W_Complete_preaccepted_appl,A_ACCEPTED,A_FINALIZED,O_SELECTED,O_CREATED,O_SENT,W_Call_after_offer,W_Call_after_offer,W_Call_after_offer,W_Call_after_offer,A_DECLINED,0,0,0,0,0,deviant
420,1376,A_SUBMITTED,A_PARTLYSUBMITTED,W_Fix_incomplete_submission,W_Fix_incomplete_submission,A_PREACCEPTED,W_Complete_preaccepted_appl,A_ACCEPTED,A_FINALIZED,O_SELECTED,O_CREATED,O_SENT,O_SELECTED,O_CREATED,O_SENT,O_SELECTED,O_CREATED,O_SENT,W_Call_after_offer,W_Call_after_offer,W_Call_after_offer,regular
421,1377,A_SUBMITTED,A_PARTLYSUBMITTED,W_Fix_incomplete_submission,A_PREACCEPTED,W_Complete_preaccepted_appl,A_ACCEPTED,A_FINALIZED,O_SELECTED,O_CREATED,O_SENT,W_Call_after_offer,W_Call_after_offer,W_Call_after_offer,W_Call_after_offer,W_Call_after_offer,O_SENT_BACK,W_Assess_application,W_Assess_application,W_Assess_application,W_Assess_application,regular
422,1378,A_SUBMITTED,A_PARTLYSUBMITTED,W_Assess_fraud,A_PREACCEPTED,W_Complete_preaccepted_appl,W_Complete_preaccepted_appl,A_ACCEPTED,A_FINALIZED,O_SELECTED,O_CREATED,O_SENT,O_SELECTED,O_CREATED,O_SENT,W_Call_after_offer,W_Call_after_offer,O_SENT_BACK,W_Assess_application,W_Assess_application,W_Assess_application,regular
423,1379,A_SUBMITTED,A_PARTLYSUBMITTED,W_Fix_incomplete_submission,A_PREACCEPTED,W_Complete_preaccepted_appl,W_Complete_preaccepted_appl,W_Complete_preaccepted_appl,W_Complete_preaccepted_appl,A_DECLINED,0,0,0,0,0,0,0,0,0,0,0,deviant
424,138,A_SUBMITTED,A_PARTLYSUBMITTED,W_Fix_incomplete_submission,A_PREACCEPTED,W_Complete_preaccepted_appl,W_Complete_preaccepted_appl,W_Complete_preaccepted_appl,A_DECLINED,0,0,0,0,0,0,0,0,0,0,0,0,deviant
425,1380,A_SUBMITTED,A_PARTLYSUBMITTED,W_Assess_fraud,A_PREACCEPTED,W_Complete_preaccepted_appl,W_Complete_preaccepted_appl,A_DECLINED,0,0,0,0,0,0,0,0,0,0,0,0,0,deviant
426,1381,A_SUBMITTED,A_PARTLYSUBMITTED,W_Assess_fraud,A_PREACCEPTED,W_Complete_preaccepted_appl,W_Complete_preaccepted_appl,A_ACCEPTED,A_FINALIZED,O_SELECTED,O_CREATED,O_SENT,W_Call_after_offer,O_SENT_BACK,W_Assess_application,W_Assess_application,W_Call_missing_information,O_ACCEPTED,A_APPROVED,A_REGISTERED,A_ACTIVATED,regular
427,1382,A_SUBMITTED,A_PARTLYSUBMITTED,W_Assess_fraud,A_PREACCEPTED,W_Complete_preaccepted_appl,W_Complete_preaccepted_appl,A_DECLINED,0,0,0,0,0,0,0,0,0,0,0,0,0,deviant
428,1383,A_SUBMITTED,A_PARTLYSUBMITTED,W_Fix_incomplete_submission,O_DECLINED,A_DECLINED,0,0,0,0,0,0,0,0,0,0,0,0,0,0,0,deviant
429,1384,A_SUBMITTED,A_PARTLYSUBMITTED,W_Fix_incomplete_submission,A_PREACCEPTED,W_Complete_preaccepted_appl,W_Complete_preaccepted_appl,W_Complete_preaccepted_appl,A_ACCEPTED,A_FINALIZED,O_SELECTED,O_CREATED,O_SENT,O_SELECTED,O_CREATED,O_SENT,W_Call_after_offer,A_DECLINED,0,0,0,deviant
430,1385,A_SUBMITTED,A_PARTLYSUBMITTED,W_Assess_fraud,A_PREACCEPTED,W_Complete_preaccepted_appl,A_DECLINED,0,0,0,0,0,0,0,0,0,0,0,0,0,0,deviant
431,1386,A_SUBMITTED,A_PARTLYSUBMITTED,W_Fix_incomplete_submission,W_Fix_incomplete_submission,A_PREACCEPTED,W_Complete_preaccepted_appl,W_Complete_preaccepted_appl,A_CANCELLED,0,0,0,0,0,0,0,0,0,0,0,0,deviant
432,1387,A_SUBMITTED,A_PARTLYSUBMITTED,W_Fix_incomplete_submission,A_PREACCEPTED,W_Complete_preaccepted_appl,W_Complete_preaccepted_appl,A_ACCEPTED,A_FINALIZED,O_SELECTED,O_CREATED,O_SENT,O_SELECTED,O_CREATED,O_SENT,W_Call_after_offer,W_Call_after_offer,W_Call_after_offer,W_Call_after_offer,W_Call_after_offer,W_Call_after_offer,deviant
433,1388,A_SUBMITTED,A_PARTLYSUBMITTED,W_Assess_fraud,A_PREACCEPTED,W_Complete_preaccepted_appl,W_Complete_preaccepted_appl,A_ACCEPTED,A_FINALIZED,O_SELECTED,O_CREATED,O_SENT,W_Call_after_offer,A_DECLINED,0,0,0,0,0,0,0,deviant
434,1389,A_SUBMITTED,A_PARTLYSUBMITTED,W_Assess_fraud,A_PREACCEPTED,W_Complete_preaccepted_appl,W_Complete_preaccepted_appl,W_Complete_preaccepted_appl,A_ACCEPTED,A_FINALIZED,O_SELECTED,O_CREATED,O_SENT,O_SELECTED,O_CREATED,O_SENT,W_Call_after_offer,A_DECLINED,0,0,0,deviant
435,139,A_SUBMITTED,A_PARTLYSUBMITTED,W_Assess_fraud,A_PREACCEPTED,W_Complete_preaccepted_appl,A_ACCEPTED,A_FINALIZED,O_SELECTED,O_CREATED,O_SENT,W_Call_after_offer,W_Call_after_offer,O_SELECTED,O_CREATED,O_SENT,W_Call_after_offer,W_Call_after_offer,A_DECLINED,0,0,deviant
436,1390,A_SUBMITTED,A_PARTLYSUBMITTED,W_Assess_fraud,A_PREACCEPTED,W_Complete_preaccepted_appl,W_Complete_preaccepted_appl,W_Complete_preaccepted_appl,W_Complete_preaccepted_appl,W_Complete_preaccepted_appl,W_Complete_preaccepted_appl,W_Complete_preaccepted_appl,A_ACCEPTED,A_FINALIZED,O_SELECTED,O_CREATED,O_SENT,W_Call_after_offer,O_SENT_BACK,W_Assess_application,W_Call_missing_information,regular
437,1391,A_SUBMITTED,A_PARTLYSUBMITTED,W_Fix_incomplete_submission,A_PREACCEPTED,W_Complete_preaccepted_appl,A_ACCEPTED,A_FINALIZED,O_SELECTED,O_CREATED,O_SENT,W_Call_after_offer,W_Call_after_offer,O_SELECTED,O_CREATED,O_SENT,O_SELECTED,O_CREATED,O_SENT,O_SELECTED,O_CREATED,deviant
438,1392,A_SUBMITTED,A_PARTLYSUBMITTED,W_Fix_incomplete_submission,A_PREACCEPTED,W_Complete_preaccepted_appl,A_ACCEPTED,A_FINALIZED,O_SELECTED,O_CREATED,O_SENT,W_Call_after_offer,W_Call_after_offer,W_Call_after_offer,W_Call_after_offer,W_Call_after_offer,O_SENT_BACK,W_Assess_application,W_Call_missing_information,W_Call_missing_information,W_Call_missing_information,regular
439,1393,A_SUBMITTED,A_PARTLYSUBMITTED,W_Assess_fraud,A_PREACCEPTED,W_Complete_preaccepted_appl,W_Complete_preaccepted_appl,W_Complete_preaccepted_appl,W_Complete_preaccepted_appl,W_Complete_preaccepted_appl,W_Complete_preaccepted_appl,A_DECLINED,0,0,0,0,0,0,0,0,0,deviant
440,1394,A_SUBMITTED,A_PARTLYSUBMITTED,W_Assess_fraud,A_PREACCEPTED,W_Complete_preaccepted_appl,A_DECLINED,0,0,0,0,0,0,0,0,0,0,0,0,0,0,deviant
441,1395,A_SUBMITTED,A_PARTLYSUBMITTED,W_Fix_incomplete_submission,A_PREACCEPTED,W_Complete_preaccepted_appl,W_Complete_preaccepted_appl,A_ACCEPTED,A_FINALIZED,O_SELECTED,O_CREATED,O_SENT,W_Call_after_offer,O_SENT_BACK,W_Assess_application,W_Call_missing_information,W_Call_missing_information,W_Call_missing_information,W_Call_missing_information,W_Call_missing_information,W_Call_missing_information,regular
442,1396,A_SUBMITTED,A_PARTLYSUBMITTED,W_Fix_incomplete_submission,A_PREACCEPTED,W_Complete_preaccepted_appl,W_Complete_preaccepted_appl,W_Complete_preaccepted_appl,W_Complete_preaccepted_appl,W_Complete_preaccepted_appl,A_ACCEPTED,A_FINALIZED,O_SELECTED,O_CREATED,O_SENT,W_Call_after_offer,W_Call_after_offer,O_SENT_BACK,W_Assess_application,W_Call_missing_information,O_ACCEPTED,regular
443,1397,A_SUBMITTED,A_PARTLYSUBMITTED,W_Assess_fraud,A_PREACCEPTED,W_Complete_preaccepted_appl,W_Complete_preaccepted_appl,W_Complete_preaccepted_appl,W_Complete_preaccepted_appl,W_Complete_preaccepted_appl,W_Complete_preaccepted_appl,W_Complete_preaccepted_appl,W_Complete_preaccepted_appl,W_Complete_preaccepted_appl,W_Complete_preaccepted_appl,W_Complete_preaccepted_appl,A_CANCELLED,0,0,0,0,deviant
444,1398,A_SUBMITTED,A_PARTLYSUBMITTED,W_Assess_fraud,A_PREACCEPTED,W_Complete_preaccepted_appl,W_Complete_preaccepted_appl,A_DECLINED,0,0,0,0,0,0,0,0,0,0,0,0,0,deviant
445,1399,A_SUBMITTED,A_PARTLYSUBMITTED,W_Fix_incomplete_submission,A_PREACCEPTED,W_Complete_preaccepted_appl,W_Complete_preaccepted_appl,W_Complete_preaccepted_appl,W_Complete_preaccepted_appl,W_Complete_preaccepted_appl,A_ACCEPTED,A_FINALIZED,O_SELECTED,O_CREATED,O_SENT,W_Call_after_offer,W_Call_after_offer,W_Call_after_offer,O_SENT_BACK,W_Assess_application,W_Assess_application,regular
446,14,A_SUBMITTED,A_PARTLYSUBMITTED,W_Fix_incomplete_submission,A_PREACCEPTED,W_Complete_preaccepted_appl,W_Complete_preaccepted_appl,W_Complete_preaccepted_appl,A_DECLINED,0,0,0,0,0,0,0,0,0,0,0,0,deviant
447,140,A_SUBMITTED,A_PARTLYSUBMITTED,W_Assess_fraud,A_PREACCEPTED,W_Complete_preaccepted_appl,W_Complete_preaccepted_appl,W_Complete_preaccepted_appl,A_ACCEPTED,A_FINALIZED,O_SELECTED,O_CREATED,O_SENT,O_SELECTED,O_CREATED,O_SENT,W_Call_after_offer,W_Call_after_offer,W_Call_after_offer,O_SENT_BACK,W_Assess_application,regular
448,1400,A_SUBMITTED,A_PARTLYSUBMITTED,W_Assess_fraud,A_PREACCEPTED,W_Complete_preaccepted_appl,W_Complete_preaccepted_appl,W_Complete_preaccepted_appl,W_Complete_preaccepted_appl,A_ACCEPTED,A_FINALIZED,O_SELECTED,O_CREATED,O_SENT,W_Call_after_offer,A_DECLINED,0,0,0,0,0,deviant
449,1401,A_SUBMITTED,A_PARTLYSUBMITTED,W_Assess_fraud,A_PREACCEPTED,W_Complete_preaccepted_appl,W_Complete_preaccepted_appl,W_Complete_preaccepted_appl,W_Complete_preaccepted_appl,W_Complete_preaccepted_appl,A_ACCEPTED,A_FINALIZED,O_SELECTED,O_CREATED,O_SENT,O_SELECTED,O_CREATED,O_SENT,W_Call_after_offer,W_Call_after_offer,O_SELECTED,deviant
450,1402,A_SUBMITTED,A_PARTLYSUBMITTED,W_Assess_fraud,A_PREACCEPTED,W_Complete_preaccepted_appl,A_ACCEPTED,A_FINALIZED,O_SELECTED,O_CREATED,O_SENT,W_Call_after_offer,W_Call_after_offer,O_SENT_BACK,W_Assess_application,W_Assess_application,W_Assess_application,W_Assess_application,W_Call_missing_information,O_ACCEPTED,A_APPROVED,regular
451,1403,A_SUBMITTED,A_PARTLYSUBMITTED,W_Assess_fraud,A_PREACCEPTED,W_Complete_preaccepted_appl,W_Complete_preaccepted_appl,A_ACCEPTED,A_FINALIZED,O_SELECTED,O_CREATED,O_SENT,O_SELECTED,O_CREATED,O_SENT,W_Call_after_offer,W_Call_after_offer,W_Call_after_offer,W_Call_after_offer,W_Call_after_offer,W_Call_after_offer,deviant
452,1404,A_SUBMITTED,A_PARTLYSUBMITTED,W_Assess_fraud,A_PREACCEPTED,W_Complete_preaccepted_appl,W_Complete_preaccepted_appl,W_Complete_preaccepted_appl,W_Complete_preaccepted_appl,W_Complete_preaccepted_appl,A_ACCEPTED,A_FINALIZED,O_SELECTED,O_CREATED,O_SENT,O_SENT_BACK,W_Assess_application,W_Assess_application,W_Assess_application,W_Assess_application,W_Call_missing_information,deviant
453,1405,A_SUBMITTED,A_PARTLYSUBMITTED,W_Assess_fraud,A_PREACCEPTED,W_Complete_preaccepted_appl,A_DECLINED,0,0,0,0,0,0,0,0,0,0,0,0,0,0,deviant
454,1406,A_SUBMITTED,A_PARTLYSUBMITTED,W_Fix_incomplete_submission,A_PREACCEPTED,W_Complete_preaccepted_appl,A_ACCEPTED,A_FINALIZED,O_SELECTED,O_CREATED,O_SENT,O_SELECTED,O_CREATED,O_SENT,W_Call_after_offer,O_SENT_BACK,W_Assess_application,W_Assess_application,W_Assess_application,O_ACCEPTED,A_APPROVED,deviant
455,1407,A_SUBMITTED,A_PARTLYSUBMITTED,W_Assess_fraud,A_PREACCEPTED,W_Complete_preaccepted_appl,W_Complete_preaccepted_appl,W_Complete_preaccepted_appl,W_Complete_preaccepted_appl,W_Complete_preaccepted_appl,W_Complete_preaccepted_appl,W_Complete_preaccepted_appl,W_Complete_preaccepted_appl,W_Complete_preaccepted_appl,W_Complete_preaccepted_appl,W_Complete_preaccepted_appl,W_Complete_preaccepted_appl,W_Complete_preaccepted_appl,W_Complete_preaccepted_appl,W_Complete_preaccepted_appl,A_DECLINED,deviant
456,1408,A_SUBMITTED,A_PARTLYSUBMITTED,W_Assess_fraud,A_PREACCEPTED,W_Complete_preaccepted_appl,W_Complete_preaccepted_appl,W_Complete_preaccepted_appl,A_ACCEPTED,A_FINALIZED,O_SELECTED,O_CREATED,O_SENT,O_SELECTED,O_CREATED,O_SENT,O_SELECTED,O_CREATED,O_SENT,W_Call_after_offer,O_SELECTED,deviant
457,1409,A_SUBMITTED,A_PARTLYSUBMITTED,W_Assess_fraud,A_PREACCEPTED,W_Complete_preaccepted_appl,A_ACCEPTED,A_FINALIZED,O_SELECTED,O_CREATED,O_SENT,W_Call_after_offer,W_Call_after_offer,W_Call_after_offer,O_SENT_BACK,W_Assess_application,O_ACCEPTED,A_APPROVED,A_REGISTERED,A_ACTIVATED,0,deviant
458,141,A_SUBMITTED,A_PARTLYSUBMITTED,W_Assess_fraud,A_PREACCEPTED,W_Complete_preaccepted_appl,W_Complete_preaccepted_appl,A_ACCEPTED,A_FINALIZED,O_SELECTED,O_CREATED,O_SENT,W_Call_after_offer,W_Call_after_offer,O_SENT_BACK,W_Assess_application,W_Assess_application,W_Call_missing_information,O_ACCEPTED,A_APPROVED,A_REGISTERED,regular
459,1410,A_SUBMITTED,A_PARTLYSUBMITTED,W_Fix_incomplete_submission,A_PREACCEPTED,W_Complete_preaccepted_appl,W_Complete_preaccepted_appl,W_Complete_preaccepted_appl,W_Complete_preaccepted_appl,W_Complete_preaccepted_appl,W_Complete_preaccepted_appl,W_Complete_preaccepted_appl,W_Complete_preaccepted_appl,A_ACCEPTED,A_FINALIZED,O_SELECTED,O_CREATED,O_SENT,W_Call_after_offer,A_DECLINED,0,deviant
460,1411,A_SUBMITTED,A_PARTLYSUBMITTED,W_Assess_fraud,A_PREACCEPTED,W_Complete_preaccepted_appl,W_Complete_preaccepted_appl,W_Complete_preaccepted_appl,W_Complete_preaccepted_appl,W_Complete_preaccepted_appl,A_ACCEPTED,A_FINALIZED,O_SELECTED,O_CREATED,O_SENT,O_SELECTED,O_CREATED,O_SENT,O_SELECTED,O_CREATED,O_SENT,regular
461,1412,A_SUBMITTED,A_PARTLYSUBMITTED,W_Fix_incomplete_submission,W_Fix_incomplete_submission,A_PREACCEPTED,W_Complete_preaccepted_appl,W_Complete_preaccepted_appl,W_Complete_preaccepted_appl,W_Complete_preaccepted_appl,W_Complete_preaccepted_appl,W_Complete_preaccepted_appl,A_ACCEPTED,A_FINALIZED,O_SELECTED,O_CREATED,O_SENT,W_Call_after_offer,W_Call_after_offer,O_SENT_BACK,W_Assess_application,regular
462,1413,A_SUBMITTED,A_PARTLYSUBMITTED,A_PREACCEPTED,W_Complete_preaccepted_appl,W_Complete_preaccepted_appl,W_Complete_preaccepted_appl,A_DECLINED,0,0,0,0,0,0,0,0,0,0,0,0,0,deviant
463,1414,A_SUBMITTED,A_PARTLYSUBMITTED,W_Assess_fraud,A_PREACCEPTED,W_Complete_preaccepted_appl,W_Complete_preaccepted_appl,W_Complete_preaccepted_appl,A_DECLINED,0,0,0,0,0,0,0,0,0,0,0,0,deviant
464,1415,A_SUBMITTED,A_PARTLYSUBMITTED,W_Assess_fraud,A_PREACCEPTED,W_Complete_preaccepted_appl,W_Complete_preaccepted_appl,W_Complete_preaccepted_appl,A_ACCEPTED,A_FINALIZED,O_SELECTED,O_CREATED,O_SENT,O_SELECTED,O_CREATED,O_SENT,O_SELECTED,O_CREATED,O_SENT,O_SELECTED,O_CREATED,deviant
465,1416,A_SUBMITTED,A_PARTLYSUBMITTED,W_Assess_fraud,A_PREACCEPTED,W_Complete_preaccepted_appl,W_Complete_preaccepted_appl,W_Complete_preaccepted_appl,W_Complete_preaccepted_appl,W_Complete_preaccepted_appl,W_Complete_preaccepted_appl,A_DECLINED,0,0,0,0,0,0,0,0,0,deviant
466,1417,A_SUBMITTED,A_PARTLYSUBMITTED,W_Fix_incomplete_submission,W_Fix_incomplete_submission,A_PREACCEPTED,W_Complete_preaccepted_appl,W_Complete_preaccepted_appl,A_ACCEPTED,A_FINALIZED,O_SELECTED,O_CREATED,O_SENT,W_Call_after_offer,W_Call_after_offer,W_Call_after_offer,W_Call_after_offer,O_SELECTED,O_CREATED,O_SENT,W_Call_after_offer,regular
467,1418,A_SUBMITTED,A_PARTLYSUBMITTED,W_Assess_fraud,A_PREACCEPTED,W_Complete_preaccepted_appl,A_CANCELLED,0,0,0,0,0,0,0,0,0,0,0,0,0,0,deviant
468,1419,A_SUBMITTED,A_PARTLYSUBMITTED,W_Assess_fraud,A_PREACCEPTED,W_Complete_preaccepted_appl,A_ACCEPTED,A_FINALIZED,O_SELECTED,O_CREATED,O_SENT,W_Call_after_offer,W_Call_after_offer,W_Call_after_offer,O_SENT_BACK,W_Assess_application,W_Assess_application,W_Assess_application,W_Call_missing_information,W_Call_missing_information,W_Call_missing_information,regular
469,142,A_SUBMITTED,A_PARTLYSUBMITTED,W_Assess_fraud,A_PREACCEPTED,W_Complete_preaccepted_appl,W_Complete_preaccepted_appl,A_ACCEPTED,A_FINALIZED,O_SELECTED,O_CREATED,O_SENT,W_Call_after_offer,O_SENT_BACK,W_Assess_application,W_Assess_application,W_Assess_application,O_ACCEPTED,A_APPROVED,A_REGISTERED,A_ACTIVATED,deviant
470,1420,A_SUBMITTED,A_PARTLYSUBMITTED,W_Fix_incomplete_submission,O_DECLINED,A_DECLINED,0,0,0,0,0,0,0,0,0,0,0,0,0,0,0,deviant
471,1421,A_SUBMITTED,A_PARTLYSUBMITTED,W_Assess_fraud,A_PREACCEPTED,W_Complete_preaccepted_appl,W_Complete_preaccepted_appl,A_ACCEPTED,A_FINALIZED,O_SELECTED,O_CREATED,O_SENT,W_Call_after_offer,W_Call_after_offer,W_Call_after_offer,O_SENT_BACK,W_Assess_application,W_Assess_application,W_Assess_application,O_ACCEPTED,A_APPROVED,deviant
472,1422,A_SUBMITTED,A_PARTLYSUBMITTED,W_Fix_incomplete_submission,A_CANCELLED,0,0,0,0,0,0,0,0,0,0,0,0,0,0,0,0,deviant
473,1423,A_SUBMITTED,A_PARTLYSUBMITTED,W_Assess_fraud,A_PREACCEPTED,W_Complete_preaccepted_appl,A_ACCEPTED,A_FINALIZED,O_SELECTED,O_CREATED,O_SENT,W_Call_after_offer,O_SENT_BACK,W_Assess_application,W_Assess_application,W_Assess_application,W_Assess_application,W_Assess_application,O_ACCEPTED,A_APPROVED,A_REGISTERED,deviant
474,1424,A_SUBMITTED,A_PARTLYSUBMITTED,W_Assess_fraud,A_PREACCEPTED,W_Complete_preaccepted_appl,W_Complete_preaccepted_appl,A_ACCEPTED,A_FINALIZED,O_SELECTED,O_CREATED,O_SENT,O_SELECTED,O_CREATED,O_SENT,W_Call_after_offer,O_SENT_BACK,W_Assess_application,W_Call_missing_information,W_Call_missing_information,W_Call_missing_information,regular
475,1425,A_SUBMITTED,A_PARTLYSUBMITTED,W_Assess_fraud,A_PREACCEPTED,W_Complete_preaccepted_appl,A_DECLINED,0,0,0,0,0,0,0,0,0,0,0,0,0,0,deviant
476,1426,A_SUBMITTED,A_PARTLYSUBMITTED,W_Fix_incomplete_submission,A_PREACCEPTED,W_Complete_preaccepted_appl,A_ACCEPTED,A_FINALIZED,O_SELECTED,O_CREATED,O_SENT,O_SELECTED,O_CREATED,O_SENT,W_Call_after_offer,W_Call_after_offer,O_SENT_BACK,W_Assess_application,W_Assess_application,O_ACCEPTED,A_APPROVED,deviant
477,1427,A_SUBMITTED,A_PARTLYSUBMITTED,W_Fix_incomplete_submission,A_PREACCEPTED,W_Complete_preaccepted_appl,W_Complete_preaccepted_appl,W_Complete_preaccepted_appl,W_Complete_preaccepted_appl,W_Complete_preaccepted_appl,W_Complete_preaccepted_appl,W_Complete_preaccepted_appl,A_ACCEPTED,A_FINALIZED,O_SELECTED,O_CREATED,O_SENT,W_Call_after_offer,W_Call_after_offer,A_DECLINED,0,deviant
478,1428,A_SUBMITTED,A_PARTLYSUBMITTED,W_Assess_fraud,A_PREACCEPTED,W_Complete_preaccepted_appl,W_Complete_preaccepted_appl,W_Complete_preaccepted_appl,W_Complete_preaccepted_appl,W_Complete_preaccepted_appl,W_Complete_preaccepted_appl,A_ACCEPTED,A_FINALIZED,O_SELECTED,O_CREATED,O_SENT,W_Call_after_offer,W_Call_after_offer,O_SELECTED,O_CREATED,O_SENT,regular
479,1429,A_SUBMITTED,A_PARTLYSUBMITTED,W_Assess_fraud,A_PREACCEPTED,W_Complete_preaccepted_appl,W_Complete_preaccepted_appl,A_ACCEPTED,A_FINALIZED,O_SELECTED,O_CREATED,O_SENT,W_Call_after_offer,W_Call_after_offer,W_Call_after_offer,W_Call_after_offer,O_SENT_BACK,W_Assess_application,W_Assess_application,W_Assess_application,W_Assess_application,regular
480,143,A_SUBMITTED,A_PARTLYSUBMITTED,W_Fix_incomplete_submission,A_PREACCEPTED,W_Complete_preaccepted_appl,W_Complete_preaccepted_appl,W_Complete_preaccepted_appl,A_ACCEPTED,A_FINALIZED,O_SELECTED,O_CREATED,O_SENT,O_SELECTED,O_CREATED,O_SENT,W_Call_after_offer,W_Call_after_offer,0,0,0,deviant
481,1430,A_SUBMITTED,A_PARTLYSUBMITTED,W_Assess_fraud,A_PREACCEPTED,W_Complete_preaccepted_appl,W_Complete_preaccepted_appl,W_Complete_preaccepted_appl,A_ACCEPTED,A_FINALIZED,O_SELECTED,O_CREATED,O_SENT,W_Call_after_offer,W_Call_after_offer,W_Call_after_offer,W_Call_after_offer,O_SELECTED,O_CREATED,O_SENT,W_Call_after_offer,deviant
482,1431,A_SUBMITTED,A_PARTLYSUBMITTED,W_Assess_fraud,A_CANCELLED,0,0,0,0,0,0,0,0,0,0,0,0,0,0,0,0,deviant
483,1432,A_SUBMITTED,A_PARTLYSUBMITTED,W_Assess_fraud,A_PREACCEPTED,W_Complete_preaccepted_appl,W_Complete_preaccepted_appl,W_Complete_preaccepted_appl,A_DECLINED,0,0,0,0,0,0,0,0,0,0,0,0,deviant
484,1433,A_SUBMITTED,A_PARTLYSUBMITTED,W_Assess_fraud,A_PREACCEPTED,W_Complete_preaccepted_appl,A_ACCEPTED,A_FINALIZED,O_SELECTED,O_CREATED,O_SENT,W_Call_after_offer,W_Call_after_offer,W_Call_after_offer,W_Call_after_offer,W_Call_after_offer,W_Call_after_offer,O_SELECTED,O_CREATED,O_SENT,W_Call_after_offer,regular
485,1434,A_SUBMITTED,A_PARTLYSUBMITTED,W_Assess_fraud,A_PREACCEPTED,W_Complete_preaccepted_appl,W_Complete_preaccepted_appl,W_Complete_preaccepted_appl,A_ACCEPTED,A_FINALIZED,O_SELECTED,O_CREATED,O_SENT,O_SELECTED,O_CREATED,O_SENT,W_Call_after_offer,W_Call_after_offer,O_SELECTED,O_CREATED,O_SENT,regular
486,1435,A_SUBMITTED,A_PARTLYSUBMITTED,W_Assess_fraud,A_PREACCEPTED,W_Complete_preaccepted_appl,A_ACCEPTED,A_FINALIZED,O_SELECTED,O_CREATED,O_SENT,W_Call_after_offer,O_SENT_BACK,W_Assess_application,W_Assess_application,W_Assess_application,W_Assess_application,O_CANCELLED,O_SELECTED,O_CREATED,O_SENT,regular
487,1436,A_SUBMITTED,A_PARTLYSUBMITTED,A_PREACCEPTED,W_Complete_preaccepted_appl,W_Complete_preaccepted_appl,W_Complete_preaccepted_appl,W_Complete_preaccepted_appl,W_Complete_preaccepted_appl,W_Complete_preaccepted_appl,W_Complete_preaccepted_appl,A_ACCEPTED,A_FINALIZED,O_SELECTED,O_CREATED,O_SENT,W_Call_after_offer,O_SELECTED,O_CREATED,O_SENT,W_Call_after_offer,regular
488,1437,A_SUBMITTED,A_PARTLYSUBMITTED,W_Assess_fraud,A_PREACCEPTED,W_Complete_preaccepted_appl,A_ACCEPTED,A_FINALIZED,O_SELECTED,O_CREATED,O_SENT,W_Call_after_offer,A_DECLINED,0,0,0,0,0,0,0,0,deviant
489,1438,A_SUBMITTED,A_PARTLYSUBMITTED,W_Assess_fraud,A_PREACCEPTED,W_Complete_preaccepted_appl,W_Complete_preaccepted_appl,A_ACCEPTED,A_FINALIZED,O_SELECTED,O_CREATED,O_SENT,O_SENT_BACK,W_Assess_application,W_Call_missing_information,O_CANCELLED,O_SELECTED,O_CREATED,O_SENT,W_Call_after_offer,W_Call_after_offer,deviant
490,1439,A_SUBMITTED,A_PARTLYSUBMITTED,W_Assess_fraud,A_PREACCEPTED,W_Complete_preaccepted_appl,W_Complete_preaccepted_appl,W_Complete_preaccepted_appl,W_Complete_preaccepted_appl,A_ACCEPTED,A_FINALIZED,O_SELECTED,O_CREATED,O_SENT,O_SELECTED,O_CREATED,O_SENT,W_Call_after_offer,O_SENT_BACK,W_Assess_application,W_Assess_application,deviant
491,144,A_SUBMITTED,A_PARTLYSUBMITTED,W_Assess_fraud,A_PREACCEPTED,W_Complete_preaccepted_appl,W_Complete_preaccepted_appl,W_Complete_preaccepted_appl,A_ACCEPTED,A_FINALIZED,O_SELECTED,O_CREATED,O_SENT,W_Call_after_offer,W_Call_after_offer,W_Call_after_offer,O_SELECTED,O_CREATED,O_SENT,W_Call_after_offer,W_Call_after_offer,deviant
492,1440,A_SUBMITTED,A_PARTLYSUBMITTED,W_Assess_fraud,A_PREACCEPTED,W_Complete_preaccepted_appl,W_Complete_preaccepted_appl,W_Complete_preaccepted_appl,W_Complete_preaccepted_appl,W_Complete_preaccepted_appl,W_Complete_preaccepted_appl,A_DECLINED,0,0,0,0,0,0,0,0,0,deviant
493,1441,A_SUBMITTED,A_PARTLYSUBMITTED,W_Fix_incomplete_submission,A_PREACCEPTED,W_Complete_preaccepted_appl,A_ACCEPTED,A_FINALIZED,O_SELECTED,O_CREATED,O_SENT,W_Call_after_offer,W_Call_after_offer,O_SELECTED,O_CREATED,O_SENT,W_Call_after_offer,W_Call_after_offer,W_Call_after_offer,O_SENT_BACK,W_Assess_application,regular
494,1442,A_SUBMITTED,A_PARTLYSUBMITTED,W_Fix_incomplete_submission,O_DECLINED,A_DECLINED,0,0,0,0,0,0,0,0,0,0,0,0,0,0,0,deviant
495,1443,A_SUBMITTED,A_PARTLYSUBMITTED,W_Assess_fraud,A_PREACCEPTED,W_Complete_preaccepted_appl,W_Complete_preaccepted_appl,W_Complete_preaccepted_appl,W_Complete_preaccepted_appl,W_Complete_preaccepted_appl,W_Complete_preaccepted_appl,W_Complete_preaccepted_appl,W_Complete_preaccepted_appl,W_Complete_preaccepted_appl,W_Complete_preaccepted_appl,W_Complete_preaccepted_appl,W_Complete_preaccepted_appl,A_ACCEPTED,A_FINALIZED,O_SELECTED,O_CREATED,deviant
496,1444,A_SUBMITTED,A_PARTLYSUBMITTED,W_Assess_fraud,A_PREACCEPTED,W_Complete_preaccepted_appl,A_ACCEPTED,A_FINALIZED,O_SELECTED,O_CREATED,O_SENT,O_SELECTED,O_CREATED,O_SENT,W_Call_after_offer,W_Call_after_offer,W_Call_after_offer,W_Call_after_offer,O_SENT_BACK,W_Assess_application,W_Call_missing_information,regular
497,1445,A_SUBMITTED,A_PARTLYSUBMITTED,W_Fix_incomplete_submission,A_PREACCEPTED,W_Complete_preaccepted_appl,A_DECLINED,0,0,0,0,0,0,0,0,0,0,0,0,0,0,deviant
498,1446,A_SUBMITTED,A_PARTLYSUBMITTED,W_Assess_fraud,A_PREACCEPTED,W_Complete_preaccepted_appl,A_ACCEPTED,A_FINALIZED,O_SELECTED,O_CREATED,O_SENT,W_Call_after_offer,W_Call_after_offer,W_Call_after_offer,W_Call_after_offer,A_DECLINED,0,0,0,0,0,deviant
499,1447,A_SUBMITTED,A_PARTLYSUBMITTED,W_Assess_fraud,A_PREACCEPTED,W_Complete_preaccepted_appl,A_CANCELLED,0,0,0,0,0,0,0,0,0,0,0,0,0,0,deviant
500,1448,A_SUBMITTED,A_PARTLYSUBMITTED,W_Fix_incomplete_submission,W_Fix_incomplete_submission,A_PREACCEPTED,W_Complete_preaccepted_appl,W_Complete_preaccepted_appl,W_Complete_preaccepted_appl,W_Complete_preaccepted_appl,A_ACCEPTED,A_FINALIZED,O_SELECTED,O_CREATED,O_SENT,A_DECLINED,0,0,0,0,0,deviant
501,1449,A_SUBMITTED,A_PARTLYSUBMITTED,W_Assess_fraud,A_PREACCEPTED,W_Complete_preaccepted_appl,A_ACCEPTED,A_FINALIZED,O_SELECTED,O_CREATED,O_SENT,O_SELECTED,O_CREATED,O_SENT,O_SENT_BACK,W_Assess_application,W_Assess_application,W_Assess_application,W_Assess_application,A_DECLINED,0,deviant
502,145,A_SUBMITTED,A_PARTLYSUBMITTED,W_Assess_fraud,A_PREACCEPTED,W_Complete_preaccepted_appl,W_Complete_preaccepted_appl,W_Complete_preaccepted_appl,A_DECLINED,0,0,0,0,0,0,0,0,0,0,0,0,deviant
503,1450,A_SUBMITTED,A_PARTLYSUBMITTED,W_Assess_fraud,O_DECLINED,A_DECLINED,0,0,0,0,0,0,0,0,0,0,0,0,0,0,0,deviant
504,1451,A_SUBMITTED,A_PARTLYSUBMITTED,W_Assess_fraud,A_PREACCEPTED,W_Complete_preaccepted_appl,W_Complete_preaccepted_appl,A_ACCEPTED,A_FINALIZED,O_SELECTED,O_CREATED,O_SENT,W_Call_after_offer,W_Call_after_offer,W_Call_after_offer,O_SENT_BACK,W_Assess_application,W_Assess_application,W_Call_missing_information,A_DECLINED,0,regular
505,1452,A_SUBMITTED,A_PARTLYSUBMITTED,W_Assess_fraud,A_PREACCEPTED,W_Complete_preaccepted_appl,W_Complete_preaccepted_appl,W_Complete_preaccepted_appl,W_Complete_preaccepted_appl,W_Complete_preaccepted_appl,W_Complete_preaccepted_appl,W_Complete_preaccepted_appl,W_Complete_preaccepted_appl,A_ACCEPTED,A_FINALIZED,O_SELECTED,O_CREATED,O_SENT,O_SELECTED,O_CREATED,O_SENT,deviant
506,1453,A_SUBMITTED,A_PARTLYSUBMITTED,W_Assess_fraud,A_PREACCEPTED,W_Complete_preaccepted_appl,A_ACCEPTED,A_FINALIZED,O_SELECTED,O_CREATED,O_SENT,W_Call_after_offer,W_Call_after_offer,O_CANCELLED,O_SELECTED,O_CREATED,O_SENT,W_Call_after_offer,W_Call_after_offer,W_Call_after_offer,A_DECLINED,deviant
507,1454,A_SUBMITTED,A_PARTLYSUBMITTED,W_Assess_fraud,O_DECLINED,A_DECLINED,0,0,0,0,0,0,0,0,0,0,0,0,0,0,0,deviant
508,1455,A_SUBMITTED,A_PARTLYSUBMITTED,W_Assess_fraud,A_PREACCEPTED,W_Complete_preaccepted_appl,A_ACCEPTED,A_FINALIZED,O_SELECTED,O_CREATED,O_SENT,W_Call_after_offer,W_Call_after_offer,O_SELECTED,O_CREATED,O_SENT,W_Call_after_offer,W_Call_after_offer,W_Call_after_offer,W_Call_after_offer,W_Call_after_offer,regular
509,1456,A_SUBMITTED,A_PARTLYSUBMITTED,W_Assess_fraud,A_PREACCEPTED,W_Complete_preaccepted_appl,W_Complete_preaccepted_appl,W_Complete_preaccepted_appl,W_Complete_preaccepted_appl,W_Complete_preaccepted_appl,A_DECLINED,0,0,0,0,0,0,0,0,0,0,deviant
510,1457,A_SUBMITTED,A_PARTLYSUBMITTED,W_Assess_fraud,A_PREACCEPTED,W_Complete_preaccepted_appl,W_Complete_preaccepted_appl,A_ACCEPTED,A_FINALIZED,O_SELECTED,O_CREATED,O_SENT,W_Call_after_offer,A_DECLINED,0,0,0,0,0,0,0,deviant
511,1458,A_SUBMITTED,A_PARTLYSUBMITTED,W_Assess_fraud,A_PREACCEPTED,W_Complete_preaccepted_appl,A_ACCEPTED,A_FINALIZED,O_SELECTED,O_CREATED,O_SENT,W_Call_after_offer,O_SENT_BACK,W_Assess_application,W_Assess_application,O_SELECTED,O_CREATED,O_SENT,O_SELECTED,O_CREATED,O_SENT,regular
512,1459,A_SUBMITTED,A_PARTLYSUBMITTED,W_Assess_fraud,A_PREACCEPTED,W_Complete_preaccepted_appl,W_Complete_preaccepted_appl,W_Complete_preaccepted_appl,W_Complete_preaccepted_appl,W_Complete_preaccepted_appl,W_Complete_preaccepted_appl,W_Complete_preaccepted_appl,W_Complete_preaccepted_appl,W_Complete_preaccepted_appl,A_ACCEPTED,A_FINALIZED,O_SELECTED,O_CREATED,O_SENT,W_Call_after_offer,W_Call_after_offer,deviant
513,146,A_SUBMITTED,A_PARTLYSUBMITTED,W_Fix_incomplete_submission,A_PREACCEPTED,W_Complete_preaccepted_appl,A_DECLINED,0,0,0,0,0,0,0,0,0,0,0,0,0,0,deviant
514,1460,A_SUBMITTED,A_PARTLYSUBMITTED,W_Fix_incomplete_submission,A_PREACCEPTED,W_Complete_preaccepted_appl,W_Complete_preaccepted_appl,W_Complete_preaccepted_appl,W_Complete_preaccepted_appl,W_Complete_preaccepted_appl,W_Complete_preaccepted_appl,A_ACCEPTED,A_FINALIZED,O_SELECTED,O_CREATED,O_SENT,W_Call_after_offer,W_Call_after_offer,A_DECLINED,0,0,deviant
515,1461,A_SUBMITTED,A_PARTLYSUBMITTED,W_Assess_fraud,A_PREACCEPTED,W_Complete_preaccepted_appl,W_Complete_preaccepted_appl,A_ACCEPTED,A_FINALIZED,O_SELECTED,O_CREATED,O_SENT,W_Call_after_offer,W_Call_after_offer,O_SELECTED,O_CREATED,O_SENT,W_Call_after_offer,A_DECLINED,0,0,deviant
516,1462,A_SUBMITTED,A_PARTLYSUBMITTED,W_Assess_fraud,A_PREACCEPTED,W_Complete_preaccepted_appl,W_Complete_preaccepted_appl,W_Complete_preaccepted_appl,W_Complete_preaccepted_appl,A_ACCEPTED,A_FINALIZED,O_SELECTED,O_CREATED,O_SENT,O_SELECTED,O_CREATED,O_SENT,W_Call_after_offer,W_Call_after_offer,O_SENT_BACK,W_Assess_application,deviant
517,1463,A_SUBMITTED,A_PARTLYSUBMITTED,W_Assess_fraud,A_PREACCEPTED,W_Complete_preaccepted_appl,A_DECLINED,0,0,0,0,0,0,0,0,0,0,0,0,0,0,deviant
518,1464,A_SUBMITTED,A_PARTLYSUBMITTED,W_Fix_incomplete_submission,A_PREACCEPTED,W_Complete_preaccepted_appl,A_ACCEPTED,A_FINALIZED,O_SELECTED,O_CREATED,O_SENT,W_Call_after_offer,W_Call_after_offer,W_Call_after_offer,W_Call_after_offer,W_Call_after_offer,A_DECLINED,0,0,0,0,deviant
519,1465,A_SUBMITTED,A_PARTLYSUBMITTED,W_Fix_incomplete_submission,W_Fix_incomplete_submission,A_PREACCEPTED,W_Complete_preaccepted_appl,A_CANCELLED,0,0,0,0,0,0,0,0,0,0,0,0,0,deviant
520,1466,A_SUBMITTED,A_PARTLYSUBMITTED,W_Assess_fraud,A_PREACCEPTED,W_Complete_preaccepted_appl,W_Complete_preaccepted_appl,W_Complete_preaccepted_appl,A_ACCEPTED,A_FINALIZED,O_SELECTED,O_CREATED,O_SENT,W_Call_after_offer,W_Call_after_offer,O_SELECTED,O_CREATED,O_SENT,W_Call_after_offer,W_Call_after_offer,W_Call_after_offer,deviant
521,1467,A_SUBMITTED,A_PARTLYSUBMITTED,W_Assess_fraud,A_PREACCEPTED,W_Complete_preaccepted_appl,W_Complete_preaccepted_appl,W_Complete_preaccepted_appl,A_ACCEPTED,A_FINALIZED,O_SELECTED,O_CREATED,O_SENT,O_SELECTED,O_CREATED,O_SENT,O_SELECTED,O_CREATED,O_SENT,W_Call_after_offer,O_SENT_BACK,regular
522,1468,A_SUBMITTED,A_PARTLYSUBMITTED,W_Fix_incomplete_submission,A_PREACCEPTED,W_Complete_preaccepted_appl,W_Complete_preaccepted_appl,W_Complete_preaccepted_appl,A_DECLINED,0,0,0,0,0,0,0,0,0,0,0,0,deviant
523,1469,A_SUBMITTED,A_PARTLYSUBMITTED,W_Assess_fraud,A_CANCELLED,0,0,0,0,0,0,0,0,0,0,0,0,0,0,0,0,deviant
524,147,A_SUBMITTED,A_PARTLYSUBMITTED,W_Assess_fraud,A_PREACCEPTED,W_Complete_preaccepted_appl,W_Complete_preaccepted_appl,W_Complete_preaccepted_appl,A_ACCEPTED,A_FINALIZED,O_SELECTED,O_CREATED,O_SENT,W_Call_after_offer,W_Call_after_offer,W_Call_after_offer,W_Call_after_offer,W_Call_after_offer,O_SELECTED,O_CREATED,O_SENT,regular
525,1470,A_SUBMITTED,A_PARTLYSUBMITTED,W_Assess_fraud,A_PREACCEPTED,W_Complete_preaccepted_appl,W_Complete_preaccepted_appl,A_ACCEPTED,A_FINALIZED,O_SELECTED,O_CREATED,O_SENT,W_Call_after_offer,W_Call_after_offer,W_Call_after_offer,O_SENT_BACK,W_Assess_application,W_Call_missing_information,W_Call_missing_information,W_Call_missing_information,W_Call_missing_information,regular
526,1471,A_SUBMITTED,A_PARTLYSUBMITTED,W_Fix_incomplete_submission,A_PREACCEPTED,W_Complete_preaccepted_appl,W_Complete_preaccepted_appl,A_DECLINED,0,0,0,0,0,0,0,0,0,0,0,0,0,deviant
527,1472,A_SUBMITTED,A_PARTLYSUBMITTED,W_Assess_fraud,A_PREACCEPTED,W_Complete_preaccepted_appl,A_DECLINED,0,0,0,0,0,0,0,0,0,0,0,0,0,0,deviant
528,1473,A_SUBMITTED,A_PARTLYSUBMITTED,W_Assess_fraud,A_PREACCEPTED,W_Complete_preaccepted_appl,W_Complete_preaccepted_appl,A_ACCEPTED,A_FINALIZED,O_SELECTED,O_CREATED,O_SENT,W_Call_after_offer,A_DECLINED,0,0,0,0,0,0,0,deviant
529,1474,A_SUBMITTED,A_PARTLYSUBMITTED,W_Assess_fraud,A_PREACCEPTED,W_Complete_preaccepted_appl,W_Complete_preaccepted_appl,W_Complete_preaccepted_appl,W_Complete_preaccepted_appl,W_Complete_preaccepted_appl,W_Complete_preaccepted_appl,W_Complete_preaccepted_appl,W_Complete_preaccepted_appl,A_ACCEPTED,A_FINALIZED,O_SELECTED,O_CREATED,O_SENT,W_Call_after_offer,W_Call_after_offer,O_ACCEPTED,deviant
530,1475,A_SUBMITTED,A_PARTLYSUBMITTED,W_Assess_fraud,A_PREACCEPTED,W_Complete_preaccepted_appl,W_Complete_preaccepted_appl,W_Complete_preaccepted_appl,A_ACCEPTED,A_FINALIZED,O_SELECTED,O_CREATED,O_SENT,W_Call_after_offer,W_Call_after_offer,O_SELECTED,O_CREATED,O_SENT,W_Call_after_offer,W_Call_after_offer,W_Call_after_offer,deviant
531,1476,A_SUBMITTED,A_PARTLYSUBMITTED,W_Assess_fraud,A_PREACCEPTED,W_Complete_preaccepted_appl,A_ACCEPTED,A_FINALIZED,O_SELECTED,O_CREATED,O_SENT,W_Call_after_offer,W_Call_after_offer,W_Call_after_offer,W_Call_after_offer,W_Call_after_offer,W_Call_after_offer,O_SELECTED,O_CREATED,O_SENT,W_Call_after_offer,regular
532,1477,A_SUBMITTED,A_PARTLYSUBMITTED,W_Assess_fraud,A_PREACCEPTED,W_Complete_preaccepted_appl,A_ACCEPTED,A_FINALIZED,O_SELECTED,O_CREATED,O_SENT,O_SELECTED,O_CREATED,O_SENT,O_SELECTED,O_CREATED,O_SENT,W_Call_after_offer,W_Call_after_offer,O_CANCELLED,A_DECLINED,deviant
533,1478,A_SUBMITTED,A_PARTLYSUBMITTED,W_Fix_incomplete_submission,O_DECLINED,A_DECLINED,0,0,0,0,0,0,0,0,0,0,0,0,0,0,0,deviant
534,1479,A_SUBMITTED,A_PARTLYSUBMITTED,W_Fix_incomplete_submission,A_PREACCEPTED,W_Complete_preaccepted_appl,A_ACCEPTED,A_FINALIZED,O_SELECTED,O_CREATED,O_SENT,O_SELECTED,O_CREATED,O_SENT,W_Call_after_offer,W_Call_after_offer,O_SENT_BACK,W_Assess_application,O_ACCEPTED,A_APPROVED,A_REGISTERED,deviant
535,148,A_SUBMITTED,A_PARTLYSUBMITTED,W_Assess_fraud,A_CANCELLED,0,0,0,0,0,0,0,0,0,0,0,0,0,0,0,0,deviant
536,1480,A_SUBMITTED,A_PARTLYSUBMITTED,W_Assess_fraud,A_PREACCEPTED,W_Complete_preaccepted_appl,W_Complete_preaccepted_appl,W_Complete_preaccepted_appl,A_ACCEPTED,A_FINALIZED,O_SELECTED,O_CREATED,O_SENT,O_SELECTED,O_CREATED,O_SENT,W_Call_after_offer,W_Call_after_offer,W_Call_after_offer,O_SENT_BACK,W_Assess_application,regular
537,1481,A_SUBMITTED,A_PARTLYSUBMITTED,W_Assess_fraud,A_PREACCEPTED,W_Complete_preaccepted_appl,A_ACCEPTED,A_FINALIZED,O_SELECTED,O_CREATED,O_SENT,W_Call_after_offer,A_DECLINED,0,0,0,0,0,0,0,0,deviant
538,1482,A_SUBMITTED,A_PARTLYSUBMITTED,W_Assess_fraud,A_PREACCEPTED,W_Complete_preaccepted_appl,W_Complete_preaccepted_appl,W_Complete_preaccepted_appl,A_ACCEPTED,A_FINALIZED,O_SELECTED,O_CREATED,O_SENT,W_Call_after_offer,W_Call_after_offer,O_SELECTED,O_CREATED,O_SENT,W_Call_after_offer,W_Call_after_offer,W_Call_after_offer,deviant
539,1483,A_SUBMITTED,A_PARTLYSUBMITTED,W_Fix_incomplete_submission,A_PREACCEPTED,W_Complete_preaccepted_appl,A_ACCEPTED,A_FINALIZED,O_SELECTED,O_CREATED,O_SENT,W_Call_after_offer,W_Call_after_offer,A_DECLINED,0,0,0,0,0,0,0,deviant
540,1484,A_SUBMITTED,A_PARTLYSUBMITTED,W_Assess_fraud,A_PREACCEPTED,W_Complete_preaccepted_appl,W_Complete_preaccepted_appl,W_Complete_preaccepted_appl,W_Complete_preaccepted_appl,A_ACCEPTED,A_FINALIZED,O_SELECTED,O_CREATED,O_SENT,W_Call_after_offer,W_Call_after_offer,O_SENT_BACK,W_Assess_application,W_Assess_application,W_Assess_application,W_Assess_application,regular
541,1485,A_SUBMITTED,A_PARTLYSUBMITTED,W_Assess_fraud,A_PREACCEPTED,W_Complete_preaccepted_appl,W_Complete_preaccepted_appl,W_Complete_preaccepted_appl,W_Complete_preaccepted_appl,A_DECLINED,0,0,0,0,0,0,0,0,0,0,0,deviant
542,1486,A_SUBMITTED,A_PARTLYSUBMITTED,W_Assess_fraud,A_PREACCEPTED,W_Complete_preaccepted_appl,W_Complete_preaccepted_appl,A_ACCEPTED,A_FINALIZED,O_SELECTED,O_CREATED,O_SENT,W_Call_after_offer,O_SENT_BACK,W_Assess_application,W_Call_missing_information,W_Call_missing_information,W_Call_missing_information,W_Call_missing_information,W_Call_missing_information,W_Call_missing_information,regular
543,1487,A_SUBMITTED,A_PARTLYSUBMITTED,W_Fix_incomplete_submission,W_Fix_incomplete_submission,A_PREACCEPTED,W_Complete_preaccepted_appl,A_DECLINED,0,0,0,0,0,0,0,0,0,0,0,0,0,deviant
544,1488,A_SUBMITTED,A_PARTLYSUBMITTED,W_Fix_incomplete_submission,A_PREACCEPTED,W_Complete_preaccepted_appl,W_Complete_preaccepted_appl,W_Complete_preaccepted_appl,W_Complete_preaccepted_appl,W_Complete_preaccepted_appl,W_Complete_preaccepted_appl,W_Complete_preaccepted_appl,W_Complete_preaccepted_appl,W_Complete_preaccepted_appl,W_Complete_preaccepted_appl,W_Complete_preaccepted_appl,W_Complete_preaccepted_appl,W_Complete_preaccepted_appl,A_ACCEPTED,A_FINALIZED,O_SELECTED,deviant
545,1489,A_SUBMITTED,A_PARTLYSUBMITTED,W_Assess_fraud,A_PREACCEPTED,W_Complete_preaccepted_appl,W_Complete_preaccepted_appl,W_Complete_preaccepted_appl,A_ACCEPTED,A_FINALIZED,O_SELECTED,O_CREATED,O_SENT,O_SELECTED,O_CREATED,O_SENT,W_Call_after_offer,A_DECLINED,0,0,0,deviant
546,149,A_SUBMITTED,A_PARTLYSUBMITTED,W_Assess_fraud,A_PREACCEPTED,W_Complete_preaccepted_appl,W_Complete_preaccepted_appl,W_Complete_preaccepted_appl,W_Complete_preaccepted_appl,W_Complete_preaccepted_appl,W_Complete_preaccepted_appl,W_Complete_preaccepted_appl,W_Complete_preaccepted_appl,W_Complete_preaccepted_appl,W_Complete_preaccepted_appl,A_ACCEPTED,A_FINALIZED,O_SELECTED,O_CREATED,O_SENT,W_Call_after_offer,deviant
547,1490,A_SUBMITTED,A_PARTLYSUBMITTED,W_Assess_fraud,A_PREACCEPTED,W_Complete_preaccepted_appl,W_Complete_preaccepted_appl,W_Complete_preaccepted_appl,A_ACCEPTED,A_FINALIZED,O_SELECTED,O_CREATED,O_SENT,W_Call_after_offer,W_Call_after_offer,O_SENT_BACK,W_Assess_application,W_Call_missing_information,W_Call_missing_information,W_Call_missing_information,W_Call_missing_information,regular
548,1491,A_SUBMITTED,A_PARTLYSUBMITTED,W_Fix_incomplete_submission,A_PREACCEPTED,W_Complete_preaccepted_appl,W_Complete_preaccepted_appl,W_Complete_preaccepted_appl,W_Complete_preaccepted_appl,W_Complete_preaccepted_appl,W_Complete_preaccepted_appl,W_Complete_preaccepted_appl,W_Complete_preaccepted_appl,A_DECLINED,0,0,0,0,0,0,0,deviant
549,1492,A_SUBMITTED,A_PARTLYSUBMITTED,W_Fix_incomplete_submission,A_PREACCEPTED,W_Complete_preaccepted_appl,W_Complete_preaccepted_appl,W_Complete_preaccepted_appl,W_Complete_preaccepted_appl,A_ACCEPTED,A_FINALIZED,O_SELECTED,O_CREATED,O_SENT,W_Call_after_offer,W_Call_after_offer,W_Call_after_offer,A_DECLINED,0,0,0,deviant
550,1493,A_SUBMITTED,A_PARTLYSUBMITTED,W_Assess_fraud,A_PREACCEPTED,W_Complete_preaccepted_appl,W_Complete_preaccepted_appl,W_Complete_preaccepted_appl,W_Complete_preaccepted_appl,W_Complete_preaccepted_appl,W_Complete_preaccepted_appl,W_Complete_preaccepted_appl,W_Complete_preaccepted_appl,W_Complete_preaccepted_appl,W_Complete_preaccepted_appl,W_Complete_preaccepted_appl,W_Complete_preaccepted_appl,W_Complete_preaccepted_appl,W_Complete_preaccepted_appl,W_Complete_preaccepted_appl,W_Complete_preaccepted_appl,deviant
551,1494,A_SUBMITTED,A_PARTLYSUBMITTED,W_Fix_incomplete_submission,A_PREACCEPTED,W_Complete_preaccepted_appl,W_Complete_preaccepted_appl,W_Complete_preaccepted_appl,W_Complete_preaccepted_appl,W_Complete_preaccepted_appl,A_ACCEPTED,A_FINALIZED,O_SELECTED,O_CREATED,O_SENT,W_Call_after_offer,W_Call_after_offer,W_Call_after_offer,W_Call_after_offer,O_SENT_BACK,W_Assess_application,regular
552,1495,A_SUBMITTED,A_PARTLYSUBMITTED,W_Assess_fraud,A_PREACCEPTED,W_Complete_preaccepted_appl,A_DECLINED,0,0,0,0,0,0,0,0,0,0,0,0,0,0,deviant
553,1496,A_SUBMITTED,A_PARTLYSUBMITTED,W_Assess_fraud,A_CANCELLED,0,0,0,0,0,0,0,0,0,0,0,0,0,0,0,0,deviant
554,1497,A_SUBMITTED,A_PARTLYSUBMITTED,W_Assess_fraud,A_PREACCEPTED,W_Complete_preaccepted_appl,W_Complete_preaccepted_appl,W_Complete_preaccepted_appl,W_Complete_preaccepted_appl,W_Complete_preaccepted_appl,W_Complete_preaccepted_appl,W_Complete_preaccepted_appl,A_ACCEPTED,A_FINALIZED,O_SELECTED,O_CREATED,O_SENT,W_Call_after_offer,W_Call_after_offer,O_SELECTED,O_CREATED,deviant
555,1498,A_SUBMITTED,A_PARTLYSUBMITTED,W_Assess_fraud,O_DECLINED,A_DECLINED,0,0,0,0,0,0,0,0,0,0,0,0,0,0,0,deviant
556,1499,A_SUBMITTED,A_PARTLYSUBMITTED,W_Assess_fraud,A_PREACCEPTED,W_Complete_preaccepted_appl,W_Complete_preaccepted_appl,A_ACCEPTED,A_FINALIZED,O_SELECTED,O_CREATED,O_SENT,A_DECLINED,0,0,0,0,0,0,0,0,deviant
557,15,A_SUBMITTED,A_PARTLYSUBMITTED,W_Assess_fraud,A_PREACCEPTED,W_Complete_preaccepted_appl,W_Complete_preaccepted_appl,W_Complete_preaccepted_appl,A_ACCEPTED,A_FINALIZED,O_SELECTED,O_CREATED,O_SENT,O_SELECTED,O_CREATED,O_SENT,W_Call_after_offer,W_Call_after_offer,O_SENT_BACK,W_Assess_application,W_Call_missing_information,regular
558,150,A_SUBMITTED,A_PARTLYSUBMITTED,W_Assess_fraud,A_PREACCEPTED,W_Complete_preaccepted_appl,W_Complete_preaccepted_appl,W_Complete_preaccepted_appl,W_Complete_preaccepted_appl,W_Complete_preaccepted_appl,A_DECLINED,0,0,0,0,0,0,0,0,0,0,deviant
559,1500,A_SUBMITTED,A_PARTLYSUBMITTED,W_Assess_fraud,O_DECLINED,A_DECLINED,0,0,0,0,0,0,0,0,0,0,0,0,0,0,0,deviant
560,1501,A_SUBMITTED,A_PARTLYSUBMITTED,W_Fix_incomplete_submission,A_PREACCEPTED,W_Complete_preaccepted_appl,W_Complete_preaccepted_appl,W_Complete_preaccepted_appl,W_Complete_preaccepted_appl,W_Complete_preaccepted_appl,W_Complete_preaccepted_appl,W_Complete_preaccepted_appl,W_Complete_preaccepted_appl,W_Complete_preaccepted_appl,W_Complete_preaccepted_appl,A_ACCEPTED,A_FINALIZED,O_SELECTED,O_CREATED,O_SENT,W_Call_after_offer,deviant
561,1502,A_SUBMITTED,A_PARTLYSUBMITTED,W_Fix_incomplete_submission,A_PREACCEPTED,W_Complete_preaccepted_appl,W_Complete_preaccepted_appl,W_Complete_preaccepted_appl,W_Complete_preaccepted_appl,W_Complete_preaccepted_appl,W_Complete_preaccepted_appl,W_Complete_preaccepted_appl,W_Complete_preaccepted_appl,W_Complete_preaccepted_appl,W_Complete_preaccepted_appl,W_Complete_preaccepted_appl,W_Complete_preaccepted_appl,W_Complete_preaccepted_appl,A_CANCELLED,0,0,deviant
562,1503,A_SUBMITTED,A_PARTLYSUBMITTED,W_Assess_fraud,A_PREACCEPTED,W_Complete_preaccepted_appl,W_Complete_preaccepted_appl,W_Complete_preaccepted_appl,A_ACCEPTED,A_FINALIZED,O_SELECTED,O_CREATED,O_SENT,W_Call_after_offer,W_Call_after_offer,W_Call_after_offer,A_DECLINED,0,0,0,0,deviant
563,1504,A_SUBMITTED,A_PARTLYSUBMITTED,W_Assess_fraud,A_PREACCEPTED,W_Complete_preaccepted_appl,W_Complete_preaccepted_appl,W_Complete_preaccepted_appl,W_Complete_preaccepted_appl,A_ACCEPTED,A_FINALIZED,O_SELECTED,O_CREATED,O_SENT,O_SENT_BACK,W_Assess_application,O_ACCEPTED,A_APPROVED,A_REGISTERED,A_ACTIVATED,0,deviant
564,1505,A_SUBMITTED,A_PARTLYSUBMITTED,W_Assess_fraud,A_PREACCEPTED,W_Complete_preaccepted_appl,W_Complete_preaccepted_appl,W_Complete_preaccepted_appl,W_Complete_preaccepted_appl,W_Complete_preaccepted_appl,W_Complete_preaccepted_appl,W_Complete_preaccepted_appl,W_Complete_preaccepted_appl,W_Complete_preaccepted_appl,W_Complete_preaccepted_appl,W_Complete_preaccepted_appl,A_ACCEPTED,A_FINALIZED,O_SELECTED,O_CREATED,O_SENT,deviant
565,1506,A_SUBMITTED,A_PARTLYSUBMITTED,W_Assess_fraud,A_PREACCEPTED,W_Complete_preaccepted_appl,A_DECLINED,0,0,0,0,0,0,0,0,0,0,0,0,0,0,deviant
566,1507,A_SUBMITTED,A_PARTLYSUBMITTED,W_Fix_incomplete_submission,A_PREACCEPTED,W_Complete_preaccepted_appl,W_Complete_preaccepted_appl,W_Complete_preaccepted_appl,W_Complete_preaccepted_appl,A_ACCEPTED,A_FINALIZED,O_SELECTED,O_CREATED,O_SENT,W_Call_after_offer,A_DECLINED,0,0,0,0,0,deviant
567,1508,A_SUBMITTED,A_PARTLYSUBMITTED,W_Fix_incomplete_submission,A_PREACCEPTED,W_Complete_preaccepted_appl,W_Complete_preaccepted_appl,A_ACCEPTED,A_FINALIZED,O_SELECTED,O_CREATED,O_SENT,W_Call_after_offer,O_SENT_BACK,W_Assess_application,W_Assess_application,O_SELECTED,O_CREATED,O_SENT,O_SELECTED,O_CREATED,regular
568,1509,A_SUBMITTED,A_PARTLYSUBMITTED,W_Assess_fraud,A_PREACCEPTED,W_Complete_preaccepted_appl,W_Complete_preaccepted_appl,A_ACCEPTED,A_FINALIZED,O_SELECTED,O_CREATED,O_SENT,W_Call_after_offer,O_SELECTED,O_CREATED,O_SENT,W_Call_after_offer,W_Call_after_offer,O_SENT_BACK,W_Assess_application,W_Call_missing_information,regular
569,151,A_SUBMITTED,A_PARTLYSUBMITTED,W_Fix_incomplete_submission,A_PREACCEPTED,W_Complete_preaccepted_appl,A_ACCEPTED,A_FINALIZED,O_SELECTED,O_CREATED,O_SENT,W_Call_after_offer,W_Call_after_offer,W_Call_after_offer,A_DECLINED,0,0,0,0,0,0,deviant
570,1510,A_SUBMITTED,A_PARTLYSUBMITTED,W_Assess_fraud,A_PREACCEPTED,W_Complete_preaccepted_appl,W_Complete_preaccepted_appl,W_Complete_preaccepted_appl,W_Complete_preaccepted_appl,W_Complete_preaccepted_appl,W_Complete_preaccepted_appl,W_Complete_preaccepted_appl,A_ACCEPTED,A_FINALIZED,O_SELECTED,O_CREATED,O_SENT,W_Call_after_offer,O_SENT_BACK,W_Assess_application,W_Call_missing_information,regular
571,1511,A_SUBMITTED,A_PARTLYSUBMITTED,W_Assess_fraud,A_PREACCEPTED,W_Complete_preaccepted_appl,A_DECLINED,0,0,0,0,0,0,0,0,0,0,0,0,0,0,deviant
572,1512,A_SUBMITTED,A_PARTLYSUBMITTED,W_Assess_fraud,A_PREACCEPTED,W_Complete_preaccepted_appl,W_Complete_preaccepted_appl,W_Complete_preaccepted_appl,W_Complete_preaccepted_appl,W_Complete_preaccepted_appl,W_Complete_preaccepted_appl,A_CANCELLED,0,0,0,0,0,0,0,0,0,deviant
573,1513,A_SUBMITTED,A_PARTLYSUBMITTED,W_Assess_fraud,A_PREACCEPTED,W_Complete_preaccepted_appl,W_Complete_preaccepted_appl,A_ACCEPTED,A_FINALIZED,O_SELECTED,O_CREATED,O_SENT,W_Call_after_offer,W_Call_after_offer,O_SENT_BACK,W_Assess_application,W_Assess_application,W_Assess_application,W_Assess_application,W_Call_missing_information,W_Call_missing_information,regular
574,1514,A_SUBMITTED,A_PARTLYSUBMITTED,W_Assess_fraud,A_PREACCEPTED,W_Complete_preaccepted_appl,A_ACCEPTED,A_FINALIZED,O_SELECTED,O_CREATED,O_SENT,W_Call_after_offer,W_Call_after_offer,W_Call_after_offer,W_Call_after_offer,O_SELECTED,O_CREATED,O_SENT,W_Call_after_offer,O_SENT_BACK,W_Assess_application,regular
575,1515,A_SUBMITTED,A_PARTLYSUBMITTED,W_Fix_incomplete_submission,W_Fix_incomplete_submission,A_PREACCEPTED,W_Complete_preaccepted_appl,W_Complete_preaccepted_appl,W_Complete_preaccepted_appl,W_Complete_preaccepted_appl,W_Complete_preaccepted_appl,W_Complete_preaccepted_appl,A_ACCEPTED,A_FINALIZED,O_SELECTED,O_CREATED,O_SENT,W_Call_after_offer,W_Call_after_offer,W_Call_after_offer,W_Call_after_offer,deviant
576,1516,A_SUBMITTED,A_PARTLYSUBMITTED,W_Assess_fraud,A_PREACCEPTED,W_Complete_preaccepted_appl,W_Complete_preaccepted_appl,W_Complete_preaccepted_appl,W_Complete_preaccepted_appl,W_Complete_preaccepted_appl,W_Complete_preaccepted_appl,W_Complete_preaccepted_appl,W_Complete_preaccepted_appl,A_ACCEPTED,A_FINALIZED,O_SELECTED,O_CREATED,O_SENT,O_SELECTED,O_CREATED,O_SENT,regular
577,1517,A_SUBMITTED,A_PARTLYSUBMITTED,W_Assess_fraud,A_PREACCEPTED,W_Complete_preaccepted_appl,A_ACCEPTED,A_FINALIZED,O_SELECTED,O_CREATED,O_SENT,W_Call_after_offer,W_Call_after_offer,O_SELECTED,O_CREATED,O_SENT,W_Call_after_offer,W_Call_after_offer,W_Call_after_offer,W_Call_after_offer,O_SENT_BACK,deviant
578,1518,A_SUBMITTED,A_PARTLYSUBMITTED,W_Fix_incomplete_submission,A_PREACCEPTED,W_Complete_preaccepted_appl,W_Complete_preaccepted_appl,W_Complete_preaccepted_appl,W_Complete_preaccepted_appl,A_ACCEPTED,A_FINALIZED,O_SELECTED,O_CREATED,O_SENT,W_Call_after_offer,A_DECLINED,0,0,0,0,0,deviant
579,1519,A_SUBMITTED,A_PARTLYSUBMITTED,W_Assess_fraud,O_DECLINED,A_DECLINED,0,0,0,0,0,0,0,0,0,0,0,0,0,0,0,deviant
580,152,A_SUBMITTED,A_PARTLYSUBMITTED,W_Assess_fraud,A_PREACCEPTED,W_Complete_preaccepted_appl,W_Complete_preaccepted_appl,W_Complete_preaccepted_appl,W_Complete_preaccepted_appl,W_Complete_preaccepted_appl,A_ACCEPTED,A_FINALIZED,O_SELECTED,O_CREATED,O_SENT,O_SELECTED,O_CREATED,O_SENT,W_Call_after_offer,O_SENT_BACK,W_Assess_application,regular
581,1520,A_SUBMITTED,A_PARTLYSUBMITTED,W_Assess_fraud,A_PREACCEPTED,W_Complete_preaccepted_appl,W_Complete_preaccepted_appl,W_Complete_preaccepted_appl,W_Complete_preaccepted_appl,W_Complete_preaccepted_appl,W_Complete_preaccepted_appl,W_Complete_preaccepted_appl,A_ACCEPTED,A_FINALIZED,O_SELECTED,O_CREATED,O_SENT,W_Call_after_offer,W_Call_after_offer,W_Call_after_offer,A_DECLINED,deviant
582,1521,A_SUBMITTED,A_PARTLYSUBMITTED,W_Assess_fraud,A_PREACCEPTED,W_Complete_preaccepted_appl,W_Complete_preaccepted_appl,W_Complete_preaccepted_appl,A_DECLINED,0,0,0,0,0,0,0,0,0,0,0,0,deviant
583,1522,A_SUBMITTED,A_PARTLYSUBMITTED,W_Assess_fraud,A_PREACCEPTED,W_Complete_preaccepted_appl,A_ACCEPTED,A_FINALIZED,O_SELECTED,O_CREATED,O_SENT,W_Call_after_offer,W_Call_after_offer,W_Call_after_offer,O_SELECTED,O_CREATED,O_SENT,W_Call_after_offer,O_SENT_BACK,W_Assess_application,W_Assess_application,regular
584,1523,A_SUBMITTED,A_PARTLYSUBMITTED,W_Fix_incomplete_submission,A_PREACCEPTED,W_Complete_preaccepted_appl,W_Complete_preaccepted_appl,A_DECLINED,0,0,0,0,0,0,0,0,0,0,0,0,0,deviant
585,1524,A_SUBMITTED,A_PARTLYSUBMITTED,W_Assess_fraud,A_PREACCEPTED,W_Complete_preaccepted_appl,W_Complete_preaccepted_appl,W_Complete_preaccepted_appl,W_Complete_preaccepted_appl,W_Complete_preaccepted_appl,W_Complete_preaccepted_appl,W_Complete_preaccepted_appl,A_ACCEPTED,A_FINALIZED,O_SELECTED,O_CREATED,O_SENT,O_SELECTED,O_CREATED,O_SENT,W_Call_after_offer,deviant
586,1525,A_SUBMITTED,A_PARTLYSUBMITTED,W_Assess_fraud,A_PREACCEPTED,W_Complete_preaccepted_appl,W_Complete_preaccepted_appl,W_Complete_preaccepted_appl,W_Complete_preaccepted_appl,A_ACCEPTED,A_FINALIZED,O_SELECTED,O_CREATED,O_SENT,O_SELECTED,O_CREATED,O_SENT,W_Call_after_offer,W_Call_after_offer,W_Call_after_offer,A_DECLINED,deviant
587,1526,A_SUBMITTED,A_PARTLYSUBMITTED,W_Assess_fraud,A_PREACCEPTED,W_Complete_preaccepted_appl,A_ACCEPTED,A_FINALIZED,O_SELECTED,O_CREATED,O_SENT,O_SELECTED,O_CREATED,O_SENT,W_Call_after_offer,O_SENT_BACK,W_Assess_application,W_Assess_application,W_Assess_application,W_Assess_application,W_Assess_application,deviant
588,1527,A_SUBMITTED,A_PARTLYSUBMITTED,W_Fix_incomplete_submission,A_PREACCEPTED,W_Complete_preaccepted_appl,W_Complete_preaccepted_appl,A_ACCEPTED,A_FINALIZED,O_SELECTED,O_CREATED,O_SENT,W_Call_after_offer,W_Call_after_offer,W_Call_after_offer,A_DECLINED,0,0,0,0,0,deviant
589,1528,A_SUBMITTED,A_PARTLYSUBMITTED,W_Fix_incomplete_submission,A_PREACCEPTED,W_Complete_preaccepted_appl,W_Complete_preaccepted_appl,W_Complete_preaccepted_appl,W_Complete_preaccepted_appl,W_Complete_preaccepted_appl,W_Complete_preaccepted_appl,A_DECLINED,0,0,0,0,0,0,0,0,0,deviant
590,1529,A_SUBMITTED,A_PARTLYSUBMITTED,W_Assess_fraud,A_PREACCEPTED,W_Complete_preaccepted_appl,A_DECLINED,0,0,0,0,0,0,0,0,0,0,0,0,0,0,deviant
591,153,A_SUBMITTED,A_PARTLYSUBMITTED,W_Fix_incomplete_submission,A_PREACCEPTED,W_Complete_preaccepted_appl,W_Complete_preaccepted_appl,A_ACCEPTED,A_FINALIZED,O_SELECTED,O_CREATED,O_SENT,W_Call_after_offer,W_Call_after_offer,A_DECLINED,0,0,0,0,0,0,deviant
592,1530,A_SUBMITTED,A_PARTLYSUBMITTED,W_Fix_incomplete_submission,W_Fix_incomplete_submission,W_Fix_incomplete_submission,A_PREACCEPTED,W_Complete_preaccepted_appl,W_Complete_preaccepted_appl,W_Complete_preaccepted_appl,W_Complete_preaccepted_appl,A_ACCEPTED,A_FINALIZED,O_SELECTED,O_CREATED,O_SENT,W_Call_after_offer,A_DECLINED,0,0,0,deviant
593,1531,A_SUBMITTED,A_PARTLYSUBMITTED,W_Assess_fraud,A_PREACCEPTED,W_Complete_preaccepted_appl,A_ACCEPTED,A_FINALIZED,O_SELECTED,O_CREATED,O_SENT,W_Call_after_offer,A_DECLINED,0,0,0,0,0,0,0,0,deviant
594,1532,A_SUBMITTED,A_PARTLYSUBMITTED,W_Assess_fraud,A_PREACCEPTED,W_Complete_preaccepted_appl,A_CANCELLED,0,0,0,0,0,0,0,0,0,0,0,0,0,0,deviant
595,1533,A_SUBMITTED,A_PARTLYSUBMITTED,W_Assess_fraud,A_PREACCEPTED,W_Complete_preaccepted_appl,A_CANCELLED,0,0,0,0,0,0,0,0,0,0,0,0,0,0,deviant
596,1534,A_SUBMITTED,A_PARTLYSUBMITTED,W_Assess_fraud,A_PREACCEPTED,W_Complete_preaccepted_appl,A_ACCEPTED,A_FINALIZED,O_SELECTED,O_CREATED,O_SENT,W_Call_after_offer,O_SENT_BACK,W_Assess_application,O_ACCEPTED,A_APPROVED,A_REGISTERED,A_ACTIVATED,0,0,0,deviant
597,1535,A_SUBMITTED,A_PARTLYSUBMITTED,W_Assess_fraud,A_PREACCEPTED,W_Complete_preaccepted_appl,W_Complete_preaccepted_appl,A_DECLINED,0,0,0,0,0,0,0,0,0,0,0,0,0,deviant
598,1536,A_SUBMITTED,A_PARTLYSUBMITTED,W_Assess_fraud,A_CANCELLED,0,0,0,0,0,0,0,0,0,0,0,0,0,0,0,0,deviant
599,1537,A_SUBMITTED,A_PARTLYSUBMITTED,W_Fix_incomplete_submission,A_PREACCEPTED,W_Complete_preaccepted_appl,W_Complete_preaccepted_appl,A_ACCEPTED,A_FINALIZED,O_SELECTED,O_CREATED,O_SENT,O_SELECTED,O_CREATED,O_SENT,O_SELECTED,O_CREATED,O_SENT,W_Call_after_offer,O_SENT_BACK,W_Assess_application,deviant
600,1538,A_SUBMITTED,A_PARTLYSUBMITTED,W_Assess_fraud,A_PREACCEPTED,W_Complete_preaccepted_appl,W_Complete_preaccepted_appl,W_Complete_preaccepted_appl,W_Complete_preaccepted_appl,W_Complete_preaccepted_appl,W_Complete_preaccepted_appl,W_Complete_preaccepted_appl,W_Complete_preaccepted_appl,A_ACCEPTED,A_FINALIZED,O_SELECTED,O_CREATED,O_SENT,O_SELECTED,O_CREATED,O_SENT,deviant
601,1539,A_SUBMITTED,A_PARTLYSUBMITTED,W_Fix_incomplete_submission,A_PREACCEPTED,W_Complete_preaccepted_appl,W_Complete_preaccepted_appl,A_DECLINED,0,0,0,0,0,0,0,0,0,0,0,0,0,deviant
602,154,A_SUBMITTED,A_PARTLYSUBMITTED,W_Assess_fraud,A_PREACCEPTED,W_Complete_preaccepted_appl,W_Complete_preaccepted_appl,W_Complete_preaccepted_appl,W_Complete_preaccepted_appl,W_Complete_preaccepted_appl,W_Complete_preaccepted_appl,W_Complete_preaccepted_appl,W_Complete_preaccepted_appl,W_Complete_preaccepted_appl,W_Complete_preaccepted_appl,W_Complete_preaccepted_appl,W_Complete_preaccepted_appl,W_Complete_preaccepted_appl,W_Complete_preaccepted_appl,W_Complete_preaccepted_appl,A_ACCEPTED,regular
603,1540,A_SUBMITTED,A_PARTLYSUBMITTED,W_Assess_fraud,A_PREACCEPTED,W_Complete_preaccepted_appl,W_Complete_preaccepted_appl,W_Complete_preaccepted_appl,W_Complete_preaccepted_appl,W_Complete_preaccepted_appl,W_Complete_preaccepted_appl,A_CANCELLED,0,0,0,0,0,0,0,0,0,deviant
604,1541,A_SUBMITTED,A_PARTLYSUBMITTED,W_Assess_fraud,A_PREACCEPTED,W_Complete_preaccepted_appl,W_Complete_preaccepted_appl,W_Complete_preaccepted_appl,A_DECLINED,0,0,0,0,0,0,0,0,0,0,0,0,deviant
605,1542,A_SUBMITTED,A_PARTLYSUBMITTED,W_Fix_incomplete_submission,A_PREACCEPTED,W_Complete_preaccepted_appl,W_Complete_preaccepted_appl,W_Complete_preaccepted_appl,A_ACCEPTED,A_FINALIZED,O_SELECTED,O_CREATED,O_SENT,W_Call_after_offer,W_Call_after_offer,W_Call_after_offer,W_Call_after_offer,W_Call_after_offer,A_DECLINED,0,0,deviant
606,1543,A_SUBMITTED,A_PARTLYSUBMITTED,W_Assess_fraud,A_PREACCEPTED,W_Complete_preaccepted_appl,W_Complete_preaccepted_appl,W_Complete_preaccepted_appl,A_ACCEPTED,A_FINALIZED,O_SELECTED,O_CREATED,O_SENT,W_Call_after_offer,W_Call_after_offer,W_Call_after_offer,O_SELECTED,O_CREATED,O_SENT,W_Call_after_offer,W_Call_after_offer,regular
607,1544,A_SUBMITTED,A_PARTLYSUBMITTED,W_Fix_incomplete_submission,A_PREACCEPTED,W_Complete_preaccepted_appl,A_DECLINED,0,0,0,0,0,0,0,0,0,0,0,0,0,0,deviant
608,1545,A_SUBMITTED,A_PARTLYSUBMITTED,W_Fix_incomplete_submission,A_PREACCEPTED,W_Complete_preaccepted_appl,W_Complete_preaccepted_appl,W_Complete_preaccepted_appl,W_Complete_preaccepted_appl,W_Complete_preaccepted_appl,A_ACCEPTED,A_FINALIZED,O_SELECTED,O_CREATED,O_SENT,O_SELECTED,O_CREATED,O_SENT,W_Call_after_offer,W_Call_after_offer,A_DECLINED,deviant
609,1546,A_SUBMITTED,A_PARTLYSUBMITTED,W_Assess_fraud,A_PREACCEPTED,W_Complete_preaccepted_appl,W_Complete_preaccepted_appl,W_Complete_preaccepted_appl,A_ACCEPTED,A_FINALIZED,O_SELECTED,O_CREATED,O_SENT,W_Call_after_offer,A_DECLINED,0,0,0,0,0,0,deviant
610,1547,A_SUBMITTED,A_PARTLYSUBMITTED,W_Assess_fraud,A_PREACCEPTED,W_Complete_preaccepted_appl,W_Complete_preaccepted_appl,W_Complete_preaccepted_appl,W_Complete_preaccepted_appl,A_ACCEPTED,A_FINALIZED,O_SELECTED,O_CREATED,O_SENT,W_Call_after_offer,W_Call_after_offer,W_Call_after_offer,W_Call_after_offer,W_Call_after_offer,W_Call_after_offer,W_Call_after_offer,deviant
611,1548,A_SUBMITTED,A_PARTLYSUBMITTED,W_Assess_fraud,A_PREACCEPTED,W_Complete_preaccepted_appl,A_ACCEPTED,A_FINALIZED,O_SELECTED,O_CREATED,O_SENT,W_Call_after_offer,W_Call_after_offer,W_Call_after_offer,W_Call_after_offer,O_SENT_BACK,W_Assess_application,O_ACCEPTED,A_APPROVED,A_REGISTERED,A_ACTIVATED,deviant
612,1549,A_SUBMITTED,A_PARTLYSUBMITTED,W_Assess_fraud,A_PREACCEPTED,W_Complete_preaccepted_appl,W_Complete_preaccepted_appl,W_Complete_preaccepted_appl,W_Complete_preaccepted_appl,W_Complete_preaccepted_appl,A_ACCEPTED,A_FINALIZED,O_SELECTED,O_CREATED,O_SENT,W_Call_after_offer,O_SENT_BACK,W_Assess_application,W_Call_missing_information,O_SELECTED,O_CREATED,regular
613,155,A_SUBMITTED,A_PARTLYSUBMITTED,W_Assess_fraud,A_PREACCEPTED,W_Complete_preaccepted_appl,W_Complete_preaccepted_appl,W_Complete_preaccepted_appl,W_Complete_preaccepted_appl,W_Complete_preaccepted_appl,W_Complete_preaccepted_appl,A_DECLINED,0,0,0,0,0,0,0,0,0,deviant
614,1550,A_SUBMITTED,A_PARTLYSUBMITTED,W_Fix_incomplete_submission,A_PREACCEPTED,W_Complete_preaccepted_appl,W_Complete_preaccepted_appl,W_Complete_preaccepted_appl,W_Complete_preaccepted_appl,A_DECLINED,0,0,0,0,0,0,0,0,0,0,0,deviant
615,1551,A_SUBMITTED,A_PARTLYSUBMITTED,W_Assess_fraud,A_PREACCEPTED,W_Complete_preaccepted_appl,A_ACCEPTED,A_FINALIZED,O_SELECTED,O_CREATED,O_SENT,W_Call_after_offer,A_DECLINED,0,0,0,0,0,0,0,0,deviant
616,1552,A_SUBMITTED,A_PARTLYSUBMITTED,W_Fix_incomplete_submission,A_PREACCEPTED,W_Complete_preaccepted_appl,W_Complete_preaccepted_appl,A_ACCEPTED,A_FINALIZED,O_SELECTED,O_CREATED,O_SENT,W_Call_after_offer,W_Call_after_offer,A_DECLINED,0,0,0,0,0,0,deviant
617,1553,A_SUBMITTED,A_PARTLYSUBMITTED,W_Fix_incomplete_submission,A_PREACCEPTED,W_Complete_preaccepted_appl,W_Complete_preaccepted_appl,W_Complete_preaccepted_appl,A_DECLINED,0,0,0,0,0,0,0,0,0,0,0,0,deviant
618,1554,A_SUBMITTED,A_PARTLYSUBMITTED,W_Fix_incomplete_submission,A_PREACCEPTED,W_Complete_preaccepted_appl,W_Complete_preaccepted_appl,W_Complete_preaccepted_appl,W_Complete_preaccepted_appl,A_ACCEPTED,A_FINALIZED,O_SELECTED,O_CREATED,O_SENT,W_Call_after_offer,O_SELECTED,O_CREATED,O_SENT,W_Call_after_offer,O_SENT_BACK,W_Assess_application,regular
619,1555,A_SUBMITTED,A_PARTLYSUBMITTED,W_Assess_fraud,A_PREACCEPTED,W_Complete_preaccepted_appl,W_Complete_preaccepted_appl,W_Complete_preaccepted_appl,A_ACCEPTED,A_FINALIZED,O_SELECTED,O_CREATED,O_SENT,W_Call_after_offer,W_Call_after_offer,W_Call_after_offer,W_Call_after_offer,O_SELECTED,O_CREATED,O_SENT,W_Call_after_offer,deviant
620,1556,A_SUBMITTED,A_PARTLYSUBMITTED,W_Assess_fraud,A_PREACCEPTED,W_Complete_preaccepted_appl,A_ACCEPTED,A_FINALIZED,O_SELECTED,O_CREATED,O_SENT,O_SELECTED,O_CREATED,O_SENT,O_SELECTED,O_CREATED,O_SENT,W_Call_after_offer,W_Call_after_offer,W_Call_after_offer,W_Call_after_offer,deviant
621,1557,A_SUBMITTED,A_PARTLYSUBMITTED,W_Assess_fraud,A_PREACCEPTED,W_Complete_preaccepted_appl,W_Complete_preaccepted_appl,A_DECLINED,0,0,0,0,0,0,0,0,0,0,0,0,0,deviant
622,1558,A_SUBMITTED,A_PARTLYSUBMITTED,W_Assess_fraud,O_DECLINED,A_DECLINED,0,0,0,0,0,0,0,0,0,0,0,0,0,0,0,deviant
623,1559,A_SUBMITTED,A_PARTLYSUBMITTED,W_Fix_incomplete_submission,A_PREACCEPTED,W_Complete_preaccepted_appl,W_Complete_preaccepted_appl,W_Complete_preaccepted_appl,A_ACCEPTED,A_FINALIZED,O_SELECTED,O_CREATED,O_SENT,W_Call_after_offer,W_Call_after_offer,W_Call_after_offer,W_Call_after_offer,O_SENT_BACK,W_Assess_application,W_Call_missing_information,O_ACCEPTED,regular
624,156,A_SUBMITTED,A_PARTLYSUBMITTED,W_Assess_fraud,A_PREACCEPTED,W_Complete_preaccepted_appl,W_Complete_preaccepted_appl,W_Complete_preaccepted_appl,A_DECLINED,0,0,0,0,0,0,0,0,0,0,0,0,deviant
625,1560,A_SUBMITTED,A_PARTLYSUBMITTED,W_Fix_incomplete_submission,A_PREACCEPTED,W_Complete_preaccepted_appl,W_Complete_preaccepted_appl,W_Complete_preaccepted_appl,W_Complete_preaccepted_appl,W_Complete_preaccepted_appl,W_Complete_preaccepted_appl,W_Complete_preaccepted_appl,W_Complete_preaccepted_appl,A_ACCEPTED,A_FINALIZED,O_SELECTED,O_CREATED,O_SENT,W_Call_after_offer,W_Call_after_offer,O_SENT_BACK,regular
626,1561,A_SUBMITTED,A_PARTLYSUBMITTED,W_Assess_fraud,A_PREACCEPTED,W_Complete_preaccepted_appl,W_Complete_preaccepted_appl,A_ACCEPTED,A_FINALIZED,O_SELECTED,O_CREATED,O_SENT,O_SELECTED,O_CREATED,O_SENT,W_Call_after_offer,W_Call_after_offer,A_DECLINED,0,0,0,deviant
627,1562,A_SUBMITTED,A_PARTLYSUBMITTED,W_Assess_fraud,A_PREACCEPTED,W_Complete_preaccepted_appl,W_Complete_preaccepted_appl,W_Complete_preaccepted_appl,W_Complete_preaccepted_appl,A_ACCEPTED,A_FINALIZED,O_SELECTED,O_CREATED,O_SENT,W_Call_after_offer,W_Call_after_offer,O_SELECTED,O_CREATED,O_SENT,W_Call_after_offer,A_DECLINED,deviant
628,1563,A_SUBMITTED,A_PARTLYSUBMITTED,W_Assess_fraud,A_PREACCEPTED,W_Complete_preaccepted_appl,W_Complete_preaccepted_appl,W_Complete_preaccepted_appl,A_DECLINED,0,0,0,0,0,0,0,0,0,0,0,0,deviant
629,1564,A_SUBMITTED,A_PARTLYSUBMITTED,W_Assess_fraud,O_DECLINED,A_DECLINED,0,0,0,0,0,0,0,0,0,0,0,0,0,0,0,deviant
630,1565,A_SUBMITTED,A_PARTLYSUBMITTED,A_PREACCEPTED,W_Complete_preaccepted_appl,A_ACCEPTED,A_FINALIZED,O_SELECTED,O_CREATED,O_SENT,W_Call_after_offer,W_Call_after_offer,W_Call_after_offer,W_Call_after_offer,W_Call_after_offer,W_Call_after_offer,W_Call_after_offer,W_Call_after_offer,W_Call_after_offer,W_Call_after_offer,W_Call_after_offer,regular
631,1566,A_SUBMITTED,A_PARTLYSUBMITTED,W_Fix_incomplete_submission,A_PREACCEPTED,W_Complete_preaccepted_appl,W_Complete_preaccepted_appl,W_Complete_preaccepted_appl,W_Complete_preaccepted_appl,W_Complete_preaccepted_appl,W_Complete_preaccepted_appl,A_ACCEPTED,A_FINALIZED,O_SELECTED,O_CREATED,O_SENT,W_Call_after_offer,A_DECLINED,0,0,0,deviant
632,1567,A_SUBMITTED,A_PARTLYSUBMITTED,W_Assess_fraud,A_PREACCEPTED,W_Complete_preaccepted_appl,W_Complete_preaccepted_appl,A_ACCEPTED,A_FINALIZED,O_SELECTED,O_CREATED,O_SENT,W_Call_after_offer,W_Call_after_offer,O_SELECTED,O_CREATED,O_SENT,O_SELECTED,O_CREATED,O_SENT,W_Call_after_offer,deviant
633,1568,A_SUBMITTED,A_PARTLYSUBMITTED,W_Fix_incomplete_submission,A_PREACCEPTED,W_Complete_preaccepted_appl,W_Complete_preaccepted_appl,W_Complete_preaccepted_appl,W_Complete_preaccepted_appl,W_Complete_preaccepted_appl,W_Complete_preaccepted_appl,W_Complete_preaccepted_appl,A_ACCEPTED,A_FINALIZED,O_SELECTED,O_CREATED,O_SENT,W_Call_after_offer,O_SELECTED,O_CREATED,O_SENT,deviant
634,1569,A_SUBMITTED,A_PARTLYSUBMITTED,W_Assess_fraud,A_PREACCEPTED,W_Complete_preaccepted_appl,W_Complete_preaccepted_appl,W_Complete_preaccepted_appl,W_Complete_preaccepted_appl,A_ACCEPTED,A_FINALIZED,O_SELECTED,O_CREATED,O_SENT,W_Call_after_offer,W_Call_after_offer,W_Call_after_offer,W_Call_after_offer,W_Call_after_offer,W_Call_after_offer,W_Call_after_offer,regular
635,157,A_SUBMITTED,A_PARTLYSUBMITTED,W_Assess_fraud,A_PREACCEPTED,W_Complete_preaccepted_appl,W_Complete_preaccepted_appl,A_ACCEPTED,A_FINALIZED,O_SELECTED,O_CREATED,O_SENT,W_Call_after_offer,O_SENT_BACK,W_Assess_application,W_Call_missing_information,O_SELECTED,O_CREATED,O_SENT,O_SELECTED,O_CREATED,regular
636,1570,A_SUBMITTED,A_PARTLYSUBMITTED,W_Assess_fraud,A_PREACCEPTED,W_Complete_preaccepted_appl,W_Complete_preaccepted_appl,A_ACCEPTED,A_FINALIZED,O_SELECTED,O_CREATED,O_SENT,O_SELECTED,O_CREATED,O_SENT,O_SELECTED,O_CREATED,O_SENT,W_Call_after_offer,O_SELECTED,O_CREATED,deviant
637,1571,A_SUBMITTED,A_PARTLYSUBMITTED,W_Assess_fraud,A_PREACCEPTED,W_Complete_preaccepted_appl,W_Complete_preaccepted_appl,A_ACCEPTED,A_FINALIZED,O_SELECTED,O_CREATED,O_SENT,W_Call_after_offer,W_Call_after_offer,W_Call_after_offer,W_Call_after_offer,W_Call_after_offer,W_Call_after_offer,W_Call_after_offer,O_SELECTED,O_CREATED,regular
638,1572,A_SUBMITTED,A_PARTLYSUBMITTED,W_Fix_incomplete_submission,A_PREACCEPTED,W_Complete_preaccepted_appl,A_DECLINED,0,0,0,0,0,0,0,0,0,0,0,0,0,0,deviant
639,1573,A_SUBMITTED,A_PARTLYSUBMITTED,W_Assess_fraud,A_PREACCEPTED,W_Complete_preaccepted_appl,W_Complete_preaccepted_appl,W_Complete_preaccepted_appl,A_ACCEPTED,A_FINALIZED,O_SELECTED,O_CREATED,O_SENT,W_Call_after_offer,W_Call_after_offer,O_SENT_BACK,W_Assess_application,W_Assess_application,W_Assess_application,W_Assess_application,O_CANCELLED,regular
640,1574,A_SUBMITTED,A_PARTLYSUBMITTED,W_Assess_fraud,A_PREACCEPTED,W_Complete_preaccepted_appl,W_Complete_preaccepted_appl,W_Complete_preaccepted_appl,W_Complete_preaccepted_appl,A_ACCEPTED,A_FINALIZED,O_SELECTED,O_CREATED,O_SENT,O_SELECTED,O_CREATED,O_SENT,W_Call_after_offer,W_Call_after_offer,W_Call_after_offer,A_DECLINED,deviant
641,1575,A_SUBMITTED,A_PARTLYSUBMITTED,W_Assess_fraud,A_PREACCEPTED,W_Complete_preaccepted_appl,A_DECLINED,0,0,0,0,0,0,0,0,0,0,0,0,0,0,deviant
642,1576,A_SUBMITTED,A_PARTLYSUBMITTED,W_Fix_incomplete_submission,A_PREACCEPTED,W_Complete_preaccepted_appl,W_Complete_preaccepted_appl,W_Complete_preaccepted_appl,W_Complete_preaccepted_appl,W_Complete_preaccepted_appl,A_ACCEPTED,A_FINALIZED,O_SELECTED,O_CREATED,O_SENT,W_Call_after_offer,O_SENT_BACK,W_Assess_application,O_ACCEPTED,A_APPROVED,A_REGISTERED,deviant
643,1577,A_SUBMITTED,A_PARTLYSUBMITTED,W_Assess_fraud,A_PREACCEPTED,W_Complete_preaccepted_appl,A_DECLINED,0,0,0,0,0,0,0,0,0,0,0,0,0,0,deviant
644,1578,A_SUBMITTED,A_PARTLYSUBMITTED,W_Assess_fraud,A_PREACCEPTED,W_Complete_preaccepted_appl,W_Complete_preaccepted_appl,W_Complete_preaccepted_appl,W_Complete_preaccepted_appl,W_Complete_preaccepted_appl,W_Complete_preaccepted_appl,W_Complete_preaccepted_appl,A_ACCEPTED,A_FINALIZED,O_SELECTED,O_CREATED,O_SENT,W_Call_after_offer,W_Call_after_offer,O_SELECTED,O_CREATED,regular
645,1579,A_SUBMITTED,A_PARTLYSUBMITTED,W_Assess_fraud,A_PREACCEPTED,W_Complete_preaccepted_appl,W_Complete_preaccepted_appl,A_ACCEPTED,A_FINALIZED,O_SELECTED,O_CREATED,O_SENT,O_SELECTED,O_CREATED,O_SENT,W_Call_after_offer,W_Call_after_offer,W_Call_after_offer,W_Call_after_offer,O_SELECTED,O_CREATED,regular
646,158,A_SUBMITTED,A_PARTLYSUBMITTED,W_Assess_fraud,A_PREACCEPTED,W_Complete_preaccepted_appl,A_ACCEPTED,A_FINALIZED,O_SELECTED,O_CREATED,O_SENT,W_Call_after_offer,W_Call_after_offer,W_Call_after_offer,W_Call_after_offer,W_Call_after_offer,O_SELECTED,O_CREATED,O_SENT,O_SELECTED,O_CREATED,deviant
647,1580,A_SUBMITTED,A_PARTLYSUBMITTED,W_Assess_fraud,A_PREACCEPTED,W_Complete_preaccepted_appl,W_Complete_preaccepted_appl,A_CANCELLED,0,0,0,0,0,0,0,0,0,0,0,0,0,deviant
648,1581,A_SUBMITTED,A_PARTLYSUBMITTED,W_Assess_fraud,O_DECLINED,A_DECLINED,0,0,0,0,0,0,0,0,0,0,0,0,0,0,0,deviant
649,1582,A_SUBMITTED,A_PARTLYSUBMITTED,W_Fix_incomplete_submission,A_CANCELLED,0,0,0,0,0,0,0,0,0,0,0,0,0,0,0,0,deviant
650,1583,A_SUBMITTED,A_PARTLYSUBMITTED,W_Fix_incomplete_submission,A_PREACCEPTED,W_Complete_preaccepted_appl,A_DECLINED,0,0,0,0,0,0,0,0,0,0,0,0,0,0,deviant
651,1584,A_SUBMITTED,A_PARTLYSUBMITTED,W_Assess_fraud,A_PREACCEPTED,W_Complete_preaccepted_appl,W_Complete_preaccepted_appl,A_ACCEPTED,A_FINALIZED,O_SELECTED,O_CREATED,O_SENT,W_Call_after_offer,W_Call_after_offer,W_Call_after_offer,W_Call_after_offer,W_Call_after_offer,O_SENT_BACK,W_Assess_application,W_Call_missing_information,W_Call_missing_information,regular
652,1585,A_SUBMITTED,A_PARTLYSUBMITTED,W_Fix_incomplete_submission,A_PREACCEPTED,W_Complete_preaccepted_appl,W_Complete_preaccepted_appl,W_Complete_preaccepted_appl,A_ACCEPTED,A_FINALIZED,O_SELECTED,O_CREATED,O_SENT,O_SELECTED,O_CREATED,O_SENT,W_Call_after_offer,O_SELECTED,O_CREATED,O_SENT,W_Call_after_offer,regular
653,1586,A_SUBMITTED,A_PARTLYSUBMITTED,W_Assess_fraud,A_PREACCEPTED,W_Complete_preaccepted_appl,A_ACCEPTED,A_FINALIZED,O_SELECTED,O_CREATED,O_SENT,O_SELECTED,O_CREATED,O_SENT,W_Call_after_offer,W_Call_after_offer,W_Call_after_offer,W_Call_after_offer,O_SELECTED,O_CREATED,O_SENT,deviant
654,1587,A_SUBMITTED,A_PARTLYSUBMITTED,W_Assess_fraud,A_PREACCEPTED,W_Complete_preaccepted_appl,A_DECLINED,0,0,0,0,0,0,0,0,0,0,0,0,0,0,deviant
655,1588,A_SUBMITTED,A_PARTLYSUBMITTED,W_Assess_fraud,A_PREACCEPTED,W_Complete_preaccepted_appl,W_Complete_preaccepted_appl,W_Complete_preaccepted_appl,W_Complete_preaccepted_appl,W_Complete_preaccepted_appl,W_Complete_preaccepted_appl,A_ACCEPTED,A_FINALIZED,O_SELECTED,O_CREATED,O_SENT,O_SELECTED,O_CREATED,O_SENT,O_SELECTED,O_CREATED,deviant
656,1589,A_SUBMITTED,A_PARTLYSUBMITTED,W_Assess_fraud,A_PREACCEPTED,W_Complete_preaccepted_appl,A_CANCELLED,0,0,0,0,0,0,0,0,0,0,0,0,0,0,deviant
657,159,A_SUBMITTED,A_PARTLYSUBMITTED,W_Assess_fraud,A_PREACCEPTED,W_Complete_preaccepted_appl,A_DECLINED,0,0,0,0,0,0,0,0,0,0,0,0,0,0,deviant
658,1590,A_SUBMITTED,A_PARTLYSUBMITTED,W_Assess_fraud,A_PREACCEPTED,W_Complete_preaccepted_appl,W_Complete_preaccepted_appl,W_Complete_preaccepted_appl,W_Complete_preaccepted_appl,A_ACCEPTED,A_FINALIZED,O_SELECTED,O_CREATED,O_SENT,W_Call_after_offer,W_Call_after_offer,W_Call_after_offer,W_Call_after_offer,W_Call_after_offer,O_SELECTED,O_CREATED,regular
659,1591,A_SUBMITTED,A_PARTLYSUBMITTED,W_Assess_fraud,A_PREACCEPTED,W_Complete_preaccepted_appl,W_Complete_preaccepted_appl,W_Complete_preaccepted_appl,W_Complete_preaccepted_appl,W_Complete_preaccepted_appl,W_Complete_preaccepted_appl,A_ACCEPTED,A_FINALIZED,O_SELECTED,O_CREATED,O_SENT,W_Call_after_offer,W_Call_after_offer,W_Call_after_offer,O_CANCELLED,O_SELECTED,deviant
660,1592,A_SUBMITTED,A_PARTLYSUBMITTED,W_Fix_incomplete_submission,A_CANCELLED,0,0,0,0,0,0,0,0,0,0,0,0,0,0,0,0,deviant
661,1593,A_SUBMITTED,A_PARTLYSUBMITTED,W_Assess_fraud,A_PREACCEPTED,W_Complete_preaccepted_appl,W_Complete_preaccepted_appl,W_Complete_preaccepted_appl,W_Complete_preaccepted_appl,W_Complete_preaccepted_appl,A_ACCEPTED,A_FINALIZED,O_SELECTED,O_CREATED,O_SENT,W_Call_after_offer,A_DECLINED,0,0,0,0,deviant
662,1594,A_SUBMITTED,A_PARTLYSUBMITTED,W_Assess_fraud,A_PREACCEPTED,W_Complete_preaccepted_appl,A_ACCEPTED,A_FINALIZED,O_SELECTED,O_CREATED,O_SENT,W_Call_after_offer,W_Call_after_offer,W_Call_after_offer,O_SENT_BACK,W_Assess_application,W_Call_missing_information,O_ACCEPTED,A_APPROVED,A_REGISTERED,A_ACTIVATED,regular
663,1595,A_SUBMITTED,A_PARTLYSUBMITTED,W_Assess_fraud,A_PREACCEPTED,W_Complete_preaccepted_appl,W_Complete_preaccepted_appl,W_Complete_preaccepted_appl,A_ACCEPTED,A_FINALIZED,O_SELECTED,O_CREATED,O_SENT,W_Call_after_offer,W_Call_after_offer,W_Call_after_offer,O_SELECTED,O_CREATED,O_SENT,W_Call_after_offer,O_SENT_BACK,deviant
664,1596,A_SUBMITTED,A_PARTLYSUBMITTED,W_Fix_incomplete_submission,A_PREACCEPTED,W_Complete_preaccepted_appl,A_ACCEPTED,A_FINALIZED,O_SELECTED,O_CREATED,O_SENT,W_Call_after_offer,W_Call_after_offer,O_SENT_BACK,W_Assess_application,W_Call_missing_information,W_Call_missing_information,W_Call_missing_information,W_Call_missing_information,W_Call_missing_information,W_Call_missing_information,regular
665,1597,A_SUBMITTED,A_PARTLYSUBMITTED,W_Assess_fraud,A_PREACCEPTED,W_Complete_preaccepted_appl,W_Complete_preaccepted_appl,A_ACCEPTED,A_FINALIZED,O_SELECTED,O_CREATED,O_SENT,O_SELECTED,O_CREATED,O_SENT,W_Call_after_offer,W_Call_after_offer,W_Call_after_offer,O_SELECTED,O_CREATED,O_SENT,deviant
666,1598,A_SUBMITTED,A_PARTLYSUBMITTED,W_Fix_incomplete_submission,A_PREACCEPTED,W_Complete_preaccepted_appl,W_Complete_preaccepted_appl,W_Complete_preaccepted_appl,A_ACCEPTED,A_FINALIZED,O_SELECTED,O_CREATED,O_SENT,W_Call_after_offer,W_Call_after_offer,W_Call_after_offer,W_Call_after_offer,W_Call_after_offer,A_DECLINED,0,0,deviant
667,1599,A_SUBMITTED,A_PARTLYSUBMITTED,W_Fix_incomplete_submission,A_PREACCEPTED,W_Complete_preaccepted_appl,A_ACCEPTED,A_FINALIZED,O_SELECTED,O_CREATED,O_SENT,O_SELECTED,O_CREATED,O_SENT,W_Call_after_offer,O_SENT_BACK,W_Assess_application,W_Assess_application,W_Call_missing_information,W_Call_missing_information,W_Call_missing_information,regular
668,16,A_SUBMITTED,A_PARTLYSUBMITTED,W_Fix_incomplete_submission,O_DECLINED,A_DECLINED,0,0,0,0,0,0,0,0,0,0,0,0,0,0,0,deviant
669,160,A_SUBMITTED,A_PARTLYSUBMITTED,W_Assess_fraud,A_PREACCEPTED,W_Complete_preaccepted_appl,W_Complete_preaccepted_appl,W_Complete_preaccepted_appl,A_ACCEPTED,A_FINALIZED,O_SELECTED,O_CREATED,O_SENT,O_SELECTED,O_CREATED,O_SENT,W_Call_after_offer,W_Call_after_offer,A_DECLINED,0,0,deviant
670,1600,A_SUBMITTED,A_PARTLYSUBMITTED,W_Assess_fraud,A_PREACCEPTED,W_Complete_preaccepted_appl,A_ACCEPTED,A_FINALIZED,O_SELECTED,O_CREATED,O_SENT,W_Call_after_offer,W_Call_after_offer,W_Call_after_offer,W_Call_after_offer,W_Call_after_offer,A_DECLINED,0,0,0,0,deviant
671,1601,A_SUBMITTED,A_PARTLYSUBMITTED,W_Assess_fraud,A_PREACCEPTED,W_Complete_preaccepted_appl,W_Complete_preaccepted_appl,A_ACCEPTED,A_FINALIZED,O_SELECTED,O_CREATED,O_SENT,W_Call_after_offer,A_DECLINED,0,0,0,0,0,0,0,deviant
672,1602,A_SUBMITTED,A_PARTLYSUBMITTED,W_Assess_fraud,A_PREACCEPTED,W_Complete_preaccepted_appl,A_ACCEPTED,A_FINALIZED,O_SELECTED,O_CREATED,O_SENT,O_SENT_BACK,W_Assess_application,W_Assess_application,W_Call_missing_information,W_Call_missing_information,W_Call_missing_information,W_Call_missing_information,W_Call_missing_information,W_Call_missing_information,A_DECLINED,deviant
673,1603,A_SUBMITTED,A_PARTLYSUBMITTED,W_Fix_incomplete_submission,W_Fix_incomplete_submission,A_PREACCEPTED,W_Complete_preaccepted_appl,W_Complete_preaccepted_appl,W_Complete_preaccepted_appl,W_Complete_preaccepted_appl,A_DECLINED,0,0,0,0,0,0,0,0,0,0,deviant
674,1604,A_SUBMITTED,A_PARTLYSUBMITTED,W_Fix_incomplete_submission,A_PREACCEPTED,W_Complete_preaccepted_appl,W_Complete_preaccepted_appl,W_Complete_preaccepted_appl,W_Complete_preaccepted_appl,W_Complete_preaccepted_appl,A_ACCEPTED,A_FINALIZED,O_SELECTED,O_CREATED,O_SENT,W_Call_after_offer,W_Call_after_offer,A_DECLINED,0,0,0,deviant
675,1605,A_SUBMITTED,A_PARTLYSUBMITTED,W_Fix_incomplete_submission,A_PREACCEPTED,W_Complete_preaccepted_appl,A_ACCEPTED,A_FINALIZED,O_SELECTED,O_CREATED,O_SENT,W_Call_after_offer,A_DECLINED,0,0,0,0,0,0,0,0,deviant
676,1606,A_SUBMITTED,A_PARTLYSUBMITTED,W_Assess_fraud,A_PREACCEPTED,W_Complete_preaccepted_appl,A_ACCEPTED,A_FINALIZED,O_SELECTED,O_CREATED,O_SENT,W_Call_after_offer,W_Call_after_offer,W_Call_after_offer,W_Call_after_offer,A_DECLINED,0,0,0,0,0,deviant
677,1607,A_SUBMITTED,A_PARTLYSUBMITTED,W_Fix_incomplete_submission,A_PREACCEPTED,W_Complete_preaccepted_appl,A_ACCEPTED,A_FINALIZED,O_SELECTED,O_CREATED,O_SENT,O_SELECTED,O_CREATED,O_SENT,O_SELECTED,O_CREATED,O_SENT,O_SELECTED,O_CREATED,O_SENT,W_Call_after_offer,deviant
678,1608,A_SUBMITTED,A_PARTLYSUBMITTED,W_Assess_fraud,A_PREACCEPTED,W_Complete_preaccepted_appl,W_Complete_preaccepted_appl,W_Complete_preaccepted_appl,A_DECLINED,0,0,0,0,0,0,0,0,0,0,0,0,deviant
679,1609,A_SUBMITTED,A_PARTLYSUBMITTED,W_Fix_incomplete_submission,O_DECLINED,A_DECLINED,0,0,0,0,0,0,0,0,0,0,0,0,0,0,0,deviant
680,161,A_SUBMITTED,A_PARTLYSUBMITTED,W_Assess_fraud,A_PREACCEPTED,W_Complete_preaccepted_appl,A_ACCEPTED,A_FINALIZED,O_SELECTED,O_CREATED,O_SENT,W_Call_after_offer,W_Call_after_offer,W_Call_after_offer,A_DECLINED,0,0,0,0,0,0,deviant
681,1610,A_SUBMITTED,A_PARTLYSUBMITTED,W_Fix_incomplete_submission,A_PREACCEPTED,W_Complete_preaccepted_appl,W_Complete_preaccepted_appl,A_CANCELLED,0,0,0,0,0,0,0,0,0,0,0,0,0,deviant
682,1611,A_SUBMITTED,A_PARTLYSUBMITTED,W_Assess_fraud,A_CANCELLED,0,0,0,0,0,0,0,0,0,0,0,0,0,0,0,0,deviant
683,1612,A_SUBMITTED,A_PARTLYSUBMITTED,W_Assess_fraud,O_DECLINED,A_DECLINED,0,0,0,0,0,0,0,0,0,0,0,0,0,0,0,deviant
684,1613,A_SUBMITTED,A_PARTLYSUBMITTED,W_Fix_incomplete_submission,A_PREACCEPTED,W_Complete_preaccepted_appl,W_Complete_preaccepted_appl,W_Complete_preaccepted_appl,W_Complete_preaccepted_appl,W_Complete_preaccepted_appl,W_Complete_preaccepted_appl,W_Complete_preaccepted_appl,W_Complete_preaccepted_appl,W_Complete_preaccepted_appl,W_Complete_preaccepted_appl,W_Complete_preaccepted_appl,W_Complete_preaccepted_appl,A_ACCEPTED,A_FINALIZED,O_SELECTED,O_CREATED,regular
685,1614,A_SUBMITTED,A_PARTLYSUBMITTED,W_Assess_fraud,A_PREACCEPTED,W_Complete_preaccepted_appl,W_Complete_preaccepted_appl,W_Complete_preaccepted_appl,A_ACCEPTED,A_FINALIZED,O_SELECTED,O_CREATED,O_SENT,W_Call_after_offer,O_SENT_BACK,W_Assess_application,W_Call_missing_information,W_Call_missing_information,W_Call_missing_information,W_Call_missing_information,W_Call_missing_information,regular
686,1615,A_SUBMITTED,A_PARTLYSUBMITTED,W_Assess_fraud,A_PREACCEPTED,W_Complete_preaccepted_appl,A_ACCEPTED,A_FINALIZED,O_SELECTED,O_CREATED,O_SENT,W_Call_after_offer,A_DECLINED,0,0,0,0,0,0,0,0,deviant
687,1616,A_SUBMITTED,A_PARTLYSUBMITTED,W_Assess_fraud,A_PREACCEPTED,W_Complete_preaccepted_appl,W_Complete_preaccepted_appl,W_Complete_preaccepted_appl,W_Complete_preaccepted_appl,W_Complete_preaccepted_appl,A_ACCEPTED,A_FINALIZED,O_SELECTED,O_CREATED,O_SENT,W_Call_after_offer,W_Call_after_offer,O_SENT_BACK,W_Assess_application,W_Call_missing_information,W_Call_missing_information,regular
688,1617,A_SUBMITTED,A_PARTLYSUBMITTED,W_Fix_incomplete_submission,A_PREACCEPTED,W_Complete_preaccepted_appl,W_Complete_preaccepted_appl,A_ACCEPTED,A_FINALIZED,O_SELECTED,O_CREATED,O_SENT,W_Call_after_offer,W_Call_after_offer,W_Call_after_offer,A_DECLINED,0,0,0,0,0,deviant
689,1618,A_SUBMITTED,A_PARTLYSUBMITTED,W_Assess_fraud,A_PREACCEPTED,W_Complete_preaccepted_appl,W_Complete_preaccepted_appl,W_Complete_preaccepted_appl,W_Complete_preaccepted_appl,A_ACCEPTED,A_FINALIZED,O_SELECTED,O_CREATED,O_SENT,O_SELECTED,O_CREATED,O_SENT,W_Call_after_offer,W_Call_after_offer,A_DECLINED,0,deviant
690,1619,A_SUBMITTED,A_PARTLYSUBMITTED,W_Assess_fraud,A_PREACCEPTED,W_Complete_preaccepted_appl,A_DECLINED,0,0,0,0,0,0,0,0,0,0,0,0,0,0,deviant
691,162,A_SUBMITTED,A_PARTLYSUBMITTED,W_Assess_fraud,A_PREACCEPTED,W_Complete_preaccepted_appl,A_ACCEPTED,A_FINALIZED,O_SELECTED,O_CREATED,O_SENT,W_Call_after_offer,W_Call_after_offer,A_DECLINED,0,0,0,0,0,0,0,deviant
692,1620,A_SUBMITTED,A_PARTLYSUBMITTED,W_Assess_fraud,A_PREACCEPTED,W_Complete_preaccepted_appl,W_Complete_preaccepted_appl,W_Complete_preaccepted_appl,W_Complete_preaccepted_appl,W_Complete_preaccepted_appl,A_DECLINED,0,0,0,0,0,0,0,0,0,0,deviant
693,1621,A_SUBMITTED,A_PARTLYSUBMITTED,W_Assess_fraud,A_PREACCEPTED,W_Complete_preaccepted_appl,W_Complete_preaccepted_appl,W_Complete_preaccepted_appl,W_Complete_preaccepted_appl,W_Complete_preaccepted_appl,W_Complete_preaccepted_appl,A_ACCEPTED,A_FINALIZED,O_SELECTED,O_CREATED,O_SENT,W_Call_after_offer,A_DECLINED,0,0,0,deviant
694,1622,A_SUBMITTED,A_PARTLYSUBMITTED,W_Assess_fraud,A_PREACCEPTED,W_Complete_preaccepted_appl,A_ACCEPTED,A_FINALIZED,O_SELECTED,O_CREATED,O_SENT,O_SENT_BACK,W_Assess_application,W_Call_missing_information,W_Call_missing_information,O_ACCEPTED,A_APPROVED,A_REGISTERED,A_ACTIVATED,0,0,deviant
695,1623,A_SUBMITTED,A_PARTLYSUBMITTED,W_Fix_incomplete_submission,O_DECLINED,A_DECLINED,0,0,0,0,0,0,0,0,0,0,0,0,0,0,0,deviant
696,1624,A_SUBMITTED,A_PARTLYSUBMITTED,W_Assess_fraud,O_DECLINED,A_DECLINED,0,0,0,0,0,0,0,0,0,0,0,0,0,0,0,deviant
697,1625,A_SUBMITTED,A_PARTLYSUBMITTED,W_Fix_incomplete_submission,A_PREACCEPTED,W_Complete_preaccepted_appl,W_Complete_preaccepted_appl,W_Complete_preaccepted_appl,W_Complete_preaccepted_appl,A_DECLINED,0,0,0,0,0,0,0,0,0,0,0,deviant
698,1626,A_SUBMITTED,A_PARTLYSUBMITTED,W_Fix_incomplete_submission,A_PREACCEPTED,W_Complete_preaccepted_appl,A_ACCEPTED,A_FINALIZED,O_SELECTED,O_CREATED,O_SENT,W_Call_after_offer,W_Call_after_offer,O_SENT_BACK,W_Assess_application,W_Assess_application,W_Assess_application,W_Assess_application,O_ACCEPTED,A_APPROVED,A_REGISTERED,deviant
699,1627,A_SUBMITTED,A_PARTLYSUBMITTED,W_Assess_fraud,A_PREACCEPTED,W_Complete_preaccepted_appl,W_Complete_preaccepted_appl,A_ACCEPTED,A_FINALIZED,O_SELECTED,O_CREATED,O_SENT,W_Call_after_offer,W_Call_after_offer,W_Call_after_offer,W_Call_after_offer,W_Call_after_offer,O_SELECTED,O_CREATED,O_SENT,O_SELECTED,deviant
700,1628,A_SUBMITTED,A_PARTLYSUBMITTED,W_Assess_fraud,A_PREACCEPTED,W_Complete_preaccepted_appl,W_Complete_preaccepted_appl,W_Complete_preaccepted_appl,A_DECLINED,0,0,0,0,0,0,0,0,0,0,0,0,deviant
701,1629,A_SUBMITTED,A_PARTLYSUBMITTED,W_Fix_incomplete_submission,W_Fix_incomplete_submission,A_PREACCEPTED,W_Complete_preaccepted_appl,W_Complete_preaccepted_appl,W_Complete_preaccepted_appl,A_ACCEPTED,A_FINALIZED,O_SELECTED,O_CREATED,O_SENT,W_Call_after_offer,W_Call_after_offer,O_SELECTED,O_CREATED,O_SENT,O_SELECTED,O_CREATED,deviant
702,163,A_SUBMITTED,A_PARTLYSUBMITTED,W_Assess_fraud,A_PREACCEPTED,W_Complete_preaccepted_appl,W_Complete_preaccepted_appl,W_Complete_preaccepted_appl,W_Complete_preaccepted_appl,W_Complete_preaccepted_appl,W_Complete_preaccepted_appl,W_Complete_preaccepted_appl,W_Complete_preaccepted_appl,W_Complete_preaccepted_appl,W_Complete_preaccepted_appl,W_Complete_preaccepted_appl,W_Complete_preaccepted_appl,A_ACCEPTED,A_FINALIZED,O_SELECTED,O_CREATED,deviant
703,1630,A_SUBMITTED,A_PARTLYSUBMITTED,W_Fix_incomplete_submission,A_PREACCEPTED,W_Complete_preaccepted_appl,W_Complete_preaccepted_appl,A_DECLINED,0,0,0,0,0,0,0,0,0,0,0,0,0,deviant
704,1631,A_SUBMITTED,A_PARTLYSUBMITTED,W_Fix_incomplete_submission,A_PREACCEPTED,W_Complete_preaccepted_appl,W_Complete_preaccepted_appl,W_Complete_preaccepted_appl,W_Complete_preaccepted_appl,W_Complete_preaccepted_appl,W_Complete_preaccepted_appl,W_Complete_preaccepted_appl,A_DECLINED,0,0,0,0,0,0,0,0,deviant
705,1632,A_SUBMITTED,A_PARTLYSUBMITTED,W_Assess_fraud,A_PREACCEPTED,W_Complete_preaccepted_appl,W_Complete_preaccepted_appl,A_DECLINED,0,0,0,0,0,0,0,0,0,0,0,0,0,deviant
706,1633,A_SUBMITTED,A_PARTLYSUBMITTED,W_Assess_fraud,A_PREACCEPTED,W_Complete_preaccepted_appl,W_Complete_preaccepted_appl,W_Complete_preaccepted_appl,A_ACCEPTED,A_FINALIZED,O_SELECTED,O_CREATED,O_SENT,W_Call_after_offer,A_DECLINED,0,0,0,0,0,0,deviant
707,1634,A_SUBMITTED,A_PARTLYSUBMITTED,W_Fix_incomplete_submission,A_PREACCEPTED,W_Complete_preaccepted_appl,W_Complete_preaccepted_appl,A_ACCEPTED,A_FINALIZED,O_SELECTED,O_CREATED,O_SENT,W_Call_after_offer,W_Call_after_offer,O_SELECTED,O_CREATED,O_SENT,O_SELECTED,O_CREATED,O_SENT,W_Call_after_offer,deviant
708,1635,A_SUBMITTED,A_PARTLYSUBMITTED,W_Assess_fraud,A_PREACCEPTED,W_Complete_preaccepted_appl,A_DECLINED,0,0,0,0,0,0,0,0,0,0,0,0,0,0,deviant
709,1636,A_SUBMITTED,A_PARTLYSUBMITTED,W_Assess_fraud,A_PREACCEPTED,W_Complete_preaccepted_appl,A_ACCEPTED,A_FINALIZED,O_SELECTED,O_CREATED,O_SENT,W_Call_after_offer,W_Call_after_offer,O_SENT_BACK,W_Assess_application,W_Assess_application,W_Assess_application,W_Assess_application,W_Call_missing_information,W_Call_missing_information,W_Call_missing_information,regular
710,1637,A_SUBMITTED,A_PARTLYSUBMITTED,W_Fix_incomplete_submission,A_PREACCEPTED,W_Complete_preaccepted_appl,W_Complete_preaccepted_appl,A_ACCEPTED,A_FINALIZED,O_SELECTED,O_CREATED,O_SENT,W_Call_after_offer,O_SELECTED,O_CREATED,O_SENT,W_Call_after_offer,W_Call_after_offer,A_DECLINED,0,0,deviant
711,1638,A_SUBMITTED,A_PARTLYSUBMITTED,W_Fix_incomplete_submission,W_Fix_incomplete_submission,A_PREACCEPTED,W_Complete_preaccepted_appl,W_Complete_preaccepted_appl,W_Complete_preaccepted_appl,A_DECLINED,0,0,0,0,0,0,0,0,0,0,0,deviant
712,1639,A_SUBMITTED,A_PARTLYSUBMITTED,W_Fix_incomplete_submission,A_CANCELLED,0,0,0,0,0,0,0,0,0,0,0,0,0,0,0,0,deviant
713,164,A_SUBMITTED,A_PARTLYSUBMITTED,W_Fix_incomplete_submission,A_PREACCEPTED,W_Complete_preaccepted_appl,W_Complete_preaccepted_appl,A_ACCEPTED,A_FINALIZED,O_SELECTED,O_CREATED,O_SENT,W_Call_after_offer,W_Call_after_offer,W_Call_after_offer,W_Call_after_offer,W_Call_after_offer,W_Call_after_offer,A_DECLINED,0,0,deviant
714,1640,A_SUBMITTED,A_PARTLYSUBMITTED,W_Assess_fraud,A_PREACCEPTED,W_Complete_preaccepted_appl,W_Complete_preaccepted_appl,W_Complete_preaccepted_appl,W_Complete_preaccepted_appl,W_Complete_preaccepted_appl,A_DECLINED,0,0,0,0,0,0,0,0,0,0,deviant
715,1641,A_SUBMITTED,A_PARTLYSUBMITTED,W_Assess_fraud,A_PREACCEPTED,W_Complete_preaccepted_appl,W_Complete_preaccepted_appl,W_Complete_preaccepted_appl,W_Complete_preaccepted_appl,A_DECLINED,0,0,0,0,0,0,0,0,0,0,0,deviant
716,1642,A_SUBMITTED,A_PARTLYSUBMITTED,W_Assess_fraud,A_PREACCEPTED,W_Complete_preaccepted_appl,W_Complete_preaccepted_appl,W_Complete_preaccepted_appl,W_Complete_preaccepted_appl,W_Complete_preaccepted_appl,W_Complete_preaccepted_appl,A_ACCEPTED,A_FINALIZED,O_SELECTED,O_CREATED,O_SENT,W_Call_after_offer,W_Call_after_offer,O_SENT_BACK,W_Assess_application,W_Assess_application,regular
717,1643,A_SUBMITTED,A_PARTLYSUBMITTED,W_Assess_fraud,A_PREACCEPTED,W_Complete_preaccepted_appl,W_Complete_preaccepted_appl,A_ACCEPTED,A_FINALIZED,O_SELECTED,O_CREATED,O_SENT,O_SELECTED,O_CREATED,O_SENT,O_SELECTED,O_CREATED,O_SENT,W_Call_after_offer,W_Call_after_offer,W_Call_after_offer,deviant
718,1644,A_SUBMITTED,A_PARTLYSUBMITTED,W_Assess_fraud,A_PREACCEPTED,W_Complete_preaccepted_appl,A_ACCEPTED,A_FINALIZED,O_SELECTED,O_CREATED,O_SENT,W_Call_after_offer,W_Call_after_offer,W_Call_after_offer,O_SENT_BACK,W_Assess_application,W_Assess_application,A_DECLINED,0,0,0,deviant
719,1645,A_SUBMITTED,A_PARTLYSUBMITTED,W_Fix_incomplete_submission,A_PREACCEPTED,W_Complete_preaccepted_appl,A_ACCEPTED,A_FINALIZED,O_SELECTED,O_CREATED,O_SENT,W_Call_after_offer,W_Call_after_offer,W_Call_after_offer,O_SELECTED,O_CREATED,O_SENT,W_Call_after_offer,O_SENT_BACK,W_Assess_application,W_Call_missing_information,regular
720,1646,A_SUBMITTED,A_PARTLYSUBMITTED,W_Assess_fraud,A_PREACCEPTED,W_Complete_preaccepted_appl,W_Complete_preaccepted_appl,W_Complete_preaccepted_appl,W_Complete_preaccepted_appl,W_Complete_preaccepted_appl,W_Complete_preaccepted_appl,W_Complete_preaccepted_appl,W_Complete_preaccepted_appl,W_Complete_preaccepted_appl,W_Complete_preaccepted_appl,A_ACCEPTED,A_FINALIZED,O_SELECTED,O_CREATED,O_SENT,W_Call_after_offer,deviant
721,1647,A_SUBMITTED,A_PARTLYSUBMITTED,W_Assess_fraud,A_PREACCEPTED,W_Complete_preaccepted_appl,A_CANCELLED,0,0,0,0,0,0,0,0,0,0,0,0,0,0,deviant
722,1648,A_SUBMITTED,A_PARTLYSUBMITTED,W_Fix_incomplete_submission,W_Fix_incomplete_submission,A_PREACCEPTED,W_Complete_preaccepted_appl,A_ACCEPTED,A_FINALIZED,O_SELECTED,O_CREATED,O_SENT,W_Call_after_offer,W_Call_after_offer,W_Call_after_offer,A_DECLINED,0,0,0,0,0,deviant
723,1649,A_SUBMITTED,A_PARTLYSUBMITTED,W_Assess_fraud,A_PREACCEPTED,W_Complete_preaccepted_appl,A_ACCEPTED,A_FINALIZED,O_SELECTED,O_CREATED,O_SENT,O_SELECTED,O_CREATED,O_SENT,O_SELECTED,O_CREATED,O_SENT,O_SELECTED,O_CREATED,O_SENT,W_Call_after_offer,regular
724,165,A_SUBMITTED,A_PARTLYSUBMITTED,W_Assess_fraud,A_PREACCEPTED,W_Complete_preaccepted_appl,W_Complete_preaccepted_appl,W_Complete_preaccepted_appl,W_Complete_preaccepted_appl,W_Complete_preaccepted_appl,W_Complete_preaccepted_appl,W_Complete_preaccepted_appl,W_Complete_preaccepted_appl,A_CANCELLED,0,0,0,0,0,0,0,deviant
725,1650,A_SUBMITTED,A_PARTLYSUBMITTED,W_Assess_fraud,A_PREACCEPTED,W_Complete_preaccepted_appl,A_ACCEPTED,A_FINALIZED,O_SELECTED,O_CREATED,O_SENT,W_Call_after_offer,O_SENT_BACK,W_Assess_application,A_DECLINED,0,0,0,0,0,0,deviant
726,1651,A_SUBMITTED,A_PARTLYSUBMITTED,W_Assess_fraud,A_PREACCEPTED,W_Complete_preaccepted_appl,W_Complete_preaccepted_appl,W_Complete_preaccepted_appl,A_DECLINED,0,0,0,0,0,0,0,0,0,0,0,0,deviant
727,1652,A_SUBMITTED,A_PARTLYSUBMITTED,W_Assess_fraud,A_PREACCEPTED,W_Complete_preaccepted_appl,W_Complete_preaccepted_appl,W_Complete_preaccepted_appl,A_ACCEPTED,A_FINALIZED,O_SELECTED,O_CREATED,O_SENT,W_Call_after_offer,A_DECLINED,0,0,0,0,0,0,deviant
728,1653,A_SUBMITTED,A_PARTLYSUBMITTED,W_Fix_incomplete_submission,A_PREACCEPTED,W_Complete_preaccepted_appl,W_Complete_preaccepted_appl,W_Complete_preaccepted_appl,A_DECLINED,0,0,0,0,0,0,0,0,0,0,0,0,deviant
729,1654,A_SUBMITTED,A_PARTLYSUBMITTED,W_Assess_fraud,A_PREACCEPTED,W_Complete_preaccepted_appl,W_Complete_preaccepted_appl,W_Complete_preaccepted_appl,A_ACCEPTED,A_FINALIZED,O_SELECTED,O_CREATED,O_SENT,O_SELECTED,O_CREATED,O_SENT,W_Call_after_offer,W_Call_after_offer,O_SENT_BACK,W_Assess_application,W_Assess_application,regular
730,1655,A_SUBMITTED,A_PARTLYSUBMITTED,W_Assess_fraud,A_PREACCEPTED,W_Complete_preaccepted_appl,A_ACCEPTED,A_FINALIZED,O_SELECTED,O_CREATED,O_SENT,W_Call_after_offer,O_SELECTED,O_CREATED,O_SENT,W_Call_after_offer,W_Call_after_offer,W_Call_after_offer,O_SENT_BACK,W_Assess_application,W_Assess_application,deviant
731,1656,A_SUBMITTED,A_PARTLYSUBMITTED,W_Assess_fraud,A_PREACCEPTED,W_Complete_preaccepted_appl,W_Complete_preaccepted_appl,W_Complete_preaccepted_appl,A_DECLINED,0,0,0,0,0,0,0,0,0,0,0,0,deviant
732,1657,A_SUBMITTED,A_PARTLYSUBMITTED,W_Assess_fraud,A_PREACCEPTED,W_Complete_preaccepted_appl,A_ACCEPTED,A_FINALIZED,O_SELECTED,O_CREATED,O_SENT,W_Call_after_offer,O_SENT_BACK,W_Assess_application,W_Call_missing_information,W_Call_missing_information,W_Call_missing_information,W_Call_missing_information,O_ACCEPTED,A_APPROVED,A_REGISTERED,regular
733,1658,A_SUBMITTED,A_PARTLYSUBMITTED,W_Assess_fraud,O_DECLINED,A_DECLINED,0,0,0,0,0,0,0,0,0,0,0,0,0,0,0,deviant
734,1659,A_SUBMITTED,A_PARTLYSUBMITTED,W_Assess_fraud,A_PREACCEPTED,W_Complete_preaccepted_appl,W_Complete_preaccepted_appl,W_Complete_preaccepted_appl,A_ACCEPTED,A_FINALIZED,O_SELECTED,O_CREATED,O_SENT,O_SELECTED,O_CREATED,O_SENT,W_Call_after_offer,W_Call_after_offer,O_SENT_BACK,W_Assess_application,W_Assess_application,regular
735,166,A_SUBMITTED,A_PARTLYSUBMITTED,W_Assess_fraud,A_CANCELLED,0,0,0,0,0,0,0,0,0,0,0,0,0,0,0,0,deviant
736,1660,A_SUBMITTED,A_PARTLYSUBMITTED,W_Assess_fraud,A_PREACCEPTED,W_Complete_preaccepted_appl,W_Complete_preaccepted_appl,A_ACCEPTED,A_FINALIZED,O_SELECTED,O_CREATED,O_SENT,W_Call_after_offer,W_Call_after_offer,O_SENT_BACK,W_Assess_application,O_CANCELLED,O_SELECTED,O_CREATED,O_SENT,O_SELECTED,regular
737,1661,A_SUBMITTED,A_PARTLYSUBMITTED,W_Assess_fraud,A_PREACCEPTED,W_Complete_preaccepted_appl,A_ACCEPTED,A_FINALIZED,O_SELECTED,O_CREATED,O_SENT,W_Call_after_offer,W_Call_after_offer,O_SENT_BACK,W_Assess_application,O_ACCEPTED,A_APPROVED,A_REGISTERED,A_ACTIVATED,0,0,deviant
738,1662,A_SUBMITTED,A_PARTLYSUBMITTED,W_Assess_fraud,A_PREACCEPTED,W_Complete_preaccepted_appl,W_Complete_preaccepted_appl,W_Complete_preaccepted_appl,W_Complete_preaccepted_appl,W_Complete_preaccepted_appl,A_ACCEPTED,A_FINALIZED,O_SELECTED,O_CREATED,O_SENT,O_SELECTED,O_CREATED,O_SENT,W_Call_after_offer,W_Call_after_offer,W_Call_after_offer,deviant
739,1663,A_SUBMITTED,A_PARTLYSUBMITTED,W_Assess_fraud,O_DECLINED,A_DECLINED,0,0,0,0,0,0,0,0,0,0,0,0,0,0,0,deviant
740,1664,A_SUBMITTED,A_PARTLYSUBMITTED,W_Assess_fraud,A_PREACCEPTED,W_Complete_preaccepted_appl,W_Complete_preaccepted_appl,W_Complete_preaccepted_appl,W_Complete_preaccepted_appl,A_ACCEPTED,A_FINALIZED,O_SELECTED,O_CREATED,O_SENT,W_Call_after_offer,A_DECLINED,0,0,0,0,0,deviant
741,1665,A_SUBMITTED,A_PARTLYSUBMITTED,W_Assess_fraud,A_PREACCEPTED,W_Complete_preaccepted_appl,A_ACCEPTED,A_FINALIZED,O_SELECTED,O_CREATED,O_SENT,W_Call_after_offer,A_DECLINED,0,0,0,0,0,0,0,0,deviant
742,1666,A_SUBMITTED,A_PARTLYSUBMITTED,W_Assess_fraud,A_PREACCEPTED,W_Complete_preaccepted_appl,W_Complete_preaccepted_appl,W_Complete_preaccepted_appl,W_Complete_preaccepted_appl,W_Complete_preaccepted_appl,W_Complete_preaccepted_appl,W_Complete_preaccepted_appl,A_DECLINED,0,0,0,0,0,0,0,0,deviant
743,1667,A_SUBMITTED,A_PARTLYSUBMITTED,W_Assess_fraud,A_PREACCEPTED,W_Complete_preaccepted_appl,W_Complete_preaccepted_appl,A_ACCEPTED,A_FINALIZED,O_SELECTED,O_CREATED,O_SENT,W_Call_after_offer,O_SELECTED,O_CREATED,O_SENT,W_Call_after_offer,O_SELECTED,O_CREATED,O_SENT,W_Call_after_offer,deviant
744,1668,A_SUBMITTED,A_PARTLYSUBMITTED,W_Fix_incomplete_submission,W_Fix_incomplete_submission,W_Fix_incomplete_submission,A_PREACCEPTED,W_Complete_preaccepted_appl,W_Complete_preaccepted_appl,W_Complete_preaccepted_appl,A_DECLINED,0,0,0,0,0,0,0,0,0,0,deviant
745,1669,A_SUBMITTED,A_PARTLYSUBMITTED,W_Assess_fraud,O_DECLINED,A_DECLINED,0,0,0,0,0,0,0,0,0,0,0,0,0,0,0,deviant
746,167,A_SUBMITTED,A_PARTLYSUBMITTED,W_Assess_fraud,A_PREACCEPTED,W_Complete_preaccepted_appl,W_Complete_preaccepted_appl,W_Complete_preaccepted_appl,W_Complete_preaccepted_appl,W_Complete_preaccepted_appl,A_ACCEPTED,A_FINALIZED,O_SELECTED,O_CREATED,O_SENT,W_Call_after_offer,W_Call_after_offer,W_Call_after_offer,W_Call_after_offer,W_Call_after_offer,W_Call_after_offer,regular
747,1670,A_SUBMITTED,A_PARTLYSUBMITTED,W_Fix_incomplete_submission,A_PREACCEPTED,W_Complete_preaccepted_appl,A_CANCELLED,0,0,0,0,0,0,0,0,0,0,0,0,0,0,deviant
748,1671,A_SUBMITTED,A_PARTLYSUBMITTED,W_Fix_incomplete_submission,A_PREACCEPTED,W_Complete_preaccepted_appl,A_ACCEPTED,A_FINALIZED,O_SELECTED,O_CREATED,O_SENT,W_Call_after_offer,W_Call_after_offer,W_Call_after_offer,W_Call_after_offer,W_Call_after_offer,A_DECLINED,0,0,0,0,deviant
749,1672,A_SUBMITTED,A_PARTLYSUBMITTED,W_Assess_fraud,A_PREACCEPTED,W_Complete_preaccepted_appl,W_Complete_preaccepted_appl,A_ACCEPTED,A_FINALIZED,O_SELECTED,O_CREATED,O_SENT,W_Call_after_offer,W_Call_after_offer,W_Call_after_offer,O_SENT_BACK,W_Assess_application,W_Assess_application,W_Assess_application,O_CANCELLED,O_SELECTED,deviant
750,1673,A_SUBMITTED,A_PARTLYSUBMITTED,W_Assess_fraud,A_PREACCEPTED,W_Complete_preaccepted_appl,A_ACCEPTED,A_FINALIZED,O_SELECTED,O_CREATED,O_SENT,W_Call_after_offer,A_DECLINED,0,0,0,0,0,0,0,0,deviant
751,1674,A_SUBMITTED,A_PARTLYSUBMITTED,W_Assess_fraud,A_PREACCEPTED,W_Complete_preaccepted_appl,W_Complete_preaccepted_appl,W_Complete_preaccepted_appl,A_ACCEPTED,A_FINALIZED,O_SELECTED,O_CREATED,O_SENT,W_Call_after_offer,O_SENT_BACK,W_Assess_application,W_Assess_application,W_Assess_application,O_ACCEPTED,A_APPROVED,A_REGISTERED,deviant
752,1675,A_SUBMITTED,A_PARTLYSUBMITTED,W_Assess_fraud,A_PREACCEPTED,W_Complete_preaccepted_appl,A_ACCEPTED,A_FINALIZED,O_SELECTED,O_CREATED,O_SENT,W_Call_after_offer,W_Call_after_offer,O_SENT_BACK,W_Assess_application,W_Assess_application,W_Call_missing_information,W_Call_missing_information,W_Call_missing_information,W_Call_missing_information,W_Call_missing_information,regular
753,1676,A_SUBMITTED,A_PARTLYSUBMITTED,W_Assess_fraud,A_PREACCEPTED,W_Complete_preaccepted_appl,A_DECLINED,0,0,0,0,0,0,0,0,0,0,0,0,0,0,deviant
754,1677,A_SUBMITTED,A_PARTLYSUBMITTED,W_Fix_incomplete_submission,A_PREACCEPTED,W_Complete_preaccepted_appl,W_Complete_preaccepted_appl,W_Complete_preaccepted_appl,W_Complete_preaccepted_appl,A_ACCEPTED,A_FINALIZED,O_SELECTED,O_CREATED,O_SENT,W_Call_after_offer,O_SELECTED,O_CREATED,O_SENT,O_SENT_BACK,W_Assess_application,W_Call_missing_information,regular
755,1678,A_SUBMITTED,A_PARTLYSUBMITTED,W_Assess_fraud,A_PREACCEPTED,W_Complete_preaccepted_appl,A_CANCELLED,0,0,0,0,0,0,0,0,0,0,0,0,0,0,deviant
756,1679,A_SUBMITTED,A_PARTLYSUBMITTED,W_Fix_incomplete_submission,A_PREACCEPTED,W_Complete_preaccepted_appl,W_Complete_preaccepted_appl,A_ACCEPTED,A_FINALIZED,O_SELECTED,O_CREATED,O_SENT,O_SELECTED,O_CREATED,O_SENT,W_Call_after_offer,A_DECLINED,0,0,0,0,deviant
757,168,A_SUBMITTED,A_PARTLYSUBMITTED,W_Fix_incomplete_submission,A_CANCELLED,0,0,0,0,0,0,0,0,0,0,0,0,0,0,0,0,deviant
758,1680,A_SUBMITTED,A_PARTLYSUBMITTED,W_Fix_incomplete_submission,W_Fix_incomplete_submission,A_PREACCEPTED,W_Complete_preaccepted_appl,A_ACCEPTED,A_FINALIZED,O_SELECTED,O_CREATED,O_SENT,W_Call_after_offer,O_SENT_BACK,W_Assess_application,W_Assess_application,W_Assess_application,W_Call_missing_information,W_Call_missing_information,W_Call_missing_information,W_Call_missing_information,regular
759,1681,A_SUBMITTED,A_PARTLYSUBMITTED,W_Assess_fraud,A_PREACCEPTED,W_Complete_preaccepted_appl,W_Complete_preaccepted_appl,A_CANCELLED,0,0,0,0,0,0,0,0,0,0,0,0,0,deviant
760,1682,A_SUBMITTED,A_PARTLYSUBMITTED,W_Fix_incomplete_submission,W_Fix_incomplete_submission,A_PREACCEPTED,W_Complete_preaccepted_appl,W_Complete_preaccepted_appl,A_ACCEPTED,A_FINALIZED,O_SELECTED,O_CREATED,O_SENT,W_Call_after_offer,W_Call_after_offer,O_SELECTED,O_CREATED,O_SENT,A_DECLINED,0,0,deviant
761,1683,A_SUBMITTED,A_PARTLYSUBMITTED,W_Fix_incomplete_submission,A_PREACCEPTED,W_Complete_preaccepted_appl,W_Complete_preaccepted_appl,W_Complete_preaccepted_appl,A_ACCEPTED,A_FINALIZED,O_SELECTED,O_CREATED,O_SENT,W_Call_after_offer,W_Call_after_offer,W_Call_after_offer,W_Call_after_offer,O_SELECTED,O_CREATED,O_SENT,O_SELECTED,regular
762,1684,A_SUBMITTED,A_PARTLYSUBMITTED,W_Assess_fraud,A_PREACCEPTED,W_Complete_preaccepted_appl,W_Complete_preaccepted_appl,A_DECLINED,0,0,0,0,0,0,0,0,0,0,0,0,0,deviant
763,1685,A_SUBMITTED,A_PARTLYSUBMITTED,W_Assess_fraud,O_DECLINED,A_DECLINED,0,0,0,0,0,0,0,0,0,0,0,0,0,0,0,deviant
764,1686,A_SUBMITTED,A_PARTLYSUBMITTED,W_Assess_fraud,A_PREACCEPTED,W_Complete_preaccepted_appl,A_ACCEPTED,A_FINALIZED,O_SELECTED,O_CREATED,O_SENT,W_Call_after_offer,A_DECLINED,0,0,0,0,0,0,0,0,deviant
765,1687,A_SUBMITTED,A_PARTLYSUBMITTED,W_Assess_fraud,A_CANCELLED,0,0,0,0,0,0,0,0,0,0,0,0,0,0,0,0,deviant
766,1688,A_SUBMITTED,A_PARTLYSUBMITTED,W_Assess_fraud,A_PREACCEPTED,W_Complete_preaccepted_appl,W_Complete_preaccepted_appl,A_ACCEPTED,A_FINALIZED,O_SELECTED,O_CREATED,O_SENT,W_Call_after_offer,O_SELECTED,O_CREATED,O_SENT,W_Call_after_offer,W_Call_after_offer,O_CANCELLED,A_DECLINED,0,deviant
767,1689,A_SUBMITTED,A_PARTLYSUBMITTED,W_Fix_incomplete_submission,A_PREACCEPTED,W_Complete_preaccepted_appl,W_Complete_preaccepted_appl,W_Complete_preaccepted_appl,W_Complete_preaccepted_appl,W_Complete_preaccepted_appl,W_Complete_preaccepted_appl,W_Complete_preaccepted_appl,A_ACCEPTED,A_FINALIZED,O_SELECTED,O_CREATED,O_SENT,A_DECLINED,0,0,0,deviant
768,169,A_SUBMITTED,A_PARTLYSUBMITTED,W_Assess_fraud,A_PREACCEPTED,W_Complete_preaccepted_appl,W_Complete_preaccepted_appl,W_Complete_preaccepted_appl,A_CANCELLED,0,0,0,0,0,0,0,0,0,0,0,0,deviant
769,1690,A_SUBMITTED,A_PARTLYSUBMITTED,W_Assess_fraud,A_PREACCEPTED,W_Complete_preaccepted_appl,W_Complete_preaccepted_appl,A_ACCEPTED,A_FINALIZED,O_SELECTED,O_CREATED,O_SENT,O_SELECTED,O_CREATED,O_SENT,W_Call_after_offer,W_Call_after_offer,A_DECLINED,0,0,0,deviant
770,1691,A_SUBMITTED,A_PARTLYSUBMITTED,W_Fix_incomplete_submission,A_PREACCEPTED,W_Complete_preaccepted_appl,A_ACCEPTED,A_FINALIZED,O_SELECTED,O_CREATED,O_SENT,W_Call_after_offer,W_Call_after_offer,W_Call_after_offer,W_Call_after_offer,W_Call_after_offer,W_Call_after_offer,O_SENT_BACK,W_Assess_application,W_Assess_application,W_Assess_application,regular
771,1692,A_SUBMITTED,A_PARTLYSUBMITTED,W_Assess_fraud,A_PREACCEPTED,W_Complete_preaccepted_appl,W_Complete_preaccepted_appl,W_Complete_preaccepted_appl,W_Complete_preaccepted_appl,W_Complete_preaccepted_appl,W_Complete_preaccepted_appl,W_Complete_preaccepted_appl,W_Complete_preaccepted_appl,A_ACCEPTED,A_FINALIZED,O_SELECTED,O_CREATED,O_SENT,O_SELECTED,O_CREATED,O_SENT,deviant
772,1693,A_SUBMITTED,A_PARTLYSUBMITTED,W_Assess_fraud,A_PREACCEPTED,W_Complete_preaccepted_appl,W_Complete_preaccepted_appl,W_Complete_preaccepted_appl,W_Complete_preaccepted_appl,A_ACCEPTED,A_FINALIZED,O_SELECTED,O_CREATED,O_SENT,W_Call_after_offer,O_SENT_BACK,W_Assess_application,W_Assess_application,W_Call_missing_information,W_Call_missing_information,W_Call_missing_information,regular
773,1694,A_SUBMITTED,A_PARTLYSUBMITTED,W_Fix_incomplete_submission,O_DECLINED,A_DECLINED,0,0,0,0,0,0,0,0,0,0,0,0,0,0,0,deviant
774,1695,A_SUBMITTED,A_PARTLYSUBMITTED,W_Assess_fraud,A_PREACCEPTED,W_Complete_preaccepted_appl,W_Complete_preaccepted_appl,W_Complete_preaccepted_appl,W_Complete_preaccepted_appl,A_ACCEPTED,A_FINALIZED,O_SELECTED,O_CREATED,O_SENT,W_Call_after_offer,W_Call_after_offer,W_Call_after_offer,W_Call_after_offer,O_SELECTED,O_CREATED,O_SENT,regular
775,1696,A_SUBMITTED,A_PARTLYSUBMITTED,W_Assess_fraud,A_PREACCEPTED,W_Complete_preaccepted_appl,W_Complete_preaccepted_appl,W_Complete_preaccepted_appl,A_ACCEPTED,A_FINALIZED,O_SELECTED,O_CREATED,O_SENT,O_SELECTED,O_CREATED,O_SENT,W_Call_after_offer,W_Call_after_offer,O_SENT_BACK,W_Assess_application,O_SELECTED,deviant
776,1697,A_SUBMITTED,A_PARTLYSUBMITTED,W_Assess_fraud,A_PREACCEPTED,W_Complete_preaccepted_appl,W_Complete_preaccepted_appl,W_Complete_preaccepted_appl,W_Complete_preaccepted_appl,W_Complete_preaccepted_appl,A_ACCEPTED,A_FINALIZED,O_SELECTED,O_CREATED,O_SENT,W_Call_after_offer,O_SELECTED,O_CREATED,O_SENT,W_Call_after_offer,W_Call_after_offer,deviant
777,1698,A_SUBMITTED,A_PARTLYSUBMITTED,W_Assess_fraud,A_PREACCEPTED,W_Complete_preaccepted_appl,A_ACCEPTED,A_FINALIZED,O_SELECTED,O_CREATED,O_SENT,W_Call_after_offer,W_Call_after_offer,A_DECLINED,0,0,0,0,0,0,0,deviant
778,1699,A_SUBMITTED,A_PARTLYSUBMITTED,W_Fix_incomplete_submission,W_Fix_incomplete_submission,A_PREACCEPTED,W_Complete_preaccepted_appl,W_Complete_preaccepted_appl,W_Complete_preaccepted_appl,W_Complete_preaccepted_appl,A_ACCEPTED,A_FINALIZED,O_SELECTED,O_CREATED,O_SENT,W_Call_after_offer,W_Call_after_offer,W_Call_after_offer,W_Call_after_offer,W_Call_after_offer,W_Call_after_offer,deviant
779,17,A_SUBMITTED,A_PARTLYSUBMITTED,W_Assess_fraud,A_PREACCEPTED,W_Complete_preaccepted_appl,W_Complete_preaccepted_appl,W_Complete_preaccepted_appl,W_Complete_preaccepted_appl,A_ACCEPTED,A_FINALIZED,O_SELECTED,O_CREATED,O_SENT,W_Call_after_offer,W_Call_after_offer,O_SENT_BACK,W_Assess_application,W_Assess_application,W_Assess_application,W_Call_missing_information,regular
780,170,A_SUBMITTED,A_PARTLYSUBMITTED,W_Fix_incomplete_submission,W_Fix_incomplete_submission,O_DECLINED,A_DECLINED,0,0,0,0,0,0,0,0,0,0,0,0,0,0,deviant
781,1700,A_SUBMITTED,A_PARTLYSUBMITTED,W_Fix_incomplete_submission,A_PREACCEPTED,W_Complete_preaccepted_appl,W_Complete_preaccepted_appl,A_CANCELLED,0,0,0,0,0,0,0,0,0,0,0,0,0,deviant
782,1701,A_SUBMITTED,A_PARTLYSUBMITTED,W_Assess_fraud,A_PREACCEPTED,W_Complete_preaccepted_appl,A_CANCELLED,0,0,0,0,0,0,0,0,0,0,0,0,0,0,deviant
783,1702,A_SUBMITTED,A_PARTLYSUBMITTED,W_Fix_incomplete_submission,A_PREACCEPTED,W_Complete_preaccepted_appl,A_DECLINED,0,0,0,0,0,0,0,0,0,0,0,0,0,0,deviant
784,1703,A_SUBMITTED,A_PARTLYSUBMITTED,W_Assess_fraud,A_PREACCEPTED,W_Complete_preaccepted_appl,A_CANCELLED,0,0,0,0,0,0,0,0,0,0,0,0,0,0,deviant
785,1704,A_SUBMITTED,A_PARTLYSUBMITTED,W_Fix_incomplete_submission,A_PREACCEPTED,W_Complete_preaccepted_appl,W_Complete_preaccepted_appl,W_Complete_preaccepted_appl,W_Complete_preaccepted_appl,A_DECLINED,0,0,0,0,0,0,0,0,0,0,0,deviant
786,1705,A_SUBMITTED,A_PARTLYSUBMITTED,W_Assess_fraud,A_PREACCEPTED,W_Complete_preaccepted_appl,A_DECLINED,0,0,0,0,0,0,0,0,0,0,0,0,0,0,deviant
787,1706,A_SUBMITTED,A_PARTLYSUBMITTED,W_Fix_incomplete_submission,A_PREACCEPTED,W_Complete_preaccepted_appl,W_Complete_preaccepted_appl,W_Complete_preaccepted_appl,A_ACCEPTED,A_FINALIZED,O_SELECTED,O_CREATED,O_SENT,W_Call_after_offer,W_Call_after_offer,W_Call_after_offer,O_SENT_BACK,W_Assess_application,W_Assess_application,W_Assess_application,W_Assess_application,regular
788,1707,A_SUBMITTED,A_PARTLYSUBMITTED,W_Assess_fraud,A_PREACCEPTED,W_Complete_preaccepted_appl,W_Complete_preaccepted_appl,W_Complete_preaccepted_appl,W_Complete_preaccepted_appl,W_Complete_preaccepted_appl,A_ACCEPTED,A_FINALIZED,O_SELECTED,O_CREATED,O_SENT,W_Call_after_offer,W_Call_after_offer,A_DECLINED,0,0,0,deviant
789,1708,A_SUBMITTED,A_PARTLYSUBMITTED,W_Assess_fraud,A_PREACCEPTED,W_Complete_preaccepted_appl,A_ACCEPTED,A_FINALIZED,O_SELECTED,O_CREATED,O_SENT,W_Call_after_offer,W_Call_after_offer,W_Call_after_offer,W_Call_after_offer,O_SELECTED,O_CREATED,O_SENT,W_Call_after_offer,W_Call_after_offer,W_Call_after_offer,deviant
790,1709,A_SUBMITTED,A_PARTLYSUBMITTED,W_Fix_incomplete_submission,A_PREACCEPTED,W_Complete_preaccepted_appl,A_ACCEPTED,A_FINALIZED,O_SELECTED,O_CREATED,O_SENT,W_Call_after_offer,O_SENT_BACK,W_Assess_application,O_ACCEPTED,A_APPROVED,A_REGISTERED,A_ACTIVATED,0,0,0,deviant
791,171,A_SUBMITTED,A_PARTLYSUBMITTED,W_Assess_fraud,A_PREACCEPTED,W_Complete_preaccepted_appl,A_ACCEPTED,A_FINALIZED,O_SELECTED,O_CREATED,O_SENT,O_SELECTED,O_CREATED,O_SENT,W_Call_after_offer,W_Call_after_offer,O_SELECTED,O_CREATED,O_SENT,O_SELECTED,O_CREATED,deviant
792,1710,A_SUBMITTED,A_PARTLYSUBMITTED,W_Assess_fraud,A_PREACCEPTED,W_Complete_preaccepted_appl,W_Complete_preaccepted_appl,A_DECLINED,0,0,0,0,0,0,0,0,0,0,0,0,0,deviant
793,1711,A_SUBMITTED,A_PARTLYSUBMITTED,W_Fix_incomplete_submission,A_PREACCEPTED,W_Complete_preaccepted_appl,W_Complete_preaccepted_appl,W_Complete_preaccepted_appl,W_Complete_preaccepted_appl,A_DECLINED,0,0,0,0,0,0,0,0,0,0,0,deviant
794,1712,A_SUBMITTED,A_PARTLYSUBMITTED,W_Fix_incomplete_submission,A_PREACCEPTED,W_Complete_preaccepted_appl,W_Complete_preaccepted_appl,W_Complete_preaccepted_appl,W_Complete_preaccepted_appl,W_Complete_preaccepted_appl,W_Complete_preaccepted_appl,W_Complete_preaccepted_appl,W_Complete_preaccepted_appl,W_Complete_preaccepted_appl,A_ACCEPTED,A_FINALIZED,O_SELECTED,O_CREATED,O_SENT,O_SELECTED,O_CREATED,deviant
795,1713,A_SUBMITTED,A_PARTLYSUBMITTED,W_Assess_fraud,A_PREACCEPTED,W_Complete_preaccepted_appl,A_ACCEPTED,A_FINALIZED,O_SELECTED,O_CREATED,O_SENT,W_Call_after_offer,W_Call_after_offer,W_Call_after_offer,W_Call_after_offer,W_Call_after_offer,O_SELECTED,O_CREATED,O_SENT,W_Call_after_offer,W_Call_after_offer,regular
796,1714,A_SUBMITTED,A_PARTLYSUBMITTED,W_Assess_fraud,A_PREACCEPTED,W_Complete_preaccepted_appl,W_Complete_preaccepted_appl,A_ACCEPTED,A_FINALIZED,O_SELECTED,O_CREATED,O_SENT,O_SELECTED,O_CREATED,O_SENT,W_Call_after_offer,W_Call_after_offer,W_Call_after_offer,O_SENT_BACK,W_Assess_application,W_Assess_application,regular
797,1715,A_SUBMITTED,A_PARTLYSUBMITTED,W_Assess_fraud,A_PREACCEPTED,W_Complete_preaccepted_appl,W_Complete_preaccepted_appl,W_Complete_preaccepted_appl,A_ACCEPTED,A_FINALIZED,O_SELECTED,O_CREATED,O_SENT,W_Call_after_offer,W_Call_after_offer,W_Call_after_offer,W_Call_after_offer,O_SELECTED,O_CREATED,O_SENT,O_SELECTED,deviant
798,1716,A_SUBMITTED,A_PARTLYSUBMITTED,W_Assess_fraud,A_PREACCEPTED,W_Complete_preaccepted_appl,W_Complete_preaccepted_appl,W_Complete_preaccepted_appl,A_ACCEPTED,A_FINALIZED,O_SELECTED,O_CREATED,O_SENT,W_Call_after_offer,W_Call_after_offer,O_SENT_BACK,W_Assess_application,0,0,0,0,deviant
799,1717,A_SUBMITTED,A_PARTLYSUBMITTED,W_Assess_fraud,A_PREACCEPTED,W_Complete_preaccepted_appl,W_Complete_preaccepted_appl,W_Complete_preaccepted_appl,W_Complete_preaccepted_appl,W_Complete_preaccepted_appl,W_Complete_preaccepted_appl,A_ACCEPTED,A_FINALIZED,O_SELECTED,O_CREATED,O_SENT,W_Call_after_offer,W_Call_after_offer,W_Call_after_offer,W_Call_after_offer,O_SELECTED,regular
800,1718,A_SUBMITTED,A_PARTLYSUBMITTED,W_Fix_incomplete_submission,A_PREACCEPTED,W_Complete_preaccepted_appl,A_ACCEPTED,A_FINALIZED,O_SELECTED,O_CREATED,O_SENT,W_Call_after_offer,W_Call_after_offer,O_SELECTED,O_CREATED,O_SENT,O_SELECTED,O_CREATED,O_SENT,W_Call_after_offer,O_SENT_BACK,regular
801,1719,A_SUBMITTED,A_PARTLYSUBMITTED,W_Assess_fraud,A_PREACCEPTED,W_Complete_preaccepted_appl,A_DECLINED,0,0,0,0,0,0,0,0,0,0,0,0,0,0,deviant
802,172,A_SUBMITTED,A_PARTLYSUBMITTED,W_Fix_incomplete_submission,A_PREACCEPTED,W_Complete_preaccepted_appl,W_Complete_preaccepted_appl,W_Complete_preaccepted_appl,W_Complete_preaccepted_appl,W_Complete_preaccepted_appl,A_ACCEPTED,A_FINALIZED,O_SELECTED,O_CREATED,O_SENT,W_Call_after_offer,W_Call_after_offer,W_Call_after_offer,W_Call_after_offer,W_Call_after_offer,W_Call_after_offer,deviant
803,1720,A_SUBMITTED,A_PARTLYSUBMITTED,W_Assess_fraud,A_PREACCEPTED,W_Complete_preaccepted_appl,W_Complete_preaccepted_appl,W_Complete_preaccepted_appl,W_Complete_preaccepted_appl,W_Complete_preaccepted_appl,A_ACCEPTED,A_FINALIZED,O_SELECTED,O_CREATED,O_SENT,W_Call_after_offer,O_SENT_BACK,W_Assess_application,W_Assess_application,0,0,deviant
804,1721,A_SUBMITTED,A_PARTLYSUBMITTED,W_Fix_incomplete_submission,A_PREACCEPTED,W_Complete_preaccepted_appl,W_Complete_preaccepted_appl,W_Complete_preaccepted_appl,W_Complete_preaccepted_appl,W_Complete_preaccepted_appl,W_Complete_preaccepted_appl,W_Complete_preaccepted_appl,A_CANCELLED,0,0,0,0,0,0,0,0,deviant
805,1722,A_SUBMITTED,A_PARTLYSUBMITTED,W_Assess_fraud,A_PREACCEPTED,W_Complete_preaccepted_appl,W_Complete_preaccepted_appl,W_Complete_preaccepted_appl,A_ACCEPTED,A_FINALIZED,O_SELECTED,O_CREATED,O_SENT,W_Call_after_offer,O_SELECTED,O_CREATED,O_SENT,W_Call_after_offer,O_SENT_BACK,W_Assess_application,W_Call_missing_information,regular
806,1723,A_SUBMITTED,A_PARTLYSUBMITTED,W_Fix_incomplete_submission,O_DECLINED,A_DECLINED,0,0,0,0,0,0,0,0,0,0,0,0,0,0,0,deviant
807,1724,A_SUBMITTED,A_PARTLYSUBMITTED,W_Fix_incomplete_submission,O_DECLINED,A_DECLINED,0,0,0,0,0,0,0,0,0,0,0,0,0,0,0,deviant
808,1725,A_SUBMITTED,A_PARTLYSUBMITTED,W_Assess_fraud,A_CANCELLED,0,0,0,0,0,0,0,0,0,0,0,0,0,0,0,0,deviant
809,1726,A_SUBMITTED,A_PARTLYSUBMITTED,W_Assess_fraud,A_PREACCEPTED,W_Complete_preaccepted_appl,W_Complete_preaccepted_appl,W_Complete_preaccepted_appl,A_DECLINED,0,0,0,0,0,0,0,0,0,0,0,0,deviant
810,1727,A_SUBMITTED,A_PARTLYSUBMITTED,W_Fix_incomplete_submission,A_PREACCEPTED,W_Complete_preaccepted_appl,W_Complete_preaccepted_appl,W_Complete_preaccepted_appl,W_Complete_preaccepted_appl,W_Complete_preaccepted_appl,W_Complete_preaccepted_appl,A_ACCEPTED,A_FINALIZED,O_SELECTED,O_CREATED,O_SENT,W_Call_after_offer,W_Call_after_offer,W_Call_after_offer,O_SENT_BACK,W_Assess_application,deviant
811,1728,A_SUBMITTED,A_PARTLYSUBMITTED,W_Fix_incomplete_submission,A_PREACCEPTED,W_Complete_preaccepted_appl,A_ACCEPTED,A_FINALIZED,O_SELECTED,O_CREATED,O_SENT,W_Call_after_offer,W_Call_after_offer,O_SELECTED,O_CREATED,O_SENT,W_Call_after_offer,O_SELECTED,O_CREATED,O_SENT,O_SELECTED,deviant
812,1729,A_SUBMITTED,A_PARTLYSUBMITTED,W_Assess_fraud,A_PREACCEPTED,W_Complete_preaccepted_appl,W_Complete_preaccepted_appl,W_Complete_preaccepted_appl,W_Complete_preaccepted_appl,A_ACCEPTED,A_FINALIZED,O_SELECTED,O_CREATED,O_SENT,W_Call_after_offer,W_Call_after_offer,W_Call_after_offer,A_DECLINED,0,0,0,deviant
813,173,A_SUBMITTED,A_PARTLYSUBMITTED,W_Assess_fraud,A_PREACCEPTED,W_Complete_preaccepted_appl,W_Complete_preaccepted_appl,W_Complete_preaccepted_appl,A_ACCEPTED,A_FINALIZED,O_SELECTED,O_CREATED,O_SENT,O_SELECTED,O_CREATED,O_SENT,W_Call_after_offer,W_Call_after_offer,W_Call_after_offer,W_Call_after_offer,O_SENT_BACK,regular
814,1730,A_SUBMITTED,A_PARTLYSUBMITTED,W_Assess_fraud,A_CANCELLED,0,0,0,0,0,0,0,0,0,0,0,0,0,0,0,0,deviant
815,1731,A_SUBMITTED,A_PARTLYSUBMITTED,W_Assess_fraud,A_PREACCEPTED,W_Complete_preaccepted_appl,W_Complete_preaccepted_appl,W_Complete_preaccepted_appl,W_Complete_preaccepted_appl,W_Complete_preaccepted_appl,W_Complete_preaccepted_appl,A_ACCEPTED,A_FINALIZED,O_SELECTED,O_CREATED,O_SENT,W_Call_after_offer,W_Call_after_offer,W_Call_after_offer,W_Call_after_offer,W_Call_after_offer,deviant
816,1732,A_SUBMITTED,A_PARTLYSUBMITTED,W_Fix_incomplete_submission,A_PREACCEPTED,W_Complete_preaccepted_appl,W_Complete_preaccepted_appl,W_Complete_preaccepted_appl,W_Complete_preaccepted_appl,W_Complete_preaccepted_appl,W_Complete_preaccepted_appl,W_Complete_preaccepted_appl,A_ACCEPTED,A_FINALIZED,O_SELECTED,O_CREATED,O_SENT,W_Call_after_offer,O_CANCELLED,O_SELECTED,O_CREATED,regular
817,1733,A_SUBMITTED,A_PARTLYSUBMITTED,W_Fix_incomplete_submission,A_PREACCEPTED,W_Complete_preaccepted_appl,W_Complete_preaccepted_appl,W_Complete_preaccepted_appl,W_Complete_preaccepted_appl,W_Complete_preaccepted_appl,A_ACCEPTED,A_FINALIZED,O_SELECTED,O_CREATED,O_SENT,O_SELECTED,O_CREATED,O_SENT,O_SENT_BACK,W_Assess_application,W_Call_missing_information,regular
818,1734,A_SUBMITTED,A_PARTLYSUBMITTED,W_Fix_incomplete_submission,A_PREACCEPTED,W_Complete_preaccepted_appl,W_Complete_preaccepted_appl,W_Complete_preaccepted_appl,W_Complete_preaccepted_appl,W_Complete_preaccepted_appl,W_Complete_preaccepted_appl,W_Complete_preaccepted_appl,W_Complete_preaccepted_appl,A_DECLINED,0,0,0,0,0,0,0,deviant
819,1735,A_SUBMITTED,A_PARTLYSUBMITTED,W_Fix_incomplete_submission,A_PREACCEPTED,W_Complete_preaccepted_appl,W_Complete_preaccepted_appl,A_CANCELLED,0,0,0,0,0,0,0,0,0,0,0,0,0,deviant
820,1736,A_SUBMITTED,A_PARTLYSUBMITTED,W_Assess_fraud,A_PREACCEPTED,W_Complete_preaccepted_appl,A_ACCEPTED,A_FINALIZED,O_SELECTED,O_CREATED,O_SENT,O_SELECTED,O_CREATED,O_SENT,W_Call_after_offer,A_DECLINED,0,0,0,0,0,deviant
821,1737,A_SUBMITTED,A_PARTLYSUBMITTED,W_Assess_fraud,O_DECLINED,A_DECLINED,0,0,0,0,0,0,0,0,0,0,0,0,0,0,0,deviant
822,1738,A_SUBMITTED,A_PARTLYSUBMITTED,W_Fix_incomplete_submission,A_PREACCEPTED,W_Complete_preaccepted_appl,W_Complete_preaccepted_appl,W_Complete_preaccepted_appl,A_ACCEPTED,A_FINALIZED,O_SELECTED,O_CREATED,O_SENT,O_SELECTED,O_CREATED,O_SENT,O_SELECTED,O_CREATED,O_SENT,W_Call_after_offer,A_DECLINED,deviant
823,1739,A_SUBMITTED,A_PARTLYSUBMITTED,W_Assess_fraud,A_PREACCEPTED,W_Complete_preaccepted_appl,W_Complete_preaccepted_appl,W_Complete_preaccepted_appl,A_ACCEPTED,A_FINALIZED,O_SELECTED,O_CREATED,O_SENT,W_Call_after_offer,O_SELECTED,O_CREATED,O_SENT,O_SELECTED,O_CREATED,O_SENT,W_Call_after_offer,deviant
824,174,A_SUBMITTED,A_PARTLYSUBMITTED,W_Fix_incomplete_submission,A_PREACCEPTED,W_Complete_preaccepted_appl,W_Complete_preaccepted_appl,A_ACCEPTED,A_FINALIZED,O_SELECTED,O_CREATED,O_SENT,W_Call_after_offer,W_Call_after_offer,W_Call_after_offer,O_SENT_BACK,W_Assess_application,W_Call_missing_information,W_Call_missing_information,W_Call_missing_information,W_Call_missing_information,regular
825,1740,A_SUBMITTED,A_PARTLYSUBMITTED,W_Assess_fraud,A_PREACCEPTED,W_Complete_preaccepted_appl,W_Complete_preaccepted_appl,W_Complete_preaccepted_appl,W_Complete_preaccepted_appl,W_Complete_preaccepted_appl,W_Complete_preaccepted_appl,W_Complete_preaccepted_appl,A_ACCEPTED,A_FINALIZED,O_SELECTED,O_CREATED,O_SENT,O_SELECTED,O_CREATED,O_SENT,W_Call_after_offer,deviant
826,1741,A_SUBMITTED,A_PARTLYSUBMITTED,W_Assess_fraud,A_PREACCEPTED,W_Complete_preaccepted_appl,W_Complete_preaccepted_appl,W_Complete_preaccepted_appl,A_ACCEPTED,A_FINALIZED,O_SELECTED,O_CREATED,O_SENT,W_Call_after_offer,W_Call_after_offer,W_Call_after_offer,A_DECLINED,0,0,0,0,deviant
827,1742,A_SUBMITTED,A_PARTLYSUBMITTED,W_Fix_incomplete_submission,A_PREACCEPTED,W_Complete_preaccepted_appl,A_DECLINED,0,0,0,0,0,0,0,0,0,0,0,0,0,0,deviant
828,1743,A_SUBMITTED,A_PARTLYSUBMITTED,W_Assess_fraud,A_PREACCEPTED,W_Complete_preaccepted_appl,W_Complete_preaccepted_appl,W_Complete_preaccepted_appl,W_Complete_preaccepted_appl,W_Complete_preaccepted_appl,W_Complete_preaccepted_appl,A_ACCEPTED,A_FINALIZED,O_SELECTED,O_CREATED,O_SENT,W_Call_after_offer,A_DECLINED,0,0,0,deviant
829,1744,A_SUBMITTED,A_PARTLYSUBMITTED,W_Assess_fraud,A_PREACCEPTED,W_Complete_preaccepted_appl,W_Complete_preaccepted_appl,W_Complete_preaccepted_appl,W_Complete_preaccepted_appl,A_CANCELLED,0,0,0,0,0,0,0,0,0,0,0,deviant
830,1745,A_SUBMITTED,A_PARTLYSUBMITTED,W_Assess_fraud,A_PREACCEPTED,W_Complete_preaccepted_appl,W_Complete_preaccepted_appl,A_DECLINED,0,0,0,0,0,0,0,0,0,0,0,0,0,deviant
831,1746,A_SUBMITTED,A_PARTLYSUBMITTED,W_Assess_fraud,A_PREACCEPTED,W_Complete_preaccepted_appl,W_Complete_preaccepted_appl,A_ACCEPTED,A_FINALIZED,O_SELECTED,O_CREATED,O_SENT,W_Call_after_offer,W_Call_after_offer,O_SENT_BACK,W_Assess_application,W_Assess_application,W_Assess_application,W_Assess_application,W_Assess_application,W_Assess_application,regular
832,1747,A_SUBMITTED,A_PARTLYSUBMITTED,W_Fix_incomplete_submission,A_PREACCEPTED,W_Complete_preaccepted_appl,W_Complete_preaccepted_appl,W_Complete_preaccepted_appl,W_Complete_preaccepted_appl,W_Complete_preaccepted_appl,W_Complete_preaccepted_appl,W_Complete_preaccepted_appl,W_Complete_preaccepted_appl,A_ACCEPTED,A_FINALIZED,O_SELECTED,O_CREATED,O_SENT,O_SELECTED,O_CREATED,O_SENT,regular
833,1748,A_SUBMITTED,A_PARTLYSUBMITTED,W_Fix_incomplete_submission,A_PREACCEPTED,W_Complete_preaccepted_appl,W_Complete_preaccepted_appl,A_ACCEPTED,A_FINALIZED,O_SELECTED,O_CREATED,O_SENT,W_Call_after_offer,W_Call_after_offer,O_ACCEPTED,A_APPROVED,A_REGISTERED,A_ACTIVATED,0,0,0,deviant
834,1749,A_SUBMITTED,A_PARTLYSUBMITTED,W_Assess_fraud,A_PREACCEPTED,W_Complete_preaccepted_appl,W_Complete_preaccepted_appl,A_DECLINED,0,0,0,0,0,0,0,0,0,0,0,0,0,deviant
835,175,A_SUBMITTED,A_PARTLYSUBMITTED,W_Assess_fraud,A_PREACCEPTED,W_Complete_preaccepted_appl,A_DECLINED,0,0,0,0,0,0,0,0,0,0,0,0,0,0,deviant
836,1750,A_SUBMITTED,A_PARTLYSUBMITTED,W_Fix_incomplete_submission,W_Fix_incomplete_submission,A_PREACCEPTED,W_Complete_preaccepted_appl,W_Complete_preaccepted_appl,A_ACCEPTED,A_FINALIZED,O_SELECTED,O_CREATED,O_SENT,W_Call_after_offer,W_Call_after_offer,W_Call_after_offer,W_Call_after_offer,W_Call_after_offer,A_DECLINED,0,0,deviant
837,1751,A_SUBMITTED,A_PARTLYSUBMITTED,W_Assess_fraud,A_PREACCEPTED,W_Complete_preaccepted_appl,W_Complete_preaccepted_appl,W_Complete_preaccepted_appl,W_Complete_preaccepted_appl,W_Complete_preaccepted_appl,A_ACCEPTED,A_FINALIZED,O_SELECTED,O_CREATED,O_SENT,W_Call_after_offer,O_SENT_BACK,W_Assess_application,0,0,0,deviant
838,1752,A_SUBMITTED,A_PARTLYSUBMITTED,W_Assess_fraud,A_PREACCEPTED,W_Complete_preaccepted_appl,A_ACCEPTED,A_FINALIZED,O_SELECTED,O_CREATED,O_SENT,W_Call_after_offer,W_Call_after_offer,O_SENT_BACK,W_Assess_application,W_Assess_application,W_Assess_application,W_Call_missing_information,W_Call_missing_information,W_Call_missing_information,W_Call_missing_information,regular
839,1753,A_SUBMITTED,A_PARTLYSUBMITTED,W_Assess_fraud,A_PREACCEPTED,W_Complete_preaccepted_appl,A_ACCEPTED,A_FINALIZED,O_SELECTED,O_CREATED,O_SENT,O_SELECTED,O_CREATED,O_SENT,W_Call_after_offer,W_Call_after_offer,A_DECLINED,0,0,0,0,deviant
840,1754,A_SUBMITTED,A_PARTLYSUBMITTED,W_Fix_incomplete_submission,A_PREACCEPTED,W_Complete_preaccepted_appl,W_Complete_preaccepted_appl,W_Complete_preaccepted_appl,W_Complete_preaccepted_appl,A_CANCELLED,0,0,0,0,0,0,0,0,0,0,0,deviant
841,1755,A_SUBMITTED,A_PARTLYSUBMITTED,W_Fix_incomplete_submission,A_PREACCEPTED,W_Complete_preaccepted_appl,W_Complete_preaccepted_appl,W_Complete_preaccepted_appl,W_Complete_preaccepted_appl,W_Complete_preaccepted_appl,A_DECLINED,0,0,0,0,0,0,0,0,0,0,deviant
842,1756,A_SUBMITTED,A_PARTLYSUBMITTED,W_Fix_incomplete_submission,A_PREACCEPTED,W_Complete_preaccepted_appl,W_Complete_preaccepted_appl,W_Complete_preaccepted_appl,W_Complete_preaccepted_appl,W_Complete_preaccepted_appl,W_Complete_preaccepted_appl,W_Complete_preaccepted_appl,W_Complete_preaccepted_appl,W_Complete_preaccepted_appl,W_Complete_preaccepted_appl,W_Complete_preaccepted_appl,W_Complete_preaccepted_appl,W_Complete_preaccepted_appl,W_Complete_preaccepted_appl,A_ACCEPTED,A_FINALIZED,deviant
843,1757,A_SUBMITTED,A_PARTLYSUBMITTED,W_Assess_fraud,A_PREACCEPTED,W_Complete_preaccepted_appl,A_ACCEPTED,A_FINALIZED,O_SELECTED,O_CREATED,O_SENT,W_Call_after_offer,W_Call_after_offer,A_DECLINED,0,0,0,0,0,0,0,deviant
844,1758,A_SUBMITTED,A_PARTLYSUBMITTED,W_Assess_fraud,O_DECLINED,A_DECLINED,0,0,0,0,0,0,0,0,0,0,0,0,0,0,0,deviant
845,1759,A_SUBMITTED,A_PARTLYSUBMITTED,W_Assess_fraud,A_PREACCEPTED,W_Complete_preaccepted_appl,A_DECLINED,0,0,0,0,0,0,0,0,0,0,0,0,0,0,deviant
846,176,A_SUBMITTED,A_PARTLYSUBMITTED,W_Assess_fraud,A_PREACCEPTED,W_Complete_preaccepted_appl,W_Complete_preaccepted_appl,W_Complete_preaccepted_appl,W_Complete_preaccepted_appl,W_Complete_preaccepted_appl,W_Complete_preaccepted_appl,A_ACCEPTED,A_FINALIZED,O_SELECTED,O_CREATED,O_SENT,W_Call_after_offer,O_SENT_BACK,W_Assess_application,W_Assess_application,W_Assess_application,regular
847,1760,A_SUBMITTED,A_PARTLYSUBMITTED,W_Assess_fraud,A_PREACCEPTED,W_Complete_preaccepted_appl,W_Complete_preaccepted_appl,W_Complete_preaccepted_appl,W_Complete_preaccepted_appl,W_Complete_preaccepted_appl,W_Complete_preaccepted_appl,A_ACCEPTED,A_FINALIZED,O_SELECTED,O_CREATED,O_SENT,W_Call_after_offer,W_Call_after_offer,O_SELECTED,O_CREATED,O_SENT,regular
848,1761,A_SUBMITTED,A_PARTLYSUBMITTED,W_Assess_fraud,A_PREACCEPTED,W_Complete_preaccepted_appl,A_ACCEPTED,A_FINALIZED,O_SELECTED,O_CREATED,O_SENT,W_Call_after_offer,W_Call_after_offer,O_SENT_BACK,W_Assess_application,O_ACCEPTED,A_APPROVED,A_REGISTERED,A_ACTIVATED,0,0,deviant
849,1762,A_SUBMITTED,A_PARTLYSUBMITTED,W_Fix_incomplete_submission,A_CANCELLED,0,0,0,0,0,0,0,0,0,0,0,0,0,0,0,0,deviant
850,1763,A_SUBMITTED,A_PARTLYSUBMITTED,W_Assess_fraud,A_PREACCEPTED,W_Complete_preaccepted_appl,W_Complete_preaccepted_appl,A_ACCEPTED,A_FINALIZED,O_SELECTED,O_CREATED,O_SENT,W_Call_after_offer,O_SELECTED,O_CREATED,O_SENT,O_SELECTED,O_CREATED,O_SENT,W_Call_after_offer,W_Call_after_offer,deviant
851,1764,A_SUBMITTED,A_PARTLYSUBMITTED,W_Fix_incomplete_submission,W_Fix_incomplete_submission,A_PREACCEPTED,W_Complete_preaccepted_appl,A_ACCEPTED,A_FINALIZED,O_SELECTED,O_CREATED,O_SENT,W_Call_after_offer,W_Call_after_offer,W_Call_after_offer,W_Call_after_offer,W_Call_after_offer,O_SENT_BACK,W_Assess_application,O_ACCEPTED,A_APPROVED,deviant
852,1765,A_SUBMITTED,A_PARTLYSUBMITTED,W_Assess_fraud,A_PREACCEPTED,W_Complete_preaccepted_appl,A_CANCELLED,0,0,0,0,0,0,0,0,0,0,0,0,0,0,deviant
853,1766,A_SUBMITTED,A_PARTLYSUBMITTED,W_Assess_fraud,A_PREACCEPTED,W_Complete_preaccepted_appl,A_ACCEPTED,A_FINALIZED,O_SELECTED,O_CREATED,O_SENT,O_SELECTED,O_CREATED,O_SENT,W_Call_after_offer,W_Call_after_offer,W_Call_after_offer,W_Call_after_offer,O_SENT_BACK,W_Assess_application,W_Assess_application,regular
854,1767,A_SUBMITTED,A_PARTLYSUBMITTED,W_Fix_incomplete_submission,A_PREACCEPTED,W_Complete_preaccepted_appl,A_ACCEPTED,A_FINALIZED,O_SELECTED,O_CREATED,O_SENT,W_Call_after_offer,W_Call_after_offer,W_Call_after_offer,O_SELECTED,O_CREATED,O_SENT,W_Call_after_offer,W_Call_after_offer,W_Call_after_offer,W_Call_after_offer,deviant
855,1768,A_SUBMITTED,A_PARTLYSUBMITTED,W_Assess_fraud,A_PREACCEPTED,W_Complete_preaccepted_appl,A_ACCEPTED,A_FINALIZED,O_SELECTED,O_CREATED,O_SENT,W_Call_after_offer,A_DECLINED,0,0,0,0,0,0,0,0,deviant
856,1769,A_SUBMITTED,A_PARTLYSUBMITTED,W_Assess_fraud,A_PREACCEPTED,W_Complete_preaccepted_appl,A_ACCEPTED,A_FINALIZED,O_SELECTED,O_CREATED,O_SENT,W_Call_after_offer,O_SELECTED,O_CREATED,O_SENT,O_SELECTED,O_CREATED,O_SENT,W_Call_after_offer,W_Call_after_offer,W_Call_after_offer,deviant
857,177,A_SUBMITTED,A_PARTLYSUBMITTED,W_Fix_incomplete_submission,A_PREACCEPTED,W_Complete_preaccepted_appl,W_Complete_preaccepted_appl,W_Complete_preaccepted_appl,W_Complete_preaccepted_appl,W_Complete_preaccepted_appl,W_Complete_preaccepted_appl,A_ACCEPTED,A_FINALIZED,O_SELECTED,O_CREATED,O_SENT,W_Call_after_offer,A_DECLINED,0,0,0,deviant
858,1770,A_SUBMITTED,A_PARTLYSUBMITTED,W_Assess_fraud,A_PREACCEPTED,W_Complete_preaccepted_appl,W_Complete_preaccepted_appl,A_ACCEPTED,A_FINALIZED,O_SELECTED,O_CREATED,O_SENT,W_Call_after_offer,O_SENT_BACK,W_Assess_application,W_Call_missing_information,W_Call_missing_information,W_Call_missing_information,O_ACCEPTED,A_APPROVED,A_REGISTERED,regular
859,1771,A_SUBMITTED,A_PARTLYSUBMITTED,W_Fix_incomplete_submission,A_PREACCEPTED,W_Complete_preaccepted_appl,W_Complete_preaccepted_appl,W_Complete_preaccepted_appl,W_Complete_preaccepted_appl,W_Complete_preaccepted_appl,A_ACCEPTED,A_FINALIZED,O_SELECTED,O_CREATED,O_SENT,W_Call_after_offer,O_SELECTED,O_CREATED,O_SENT,O_SELECTED,O_CREATED,regular
860,1772,A_SUBMITTED,A_PARTLYSUBMITTED,W_Assess_fraud,A_PREACCEPTED,W_Complete_preaccepted_appl,W_Complete_preaccepted_appl,W_Complete_preaccepted_appl,W_Complete_preaccepted_appl,A_DECLINED,0,0,0,0,0,0,0,0,0,0,0,deviant
861,1773,A_SUBMITTED,A_PARTLYSUBMITTED,W_Assess_fraud,A_PREACCEPTED,W_Complete_preaccepted_appl,W_Complete_preaccepted_appl,W_Complete_preaccepted_appl,W_Complete_preaccepted_appl,W_Complete_preaccepted_appl,A_ACCEPTED,A_FINALIZED,O_SELECTED,O_CREATED,O_SENT,W_Call_after_offer,W_Call_after_offer,W_Call_after_offer,W_Call_after_offer,W_Call_after_offer,W_Call_after_offer,deviant
862,1774,A_SUBMITTED,A_PARTLYSUBMITTED,W_Assess_fraud,A_PREACCEPTED,W_Complete_preaccepted_appl,W_Complete_preaccepted_appl,A_ACCEPTED,A_FINALIZED,O_SELECTED,O_CREATED,O_SENT,A_DECLINED,0,0,0,0,0,0,0,0,deviant
863,1775,A_SUBMITTED,A_PARTLYSUBMITTED,W_Assess_fraud,A_PREACCEPTED,W_Complete_preaccepted_appl,W_Complete_preaccepted_appl,W_Complete_preaccepted_appl,W_Complete_preaccepted_appl,A_CANCELLED,0,0,0,0,0,0,0,0,0,0,0,deviant
864,1776,A_SUBMITTED,A_PARTLYSUBMITTED,W_Assess_fraud,A_PREACCEPTED,W_Complete_preaccepted_appl,W_Complete_preaccepted_appl,W_Complete_preaccepted_appl,W_Complete_preaccepted_appl,W_Complete_preaccepted_appl,A_ACCEPTED,A_FINALIZED,O_SELECTED,O_CREATED,O_SENT,W_Call_after_offer,W_Call_after_offer,O_SELECTED,O_CREATED,O_SENT,W_Call_after_offer,regular
865,1777,A_SUBMITTED,A_PARTLYSUBMITTED,W_Assess_fraud,O_DECLINED,A_DECLINED,0,0,0,0,0,0,0,0,0,0,0,0,0,0,0,deviant
866,1778,A_SUBMITTED,A_PARTLYSUBMITTED,W_Assess_fraud,A_PREACCEPTED,W_Complete_preaccepted_appl,W_Complete_preaccepted_appl,W_Complete_preaccepted_appl,W_Complete_preaccepted_appl,W_Complete_preaccepted_appl,W_Complete_preaccepted_appl,W_Complete_preaccepted_appl,W_Complete_preaccepted_appl,W_Complete_preaccepted_appl,W_Complete_preaccepted_appl,W_Complete_preaccepted_appl,W_Complete_preaccepted_appl,W_Complete_preaccepted_appl,W_Complete_preaccepted_appl,A_ACCEPTED,A_FINALIZED,deviant
867,1779,A_SUBMITTED,A_PARTLYSUBMITTED,W_Assess_fraud,A_PREACCEPTED,W_Complete_preaccepted_appl,W_Complete_preaccepted_appl,W_Complete_preaccepted_appl,W_Complete_preaccepted_appl,W_Complete_preaccepted_appl,A_DECLINED,0,0,0,0,0,0,0,0,0,0,deviant
868,178,A_SUBMITTED,A_PARTLYSUBMITTED,W_Fix_incomplete_submission,W_Fix_incomplete_submission,A_PREACCEPTED,W_Complete_preaccepted_appl,W_Complete_preaccepted_appl,A_ACCEPTED,A_FINALIZED,O_SELECTED,O_CREATED,O_SENT,O_SELECTED,O_CREATED,O_SENT,W_Call_after_offer,O_SENT_BACK,W_Assess_application,W_Assess_application,W_Assess_application,regular
869,1780,A_SUBMITTED,A_PARTLYSUBMITTED,W_Assess_fraud,A_PREACCEPTED,W_Complete_preaccepted_appl,W_Complete_preaccepted_appl,W_Complete_preaccepted_appl,A_ACCEPTED,A_FINALIZED,O_SELECTED,O_CREATED,O_SENT,W_Call_after_offer,W_Call_after_offer,W_Call_after_offer,W_Call_after_offer,O_SENT_BACK,W_Assess_application,W_Call_missing_information,W_Call_missing_information,regular
870,1781,A_SUBMITTED,A_PARTLYSUBMITTED,W_Assess_fraud,A_PREACCEPTED,W_Complete_preaccepted_appl,A_ACCEPTED,A_FINALIZED,O_SELECTED,O_CREATED,O_SENT,O_SELECTED,O_CREATED,O_SENT,W_Call_after_offer,O_SENT_BACK,W_Assess_application,W_Assess_application,W_Call_missing_information,W_Call_missing_information,W_Call_missing_information,regular
871,1782,A_SUBMITTED,A_PARTLYSUBMITTED,W_Assess_fraud,A_PREACCEPTED,W_Complete_preaccepted_appl,A_ACCEPTED,A_FINALIZED,O_SELECTED,O_CREATED,O_SENT,W_Call_after_offer,W_Call_after_offer,W_Call_after_offer,W_Call_after_offer,W_Call_after_offer,W_Call_after_offer,W_Call_after_offer,W_Call_after_offer,W_Call_after_offer,O_SENT_BACK,regular
872,1783,A_SUBMITTED,A_PARTLYSUBMITTED,W_Fix_incomplete_submission,W_Fix_incomplete_submission,A_PREACCEPTED,W_Complete_preaccepted_appl,W_Complete_preaccepted_appl,A_ACCEPTED,A_FINALIZED,O_SELECTED,O_CREATED,O_SENT,W_Call_after_offer,W_Call_after_offer,O_SELECTED,O_CREATED,O_SENT,W_Call_after_offer,O_SELECTED,O_CREATED,deviant
873,1784,A_SUBMITTED,A_PARTLYSUBMITTED,W_Assess_fraud,A_PREACCEPTED,W_Complete_preaccepted_appl,A_ACCEPTED,A_FINALIZED,O_SELECTED,O_CREATED,O_SENT,W_Call_after_offer,W_Call_after_offer,W_Call_after_offer,A_DECLINED,0,0,0,0,0,0,deviant
874,1785,A_SUBMITTED,A_PARTLYSUBMITTED,W_Assess_fraud,A_PREACCEPTED,W_Complete_preaccepted_appl,W_Complete_preaccepted_appl,A_ACCEPTED,A_FINALIZED,O_SELECTED,O_CREATED,O_SENT,W_Call_after_offer,W_Call_after_offer,O_SELECTED,O_CREATED,O_SENT,W_Call_after_offer,O_SENT_BACK,W_Assess_application,W_Call_missing_information,regular
875,1786,A_SUBMITTED,A_PARTLYSUBMITTED,W_Assess_fraud,O_DECLINED,A_DECLINED,0,0,0,0,0,0,0,0,0,0,0,0,0,0,0,deviant
876,1787,A_SUBMITTED,A_PARTLYSUBMITTED,W_Assess_fraud,A_PREACCEPTED,W_Complete_preaccepted_appl,W_Complete_preaccepted_appl,W_Complete_preaccepted_appl,W_Complete_preaccepted_appl,A_ACCEPTED,A_FINALIZED,O_SELECTED,O_CREATED,O_SENT,W_Call_after_offer,O_SENT_BACK,W_Assess_application,W_Call_missing_information,W_Call_missing_information,W_Call_missing_information,O_ACCEPTED,regular
877,1788,A_SUBMITTED,A_PARTLYSUBMITTED,W_Assess_fraud,O_DECLINED,A_DECLINED,0,0,0,0,0,0,0,0,0,0,0,0,0,0,0,deviant
878,1789,A_SUBMITTED,A_PARTLYSUBMITTED,W_Assess_fraud,A_PREACCEPTED,W_Complete_preaccepted_appl,A_ACCEPTED,A_FINALIZED,O_SELECTED,O_CREATED,O_SENT,O_SELECTED,O_CREATED,O_SENT,W_Call_after_offer,W_Call_after_offer,W_Call_after_offer,A_DECLINED,0,0,0,deviant
879,179,A_SUBMITTED,A_PARTLYSUBMITTED,W_Assess_fraud,A_PREACCEPTED,W_Complete_preaccepted_appl,W_Complete_preaccepted_appl,A_ACCEPTED,A_FINALIZED,O_SELECTED,O_CREATED,O_SENT,W_Call_after_offer,O_SENT_BACK,W_Assess_application,W_Call_missing_information,W_Call_missing_information,O_CANCELLED,O_SELECTED,O_CREATED,O_SENT,regular
880,1790,A_SUBMITTED,A_PARTLYSUBMITTED,W_Assess_fraud,A_PREACCEPTED,W_Complete_preaccepted_appl,A_CANCELLED,0,0,0,0,0,0,0,0,0,0,0,0,0,0,deviant
881,1791,A_SUBMITTED,A_PARTLYSUBMITTED,W_Fix_incomplete_submission,A_PREACCEPTED,W_Complete_preaccepted_appl,W_Complete_preaccepted_appl,A_ACCEPTED,A_FINALIZED,O_SELECTED,O_CREATED,O_SENT,W_Call_after_offer,W_Call_after_offer,O_SENT_BACK,W_Assess_application,W_Assess_application,W_Call_missing_information,O_ACCEPTED,A_APPROVED,A_REGISTERED,regular
882,1792,A_SUBMITTED,A_PARTLYSUBMITTED,W_Assess_fraud,A_PREACCEPTED,W_Complete_preaccepted_appl,A_ACCEPTED,A_FINALIZED,O_SELECTED,O_CREATED,O_SENT,W_Call_after_offer,W_Call_after_offer,W_Call_after_offer,O_SENT_BACK,W_Assess_application,W_Assess_application,W_Assess_application,W_Call_missing_information,W_Call_missing_information,O_ACCEPTED,regular
883,1793,A_SUBMITTED,A_PARTLYSUBMITTED,W_Assess_fraud,A_PREACCEPTED,W_Complete_preaccepted_appl,W_Complete_preaccepted_appl,A_CANCELLED,0,0,0,0,0,0,0,0,0,0,0,0,0,deviant
884,1794,A_SUBMITTED,A_PARTLYSUBMITTED,W_Assess_fraud,A_PREACCEPTED,W_Complete_preaccepted_appl,W_Complete_preaccepted_appl,W_Complete_preaccepted_appl,W_Complete_preaccepted_appl,A_ACCEPTED,A_FINALIZED,O_SELECTED,O_CREATED,O_SENT,W_Call_after_offer,A_DECLINED,0,0,0,0,0,deviant
885,1795,A_SUBMITTED,A_PARTLYSUBMITTED,W_Fix_incomplete_submission,A_PREACCEPTED,W_Complete_preaccepted_appl,W_Complete_preaccepted_appl,W_Complete_preaccepted_appl,W_Complete_preaccepted_appl,A_CANCELLED,0,0,0,0,0,0,0,0,0,0,0,deviant
886,1796,A_SUBMITTED,A_PARTLYSUBMITTED,W_Fix_incomplete_submission,A_PREACCEPTED,W_Complete_preaccepted_appl,W_Complete_preaccepted_appl,W_Complete_preaccepted_appl,W_Complete_preaccepted_appl,W_Complete_preaccepted_appl,W_Complete_preaccepted_appl,W_Complete_preaccepted_appl,W_Complete_preaccepted_appl,W_Complete_preaccepted_appl,A_ACCEPTED,A_FINALIZED,O_SELECTED,O_CREATED,O_SENT,W_Call_after_offer,O_SENT_BACK,deviant
887,1797,A_SUBMITTED,A_PARTLYSUBMITTED,W_Assess_fraud,A_PREACCEPTED,W_Complete_preaccepted_appl,W_Complete_preaccepted_appl,W_Complete_preaccepted_appl,W_Complete_preaccepted_appl,W_Complete_preaccepted_appl,A_ACCEPTED,A_FINALIZED,O_SELECTED,O_CREATED,O_SENT,W_Call_after_offer,O_SENT_BACK,W_Assess_application,W_Assess_application,W_Call_missing_information,W_Call_missing_information,regular
888,1798,A_SUBMITTED,A_PARTLYSUBMITTED,W_Assess_fraud,O_DECLINED,A_DECLINED,0,0,0,0,0,0,0,0,0,0,0,0,0,0,0,deviant
889,1799,A_SUBMITTED,A_PARTLYSUBMITTED,W_Assess_fraud,A_PREACCEPTED,W_Complete_preaccepted_appl,W_Complete_preaccepted_appl,W_Complete_preaccepted_appl,W_Complete_preaccepted_appl,W_Complete_preaccepted_appl,W_Complete_preaccepted_appl,W_Complete_preaccepted_appl,A_ACCEPTED,A_FINALIZED,O_SELECTED,O_CREATED,O_SENT,O_SELECTED,O_CREATED,O_SENT,W_Call_after_offer,deviant
890,18,A_SUBMITTED,A_PARTLYSUBMITTED,W_Assess_fraud,A_PREACCEPTED,W_Complete_preaccepted_appl,W_Complete_preaccepted_appl,A_ACCEPTED,A_FINALIZED,O_SELECTED,O_CREATED,O_SENT,W_Call_after_offer,W_Call_after_offer,O_SENT_BACK,W_Assess_application,W_Assess_application,W_Assess_application,W_Call_missing_information,W_Call_missing_information,W_Call_missing_information,regular
891,180,A_SUBMITTED,A_PARTLYSUBMITTED,W_Assess_fraud,A_PREACCEPTED,W_Complete_preaccepted_appl,W_Complete_preaccepted_appl,W_Complete_preaccepted_appl,W_Complete_preaccepted_appl,A_ACCEPTED,A_FINALIZED,O_SELECTED,O_CREATED,O_SENT,W_Call_after_offer,W_Call_after_offer,O_SELECTED,O_CREATED,O_SENT,O_SELECTED,O_CREATED,regular
892,1800,A_SUBMITTED,A_PARTLYSUBMITTED,W_Assess_fraud,A_PREACCEPTED,W_Complete_preaccepted_appl,W_Complete_preaccepted_appl,W_Complete_preaccepted_appl,A_ACCEPTED,A_FINALIZED,O_SELECTED,O_CREATED,O_SENT,W_Call_after_offer,W_Call_after_offer,W_Call_after_offer,A_DECLINED,0,0,0,0,deviant
893,1801,A_SUBMITTED,A_PARTLYSUBMITTED,A_PREACCEPTED,W_Complete_preaccepted_appl,W_Complete_preaccepted_appl,A_DECLINED,0,0,0,0,0,0,0,0,0,0,0,0,0,0,deviant
894,1802,A_SUBMITTED,A_PARTLYSUBMITTED,W_Assess_fraud,A_PREACCEPTED,W_Complete_preaccepted_appl,W_Complete_preaccepted_appl,W_Complete_preaccepted_appl,A_CANCELLED,0,0,0,0,0,0,0,0,0,0,0,0,deviant
895,1803,A_SUBMITTED,A_PARTLYSUBMITTED,W_Fix_incomplete_submission,A_PREACCEPTED,W_Complete_preaccepted_appl,A_ACCEPTED,A_FINALIZED,O_SELECTED,O_CREATED,O_SENT,W_Call_after_offer,W_Call_after_offer,A_DECLINED,0,0,0,0,0,0,0,deviant
896,1804,A_SUBMITTED,A_PARTLYSUBMITTED,W_Fix_incomplete_submission,A_PREACCEPTED,W_Complete_preaccepted_appl,A_DECLINED,0,0,0,0,0,0,0,0,0,0,0,0,0,0,deviant
897,1805,A_SUBMITTED,A_PARTLYSUBMITTED,W_Assess_fraud,A_PREACCEPTED,W_Complete_preaccepted_appl,W_Complete_preaccepted_appl,A_ACCEPTED,A_FINALIZED,O_SELECTED,O_CREATED,O_SENT,O_SELECTED,O_CREATED,O_SENT,W_Call_after_offer,W_Call_after_offer,W_Call_after_offer,W_Call_after_offer,W_Call_after_offer,W_Call_after_offer,deviant
898,1806,A_SUBMITTED,A_PARTLYSUBMITTED,W_Fix_incomplete_submission,A_PREACCEPTED,W_Complete_preaccepted_appl,A_ACCEPTED,A_FINALIZED,O_SELECTED,O_CREATED,O_SENT,W_Call_after_offer,W_Call_after_offer,O_SENT_BACK,W_Assess_application,W_Assess_application,W_Assess_application,W_Assess_application,W_Call_missing_information,W_Call_missing_information,W_Call_missing_information,regular
899,1807,A_SUBMITTED,A_PARTLYSUBMITTED,W_Assess_fraud,A_PREACCEPTED,W_Complete_preaccepted_appl,W_Complete_preaccepted_appl,A_ACCEPTED,A_FINALIZED,O_SELECTED,O_CREATED,O_SENT,W_Call_after_offer,A_DECLINED,0,0,0,0,0,0,0,deviant
900,1808,A_SUBMITTED,A_PARTLYSUBMITTED,W_Assess_fraud,A_PREACCEPTED,W_Complete_preaccepted_appl,W_Complete_preaccepted_appl,A_ACCEPTED,A_FINALIZED,O_SELECTED,O_CREATED,O_SENT,W_Call_after_offer,W_Call_after_offer,O_SENT_BACK,W_Assess_application,W_Assess_application,W_Call_missing_information,W_Call_missing_information,W_Call_missing_information,W_Call_missing_information,regular
901,1809,A_SUBMITTED,A_PARTLYSUBMITTED,W_Fix_incomplete_submission,A_PREACCEPTED,W_Complete_preaccepted_appl,W_Complete_preaccepted_appl,A_ACCEPTED,A_FINALIZED,O_SELECTED,O_CREATED,O_SENT,W_Call_after_offer,O_SELECTED,O_CREATED,O_SENT,O_SENT_BACK,W_Assess_application,W_Assess_application,W_Call_missing_information,W_Call_missing_information,regular
902,181,A_SUBMITTED,A_PARTLYSUBMITTED,W_Fix_incomplete_submission,A_PREACCEPTED,W_Complete_preaccepted_appl,A_DECLINED,0,0,0,0,0,0,0,0,0,0,0,0,0,0,deviant
903,1810,A_SUBMITTED,A_PARTLYSUBMITTED,W_Fix_incomplete_submission,A_PREACCEPTED,W_Complete_preaccepted_appl,W_Complete_preaccepted_appl,W_Complete_preaccepted_appl,W_Complete_preaccepted_appl,W_Complete_preaccepted_appl,W_Complete_preaccepted_appl,A_ACCEPTED,A_FINALIZED,O_SELECTED,O_CREATED,O_SENT,W_Call_after_offer,W_Call_after_offer,O_SENT_BACK,W_Assess_application,W_Assess_application,deviant
904,1811,A_SUBMITTED,A_PARTLYSUBMITTED,W_Assess_fraud,A_PREACCEPTED,W_Complete_preaccepted_appl,W_Complete_preaccepted_appl,W_Complete_preaccepted_appl,W_Complete_preaccepted_appl,W_Complete_preaccepted_appl,W_Complete_preaccepted_appl,W_Complete_preaccepted_appl,W_Complete_preaccepted_appl,W_Complete_preaccepted_appl,W_Complete_preaccepted_appl,W_Complete_preaccepted_appl,A_ACCEPTED,A_FINALIZED,O_SELECTED,O_CREATED,O_SENT,regular
905,1812,A_SUBMITTED,A_PARTLYSUBMITTED,W_Assess_fraud,A_PREACCEPTED,W_Complete_preaccepted_appl,W_Complete_preaccepted_appl,W_Complete_preaccepted_appl,W_Complete_preaccepted_appl,W_Complete_preaccepted_appl,W_Complete_preaccepted_appl,A_ACCEPTED,A_FINALIZED,O_SELECTED,O_CREATED,O_SENT,W_Call_after_offer,W_Call_after_offer,W_Call_after_offer,W_Call_after_offer,O_SENT_BACK,deviant
906,1813,A_SUBMITTED,A_PARTLYSUBMITTED,W_Fix_incomplete_submission,A_PREACCEPTED,W_Complete_preaccepted_appl,W_Complete_preaccepted_appl,W_Complete_preaccepted_appl,W_Complete_preaccepted_appl,W_Complete_preaccepted_appl,W_Complete_preaccepted_appl,W_Complete_preaccepted_appl,W_Complete_preaccepted_appl,W_Complete_preaccepted_appl,A_ACCEPTED,A_FINALIZED,O_SELECTED,O_CREATED,O_SENT,W_Call_after_offer,W_Call_after_offer,regular
907,1814,A_SUBMITTED,A_PARTLYSUBMITTED,W_Assess_fraud,A_PREACCEPTED,W_Complete_preaccepted_appl,W_Complete_preaccepted_appl,W_Complete_preaccepted_appl,W_Complete_preaccepted_appl,W_Complete_preaccepted_appl,W_Complete_preaccepted_appl,W_Complete_preaccepted_appl,W_Complete_preaccepted_appl,W_Complete_preaccepted_appl,W_Complete_preaccepted_appl,W_Complete_preaccepted_appl,W_Complete_preaccepted_appl,W_Complete_preaccepted_appl,W_Complete_preaccepted_appl,W_Complete_preaccepted_appl,A_ACCEPTED,regular
908,1815,A_SUBMITTED,A_PARTLYSUBMITTED,W_Fix_incomplete_submission,O_DECLINED,A_DECLINED,0,0,0,0,0,0,0,0,0,0,0,0,0,0,0,deviant
909,1816,A_SUBMITTED,A_PARTLYSUBMITTED,W_Assess_fraud,A_CANCELLED,0,0,0,0,0,0,0,0,0,0,0,0,0,0,0,0,deviant
910,1817,A_SUBMITTED,A_PARTLYSUBMITTED,W_Assess_fraud,A_PREACCEPTED,W_Complete_preaccepted_appl,W_Complete_preaccepted_appl,W_Complete_preaccepted_appl,W_Complete_preaccepted_appl,W_Complete_preaccepted_appl,W_Complete_preaccepted_appl,W_Complete_preaccepted_appl,W_Complete_preaccepted_appl,A_ACCEPTED,A_FINALIZED,O_SELECTED,O_CREATED,O_SENT,O_SELECTED,O_CREATED,O_SENT,deviant
911,1818,A_SUBMITTED,A_PARTLYSUBMITTED,W_Fix_incomplete_submission,A_PREACCEPTED,W_Complete_preaccepted_appl,A_ACCEPTED,A_FINALIZED,O_SELECTED,O_CREATED,O_SENT,W_Call_after_offer,W_Call_after_offer,W_Call_after_offer,O_SENT_BACK,W_Assess_application,W_Assess_application,O_ACCEPTED,A_APPROVED,A_REGISTERED,A_ACTIVATED,deviant
912,1819,A_SUBMITTED,A_PARTLYSUBMITTED,W_Assess_fraud,A_PREACCEPTED,W_Complete_preaccepted_appl,W_Complete_preaccepted_appl,A_ACCEPTED,A_FINALIZED,O_SELECTED,O_CREATED,O_SENT,W_Call_after_offer,W_Call_after_offer,W_Call_after_offer,O_SELECTED,O_CREATED,O_SENT,O_SELECTED,O_CREATED,O_SENT,deviant
913,182,A_SUBMITTED,A_PARTLYSUBMITTED,W_Assess_fraud,O_DECLINED,A_DECLINED,0,0,0,0,0,0,0,0,0,0,0,0,0,0,0,deviant
914,1820,A_SUBMITTED,A_PARTLYSUBMITTED,W_Fix_incomplete_submission,A_PREACCEPTED,W_Complete_preaccepted_appl,A_ACCEPTED,A_FINALIZED,O_SELECTED,O_CREATED,O_SENT,W_Call_after_offer,W_Call_after_offer,O_SELECTED,O_CREATED,O_SENT,W_Call_after_offer,O_SENT_BACK,W_Assess_application,W_Assess_application,O_ACCEPTED,deviant
915,1821,A_SUBMITTED,A_PARTLYSUBMITTED,W_Assess_fraud,O_DECLINED,A_DECLINED,0,0,0,0,0,0,0,0,0,0,0,0,0,0,0,deviant
916,1822,A_SUBMITTED,A_PARTLYSUBMITTED,W_Assess_fraud,A_PREACCEPTED,W_Complete_preaccepted_appl,W_Complete_preaccepted_appl,A_ACCEPTED,A_FINALIZED,O_SELECTED,O_CREATED,O_SENT,W_Call_after_offer,O_SENT_BACK,W_Assess_application,W_Call_missing_information,W_Call_missing_information,W_Call_missing_information,W_Call_missing_information,W_Call_missing_information,W_Call_missing_information,regular
917,1823,A_SUBMITTED,A_PARTLYSUBMITTED,W_Assess_fraud,A_PREACCEPTED,W_Complete_preaccepted_appl,W_Complete_preaccepted_appl,A_ACCEPTED,A_FINALIZED,O_SELECTED,O_CREATED,O_SENT,W_Call_after_offer,W_Call_after_offer,O_SELECTED,O_CREATED,O_SENT,O_SELECTED,O_CREATED,O_SENT,W_Call_after_offer,deviant
918,1824,A_SUBMITTED,A_PARTLYSUBMITTED,W_Assess_fraud,A_PREACCEPTED,W_Complete_preaccepted_appl,W_Complete_preaccepted_appl,W_Complete_preaccepted_appl,A_CANCELLED,0,0,0,0,0,0,0,0,0,0,0,0,deviant
919,1825,A_SUBMITTED,A_PARTLYSUBMITTED,W_Fix_incomplete_submission,A_PREACCEPTED,W_Complete_preaccepted_appl,W_Complete_preaccepted_appl,W_Complete_preaccepted_appl,A_ACCEPTED,A_FINALIZED,O_SELECTED,O_CREATED,O_SENT,O_SELECTED,O_CREATED,O_SENT,W_Call_after_offer,A_DECLINED,0,0,0,deviant
920,1826,A_SUBMITTED,A_PARTLYSUBMITTED,W_Assess_fraud,A_PREACCEPTED,W_Complete_preaccepted_appl,A_ACCEPTED,A_FINALIZED,O_SELECTED,O_CREATED,O_SENT,O_SELECTED,O_CREATED,O_SENT,W_Call_after_offer,O_SENT_BACK,W_Assess_application,W_Call_missing_information,O_ACCEPTED,A_APPROVED,A_REGISTERED,regular
921,1827,A_SUBMITTED,A_PARTLYSUBMITTED,W_Assess_fraud,A_PREACCEPTED,W_Complete_preaccepted_appl,A_ACCEPTED,A_FINALIZED,O_SELECTED,O_CREATED,O_SENT,W_Call_after_offer,W_Call_after_offer,O_SENT_BACK,W_Assess_application,A_DECLINED,0,0,0,0,0,deviant
922,1828,A_SUBMITTED,A_PARTLYSUBMITTED,W_Assess_fraud,A_PREACCEPTED,W_Complete_preaccepted_appl,W_Complete_preaccepted_appl,W_Complete_preaccepted_appl,A_DECLINED,0,0,0,0,0,0,0,0,0,0,0,0,deviant
923,1829,A_SUBMITTED,A_PARTLYSUBMITTED,W_Assess_fraud,A_PREACCEPTED,W_Complete_preaccepted_appl,A_CANCELLED,0,0,0,0,0,0,0,0,0,0,0,0,0,0,deviant
924,183,A_SUBMITTED,A_PARTLYSUBMITTED,W_Assess_fraud,A_PREACCEPTED,W_Complete_preaccepted_appl,W_Complete_preaccepted_appl,A_ACCEPTED,A_FINALIZED,O_SELECTED,O_CREATED,O_SENT,W_Call_after_offer,W_Call_after_offer,O_SENT_BACK,W_Assess_application,W_Call_missing_information,W_Call_missing_information,W_Call_missing_information,W_Call_missing_information,W_Call_missing_information,regular
925,1830,A_SUBMITTED,A_PARTLYSUBMITTED,W_Assess_fraud,A_PREACCEPTED,W_Complete_preaccepted_appl,W_Complete_preaccepted_appl,W_Complete_preaccepted_appl,A_ACCEPTED,A_FINALIZED,O_SELECTED,O_CREATED,O_SENT,W_Call_after_offer,O_SENT_BACK,W_Assess_application,W_Assess_application,W_Call_missing_information,W_Call_missing_information,O_ACCEPTED,A_APPROVED,regular
926,1831,A_SUBMITTED,A_PARTLYSUBMITTED,W_Fix_incomplete_submission,A_PREACCEPTED,W_Complete_preaccepted_appl,A_ACCEPTED,A_FINALIZED,O_SELECTED,O_CREATED,O_SENT,W_Call_after_offer,W_Call_after_offer,W_Call_after_offer,W_Call_after_offer,W_Call_after_offer,O_SENT_BACK,W_Assess_application,W_Call_missing_information,W_Call_missing_information,O_ACCEPTED,regular
927,1832,A_SUBMITTED,A_PARTLYSUBMITTED,W_Assess_fraud,A_PREACCEPTED,W_Complete_preaccepted_appl,W_Complete_preaccepted_appl,W_Complete_preaccepted_appl,W_Complete_preaccepted_appl,W_Complete_preaccepted_appl,W_Complete_preaccepted_appl,A_ACCEPTED,A_FINALIZED,O_SELECTED,O_CREATED,O_SENT,W_Call_after_offer,W_Call_after_offer,W_Call_after_offer,O_SENT_BACK,W_Assess_application,regular
928,1833,A_SUBMITTED,A_PARTLYSUBMITTED,W_Assess_fraud,O_DECLINED,A_DECLINED,0,0,0,0,0,0,0,0,0,0,0,0,0,0,0,deviant
929,1834,A_SUBMITTED,A_PARTLYSUBMITTED,W_Fix_incomplete_submission,W_Fix_incomplete_submission,A_PREACCEPTED,W_Complete_preaccepted_appl,W_Complete_preaccepted_appl,A_DECLINED,0,0,0,0,0,0,0,0,0,0,0,0,deviant
930,1835,A_SUBMITTED,A_PARTLYSUBMITTED,W_Assess_fraud,A_PREACCEPTED,W_Complete_preaccepted_appl,A_DECLINED,0,0,0,0,0,0,0,0,0,0,0,0,0,0,deviant
931,1836,A_SUBMITTED,A_PARTLYSUBMITTED,W_Assess_fraud,A_PREACCEPTED,W_Complete_preaccepted_appl,W_Complete_preaccepted_appl,W_Complete_preaccepted_appl,W_Complete_preaccepted_appl,W_Complete_preaccepted_appl,W_Complete_preaccepted_appl,W_Complete_preaccepted_appl,W_Complete_preaccepted_appl,W_Complete_preaccepted_appl,A_ACCEPTED,A_FINALIZED,O_SELECTED,O_CREATED,O_SENT,W_Call_after_offer,W_Call_after_offer,regular
932,1837,A_SUBMITTED,A_PARTLYSUBMITTED,W_Assess_fraud,A_PREACCEPTED,W_Complete_preaccepted_appl,W_Complete_preaccepted_appl,A_DECLINED,0,0,0,0,0,0,0,0,0,0,0,0,0,deviant
933,1838,A_SUBMITTED,A_PARTLYSUBMITTED,W_Assess_fraud,A_PREACCEPTED,W_Complete_preaccepted_appl,W_Complete_preaccepted_appl,A_ACCEPTED,A_FINALIZED,O_SELECTED,O_CREATED,O_SENT,W_Call_after_offer,O_SENT_BACK,W_Assess_application,W_Assess_application,W_Call_missing_information,W_Call_missing_information,W_Call_missing_information,W_Call_missing_information,W_Call_missing_information,regular
934,1839,A_SUBMITTED,A_PARTLYSUBMITTED,W_Assess_fraud,A_PREACCEPTED,W_Complete_preaccepted_appl,W_Complete_preaccepted_appl,W_Complete_preaccepted_appl,A_ACCEPTED,A_FINALIZED,O_SELECTED,O_CREATED,O_SENT,W_Call_after_offer,A_DECLINED,0,0,0,0,0,0,deviant
935,184,A_SUBMITTED,A_PARTLYSUBMITTED,W_Assess_fraud,A_PREACCEPTED,W_Complete_preaccepted_appl,W_Complete_preaccepted_appl,W_Complete_preaccepted_appl,A_DECLINED,0,0,0,0,0,0,0,0,0,0,0,0,deviant
936,1840,A_SUBMITTED,A_PARTLYSUBMITTED,W_Assess_fraud,A_PREACCEPTED,W_Complete_preaccepted_appl,W_Complete_preaccepted_appl,W_Complete_preaccepted_appl,W_Complete_preaccepted_appl,A_ACCEPTED,A_FINALIZED,O_SELECTED,O_CREATED,O_SENT,W_Call_after_offer,A_DECLINED,0,0,0,0,0,deviant
937,1841,A_SUBMITTED,A_PARTLYSUBMITTED,W_Assess_fraud,A_PREACCEPTED,W_Complete_preaccepted_appl,W_Complete_preaccepted_appl,A_ACCEPTED,A_FINALIZED,O_SELECTED,O_CREATED,O_SENT,W_Call_after_offer,W_Call_after_offer,W_Call_after_offer,O_SENT_BACK,W_Assess_application,W_Assess_application,W_Assess_application,W_Call_missing_information,W_Call_missing_information,regular
938,1842,A_SUBMITTED,A_PARTLYSUBMITTED,W_Assess_fraud,A_PREACCEPTED,W_Complete_preaccepted_appl,A_ACCEPTED,A_FINALIZED,O_SELECTED,O_CREATED,O_SENT,W_Call_after_offer,W_Call_after_offer,W_Call_after_offer,W_Call_after_offer,W_Call_after_offer,W_Call_after_offer,W_Call_after_offer,W_Call_after_offer,W_Call_after_offer,W_Call_after_offer,deviant
939,1843,A_SUBMITTED,A_PARTLYSUBMITTED,W_Assess_fraud,A_PREACCEPTED,W_Complete_preaccepted_appl,A_ACCEPTED,A_FINALIZED,O_SELECTED,O_CREATED,O_SENT,W_Call_after_offer,W_Call_after_offer,O_SENT_BACK,W_Assess_application,W_Call_missing_information,W_Call_missing_information,O_CANCELLED,O_SELECTED,O_CREATED,O_SENT,regular
940,1844,A_SUBMITTED,A_PARTLYSUBMITTED,W_Assess_fraud,A_CANCELLED,0,0,0,0,0,0,0,0,0,0,0,0,0,0,0,0,deviant
941,1845,A_SUBMITTED,A_PARTLYSUBMITTED,W_Assess_fraud,A_PREACCEPTED,W_Complete_preaccepted_appl,W_Complete_preaccepted_appl,W_Complete_preaccepted_appl,W_Complete_preaccepted_appl,A_DECLINED,0,0,0,0,0,0,0,0,0,0,0,deviant
942,1846,A_SUBMITTED,A_PARTLYSUBMITTED,W_Assess_fraud,A_PREACCEPTED,W_Complete_preaccepted_appl,W_Complete_preaccepted_appl,W_Complete_preaccepted_appl,A_DECLINED,0,0,0,0,0,0,0,0,0,0,0,0,deviant
943,1847,A_SUBMITTED,A_PARTLYSUBMITTED,W_Assess_fraud,A_PREACCEPTED,W_Complete_preaccepted_appl,W_Complete_preaccepted_appl,W_Complete_preaccepted_appl,W_Complete_preaccepted_appl,W_Complete_preaccepted_appl,A_ACCEPTED,A_FINALIZED,O_SELECTED,O_CREATED,O_SENT,W_Call_after_offer,A_DECLINED,0,0,0,0,deviant
944,1848,A_SUBMITTED,A_PARTLYSUBMITTED,W_Assess_fraud,A_PREACCEPTED,W_Complete_preaccepted_appl,W_Complete_preaccepted_appl,W_Complete_preaccepted_appl,W_Complete_preaccepted_appl,W_Complete_preaccepted_appl,W_Complete_preaccepted_appl,A_CANCELLED,0,0,0,0,0,0,0,0,0,deviant
945,1849,A_SUBMITTED,A_PARTLYSUBMITTED,W_Assess_fraud,A_PREACCEPTED,W_Complete_preaccepted_appl,W_Complete_preaccepted_appl,W_Complete_preaccepted_appl,W_Complete_preaccepted_appl,A_ACCEPTED,A_FINALIZED,O_SELECTED,O_CREATED,O_SENT,W_Call_after_offer,W_Call_after_offer,W_Call_after_offer,O_CANCELLED,O_SELECTED,O_CREATED,O_SENT,regular
946,185,A_SUBMITTED,A_PARTLYSUBMITTED,W_Assess_fraud,A_PREACCEPTED,W_Complete_preaccepted_appl,A_ACCEPTED,A_FINALIZED,O_SELECTED,O_CREATED,O_SENT,W_Call_after_offer,W_Call_after_offer,W_Call_after_offer,W_Call_after_offer,A_DECLINED,0,0,0,0,0,deviant
947,1850,A_SUBMITTED,A_PARTLYSUBMITTED,W_Fix_incomplete_submission,A_PREACCEPTED,W_Complete_preaccepted_appl,W_Complete_preaccepted_appl,W_Complete_preaccepted_appl,W_Complete_preaccepted_appl,W_Complete_preaccepted_appl,W_Complete_preaccepted_appl,W_Complete_preaccepted_appl,W_Complete_preaccepted_appl,W_Complete_preaccepted_appl,W_Complete_preaccepted_appl,W_Complete_preaccepted_appl,W_Complete_preaccepted_appl,A_CANCELLED,0,0,0,deviant
948,1851,A_SUBMITTED,A_PARTLYSUBMITTED,W_Assess_fraud,A_PREACCEPTED,W_Complete_preaccepted_appl,A_ACCEPTED,A_FINALIZED,O_SELECTED,O_CREATED,O_SENT,W_Call_after_offer,O_SENT_BACK,W_Assess_application,W_Call_missing_information,W_Call_missing_information,W_Call_missing_information,W_Call_missing_information,W_Call_missing_information,W_Call_missing_information,W_Call_missing_information,regular
949,1852,A_SUBMITTED,A_PARTLYSUBMITTED,W_Assess_fraud,O_DECLINED,A_DECLINED,0,0,0,0,0,0,0,0,0,0,0,0,0,0,0,deviant
950,1853,A_SUBMITTED,A_PARTLYSUBMITTED,W_Assess_fraud,A_PREACCEPTED,W_Complete_preaccepted_appl,W_Complete_preaccepted_appl,W_Complete_preaccepted_appl,W_Complete_preaccepted_appl,W_Complete_preaccepted_appl,W_Complete_preaccepted_appl,W_Complete_preaccepted_appl,W_Complete_preaccepted_appl,W_Complete_preaccepted_appl,A_ACCEPTED,A_FINALIZED,O_SELECTED,O_CREATED,O_SENT,W_Call_after_offer,W_Call_after_offer,deviant
951,1854,A_SUBMITTED,A_PARTLYSUBMITTED,W_Assess_fraud,O_DECLINED,A_DECLINED,0,0,0,0,0,0,0,0,0,0,0,0,0,0,0,deviant
952,1855,A_SUBMITTED,A_PARTLYSUBMITTED,W_Assess_fraud,A_PREACCEPTED,W_Complete_preaccepted_appl,W_Complete_preaccepted_appl,W_Complete_preaccepted_appl,W_Complete_preaccepted_appl,W_Complete_preaccepted_appl,W_Complete_preaccepted_appl,W_Complete_preaccepted_appl,W_Complete_preaccepted_appl,W_Complete_preaccepted_appl,W_Complete_preaccepted_appl,W_Complete_preaccepted_appl,A_DECLINED,0,0,0,0,deviant
953,1856,A_SUBMITTED,A_PARTLYSUBMITTED,W_Assess_fraud,A_PREACCEPTED,W_Complete_preaccepted_appl,W_Complete_preaccepted_appl,W_Complete_preaccepted_appl,W_Complete_preaccepted_appl,A_ACCEPTED,A_FINALIZED,O_SELECTED,O_CREATED,O_SENT,W_Call_after_offer,O_SELECTED,O_CREATED,O_SENT,W_Call_after_offer,A_DECLINED,0,deviant
954,1857,A_SUBMITTED,A_PARTLYSUBMITTED,W_Assess_fraud,A_PREACCEPTED,W_Complete_preaccepted_appl,A_ACCEPTED,A_FINALIZED,O_SELECTED,O_CREATED,O_SENT,O_SELECTED,O_CREATED,O_SENT,W_Call_after_offer,W_Call_after_offer,W_Call_after_offer,W_Call_after_offer,W_Call_after_offer,O_SELECTED,O_CREATED,deviant
955,1858,A_SUBMITTED,A_PARTLYSUBMITTED,W_Assess_fraud,A_PREACCEPTED,W_Complete_preaccepted_appl,W_Complete_preaccepted_appl,W_Complete_preaccepted_appl,W_Complete_preaccepted_appl,A_ACCEPTED,A_FINALIZED,O_SELECTED,O_CREATED,O_SENT,W_Call_after_offer,A_DECLINED,0,0,0,0,0,deviant
956,1859,A_SUBMITTED,A_PARTLYSUBMITTED,W_Assess_fraud,A_PREACCEPTED,W_Complete_preaccepted_appl,W_Complete_preaccepted_appl,A_CANCELLED,0,0,0,0,0,0,0,0,0,0,0,0,0,deviant
957,186,A_SUBMITTED,A_PARTLYSUBMITTED,W_Assess_fraud,A_PREACCEPTED,W_Complete_preaccepted_appl,W_Complete_preaccepted_appl,W_Complete_preaccepted_appl,W_Complete_preaccepted_appl,W_Complete_preaccepted_appl,W_Complete_preaccepted_appl,W_Complete_preaccepted_appl,A_DECLINED,0,0,0,0,0,0,0,0,deviant
958,1860,A_SUBMITTED,A_PARTLYSUBMITTED,W_Assess_fraud,A_PREACCEPTED,W_Complete_preaccepted_appl,W_Complete_preaccepted_appl,A_ACCEPTED,A_FINALIZED,O_SELECTED,O_CREATED,O_SENT,O_SELECTED,O_CREATED,O_SENT,W_Call_after_offer,A_DECLINED,0,0,0,0,deviant
959,1861,A_SUBMITTED,A_PARTLYSUBMITTED,W_Fix_incomplete_submission,A_PREACCEPTED,W_Complete_preaccepted_appl,W_Complete_preaccepted_appl,W_Complete_preaccepted_appl,W_Complete_preaccepted_appl,W_Complete_preaccepted_appl,W_Complete_preaccepted_appl,W_Complete_preaccepted_appl,W_Complete_preaccepted_appl,W_Complete_preaccepted_appl,W_Complete_preaccepted_appl,W_Complete_preaccepted_appl,W_Complete_preaccepted_appl,W_Complete_preaccepted_appl,W_Complete_preaccepted_appl,W_Complete_preaccepted_appl,A_ACCEPTED,deviant
960,1862,A_SUBMITTED,A_PARTLYSUBMITTED,W_Assess_fraud,A_PREACCEPTED,W_Complete_preaccepted_appl,A_ACCEPTED,A_FINALIZED,O_SELECTED,O_CREATED,O_SENT,W_Call_after_offer,W_Call_after_offer,O_SELECTED,O_CREATED,O_SENT,W_Call_after_offer,A_DECLINED,0,0,0,deviant
961,1863,A_SUBMITTED,A_PARTLYSUBMITTED,W_Assess_fraud,A_PREACCEPTED,W_Complete_preaccepted_appl,W_Complete_preaccepted_appl,A_ACCEPTED,A_FINALIZED,O_SELECTED,O_CREATED,O_SENT,O_SELECTED,O_CREATED,O_SENT,W_Call_after_offer,W_Call_after_offer,A_DECLINED,0,0,0,deviant
962,1864,A_SUBMITTED,A_PARTLYSUBMITTED,W_Assess_fraud,A_PREACCEPTED,W_Complete_preaccepted_appl,W_Complete_preaccepted_appl,W_Complete_preaccepted_appl,A_DECLINED,0,0,0,0,0,0,0,0,0,0,0,0,deviant
963,1865,A_SUBMITTED,A_PARTLYSUBMITTED,W_Assess_fraud,A_PREACCEPTED,W_Complete_preaccepted_appl,W_Complete_preaccepted_appl,A_DECLINED,0,0,0,0,0,0,0,0,0,0,0,0,0,deviant
964,1866,A_SUBMITTED,A_PARTLYSUBMITTED,W_Assess_fraud,A_PREACCEPTED,W_Complete_preaccepted_appl,W_Complete_preaccepted_appl,W_Complete_preaccepted_appl,W_Complete_preaccepted_appl,A_CANCELLED,0,0,0,0,0,0,0,0,0,0,0,deviant
965,1867,A_SUBMITTED,A_PARTLYSUBMITTED,W_Fix_incomplete_submission,A_PREACCEPTED,W_Complete_preaccepted_appl,A_ACCEPTED,A_FINALIZED,O_SELECTED,O_CREATED,O_SENT,W_Call_after_offer,O_SENT_BACK,W_Assess_application,W_Call_missing_information,A_DECLINED,0,0,0,0,0,regular
966,1868,A_SUBMITTED,A_PARTLYSUBMITTED,W_Assess_fraud,A_PREACCEPTED,W_Complete_preaccepted_appl,W_Complete_preaccepted_appl,A_ACCEPTED,A_FINALIZED,O_SELECTED,O_CREATED,O_SENT,W_Call_after_offer,W_Call_after_offer,W_Call_after_offer,A_DECLINED,0,0,0,0,0,deviant
967,1869,A_SUBMITTED,A_PARTLYSUBMITTED,W_Assess_fraud,A_PREACCEPTED,W_Complete_preaccepted_appl,W_Complete_preaccepted_appl,W_Complete_preaccepted_appl,W_Complete_preaccepted_appl,W_Complete_preaccepted_appl,W_Complete_preaccepted_appl,W_Complete_preaccepted_appl,A_ACCEPTED,A_FINALIZED,O_SELECTED,O_CREATED,O_SENT,O_SELECTED,O_CREATED,O_SENT,W_Call_after_offer,deviant
968,187,A_SUBMITTED,A_PARTLYSUBMITTED,W_Assess_fraud,A_PREACCEPTED,W_Complete_preaccepted_appl,W_Complete_preaccepted_appl,W_Complete_preaccepted_appl,W_Complete_preaccepted_appl,W_Complete_preaccepted_appl,W_Complete_preaccepted_appl,W_Complete_preaccepted_appl,W_Complete_preaccepted_appl,W_Complete_preaccepted_appl,A_ACCEPTED,A_FINALIZED,O_SELECTED,O_CREATED,O_SENT,O_SELECTED,O_CREATED,deviant
969,1870,A_SUBMITTED,A_PARTLYSUBMITTED,W_Fix_incomplete_submission,A_PREACCEPTED,W_Complete_preaccepted_appl,W_Complete_preaccepted_appl,A_ACCEPTED,A_FINALIZED,O_SELECTED,O_CREATED,O_SENT,W_Call_after_offer,O_SENT_BACK,W_Assess_application,W_Assess_application,W_Assess_application,W_Assess_application,W_Assess_application,W_Assess_application,W_Assess_application,regular
970,1871,A_SUBMITTED,A_PARTLYSUBMITTED,W_Assess_fraud,O_DECLINED,A_DECLINED,0,0,0,0,0,0,0,0,0,0,0,0,0,0,0,deviant
971,1872,A_SUBMITTED,A_PARTLYSUBMITTED,W_Assess_fraud,A_PREACCEPTED,W_Complete_preaccepted_appl,W_Complete_preaccepted_appl,W_Complete_preaccepted_appl,A_ACCEPTED,A_FINALIZED,O_SELECTED,O_CREATED,O_SENT,O_SENT_BACK,W_Assess_application,O_SELECTED,O_CREATED,O_SENT,W_Call_after_offer,W_Call_after_offer,W_Call_after_offer,deviant
972,1873,A_SUBMITTED,A_PARTLYSUBMITTED,W_Assess_fraud,A_PREACCEPTED,W_Complete_preaccepted_appl,A_ACCEPTED,A_FINALIZED,O_SELECTED,O_CREATED,O_SENT,W_Call_after_offer,O_SENT_BACK,W_Assess_application,O_SELECTED,O_CREATED,O_SENT,O_SELECTED,O_CREATED,O_SENT,O_SELECTED,regular
973,1874,A_SUBMITTED,A_PARTLYSUBMITTED,W_Assess_fraud,A_PREACCEPTED,W_Complete_preaccepted_appl,W_Complete_preaccepted_appl,A_CANCELLED,0,0,0,0,0,0,0,0,0,0,0,0,0,deviant
974,1875,A_SUBMITTED,A_PARTLYSUBMITTED,W_Assess_fraud,A_PREACCEPTED,W_Complete_preaccepted_appl,W_Complete_preaccepted_appl,W_Complete_preaccepted_appl,W_Complete_preaccepted_appl,W_Complete_preaccepted_appl,W_Complete_preaccepted_appl,W_Complete_preaccepted_appl,A_CANCELLED,0,0,0,0,0,0,0,0,deviant
975,1876,A_SUBMITTED,A_PARTLYSUBMITTED,W_Assess_fraud,A_PREACCEPTED,W_Complete_preaccepted_appl,W_Complete_preaccepted_appl,A_ACCEPTED,A_FINALIZED,O_SELECTED,O_CREATED,O_SENT,W_Call_after_offer,A_DECLINED,0,0,0,0,0,0,0,deviant
976,1877,A_SUBMITTED,A_PARTLYSUBMITTED,W_Fix_incomplete_submission,A_PREACCEPTED,W_Complete_preaccepted_appl,W_Complete_preaccepted_appl,W_Complete_preaccepted_appl,A_ACCEPTED,A_FINALIZED,O_SELECTED,O_CREATED,O_SENT,W_Call_after_offer,W_Call_after_offer,O_SELECTED,O_CREATED,O_SENT,W_Call_after_offer,A_DECLINED,0,deviant
977,1878,A_SUBMITTED,A_PARTLYSUBMITTED,W_Fix_incomplete_submission,W_Fix_incomplete_submission,W_Fix_incomplete_submission,A_PREACCEPTED,W_Complete_preaccepted_appl,W_Complete_preaccepted_appl,W_Complete_preaccepted_appl,W_Complete_preaccepted_appl,A_ACCEPTED,A_FINALIZED,O_SELECTED,O_CREATED,O_SENT,W_Call_after_offer,W_Call_after_offer,A_DECLINED,0,0,deviant
978,1879,A_SUBMITTED,A_PARTLYSUBMITTED,W_Assess_fraud,A_PREACCEPTED,W_Complete_preaccepted_appl,W_Complete_preaccepted_appl,W_Complete_preaccepted_appl,W_Complete_preaccepted_appl,A_ACCEPTED,A_FINALIZED,O_SELECTED,O_CREATED,O_SENT,O_SELECTED,O_CREATED,O_SENT,W_Call_after_offer,O_SENT_BACK,W_Assess_application,W_Assess_application,deviant
979,188,A_SUBMITTED,A_PARTLYSUBMITTED,W_Fix_incomplete_submission,A_PREACCEPTED,W_Complete_preaccepted_appl,W_Complete_preaccepted_appl,A_CANCELLED,0,0,0,0,0,0,0,0,0,0,0,0,0,deviant
980,1880,A_SUBMITTED,A_PARTLYSUBMITTED,W_Assess_fraud,A_PREACCEPTED,W_Complete_preaccepted_appl,W_Complete_preaccepted_appl,W_Complete_preaccepted_appl,A_ACCEPTED,A_FINALIZED,O_SELECTED,O_CREATED,O_SENT,W_Call_after_offer,O_SENT_BACK,W_Assess_application,W_Call_missing_information,W_Call_missing_information,W_Call_missing_information,W_Call_missing_information,W_Call_missing_information,regular
981,1881,A_SUBMITTED,A_PARTLYSUBMITTED,W_Fix_incomplete_submission,A_PREACCEPTED,W_Complete_preaccepted_appl,W_Complete_preaccepted_appl,A_DECLINED,0,0,0,0,0,0,0,0,0,0,0,0,0,deviant
982,1882,A_SUBMITTED,A_PARTLYSUBMITTED,W_Fix_incomplete_submission,A_PREACCEPTED,W_Complete_preaccepted_appl,W_Complete_preaccepted_appl,A_ACCEPTED,A_FINALIZED,O_SELECTED,O_CREATED,O_SENT,W_Call_after_offer,O_CANCELLED,O_SELECTED,O_CREATED,O_SENT,O_SELECTED,O_CREATED,O_SENT,W_Call_after_offer,regular
983,1883,A_SUBMITTED,A_PARTLYSUBMITTED,W_Assess_fraud,O_DECLINED,A_DECLINED,0,0,0,0,0,0,0,0,0,0,0,0,0,0,0,deviant
984,1884,A_SUBMITTED,A_PARTLYSUBMITTED,W_Assess_fraud,A_PREACCEPTED,W_Complete_preaccepted_appl,W_Complete_preaccepted_appl,W_Complete_preaccepted_appl,W_Complete_preaccepted_appl,W_Complete_preaccepted_appl,W_Complete_preaccepted_appl,W_Complete_preaccepted_appl,W_Complete_preaccepted_appl,W_Complete_preaccepted_appl,W_Complete_preaccepted_appl,W_Complete_preaccepted_appl,W_Complete_preaccepted_appl,W_Complete_preaccepted_appl,W_Complete_preaccepted_appl,W_Complete_preaccepted_appl,A_CANCELLED,deviant
985,1885,A_SUBMITTED,A_PARTLYSUBMITTED,W_Assess_fraud,A_PREACCEPTED,W_Complete_preaccepted_appl,W_Complete_preaccepted_appl,W_Complete_preaccepted_appl,A_ACCEPTED,A_FINALIZED,O_SELECTED,O_CREATED,O_SENT,O_SELECTED,O_CREATED,O_SENT,W_Call_after_offer,A_DECLINED,0,0,0,deviant
986,1886,A_SUBMITTED,A_PARTLYSUBMITTED,W_Fix_incomplete_submission,A_PREACCEPTED,W_Complete_preaccepted_appl,A_DECLINED,0,0,0,0,0,0,0,0,0,0,0,0,0,0,deviant
987,1887,A_SUBMITTED,A_PARTLYSUBMITTED,W_Fix_incomplete_submission,A_PREACCEPTED,W_Complete_preaccepted_appl,W_Complete_preaccepted_appl,A_ACCEPTED,A_FINALIZED,O_SELECTED,O_CREATED,O_SENT,W_Call_after_offer,W_Call_after_offer,W_Call_after_offer,W_Call_after_offer,W_Call_after_offer,O_SENT_BACK,W_Assess_application,W_Assess_application,W_Assess_application,deviant
988,1888,A_SUBMITTED,A_PARTLYSUBMITTED,W_Fix_incomplete_submission,A_PREACCEPTED,W_Complete_preaccepted_appl,W_Complete_preaccepted_appl,W_Complete_preaccepted_appl,W_Complete_preaccepted_appl,A_ACCEPTED,A_FINALIZED,O_SELECTED,O_CREATED,O_SENT,W_Call_after_offer,W_Call_after_offer,A_DECLINED,0,0,0,0,deviant
989,1889,A_SUBMITTED,A_PARTLYSUBMITTED,W_Assess_fraud,A_PREACCEPTED,W_Complete_preaccepted_appl,W_Complete_preaccepted_appl,W_Complete_preaccepted_appl,W_Complete_preaccepted_appl,A_ACCEPTED,A_FINALIZED,O_SELECTED,O_CREATED,O_SENT,W_Call_after_offer,W_Call_after_offer,O_SENT_BACK,W_Assess_application,W_Call_missing_information,W_Call_missing_information,W_Call_missing_information,regular
990,189,A_SUBMITTED,A_PARTLYSUBMITTED,W_Assess_fraud,A_PREACCEPTED,W_Complete_preaccepted_appl,A_ACCEPTED,A_FINALIZED,O_SELECTED,O_CREATED,O_SENT,O_SELECTED,O_CREATED,O_SENT,W_Call_after_offer,O_SENT_BACK,W_Assess_application,W_Call_missing_information,O_SELECTED,O_CREATED,O_SENT,regular
991,1890,A_SUBMITTED,A_PARTLYSUBMITTED,W_Assess_fraud,O_DECLINED,A_DECLINED,0,0,0,0,0,0,0,0,0,0,0,0,0,0,0,deviant
992,1891,A_SUBMITTED,A_PARTLYSUBMITTED,W_Assess_fraud,A_PREACCEPTED,W_Complete_preaccepted_appl,A_DECLINED,0,0,0,0,0,0,0,0,0,0,0,0,0,0,deviant
993,1892,A_SUBMITTED,A_PARTLYSUBMITTED,W_Assess_fraud,A_CANCELLED,0,0,0,0,0,0,0,0,0,0,0,0,0,0,0,0,deviant
994,1893,A_SUBMITTED,A_PARTLYSUBMITTED,W_Fix_incomplete_submission,A_PREACCEPTED,W_Complete_preaccepted_appl,A_DECLINED,0,0,0,0,0,0,0,0,0,0,0,0,0,0,deviant
995,1894,A_SUBMITTED,A_PARTLYSUBMITTED,W_Assess_fraud,O_DECLINED,A_DECLINED,0,0,0,0,0,0,0,0,0,0,0,0,0,0,0,deviant
996,1895,A_SUBMITTED,A_PARTLYSUBMITTED,W_Assess_fraud,A_PREACCEPTED,W_Complete_preaccepted_appl,W_Complete_preaccepted_appl,W_Complete_preaccepted_appl,W_Complete_preaccepted_appl,A_ACCEPTED,A_FINALIZED,O_SELECTED,O_CREATED,O_SENT,W_Call_after_offer,O_SENT_BACK,W_Assess_application,O_ACCEPTED,A_APPROVED,A_REGISTERED,A_ACTIVATED,deviant
997,1896,A_SUBMITTED,A_PARTLYSUBMITTED,W_Fix_incomplete_submission,A_PREACCEPTED,W_Complete_preaccepted_appl,W_Complete_preaccepted_appl,W_Complete_preaccepted_appl,A_ACCEPTED,A_FINALIZED,O_SELECTED,O_CREATED,O_SENT,W_Call_after_offer,W_Call_after_offer,A_DECLINED,0,0,0,0,0,deviant
998,1897,A_SUBMITTED,A_PARTLYSUBMITTED,W_Assess_fraud,A_PREACCEPTED,W_Complete_preaccepted_appl,A_DECLINED,0,0,0,0,0,0,0,0,0,0,0,0,0,0,deviant
999,1898,A_SUBMITTED,A_PARTLYSUBMITTED,W_Assess_fraud,A_PREACCEPTED,W_Complete_preaccepted_appl,W_Complete_preaccepted_appl,W_Complete_preaccepted_appl,W_Complete_preaccepted_appl,W_Complete_preaccepted_appl,W_Complete_preaccepted_appl,W_Complete_preaccepted_appl,W_Complete_preaccepted_appl,W_Complete_preaccepted_appl,W_Complete_preaccepted_appl,W_Complete_preaccepted_appl,A_ACCEPTED,A_FINALIZED,O_SELECTED,O_CREATED,O_SENT,regular
1000,1899,A_SUBMITTED,A_PARTLYSUBMITTED,W_Assess_fraud,A_PREACCEPTED,W_Complete_preaccepted_appl,W_Complete_preaccepted_appl,W_Complete_preaccepted_appl,W_Complete_preaccepted_appl,A_ACCEPTED,A_FINALIZED,O_SELECTED,O_CREATED,O_SENT,W_Call_after_offer,W_Call_after_offer,W_Call_after_offer,W_Call_after_offer,O_SELECTED,O_CREATED,O_SENT,deviant
1001,19,A_SUBMITTED,A_PARTLYSUBMITTED,W_Assess_fraud,A_PREACCEPTED,W_Complete_preaccepted_appl,A_ACCEPTED,A_FINALIZED,O_SELECTED,O_CREATED,O_SENT,W_Call_after_offer,O_SELECTED,O_CREATED,O_SENT,A_DECLINED,0,0,0,0,0,deviant
1002,190,A_SUBMITTED,A_PARTLYSUBMITTED,W_Assess_fraud,A_PREACCEPTED,W_Complete_preaccepted_appl,W_Complete_preaccepted_appl,W_Complete_preaccepted_appl,W_Complete_preaccepted_appl,A_ACCEPTED,A_FINALIZED,O_SELECTED,O_CREATED,O_SENT,W_Call_after_offer,O_SENT_BACK,W_Assess_application,W_Call_missing_information,W_Call_missing_information,O_CANCELLED,O_SELECTED,regular
1003,1900,A_SUBMITTED,A_PARTLYSUBMITTED,W_Fix_incomplete_submission,A_PREACCEPTED,W_Complete_preaccepted_appl,W_Complete_preaccepted_appl,W_Complete_preaccepted_appl,W_Complete_preaccepted_appl,A_ACCEPTED,A_FINALIZED,O_SELECTED,O_CREATED,O_SENT,W_Call_after_offer,O_SELECTED,O_CREATED,O_SENT,W_Call_after_offer,W_Call_after_offer,W_Call_after_offer,regular
1004,1901,A_SUBMITTED,A_PARTLYSUBMITTED,W_Fix_incomplete_submission,A_PREACCEPTED,W_Complete_preaccepted_appl,W_Complete_preaccepted_appl,W_Complete_preaccepted_appl,W_Complete_preaccepted_appl,A_ACCEPTED,A_FINALIZED,O_SELECTED,O_CREATED,O_SENT,O_SELECTED,O_CREATED,O_SENT,W_Call_after_offer,O_SELECTED,O_CREATED,O_SENT,deviant
1005,1902,A_SUBMITTED,A_PARTLYSUBMITTED,W_Assess_fraud,A_PREACCEPTED,W_Complete_preaccepted_appl,W_Complete_preaccepted_appl,W_Complete_preaccepted_appl,W_Complete_preaccepted_appl,A_ACCEPTED,A_FINALIZED,O_SELECTED,O_CREATED,O_SENT,W_Call_after_offer,A_DECLINED,0,0,0,0,0,deviant
1006,1903,A_SUBMITTED,A_PARTLYSUBMITTED,W_Assess_fraud,A_PREACCEPTED,W_Complete_preaccepted_appl,A_ACCEPTED,A_FINALIZED,O_SELECTED,O_CREATED,O_SENT,W_Call_after_offer,O_SENT_BACK,W_Assess_application,W_Assess_application,W_Assess_application,W_Assess_application,W_Call_missing_information,W_Call_missing_information,W_Call_missing_information,W_Call_missing_information,regular
1007,1904,A_SUBMITTED,A_PARTLYSUBMITTED,W_Assess_fraud,A_PREACCEPTED,W_Complete_preaccepted_appl,W_Complete_preaccepted_appl,W_Complete_preaccepted_appl,A_DECLINED,0,0,0,0,0,0,0,0,0,0,0,0,deviant
1008,1905,A_SUBMITTED,A_PARTLYSUBMITTED,W_Assess_fraud,A_PREACCEPTED,W_Complete_preaccepted_appl,W_Complete_preaccepted_appl,W_Complete_preaccepted_appl,W_Complete_preaccepted_appl,W_Complete_preaccepted_appl,W_Complete_preaccepted_appl,W_Complete_preaccepted_appl,W_Complete_preaccepted_appl,W_Complete_preaccepted_appl,W_Complete_preaccepted_appl,A_DECLINED,0,0,0,0,0,deviant
1009,1906,A_SUBMITTED,A_PARTLYSUBMITTED,W_Assess_fraud,A_PREACCEPTED,W_Complete_preaccepted_appl,W_Complete_preaccepted_appl,W_Complete_preaccepted_appl,W_Complete_preaccepted_appl,W_Complete_preaccepted_appl,W_Complete_preaccepted_appl,W_Complete_preaccepted_appl,W_Complete_preaccepted_appl,A_ACCEPTED,A_FINALIZED,O_SELECTED,O_CREATED,O_SENT,O_SENT_BACK,W_Assess_application,W_Call_missing_information,regular
1010,1907,A_SUBMITTED,A_PARTLYSUBMITTED,W_Assess_fraud,A_PREACCEPTED,W_Complete_preaccepted_appl,W_Complete_preaccepted_appl,W_Complete_preaccepted_appl,W_Complete_preaccepted_appl,W_Complete_preaccepted_appl,W_Complete_preaccepted_appl,W_Complete_preaccepted_appl,W_Complete_preaccepted_appl,A_ACCEPTED,A_FINALIZED,O_SELECTED,O_CREATED,O_SENT,O_SELECTED,O_CREATED,O_SENT,regular
1011,1908,A_SUBMITTED,A_PARTLYSUBMITTED,W_Assess_fraud,A_PREACCEPTED,W_Complete_preaccepted_appl,W_Complete_preaccepted_appl,W_Complete_preaccepted_appl,W_Complete_preaccepted_appl,W_Complete_preaccepted_appl,W_Complete_preaccepted_appl,W_Complete_preaccepted_appl,W_Complete_preaccepted_appl,W_Complete_preaccepted_appl,A_ACCEPTED,A_FINALIZED,O_SELECTED,O_CREATED,O_SENT,W_Call_after_offer,A_DECLINED,deviant
1012,1909,A_SUBMITTED,A_PARTLYSUBMITTED,W_Assess_fraud,A_PREACCEPTED,W_Complete_preaccepted_appl,W_Complete_preaccepted_appl,A_ACCEPTED,A_FINALIZED,O_SELECTED,O_CREATED,O_SENT,W_Call_after_offer,W_Call_after_offer,W_Call_after_offer,W_Call_after_offer,O_SENT_BACK,W_Assess_application,W_Assess_application,O_ACCEPTED,A_APPROVED,deviant
1013,191,A_SUBMITTED,A_PARTLYSUBMITTED,W_Assess_fraud,A_PREACCEPTED,W_Complete_preaccepted_appl,W_Complete_preaccepted_appl,W_Complete_preaccepted_appl,A_ACCEPTED,A_FINALIZED,O_SELECTED,O_CREATED,O_SENT,W_Call_after_offer,O_SENT_BACK,W_Assess_application,W_Assess_application,O_CANCELLED,O_SELECTED,O_CREATED,O_SENT,deviant
1014,1910,A_SUBMITTED,A_PARTLYSUBMITTED,W_Assess_fraud,A_PREACCEPTED,W_Complete_preaccepted_appl,A_ACCEPTED,A_FINALIZED,O_SELECTED,O_CREATED,O_SENT,O_SELECTED,O_CREATED,O_SENT,O_SELECTED,O_CREATED,O_SENT,W_Call_after_offer,W_Call_after_offer,W_Call_after_offer,W_Call_after_offer,regular
1015,1911,A_SUBMITTED,A_PARTLYSUBMITTED,W_Assess_fraud,A_PREACCEPTED,W_Complete_preaccepted_appl,W_Complete_preaccepted_appl,A_ACCEPTED,A_FINALIZED,O_SELECTED,O_CREATED,O_SENT,W_Call_after_offer,W_Call_after_offer,A_DECLINED,0,0,0,0,0,0,deviant
1016,1912,A_SUBMITTED,A_PARTLYSUBMITTED,W_Fix_incomplete_submission,A_PREACCEPTED,W_Complete_preaccepted_appl,W_Complete_preaccepted_appl,W_Complete_preaccepted_appl,A_CANCELLED,0,0,0,0,0,0,0,0,0,0,0,0,deviant
1017,1913,A_SUBMITTED,A_PARTLYSUBMITTED,W_Fix_incomplete_submission,A_PREACCEPTED,W_Complete_preaccepted_appl,A_ACCEPTED,A_FINALIZED,O_SELECTED,O_CREATED,O_SENT,W_Call_after_offer,O_SENT_BACK,W_Assess_application,W_Assess_application,W_Assess_application,W_Call_missing_information,W_Call_missing_information,O_ACCEPTED,A_APPROVED,A_REGISTERED,regular
1018,1914,A_SUBMITTED,A_PARTLYSUBMITTED,W_Assess_fraud,A_PREACCEPTED,W_Complete_preaccepted_appl,W_Complete_preaccepted_appl,A_CANCELLED,0,0,0,0,0,0,0,0,0,0,0,0,0,deviant
1019,1915,A_SUBMITTED,A_PARTLYSUBMITTED,W_Assess_fraud,A_PREACCEPTED,W_Complete_preaccepted_appl,A_DECLINED,0,0,0,0,0,0,0,0,0,0,0,0,0,0,deviant
1020,1916,A_SUBMITTED,A_PARTLYSUBMITTED,W_Assess_fraud,A_PREACCEPTED,W_Complete_preaccepted_appl,W_Complete_preaccepted_appl,W_Complete_preaccepted_appl,A_ACCEPTED,A_FINALIZED,O_SELECTED,O_CREATED,O_SENT,O_SELECTED,O_CREATED,O_SENT,W_Call_after_offer,W_Call_after_offer,W_Call_after_offer,O_CANCELLED,A_DECLINED,deviant
1021,1917,A_SUBMITTED,A_PARTLYSUBMITTED,W_Assess_fraud,A_PREACCEPTED,W_Complete_preaccepted_appl,W_Complete_preaccepted_appl,A_ACCEPTED,A_FINALIZED,O_SELECTED,O_CREATED,O_SENT,W_Call_after_offer,W_Call_after_offer,A_DECLINED,0,0,0,0,0,0,deviant
1022,1918,A_SUBMITTED,A_PARTLYSUBMITTED,W_Assess_fraud,A_PREACCEPTED,W_Complete_preaccepted_appl,W_Complete_preaccepted_appl,A_ACCEPTED,A_FINALIZED,O_SELECTED,O_CREATED,O_SENT,W_Call_after_offer,W_Call_after_offer,A_DECLINED,0,0,0,0,0,0,deviant
1023,1919,A_SUBMITTED,A_PARTLYSUBMITTED,W_Assess_fraud,A_PREACCEPTED,W_Complete_preaccepted_appl,W_Complete_preaccepted_appl,W_Complete_preaccepted_appl,W_Complete_preaccepted_appl,W_Complete_preaccepted_appl,W_Complete_preaccepted_appl,W_Complete_preaccepted_appl,W_Complete_preaccepted_appl,W_Complete_preaccepted_appl,W_Complete_preaccepted_appl,W_Complete_preaccepted_appl,W_Complete_preaccepted_appl,A_ACCEPTED,A_FINALIZED,O_SELECTED,O_CREATED,regular
1024,192,A_SUBMITTED,A_PARTLYSUBMITTED,W_Assess_fraud,A_PREACCEPTED,W_Complete_preaccepted_appl,W_Complete_preaccepted_appl,W_Complete_preaccepted_appl,W_Complete_preaccepted_appl,W_Complete_preaccepted_appl,W_Complete_preaccepted_appl,W_Complete_preaccepted_appl,W_Complete_preaccepted_appl,A_ACCEPTED,A_FINALIZED,O_SELECTED,O_CREATED,O_SENT,W_Call_after_offer,W_Call_after_offer,W_Call_after_offer,deviant
1025,1920,A_SUBMITTED,A_PARTLYSUBMITTED,W_Assess_fraud,A_PREACCEPTED,W_Complete_preaccepted_appl,A_DECLINED,0,0,0,0,0,0,0,0,0,0,0,0,0,0,deviant
1026,1921,A_SUBMITTED,A_PARTLYSUBMITTED,W_Assess_fraud,A_PREACCEPTED,W_Complete_preaccepted_appl,W_Complete_preaccepted_appl,A_ACCEPTED,A_FINALIZED,O_SELECTED,O_CREATED,O_SENT,W_Call_after_offer,A_DECLINED,0,0,0,0,0,0,0,deviant
1027,1922,A_SUBMITTED,A_PARTLYSUBMITTED,W_Assess_fraud,A_PREACCEPTED,W_Complete_preaccepted_appl,W_Complete_preaccepted_appl,W_Complete_preaccepted_appl,W_Complete_preaccepted_appl,W_Complete_preaccepted_appl,W_Complete_preaccepted_appl,A_DECLINED,0,0,0,0,0,0,0,0,0,deviant
1028,1923,A_SUBMITTED,A_PARTLYSUBMITTED,W_Assess_fraud,A_PREACCEPTED,W_Complete_preaccepted_appl,W_Complete_preaccepted_appl,A_ACCEPTED,A_FINALIZED,O_SELECTED,O_CREATED,O_SENT,W_Call_after_offer,W_Call_after_offer,W_Call_after_offer,A_DECLINED,0,0,0,0,0,deviant
1029,1924,A_SUBMITTED,A_PARTLYSUBMITTED,W_Assess_fraud,A_PREACCEPTED,W_Complete_preaccepted_appl,A_DECLINED,0,0,0,0,0,0,0,0,0,0,0,0,0,0,deviant
1030,1925,A_SUBMITTED,A_PARTLYSUBMITTED,W_Assess_fraud,A_PREACCEPTED,W_Complete_preaccepted_appl,W_Complete_preaccepted_appl,W_Complete_preaccepted_appl,A_ACCEPTED,A_FINALIZED,O_SELECTED,O_CREATED,O_SENT,W_Call_after_offer,W_Call_after_offer,W_Call_after_offer,A_DECLINED,0,0,0,0,deviant
1031,1926,A_SUBMITTED,A_PARTLYSUBMITTED,W_Assess_fraud,A_PREACCEPTED,W_Complete_preaccepted_appl,W_Complete_preaccepted_appl,W_Complete_preaccepted_appl,A_ACCEPTED,A_FINALIZED,O_SELECTED,O_CREATED,O_SENT,W_Call_after_offer,O_SENT_BACK,W_Assess_application,W_Assess_application,W_Assess_application,W_Call_missing_information,W_Call_missing_information,W_Call_missing_information,regular
1032,1927,A_SUBMITTED,A_PARTLYSUBMITTED,W_Assess_fraud,A_PREACCEPTED,W_Complete_preaccepted_appl,A_ACCEPTED,A_FINALIZED,O_SELECTED,O_CREATED,O_SENT,W_Call_after_offer,W_Call_after_offer,W_Call_after_offer,A_DECLINED,0,0,0,0,0,0,deviant
1033,1928,A_SUBMITTED,A_PARTLYSUBMITTED,W_Assess_fraud,A_PREACCEPTED,W_Complete_preaccepted_appl,W_Complete_preaccepted_appl,A_ACCEPTED,A_FINALIZED,O_SELECTED,O_CREATED,O_SENT,O_SENT_BACK,W_Assess_application,W_Call_missing_information,W_Call_missing_information,W_Call_missing_information,O_ACCEPTED,A_APPROVED,A_REGISTERED,A_ACTIVATED,deviant
1034,1929,A_SUBMITTED,A_PARTLYSUBMITTED,W_Assess_fraud,A_PREACCEPTED,W_Complete_preaccepted_appl,W_Complete_preaccepted_appl,A_DECLINED,0,0,0,0,0,0,0,0,0,0,0,0,0,deviant
1035,193,A_SUBMITTED,A_PARTLYSUBMITTED,W_Assess_fraud,A_CANCELLED,0,0,0,0,0,0,0,0,0,0,0,0,0,0,0,0,deviant
1036,1930,A_SUBMITTED,A_PARTLYSUBMITTED,W_Assess_fraud,A_PREACCEPTED,W_Complete_preaccepted_appl,W_Complete_preaccepted_appl,W_Complete_preaccepted_appl,W_Complete_preaccepted_appl,W_Complete_preaccepted_appl,W_Complete_preaccepted_appl,W_Complete_preaccepted_appl,A_DECLINED,0,0,0,0,0,0,0,0,deviant
1037,1931,A_SUBMITTED,A_PARTLYSUBMITTED,W_Assess_fraud,A_PREACCEPTED,W_Complete_preaccepted_appl,W_Complete_preaccepted_appl,W_Complete_preaccepted_appl,W_Complete_preaccepted_appl,W_Complete_preaccepted_appl,A_DECLINED,0,0,0,0,0,0,0,0,0,0,deviant
1038,1932,A_SUBMITTED,A_PARTLYSUBMITTED,W_Fix_incomplete_submission,A_PREACCEPTED,W_Complete_preaccepted_appl,A_ACCEPTED,A_FINALIZED,O_SELECTED,O_CREATED,O_SENT,W_Call_after_offer,O_SENT_BACK,W_Assess_application,W_Assess_application,O_ACCEPTED,A_APPROVED,A_REGISTERED,A_ACTIVATED,0,0,deviant
1039,1933,A_SUBMITTED,A_PARTLYSUBMITTED,W_Assess_fraud,A_PREACCEPTED,W_Complete_preaccepted_appl,A_ACCEPTED,A_FINALIZED,O_SELECTED,O_CREATED,O_SENT,W_Call_after_offer,W_Call_after_offer,W_Call_after_offer,W_Call_after_offer,W_Call_after_offer,O_SENT_BACK,W_Assess_application,W_Call_missing_information,W_Call_missing_information,W_Call_missing_information,regular
1040,1934,A_SUBMITTED,A_PARTLYSUBMITTED,W_Fix_incomplete_submission,W_Fix_incomplete_submission,A_PREACCEPTED,W_Complete_preaccepted_appl,W_Complete_preaccepted_appl,W_Complete_preaccepted_appl,W_Complete_preaccepted_appl,W_Complete_preaccepted_appl,W_Complete_preaccepted_appl,W_Complete_preaccepted_appl,A_ACCEPTED,A_FINALIZED,O_SELECTED,O_CREATED,O_SENT,W_Call_after_offer,O_SELECTED,O_CREATED,deviant
1041,1935,A_SUBMITTED,A_PARTLYSUBMITTED,W_Assess_fraud,A_PREACCEPTED,W_Complete_preaccepted_appl,W_Complete_preaccepted_appl,W_Complete_preaccepted_appl,A_ACCEPTED,A_FINALIZED,O_SELECTED,O_CREATED,O_SENT,A_DECLINED,0,0,0,0,0,0,0,deviant
1042,1936,A_SUBMITTED,A_PARTLYSUBMITTED,W_Assess_fraud,A_PREACCEPTED,W_Complete_preaccepted_appl,W_Complete_preaccepted_appl,W_Complete_preaccepted_appl,W_Complete_preaccepted_appl,W_Complete_preaccepted_appl,W_Complete_preaccepted_appl,W_Complete_preaccepted_appl,A_ACCEPTED,A_FINALIZED,O_SELECTED,O_CREATED,O_SENT,O_SELECTED,O_CREATED,O_SENT,O_SELECTED,deviant
1043,1937,A_SUBMITTED,A_PARTLYSUBMITTED,W_Fix_incomplete_submission,A_PREACCEPTED,W_Complete_preaccepted_appl,W_Complete_preaccepted_appl,A_DECLINED,0,0,0,0,0,0,0,0,0,0,0,0,0,deviant
1044,1938,A_SUBMITTED,A_PARTLYSUBMITTED,W_Assess_fraud,A_PREACCEPTED,W_Complete_preaccepted_appl,W_Complete_preaccepted_appl,W_Complete_preaccepted_appl,W_Complete_preaccepted_appl,W_Complete_preaccepted_appl,W_Complete_preaccepted_appl,W_Complete_preaccepted_appl,A_ACCEPTED,A_FINALIZED,O_SELECTED,O_CREATED,O_SENT,W_Call_after_offer,W_Call_after_offer,O_SENT_BACK,W_Assess_application,regular
1045,1939,A_SUBMITTED,A_PARTLYSUBMITTED,W_Assess_fraud,A_PREACCEPTED,W_Complete_preaccepted_appl,A_ACCEPTED,A_FINALIZED,O_SELECTED,O_CREATED,O_SENT,W_Call_after_offer,O_SELECTED,O_CREATED,O_SENT,W_Call_after_offer,W_Call_after_offer,W_Call_after_offer,O_SELECTED,O_CREATED,O_SENT,regular
1046,194,A_SUBMITTED,A_PARTLYSUBMITTED,W_Assess_fraud,A_PREACCEPTED,W_Complete_preaccepted_appl,W_Complete_preaccepted_appl,W_Complete_preaccepted_appl,W_Complete_preaccepted_appl,W_Complete_preaccepted_appl,W_Complete_preaccepted_appl,A_ACCEPTED,A_FINALIZED,O_SELECTED,O_CREATED,O_SENT,W_Call_after_offer,W_Call_after_offer,O_SENT_BACK,W_Assess_application,W_Assess_application,regular
1047,1940,A_SUBMITTED,A_PARTLYSUBMITTED,W_Assess_fraud,A_PREACCEPTED,W_Complete_preaccepted_appl,W_Complete_preaccepted_appl,W_Complete_preaccepted_appl,W_Complete_preaccepted_appl,W_Complete_preaccepted_appl,A_ACCEPTED,A_FINALIZED,O_SELECTED,O_CREATED,O_SENT,O_SELECTED,O_CREATED,O_SENT,W_Call_after_offer,W_Call_after_offer,W_Call_after_offer,deviant
1048,1941,A_SUBMITTED,A_PARTLYSUBMITTED,W_Assess_fraud,A_PREACCEPTED,W_Complete_preaccepted_appl,W_Complete_preaccepted_appl,W_Complete_preaccepted_appl,W_Complete_preaccepted_appl,A_ACCEPTED,A_FINALIZED,O_SELECTED,O_CREATED,O_SENT,O_SELECTED,O_CREATED,O_SENT,W_Call_after_offer,W_Call_after_offer,W_Call_after_offer,W_Call_after_offer,regular
1049,1942,A_SUBMITTED,A_PARTLYSUBMITTED,W_Assess_fraud,A_PREACCEPTED,W_Complete_preaccepted_appl,W_Complete_preaccepted_appl,W_Complete_preaccepted_appl,W_Complete_preaccepted_appl,A_ACCEPTED,A_FINALIZED,O_SELECTED,O_CREATED,O_SENT,W_Call_after_offer,O_SENT_BACK,W_Assess_application,W_Call_missing_information,O_SELECTED,O_CREATED,O_SENT,regular
1050,1943,A_SUBMITTED,A_PARTLYSUBMITTED,W_Assess_fraud,A_PREACCEPTED,W_Complete_preaccepted_appl,W_Complete_preaccepted_appl,W_Complete_preaccepted_appl,W_Complete_preaccepted_appl,A_ACCEPTED,A_FINALIZED,O_SELECTED,O_CREATED,O_SENT,W_Call_after_offer,W_Call_after_offer,W_Call_after_offer,W_Call_after_offer,W_Call_after_offer,O_SENT_BACK,W_Assess_application,deviant
1051,1944,A_SUBMITTED,A_PARTLYSUBMITTED,W_Assess_fraud,O_DECLINED,A_DECLINED,0,0,0,0,0,0,0,0,0,0,0,0,0,0,0,deviant
1052,1945,A_SUBMITTED,A_PARTLYSUBMITTED,W_Assess_fraud,A_PREACCEPTED,W_Complete_preaccepted_appl,W_Complete_preaccepted_appl,A_ACCEPTED,A_FINALIZED,O_SELECTED,O_CREATED,O_SENT,W_Call_after_offer,W_Call_after_offer,O_SENT_BACK,W_Assess_application,W_Assess_application,W_Assess_application,W_Assess_application,W_Assess_application,W_Assess_application,regular
1053,1946,A_SUBMITTED,A_PARTLYSUBMITTED,W_Assess_fraud,A_PREACCEPTED,W_Complete_preaccepted_appl,W_Complete_preaccepted_appl,W_Complete_preaccepted_appl,A_ACCEPTED,A_FINALIZED,O_SELECTED,O_CREATED,O_SENT,W_Call_after_offer,O_SENT_BACK,W_Assess_application,W_Assess_application,W_Assess_application,W_Assess_application,O_SELECTED,O_CREATED,regular
1054,1947,A_SUBMITTED,A_PARTLYSUBMITTED,W_Assess_fraud,A_PREACCEPTED,W_Complete_preaccepted_appl,W_Complete_preaccepted_appl,W_Complete_preaccepted_appl,W_Complete_preaccepted_appl,W_Complete_preaccepted_appl,W_Complete_preaccepted_appl,A_ACCEPTED,A_FINALIZED,O_SELECTED,O_CREATED,O_SENT,W_Call_after_offer,A_DECLINED,0,0,0,deviant
1055,1948,A_SUBMITTED,A_PARTLYSUBMITTED,W_Assess_fraud,A_PREACCEPTED,W_Complete_preaccepted_appl,W_Complete_preaccepted_appl,W_Complete_preaccepted_appl,W_Complete_preaccepted_appl,W_Complete_preaccepted_appl,A_ACCEPTED,A_FINALIZED,O_SELECTED,O_CREATED,O_SENT,W_Call_after_offer,A_DECLINED,0,0,0,0,deviant
1056,1949,A_SUBMITTED,A_PARTLYSUBMITTED,W_Fix_incomplete_submission,A_PREACCEPTED,W_Complete_preaccepted_appl,W_Complete_preaccepted_appl,W_Complete_preaccepted_appl,A_ACCEPTED,A_FINALIZED,O_SELECTED,O_CREATED,O_SENT,W_Call_after_offer,W_Call_after_offer,O_SELECTED,O_CREATED,O_SENT,W_Call_after_offer,O_SENT_BACK,W_Assess_application,regular
1057,195,A_SUBMITTED,A_PARTLYSUBMITTED,W_Fix_incomplete_submission,W_Fix_incomplete_submission,A_PREACCEPTED,W_Complete_preaccepted_appl,W_Complete_preaccepted_appl,A_ACCEPTED,A_FINALIZED,O_SELECTED,O_CREATED,O_SENT,W_Call_after_offer,W_Call_after_offer,W_Call_after_offer,W_Call_after_offer,A_DECLINED,0,0,0,deviant
1058,1950,A_SUBMITTED,A_PARTLYSUBMITTED,W_Assess_fraud,A_PREACCEPTED,W_Complete_preaccepted_appl,A_ACCEPTED,A_FINALIZED,O_SELECTED,O_CREATED,O_SENT,W_Call_after_offer,O_SENT_BACK,W_Assess_application,A_DECLINED,0,0,0,0,0,0,deviant
1059,1951,A_SUBMITTED,A_PARTLYSUBMITTED,W_Assess_fraud,A_PREACCEPTED,W_Complete_preaccepted_appl,W_Complete_preaccepted_appl,W_Complete_preaccepted_appl,W_Complete_preaccepted_appl,W_Complete_preaccepted_appl,W_Complete_preaccepted_appl,W_Complete_preaccepted_appl,W_Complete_preaccepted_appl,W_Complete_preaccepted_appl,W_Complete_preaccepted_appl,A_ACCEPTED,A_FINALIZED,O_SELECTED,O_CREATED,O_SENT,O_SELECTED,deviant
1060,1952,A_SUBMITTED,A_PARTLYSUBMITTED,W_Assess_fraud,A_PREACCEPTED,W_Complete_preaccepted_appl,A_ACCEPTED,A_FINALIZED,O_SELECTED,O_CREATED,O_SENT,W_Call_after_offer,W_Call_after_offer,W_Call_after_offer,W_Call_after_offer,W_Call_after_offer,W_Call_after_offer,O_SELECTED,O_CREATED,O_SENT,W_Call_after_offer,deviant
1061,1953,A_SUBMITTED,A_PARTLYSUBMITTED,W_Fix_incomplete_submission,A_PREACCEPTED,W_Complete_preaccepted_appl,W_Complete_preaccepted_appl,W_Complete_preaccepted_appl,W_Complete_preaccepted_appl,W_Complete_preaccepted_appl,W_Complete_preaccepted_appl,W_Complete_preaccepted_appl,A_DECLINED,0,0,0,0,0,0,0,0,deviant
1062,1954,A_SUBMITTED,A_PARTLYSUBMITTED,W_Assess_fraud,A_PREACCEPTED,W_Complete_preaccepted_appl,A_ACCEPTED,A_FINALIZED,O_SELECTED,O_CREATED,O_SENT,O_SELECTED,O_CREATED,O_SENT,O_SELECTED,O_CREATED,O_SENT,W_Call_after_offer,O_SENT_BACK,W_Assess_application,W_Assess_application,regular
1063,1955,A_SUBMITTED,A_PARTLYSUBMITTED,W_Assess_fraud,A_PREACCEPTED,W_Complete_preaccepted_appl,W_Complete_preaccepted_appl,W_Complete_preaccepted_appl,W_Complete_preaccepted_appl,W_Complete_preaccepted_appl,W_Complete_preaccepted_appl,W_Complete_preaccepted_appl,W_Complete_preaccepted_appl,W_Complete_preaccepted_appl,A_ACCEPTED,A_FINALIZED,O_SELECTED,O_CREATED,O_SENT,W_Call_after_offer,W_Call_after_offer,regular
1064,1956,A_SUBMITTED,A_PARTLYSUBMITTED,W_Fix_incomplete_submission,A_PREACCEPTED,W_Complete_preaccepted_appl,A_ACCEPTED,A_FINALIZED,O_SELECTED,O_CREATED,O_SENT,W_Call_after_offer,W_Call_after_offer,A_DECLINED,0,0,0,0,0,0,0,deviant
1065,1957,A_SUBMITTED,A_PARTLYSUBMITTED,W_Fix_incomplete_submission,A_PREACCEPTED,W_Complete_preaccepted_appl,W_Complete_preaccepted_appl,A_CANCELLED,0,0,0,0,0,0,0,0,0,0,0,0,0,deviant
1066,1958,A_SUBMITTED,A_PARTLYSUBMITTED,W_Assess_fraud,A_PREACCEPTED,W_Complete_preaccepted_appl,W_Complete_preaccepted_appl,W_Complete_preaccepted_appl,A_ACCEPTED,A_FINALIZED,O_SELECTED,O_CREATED,O_SENT,W_Call_after_offer,W_Call_after_offer,W_Call_after_offer,W_Call_after_offer,O_SELECTED,O_CREATED,O_SENT,W_Call_after_offer,deviant
1067,1959,A_SUBMITTED,A_PARTLYSUBMITTED,W_Assess_fraud,A_PREACCEPTED,W_Complete_preaccepted_appl,A_ACCEPTED,A_FINALIZED,O_SELECTED,O_CREATED,O_SENT,W_Call_after_offer,W_Call_after_offer,W_Call_after_offer,W_Call_after_offer,O_SELECTED,O_CREATED,O_SENT,0,0,0,deviant
1068,196,A_SUBMITTED,A_PARTLYSUBMITTED,W_Assess_fraud,O_DECLINED,A_DECLINED,0,0,0,0,0,0,0,0,0,0,0,0,0,0,0,deviant
1069,1960,A_SUBMITTED,A_PARTLYSUBMITTED,W_Fix_incomplete_submission,O_DECLINED,A_DECLINED,0,0,0,0,0,0,0,0,0,0,0,0,0,0,0,deviant
1070,1961,A_SUBMITTED,A_PARTLYSUBMITTED,W_Assess_fraud,O_DECLINED,A_DECLINED,0,0,0,0,0,0,0,0,0,0,0,0,0,0,0,deviant
1071,1962,A_SUBMITTED,A_PARTLYSUBMITTED,W_Assess_fraud,A_PREACCEPTED,W_Complete_preaccepted_appl,A_ACCEPTED,A_FINALIZED,O_SELECTED,O_CREATED,O_SENT,W_Call_after_offer,W_Call_after_offer,W_Call_after_offer,A_DECLINED,0,0,0,0,0,0,deviant
1072,1963,A_SUBMITTED,A_PARTLYSUBMITTED,W_Fix_incomplete_submission,A_PREACCEPTED,W_Complete_preaccepted_appl,A_ACCEPTED,A_FINALIZED,O_SELECTED,O_CREATED,O_SENT,W_Call_after_offer,O_SENT_BACK,W_Assess_application,W_Assess_application,W_Call_missing_information,W_Call_missing_information,W_Call_missing_information,O_SELECTED,O_CREATED,O_SENT,regular
1073,1964,A_SUBMITTED,A_PARTLYSUBMITTED,W_Assess_fraud,A_PREACCEPTED,W_Complete_preaccepted_appl,A_DECLINED,0,0,0,0,0,0,0,0,0,0,0,0,0,0,deviant
1074,1965,A_SUBMITTED,A_PARTLYSUBMITTED,W_Fix_incomplete_submission,A_PREACCEPTED,W_Complete_preaccepted_appl,W_Complete_preaccepted_appl,W_Complete_preaccepted_appl,W_Complete_preaccepted_appl,A_ACCEPTED,A_FINALIZED,O_SELECTED,O_CREATED,O_SENT,W_Call_after_offer,A_DECLINED,0,0,0,0,0,deviant
1075,1966,A_SUBMITTED,A_PARTLYSUBMITTED,W_Assess_fraud,A_PREACCEPTED,W_Complete_preaccepted_appl,W_Complete_preaccepted_appl,W_Complete_preaccepted_appl,W_Complete_preaccepted_appl,W_Complete_preaccepted_appl,W_Complete_preaccepted_appl,A_DECLINED,0,0,0,0,0,0,0,0,0,deviant
1076,1967,A_SUBMITTED,A_PARTLYSUBMITTED,W_Assess_fraud,A_PREACCEPTED,W_Complete_preaccepted_appl,W_Complete_preaccepted_appl,W_Complete_preaccepted_appl,A_ACCEPTED,A_FINALIZED,O_SELECTED,O_CREATED,O_SENT,W_Call_after_offer,W_Call_after_offer,W_Call_after_offer,W_Call_after_offer,W_Call_after_offer,O_SELECTED,O_CREATED,O_SENT,deviant
1077,1968,A_SUBMITTED,A_PARTLYSUBMITTED,W_Assess_fraud,A_PREACCEPTED,W_Complete_preaccepted_appl,A_ACCEPTED,A_FINALIZED,O_SELECTED,O_CREATED,O_SENT,W_Call_after_offer,W_Call_after_offer,O_SENT_BACK,W_Assess_application,W_Call_missing_information,W_Call_missing_information,W_Call_missing_information,W_Call_missing_information,W_Call_missing_information,W_Call_missing_information,regular
1078,1969,A_SUBMITTED,A_PARTLYSUBMITTED,W_Assess_fraud,A_PREACCEPTED,W_Complete_preaccepted_appl,W_Complete_preaccepted_appl,W_Complete_preaccepted_appl,W_Complete_preaccepted_appl,W_Complete_preaccepted_appl,W_Complete_preaccepted_appl,A_DECLINED,0,0,0,0,0,0,0,0,0,deviant
1079,197,A_SUBMITTED,A_PARTLYSUBMITTED,W_Assess_fraud,A_PREACCEPTED,W_Complete_preaccepted_appl,W_Complete_preaccepted_appl,A_ACCEPTED,A_FINALIZED,O_SELECTED,O_CREATED,O_SENT,W_Call_after_offer,W_Call_after_offer,W_Call_after_offer,W_Call_after_offer,O_SENT_BACK,W_Assess_application,W_Assess_application,O_ACCEPTED,A_APPROVED,deviant
1080,1970,A_SUBMITTED,A_PARTLYSUBMITTED,W_Fix_incomplete_submission,A_PREACCEPTED,W_Complete_preaccepted_appl,W_Complete_preaccepted_appl,A_ACCEPTED,A_FINALIZED,O_SELECTED,O_CREATED,O_SENT,W_Call_after_offer,W_Call_after_offer,W_Call_after_offer,A_DECLINED,0,0,0,0,0,deviant
1081,1971,A_SUBMITTED,A_PARTLYSUBMITTED,W_Fix_incomplete_submission,A_PREACCEPTED,W_Complete_preaccepted_appl,A_ACCEPTED,A_FINALIZED,O_SELECTED,O_CREATED,O_SENT,W_Call_after_offer,O_SENT_BACK,W_Assess_application,W_Assess_application,W_Call_missing_information,W_Call_missing_information,W_Call_missing_information,O_SELECTED,O_CREATED,O_SENT,regular
1082,1972,A_SUBMITTED,A_PARTLYSUBMITTED,W_Assess_fraud,A_PREACCEPTED,W_Complete_preaccepted_appl,W_Complete_preaccepted_appl,W_Complete_preaccepted_appl,W_Complete_preaccepted_appl,W_Complete_preaccepted_appl,A_ACCEPTED,A_FINALIZED,O_SELECTED,O_CREATED,O_SENT,W_Call_after_offer,W_Call_after_offer,W_Call_after_offer,O_SENT_BACK,W_Assess_application,W_Assess_application,deviant
1083,1973,A_SUBMITTED,A_PARTLYSUBMITTED,W_Assess_fraud,A_PREACCEPTED,W_Complete_preaccepted_appl,A_ACCEPTED,A_FINALIZED,O_SELECTED,O_CREATED,O_SENT,W_Call_after_offer,A_DECLINED,0,0,0,0,0,0,0,0,deviant
1084,1974,A_SUBMITTED,A_PARTLYSUBMITTED,W_Fix_incomplete_submission,A_PREACCEPTED,W_Complete_preaccepted_appl,A_DECLINED,0,0,0,0,0,0,0,0,0,0,0,0,0,0,deviant
1085,1975,A_SUBMITTED,A_PARTLYSUBMITTED,W_Fix_incomplete_submission,A_PREACCEPTED,W_Complete_preaccepted_appl,W_Complete_preaccepted_appl,W_Complete_preaccepted_appl,A_ACCEPTED,A_FINALIZED,O_SELECTED,O_CREATED,O_SENT,W_Call_after_offer,A_DECLINED,0,0,0,0,0,0,deviant
1086,1976,A_SUBMITTED,A_PARTLYSUBMITTED,W_Assess_fraud,A_PREACCEPTED,W_Complete_preaccepted_appl,A_ACCEPTED,A_FINALIZED,O_SELECTED,O_CREATED,O_SENT,W_Call_after_offer,W_Call_after_offer,W_Call_after_offer,O_SELECTED,O_CREATED,O_SENT,W_Call_after_offer,W_Call_after_offer,W_Call_after_offer,A_DECLINED,deviant
1087,1977,A_SUBMITTED,A_PARTLYSUBMITTED,W_Assess_fraud,A_PREACCEPTED,W_Complete_preaccepted_appl,W_Complete_preaccepted_appl,W_Complete_preaccepted_appl,A_ACCEPTED,A_FINALIZED,O_SELECTED,O_CREATED,O_SENT,W_Call_after_offer,O_SELECTED,O_CREATED,O_SENT,O_SELECTED,O_CREATED,O_SENT,W_Call_after_offer,deviant
1088,1978,A_SUBMITTED,A_PARTLYSUBMITTED,W_Fix_incomplete_submission,O_DECLINED,A_DECLINED,0,0,0,0,0,0,0,0,0,0,0,0,0,0,0,deviant
1089,1979,A_SUBMITTED,A_PARTLYSUBMITTED,W_Assess_fraud,A_PREACCEPTED,W_Complete_preaccepted_appl,W_Complete_preaccepted_appl,W_Complete_preaccepted_appl,W_Complete_preaccepted_appl,W_Complete_preaccepted_appl,W_Complete_preaccepted_appl,W_Complete_preaccepted_appl,A_ACCEPTED,A_FINALIZED,O_SELECTED,O_CREATED,O_SENT,W_Call_after_offer,A_DECLINED,0,0,deviant
1090,198,A_SUBMITTED,A_PARTLYSUBMITTED,W_Assess_fraud,A_PREACCEPTED,W_Complete_preaccepted_appl,A_DECLINED,0,0,0,0,0,0,0,0,0,0,0,0,0,0,deviant
1091,1980,A_SUBMITTED,A_PARTLYSUBMITTED,W_Assess_fraud,A_PREACCEPTED,W_Complete_preaccepted_appl,W_Complete_preaccepted_appl,A_DECLINED,0,0,0,0,0,0,0,0,0,0,0,0,0,deviant
1092,1981,A_SUBMITTED,A_PARTLYSUBMITTED,W_Fix_incomplete_submission,A_PREACCEPTED,W_Complete_preaccepted_appl,W_Complete_preaccepted_appl,W_Complete_preaccepted_appl,W_Complete_preaccepted_appl,A_DECLINED,0,0,0,0,0,0,0,0,0,0,0,deviant
1093,1982,A_SUBMITTED,A_PARTLYSUBMITTED,W_Assess_fraud,A_PREACCEPTED,W_Complete_preaccepted_appl,A_ACCEPTED,A_FINALIZED,O_SELECTED,O_CREATED,O_SENT,W_Call_after_offer,O_SENT_BACK,W_Assess_application,W_Assess_application,W_Call_missing_information,W_Call_missing_information,W_Call_missing_information,W_Call_missing_information,W_Call_missing_information,W_Call_missing_information,regular
1094,1983,A_SUBMITTED,A_PARTLYSUBMITTED,W_Assess_fraud,A_PREACCEPTED,W_Complete_preaccepted_appl,A_ACCEPTED,A_FINALIZED,O_SELECTED,O_CREATED,O_SENT,W_Call_after_offer,O_SELECTED,O_CREATED,O_SENT,W_Call_after_offer,A_DECLINED,0,0,0,0,deviant
1095,1984,A_SUBMITTED,A_PARTLYSUBMITTED,W_Assess_fraud,A_PREACCEPTED,W_Complete_preaccepted_appl,W_Complete_preaccepted_appl,W_Complete_preaccepted_appl,W_Complete_preaccepted_appl,W_Complete_preaccepted_appl,A_ACCEPTED,A_FINALIZED,O_SELECTED,O_CREATED,O_SENT,W_Call_after_offer,O_SENT_BACK,W_Assess_application,O_ACCEPTED,A_APPROVED,A_REGISTERED,deviant
1096,1985,A_SUBMITTED,A_PARTLYSUBMITTED,W_Fix_incomplete_submission,A_PREACCEPTED,W_Complete_preaccepted_appl,A_ACCEPTED,A_FINALIZED,O_SELECTED,O_CREATED,O_SENT,O_SELECTED,O_CREATED,O_SENT,W_Call_after_offer,W_Call_after_offer,A_DECLINED,0,0,0,0,deviant
1097,1986,A_SUBMITTED,A_PARTLYSUBMITTED,W_Fix_incomplete_submission,A_PREACCEPTED,W_Complete_preaccepted_appl,A_DECLINED,0,0,0,0,0,0,0,0,0,0,0,0,0,0,deviant
1098,1987,A_SUBMITTED,A_PARTLYSUBMITTED,W_Assess_fraud,A_PREACCEPTED,W_Complete_preaccepted_appl,W_Complete_preaccepted_appl,W_Complete_preaccepted_appl,W_Complete_preaccepted_appl,A_ACCEPTED,A_FINALIZED,O_SELECTED,O_CREATED,O_SENT,O_SENT_BACK,W_Assess_application,W_Assess_application,W_Assess_application,W_Assess_application,W_Assess_application,O_ACCEPTED,deviant
1099,1988,A_SUBMITTED,A_PARTLYSUBMITTED,W_Assess_fraud,A_PREACCEPTED,W_Complete_preaccepted_appl,A_CANCELLED,0,0,0,0,0,0,0,0,0,0,0,0,0,0,deviant
1100,1989,A_SUBMITTED,A_PARTLYSUBMITTED,W_Assess_fraud,A_PREACCEPTED,W_Complete_preaccepted_appl,W_Complete_preaccepted_appl,W_Complete_preaccepted_appl,A_ACCEPTED,A_FINALIZED,O_SELECTED,O_CREATED,O_SENT,W_Call_after_offer,W_Call_after_offer,W_Call_after_offer,O_SENT_BACK,W_Assess_application,W_Assess_application,W_Assess_application,W_Call_missing_information,regular
1101,199,A_SUBMITTED,A_PARTLYSUBMITTED,W_Assess_fraud,A_PREACCEPTED,W_Complete_preaccepted_appl,W_Complete_preaccepted_appl,W_Complete_preaccepted_appl,W_Complete_preaccepted_appl,W_Complete_preaccepted_appl,W_Complete_preaccepted_appl,W_Complete_preaccepted_appl,W_Complete_preaccepted_appl,W_Complete_preaccepted_appl,W_Complete_preaccepted_appl,W_Complete_preaccepted_appl,W_Complete_preaccepted_appl,W_Complete_preaccepted_appl,W_Complete_preaccepted_appl,A_ACCEPTED,A_FINALIZED,deviant
1102,1990,A_SUBMITTED,A_PARTLYSUBMITTED,W_Fix_incomplete_submission,A_PREACCEPTED,W_Complete_preaccepted_appl,A_DECLINED,0,0,0,0,0,0,0,0,0,0,0,0,0,0,deviant
1103,1991,A_SUBMITTED,A_PARTLYSUBMITTED,W_Assess_fraud,A_PREACCEPTED,W_Complete_preaccepted_appl,A_ACCEPTED,A_FINALIZED,O_SELECTED,O_CREATED,O_SENT,O_SELECTED,O_CREATED,O_SENT,W_Call_after_offer,W_Call_after_offer,W_Call_after_offer,O_SENT_BACK,W_Assess_application,W_Assess_application,W_Assess_application,deviant
1104,1992,A_SUBMITTED,A_PARTLYSUBMITTED,W_Assess_fraud,A_PREACCEPTED,W_Complete_preaccepted_appl,A_ACCEPTED,A_FINALIZED,O_SELECTED,O_CREATED,O_SENT,W_Call_after_offer,W_Call_after_offer,O_SELECTED,O_CREATED,O_SENT,W_Call_after_offer,W_Call_after_offer,O_SENT_BACK,W_Assess_application,W_Call_missing_information,regular
1105,1993,A_SUBMITTED,A_PARTLYSUBMITTED,W_Assess_fraud,A_PREACCEPTED,W_Complete_preaccepted_appl,W_Complete_preaccepted_appl,W_Complete_preaccepted_appl,A_ACCEPTED,A_FINALIZED,O_SELECTED,O_CREATED,O_SENT,W_Call_after_offer,W_Call_after_offer,A_DECLINED,0,0,0,0,0,deviant
1106,1994,A_SUBMITTED,A_PARTLYSUBMITTED,W_Fix_incomplete_submission,A_PREACCEPTED,W_Complete_preaccepted_appl,W_Complete_preaccepted_appl,W_Complete_preaccepted_appl,A_ACCEPTED,A_FINALIZED,O_SELECTED,O_CREATED,O_SENT,O_SENT_BACK,W_Assess_application,W_Assess_application,W_Assess_application,W_Call_missing_information,W_Call_missing_information,W_Call_missing_information,O_ACCEPTED,deviant
1107,1995,A_SUBMITTED,A_PARTLYSUBMITTED,W_Fix_incomplete_submission,A_PREACCEPTED,W_Complete_preaccepted_appl,A_ACCEPTED,A_FINALIZED,O_SELECTED,O_CREATED,O_SENT,W_Call_after_offer,W_Call_after_offer,W_Call_after_offer,A_DECLINED,0,0,0,0,0,0,deviant
1108,1996,A_SUBMITTED,A_PARTLYSUBMITTED,W_Assess_fraud,A_PREACCEPTED,W_Complete_preaccepted_appl,A_CANCELLED,0,0,0,0,0,0,0,0,0,0,0,0,0,0,deviant
1109,1997,A_SUBMITTED,A_PARTLYSUBMITTED,W_Fix_incomplete_submission,A_PREACCEPTED,W_Complete_preaccepted_appl,W_Complete_preaccepted_appl,W_Complete_preaccepted_appl,W_Complete_preaccepted_appl,W_Complete_preaccepted_appl,W_Complete_preaccepted_appl,W_Complete_preaccepted_appl,A_ACCEPTED,A_FINALIZED,O_SELECTED,O_CREATED,O_SENT,O_SELECTED,O_CREATED,O_SENT,W_Call_after_offer,regular
1110,1998,A_SUBMITTED,A_PARTLYSUBMITTED,W_Fix_incomplete_submission,A_PREACCEPTED,W_Complete_preaccepted_appl,W_Complete_preaccepted_appl,W_Complete_preaccepted_appl,A_DECLINED,0,0,0,0,0,0,0,0,0,0,0,0,deviant
1111,1999,A_SUBMITTED,A_PARTLYSUBMITTED,W_Assess_fraud,A_PREACCEPTED,W_Complete_preaccepted_appl,A_ACCEPTED,A_FINALIZED,O_SELECTED,O_CREATED,O_SENT,W_Call_after_offer,W_Call_after_offer,W_Call_after_offer,O_SELECTED,O_CREATED,O_SENT,W_Call_after_offer,W_Call_after_offer,O_SENT_BACK,W_Assess_application,regular
1112,2,A_SUBMITTED,A_PARTLYSUBMITTED,W_Fix_incomplete_submission,A_PREACCEPTED,W_Complete_preaccepted_appl,A_DECLINED,0,0,0,0,0,0,0,0,0,0,0,0,0,0,deviant
1113,20,A_SUBMITTED,A_PARTLYSUBMITTED,W_Assess_fraud,A_PREACCEPTED,W_Complete_preaccepted_appl,W_Complete_preaccepted_appl,W_Complete_preaccepted_appl,W_Complete_preaccepted_appl,A_ACCEPTED,A_FINALIZED,O_SELECTED,O_CREATED,O_SENT,W_Call_after_offer,A_DECLINED,0,0,0,0,0,deviant
1114,200,A_SUBMITTED,A_PARTLYSUBMITTED,W_Assess_fraud,A_PREACCEPTED,W_Complete_preaccepted_appl,W_Complete_preaccepted_appl,A_ACCEPTED,A_FINALIZED,O_SELECTED,O_CREATED,O_SENT,W_Call_after_offer,W_Call_after_offer,W_Call_after_offer,A_DECLINED,0,0,0,0,0,deviant
1115,201,A_SUBMITTED,A_PARTLYSUBMITTED,W_Assess_fraud,A_PREACCEPTED,W_Complete_preaccepted_appl,A_ACCEPTED,A_FINALIZED,O_SELECTED,O_CREATED,O_SENT,O_SELECTED,O_CREATED,O_SENT,W_Call_after_offer,O_SELECTED,O_CREATED,O_SENT,W_Call_after_offer,W_Call_after_offer,W_Call_after_offer,deviant
1116,202,A_SUBMITTED,A_PARTLYSUBMITTED,W_Assess_fraud,A_PREACCEPTED,W_Complete_preaccepted_appl,W_Complete_preaccepted_appl,W_Complete_preaccepted_appl,W_Complete_preaccepted_appl,W_Complete_preaccepted_appl,W_Complete_preaccepted_appl,W_Complete_preaccepted_appl,W_Complete_preaccepted_appl,A_ACCEPTED,A_FINALIZED,O_SELECTED,O_CREATED,O_SENT,W_Call_after_offer,W_Call_after_offer,W_Call_after_offer,regular
1117,203,A_SUBMITTED,A_PARTLYSUBMITTED,W_Assess_fraud,A_PREACCEPTED,W_Complete_preaccepted_appl,W_Complete_preaccepted_appl,W_Complete_preaccepted_appl,A_ACCEPTED,A_FINALIZED,O_SELECTED,O_CREATED,O_SENT,W_Call_after_offer,W_Call_after_offer,O_SENT_BACK,W_Assess_application,W_Call_missing_information,W_Call_missing_information,W_Call_missing_information,W_Call_missing_information,regular
1118,204,A_SUBMITTED,A_PARTLYSUBMITTED,W_Assess_fraud,A_PREACCEPTED,W_Complete_preaccepted_appl,A_ACCEPTED,A_FINALIZED,O_SELECTED,O_CREATED,O_SENT,W_Call_after_offer,A_DECLINED,0,0,0,0,0,0,0,0,deviant
1119,205,A_SUBMITTED,A_PARTLYSUBMITTED,W_Assess_fraud,A_PREACCEPTED,W_Complete_preaccepted_appl,W_Complete_preaccepted_appl,W_Complete_preaccepted_appl,W_Complete_preaccepted_appl,W_Complete_preaccepted_appl,A_ACCEPTED,A_FINALIZED,O_SELECTED,O_CREATED,O_SENT,W_Call_after_offer,W_Call_after_offer,W_Call_after_offer,O_SELECTED,O_CREATED,O_SENT,regular
1120,206,A_SUBMITTED,A_PARTLYSUBMITTED,W_Assess_fraud,A_PREACCEPTED,W_Complete_preaccepted_appl,W_Complete_preaccepted_appl,A_ACCEPTED,A_FINALIZED,O_SELECTED,O_CREATED,O_SENT,O_SELECTED,O_CREATED,O_SENT,W_Call_after_offer,W_Call_after_offer,W_Call_after_offer,W_Call_after_offer,W_Call_after_offer,O_SENT_BACK,deviant
1121,207,A_SUBMITTED,A_PARTLYSUBMITTED,W_Assess_fraud,A_PREACCEPTED,W_Complete_preaccepted_appl,W_Complete_preaccepted_appl,W_Complete_preaccepted_appl,A_ACCEPTED,A_FINALIZED,O_SELECTED,O_CREATED,O_SENT,W_Call_after_offer,W_Call_after_offer,W_Call_after_offer,O_SELECTED,O_CREATED,O_SENT,W_Call_after_offer,W_Call_after_offer,deviant
1122,208,A_SUBMITTED,A_PARTLYSUBMITTED,W_Assess_fraud,A_PREACCEPTED,W_Complete_preaccepted_appl,W_Complete_preaccepted_appl,W_Complete_preaccepted_appl,A_CANCELLED,0,0,0,0,0,0,0,0,0,0,0,0,deviant
1123,209,A_SUBMITTED,A_PARTLYSUBMITTED,W_Assess_fraud,A_PREACCEPTED,W_Complete_preaccepted_appl,W_Complete_preaccepted_appl,W_Complete_preaccepted_appl,W_Complete_preaccepted_appl,W_Complete_preaccepted_appl,W_Complete_preaccepted_appl,W_Complete_preaccepted_appl,W_Complete_preaccepted_appl,W_Complete_preaccepted_appl,A_ACCEPTED,A_FINALIZED,O_SELECTED,O_CREATED,O_SENT,W_Call_after_offer,W_Call_after_offer,regular
1124,21,A_SUBMITTED,A_PARTLYSUBMITTED,W_Fix_incomplete_submission,A_PREACCEPTED,W_Complete_preaccepted_appl,A_ACCEPTED,A_FINALIZED,O_SELECTED,O_CREATED,O_SENT,O_SELECTED,O_CREATED,O_SENT,W_Call_after_offer,O_SENT_BACK,W_Assess_application,W_Assess_application,W_Call_missing_information,W_Call_missing_information,O_CANCELLED,regular
1125,210,A_SUBMITTED,A_PARTLYSUBMITTED,W_Fix_incomplete_submission,A_PREACCEPTED,W_Complete_preaccepted_appl,W_Complete_preaccepted_appl,A_ACCEPTED,A_FINALIZED,O_SELECTED,O_CREATED,O_SENT,W_Call_after_offer,W_Call_after_offer,W_Call_after_offer,W_Call_after_offer,W_Call_after_offer,W_Call_after_offer,W_Call_after_offer,W_Call_after_offer,W_Call_after_offer,deviant
1126,211,A_SUBMITTED,A_PARTLYSUBMITTED,W_Assess_fraud,A_PREACCEPTED,W_Complete_preaccepted_appl,W_Complete_preaccepted_appl,A_ACCEPTED,A_FINALIZED,O_SELECTED,O_CREATED,O_SENT,W_Call_after_offer,O_SELECTED,O_CREATED,O_SENT,W_Call_after_offer,A_DECLINED,0,0,0,deviant
1127,212,A_SUBMITTED,A_PARTLYSUBMITTED,W_Fix_incomplete_submission,A_PREACCEPTED,W_Complete_preaccepted_appl,W_Complete_preaccepted_appl,W_Complete_preaccepted_appl,W_Complete_preaccepted_appl,W_Complete_preaccepted_appl,A_ACCEPTED,A_FINALIZED,O_SELECTED,O_CREATED,O_SENT,W_Call_after_offer,W_Call_after_offer,W_Call_after_offer,W_Call_after_offer,A_DECLINED,0,deviant
1128,213,A_SUBMITTED,A_PARTLYSUBMITTED,W_Assess_fraud,A_PREACCEPTED,W_Complete_preaccepted_appl,A_ACCEPTED,A_FINALIZED,O_SELECTED,O_CREATED,O_SENT,O_SELECTED,O_CREATED,O_SENT,O_SELECTED,O_CREATED,O_SENT,W_Call_after_offer,A_DECLINED,0,0,deviant
1129,214,A_SUBMITTED,A_PARTLYSUBMITTED,W_Fix_incomplete_submission,A_PREACCEPTED,W_Complete_preaccepted_appl,W_Complete_preaccepted_appl,W_Complete_preaccepted_appl,W_Complete_preaccepted_appl,W_Complete_preaccepted_appl,W_Complete_preaccepted_appl,W_Complete_preaccepted_appl,W_Complete_preaccepted_appl,A_DECLINED,0,0,0,0,0,0,0,deviant
1130,215,A_SUBMITTED,A_PARTLYSUBMITTED,W_Assess_fraud,A_PREACCEPTED,W_Complete_preaccepted_appl,A_ACCEPTED,A_FINALIZED,O_SELECTED,O_CREATED,O_SENT,O_SELECTED,O_CREATED,O_SENT,W_Call_after_offer,O_SENT_BACK,W_Assess_application,W_Call_missing_information,O_CANCELLED,O_ACCEPTED,A_APPROVED,regular
1131,216,A_SUBMITTED,A_PARTLYSUBMITTED,W_Assess_fraud,A_PREACCEPTED,W_Complete_preaccepted_appl,A_ACCEPTED,A_FINALIZED,O_SELECTED,O_CREATED,O_SENT,W_Call_after_offer,O_SELECTED,O_CREATED,O_SENT,W_Call_after_offer,W_Call_after_offer,W_Call_after_offer,O_SENT_BACK,W_Assess_application,O_SELECTED,deviant
1132,217,A_SUBMITTED,A_PARTLYSUBMITTED,W_Assess_fraud,A_PREACCEPTED,W_Complete_preaccepted_appl,W_Complete_preaccepted_appl,W_Complete_preaccepted_appl,W_Complete_preaccepted_appl,W_Complete_preaccepted_appl,A_ACCEPTED,A_FINALIZED,O_SELECTED,O_CREATED,O_SENT,O_SELECTED,O_CREATED,O_SENT,A_DECLINED,0,0,deviant
1133,218,A_SUBMITTED,A_PARTLYSUBMITTED,W_Assess_fraud,O_DECLINED,A_DECLINED,0,0,0,0,0,0,0,0,0,0,0,0,0,0,0,deviant
1134,219,A_SUBMITTED,A_PARTLYSUBMITTED,W_Assess_fraud,A_PREACCEPTED,W_Complete_preaccepted_appl,W_Complete_preaccepted_appl,A_ACCEPTED,A_FINALIZED,O_SELECTED,O_CREATED,O_SENT,W_Call_after_offer,W_Call_after_offer,O_SENT_BACK,W_Assess_application,W_Assess_application,W_Call_missing_information,W_Call_missing_information,O_CANCELLED,O_SELECTED,regular
1135,22,A_SUBMITTED,A_PARTLYSUBMITTED,W_Assess_fraud,A_PREACCEPTED,W_Complete_preaccepted_appl,A_ACCEPTED,A_FINALIZED,O_SELECTED,O_CREATED,O_SENT,W_Call_after_offer,W_Call_after_offer,W_Call_after_offer,W_Call_after_offer,W_Call_after_offer,W_Call_after_offer,W_Call_after_offer,W_Call_after_offer,W_Call_after_offer,O_SELECTED,regular
1136,220,A_SUBMITTED,A_PARTLYSUBMITTED,W_Assess_fraud,A_PREACCEPTED,W_Complete_preaccepted_appl,W_Complete_preaccepted_appl,W_Complete_preaccepted_appl,W_Complete_preaccepted_appl,A_DECLINED,0,0,0,0,0,0,0,0,0,0,0,deviant
1137,221,A_SUBMITTED,A_PARTLYSUBMITTED,W_Fix_incomplete_submission,A_PREACCEPTED,W_Complete_preaccepted_appl,A_ACCEPTED,A_FINALIZED,O_SELECTED,O_CREATED,O_SENT,W_Call_after_offer,W_Call_after_offer,W_Call_after_offer,W_Call_after_offer,O_SENT_BACK,W_Assess_application,W_Assess_application,W_Assess_application,O_ACCEPTED,A_APPROVED,deviant
1138,222,A_SUBMITTED,A_PARTLYSUBMITTED,W_Assess_fraud,A_CANCELLED,0,0,0,0,0,0,0,0,0,0,0,0,0,0,0,0,deviant
1139,223,A_SUBMITTED,A_PARTLYSUBMITTED,W_Fix_incomplete_submission,A_PREACCEPTED,W_Complete_preaccepted_appl,A_ACCEPTED,A_FINALIZED,O_SELECTED,O_CREATED,O_SENT,W_Call_after_offer,W_Call_after_offer,W_Call_after_offer,O_SENT_BACK,W_Assess_application,W_Call_missing_information,W_Call_missing_information,W_Call_missing_information,W_Call_missing_information,W_Call_missing_information,regular
1140,224,A_SUBMITTED,A_PARTLYSUBMITTED,W_Assess_fraud,A_PREACCEPTED,W_Complete_preaccepted_appl,W_Complete_preaccepted_appl,W_Complete_preaccepted_appl,A_ACCEPTED,A_FINALIZED,O_SELECTED,O_CREATED,O_SENT,W_Call_after_offer,A_DECLINED,0,0,0,0,0,0,deviant
1141,225,A_SUBMITTED,A_PARTLYSUBMITTED,W_Assess_fraud,A_PREACCEPTED,W_Complete_preaccepted_appl,W_Complete_preaccepted_appl,W_Complete_preaccepted_appl,W_Complete_preaccepted_appl,W_Complete_preaccepted_appl,A_CANCELLED,0,0,0,0,0,0,0,0,0,0,deviant
1142,226,A_SUBMITTED,A_PARTLYSUBMITTED,W_Fix_incomplete_submission,A_PREACCEPTED,W_Complete_preaccepted_appl,W_Complete_preaccepted_appl,W_Complete_preaccepted_appl,A_ACCEPTED,A_FINALIZED,O_SELECTED,O_CREATED,O_SENT,W_Call_after_offer,W_Call_after_offer,A_DECLINED,0,0,0,0,0,deviant
1143,227,A_SUBMITTED,A_PARTLYSUBMITTED,W_Fix_incomplete_submission,W_Fix_incomplete_submission,A_PREACCEPTED,W_Complete_preaccepted_appl,W_Complete_preaccepted_appl,A_ACCEPTED,A_FINALIZED,O_SELECTED,O_CREATED,O_SENT,A_DECLINED,0,0,0,0,0,0,0,deviant
1144,228,A_SUBMITTED,A_PARTLYSUBMITTED,W_Assess_fraud,A_PREACCEPTED,W_Complete_preaccepted_appl,W_Complete_preaccepted_appl,W_Complete_preaccepted_appl,A_ACCEPTED,A_FINALIZED,O_SELECTED,O_CREATED,O_SENT,W_Call_after_offer,A_DECLINED,0,0,0,0,0,0,deviant
1145,229,A_SUBMITTED,A_PARTLYSUBMITTED,W_Fix_incomplete_submission,A_PREACCEPTED,W_Complete_preaccepted_appl,W_Complete_preaccepted_appl,A_ACCEPTED,A_FINALIZED,O_SELECTED,O_CREATED,O_SENT,O_SELECTED,O_CREATED,O_SENT,W_Call_after_offer,W_Call_after_offer,O_SELECTED,O_CREATED,O_SENT,W_Call_after_offer,deviant
1146,23,A_SUBMITTED,A_PARTLYSUBMITTED,W_Assess_fraud,O_DECLINED,A_DECLINED,0,0,0,0,0,0,0,0,0,0,0,0,0,0,0,deviant
1147,230,A_SUBMITTED,A_PARTLYSUBMITTED,W_Assess_fraud,A_PREACCEPTED,W_Complete_preaccepted_appl,W_Complete_preaccepted_appl,W_Complete_preaccepted_appl,A_ACCEPTED,A_FINALIZED,O_SELECTED,O_CREATED,O_SENT,W_Call_after_offer,W_Call_after_offer,W_Call_after_offer,O_SENT_BACK,W_Assess_application,O_SELECTED,O_CREATED,O_SENT,deviant
1148,231,A_SUBMITTED,A_PARTLYSUBMITTED,W_Assess_fraud,A_PREACCEPTED,W_Complete_preaccepted_appl,W_Complete_preaccepted_appl,A_ACCEPTED,A_FINALIZED,O_SELECTED,O_CREATED,O_SENT,W_Call_after_offer,W_Call_after_offer,W_Call_after_offer,O_SENT_BACK,W_Assess_application,W_Assess_application,W_Assess_application,W_Assess_application,W_Call_missing_information,regular
1149,232,A_SUBMITTED,A_PARTLYSUBMITTED,W_Fix_incomplete_submission,A_PREACCEPTED,W_Complete_preaccepted_appl,W_Complete_preaccepted_appl,W_Complete_preaccepted_appl,A_ACCEPTED,A_FINALIZED,O_SELECTED,O_CREATED,O_SENT,O_SELECTED,O_CREATED,O_SENT,W_Call_after_offer,W_Call_after_offer,W_Call_after_offer,W_Call_after_offer,W_Call_after_offer,regular
1150,233,A_SUBMITTED,A_PARTLYSUBMITTED,W_Assess_fraud,A_PREACCEPTED,W_Complete_preaccepted_appl,W_Complete_preaccepted_appl,W_Complete_preaccepted_appl,A_ACCEPTED,A_FINALIZED,O_SELECTED,O_CREATED,O_SENT,W_Call_after_offer,W_Call_after_offer,W_Call_after_offer,W_Call_after_offer,W_Call_after_offer,W_Call_after_offer,W_Call_after_offer,O_SELECTED,regular
1151,234,A_SUBMITTED,A_PARTLYSUBMITTED,W_Fix_incomplete_submission,A_PREACCEPTED,W_Complete_preaccepted_appl,W_Complete_preaccepted_appl,W_Complete_preaccepted_appl,A_ACCEPTED,A_FINALIZED,O_SELECTED,O_CREATED,O_SENT,O_SELECTED,O_CREATED,O_SENT,W_Call_after_offer,O_SENT_BACK,W_Assess_application,W_Assess_application,W_Assess_application,deviant
1152,235,A_SUBMITTED,A_PARTLYSUBMITTED,W_Assess_fraud,A_PREACCEPTED,W_Complete_preaccepted_appl,W_Complete_preaccepted_appl,A_ACCEPTED,A_FINALIZED,O_SELECTED,O_CREATED,O_SENT,W_Call_after_offer,A_DECLINED,0,0,0,0,0,0,0,deviant
1153,236,A_SUBMITTED,A_PARTLYSUBMITTED,W_Assess_fraud,O_DECLINED,A_DECLINED,0,0,0,0,0,0,0,0,0,0,0,0,0,0,0,deviant
1154,237,A_SUBMITTED,A_PARTLYSUBMITTED,W_Assess_fraud,A_PREACCEPTED,W_Complete_preaccepted_appl,W_Complete_preaccepted_appl,W_Complete_preaccepted_appl,W_Complete_preaccepted_appl,A_ACCEPTED,A_FINALIZED,O_SELECTED,O_CREATED,O_SENT,W_Call_after_offer,W_Call_after_offer,W_Call_after_offer,W_Call_after_offer,A_DECLINED,0,0,deviant
1155,238,A_SUBMITTED,A_PARTLYSUBMITTED,W_Assess_fraud,A_PREACCEPTED,W_Complete_preaccepted_appl,W_Complete_preaccepted_appl,W_Complete_preaccepted_appl,W_Complete_preaccepted_appl,A_DECLINED,0,0,0,0,0,0,0,0,0,0,0,deviant
1156,239,A_SUBMITTED,A_PARTLYSUBMITTED,W_Fix_incomplete_submission,A_PREACCEPTED,W_Complete_preaccepted_appl,W_Complete_preaccepted_appl,W_Complete_preaccepted_appl,W_Complete_preaccepted_appl,A_ACCEPTED,A_FINALIZED,O_SELECTED,O_CREATED,O_SENT,W_Call_after_offer,W_Call_after_offer,W_Call_after_offer,O_SELECTED,O_CREATED,O_SENT,W_Call_after_offer,deviant
1157,24,A_SUBMITTED,A_PARTLYSUBMITTED,W_Assess_fraud,A_PREACCEPTED,W_Complete_preaccepted_appl,A_ACCEPTED,A_FINALIZED,O_SELECTED,O_CREATED,O_SENT,W_Call_after_offer,W_Call_after_offer,A_DECLINED,0,0,0,0,0,0,0,deviant
1158,240,A_SUBMITTED,A_PARTLYSUBMITTED,W_Fix_incomplete_submission,A_PREACCEPTED,W_Complete_preaccepted_appl,A_DECLINED,0,0,0,0,0,0,0,0,0,0,0,0,0,0,deviant
1159,241,A_SUBMITTED,A_PARTLYSUBMITTED,W_Fix_incomplete_submission,A_PREACCEPTED,W_Complete_preaccepted_appl,W_Complete_preaccepted_appl,A_ACCEPTED,A_FINALIZED,O_SELECTED,O_CREATED,O_SENT,O_SELECTED,O_CREATED,O_SENT,O_SELECTED,O_CREATED,O_SENT,W_Call_after_offer,W_Call_after_offer,A_DECLINED,deviant
1160,242,A_SUBMITTED,A_PARTLYSUBMITTED,W_Fix_incomplete_submission,A_PREACCEPTED,W_Complete_preaccepted_appl,W_Complete_preaccepted_appl,A_ACCEPTED,A_FINALIZED,O_SELECTED,O_CREATED,O_SENT,W_Call_after_offer,W_Call_after_offer,O_SELECTED,O_CREATED,O_SENT,O_SENT_BACK,W_Assess_application,W_Assess_application,W_Assess_application,deviant
1161,243,A_SUBMITTED,A_PARTLYSUBMITTED,W_Assess_fraud,A_PREACCEPTED,W_Complete_preaccepted_appl,A_CANCELLED,0,0,0,0,0,0,0,0,0,0,0,0,0,0,deviant
1162,244,A_SUBMITTED,A_PARTLYSUBMITTED,W_Assess_fraud,A_PREACCEPTED,W_Complete_preaccepted_appl,A_DECLINED,0,0,0,0,0,0,0,0,0,0,0,0,0,0,deviant
1163,245,A_SUBMITTED,A_PARTLYSUBMITTED,W_Assess_fraud,A_PREACCEPTED,W_Complete_preaccepted_appl,A_ACCEPTED,A_FINALIZED,O_SELECTED,O_CREATED,O_SENT,W_Call_after_offer,O_SENT_BACK,W_Assess_application,W_Assess_application,W_Assess_application,W_Assess_application,W_Call_missing_information,W_Call_missing_information,W_Call_missing_information,W_Call_missing_information,regular
1164,246,A_SUBMITTED,A_PARTLYSUBMITTED,W_Fix_incomplete_submission,A_PREACCEPTED,W_Complete_preaccepted_appl,A_DECLINED,0,0,0,0,0,0,0,0,0,0,0,0,0,0,deviant
1165,247,A_SUBMITTED,A_PARTLYSUBMITTED,W_Assess_fraud,A_PREACCEPTED,W_Complete_preaccepted_appl,A_ACCEPTED,A_FINALIZED,O_SELECTED,O_CREATED,O_SENT,O_SELECTED,O_CREATED,O_SENT,W_Call_after_offer,W_Call_after_offer,W_Call_after_offer,W_Call_after_offer,W_Call_after_offer,W_Call_after_offer,O_SENT_BACK,deviant
1166,248,A_SUBMITTED,A_PARTLYSUBMITTED,W_Assess_fraud,A_PREACCEPTED,W_Complete_preaccepted_appl,W_Complete_preaccepted_appl,W_Complete_preaccepted_appl,A_CANCELLED,0,0,0,0,0,0,0,0,0,0,0,0,deviant
1167,249,A_SUBMITTED,A_PARTLYSUBMITTED,W_Fix_incomplete_submission,A_PREACCEPTED,W_Complete_preaccepted_appl,W_Complete_preaccepted_appl,W_Complete_preaccepted_appl,W_Complete_preaccepted_appl,A_ACCEPTED,A_FINALIZED,O_SELECTED,O_CREATED,O_SENT,W_Call_after_offer,W_Call_after_offer,O_SENT_BACK,W_Assess_application,O_ACCEPTED,A_APPROVED,A_REGISTERED,deviant
1168,25,A_SUBMITTED,A_PARTLYSUBMITTED,W_Fix_incomplete_submission,A_PREACCEPTED,W_Complete_preaccepted_appl,W_Complete_preaccepted_appl,W_Complete_preaccepted_appl,A_ACCEPTED,A_FINALIZED,O_SELECTED,O_CREATED,O_SENT,O_SELECTED,O_CREATED,O_SENT,W_Call_after_offer,O_SENT_BACK,W_Assess_application,W_Call_missing_information,W_Call_missing_information,regular
1169,250,A_SUBMITTED,A_PARTLYSUBMITTED,W_Assess_fraud,A_PREACCEPTED,W_Complete_preaccepted_appl,W_Complete_preaccepted_appl,W_Complete_preaccepted_appl,W_Complete_preaccepted_appl,W_Complete_preaccepted_appl,W_Complete_preaccepted_appl,W_Complete_preaccepted_appl,A_ACCEPTED,A_FINALIZED,O_SELECTED,O_CREATED,O_SENT,W_Call_after_offer,A_DECLINED,0,0,deviant
1170,251,A_SUBMITTED,A_PARTLYSUBMITTED,W_Assess_fraud,A_PREACCEPTED,W_Complete_preaccepted_appl,W_Complete_preaccepted_appl,A_ACCEPTED,A_FINALIZED,O_SELECTED,O_CREATED,O_SENT,W_Call_after_offer,W_Call_after_offer,W_Call_after_offer,0,0,0,0,0,0,deviant
1171,252,A_SUBMITTED,A_PARTLYSUBMITTED,W_Assess_fraud,A_PREACCEPTED,W_Complete_preaccepted_appl,W_Complete_preaccepted_appl,W_Complete_preaccepted_appl,W_Complete_preaccepted_appl,W_Complete_preaccepted_appl,W_Complete_preaccepted_appl,W_Complete_preaccepted_appl,W_Complete_preaccepted_appl,A_DECLINED,0,0,0,0,0,0,0,deviant
1172,253,A_SUBMITTED,A_PARTLYSUBMITTED,W_Fix_incomplete_submission,A_PREACCEPTED,W_Complete_preaccepted_appl,W_Complete_preaccepted_appl,W_Complete_preaccepted_appl,W_Complete_preaccepted_appl,W_Complete_preaccepted_appl,W_Complete_preaccepted_appl,A_ACCEPTED,A_FINALIZED,O_SELECTED,O_CREATED,O_SENT,O_SELECTED,O_CREATED,O_SENT,O_SELECTED,O_CREATED,deviant
1173,254,A_SUBMITTED,A_PARTLYSUBMITTED,W_Fix_incomplete_submission,A_PREACCEPTED,W_Complete_preaccepted_appl,W_Complete_preaccepted_appl,W_Complete_preaccepted_appl,A_ACCEPTED,A_FINALIZED,O_SELECTED,O_CREATED,O_SENT,W_Call_after_offer,A_DECLINED,0,0,0,0,0,0,deviant
1174,255,A_SUBMITTED,A_PARTLYSUBMITTED,W_Assess_fraud,A_PREACCEPTED,W_Complete_preaccepted_appl,A_ACCEPTED,A_FINALIZED,O_SELECTED,O_CREATED,O_SENT,W_Call_after_offer,O_SELECTED,O_CREATED,O_SENT,O_SELECTED,O_CREATED,O_SENT,W_Call_after_offer,W_Call_after_offer,O_SENT_BACK,regular
1175,256,A_SUBMITTED,A_PARTLYSUBMITTED,W_Assess_fraud,A_PREACCEPTED,W_Complete_preaccepted_appl,W_Complete_preaccepted_appl,W_Complete_preaccepted_appl,W_Complete_preaccepted_appl,W_Complete_preaccepted_appl,W_Complete_preaccepted_appl,A_ACCEPTED,A_FINALIZED,O_SELECTED,O_CREATED,O_SENT,W_Call_after_offer,O_SENT_BACK,W_Assess_application,W_Assess_application,O_SELECTED,regular
1176,257,A_SUBMITTED,A_PARTLYSUBMITTED,W_Assess_fraud,A_PREACCEPTED,W_Complete_preaccepted_appl,W_Complete_preaccepted_appl,W_Complete_preaccepted_appl,W_Complete_preaccepted_appl,W_Complete_preaccepted_appl,W_Complete_preaccepted_appl,W_Complete_preaccepted_appl,W_Complete_preaccepted_appl,W_Complete_preaccepted_appl,W_Complete_preaccepted_appl,A_ACCEPTED,A_FINALIZED,O_SELECTED,O_CREATED,O_SENT,W_Call_after_offer,regular
1177,258,A_SUBMITTED,A_PARTLYSUBMITTED,W_Assess_fraud,A_PREACCEPTED,W_Complete_preaccepted_appl,W_Complete_preaccepted_appl,A_ACCEPTED,A_FINALIZED,O_SELECTED,O_CREATED,O_SENT,O_SELECTED,O_CREATED,O_SENT,W_Call_after_offer,W_Call_after_offer,W_Call_after_offer,W_Call_after_offer,W_Call_after_offer,A_DECLINED,deviant
1178,259,A_SUBMITTED,A_PARTLYSUBMITTED,W_Assess_fraud,O_DECLINED,A_DECLINED,0,0,0,0,0,0,0,0,0,0,0,0,0,0,0,deviant
1179,26,A_SUBMITTED,A_PARTLYSUBMITTED,W_Assess_fraud,A_PREACCEPTED,W_Complete_preaccepted_appl,W_Complete_preaccepted_appl,W_Complete_preaccepted_appl,W_Complete_preaccepted_appl,W_Complete_preaccepted_appl,W_Complete_preaccepted_appl,W_Complete_preaccepted_appl,W_Complete_preaccepted_appl,W_Complete_preaccepted_appl,A_ACCEPTED,A_FINALIZED,O_SELECTED,O_CREATED,O_SENT,O_SELECTED,O_CREATED,deviant
1180,260,A_SUBMITTED,A_PARTLYSUBMITTED,W_Assess_fraud,A_PREACCEPTED,W_Complete_preaccepted_appl,A_ACCEPTED,A_FINALIZED,O_SELECTED,O_CREATED,O_SENT,O_SELECTED,O_CREATED,O_SENT,O_SELECTED,O_CREATED,O_SENT,O_SELECTED,O_CREATED,O_SENT,O_SELECTED,deviant
1181,261,A_SUBMITTED,A_PARTLYSUBMITTED,W_Assess_fraud,A_PREACCEPTED,W_Complete_preaccepted_appl,A_ACCEPTED,A_FINALIZED,O_SELECTED,O_CREATED,O_SENT,W_Call_after_offer,O_SENT_BACK,W_Assess_application,W_Assess_application,W_Call_missing_information,O_ACCEPTED,A_APPROVED,A_REGISTERED,A_ACTIVATED,0,regular
1182,262,A_SUBMITTED,A_PARTLYSUBMITTED,W_Assess_fraud,A_PREACCEPTED,W_Complete_preaccepted_appl,W_Complete_preaccepted_appl,W_Complete_preaccepted_appl,W_Complete_preaccepted_appl,W_Complete_preaccepted_appl,W_Complete_preaccepted_appl,W_Complete_preaccepted_appl,W_Complete_preaccepted_appl,W_Complete_preaccepted_appl,A_ACCEPTED,A_FINALIZED,O_SELECTED,O_CREATED,O_SENT,W_Call_after_offer,O_SENT_BACK,deviant
1183,263,A_SUBMITTED,A_PARTLYSUBMITTED,W_Assess_fraud,A_PREACCEPTED,W_Complete_preaccepted_appl,A_ACCEPTED,A_FINALIZED,O_SELECTED,O_CREATED,O_SENT,W_Call_after_offer,W_Call_after_offer,W_Call_after_offer,W_Call_after_offer,W_Call_after_offer,W_Call_after_offer,W_Call_after_offer,A_DECLINED,0,0,deviant
1184,264,A_SUBMITTED,A_PARTLYSUBMITTED,W_Assess_fraud,A_PREACCEPTED,W_Complete_preaccepted_appl,W_Complete_preaccepted_appl,W_Complete_preaccepted_appl,W_Complete_preaccepted_appl,W_Complete_preaccepted_appl,W_Complete_preaccepted_appl,W_Complete_preaccepted_appl,W_Complete_preaccepted_appl,W_Complete_preaccepted_appl,A_ACCEPTED,A_FINALIZED,O_SELECTED,O_CREATED,O_SENT,W_Call_after_offer,W_Call_after_offer,deviant
1185,265,A_SUBMITTED,A_PARTLYSUBMITTED,W_Assess_fraud,A_PREACCEPTED,W_Complete_preaccepted_appl,W_Complete_preaccepted_appl,A_ACCEPTED,A_FINALIZED,O_SELECTED,O_CREATED,O_SENT,O_SELECTED,O_CREATED,O_SENT,O_SELECTED,O_CREATED,O_SENT,W_Call_after_offer,A_DECLINED,0,deviant
1186,266,A_SUBMITTED,A_PARTLYSUBMITTED,W_Fix_incomplete_submission,W_Fix_incomplete_submission,W_Fix_incomplete_submission,A_PREACCEPTED,W_Complete_preaccepted_appl,W_Complete_preaccepted_appl,W_Complete_preaccepted_appl,A_ACCEPTED,A_FINALIZED,O_SELECTED,O_CREATED,O_SENT,O_SELECTED,O_CREATED,O_SENT,W_Call_after_offer,W_Call_after_offer,O_SELECTED,deviant
1187,267,A_SUBMITTED,A_PARTLYSUBMITTED,W_Assess_fraud,A_PREACCEPTED,W_Complete_preaccepted_appl,W_Complete_preaccepted_appl,W_Complete_preaccepted_appl,A_ACCEPTED,A_FINALIZED,O_SELECTED,O_CREATED,O_SENT,W_Call_after_offer,W_Call_after_offer,W_Call_after_offer,O_SENT_BACK,W_Assess_application,W_Assess_application,W_Assess_application,W_Call_missing_information,regular
1188,268,A_SUBMITTED,A_PARTLYSUBMITTED,W_Assess_fraud,A_PREACCEPTED,W_Complete_preaccepted_appl,W_Complete_preaccepted_appl,W_Complete_preaccepted_appl,W_Complete_preaccepted_appl,W_Complete_preaccepted_appl,A_ACCEPTED,A_FINALIZED,O_SELECTED,O_CREATED,O_SENT,O_SELECTED,O_CREATED,O_SENT,W_Call_after_offer,W_Call_after_offer,O_SENT_BACK,regular
1189,269,A_SUBMITTED,A_PARTLYSUBMITTED,W_Fix_incomplete_submission,A_PREACCEPTED,W_Complete_preaccepted_appl,A_DECLINED,0,0,0,0,0,0,0,0,0,0,0,0,0,0,deviant
1190,27,A_SUBMITTED,A_PARTLYSUBMITTED,W_Fix_incomplete_submission,A_PREACCEPTED,W_Complete_preaccepted_appl,W_Complete_preaccepted_appl,W_Complete_preaccepted_appl,W_Complete_preaccepted_appl,A_ACCEPTED,A_FINALIZED,O_SELECTED,O_CREATED,O_SENT,O_SELECTED,O_CREATED,O_SENT,W_Call_after_offer,W_Call_after_offer,O_SENT_BACK,W_Assess_application,regular
1191,270,A_SUBMITTED,A_PARTLYSUBMITTED,W_Assess_fraud,A_PREACCEPTED,W_Complete_preaccepted_appl,W_Complete_preaccepted_appl,W_Complete_preaccepted_appl,A_ACCEPTED,A_FINALIZED,O_SELECTED,O_CREATED,O_SENT,W_Call_after_offer,W_Call_after_offer,O_SENT_BACK,W_Assess_application,W_Assess_application,W_Assess_application,W_Assess_application,W_Assess_application,regular
1192,271,A_SUBMITTED,A_PARTLYSUBMITTED,W_Fix_incomplete_submission,W_Fix_incomplete_submission,A_PREACCEPTED,W_Complete_preaccepted_appl,W_Complete_preaccepted_appl,W_Complete_preaccepted_appl,W_Complete_preaccepted_appl,W_Complete_preaccepted_appl,A_ACCEPTED,A_FINALIZED,O_SELECTED,O_CREATED,O_SENT,W_Call_after_offer,O_SENT_BACK,W_Assess_application,W_Assess_application,W_Assess_application,deviant
1193,272,A_SUBMITTED,A_PARTLYSUBMITTED,W_Assess_fraud,A_CANCELLED,0,0,0,0,0,0,0,0,0,0,0,0,0,0,0,0,deviant
1194,273,A_SUBMITTED,A_PARTLYSUBMITTED,W_Fix_incomplete_submission,O_DECLINED,A_DECLINED,0,0,0,0,0,0,0,0,0,0,0,0,0,0,0,deviant
1195,274,A_SUBMITTED,A_PARTLYSUBMITTED,W_Fix_incomplete_submission,A_PREACCEPTED,W_Complete_preaccepted_appl,A_DECLINED,0,0,0,0,0,0,0,0,0,0,0,0,0,0,deviant
1196,275,A_SUBMITTED,A_PARTLYSUBMITTED,W_Assess_fraud,A_PREACCEPTED,W_Complete_preaccepted_appl,W_Complete_preaccepted_appl,A_ACCEPTED,A_FINALIZED,O_SELECTED,O_CREATED,O_SENT,W_Call_after_offer,W_Call_after_offer,W_Call_after_offer,W_Call_after_offer,O_SENT_BACK,W_Assess_application,W_Assess_application,W_Assess_application,W_Assess_application,regular
1197,276,A_SUBMITTED,A_PARTLYSUBMITTED,W_Fix_incomplete_submission,A_PREACCEPTED,W_Complete_preaccepted_appl,W_Complete_preaccepted_appl,W_Complete_preaccepted_appl,A_DECLINED,0,0,0,0,0,0,0,0,0,0,0,0,deviant
1198,277,A_SUBMITTED,A_PARTLYSUBMITTED,W_Assess_fraud,A_PREACCEPTED,W_Complete_preaccepted_appl,W_Complete_preaccepted_appl,W_Complete_preaccepted_appl,W_Complete_preaccepted_appl,W_Complete_preaccepted_appl,W_Complete_preaccepted_appl,W_Complete_preaccepted_appl,W_Complete_preaccepted_appl,A_CANCELLED,0,0,0,0,0,0,0,deviant
1199,278,A_SUBMITTED,A_PARTLYSUBMITTED,W_Fix_incomplete_submission,A_PREACCEPTED,W_Complete_preaccepted_appl,W_Complete_preaccepted_appl,W_Complete_preaccepted_appl,W_Complete_preaccepted_appl,W_Complete_preaccepted_appl,W_Complete_preaccepted_appl,W_Complete_preaccepted_appl,A_ACCEPTED,A_FINALIZED,O_SELECTED,O_CREATED,O_SENT,W_Call_after_offer,O_SELECTED,O_CREATED,O_SENT,deviant
1200,279,A_SUBMITTED,A_PARTLYSUBMITTED,W_Fix_incomplete_submission,W_Fix_incomplete_submission,A_PREACCEPTED,W_Complete_preaccepted_appl,W_Complete_preaccepted_appl,W_Complete_preaccepted_appl,W_Complete_preaccepted_appl,A_ACCEPTED,A_FINALIZED,O_SELECTED,O_CREATED,O_SENT,W_Call_after_offer,W_Call_after_offer,W_Call_after_offer,W_Call_after_offer,W_Call_after_offer,O_SENT_BACK,deviant
1201,28,A_SUBMITTED,A_PARTLYSUBMITTED,W_Assess_fraud,A_PREACCEPTED,W_Complete_preaccepted_appl,W_Complete_preaccepted_appl,W_Complete_preaccepted_appl,A_DECLINED,0,0,0,0,0,0,0,0,0,0,0,0,deviant
1202,280,A_SUBMITTED,A_PARTLYSUBMITTED,W_Assess_fraud,A_PREACCEPTED,W_Complete_preaccepted_appl,A_ACCEPTED,A_FINALIZED,O_SELECTED,O_CREATED,O_SENT,O_SELECTED,O_CREATED,O_SENT,O_SELECTED,O_CREATED,O_SENT,W_Call_after_offer,W_Call_after_offer,O_SENT_BACK,W_Assess_application,regular
1203,281,A_SUBMITTED,A_PARTLYSUBMITTED,W_Fix_incomplete_submission,W_Fix_incomplete_submission,A_PREACCEPTED,W_Complete_preaccepted_appl,W_Complete_preaccepted_appl,W_Complete_preaccepted_appl,A_DECLINED,0,0,0,0,0,0,0,0,0,0,0,deviant
1204,282,A_SUBMITTED,A_PARTLYSUBMITTED,W_Assess_fraud,A_PREACCEPTED,W_Complete_preaccepted_appl,A_CANCELLED,0,0,0,0,0,0,0,0,0,0,0,0,0,0,deviant
1205,283,A_SUBMITTED,A_PARTLYSUBMITTED,W_Fix_incomplete_submission,W_Fix_incomplete_submission,O_DECLINED,A_DECLINED,0,0,0,0,0,0,0,0,0,0,0,0,0,0,deviant
1206,284,A_SUBMITTED,A_PARTLYSUBMITTED,W_Assess_fraud,A_PREACCEPTED,W_Complete_preaccepted_appl,W_Complete_preaccepted_appl,W_Complete_preaccepted_appl,W_Complete_preaccepted_appl,W_Complete_preaccepted_appl,A_ACCEPTED,A_FINALIZED,O_SELECTED,O_CREATED,O_SENT,W_Call_after_offer,W_Call_after_offer,W_Call_after_offer,W_Call_after_offer,O_SENT_BACK,W_Assess_application,deviant
1207,285,A_SUBMITTED,A_PARTLYSUBMITTED,W_Assess_fraud,A_PREACCEPTED,W_Complete_preaccepted_appl,W_Complete_preaccepted_appl,W_Complete_preaccepted_appl,W_Complete_preaccepted_appl,A_CANCELLED,0,0,0,0,0,0,0,0,0,0,0,deviant
1208,286,A_SUBMITTED,A_PARTLYSUBMITTED,W_Fix_incomplete_submission,A_PREACCEPTED,W_Complete_preaccepted_appl,A_ACCEPTED,A_FINALIZED,O_SELECTED,O_CREATED,O_SENT,W_Call_after_offer,W_Call_after_offer,O_SENT_BACK,W_Assess_application,O_ACCEPTED,A_APPROVED,A_REGISTERED,A_ACTIVATED,0,0,deviant
1209,287,A_SUBMITTED,A_PARTLYSUBMITTED,W_Assess_fraud,A_PREACCEPTED,W_Complete_preaccepted_appl,W_Complete_preaccepted_appl,W_Complete_preaccepted_appl,A_DECLINED,0,0,0,0,0,0,0,0,0,0,0,0,deviant
1210,288,A_SUBMITTED,A_PARTLYSUBMITTED,W_Assess_fraud,A_PREACCEPTED,W_Complete_preaccepted_appl,W_Complete_preaccepted_appl,A_DECLINED,0,0,0,0,0,0,0,0,0,0,0,0,0,deviant
1211,289,A_SUBMITTED,A_PARTLYSUBMITTED,W_Assess_fraud,A_PREACCEPTED,W_Complete_preaccepted_appl,W_Complete_preaccepted_appl,W_Complete_preaccepted_appl,W_Complete_preaccepted_appl,W_Complete_preaccepted_appl,W_Complete_preaccepted_appl,W_Complete_preaccepted_appl,A_ACCEPTED,A_FINALIZED,O_SELECTED,O_CREATED,O_SENT,O_SELECTED,O_CREATED,O_SENT,W_Call_after_offer,regular
1212,29,A_SUBMITTED,A_PARTLYSUBMITTED,W_Assess_fraud,A_PREACCEPTED,W_Complete_preaccepted_appl,A_DECLINED,0,0,0,0,0,0,0,0,0,0,0,0,0,0,deviant
1213,290,A_SUBMITTED,A_PARTLYSUBMITTED,W_Assess_fraud,A_PREACCEPTED,W_Complete_preaccepted_appl,W_Complete_preaccepted_appl,W_Complete_preaccepted_appl,W_Complete_preaccepted_appl,W_Complete_preaccepted_appl,W_Complete_preaccepted_appl,W_Complete_preaccepted_appl,W_Complete_preaccepted_appl,W_Complete_preaccepted_appl,A_ACCEPTED,A_FINALIZED,O_SELECTED,O_CREATED,O_SENT,O_SELECTED,O_CREATED,regular
1214,291,A_SUBMITTED,A_PARTLYSUBMITTED,W_Fix_incomplete_submission,O_DECLINED,A_DECLINED,0,0,0,0,0,0,0,0,0,0,0,0,0,0,0,deviant
1215,292,A_SUBMITTED,A_PARTLYSUBMITTED,W_Assess_fraud,O_DECLINED,A_DECLINED,0,0,0,0,0,0,0,0,0,0,0,0,0,0,0,deviant
1216,293,A_SUBMITTED,A_PARTLYSUBMITTED,W_Assess_fraud,A_PREACCEPTED,W_Complete_preaccepted_appl,W_Complete_preaccepted_appl,W_Complete_preaccepted_appl,W_Complete_preaccepted_appl,W_Complete_preaccepted_appl,W_Complete_preaccepted_appl,W_Complete_preaccepted_appl,A_ACCEPTED,A_FINALIZED,O_SELECTED,O_CREATED,O_SENT,O_SELECTED,O_CREATED,O_SENT,W_Call_after_offer,regular
1217,294,A_SUBMITTED,A_PARTLYSUBMITTED,W_Assess_fraud,A_PREACCEPTED,W_Complete_preaccepted_appl,A_ACCEPTED,A_FINALIZED,O_SELECTED,O_CREATED,O_SENT,W_Call_after_offer,W_Call_after_offer,A_DECLINED,0,0,0,0,0,0,0,deviant
1218,295,A_SUBMITTED,A_PARTLYSUBMITTED,W_Fix_incomplete_submission,A_CANCELLED,0,0,0,0,0,0,0,0,0,0,0,0,0,0,0,0,deviant
1219,296,A_SUBMITTED,A_PARTLYSUBMITTED,W_Assess_fraud,A_PREACCEPTED,W_Complete_preaccepted_appl,W_Complete_preaccepted_appl,W_Complete_preaccepted_appl,W_Complete_preaccepted_appl,A_ACCEPTED,A_FINALIZED,O_SELECTED,O_CREATED,O_SENT,W_Call_after_offer,W_Call_after_offer,O_SENT_BACK,W_Assess_application,W_Assess_application,O_ACCEPTED,A_APPROVED,deviant
1220,297,A_SUBMITTED,A_PARTLYSUBMITTED,W_Fix_incomplete_submission,A_CANCELLED,0,0,0,0,0,0,0,0,0,0,0,0,0,0,0,0,deviant
1221,298,A_SUBMITTED,A_PARTLYSUBMITTED,W_Assess_fraud,A_PREACCEPTED,W_Complete_preaccepted_appl,W_Complete_preaccepted_appl,W_Complete_preaccepted_appl,W_Complete_preaccepted_appl,W_Complete_preaccepted_appl,A_ACCEPTED,A_FINALIZED,O_SELECTED,O_CREATED,O_SENT,W_Call_after_offer,W_Call_after_offer,W_Call_after_offer,W_Call_after_offer,W_Call_after_offer,A_DECLINED,deviant
1222,299,A_SUBMITTED,A_PARTLYSUBMITTED,W_Assess_fraud,A_PREACCEPTED,W_Complete_preaccepted_appl,W_Complete_preaccepted_appl,W_Complete_preaccepted_appl,W_Complete_preaccepted_appl,W_Complete_preaccepted_appl,W_Complete_preaccepted_appl,W_Complete_preaccepted_appl,W_Complete_preaccepted_appl,W_Complete_preaccepted_appl,W_Complete_preaccepted_appl,A_ACCEPTED,A_FINALIZED,O_SELECTED,O_CREATED,O_SENT,W_Call_after_offer,regular
1223,3,A_SUBMITTED,A_PARTLYSUBMITTED,W_Assess_fraud,A_PREACCEPTED,W_Complete_preaccepted_appl,A_DECLINED,0,0,0,0,0,0,0,0,0,0,0,0,0,0,deviant
1224,30,A_SUBMITTED,A_PARTLYSUBMITTED,W_Fix_incomplete_submission,A_PREACCEPTED,W_Complete_preaccepted_appl,A_ACCEPTED,A_FINALIZED,O_SELECTED,O_CREATED,O_SENT,W_Call_after_offer,W_Call_after_offer,O_SENT_BACK,W_Assess_application,W_Assess_application,W_Assess_application,W_Call_missing_information,W_Call_missing_information,W_Call_missing_information,W_Call_missing_information,regular
1225,300,A_SUBMITTED,A_PARTLYSUBMITTED,W_Fix_incomplete_submission,A_PREACCEPTED,W_Complete_preaccepted_appl,W_Complete_preaccepted_appl,A_ACCEPTED,A_FINALIZED,O_SELECTED,O_CREATED,O_SENT,W_Call_after_offer,W_Call_after_offer,W_Call_after_offer,W_Call_after_offer,W_Call_after_offer,W_Call_after_offer,W_Call_after_offer,O_SELECTED,O_CREATED,deviant
1226,301,A_SUBMITTED,A_PARTLYSUBMITTED,W_Assess_fraud,A_PREACCEPTED,W_Complete_preaccepted_appl,A_ACCEPTED,A_FINALIZED,O_SELECTED,O_CREATED,O_SENT,W_Call_after_offer,O_SELECTED,O_CREATED,O_SENT,W_Call_after_offer,O_SENT_BACK,W_Assess_application,W_Assess_application,W_Assess_application,W_Assess_application,regular
1227,302,A_SUBMITTED,A_PARTLYSUBMITTED,W_Fix_incomplete_submission,A_PREACCEPTED,W_Complete_preaccepted_appl,W_Complete_preaccepted_appl,W_Complete_preaccepted_appl,W_Complete_preaccepted_appl,W_Complete_preaccepted_appl,W_Complete_preaccepted_appl,W_Complete_preaccepted_appl,W_Complete_preaccepted_appl,W_Complete_preaccepted_appl,W_Complete_preaccepted_appl,W_Complete_preaccepted_appl,W_Complete_preaccepted_appl,A_ACCEPTED,A_FINALIZED,O_SELECTED,O_CREATED,deviant
1228,303,A_SUBMITTED,A_PARTLYSUBMITTED,W_Assess_fraud,A_PREACCEPTED,W_Complete_preaccepted_appl,W_Complete_preaccepted_appl,W_Complete_preaccepted_appl,A_DECLINED,0,0,0,0,0,0,0,0,0,0,0,0,deviant
1229,304,A_SUBMITTED,A_PARTLYSUBMITTED,W_Assess_fraud,A_PREACCEPTED,W_Complete_preaccepted_appl,W_Complete_preaccepted_appl,A_CANCELLED,0,0,0,0,0,0,0,0,0,0,0,0,0,deviant
1230,305,A_SUBMITTED,A_PARTLYSUBMITTED,W_Assess_fraud,A_PREACCEPTED,W_Complete_preaccepted_appl,A_ACCEPTED,A_FINALIZED,O_SELECTED,O_CREATED,O_SENT,W_Call_after_offer,A_DECLINED,0,0,0,0,0,0,0,0,deviant
1231,306,A_SUBMITTED,A_PARTLYSUBMITTED,W_Fix_incomplete_submission,A_PREACCEPTED,W_Complete_preaccepted_appl,A_DECLINED,0,0,0,0,0,0,0,0,0,0,0,0,0,0,deviant
1232,307,A_SUBMITTED,A_PARTLYSUBMITTED,W_Assess_fraud,A_PREACCEPTED,W_Complete_preaccepted_appl,W_Complete_preaccepted_appl,W_Complete_preaccepted_appl,W_Complete_preaccepted_appl,W_Complete_preaccepted_appl,W_Complete_preaccepted_appl,W_Complete_preaccepted_appl,W_Complete_preaccepted_appl,W_Complete_preaccepted_appl,A_ACCEPTED,A_FINALIZED,O_SELECTED,O_CREATED,O_SENT,W_Call_after_offer,W_Call_after_offer,regular
1233,308,A_SUBMITTED,A_PARTLYSUBMITTED,W_Assess_fraud,A_PREACCEPTED,W_Complete_preaccepted_appl,A_ACCEPTED,A_FINALIZED,O_SELECTED,O_CREATED,O_SENT,W_Call_after_offer,O_SENT_BACK,W_Assess_application,W_Assess_application,W_Assess_application,W_Assess_application,W_Call_missing_information,W_Call_missing_information,W_Call_missing_information,W_Call_missing_information,regular
1234,309,A_SUBMITTED,A_PARTLYSUBMITTED,W_Fix_incomplete_submission,A_PREACCEPTED,W_Complete_preaccepted_appl,W_Complete_preaccepted_appl,A_ACCEPTED,A_FINALIZED,O_SELECTED,O_CREATED,O_SENT,O_SELECTED,O_CREATED,O_SENT,W_Call_after_offer,W_Call_after_offer,W_Call_after_offer,W_Call_after_offer,W_Call_after_offer,W_Call_after_offer,deviant
1235,31,A_SUBMITTED,A_PARTLYSUBMITTED,W_Fix_incomplete_submission,A_PREACCEPTED,W_Complete_preaccepted_appl,W_Complete_preaccepted_appl,A_ACCEPTED,A_FINALIZED,O_SELECTED,O_CREATED,O_SENT,W_Call_after_offer,W_Call_after_offer,W_Call_after_offer,O_SELECTED,O_CREATED,O_SENT,W_Call_after_offer,W_Call_after_offer,A_DECLINED,deviant
1236,310,A_SUBMITTED,A_PARTLYSUBMITTED,W_Assess_fraud,A_PREACCEPTED,W_Complete_preaccepted_appl,W_Complete_preaccepted_appl,W_Complete_preaccepted_appl,W_Complete_preaccepted_appl,A_CANCELLED,0,0,0,0,0,0,0,0,0,0,0,deviant
1237,311,A_SUBMITTED,A_PARTLYSUBMITTED,W_Assess_fraud,A_PREACCEPTED,W_Complete_preaccepted_appl,W_Complete_preaccepted_appl,A_ACCEPTED,A_FINALIZED,O_SELECTED,O_CREATED,O_SENT,W_Call_after_offer,W_Call_after_offer,W_Call_after_offer,W_Call_after_offer,A_DECLINED,0,0,0,0,deviant
1238,312,A_SUBMITTED,A_PARTLYSUBMITTED,W_Assess_fraud,A_PREACCEPTED,W_Complete_preaccepted_appl,W_Complete_preaccepted_appl,A_ACCEPTED,A_FINALIZED,O_SELECTED,O_CREATED,O_SENT,W_Call_after_offer,O_SELECTED,O_CREATED,O_SENT,W_Call_after_offer,A_DECLINED,0,0,0,deviant
1239,313,A_SUBMITTED,A_PARTLYSUBMITTED,W_Assess_fraud,A_CANCELLED,0,0,0,0,0,0,0,0,0,0,0,0,0,0,0,0,deviant
1240,314,A_SUBMITTED,A_PARTLYSUBMITTED,W_Fix_incomplete_submission,A_PREACCEPTED,W_Complete_preaccepted_appl,W_Complete_preaccepted_appl,A_ACCEPTED,A_FINALIZED,O_SELECTED,O_CREATED,O_SENT,W_Call_after_offer,W_Call_after_offer,O_SENT_BACK,W_Assess_application,W_Assess_application,O_ACCEPTED,A_APPROVED,A_REGISTERED,A_ACTIVATED,deviant
1241,315,A_SUBMITTED,A_PARTLYSUBMITTED,W_Fix_incomplete_submission,W_Fix_incomplete_submission,A_PREACCEPTED,W_Complete_preaccepted_appl,W_Complete_preaccepted_appl,W_Complete_preaccepted_appl,W_Complete_preaccepted_appl,W_Complete_preaccepted_appl,A_ACCEPTED,A_FINALIZED,O_SELECTED,O_CREATED,O_SENT,O_SELECTED,O_CREATED,O_SENT,W_Call_after_offer,A_DECLINED,deviant
1242,316,A_SUBMITTED,A_PARTLYSUBMITTED,W_Assess_fraud,A_PREACCEPTED,W_Complete_preaccepted_appl,W_Complete_preaccepted_appl,A_DECLINED,0,0,0,0,0,0,0,0,0,0,0,0,0,deviant
1243,317,A_SUBMITTED,A_PARTLYSUBMITTED,W_Fix_incomplete_submission,A_PREACCEPTED,W_Complete_preaccepted_appl,W_Complete_preaccepted_appl,W_Complete_preaccepted_appl,W_Complete_preaccepted_appl,W_Complete_preaccepted_appl,W_Complete_preaccepted_appl,W_Complete_preaccepted_appl,W_Complete_preaccepted_appl,W_Complete_preaccepted_appl,A_ACCEPTED,A_FINALIZED,O_SELECTED,O_CREATED,O_SENT,O_SELECTED,O_CREATED,regular
1244,318,A_SUBMITTED,A_PARTLYSUBMITTED,W_Assess_fraud,A_PREACCEPTED,W_Complete_preaccepted_appl,W_Complete_preaccepted_appl,A_ACCEPTED,A_FINALIZED,O_SELECTED,O_CREATED,O_SENT,W_Call_after_offer,A_DECLINED,0,0,0,0,0,0,0,deviant
1245,319,A_SUBMITTED,A_PARTLYSUBMITTED,W_Assess_fraud,A_PREACCEPTED,W_Complete_preaccepted_appl,W_Complete_preaccepted_appl,A_CANCELLED,0,0,0,0,0,0,0,0,0,0,0,0,0,deviant
1246,32,A_SUBMITTED,A_PARTLYSUBMITTED,W_Assess_fraud,A_PREACCEPTED,W_Complete_preaccepted_appl,W_Complete_preaccepted_appl,W_Complete_preaccepted_appl,W_Complete_preaccepted_appl,A_ACCEPTED,A_FINALIZED,O_SELECTED,O_CREATED,O_SENT,W_Call_after_offer,O_SENT_BACK,W_Assess_application,W_Assess_application,W_Call_missing_information,W_Call_missing_information,W_Call_missing_information,regular
1247,320,A_SUBMITTED,A_PARTLYSUBMITTED,W_Assess_fraud,O_DECLINED,A_DECLINED,0,0,0,0,0,0,0,0,0,0,0,0,0,0,0,deviant
1248,321,A_SUBMITTED,A_PARTLYSUBMITTED,W_Fix_incomplete_submission,A_PREACCEPTED,W_Complete_preaccepted_appl,W_Complete_preaccepted_appl,A_ACCEPTED,A_FINALIZED,O_SELECTED,O_CREATED,O_SENT,W_Call_after_offer,W_Call_after_offer,O_SENT_BACK,W_Assess_application,W_Call_missing_information,W_Call_missing_information,W_Call_missing_information,W_Call_missing_information,W_Call_missing_information,regular
1249,322,A_SUBMITTED,A_PARTLYSUBMITTED,W_Assess_fraud,A_PREACCEPTED,W_Complete_preaccepted_appl,W_Complete_preaccepted_appl,W_Complete_preaccepted_appl,W_Complete_preaccepted_appl,W_Complete_preaccepted_appl,W_Complete_preaccepted_appl,A_ACCEPTED,A_FINALIZED,O_SELECTED,O_CREATED,O_SENT,W_Call_after_offer,W_Call_after_offer,W_Call_after_offer,O_SELECTED,O_CREATED,deviant
1250,323,A_SUBMITTED,A_PARTLYSUBMITTED,W_Fix_incomplete_submission,A_PREACCEPTED,W_Complete_preaccepted_appl,W_Complete_preaccepted_appl,W_Complete_preaccepted_appl,A_DECLINED,0,0,0,0,0,0,0,0,0,0,0,0,deviant
1251,324,A_SUBMITTED,A_PARTLYSUBMITTED,W_Assess_fraud,A_PREACCEPTED,W_Complete_preaccepted_appl,A_ACCEPTED,A_FINALIZED,O_SELECTED,O_CREATED,O_SENT,O_SELECTED,O_CREATED,O_SENT,O_SELECTED,O_CREATED,O_SENT,O_SELECTED,O_CREATED,O_SENT,W_Call_after_offer,regular
1252,325,A_SUBMITTED,A_PARTLYSUBMITTED,W_Assess_fraud,A_PREACCEPTED,W_Complete_preaccepted_appl,W_Complete_preaccepted_appl,W_Complete_preaccepted_appl,W_Complete_preaccepted_appl,W_Complete_preaccepted_appl,A_ACCEPTED,A_FINALIZED,O_SELECTED,O_CREATED,O_SENT,O_SELECTED,O_CREATED,O_SENT,W_Call_after_offer,O_SENT_BACK,W_Assess_application,regular
1253,326,A_SUBMITTED,A_PARTLYSUBMITTED,W_Assess_fraud,O_DECLINED,A_DECLINED,0,0,0,0,0,0,0,0,0,0,0,0,0,0,0,deviant
1254,327,A_SUBMITTED,A_PARTLYSUBMITTED,W_Assess_fraud,A_PREACCEPTED,W_Complete_preaccepted_appl,A_DECLINED,0,0,0,0,0,0,0,0,0,0,0,0,0,0,deviant
1255,328,A_SUBMITTED,A_PARTLYSUBMITTED,W_Assess_fraud,A_PREACCEPTED,W_Complete_preaccepted_appl,A_ACCEPTED,A_FINALIZED,O_SELECTED,O_CREATED,O_SENT,W_Call_after_offer,W_Call_after_offer,W_Call_after_offer,W_Call_after_offer,O_SENT_BACK,W_Assess_application,W_Assess_application,O_ACCEPTED,A_APPROVED,A_REGISTERED,deviant
1256,329,A_SUBMITTED,A_PARTLYSUBMITTED,W_Assess_fraud,A_PREACCEPTED,W_Complete_preaccepted_appl,W_Complete_preaccepted_appl,A_ACCEPTED,A_FINALIZED,O_SELECTED,O_CREATED,O_SENT,W_Call_after_offer,W_Call_after_offer,O_SENT_BACK,W_Assess_application,W_Assess_application,W_Assess_application,W_Assess_application,O_CANCELLED,O_SELECTED,regular
1257,33,A_SUBMITTED,A_PARTLYSUBMITTED,W_Fix_incomplete_submission,W_Fix_incomplete_submission,A_PREACCEPTED,W_Complete_preaccepted_appl,W_Complete_preaccepted_appl,W_Complete_preaccepted_appl,A_DECLINED,0,0,0,0,0,0,0,0,0,0,0,deviant
1258,330,A_SUBMITTED,A_PARTLYSUBMITTED,W_Fix_incomplete_submission,W_Fix_incomplete_submission,A_PREACCEPTED,W_Complete_preaccepted_appl,W_Complete_preaccepted_appl,W_Complete_preaccepted_appl,W_Complete_preaccepted_appl,A_ACCEPTED,A_FINALIZED,O_SELECTED,O_CREATED,O_SENT,O_SELECTED,O_CREATED,O_SENT,W_Call_after_offer,O_SELECTED,O_CREATED,deviant
1259,331,A_SUBMITTED,A_PARTLYSUBMITTED,W_Fix_incomplete_submission,A_PREACCEPTED,W_Complete_preaccepted_appl,A_ACCEPTED,A_FINALIZED,O_SELECTED,O_CREATED,O_SENT,O_SELECTED,O_CREATED,O_SENT,W_Call_after_offer,O_SENT_BACK,W_Assess_application,W_Assess_application,W_Call_missing_information,W_Call_missing_information,W_Call_missing_information,regular
1260,332,A_SUBMITTED,A_PARTLYSUBMITTED,W_Assess_fraud,A_PREACCEPTED,W_Complete_preaccepted_appl,W_Complete_preaccepted_appl,A_DECLINED,0,0,0,0,0,0,0,0,0,0,0,0,0,deviant
1261,333,A_SUBMITTED,A_PARTLYSUBMITTED,W_Assess_fraud,A_PREACCEPTED,W_Complete_preaccepted_appl,W_Complete_preaccepted_appl,W_Complete_preaccepted_appl,W_Complete_preaccepted_appl,A_ACCEPTED,A_FINALIZED,O_SELECTED,O_CREATED,O_SENT,W_Call_after_offer,A_DECLINED,0,0,0,0,0,deviant
1262,334,A_SUBMITTED,A_PARTLYSUBMITTED,W_Fix_incomplete_submission,A_PREACCEPTED,W_Complete_preaccepted_appl,W_Complete_preaccepted_appl,A_ACCEPTED,A_FINALIZED,O_SELECTED,O_CREATED,O_SENT,W_Call_after_offer,W_Call_after_offer,0,0,0,0,0,0,0,deviant
1263,335,A_SUBMITTED,A_PARTLYSUBMITTED,W_Fix_incomplete_submission,W_Fix_incomplete_submission,A_PREACCEPTED,W_Complete_preaccepted_appl,W_Complete_preaccepted_appl,W_Complete_preaccepted_appl,A_ACCEPTED,A_FINALIZED,O_SELECTED,O_CREATED,O_SENT,O_SELECTED,O_CREATED,O_SENT,W_Call_after_offer,W_Call_after_offer,W_Call_after_offer,A_DECLINED,deviant
1264,336,A_SUBMITTED,A_PARTLYSUBMITTED,W_Assess_fraud,A_PREACCEPTED,W_Complete_preaccepted_appl,W_Complete_preaccepted_appl,A_ACCEPTED,A_FINALIZED,O_SELECTED,O_CREATED,O_SENT,O_SELECTED,O_CREATED,O_SENT,O_SENT_BACK,W_Assess_application,W_Assess_application,W_Assess_application,W_Call_missing_information,W_Call_missing_information,deviant
1265,337,A_SUBMITTED,A_PARTLYSUBMITTED,W_Assess_fraud,A_PREACCEPTED,W_Complete_preaccepted_appl,W_Complete_preaccepted_appl,W_Complete_preaccepted_appl,W_Complete_preaccepted_appl,W_Complete_preaccepted_appl,W_Complete_preaccepted_appl,W_Complete_preaccepted_appl,W_Complete_preaccepted_appl,W_Complete_preaccepted_appl,W_Complete_preaccepted_appl,A_ACCEPTED,A_FINALIZED,O_SELECTED,O_CREATED,O_SENT,W_Call_after_offer,regular
1266,338,A_SUBMITTED,A_PARTLYSUBMITTED,W_Assess_fraud,A_PREACCEPTED,W_Complete_preaccepted_appl,W_Complete_preaccepted_appl,W_Complete_preaccepted_appl,A_DECLINED,0,0,0,0,0,0,0,0,0,0,0,0,deviant
1267,339,A_SUBMITTED,A_PARTLYSUBMITTED,W_Assess_fraud,A_PREACCEPTED,W_Complete_preaccepted_appl,W_Complete_preaccepted_appl,W_Complete_preaccepted_appl,W_Complete_preaccepted_appl,A_DECLINED,0,0,0,0,0,0,0,0,0,0,0,deviant
1268,34,A_SUBMITTED,A_PARTLYSUBMITTED,W_Assess_fraud,A_PREACCEPTED,W_Complete_preaccepted_appl,W_Complete_preaccepted_appl,W_Complete_preaccepted_appl,A_ACCEPTED,A_FINALIZED,O_SELECTED,O_CREATED,O_SENT,W_Call_after_offer,O_SENT_BACK,W_Assess_application,W_Assess_application,W_Assess_application,W_Call_missing_information,W_Call_missing_information,W_Call_missing_information,regular
1269,340,A_SUBMITTED,A_PARTLYSUBMITTED,W_Assess_fraud,A_PREACCEPTED,W_Complete_preaccepted_appl,A_DECLINED,0,0,0,0,0,0,0,0,0,0,0,0,0,0,deviant
1270,341,A_SUBMITTED,A_PARTLYSUBMITTED,W_Assess_fraud,A_PREACCEPTED,W_Complete_preaccepted_appl,A_ACCEPTED,A_FINALIZED,O_SELECTED,O_CREATED,O_SENT,W_Call_after_offer,W_Call_after_offer,O_SELECTED,O_CREATED,O_SENT,W_Call_after_offer,W_Call_after_offer,O_SELECTED,O_CREATED,O_SENT,deviant
1271,342,A_SUBMITTED,A_PARTLYSUBMITTED,W_Fix_incomplete_submission,A_PREACCEPTED,W_Complete_preaccepted_appl,W_Complete_preaccepted_appl,W_Complete_preaccepted_appl,W_Complete_preaccepted_appl,W_Complete_preaccepted_appl,A_DECLINED,0,0,0,0,0,0,0,0,0,0,deviant
1272,343,A_SUBMITTED,A_PARTLYSUBMITTED,W_Assess_fraud,A_PREACCEPTED,W_Complete_preaccepted_appl,W_Complete_preaccepted_appl,W_Complete_preaccepted_appl,A_ACCEPTED,A_FINALIZED,O_SELECTED,O_CREATED,O_SENT,W_Call_after_offer,O_SENT_BACK,W_Assess_application,W_Assess_application,W_Assess_application,W_Call_missing_information,W_Call_missing_information,W_Call_missing_information,regular
1273,344,A_SUBMITTED,A_PARTLYSUBMITTED,W_Assess_fraud,A_PREACCEPTED,W_Complete_preaccepted_appl,W_Complete_preaccepted_appl,W_Complete_preaccepted_appl,W_Complete_preaccepted_appl,W_Complete_preaccepted_appl,A_ACCEPTED,A_FINALIZED,O_SELECTED,O_CREATED,O_SENT,W_Call_after_offer,W_Call_after_offer,O_SENT_BACK,W_Assess_application,W_Call_missing_information,O_CANCELLED,regular
1274,345,A_SUBMITTED,A_PARTLYSUBMITTED,W_Assess_fraud,A_PREACCEPTED,W_Complete_preaccepted_appl,A_DECLINED,0,0,0,0,0,0,0,0,0,0,0,0,0,0,deviant
1275,346,A_SUBMITTED,A_PARTLYSUBMITTED,W_Assess_fraud,A_PREACCEPTED,W_Complete_preaccepted_appl,W_Complete_preaccepted_appl,W_Complete_preaccepted_appl,W_Complete_preaccepted_appl,W_Complete_preaccepted_appl,W_Complete_preaccepted_appl,W_Complete_preaccepted_appl,W_Complete_preaccepted_appl,W_Complete_preaccepted_appl,A_DECLINED,0,0,0,0,0,0,deviant
1276,347,A_SUBMITTED,A_PARTLYSUBMITTED,W_Assess_fraud,A_CANCELLED,0,0,0,0,0,0,0,0,0,0,0,0,0,0,0,0,deviant
1277,348,A_SUBMITTED,A_PARTLYSUBMITTED,W_Fix_incomplete_submission,A_PREACCEPTED,W_Complete_preaccepted_appl,A_ACCEPTED,A_FINALIZED,O_SELECTED,O_CREATED,O_SENT,W_Call_after_offer,W_Call_after_offer,W_Call_after_offer,W_Call_after_offer,W_Call_after_offer,W_Call_after_offer,A_DECLINED,0,0,0,deviant
1278,349,A_SUBMITTED,A_PARTLYSUBMITTED,W_Fix_incomplete_submission,A_PREACCEPTED,W_Complete_preaccepted_appl,A_DECLINED,0,0,0,0,0,0,0,0,0,0,0,0,0,0,deviant
1279,35,A_SUBMITTED,A_PARTLYSUBMITTED,W_Fix_incomplete_submission,A_PREACCEPTED,W_Complete_preaccepted_appl,W_Complete_preaccepted_appl,W_Complete_preaccepted_appl,W_Complete_preaccepted_appl,W_Complete_preaccepted_appl,W_Complete_preaccepted_appl,W_Complete_preaccepted_appl,W_Complete_preaccepted_appl,A_DECLINED,0,0,0,0,0,0,0,deviant
1280,350,A_SUBMITTED,A_PARTLYSUBMITTED,W_Assess_fraud,A_PREACCEPTED,W_Complete_preaccepted_appl,W_Complete_preaccepted_appl,A_ACCEPTED,A_FINALIZED,O_SELECTED,O_CREATED,O_SENT,W_Call_after_offer,O_SELECTED,O_CREATED,O_SENT,O_SELECTED,O_CREATED,O_SENT,W_Call_after_offer,O_SENT_BACK,regular
1281,351,A_SUBMITTED,A_PARTLYSUBMITTED,W_Assess_fraud,A_CANCELLED,0,0,0,0,0,0,0,0,0,0,0,0,0,0,0,0,deviant
1282,352,A_SUBMITTED,A_PARTLYSUBMITTED,W_Fix_incomplete_submission,A_PREACCEPTED,W_Complete_preaccepted_appl,W_Complete_preaccepted_appl,A_ACCEPTED,A_FINALIZED,O_SELECTED,O_CREATED,O_SENT,W_Call_after_offer,O_SENT_BACK,W_Assess_application,W_Assess_application,W_Assess_application,W_Assess_application,W_Assess_application,W_Assess_application,W_Call_missing_information,regular
1283,353,A_SUBMITTED,A_PARTLYSUBMITTED,W_Fix_incomplete_submission,A_PREACCEPTED,W_Complete_preaccepted_appl,A_ACCEPTED,A_FINALIZED,O_SELECTED,O_CREATED,O_SENT,W_Call_after_offer,O_SELECTED,O_CREATED,O_SENT,W_Call_after_offer,W_Call_after_offer,A_DECLINED,0,0,0,deviant
1284,354,A_SUBMITTED,A_PARTLYSUBMITTED,W_Assess_fraud,A_PREACCEPTED,W_Complete_preaccepted_appl,W_Complete_preaccepted_appl,A_DECLINED,0,0,0,0,0,0,0,0,0,0,0,0,0,deviant
1285,355,A_SUBMITTED,A_PARTLYSUBMITTED,W_Fix_incomplete_submission,A_PREACCEPTED,W_Complete_preaccepted_appl,W_Complete_preaccepted_appl,A_ACCEPTED,A_FINALIZED,O_SELECTED,O_CREATED,O_SENT,W_Call_after_offer,W_Call_after_offer,W_Call_after_offer,O_SELECTED,O_CREATED,O_SENT,W_Call_after_offer,W_Call_after_offer,W_Call_after_offer,regular
1286,356,A_SUBMITTED,A_PARTLYSUBMITTED,W_Fix_incomplete_submission,A_PREACCEPTED,W_Complete_preaccepted_appl,W_Complete_preaccepted_appl,A_ACCEPTED,A_FINALIZED,O_SELECTED,O_CREATED,O_SENT,W_Call_after_offer,O_SENT_BACK,W_Assess_application,W_Assess_application,W_Assess_application,O_SELECTED,O_CREATED,O_SENT,O_SELECTED,regular
1287,357,A_SUBMITTED,A_PARTLYSUBMITTED,W_Fix_incomplete_submission,A_PREACCEPTED,W_Complete_preaccepted_appl,A_ACCEPTED,A_FINALIZED,O_SELECTED,O_CREATED,O_SENT,W_Call_after_offer,O_SELECTED,O_CREATED,O_SENT,W_Call_after_offer,O_SELECTED,O_CREATED,O_SENT,W_Call_after_offer,O_SELECTED,deviant
1288,358,A_SUBMITTED,A_PARTLYSUBMITTED,W_Assess_fraud,A_PREACCEPTED,W_Complete_preaccepted_appl,W_Complete_preaccepted_appl,W_Complete_preaccepted_appl,A_ACCEPTED,A_FINALIZED,O_SELECTED,O_CREATED,O_SENT,O_SELECTED,O_CREATED,O_SENT,O_SELECTED,O_CREATED,O_SENT,W_Call_after_offer,W_Call_after_offer,deviant
1289,359,A_SUBMITTED,A_PARTLYSUBMITTED,W_Fix_incomplete_submission,A_PREACCEPTED,W_Complete_preaccepted_appl,A_ACCEPTED,A_FINALIZED,O_SELECTED,O_CREATED,O_SENT,O_SELECTED,O_CREATED,O_SENT,O_SENT_BACK,W_Assess_application,W_Assess_application,W_Assess_application,W_Assess_application,W_Call_missing_information,O_ACCEPTED,deviant
1290,36,A_SUBMITTED,A_PARTLYSUBMITTED,W_Assess_fraud,A_PREACCEPTED,W_Complete_preaccepted_appl,A_ACCEPTED,A_FINALIZED,O_SELECTED,O_CREATED,O_SENT,O_SELECTED,O_CREATED,O_SENT,W_Call_after_offer,O_SENT_BACK,W_Assess_application,O_ACCEPTED,A_APPROVED,A_REGISTERED,A_ACTIVATED,deviant
1291,360,A_SUBMITTED,A_PARTLYSUBMITTED,W_Assess_fraud,A_PREACCEPTED,W_Complete_preaccepted_appl,W_Complete_preaccepted_appl,W_Complete_preaccepted_appl,A_ACCEPTED,A_FINALIZED,O_SELECTED,O_CREATED,O_SENT,W_Call_after_offer,A_DECLINED,0,0,0,0,0,0,deviant
1292,361,A_SUBMITTED,A_PARTLYSUBMITTED,W_Assess_fraud,A_PREACCEPTED,W_Complete_preaccepted_appl,W_Complete_preaccepted_appl,A_DECLINED,0,0,0,0,0,0,0,0,0,0,0,0,0,deviant
1293,362,A_SUBMITTED,A_PARTLYSUBMITTED,W_Assess_fraud,A_PREACCEPTED,W_Complete_preaccepted_appl,W_Complete_preaccepted_appl,W_Complete_preaccepted_appl,W_Complete_preaccepted_appl,W_Complete_preaccepted_appl,W_Complete_preaccepted_appl,W_Complete_preaccepted_appl,W_Complete_preaccepted_appl,W_Complete_preaccepted_appl,A_DECLINED,0,0,0,0,0,0,deviant
1294,363,A_SUBMITTED,A_PARTLYSUBMITTED,W_Assess_fraud,A_PREACCEPTED,W_Complete_preaccepted_appl,A_DECLINED,0,0,0,0,0,0,0,0,0,0,0,0,0,0,deviant
1295,364,A_SUBMITTED,A_PARTLYSUBMITTED,W_Assess_fraud,A_PREACCEPTED,W_Complete_preaccepted_appl,W_Complete_preaccepted_appl,A_CANCELLED,0,0,0,0,0,0,0,0,0,0,0,0,0,deviant
1296,365,A_SUBMITTED,A_PARTLYSUBMITTED,W_Assess_fraud,A_PREACCEPTED,W_Complete_preaccepted_appl,A_ACCEPTED,A_FINALIZED,O_SELECTED,O_CREATED,O_SENT,W_Call_after_offer,W_Call_after_offer,W_Call_after_offer,W_Call_after_offer,W_Call_after_offer,W_Call_after_offer,O_SENT_BACK,W_Assess_application,W_Assess_application,W_Call_missing_information,regular
1297,366,A_SUBMITTED,A_PARTLYSUBMITTED,W_Assess_fraud,A_PREACCEPTED,W_Complete_preaccepted_appl,A_DECLINED,0,0,0,0,0,0,0,0,0,0,0,0,0,0,deviant
1298,367,A_SUBMITTED,A_PARTLYSUBMITTED,W_Assess_fraud,A_PREACCEPTED,W_Complete_preaccepted_appl,A_DECLINED,0,0,0,0,0,0,0,0,0,0,0,0,0,0,deviant
1299,368,A_SUBMITTED,A_PARTLYSUBMITTED,W_Fix_incomplete_submission,W_Fix_incomplete_submission,W_Fix_incomplete_submission,A_PREACCEPTED,W_Complete_preaccepted_appl,W_Complete_preaccepted_appl,W_Complete_preaccepted_appl,W_Complete_preaccepted_appl,W_Complete_preaccepted_appl,W_Complete_preaccepted_appl,W_Complete_preaccepted_appl,A_ACCEPTED,A_FINALIZED,O_SELECTED,O_CREATED,O_SENT,O_SELECTED,O_CREATED,regular
1300,369,A_SUBMITTED,A_PARTLYSUBMITTED,W_Assess_fraud,A_PREACCEPTED,W_Complete_preaccepted_appl,W_Complete_preaccepted_appl,W_Complete_preaccepted_appl,A_ACCEPTED,A_FINALIZED,O_SELECTED,O_CREATED,O_SENT,W_Call_after_offer,W_Call_after_offer,W_Call_after_offer,O_SENT_BACK,W_Assess_application,W_Assess_application,W_Assess_application,W_Assess_application,regular
1301,37,A_SUBMITTED,A_PARTLYSUBMITTED,W_Assess_fraud,A_PREACCEPTED,W_Complete_preaccepted_appl,W_Complete_preaccepted_appl,W_Complete_preaccepted_appl,W_Complete_preaccepted_appl,W_Complete_preaccepted_appl,A_DECLINED,0,0,0,0,0,0,0,0,0,0,deviant
1302,370,A_SUBMITTED,A_PARTLYSUBMITTED,W_Assess_fraud,A_PREACCEPTED,W_Complete_preaccepted_appl,A_CANCELLED,0,0,0,0,0,0,0,0,0,0,0,0,0,0,deviant
1303,371,A_SUBMITTED,A_PARTLYSUBMITTED,W_Assess_fraud,A_PREACCEPTED,W_Complete_preaccepted_appl,W_Complete_preaccepted_appl,W_Complete_preaccepted_appl,A_ACCEPTED,A_FINALIZED,O_SELECTED,O_CREATED,O_SENT,O_SELECTED,O_CREATED,O_SENT,W_Call_after_offer,O_SELECTED,O_CREATED,O_SENT,O_SELECTED,deviant
1304,372,A_SUBMITTED,A_PARTLYSUBMITTED,W_Assess_fraud,A_PREACCEPTED,W_Complete_preaccepted_appl,W_Complete_preaccepted_appl,W_Complete_preaccepted_appl,A_DECLINED,0,0,0,0,0,0,0,0,0,0,0,0,deviant
1305,373,A_SUBMITTED,A_PARTLYSUBMITTED,W_Assess_fraud,A_PREACCEPTED,W_Complete_preaccepted_appl,W_Complete_preaccepted_appl,W_Complete_preaccepted_appl,W_Complete_preaccepted_appl,A_ACCEPTED,A_FINALIZED,O_SELECTED,O_CREATED,O_SENT,W_Call_after_offer,W_Call_after_offer,W_Call_after_offer,W_Call_after_offer,W_Call_after_offer,W_Call_after_offer,W_Call_after_offer,regular
1306,374,A_SUBMITTED,A_PARTLYSUBMITTED,W_Assess_fraud,A_PREACCEPTED,W_Complete_preaccepted_appl,A_ACCEPTED,A_FINALIZED,O_SELECTED,O_CREATED,O_SENT,W_Call_after_offer,W_Call_after_offer,W_Call_after_offer,W_Call_after_offer,O_SELECTED,O_CREATED,O_SENT,W_Call_after_offer,A_DECLINED,0,deviant
1307,375,A_SUBMITTED,A_PARTLYSUBMITTED,W_Assess_fraud,A_PREACCEPTED,W_Complete_preaccepted_appl,W_Complete_preaccepted_appl,A_ACCEPTED,A_FINALIZED,O_SELECTED,O_CREATED,O_SENT,W_Call_after_offer,W_Call_after_offer,W_Call_after_offer,O_SENT_BACK,W_Assess_application,W_Assess_application,W_Call_missing_information,O_SELECTED,O_CREATED,regular
1308,376,A_SUBMITTED,A_PARTLYSUBMITTED,W_Assess_fraud,A_PREACCEPTED,W_Complete_preaccepted_appl,A_DECLINED,0,0,0,0,0,0,0,0,0,0,0,0,0,0,deviant
1309,377,A_SUBMITTED,A_PARTLYSUBMITTED,W_Assess_fraud,A_PREACCEPTED,W_Complete_preaccepted_appl,W_Complete_preaccepted_appl,W_Complete_preaccepted_appl,W_Complete_preaccepted_appl,A_ACCEPTED,A_FINALIZED,O_SELECTED,O_CREATED,O_SENT,W_Call_after_offer,A_DECLINED,0,0,0,0,0,deviant
1310,378,A_SUBMITTED,A_PARTLYSUBMITTED,W_Assess_fraud,A_PREACCEPTED,W_Complete_preaccepted_appl,W_Complete_preaccepted_appl,A_ACCEPTED,A_FINALIZED,O_SELECTED,O_CREATED,O_SENT,W_Call_after_offer,O_SENT_BACK,W_Assess_application,O_ACCEPTED,A_APPROVED,A_REGISTERED,A_ACTIVATED,0,0,deviant
1311,379,A_SUBMITTED,A_PARTLYSUBMITTED,W_Assess_fraud,A_PREACCEPTED,W_Complete_preaccepted_appl,W_Complete_preaccepted_appl,W_Complete_preaccepted_appl,A_ACCEPTED,A_FINALIZED,O_SELECTED,O_CREATED,O_SENT,W_Call_after_offer,O_SENT_BACK,W_Assess_application,W_Call_missing_information,W_Call_missing_information,W_Call_missing_information,W_Call_missing_information,W_Call_missing_information,regular
1312,38,A_SUBMITTED,A_PARTLYSUBMITTED,W_Assess_fraud,A_PREACCEPTED,W_Complete_preaccepted_appl,W_Complete_preaccepted_appl,W_Complete_preaccepted_appl,W_Complete_preaccepted_appl,W_Complete_preaccepted_appl,W_Complete_preaccepted_appl,A_ACCEPTED,A_FINALIZED,O_SELECTED,O_CREATED,O_SENT,W_Call_after_offer,W_Call_after_offer,O_SELECTED,O_CREATED,O_SENT,deviant
1313,380,A_SUBMITTED,A_PARTLYSUBMITTED,W_Assess_fraud,A_PREACCEPTED,W_Complete_preaccepted_appl,A_ACCEPTED,A_FINALIZED,O_SELECTED,O_CREATED,O_SENT,W_Call_after_offer,O_SENT_BACK,W_Assess_application,W_Assess_application,W_Assess_application,W_Call_missing_information,O_SELECTED,O_CREATED,O_SENT,O_SELECTED,regular
1314,381,A_SUBMITTED,A_PARTLYSUBMITTED,W_Assess_fraud,A_PREACCEPTED,W_Complete_preaccepted_appl,W_Complete_preaccepted_appl,W_Complete_preaccepted_appl,A_DECLINED,0,0,0,0,0,0,0,0,0,0,0,0,deviant
1315,382,A_SUBMITTED,A_PARTLYSUBMITTED,W_Fix_incomplete_submission,A_PREACCEPTED,W_Complete_preaccepted_appl,W_Complete_preaccepted_appl,W_Complete_preaccepted_appl,W_Complete_preaccepted_appl,W_Complete_preaccepted_appl,W_Complete_preaccepted_appl,W_Complete_preaccepted_appl,W_Complete_preaccepted_appl,W_Complete_preaccepted_appl,A_ACCEPTED,A_FINALIZED,O_SELECTED,O_CREATED,O_SENT,O_SELECTED,O_CREATED,regular
1316,383,A_SUBMITTED,A_PARTLYSUBMITTED,W_Fix_incomplete_submission,W_Fix_incomplete_submission,A_PREACCEPTED,W_Complete_preaccepted_appl,W_Complete_preaccepted_appl,W_Complete_preaccepted_appl,W_Complete_preaccepted_appl,A_DECLINED,0,0,0,0,0,0,0,0,0,0,deviant
1317,384,A_SUBMITTED,A_PARTLYSUBMITTED,W_Assess_fraud,A_PREACCEPTED,W_Complete_preaccepted_appl,W_Complete_preaccepted_appl,W_Complete_preaccepted_appl,W_Complete_preaccepted_appl,W_Complete_preaccepted_appl,W_Complete_preaccepted_appl,W_Complete_preaccepted_appl,A_DECLINED,0,0,0,0,0,0,0,0,deviant
1318,385,A_SUBMITTED,A_PARTLYSUBMITTED,W_Assess_fraud,A_PREACCEPTED,W_Complete_preaccepted_appl,A_ACCEPTED,A_FINALIZED,O_SELECTED,O_CREATED,O_SENT,O_SELECTED,O_CREATED,O_SENT,W_Call_after_offer,O_SENT_BACK,W_Assess_application,O_ACCEPTED,A_APPROVED,A_REGISTERED,A_ACTIVATED,deviant
1319,386,A_SUBMITTED,A_PARTLYSUBMITTED,W_Assess_fraud,A_PREACCEPTED,W_Complete_preaccepted_appl,W_Complete_preaccepted_appl,W_Complete_preaccepted_appl,A_DECLINED,0,0,0,0,0,0,0,0,0,0,0,0,deviant
1320,387,A_SUBMITTED,A_PARTLYSUBMITTED,W_Fix_incomplete_submission,O_DECLINED,A_DECLINED,0,0,0,0,0,0,0,0,0,0,0,0,0,0,0,deviant
1321,388,A_SUBMITTED,A_PARTLYSUBMITTED,W_Assess_fraud,A_PREACCEPTED,W_Complete_preaccepted_appl,A_DECLINED,0,0,0,0,0,0,0,0,0,0,0,0,0,0,deviant
1322,389,A_SUBMITTED,A_PARTLYSUBMITTED,W_Assess_fraud,A_PREACCEPTED,W_Complete_preaccepted_appl,A_ACCEPTED,A_FINALIZED,O_SELECTED,O_CREATED,O_SENT,O_SELECTED,O_CREATED,O_SENT,O_SELECTED,O_CREATED,O_SENT,O_SELECTED,O_CREATED,O_SENT,W_Call_after_offer,deviant
1323,39,A_SUBMITTED,A_PARTLYSUBMITTED,W_Assess_fraud,A_PREACCEPTED,W_Complete_preaccepted_appl,A_ACCEPTED,A_FINALIZED,O_SELECTED,O_CREATED,O_SENT,W_Call_after_offer,W_Call_after_offer,W_Call_after_offer,W_Call_after_offer,O_SENT_BACK,W_Assess_application,W_Call_missing_information,O_SELECTED,O_CREATED,O_SENT,regular
1324,390,A_SUBMITTED,A_PARTLYSUBMITTED,W_Assess_fraud,A_PREACCEPTED,W_Complete_preaccepted_appl,W_Complete_preaccepted_appl,W_Complete_preaccepted_appl,W_Complete_preaccepted_appl,A_ACCEPTED,A_FINALIZED,O_SELECTED,O_CREATED,O_SENT,W_Call_after_offer,A_DECLINED,0,0,0,0,0,deviant
1325,391,A_SUBMITTED,A_PARTLYSUBMITTED,W_Assess_fraud,A_PREACCEPTED,W_Complete_preaccepted_appl,W_Complete_preaccepted_appl,A_ACCEPTED,A_FINALIZED,O_SELECTED,O_CREATED,O_SENT,W_Call_after_offer,O_SENT_BACK,W_Assess_application,W_Assess_application,W_Assess_application,O_CANCELLED,O_SELECTED,O_CREATED,O_SENT,regular
1326,392,A_SUBMITTED,A_PARTLYSUBMITTED,W_Assess_fraud,A_PREACCEPTED,W_Complete_preaccepted_appl,W_Complete_preaccepted_appl,A_ACCEPTED,A_FINALIZED,O_SELECTED,O_CREATED,O_SENT,W_Call_after_offer,W_Call_after_offer,O_SELECTED,O_CREATED,O_SENT,W_Call_after_offer,W_Call_after_offer,W_Call_after_offer,O_SENT_BACK,regular
1327,393,A_SUBMITTED,A_PARTLYSUBMITTED,W_Assess_fraud,A_PREACCEPTED,W_Complete_preaccepted_appl,W_Complete_preaccepted_appl,W_Complete_preaccepted_appl,A_ACCEPTED,A_FINALIZED,O_SELECTED,O_CREATED,O_SENT,W_Call_after_offer,W_Call_after_offer,O_SENT_BACK,W_Assess_application,W_Assess_application,W_Assess_application,A_DECLINED,0,deviant
1328,394,A_SUBMITTED,A_PARTLYSUBMITTED,W_Assess_fraud,A_PREACCEPTED,W_Complete_preaccepted_appl,A_DECLINED,0,0,0,0,0,0,0,0,0,0,0,0,0,0,deviant
1329,395,A_SUBMITTED,A_PARTLYSUBMITTED,W_Assess_fraud,A_PREACCEPTED,W_Complete_preaccepted_appl,W_Complete_preaccepted_appl,W_Complete_preaccepted_appl,W_Complete_preaccepted_appl,W_Complete_preaccepted_appl,W_Complete_preaccepted_appl,W_Complete_preaccepted_appl,W_Complete_preaccepted_appl,W_Complete_preaccepted_appl,W_Complete_preaccepted_appl,A_ACCEPTED,A_FINALIZED,O_SELECTED,O_CREATED,O_SENT,O_SELECTED,regular
1330,396,A_SUBMITTED,A_PARTLYSUBMITTED,W_Assess_fraud,O_DECLINED,A_DECLINED,0,0,0,0,0,0,0,0,0,0,0,0,0,0,0,deviant
1331,397,A_SUBMITTED,A_PARTLYSUBMITTED,W_Assess_fraud,A_PREACCEPTED,W_Complete_preaccepted_appl,W_Complete_preaccepted_appl,A_DECLINED,0,0,0,0,0,0,0,0,0,0,0,0,0,deviant
1332,398,A_SUBMITTED,A_PARTLYSUBMITTED,W_Assess_fraud,A_PREACCEPTED,W_Complete_preaccepted_appl,A_DECLINED,0,0,0,0,0,0,0,0,0,0,0,0,0,0,deviant
1333,399,A_SUBMITTED,A_PARTLYSUBMITTED,W_Assess_fraud,A_PREACCEPTED,W_Complete_preaccepted_appl,A_ACCEPTED,A_FINALIZED,O_SELECTED,O_CREATED,O_SENT,O_SELECTED,O_CREATED,O_SENT,W_Call_after_offer,O_SENT_BACK,W_Assess_application,W_Call_missing_information,W_Call_missing_information,W_Call_missing_information,O_ACCEPTED,regular
1334,4,A_SUBMITTED,A_PARTLYSUBMITTED,W_Assess_fraud,A_PREACCEPTED,W_Complete_preaccepted_appl,A_ACCEPTED,A_FINALIZED,O_SELECTED,O_CREATED,O_SENT,W_Call_after_offer,W_Call_after_offer,W_Call_after_offer,W_Call_after_offer,W_Call_after_offer,W_Call_after_offer,W_Call_after_offer,W_Call_after_offer,W_Call_after_offer,O_SENT_BACK,regular
1335,40,A_SUBMITTED,A_PARTLYSUBMITTED,W_Assess_fraud,A_PREACCEPTED,W_Complete_preaccepted_appl,W_Complete_preaccepted_appl,W_Complete_preaccepted_appl,W_Complete_preaccepted_appl,W_Complete_preaccepted_appl,A_CANCELLED,0,0,0,0,0,0,0,0,0,0,deviant
1336,400,A_SUBMITTED,A_PARTLYSUBMITTED,W_Fix_incomplete_submission,A_PREACCEPTED,W_Complete_preaccepted_appl,W_Complete_preaccepted_appl,W_Complete_preaccepted_appl,A_ACCEPTED,A_FINALIZED,O_SELECTED,O_CREATED,O_SENT,W_Call_after_offer,W_Call_after_offer,O_SELECTED,O_CREATED,O_SENT,W_Call_after_offer,W_Call_after_offer,A_DECLINED,deviant
1337,401,A_SUBMITTED,A_PARTLYSUBMITTED,W_Assess_fraud,A_PREACCEPTED,W_Complete_preaccepted_appl,W_Complete_preaccepted_appl,W_Complete_preaccepted_appl,W_Complete_preaccepted_appl,W_Complete_preaccepted_appl,W_Complete_preaccepted_appl,A_ACCEPTED,A_FINALIZED,O_SELECTED,O_CREATED,O_SENT,W_Call_after_offer,A_DECLINED,0,0,0,deviant
1338,402,A_SUBMITTED,A_PARTLYSUBMITTED,W_Fix_incomplete_submission,A_PREACCEPTED,W_Complete_preaccepted_appl,W_Complete_preaccepted_appl,A_ACCEPTED,A_FINALIZED,O_SELECTED,O_CREATED,O_SENT,O_SELECTED,O_CREATED,O_SENT,W_Call_after_offer,W_Call_after_offer,A_DECLINED,0,0,0,deviant
1339,403,A_SUBMITTED,A_PARTLYSUBMITTED,W_Fix_incomplete_submission,A_PREACCEPTED,W_Complete_preaccepted_appl,W_Complete_preaccepted_appl,W_Complete_preaccepted_appl,A_ACCEPTED,A_FINALIZED,O_SELECTED,O_CREATED,O_SENT,W_Call_after_offer,O_SELECTED,O_CREATED,O_SENT,W_Call_after_offer,W_Call_after_offer,W_Call_after_offer,0,deviant
1340,404,A_SUBMITTED,A_PARTLYSUBMITTED,W_Assess_fraud,A_PREACCEPTED,W_Complete_preaccepted_appl,W_Complete_preaccepted_appl,W_Complete_preaccepted_appl,A_DECLINED,0,0,0,0,0,0,0,0,0,0,0,0,deviant
1341,405,A_SUBMITTED,A_PARTLYSUBMITTED,W_Assess_fraud,A_PREACCEPTED,W_Complete_preaccepted_appl,A_ACCEPTED,A_FINALIZED,O_SELECTED,O_CREATED,O_SENT,O_SELECTED,O_CREATED,O_SENT,W_Call_after_offer,O_SENT_BACK,W_Assess_application,W_Assess_application,W_Call_missing_information,W_Call_missing_information,W_Call_missing_information,regular
1342,406,A_SUBMITTED,A_PARTLYSUBMITTED,W_Assess_fraud,A_PREACCEPTED,W_Complete_preaccepted_appl,A_ACCEPTED,A_FINALIZED,O_SELECTED,O_CREATED,O_SENT,W_Call_after_offer,W_Call_after_offer,W_Call_after_offer,O_SENT_BACK,W_Assess_application,W_Call_missing_information,W_Call_missing_information,W_Call_missing_information,W_Call_missing_information,W_Call_missing_information,regular
1343,407,A_SUBMITTED,A_PARTLYSUBMITTED,W_Fix_incomplete_submission,A_PREACCEPTED,W_Complete_preaccepted_appl,W_Complete_preaccepted_appl,W_Complete_preaccepted_appl,W_Complete_preaccepted_appl,W_Complete_preaccepted_appl,W_Complete_preaccepted_appl,W_Complete_preaccepted_appl,W_Complete_preaccepted_appl,A_DECLINED,0,0,0,0,0,0,0,deviant
1344,408,A_SUBMITTED,A_PARTLYSUBMITTED,W_Assess_fraud,A_PREACCEPTED,W_Complete_preaccepted_appl,A_ACCEPTED,A_FINALIZED,O_SELECTED,O_CREATED,O_SENT,W_Call_after_offer,W_Call_after_offer,W_Call_after_offer,W_Call_after_offer,W_Call_after_offer,O_SENT_BACK,W_Assess_application,O_SELECTED,O_CREATED,O_SENT,deviant
1345,409,A_SUBMITTED,A_PARTLYSUBMITTED,W_Assess_fraud,A_PREACCEPTED,W_Complete_preaccepted_appl,W_Complete_preaccepted_appl,W_Complete_preaccepted_appl,W_Complete_preaccepted_appl,W_Complete_preaccepted_appl,A_DECLINED,0,0,0,0,0,0,0,0,0,0,deviant
1346,41,A_SUBMITTED,A_PARTLYSUBMITTED,W_Assess_fraud,A_PREACCEPTED,W_Complete_preaccepted_appl,W_Complete_preaccepted_appl,W_Complete_preaccepted_appl,W_Complete_preaccepted_appl,A_DECLINED,0,0,0,0,0,0,0,0,0,0,0,deviant
1347,410,A_SUBMITTED,A_PARTLYSUBMITTED,W_Assess_fraud,A_PREACCEPTED,W_Complete_preaccepted_appl,W_Complete_preaccepted_appl,W_Complete_preaccepted_appl,W_Complete_preaccepted_appl,W_Complete_preaccepted_appl,W_Complete_preaccepted_appl,W_Complete_preaccepted_appl,W_Complete_preaccepted_appl,W_Complete_preaccepted_appl,W_Complete_preaccepted_appl,W_Complete_preaccepted_appl,A_ACCEPTED,A_FINALIZED,O_SELECTED,O_CREATED,O_SENT,deviant
1348,411,A_SUBMITTED,A_PARTLYSUBMITTED,W_Fix_incomplete_submission,W_Fix_incomplete_submission,A_PREACCEPTED,W_Complete_preaccepted_appl,W_Complete_preaccepted_appl,W_Complete_preaccepted_appl,W_Complete_preaccepted_appl,A_ACCEPTED,A_FINALIZED,O_SELECTED,O_CREATED,O_SENT,W_Call_after_offer,W_Call_after_offer,W_Call_after_offer,O_SENT_BACK,W_Assess_application,W_Assess_application,regular
1349,412,A_SUBMITTED,A_PARTLYSUBMITTED,W_Fix_incomplete_submission,A_PREACCEPTED,W_Complete_preaccepted_appl,W_Complete_preaccepted_appl,A_ACCEPTED,A_FINALIZED,O_SELECTED,O_CREATED,O_SENT,W_Call_after_offer,W_Call_after_offer,W_Call_after_offer,W_Call_after_offer,W_Call_after_offer,O_SENT_BACK,W_Assess_application,W_Assess_application,W_Call_missing_information,regular
1350,413,A_SUBMITTED,A_PARTLYSUBMITTED,W_Assess_fraud,A_PREACCEPTED,W_Complete_preaccepted_appl,A_ACCEPTED,A_FINALIZED,O_SELECTED,O_CREATED,O_SENT,W_Call_after_offer,W_Call_after_offer,A_DECLINED,0,0,0,0,0,0,0,deviant
1351,414,A_SUBMITTED,A_PARTLYSUBMITTED,W_Assess_fraud,A_PREACCEPTED,W_Complete_preaccepted_appl,W_Complete_preaccepted_appl,W_Complete_preaccepted_appl,W_Complete_preaccepted_appl,W_Complete_preaccepted_appl,A_CANCELLED,0,0,0,0,0,0,0,0,0,0,deviant
1352,415,A_SUBMITTED,A_PARTLYSUBMITTED,W_Assess_fraud,A_PREACCEPTED,W_Complete_preaccepted_appl,W_Complete_preaccepted_appl,W_Complete_preaccepted_appl,A_CANCELLED,0,0,0,0,0,0,0,0,0,0,0,0,deviant
1353,416,A_SUBMITTED,A_PARTLYSUBMITTED,W_Assess_fraud,A_PREACCEPTED,W_Complete_preaccepted_appl,W_Complete_preaccepted_appl,A_ACCEPTED,A_FINALIZED,O_SELECTED,O_CREATED,O_SENT,W_Call_after_offer,W_Call_after_offer,O_SENT_BACK,W_Assess_application,W_Call_missing_information,W_Call_missing_information,W_Call_missing_information,W_Call_missing_information,W_Call_missing_information,regular
1354,417,A_SUBMITTED,A_PARTLYSUBMITTED,W_Fix_incomplete_submission,A_PREACCEPTED,W_Complete_preaccepted_appl,A_ACCEPTED,A_FINALIZED,O_SELECTED,O_CREATED,O_SENT,W_Call_after_offer,W_Call_after_offer,W_Call_after_offer,A_DECLINED,0,0,0,0,0,0,deviant
1355,418,A_SUBMITTED,A_PARTLYSUBMITTED,W_Assess_fraud,A_PREACCEPTED,W_Complete_preaccepted_appl,W_Complete_preaccepted_appl,A_ACCEPTED,A_FINALIZED,O_SELECTED,O_CREATED,O_SENT,O_SELECTED,O_CREATED,O_SENT,W_Call_after_offer,W_Call_after_offer,W_Call_after_offer,O_SELECTED,O_CREATED,O_SENT,deviant
1356,419,A_SUBMITTED,A_PARTLYSUBMITTED,W_Fix_incomplete_submission,A_PREACCEPTED,W_Complete_preaccepted_appl,W_Complete_preaccepted_appl,W_Complete_preaccepted_appl,W_Complete_preaccepted_appl,A_ACCEPTED,A_FINALIZED,O_SELECTED,O_CREATED,O_SENT,O_SELECTED,O_CREATED,O_SENT,W_Call_after_offer,W_Call_after_offer,O_SENT_BACK,W_Assess_application,regular
1357,42,A_SUBMITTED,A_PARTLYSUBMITTED,W_Assess_fraud,A_PREACCEPTED,W_Complete_preaccepted_appl,A_ACCEPTED,A_FINALIZED,O_SELECTED,O_CREATED,O_SENT,W_Call_after_offer,W_Call_after_offer,W_Call_after_offer,W_Call_after_offer,W_Call_after_offer,W_Call_after_offer,A_DECLINED,0,0,0,deviant
1358,420,A_SUBMITTED,A_PARTLYSUBMITTED,W_Assess_fraud,A_PREACCEPTED,W_Complete_preaccepted_appl,W_Complete_preaccepted_appl,W_Complete_preaccepted_appl,W_Complete_preaccepted_appl,W_Complete_preaccepted_appl,W_Complete_preaccepted_appl,A_ACCEPTED,A_FINALIZED,O_SELECTED,O_CREATED,O_SENT,O_SELECTED,O_CREATED,O_SENT,W_Call_after_offer,W_Call_after_offer,deviant
1359,421,A_SUBMITTED,A_PARTLYSUBMITTED,W_Assess_fraud,A_PREACCEPTED,W_Complete_preaccepted_appl,W_Complete_preaccepted_appl,W_Complete_preaccepted_appl,W_Complete_preaccepted_appl,W_Complete_preaccepted_appl,W_Complete_preaccepted_appl,W_Complete_preaccepted_appl,W_Complete_preaccepted_appl,W_Complete_preaccepted_appl,W_Complete_preaccepted_appl,W_Complete_preaccepted_appl,W_Complete_preaccepted_appl,W_Complete_preaccepted_appl,W_Complete_preaccepted_appl,W_Complete_preaccepted_appl,W_Complete_preaccepted_appl,regular
1360,422,A_SUBMITTED,A_PARTLYSUBMITTED,W_Assess_fraud,A_PREACCEPTED,W_Complete_preaccepted_appl,W_Complete_preaccepted_appl,W_Complete_preaccepted_appl,A_ACCEPTED,A_FINALIZED,O_SELECTED,O_CREATED,O_SENT,W_Call_after_offer,W_Call_after_offer,A_DECLINED,0,0,0,0,0,deviant
1361,423,A_SUBMITTED,A_PARTLYSUBMITTED,W_Assess_fraud,A_PREACCEPTED,W_Complete_preaccepted_appl,W_Complete_preaccepted_appl,W_Complete_preaccepted_appl,W_Complete_preaccepted_appl,W_Complete_preaccepted_appl,A_ACCEPTED,A_FINALIZED,O_SELECTED,O_CREATED,O_SENT,W_Call_after_offer,W_Call_after_offer,W_Call_after_offer,W_Call_after_offer,O_SENT_BACK,W_Assess_application,regular
1362,424,A_SUBMITTED,A_PARTLYSUBMITTED,W_Assess_fraud,A_PREACCEPTED,W_Complete_preaccepted_appl,A_DECLINED,0,0,0,0,0,0,0,0,0,0,0,0,0,0,deviant
1363,425,A_SUBMITTED,A_PARTLYSUBMITTED,W_Assess_fraud,A_PREACCEPTED,W_Complete_preaccepted_appl,A_DECLINED,0,0,0,0,0,0,0,0,0,0,0,0,0,0,deviant
1364,426,A_SUBMITTED,A_PARTLYSUBMITTED,W_Assess_fraud,O_DECLINED,A_DECLINED,0,0,0,0,0,0,0,0,0,0,0,0,0,0,0,deviant
1365,427,A_SUBMITTED,A_PARTLYSUBMITTED,W_Fix_incomplete_submission,O_DECLINED,A_DECLINED,0,0,0,0,0,0,0,0,0,0,0,0,0,0,0,deviant
1366,428,A_SUBMITTED,A_PARTLYSUBMITTED,W_Assess_fraud,A_PREACCEPTED,W_Complete_preaccepted_appl,W_Complete_preaccepted_appl,W_Complete_preaccepted_appl,W_Complete_preaccepted_appl,W_Complete_preaccepted_appl,W_Complete_preaccepted_appl,W_Complete_preaccepted_appl,W_Complete_preaccepted_appl,W_Complete_preaccepted_appl,A_ACCEPTED,A_FINALIZED,O_SELECTED,O_CREATED,O_SENT,W_Call_after_offer,A_DECLINED,deviant
1367,429,A_SUBMITTED,A_PARTLYSUBMITTED,W_Fix_incomplete_submission,A_PREACCEPTED,W_Complete_preaccepted_appl,W_Complete_preaccepted_appl,W_Complete_preaccepted_appl,A_ACCEPTED,A_FINALIZED,O_SELECTED,O_CREATED,O_SENT,W_Call_after_offer,O_SENT_BACK,W_Assess_application,W_Call_missing_information,W_Call_missing_information,W_Call_missing_information,W_Call_missing_information,W_Call_missing_information,regular
1368,43,A_SUBMITTED,A_PARTLYSUBMITTED,W_Assess_fraud,A_PREACCEPTED,W_Complete_preaccepted_appl,W_Complete_preaccepted_appl,W_Complete_preaccepted_appl,W_Complete_preaccepted_appl,W_Complete_preaccepted_appl,W_Complete_preaccepted_appl,A_ACCEPTED,A_FINALIZED,O_SELECTED,O_CREATED,O_SENT,W_Call_after_offer,A_DECLINED,0,0,0,deviant
1369,430,A_SUBMITTED,A_PARTLYSUBMITTED,W_Assess_fraud,A_PREACCEPTED,W_Complete_preaccepted_appl,A_DECLINED,0,0,0,0,0,0,0,0,0,0,0,0,0,0,deviant
1370,431,A_SUBMITTED,A_PARTLYSUBMITTED,W_Fix_incomplete_submission,A_PREACCEPTED,W_Complete_preaccepted_appl,A_DECLINED,0,0,0,0,0,0,0,0,0,0,0,0,0,0,deviant
1371,432,A_SUBMITTED,A_PARTLYSUBMITTED,W_Fix_incomplete_submission,A_PREACCEPTED,W_Complete_preaccepted_appl,A_ACCEPTED,A_FINALIZED,O_SELECTED,O_CREATED,O_SENT,W_Call_after_offer,O_SENT_BACK,W_Assess_application,W_Assess_application,W_Assess_application,O_CANCELLED,O_SELECTED,O_CREATED,O_SENT,O_SENT_BACK,deviant
1372,433,A_SUBMITTED,A_PARTLYSUBMITTED,W_Assess_fraud,A_PREACCEPTED,W_Complete_preaccepted_appl,W_Complete_preaccepted_appl,W_Complete_preaccepted_appl,A_DECLINED,0,0,0,0,0,0,0,0,0,0,0,0,deviant
1373,434,A_SUBMITTED,A_PARTLYSUBMITTED,W_Assess_fraud,A_PREACCEPTED,W_Complete_preaccepted_appl,W_Complete_preaccepted_appl,W_Complete_preaccepted_appl,A_DECLINED,0,0,0,0,0,0,0,0,0,0,0,0,deviant
1374,435,A_SUBMITTED,A_PARTLYSUBMITTED,W_Assess_fraud,A_PREACCEPTED,W_Complete_preaccepted_appl,W_Complete_preaccepted_appl,W_Complete_preaccepted_appl,W_Complete_preaccepted_appl,W_Complete_preaccepted_appl,W_Complete_preaccepted_appl,W_Complete_preaccepted_appl,W_Complete_preaccepted_appl,A_ACCEPTED,A_FINALIZED,O_SELECTED,O_CREATED,O_SENT,W_Call_after_offer,W_Call_after_offer,A_DECLINED,deviant
1375,436,A_SUBMITTED,A_PARTLYSUBMITTED,A_PREACCEPTED,W_Complete_preaccepted_appl,W_Complete_preaccepted_appl,W_Complete_preaccepted_appl,W_Complete_preaccepted_appl,W_Complete_preaccepted_appl,A_DECLINED,0,0,0,0,0,0,0,0,0,0,0,deviant
1376,437,A_SUBMITTED,A_PARTLYSUBMITTED,W_Fix_incomplete_submission,A_PREACCEPTED,W_Complete_preaccepted_appl,A_DECLINED,0,0,0,0,0,0,0,0,0,0,0,0,0,0,deviant
1377,438,A_SUBMITTED,A_PARTLYSUBMITTED,W_Assess_fraud,A_PREACCEPTED,W_Complete_preaccepted_appl,W_Complete_preaccepted_appl,W_Complete_preaccepted_appl,W_Complete_preaccepted_appl,W_Complete_preaccepted_appl,W_Complete_preaccepted_appl,A_ACCEPTED,A_FINALIZED,O_SELECTED,O_CREATED,O_SENT,O_SENT_BACK,W_Assess_application,W_Assess_application,W_Assess_application,W_Call_missing_information,deviant
1378,439,A_SUBMITTED,A_PARTLYSUBMITTED,W_Assess_fraud,A_PREACCEPTED,W_Complete_preaccepted_appl,W_Complete_preaccepted_appl,W_Complete_preaccepted_appl,W_Complete_preaccepted_appl,W_Complete_preaccepted_appl,W_Complete_preaccepted_appl,W_Complete_preaccepted_appl,W_Complete_preaccepted_appl,A_DECLINED,0,0,0,0,0,0,0,deviant
1379,44,A_SUBMITTED,A_PARTLYSUBMITTED,W_Assess_fraud,A_PREACCEPTED,W_Complete_preaccepted_appl,A_ACCEPTED,A_FINALIZED,O_SELECTED,O_CREATED,O_SENT,W_Call_after_offer,O_SENT_BACK,W_Assess_application,W_Assess_application,W_Call_missing_information,W_Call_missing_information,O_ACCEPTED,A_APPROVED,A_REGISTERED,A_ACTIVATED,regular
1380,440,A_SUBMITTED,A_PARTLYSUBMITTED,W_Assess_fraud,A_PREACCEPTED,W_Complete_preaccepted_appl,W_Complete_preaccepted_appl,W_Complete_preaccepted_appl,W_Complete_preaccepted_appl,W_Complete_preaccepted_appl,W_Complete_preaccepted_appl,W_Complete_preaccepted_appl,W_Complete_preaccepted_appl,W_Complete_preaccepted_appl,W_Complete_preaccepted_appl,W_Complete_preaccepted_appl,A_ACCEPTED,A_FINALIZED,O_SELECTED,O_CREATED,O_SENT,regular
1381,441,A_SUBMITTED,A_PARTLYSUBMITTED,W_Assess_fraud,A_PREACCEPTED,W_Complete_preaccepted_appl,W_Complete_preaccepted_appl,A_ACCEPTED,A_FINALIZED,O_SELECTED,O_CREATED,O_SENT,W_Call_after_offer,W_Call_after_offer,W_Call_after_offer,W_Call_after_offer,O_SENT_BACK,W_Assess_application,W_Assess_application,W_Assess_application,W_Assess_application,regular
1382,442,A_SUBMITTED,A_PARTLYSUBMITTED,W_Assess_fraud,A_PREACCEPTED,W_Complete_preaccepted_appl,W_Complete_preaccepted_appl,A_DECLINED,0,0,0,0,0,0,0,0,0,0,0,0,0,deviant
1383,443,A_SUBMITTED,A_PARTLYSUBMITTED,W_Fix_incomplete_submission,W_Fix_incomplete_submission,W_Fix_incomplete_submission,A_PREACCEPTED,W_Complete_preaccepted_appl,A_ACCEPTED,A_FINALIZED,O_SELECTED,O_CREATED,O_SENT,W_Call_after_offer,O_SENT_BACK,W_Assess_application,W_Call_missing_information,W_Call_missing_information,O_CANCELLED,O_SELECTED,O_CREATED,regular
1384,444,A_SUBMITTED,A_PARTLYSUBMITTED,W_Assess_fraud,A_PREACCEPTED,W_Complete_preaccepted_appl,A_DECLINED,0,0,0,0,0,0,0,0,0,0,0,0,0,0,deviant
1385,445,A_SUBMITTED,A_PARTLYSUBMITTED,W_Fix_incomplete_submission,A_PREACCEPTED,W_Complete_preaccepted_appl,W_Complete_preaccepted_appl,W_Complete_preaccepted_appl,W_Complete_preaccepted_appl,A_CANCELLED,0,0,0,0,0,0,0,0,0,0,0,deviant
1386,446,A_SUBMITTED,A_PARTLYSUBMITTED,W_Assess_fraud,A_PREACCEPTED,W_Complete_preaccepted_appl,W_Complete_preaccepted_appl,W_Complete_preaccepted_appl,W_Complete_preaccepted_appl,A_CANCELLED,0,0,0,0,0,0,0,0,0,0,0,deviant
1387,447,A_SUBMITTED,A_PARTLYSUBMITTED,W_Fix_incomplete_submission,A_PREACCEPTED,W_Complete_preaccepted_appl,W_Complete_preaccepted_appl,A_ACCEPTED,A_FINALIZED,O_SELECTED,O_CREATED,O_SENT,W_Call_after_offer,W_Call_after_offer,W_Call_after_offer,W_Call_after_offer,W_Call_after_offer,W_Call_after_offer,W_Call_after_offer,O_SENT_BACK,W_Assess_application,deviant
1388,448,A_SUBMITTED,A_PARTLYSUBMITTED,W_Assess_fraud,A_PREACCEPTED,W_Complete_preaccepted_appl,A_ACCEPTED,A_FINALIZED,O_SELECTED,O_CREATED,O_SENT,O_SELECTED,O_CREATED,O_SENT,O_SELECTED,O_CREATED,O_SENT,O_SELECTED,O_CREATED,O_SENT,O_SELECTED,regular
1389,449,A_SUBMITTED,A_PARTLYSUBMITTED,W_Assess_fraud,A_PREACCEPTED,W_Complete_preaccepted_appl,W_Complete_preaccepted_appl,W_Complete_preaccepted_appl,W_Complete_preaccepted_appl,W_Complete_preaccepted_appl,W_Complete_preaccepted_appl,A_ACCEPTED,A_FINALIZED,O_SELECTED,O_CREATED,O_SENT,O_SELECTED,O_CREATED,O_SENT,W_Call_after_offer,W_Call_after_offer,regular
1390,45,A_SUBMITTED,A_PARTLYSUBMITTED,W_Fix_incomplete_submission,A_PREACCEPTED,W_Complete_preaccepted_appl,A_ACCEPTED,A_FINALIZED,O_SELECTED,O_CREATED,O_SENT,W_Call_after_offer,O_SELECTED,O_CREATED,O_SENT,W_Call_after_offer,W_Call_after_offer,O_SENT_BACK,W_Assess_application,W_Assess_application,W_Call_missing_information,regular
1391,450,A_SUBMITTED,A_PARTLYSUBMITTED,W_Assess_fraud,A_PREACCEPTED,W_Complete_preaccepted_appl,W_Complete_preaccepted_appl,A_DECLINED,0,0,0,0,0,0,0,0,0,0,0,0,0,deviant
1392,451,A_SUBMITTED,A_PARTLYSUBMITTED,W_Assess_fraud,A_PREACCEPTED,W_Complete_preaccepted_appl,W_Complete_preaccepted_appl,A_ACCEPTED,A_FINALIZED,O_SELECTED,O_CREATED,O_SENT,W_Call_after_offer,O_SENT_BACK,W_Assess_application,0,0,0,0,0,0,deviant
1393,452,A_SUBMITTED,A_PARTLYSUBMITTED,W_Assess_fraud,A_PREACCEPTED,W_Complete_preaccepted_appl,W_Complete_preaccepted_appl,W_Complete_preaccepted_appl,W_Complete_preaccepted_appl,W_Complete_preaccepted_appl,W_Complete_preaccepted_appl,W_Complete_preaccepted_appl,W_Complete_preaccepted_appl,W_Complete_preaccepted_appl,W_Complete_preaccepted_appl,W_Complete_preaccepted_appl,W_Complete_preaccepted_appl,W_Complete_preaccepted_appl,W_Complete_preaccepted_appl,A_ACCEPTED,A_FINALIZED,deviant
1394,453,A_SUBMITTED,A_PARTLYSUBMITTED,W_Assess_fraud,A_PREACCEPTED,W_Complete_preaccepted_appl,W_Complete_preaccepted_appl,A_ACCEPTED,A_FINALIZED,O_SELECTED,O_CREATED,O_SENT,W_Call_after_offer,W_Call_after_offer,O_SENT_BACK,W_Assess_application,W_Call_missing_information,W_Call_missing_information,W_Call_missing_information,W_Call_missing_information,W_Call_missing_information,regular
1395,454,A_SUBMITTED,A_PARTLYSUBMITTED,W_Assess_fraud,A_PREACCEPTED,W_Complete_preaccepted_appl,A_ACCEPTED,A_FINALIZED,O_SELECTED,O_CREATED,O_SENT,O_SELECTED,O_CREATED,O_SENT,W_Call_after_offer,W_Call_after_offer,W_Call_after_offer,O_SENT_BACK,W_Assess_application,W_Assess_application,W_Assess_application,regular
1396,455,A_SUBMITTED,A_PARTLYSUBMITTED,W_Fix_incomplete_submission,A_PREACCEPTED,W_Complete_preaccepted_appl,W_Complete_preaccepted_appl,W_Complete_preaccepted_appl,A_ACCEPTED,A_FINALIZED,O_SELECTED,O_CREATED,O_SENT,W_Call_after_offer,W_Call_after_offer,W_Call_after_offer,W_Call_after_offer,W_Call_after_offer,O_SENT_BACK,W_Assess_application,W_Call_missing_information,regular
1397,456,A_SUBMITTED,A_PARTLYSUBMITTED,W_Assess_fraud,A_PREACCEPTED,W_Complete_preaccepted_appl,W_Complete_preaccepted_appl,W_Complete_preaccepted_appl,W_Complete_preaccepted_appl,W_Complete_preaccepted_appl,W_Complete_preaccepted_appl,W_Complete_preaccepted_appl,W_Complete_preaccepted_appl,W_Complete_preaccepted_appl,W_Complete_preaccepted_appl,A_ACCEPTED,A_FINALIZED,O_SELECTED,O_CREATED,O_SENT,W_Call_after_offer,regular
1398,457,A_SUBMITTED,A_PARTLYSUBMITTED,W_Assess_fraud,O_DECLINED,A_DECLINED,0,0,0,0,0,0,0,0,0,0,0,0,0,0,0,deviant
1399,458,A_SUBMITTED,A_PARTLYSUBMITTED,W_Fix_incomplete_submission,A_PREACCEPTED,W_Complete_preaccepted_appl,W_Complete_preaccepted_appl,W_Complete_preaccepted_appl,W_Complete_preaccepted_appl,W_Complete_preaccepted_appl,A_ACCEPTED,A_FINALIZED,O_SELECTED,O_CREATED,O_SENT,W_Call_after_offer,A_DECLINED,0,0,0,0,deviant
